<?xml version="1.0" encoding="UTF-8"?>
<gpx xmlns="http://www.topografix.com/GPX/1/1" xmlns:xsi="http://www.w3.org/2001/XMLSchema-instance" xsi:schemaLocation="http://www.topografix.com/GPX/1/1 http://www.topografix.com/GPX/1/1/gpx.xsd" version="1.1" creator="gpx.py -- https://github.com/tkrajina/gpxpy">
  <wpt lat="20.2656934" lon="85.8431363">
    <name>Bhubaneswar</name>
  </wpt>
  <wpt lat="19.2983145" lon="84.7990938">
    <name>Brahmapur</name>
  </wpt>
  <wpt lat="18.7567994" lon="84.4222608">
    <name>Palasa</name>
  </wpt>
  <wpt lat="18.1122055" lon="83.3962584">
    <name>Vizianagaram Junction</name>
  </wpt>
  <wpt lat="17.7212425" lon="83.2900966">
    <name>Visakhapatnam</name>
  </wpt>
  <wpt lat="16.9833998" lon="81.7848957">
    <name>Rajahmundry</name>
  </wpt>
  <wpt lat="16.5182178" lon="80.618954">
    <name>Vijayawada Junction</name>
  </wpt>
  <wpt lat="15.4957977" lon="80.0559517">
    <name>Ongole</name>
  </wpt>
  <wpt lat="14.4477357" lon="79.9851939">
    <name>Nellore</name>
  </wpt>
  <wpt lat="14.1453154" lon="79.8446464">
    <name>Gudur Junction</name>
  </wpt>
  <wpt lat="13.0835264" lon="80.2755696">
    <name>Chennai Central</name>
  </wpt>
  <trk>
    <name>Bhubaneswar - Chennai (Vies regionals)</name>
    <trkseg>
      <trkpt lat="20.2656934" lon="85.8431363">
      </trkpt>
      <trkpt lat="20.2630497" lon="85.841102">
      </trkpt>
      <trkpt lat="20.2625777" lon="85.8407668">
      </trkpt>
      <trkpt lat="20.2624413" lon="85.8406696">
      </trkpt>
      <trkpt lat="20.2622426" lon="85.8405204">
      </trkpt>
      <trkpt lat="20.261686" lon="85.8401373">
      </trkpt>
      <trkpt lat="20.2614028" lon="85.8399376">
      </trkpt>
      <trkpt lat="20.2611513" lon="85.8397578">
      </trkpt>
      <trkpt lat="20.2601207" lon="85.8390191">
      </trkpt>
      <trkpt lat="20.2584604" lon="85.8377466">
      </trkpt>
      <trkpt lat="20.2574781" lon="85.8369625">
      </trkpt>
      <trkpt lat="20.255745" lon="85.8356182">
      </trkpt>
      <trkpt lat="20.2539787" lon="85.834231">
      </trkpt>
      <trkpt lat="20.253705" lon="85.8340062">
      </trkpt>
      <trkpt lat="20.2533525" lon="85.8337515">
      </trkpt>
      <trkpt lat="20.2521746" lon="85.8327818">
      </trkpt>
      <trkpt lat="20.2507616" lon="85.831568">
      </trkpt>
      <trkpt lat="20.2499603" lon="85.8309244">
      </trkpt>
      <trkpt lat="20.2491053" lon="85.8303151">
      </trkpt>
      <trkpt lat="20.2482034" lon="85.8297114">
      </trkpt>
      <trkpt lat="20.246475" lon="85.828392">
      </trkpt>
      <trkpt lat="20.2448854" lon="85.8271633">
      </trkpt>
      <trkpt lat="20.2442799" lon="85.8266944">
      </trkpt>
      <trkpt lat="20.2431513" lon="85.8258172">
      </trkpt>
      <trkpt lat="20.2416408" lon="85.8246395">
      </trkpt>
      <trkpt lat="20.2406575" lon="85.8238747">
      </trkpt>
      <trkpt lat="20.23999" lon="85.823297">
      </trkpt>
      <trkpt lat="20.2395252" lon="85.8228877">
      </trkpt>
      <trkpt lat="20.2390831" lon="85.8224523">
      </trkpt>
      <trkpt lat="20.2386454" lon="85.821957">
      </trkpt>
      <trkpt lat="20.2382225" lon="85.821451">
      </trkpt>
      <trkpt lat="20.237532" lon="85.8205423">
      </trkpt>
      <trkpt lat="20.2370572" lon="85.8198485">
      </trkpt>
      <trkpt lat="20.2366718" lon="85.8192091">
      </trkpt>
      <trkpt lat="20.236356" lon="85.8186164">
      </trkpt>
      <trkpt lat="20.2359402" lon="85.8177704">
      </trkpt>
      <trkpt lat="20.2357652" lon="85.8173652">
      </trkpt>
      <trkpt lat="20.235616" lon="85.8170194">
      </trkpt>
      <trkpt lat="20.2354301" lon="85.8165298">
      </trkpt>
      <trkpt lat="20.235185" lon="85.8157895">
      </trkpt>
      <trkpt lat="20.2347185" lon="85.8144129">
      </trkpt>
      <trkpt lat="20.2344127" lon="85.8135203">
      </trkpt>
      <trkpt lat="20.2339075" lon="85.8120136">
      </trkpt>
      <trkpt lat="20.2332555" lon="85.8100573">
      </trkpt>
      <trkpt lat="20.2325523" lon="85.8080437">
      </trkpt>
      <trkpt lat="20.2316052" lon="85.8052547">
      </trkpt>
      <trkpt lat="20.2315446" lon="85.805077">
      </trkpt>
      <trkpt lat="20.2310869" lon="85.8037361">
      </trkpt>
      <trkpt lat="20.2304283" lon="85.8017861">
      </trkpt>
      <trkpt lat="20.2297298" lon="85.7997252">
      </trkpt>
      <trkpt lat="20.229431" lon="85.7989366">
      </trkpt>
      <trkpt lat="20.2291712" lon="85.79832">
      </trkpt>
      <trkpt lat="20.2288808" lon="85.7977266">
      </trkpt>
      <trkpt lat="20.2285942" lon="85.7971583">
      </trkpt>
      <trkpt lat="20.2283155" lon="85.796681">
      </trkpt>
      <trkpt lat="20.2276429" lon="85.7956303">
      </trkpt>
      <trkpt lat="20.2273066" lon="85.7951741">
      </trkpt>
      <trkpt lat="20.2268831" lon="85.794632">
      </trkpt>
      <trkpt lat="20.2258003" lon="85.7933116">
      </trkpt>
      <trkpt lat="20.2240682" lon="85.7911621">
      </trkpt>
      <trkpt lat="20.2240471" lon="85.7911361">
      </trkpt>
      <trkpt lat="20.2227622" lon="85.7895514">
      </trkpt>
      <trkpt lat="20.2210329" lon="85.787413">
      </trkpt>
      <trkpt lat="20.2193621" lon="85.7852875">
      </trkpt>
      <trkpt lat="20.2177614" lon="85.7832979">
      </trkpt>
      <trkpt lat="20.2162353" lon="85.7814111">
      </trkpt>
      <trkpt lat="20.2150461" lon="85.7798801">
      </trkpt>
      <trkpt lat="20.2137376" lon="85.7783159">
      </trkpt>
      <trkpt lat="20.2121257" lon="85.7763324">
      </trkpt>
      <trkpt lat="20.2104628" lon="85.7742905">
      </trkpt>
      <trkpt lat="20.2088987" lon="85.7723517">
      </trkpt>
      <trkpt lat="20.2076915" lon="85.770851">
      </trkpt>
      <trkpt lat="20.2062594" lon="85.7690909">
      </trkpt>
      <trkpt lat="20.204671" lon="85.7671862">
      </trkpt>
      <trkpt lat="20.2037923" lon="85.7661686">
      </trkpt>
      <trkpt lat="20.2027291" lon="85.7648497">
      </trkpt>
      <trkpt lat="20.2010097" lon="85.7627089">
      </trkpt>
      <trkpt lat="20.1972544" lon="85.7580885">
      </trkpt>
      <trkpt lat="20.1969385" lon="85.7576998">
      </trkpt>
      <trkpt lat="20.1962531" lon="85.7568624">
      </trkpt>
      <trkpt lat="20.1949109" lon="85.7552027">
      </trkpt>
      <trkpt lat="20.1947597" lon="85.7550158">
      </trkpt>
      <trkpt lat="20.1945298" lon="85.7547315">
      </trkpt>
      <trkpt lat="20.1928257" lon="85.7526244">
      </trkpt>
      <trkpt lat="20.1912437" lon="85.75064">
      </trkpt>
      <trkpt lat="20.1888826" lon="85.7477953">
      </trkpt>
      <trkpt lat="20.1875092" lon="85.7460598">
      </trkpt>
      <trkpt lat="20.1858867" lon="85.7440863">
      </trkpt>
      <trkpt lat="20.1840749" lon="85.7418371">
      </trkpt>
      <trkpt lat="20.1838183" lon="85.7415144">
      </trkpt>
      <trkpt lat="20.1832058" lon="85.7407539">
      </trkpt>
      <trkpt lat="20.1824807" lon="85.7398733">
      </trkpt>
      <trkpt lat="20.180401" lon="85.7372895">
      </trkpt>
      <trkpt lat="20.1786644" lon="85.7351432">
      </trkpt>
      <trkpt lat="20.1771203" lon="85.7332349">
      </trkpt>
      <trkpt lat="20.1756559" lon="85.7314369">
      </trkpt>
      <trkpt lat="20.1744126" lon="85.7299095">
      </trkpt>
      <trkpt lat="20.17438" lon="85.72987">
      </trkpt>
      <trkpt lat="20.1735643" lon="85.7288629">
      </trkpt>
      <trkpt lat="20.1729261" lon="85.7280838">
      </trkpt>
      <trkpt lat="20.1720143" lon="85.7269775">
      </trkpt>
      <trkpt lat="20.1715833" lon="85.7264803">
      </trkpt>
      <trkpt lat="20.1710269" lon="85.7258878">
      </trkpt>
      <trkpt lat="20.1703227" lon="85.725203">
      </trkpt>
      <trkpt lat="20.1684324" lon="85.7233623">
      </trkpt>
      <trkpt lat="20.1673552" lon="85.7223176">
      </trkpt>
      <trkpt lat="20.1669126" lon="85.7218883">
      </trkpt>
      <trkpt lat="20.1654263" lon="85.7204467">
      </trkpt>
      <trkpt lat="20.1649786" lon="85.7200094">
      </trkpt>
      <trkpt lat="20.1648586" lon="85.7198835">
      </trkpt>
      <trkpt lat="20.1645339" lon="85.7195429">
      </trkpt>
      <trkpt lat="20.1630883" lon="85.7180209">
      </trkpt>
      <trkpt lat="20.1590486" lon="85.71393">
      </trkpt>
      <trkpt lat="20.1582864" lon="85.7132151">
      </trkpt>
      <trkpt lat="20.1570752" lon="85.7122336">
      </trkpt>
      <trkpt lat="20.1560868" lon="85.7112549">
      </trkpt>
      <trkpt lat="20.1556736" lon="85.7108636">
      </trkpt>
      <trkpt lat="20.1554451" lon="85.7106473">
      </trkpt>
      <trkpt lat="20.1551964" lon="85.7103585">
      </trkpt>
      <trkpt lat="20.1549541" lon="85.7100503">
      </trkpt>
      <trkpt lat="20.1548663" lon="85.7099387">
      </trkpt>
      <trkpt lat="20.154641" lon="85.7096383">
      </trkpt>
      <trkpt lat="20.154239" lon="85.7091158">
      </trkpt>
      <trkpt lat="20.1537269" lon="85.7086006">
      </trkpt>
      <trkpt lat="20.1535374" lon="85.7084166">
      </trkpt>
      <trkpt lat="20.1531906" lon="85.7080798">
      </trkpt>
      <trkpt lat="20.1524496" lon="85.7073578">
      </trkpt>
      <trkpt lat="20.1519234" lon="85.7068689">
      </trkpt>
      <trkpt lat="20.1514199" lon="85.7064434">
      </trkpt>
      <trkpt lat="20.1503416" lon="85.7055715">
      </trkpt>
      <trkpt lat="20.1502163" lon="85.7054648">
      </trkpt>
      <trkpt lat="20.1500667" lon="85.7053374">
      </trkpt>
      <trkpt lat="20.1491741" lon="85.7044696">
      </trkpt>
      <trkpt lat="20.1481388" lon="85.7034621">
      </trkpt>
      <trkpt lat="20.1441814" lon="85.6996052">
      </trkpt>
      <trkpt lat="20.1419145" lon="85.6973888">
      </trkpt>
      <trkpt lat="20.1409492" lon="85.6964583">
      </trkpt>
      <trkpt lat="20.1399967" lon="85.6955802">
      </trkpt>
      <trkpt lat="20.1382292" lon="85.6938722">
      </trkpt>
      <trkpt lat="20.1369136" lon="85.6925755">
      </trkpt>
      <trkpt lat="20.1314127" lon="85.6872124">
      </trkpt>
      <trkpt lat="20.1310689" lon="85.6868577">
      </trkpt>
      <trkpt lat="20.1307424" lon="85.6865085">
      </trkpt>
      <trkpt lat="20.1304025" lon="85.6861189">
      </trkpt>
      <trkpt lat="20.1300036" lon="85.6856328">
      </trkpt>
      <trkpt lat="20.1295999" lon="85.6850949">
      </trkpt>
      <trkpt lat="20.1291481" lon="85.6844168">
      </trkpt>
      <trkpt lat="20.1287446" lon="85.6837507">
      </trkpt>
      <trkpt lat="20.1283541" lon="85.6830235">
      </trkpt>
      <trkpt lat="20.1279311" lon="85.6821384">
      </trkpt>
      <trkpt lat="20.1275554" lon="85.6811997">
      </trkpt>
      <trkpt lat="20.1272378" lon="85.6802683">
      </trkpt>
      <trkpt lat="20.1248768" lon="85.6721742">
      </trkpt>
      <trkpt lat="20.1243444" lon="85.6703722">
      </trkpt>
      <trkpt lat="20.123352" lon="85.6669897">
      </trkpt>
      <trkpt lat="20.1231168" lon="85.6663024">
      </trkpt>
      <trkpt lat="20.1229399" lon="85.6658472">
      </trkpt>
      <trkpt lat="20.1225988" lon="85.6650399">
      </trkpt>
      <trkpt lat="20.1222935" lon="85.6643919">
      </trkpt>
      <trkpt lat="20.1220282" lon="85.6639075">
      </trkpt>
      <trkpt lat="20.1217477" lon="85.663411">
      </trkpt>
      <trkpt lat="20.1213292" lon="85.6627527">
      </trkpt>
      <trkpt lat="20.1209755" lon="85.6622168">
      </trkpt>
      <trkpt lat="20.1196658" lon="85.6604095">
      </trkpt>
      <trkpt lat="20.1177191" lon="85.6577488">
      </trkpt>
      <trkpt lat="20.1160224" lon="85.6554305">
      </trkpt>
      <trkpt lat="20.1143017" lon="85.653079">
      </trkpt>
      <trkpt lat="20.1115762" lon="85.6493482">
      </trkpt>
      <trkpt lat="20.1093053" lon="85.6462693">
      </trkpt>
      <trkpt lat="20.1073189" lon="85.6436318">
      </trkpt>
      <trkpt lat="20.1063226" lon="85.6422239">
      </trkpt>
      <trkpt lat="20.1058446" lon="85.6415714">
      </trkpt>
      <trkpt lat="20.1046112" lon="85.6398898">
      </trkpt>
      <trkpt lat="20.1045692" lon="85.6398325">
      </trkpt>
      <trkpt lat="20.1041268" lon="85.6392294">
      </trkpt>
      <trkpt lat="20.1026242" lon="85.6371535">
      </trkpt>
      <trkpt lat="20.1014011" lon="85.6354763">
      </trkpt>
      <trkpt lat="20.0995481" lon="85.6329475">
      </trkpt>
      <trkpt lat="20.0981275" lon="85.6309483">
      </trkpt>
      <trkpt lat="20.0959558" lon="85.6279828">
      </trkpt>
      <trkpt lat="20.0940911" lon="85.6254391">
      </trkpt>
      <trkpt lat="20.0931891" lon="85.624191">
      </trkpt>
      <trkpt lat="20.0897565" lon="85.6194645">
      </trkpt>
      <trkpt lat="20.0886748" lon="85.6180179">
      </trkpt>
      <trkpt lat="20.0884605" lon="85.6176746">
      </trkpt>
      <trkpt lat="20.0862801" lon="85.6146938">
      </trkpt>
      <trkpt lat="20.0849544" lon="85.6128843">
      </trkpt>
      <trkpt lat="20.0827185" lon="85.6098281">
      </trkpt>
      <trkpt lat="20.07987" lon="85.605957">
      </trkpt>
      <trkpt lat="20.0798568" lon="85.6059389">
      </trkpt>
      <trkpt lat="20.0791819" lon="85.6050133">
      </trkpt>
      <trkpt lat="20.0752456" lon="85.5996575">
      </trkpt>
      <trkpt lat="20.0726494" lon="85.5961088">
      </trkpt>
      <trkpt lat="20.0720947" lon="85.5953896">
      </trkpt>
      <trkpt lat="20.071659" lon="85.5948986">
      </trkpt>
      <trkpt lat="20.0711746" lon="85.5943731">
      </trkpt>
      <trkpt lat="20.0706156" lon="85.593834">
      </trkpt>
      <trkpt lat="20.0699372" lon="85.5932426">
      </trkpt>
      <trkpt lat="20.0692641" lon="85.5927268">
      </trkpt>
      <trkpt lat="20.0675837" lon="85.5915411">
      </trkpt>
      <trkpt lat="20.0656581" lon="85.5902001">
      </trkpt>
      <trkpt lat="20.0636931" lon="85.588835">
      </trkpt>
      <trkpt lat="20.0612856" lon="85.5871389">
      </trkpt>
      <trkpt lat="20.0578794" lon="85.5847579">
      </trkpt>
      <trkpt lat="20.054715" lon="85.5825915">
      </trkpt>
      <trkpt lat="20.0543063" lon="85.5823018">
      </trkpt>
      <trkpt lat="20.0516554" lon="85.5804475">
      </trkpt>
      <trkpt lat="20.0491838" lon="85.5787254">
      </trkpt>
      <trkpt lat="20.0476353" lon="85.5776416">
      </trkpt>
      <trkpt lat="20.0449032" lon="85.5756727">
      </trkpt>
      <trkpt lat="20.0414345" lon="85.5732596">
      </trkpt>
      <trkpt lat="20.0413832" lon="85.5732239">
      </trkpt>
      <trkpt lat="20.0390696" lon="85.5715975">
      </trkpt>
      <trkpt lat="20.0356623" lon="85.569228">
      </trkpt>
      <trkpt lat="20.0346798" lon="85.5685591">
      </trkpt>
      <trkpt lat="20.0333267" lon="85.5675866">
      </trkpt>
      <trkpt lat="20.0295519" lon="85.5649483">
      </trkpt>
      <trkpt lat="20.0257885" lon="85.5623412">
      </trkpt>
      <trkpt lat="20.0224202" lon="85.5599856">
      </trkpt>
      <trkpt lat="20.0192619" lon="85.5577797">
      </trkpt>
      <trkpt lat="20.0187501" lon="85.5574159">
      </trkpt>
      <trkpt lat="20.0156175" lon="85.5551871">
      </trkpt>
      <trkpt lat="20.0150091" lon="85.5547607">
      </trkpt>
      <trkpt lat="20.0144169" lon="85.5543453">
      </trkpt>
      <trkpt lat="20.0141944" lon="85.5541751">
      </trkpt>
      <trkpt lat="20.0140489" lon="85.5540872">
      </trkpt>
      <trkpt lat="20.011582" lon="85.5523726">
      </trkpt>
      <trkpt lat="20.0096887" lon="85.5510676">
      </trkpt>
      <trkpt lat="20.0078737" lon="85.5498192">
      </trkpt>
      <trkpt lat="20.0064564" lon="85.5488262">
      </trkpt>
      <trkpt lat="20.0057733" lon="85.548333">
      </trkpt>
      <trkpt lat="20.0051011" lon="85.5477834">
      </trkpt>
      <trkpt lat="20.0042816" lon="85.5470404">
      </trkpt>
      <trkpt lat="20.0037248" lon="85.54646">
      </trkpt>
      <trkpt lat="20.0030771" lon="85.5457094">
      </trkpt>
      <trkpt lat="20.0022665" lon="85.5446348">
      </trkpt>
      <trkpt lat="20.0014815" lon="85.5435713">
      </trkpt>
      <trkpt lat="20.0012389" lon="85.5432426">
      </trkpt>
      <trkpt lat="19.9998267" lon="85.5413293">
      </trkpt>
      <trkpt lat="19.9974369" lon="85.5380803">
      </trkpt>
      <trkpt lat="19.9955017" lon="85.5355452">
      </trkpt>
      <trkpt lat="19.9942161" lon="85.5337856">
      </trkpt>
      <trkpt lat="19.9915706" lon="85.5301866">
      </trkpt>
      <trkpt lat="19.9910147" lon="85.5294303">
      </trkpt>
      <trkpt lat="19.9898592" lon="85.527849">
      </trkpt>
      <trkpt lat="19.9886752" lon="85.5262822">
      </trkpt>
      <trkpt lat="19.9850907" lon="85.5213676">
      </trkpt>
      <trkpt lat="19.9826164" lon="85.5180142">
      </trkpt>
      <trkpt lat="19.9803342" lon="85.5149226">
      </trkpt>
      <trkpt lat="19.9760157" lon="85.5090646">
      </trkpt>
      <trkpt lat="19.9727934" lon="85.5046957">
      </trkpt>
      <trkpt lat="19.9690889" lon="85.4996437">
      </trkpt>
      <trkpt lat="19.9652527" lon="85.494475">
      </trkpt>
      <trkpt lat="19.9623915" lon="85.4905876">
      </trkpt>
      <trkpt lat="19.960548" lon="85.4880903">
      </trkpt>
      <trkpt lat="19.9583055" lon="85.4850754">
      </trkpt>
      <trkpt lat="19.9573628" lon="85.4838245">
      </trkpt>
      <trkpt lat="19.9563095" lon="85.4824047">
      </trkpt>
      <trkpt lat="19.9549693" lon="85.4805792">
      </trkpt>
      <trkpt lat="19.9549155" lon="85.4805178">
      </trkpt>
      <trkpt lat="19.9535413" lon="85.4786555">
      </trkpt>
      <trkpt lat="19.9523706" lon="85.4770636">
      </trkpt>
      <trkpt lat="19.9506398" lon="85.4747205">
      </trkpt>
      <trkpt lat="19.9493919" lon="85.4730657">
      </trkpt>
      <trkpt lat="19.9493701" lon="85.4730398">
      </trkpt>
      <trkpt lat="19.9479438" lon="85.4710857">
      </trkpt>
      <trkpt lat="19.9470418" lon="85.470025">
      </trkpt>
      <trkpt lat="19.9446176" lon="85.4672315">
      </trkpt>
      <trkpt lat="19.9429069" lon="85.465251">
      </trkpt>
      <trkpt lat="19.9414358" lon="85.4635664">
      </trkpt>
      <trkpt lat="19.9400307" lon="85.4619476">
      </trkpt>
      <trkpt lat="19.9385201" lon="85.4601996">
      </trkpt>
      <trkpt lat="19.9356953" lon="85.4569296">
      </trkpt>
      <trkpt lat="19.9304224" lon="85.4508555">
      </trkpt>
      <trkpt lat="19.9282009" lon="85.4482937">
      </trkpt>
      <trkpt lat="19.92651" lon="85.4463389">
      </trkpt>
      <trkpt lat="19.9244869" lon="85.4440133">
      </trkpt>
      <trkpt lat="19.9222933" lon="85.4414885">
      </trkpt>
      <trkpt lat="19.9204982" lon="85.4394221">
      </trkpt>
      <trkpt lat="19.9190264" lon="85.4377318">
      </trkpt>
      <trkpt lat="19.9183035" lon="85.4369016">
      </trkpt>
      <trkpt lat="19.9162096" lon="85.4344809">
      </trkpt>
      <trkpt lat="19.914269" lon="85.4322521">
      </trkpt>
      <trkpt lat="19.9123951" lon="85.4300697">
      </trkpt>
      <trkpt lat="19.9108794" lon="85.4282831">
      </trkpt>
      <trkpt lat="19.9103875" lon="85.4276385">
      </trkpt>
      <trkpt lat="19.9096581" lon="85.4265749">
      </trkpt>
      <trkpt lat="19.9093519" lon="85.4260429">
      </trkpt>
      <trkpt lat="19.9086608" lon="85.4247785">
      </trkpt>
      <trkpt lat="19.9071173" lon="85.4219558">
      </trkpt>
      <trkpt lat="19.9059576" lon="85.4198281">
      </trkpt>
      <trkpt lat="19.9045201" lon="85.4171826">
      </trkpt>
      <trkpt lat="19.9031273" lon="85.4146298">
      </trkpt>
      <trkpt lat="19.9018604" lon="85.412298">
      </trkpt>
      <trkpt lat="19.9004836" lon="85.4098356">
      </trkpt>
      <trkpt lat="19.8998754" lon="85.4088555">
      </trkpt>
      <trkpt lat="19.8993175" lon="85.4078654">
      </trkpt>
      <trkpt lat="19.8988339" lon="85.4069566">
      </trkpt>
      <trkpt lat="19.8979721" lon="85.4053883">
      </trkpt>
      <trkpt lat="19.8967465" lon="85.4031399">
      </trkpt>
      <trkpt lat="19.896327" lon="85.4023703">
      </trkpt>
      <trkpt lat="19.8954193" lon="85.4007493">
      </trkpt>
      <trkpt lat="19.8950928" lon="85.4001303">
      </trkpt>
      <trkpt lat="19.8944922" lon="85.3992609">
      </trkpt>
      <trkpt lat="19.894085" lon="85.3986702">
      </trkpt>
      <trkpt lat="19.8928935" lon="85.3970857">
      </trkpt>
      <trkpt lat="19.8880322" lon="85.3905503">
      </trkpt>
      <trkpt lat="19.8836895" lon="85.3847213">
      </trkpt>
      <trkpt lat="19.8791746" lon="85.3786355">
      </trkpt>
      <trkpt lat="19.8788919" lon="85.3782545">
      </trkpt>
      <trkpt lat="19.876141" lon="85.3745466">
      </trkpt>
      <trkpt lat="19.8727077" lon="85.3699291">
      </trkpt>
      <trkpt lat="19.8696918" lon="85.3658775">
      </trkpt>
      <trkpt lat="19.8686348" lon="85.3645684">
      </trkpt>
      <trkpt lat="19.8665452" lon="85.3616719">
      </trkpt>
      <trkpt lat="19.8649365" lon="85.3595247">
      </trkpt>
      <trkpt lat="19.862623" lon="85.3564132">
      </trkpt>
      <trkpt lat="19.8615044" lon="85.3548887">
      </trkpt>
      <trkpt lat="19.8596299" lon="85.3523735">
      </trkpt>
      <trkpt lat="19.8584983" lon="85.3508367">
      </trkpt>
      <trkpt lat="19.8576499" lon="85.3497007">
      </trkpt>
      <trkpt lat="19.8561295" lon="85.3476695">
      </trkpt>
      <trkpt lat="19.8548771" lon="85.3459706">
      </trkpt>
      <trkpt lat="19.8526647" lon="85.3430005">
      </trkpt>
      <trkpt lat="19.8518019" lon="85.3418563">
      </trkpt>
      <trkpt lat="19.8509333" lon="85.3406838">
      </trkpt>
      <trkpt lat="19.8501186" lon="85.3395683">
      </trkpt>
      <trkpt lat="19.8493673" lon="85.3385415">
      </trkpt>
      <trkpt lat="19.8484181" lon="85.3371186">
      </trkpt>
      <trkpt lat="19.8477559" lon="85.3361887">
      </trkpt>
      <trkpt lat="19.8471893" lon="85.3354273">
      </trkpt>
      <trkpt lat="19.8470741" lon="85.3352733">
      </trkpt>
      <trkpt lat="19.846262" lon="85.3342101">
      </trkpt>
      <trkpt lat="19.8452829" lon="85.3330204">
      </trkpt>
      <trkpt lat="19.8440232" lon="85.3314011">
      </trkpt>
      <trkpt lat="19.8428422" lon="85.3298263">
      </trkpt>
      <trkpt lat="19.8420342" lon="85.3287435">
      </trkpt>
      <trkpt lat="19.8406671" lon="85.3269074">
      </trkpt>
      <trkpt lat="19.8395745" lon="85.3254893">
      </trkpt>
      <trkpt lat="19.8394738" lon="85.3253588">
      </trkpt>
      <trkpt lat="19.8383236" lon="85.3237096">
      </trkpt>
      <trkpt lat="19.8365994" lon="85.3214044">
      </trkpt>
      <trkpt lat="19.8342711" lon="85.3182912">
      </trkpt>
      <trkpt lat="19.8335356" lon="85.3172978">
      </trkpt>
      <trkpt lat="19.8312354" lon="85.3142212">
      </trkpt>
      <trkpt lat="19.8299779" lon="85.3125343">
      </trkpt>
      <trkpt lat="19.8283189" lon="85.3103251">
      </trkpt>
      <trkpt lat="19.8282617" lon="85.3102457">
      </trkpt>
      <trkpt lat="19.8267127" lon="85.3081602">
      </trkpt>
      <trkpt lat="19.8248516" lon="85.3056696">
      </trkpt>
      <trkpt lat="19.8231369" lon="85.3033637">
      </trkpt>
      <trkpt lat="19.8212911" lon="85.3008708">
      </trkpt>
      <trkpt lat="19.8201657" lon="85.2994642">
      </trkpt>
      <trkpt lat="19.81844" lon="85.2971213">
      </trkpt>
      <trkpt lat="19.8179889" lon="85.2965577">
      </trkpt>
      <trkpt lat="19.8171128" lon="85.2953805">
      </trkpt>
      <trkpt lat="19.8165864" lon="85.2946747">
      </trkpt>
      <trkpt lat="19.8159131" lon="85.293742">
      </trkpt>
      <trkpt lat="19.8156613" lon="85.2933677">
      </trkpt>
      <trkpt lat="19.8154494" lon="85.293007">
      </trkpt>
      <trkpt lat="19.815035" lon="85.2922131">
      </trkpt>
      <trkpt lat="19.8147142" lon="85.2915661">
      </trkpt>
      <trkpt lat="19.8144076" lon="85.2908994">
      </trkpt>
      <trkpt lat="19.8143085" lon="85.2906565">
      </trkpt>
      <trkpt lat="19.8141556" lon="85.2902591">
      </trkpt>
      <trkpt lat="19.8139313" lon="85.2895998">
      </trkpt>
      <trkpt lat="19.8137274" lon="85.288909">
      </trkpt>
      <trkpt lat="19.8135531" lon="85.2882221">
      </trkpt>
      <trkpt lat="19.8133826" lon="85.2874161">
      </trkpt>
      <trkpt lat="19.8132408" lon="85.2866128">
      </trkpt>
      <trkpt lat="19.8131514" lon="85.2857871">
      </trkpt>
      <trkpt lat="19.8130729" lon="85.2849122">
      </trkpt>
      <trkpt lat="19.8126862" lon="85.2788642">
      </trkpt>
      <trkpt lat="19.8124809" lon="85.2759492">
      </trkpt>
      <trkpt lat="19.8124472" lon="85.275131">
      </trkpt>
      <trkpt lat="19.8124088" lon="85.273733">
      </trkpt>
      <trkpt lat="19.8123931" lon="85.273283">
      </trkpt>
      <trkpt lat="19.8123238" lon="85.2724108">
      </trkpt>
      <trkpt lat="19.8123095" lon="85.2722024">
      </trkpt>
      <trkpt lat="19.8122146" lon="85.2700826">
      </trkpt>
      <trkpt lat="19.8120722" lon="85.2680098">
      </trkpt>
      <trkpt lat="19.8119647" lon="85.2665085">
      </trkpt>
      <trkpt lat="19.8118338" lon="85.2650329">
      </trkpt>
      <trkpt lat="19.8117235" lon="85.2643183">
      </trkpt>
      <trkpt lat="19.8115708" lon="85.2636071">
      </trkpt>
      <trkpt lat="19.8113202" lon="85.262621">
      </trkpt>
      <trkpt lat="19.8111141" lon="85.2619543">
      </trkpt>
      <trkpt lat="19.8108599" lon="85.2612071">
      </trkpt>
      <trkpt lat="19.8105738" lon="85.2604358">
      </trkpt>
      <trkpt lat="19.8102933" lon="85.2597526">
      </trkpt>
      <trkpt lat="19.8099211" lon="85.2589792">
      </trkpt>
      <trkpt lat="19.8095636" lon="85.2583171">
      </trkpt>
      <trkpt lat="19.8091866" lon="85.2576857">
      </trkpt>
      <trkpt lat="19.8088946" lon="85.2572333">
      </trkpt>
      <trkpt lat="19.8086456" lon="85.2568893">
      </trkpt>
      <trkpt lat="19.8081539" lon="85.2562258">
      </trkpt>
      <trkpt lat="19.8079819" lon="85.2560027">
      </trkpt>
      <trkpt lat="19.8078086" lon="85.2557868">
      </trkpt>
      <trkpt lat="19.8075594" lon="85.2554946">
      </trkpt>
      <trkpt lat="19.8071437" lon="85.255047">
      </trkpt>
      <trkpt lat="19.8056458" lon="85.2533944">
      </trkpt>
      <trkpt lat="19.8051598" lon="85.2528606">
      </trkpt>
      <trkpt lat="19.8046702" lon="85.2523403">
      </trkpt>
      <trkpt lat="19.8035853" lon="85.2511649">
      </trkpt>
      <trkpt lat="19.8027831" lon="85.2502957">
      </trkpt>
      <trkpt lat="19.8018101" lon="85.2492474">
      </trkpt>
      <trkpt lat="19.8010055" lon="85.2483552">
      </trkpt>
      <trkpt lat="19.8007832" lon="85.2481102">
      </trkpt>
      <trkpt lat="19.7999657" lon="85.2472092">
      </trkpt>
      <trkpt lat="19.7993123" lon="85.2465175">
      </trkpt>
      <trkpt lat="19.7986622" lon="85.2458052">
      </trkpt>
      <trkpt lat="19.7974762" lon="85.2445001">
      </trkpt>
      <trkpt lat="19.7952926" lon="85.2421166">
      </trkpt>
      <trkpt lat="19.793701" lon="85.240388">
      </trkpt>
      <trkpt lat="19.7908526" lon="85.2372657">
      </trkpt>
      <trkpt lat="19.7896923" lon="85.2359871">
      </trkpt>
      <trkpt lat="19.7861088" lon="85.2320863">
      </trkpt>
      <trkpt lat="19.7849797" lon="85.2308655">
      </trkpt>
      <trkpt lat="19.7849468" lon="85.2308293">
      </trkpt>
      <trkpt lat="19.7824912" lon="85.2281342">
      </trkpt>
      <trkpt lat="19.7816441" lon="85.2271979">
      </trkpt>
      <trkpt lat="19.7806861" lon="85.2260958">
      </trkpt>
      <trkpt lat="19.7798112" lon="85.2251385">
      </trkpt>
      <trkpt lat="19.7794016" lon="85.22469">
      </trkpt>
      <trkpt lat="19.7775738" lon="85.2226914">
      </trkpt>
      <trkpt lat="19.775692" lon="85.2206354">
      </trkpt>
      <trkpt lat="19.7741771" lon="85.2189896">
      </trkpt>
      <trkpt lat="19.7729844" lon="85.2177444">
      </trkpt>
      <trkpt lat="19.771723" lon="85.2164043">
      </trkpt>
      <trkpt lat="19.7717084" lon="85.2163882">
      </trkpt>
      <trkpt lat="19.7711826" lon="85.2158057">
      </trkpt>
      <trkpt lat="19.7700717" lon="85.21457">
      </trkpt>
      <trkpt lat="19.7666967" lon="85.2109217">
      </trkpt>
      <trkpt lat="19.766018" lon="85.2102537">
      </trkpt>
      <trkpt lat="19.7653877" lon="85.2097083">
      </trkpt>
      <trkpt lat="19.7647474" lon="85.2092174">
      </trkpt>
      <trkpt lat="19.7641203" lon="85.2087683">
      </trkpt>
      <trkpt lat="19.7633559" lon="85.2082901">
      </trkpt>
      <trkpt lat="19.7625354" lon="85.2078486">
      </trkpt>
      <trkpt lat="19.7618257" lon="85.2075233">
      </trkpt>
      <trkpt lat="19.7613895" lon="85.2073372">
      </trkpt>
      <trkpt lat="19.7610292" lon="85.2071764">
      </trkpt>
      <trkpt lat="19.7601" lon="85.2067146">
      </trkpt>
      <trkpt lat="19.7587469" lon="85.2060936">
      </trkpt>
      <trkpt lat="19.7571393" lon="85.2053592">
      </trkpt>
      <trkpt lat="19.7558115" lon="85.2047534">
      </trkpt>
      <trkpt lat="19.754593" lon="85.204186">
      </trkpt>
      <trkpt lat="19.7533213" lon="85.2035819">
      </trkpt>
      <trkpt lat="19.751431" lon="85.2027218">
      </trkpt>
      <trkpt lat="19.7509784" lon="85.2025173">
      </trkpt>
      <trkpt lat="19.7503189" lon="85.2022068">
      </trkpt>
      <trkpt lat="19.7499312" lon="85.2020024">
      </trkpt>
      <trkpt lat="19.7494918" lon="85.2017739">
      </trkpt>
      <trkpt lat="19.7488245" lon="85.2014214">
      </trkpt>
      <trkpt lat="19.7484162" lon="85.2012169">
      </trkpt>
      <trkpt lat="19.748075" lon="85.2010537">
      </trkpt>
      <trkpt lat="19.7476969" lon="85.2008758">
      </trkpt>
      <trkpt lat="19.7473746" lon="85.2007315">
      </trkpt>
      <trkpt lat="19.747019" lon="85.2005742">
      </trkpt>
      <trkpt lat="19.7466838" lon="85.2004294">
      </trkpt>
      <trkpt lat="19.7462333" lon="85.2002357">
      </trkpt>
      <trkpt lat="19.7458447" lon="85.2000815">
      </trkpt>
      <trkpt lat="19.7454173" lon="85.1999157">
      </trkpt>
      <trkpt lat="19.7448104" lon="85.199685">
      </trkpt>
      <trkpt lat="19.7445633" lon="85.1995694">
      </trkpt>
      <trkpt lat="19.7440433" lon="85.1993164">
      </trkpt>
      <trkpt lat="19.7428333" lon="85.1988029">
      </trkpt>
      <trkpt lat="19.7407458" lon="85.1978326">
      </trkpt>
      <trkpt lat="19.7397355" lon="85.1973885">
      </trkpt>
      <trkpt lat="19.7386855" lon="85.1969096">
      </trkpt>
      <trkpt lat="19.7369412" lon="85.1961125">
      </trkpt>
      <trkpt lat="19.7363175" lon="85.1958297">
      </trkpt>
      <trkpt lat="19.735611" lon="85.1955041">
      </trkpt>
      <trkpt lat="19.7340664" lon="85.194796">
      </trkpt>
      <trkpt lat="19.7330738" lon="85.1942961">
      </trkpt>
      <trkpt lat="19.7316315" lon="85.1936105">
      </trkpt>
      <trkpt lat="19.7313053" lon="85.1934594">
      </trkpt>
      <trkpt lat="19.7303903" lon="85.1930516">
      </trkpt>
      <trkpt lat="19.7297442" lon="85.1927822">
      </trkpt>
      <trkpt lat="19.7288867" lon="85.1924206">
      </trkpt>
      <trkpt lat="19.7280077" lon="85.1920301">
      </trkpt>
      <trkpt lat="19.7273724" lon="85.1917416">
      </trkpt>
      <trkpt lat="19.7248752" lon="85.1905834">
      </trkpt>
      <trkpt lat="19.7225646" lon="85.1895261">
      </trkpt>
      <trkpt lat="19.7207606" lon="85.1887039">
      </trkpt>
      <trkpt lat="19.7207337" lon="85.1886916">
      </trkpt>
      <trkpt lat="19.716862" lon="85.1869206">
      </trkpt>
      <trkpt lat="19.7156335" lon="85.1863515">
      </trkpt>
      <trkpt lat="19.7144009" lon="85.1857992">
      </trkpt>
      <trkpt lat="19.7135989" lon="85.1854707">
      </trkpt>
      <trkpt lat="19.7129714" lon="85.1852535">
      </trkpt>
      <trkpt lat="19.712472" lon="85.1851046">
      </trkpt>
      <trkpt lat="19.7115872" lon="85.1848928">
      </trkpt>
      <trkpt lat="19.7110806" lon="85.1848036">
      </trkpt>
      <trkpt lat="19.7107528" lon="85.1847287">
      </trkpt>
      <trkpt lat="19.7104375" lon="85.1846515">
      </trkpt>
      <trkpt lat="19.7093113" lon="85.1844163">
      </trkpt>
      <trkpt lat="19.7083193" lon="85.1842035">
      </trkpt>
      <trkpt lat="19.7073913" lon="85.1839998">
      </trkpt>
      <trkpt lat="19.7061772" lon="85.1837422">
      </trkpt>
      <trkpt lat="19.7060066" lon="85.1837137">
      </trkpt>
      <trkpt lat="19.7037853" lon="85.1832318">
      </trkpt>
      <trkpt lat="19.7021032" lon="85.1828727">
      </trkpt>
      <trkpt lat="19.7011871" lon="85.1826829">
      </trkpt>
      <trkpt lat="19.6997685" lon="85.1823836">
      </trkpt>
      <trkpt lat="19.6981349" lon="85.1820298">
      </trkpt>
      <trkpt lat="19.6962223" lon="85.1816283">
      </trkpt>
      <trkpt lat="19.6947384" lon="85.1813112">
      </trkpt>
      <trkpt lat="19.6927836" lon="85.1808941">
      </trkpt>
      <trkpt lat="19.6909922" lon="85.1805121">
      </trkpt>
      <trkpt lat="19.6900793" lon="85.1803252">
      </trkpt>
      <trkpt lat="19.6893417" lon="85.1801626">
      </trkpt>
      <trkpt lat="19.6883547" lon="85.179935">
      </trkpt>
      <trkpt lat="19.6869688" lon="85.1796529">
      </trkpt>
      <trkpt lat="19.6867238" lon="85.1796036">
      </trkpt>
      <trkpt lat="19.6859183" lon="85.1793958">
      </trkpt>
      <trkpt lat="19.6853567" lon="85.1792218">
      </trkpt>
      <trkpt lat="19.6848247" lon="85.1790433">
      </trkpt>
      <trkpt lat="19.6842145" lon="85.1787886">
      </trkpt>
      <trkpt lat="19.6836231" lon="85.1785309">
      </trkpt>
      <trkpt lat="19.6829528" lon="85.1781962">
      </trkpt>
      <trkpt lat="19.6822375" lon="85.1777955">
      </trkpt>
      <trkpt lat="19.6820063" lon="85.1776578">
      </trkpt>
      <trkpt lat="19.6817759" lon="85.1775114">
      </trkpt>
      <trkpt lat="19.6815273" lon="85.1773475">
      </trkpt>
      <trkpt lat="19.6812124" lon="85.1771271">
      </trkpt>
      <trkpt lat="19.6805858" lon="85.1766404">
      </trkpt>
      <trkpt lat="19.6799985" lon="85.1761584">
      </trkpt>
      <trkpt lat="19.6789487" lon="85.175306">
      </trkpt>
      <trkpt lat="19.6779593" lon="85.1744858">
      </trkpt>
      <trkpt lat="19.6762865" lon="85.1731181">
      </trkpt>
      <trkpt lat="19.6743028" lon="85.1714894">
      </trkpt>
      <trkpt lat="19.6725821" lon="85.1700678">
      </trkpt>
      <trkpt lat="19.6711285" lon="85.1688795">
      </trkpt>
      <trkpt lat="19.6694589" lon="85.1675144">
      </trkpt>
      <trkpt lat="19.6679951" lon="85.1662912">
      </trkpt>
      <trkpt lat="19.6657614" lon="85.1643983">
      </trkpt>
      <trkpt lat="19.6656651" lon="85.1643187">
      </trkpt>
      <trkpt lat="19.6612584" lon="85.1606915">
      </trkpt>
      <trkpt lat="19.6602339" lon="85.1598506">
      </trkpt>
      <trkpt lat="19.6594163" lon="85.1591449">
      </trkpt>
      <trkpt lat="19.658874" lon="85.1586952">
      </trkpt>
      <trkpt lat="19.6582932" lon="85.1582522">
      </trkpt>
      <trkpt lat="19.6579286" lon="85.1579922">
      </trkpt>
      <trkpt lat="19.657192" lon="85.1575003">
      </trkpt>
      <trkpt lat="19.656994" lon="85.1573727">
      </trkpt>
      <trkpt lat="19.6560383" lon="85.156758">
      </trkpt>
      <trkpt lat="19.6540542" lon="85.1554916">
      </trkpt>
      <trkpt lat="19.6536112" lon="85.1551879">
      </trkpt>
      <trkpt lat="19.6532463" lon="85.1549854">
      </trkpt>
      <trkpt lat="19.6526109" lon="85.154623">
      </trkpt>
      <trkpt lat="19.6494625" lon="85.1527298">
      </trkpt>
      <trkpt lat="19.6481891" lon="85.1519134">
      </trkpt>
      <trkpt lat="19.6475664" lon="85.151516">
      </trkpt>
      <trkpt lat="19.646965" lon="85.1511322">
      </trkpt>
      <trkpt lat="19.6465635" lon="85.1508712">
      </trkpt>
      <trkpt lat="19.6453484" lon="85.1500858">
      </trkpt>
      <trkpt lat="19.6442543" lon="85.1493875">
      </trkpt>
      <trkpt lat="19.642553" lon="85.1482979">
      </trkpt>
      <trkpt lat="19.6413989" lon="85.1475633">
      </trkpt>
      <trkpt lat="19.64048" lon="85.1469749">
      </trkpt>
      <trkpt lat="19.6397211" lon="85.1464863">
      </trkpt>
      <trkpt lat="19.6386023" lon="85.1457688">
      </trkpt>
      <trkpt lat="19.6375076" lon="85.1450715">
      </trkpt>
      <trkpt lat="19.6366405" lon="85.1445123">
      </trkpt>
      <trkpt lat="19.636624" lon="85.1445017">
      </trkpt>
      <trkpt lat="19.6357509" lon="85.1439479">
      </trkpt>
      <trkpt lat="19.6346713" lon="85.1432573">
      </trkpt>
      <trkpt lat="19.6331089" lon="85.142258">
      </trkpt>
      <trkpt lat="19.6317023" lon="85.1413525">
      </trkpt>
      <trkpt lat="19.6302955" lon="85.1404459">
      </trkpt>
      <trkpt lat="19.6287187" lon="85.1394375">
      </trkpt>
      <trkpt lat="19.6271286" lon="85.1384261">
      </trkpt>
      <trkpt lat="19.6254014" lon="85.1373172">
      </trkpt>
      <trkpt lat="19.6244214" lon="85.1366927">
      </trkpt>
      <trkpt lat="19.6228791" lon="85.1357012">
      </trkpt>
      <trkpt lat="19.6221461" lon="85.1352404">
      </trkpt>
      <trkpt lat="19.6175821" lon="85.1323226">
      </trkpt>
      <trkpt lat="19.6164769" lon="85.1316099">
      </trkpt>
      <trkpt lat="19.6136849" lon="85.1298259">
      </trkpt>
      <trkpt lat="19.6113043" lon="85.1283011">
      </trkpt>
      <trkpt lat="19.6109722" lon="85.1280811">
      </trkpt>
      <trkpt lat="19.6106152" lon="85.1278544">
      </trkpt>
      <trkpt lat="19.6099261" lon="85.1274196">
      </trkpt>
      <trkpt lat="19.6088187" lon="85.1267158">
      </trkpt>
      <trkpt lat="19.6079174" lon="85.126132">
      </trkpt>
      <trkpt lat="19.6076134" lon="85.1259397">
      </trkpt>
      <trkpt lat="19.6070239" lon="85.125607">
      </trkpt>
      <trkpt lat="19.606588" lon="85.125413">
      </trkpt>
      <trkpt lat="19.6061217" lon="85.1252404">
      </trkpt>
      <trkpt lat="19.6056912" lon="85.1251133">
      </trkpt>
      <trkpt lat="19.6052635" lon="85.125012">
      </trkpt>
      <trkpt lat="19.6048108" lon="85.1249284">
      </trkpt>
      <trkpt lat="19.6039162" lon="85.1247762">
      </trkpt>
      <trkpt lat="19.601888" lon="85.1244456">
      </trkpt>
      <trkpt lat="19.5991003" lon="85.123985">
      </trkpt>
      <trkpt lat="19.5966992" lon="85.1235707">
      </trkpt>
      <trkpt lat="19.5960565" lon="85.1234716">
      </trkpt>
      <trkpt lat="19.5957119" lon="85.1234319">
      </trkpt>
      <trkpt lat="19.5952842" lon="85.1234011">
      </trkpt>
      <trkpt lat="19.5948856" lon="85.1233967">
      </trkpt>
      <trkpt lat="19.5944746" lon="85.1234055">
      </trkpt>
      <trkpt lat="19.5941237" lon="85.1234363">
      </trkpt>
      <trkpt lat="19.5936534" lon="85.1235057">
      </trkpt>
      <trkpt lat="19.5935305" lon="85.1235274">
      </trkpt>
      <trkpt lat="19.5931702" lon="85.1236055">
      </trkpt>
      <trkpt lat="19.5930317" lon="85.1236413">
      </trkpt>
      <trkpt lat="19.5927182" lon="85.1237338">
      </trkpt>
      <trkpt lat="19.5924462" lon="85.1238308">
      </trkpt>
      <trkpt lat="19.5921577" lon="85.123941">
      </trkpt>
      <trkpt lat="19.5917846" lon="85.1241095">
      </trkpt>
      <trkpt lat="19.5912926" lon="85.1243602">
      </trkpt>
      <trkpt lat="19.5907688" lon="85.1246902">
      </trkpt>
      <trkpt lat="19.5903009" lon="85.1250137">
      </trkpt>
      <trkpt lat="19.5899528" lon="85.1253073">
      </trkpt>
      <trkpt lat="19.5896767" lon="85.1255563">
      </trkpt>
      <trkpt lat="19.5893923" lon="85.1258361">
      </trkpt>
      <trkpt lat="19.5891805" lon="85.1260785">
      </trkpt>
      <trkpt lat="19.5887528" lon="85.1266074">
      </trkpt>
      <trkpt lat="19.5883144" lon="85.127213">
      </trkpt>
      <trkpt lat="19.5877991" lon="85.1279291">
      </trkpt>
      <trkpt lat="19.5871381" lon="85.1288367">
      </trkpt>
      <trkpt lat="19.5863895" lon="85.1298903">
      </trkpt>
      <trkpt lat="19.5858539" lon="85.1306327">
      </trkpt>
      <trkpt lat="19.5852887" lon="85.1314258">
      </trkpt>
      <trkpt lat="19.5849334" lon="85.1319276">
      </trkpt>
      <trkpt lat="19.5845753" lon="85.1324603">
      </trkpt>
      <trkpt lat="19.5841495" lon="85.1331383">
      </trkpt>
      <trkpt lat="19.5838089" lon="85.1337398">
      </trkpt>
      <trkpt lat="19.5835343" lon="85.1342696">
      </trkpt>
      <trkpt lat="19.583272" lon="85.1348093">
      </trkpt>
      <trkpt lat="19.5827204" lon="85.1359649">
      </trkpt>
      <trkpt lat="19.5824714" lon="85.1364122">
      </trkpt>
      <trkpt lat="19.582238" lon="85.1367737">
      </trkpt>
      <trkpt lat="19.5819958" lon="85.1370885">
      </trkpt>
      <trkpt lat="19.5816933" lon="85.1374204">
      </trkpt>
      <trkpt lat="19.5813542" lon="85.1377336">
      </trkpt>
      <trkpt lat="19.5811868" lon="85.1378691">
      </trkpt>
      <trkpt lat="19.5810644" lon="85.1379621">
      </trkpt>
      <trkpt lat="19.5804719" lon="85.1383491">
      </trkpt>
      <trkpt lat="19.5799389" lon="85.1386498">
      </trkpt>
      <trkpt lat="19.5794588" lon="85.138882">
      </trkpt>
      <trkpt lat="19.5791535" lon="85.1390004">
      </trkpt>
      <trkpt lat="19.579058" lon="85.1390359">
      </trkpt>
      <trkpt lat="19.5787072" lon="85.1391422">
      </trkpt>
      <trkpt lat="19.5783863" lon="85.1392168">
      </trkpt>
      <trkpt lat="19.5780054" lon="85.1392896">
      </trkpt>
      <trkpt lat="19.5776297" lon="85.139337">
      </trkpt>
      <trkpt lat="19.5774335" lon="85.1393414">
      </trkpt>
      <trkpt lat="19.5772372" lon="85.1393381">
      </trkpt>
      <trkpt lat="19.5768987" lon="85.1393094">
      </trkpt>
      <trkpt lat="19.5765541" lon="85.139272">
      </trkpt>
      <trkpt lat="19.5762128" lon="85.1391958">
      </trkpt>
      <trkpt lat="19.5758024" lon="85.1390759">
      </trkpt>
      <trkpt lat="19.575516" lon="85.1389619">
      </trkpt>
      <trkpt lat="19.5752402" lon="85.1388366">
      </trkpt>
      <trkpt lat="19.5749758" lon="85.1387039">
      </trkpt>
      <trkpt lat="19.5745608" lon="85.1384523">
      </trkpt>
      <trkpt lat="19.5742024" lon="85.1381728">
      </trkpt>
      <trkpt lat="19.5739423" lon="85.1379344">
      </trkpt>
      <trkpt lat="19.5736452" lon="85.1376266">
      </trkpt>
      <trkpt lat="19.5734163" lon="85.1373445">
      </trkpt>
      <trkpt lat="19.573159" lon="85.1369824">
      </trkpt>
      <trkpt lat="19.5728832" lon="85.1365312">
      </trkpt>
      <trkpt lat="19.5728753" lon="85.1365174">
      </trkpt>
      <trkpt lat="19.5721546" lon="85.1352613">
      </trkpt>
      <trkpt lat="19.5690568" lon="85.1299123">
      </trkpt>
      <trkpt lat="19.566134" lon="85.1248296">
      </trkpt>
      <trkpt lat="19.5654241" lon="85.1236101">
      </trkpt>
      <trkpt lat="19.565371" lon="85.1235189">
      </trkpt>
      <trkpt lat="19.5647544" lon="85.1224638">
      </trkpt>
      <trkpt lat="19.5644791" lon="85.1219641">
      </trkpt>
      <trkpt lat="19.5641409" lon="85.1214169">
      </trkpt>
      <trkpt lat="19.5638335" lon="85.1209927">
      </trkpt>
      <trkpt lat="19.5636499" lon="85.1207472">
      </trkpt>
      <trkpt lat="19.563352" lon="85.1204511">
      </trkpt>
      <trkpt lat="19.5630882" lon="85.1202052">
      </trkpt>
      <trkpt lat="19.5628074" lon="85.119992">
      </trkpt>
      <trkpt lat="19.5626519" lon="85.1198824">
      </trkpt>
      <trkpt lat="19.5624755" lon="85.1197619">
      </trkpt>
      <trkpt lat="19.5622141" lon="85.1196019">
      </trkpt>
      <trkpt lat="19.5618609" lon="85.1194238">
      </trkpt>
      <trkpt lat="19.5614659" lon="85.1192579">
      </trkpt>
      <trkpt lat="19.5610349" lon="85.1191344">
      </trkpt>
      <trkpt lat="19.5605821" lon="85.1190431">
      </trkpt>
      <trkpt lat="19.5602792" lon="85.1190006">
      </trkpt>
      <trkpt lat="19.5597886" lon="85.118951">
      </trkpt>
      <trkpt lat="19.5586555" lon="85.1187803">
      </trkpt>
      <trkpt lat="19.5577644" lon="85.1186724">
      </trkpt>
      <trkpt lat="19.5572492" lon="85.1185811">
      </trkpt>
      <trkpt lat="19.5568667" lon="85.1185016">
      </trkpt>
      <trkpt lat="19.5565041" lon="85.118412">
      </trkpt>
      <trkpt lat="19.556072" lon="85.1182691">
      </trkpt>
      <trkpt lat="19.5557745" lon="85.1181555">
      </trkpt>
      <trkpt lat="19.5554851" lon="85.1180294">
      </trkpt>
      <trkpt lat="19.5550207" lon="85.1178032">
      </trkpt>
      <trkpt lat="19.5547291" lon="85.1176287">
      </trkpt>
      <trkpt lat="19.5543874" lon="85.1174221">
      </trkpt>
      <trkpt lat="19.5540886" lon="85.1172114">
      </trkpt>
      <trkpt lat="19.5538072" lon="85.1169965">
      </trkpt>
      <trkpt lat="19.5535386" lon="85.1167682">
      </trkpt>
      <trkpt lat="19.5532465" lon="85.1164976">
      </trkpt>
      <trkpt lat="19.552973" lon="85.1162207">
      </trkpt>
      <trkpt lat="19.5527138" lon="85.1159248">
      </trkpt>
      <trkpt lat="19.5524801" lon="85.1156404">
      </trkpt>
      <trkpt lat="19.5522108" lon="85.1152754">
      </trkpt>
      <trkpt lat="19.551707" lon="85.1145314">
      </trkpt>
      <trkpt lat="19.5510912" lon="85.1135978">
      </trkpt>
      <trkpt lat="19.5494219" lon="85.1110741">
      </trkpt>
      <trkpt lat="19.5479494" lon="85.1088614">
      </trkpt>
      <trkpt lat="19.546348" lon="85.1064543">
      </trkpt>
      <trkpt lat="19.5457776" lon="85.1055885">
      </trkpt>
      <trkpt lat="19.5449004" lon="85.1042647">
      </trkpt>
      <trkpt lat="19.5442319" lon="85.1032624">
      </trkpt>
      <trkpt lat="19.5424282" lon="85.1005617">
      </trkpt>
      <trkpt lat="19.5419797" lon="85.0998507">
      </trkpt>
      <trkpt lat="19.5415892" lon="85.0992341">
      </trkpt>
      <trkpt lat="19.5411245" lon="85.0984836">
      </trkpt>
      <trkpt lat="19.5406527" lon="85.0977134">
      </trkpt>
      <trkpt lat="19.5397293" lon="85.09625">
      </trkpt>
      <trkpt lat="19.5390589" lon="85.0952458">
      </trkpt>
      <trkpt lat="19.5377521" lon="85.0932848">
      </trkpt>
      <trkpt lat="19.5370465" lon="85.0923082">
      </trkpt>
      <trkpt lat="19.5364177" lon="85.0913789">
      </trkpt>
      <trkpt lat="19.5360836" lon="85.0909198">
      </trkpt>
      <trkpt lat="19.5358099" lon="85.0905963">
      </trkpt>
      <trkpt lat="19.535421" lon="85.0901935">
      </trkpt>
      <trkpt lat="19.5352585" lon="85.0900404">
      </trkpt>
      <trkpt lat="19.5350304" lon="85.0898255">
      </trkpt>
      <trkpt lat="19.5346288" lon="85.0895195">
      </trkpt>
      <trkpt lat="19.534243" lon="85.0892519">
      </trkpt>
      <trkpt lat="19.5339315" lon="85.0890507">
      </trkpt>
      <trkpt lat="19.5335963" lon="85.0888633">
      </trkpt>
      <trkpt lat="19.5330407" lon="85.0885898">
      </trkpt>
      <trkpt lat="19.5327173" lon="85.0884601">
      </trkpt>
      <trkpt lat="19.5324355" lon="85.0883565">
      </trkpt>
      <trkpt lat="19.5321426" lon="85.0882585">
      </trkpt>
      <trkpt lat="19.526582" lon="85.0869626">
      </trkpt>
      <trkpt lat="19.525441" lon="85.0866939">
      </trkpt>
      <trkpt lat="19.5233603" lon="85.0862119">
      </trkpt>
      <trkpt lat="19.5213345" lon="85.0857469">
      </trkpt>
      <trkpt lat="19.5190451" lon="85.0852064">
      </trkpt>
      <trkpt lat="19.5174006" lon="85.0848278">
      </trkpt>
      <trkpt lat="19.5164836" lon="85.0846862">
      </trkpt>
      <trkpt lat="19.5158491" lon="85.0846065">
      </trkpt>
      <trkpt lat="19.5153756" lon="85.0845641">
      </trkpt>
      <trkpt lat="19.5148707" lon="85.0845482">
      </trkpt>
      <trkpt lat="19.5139954" lon="85.0845561">
      </trkpt>
      <trkpt lat="19.5134282" lon="85.084588">
      </trkpt>
      <trkpt lat="19.5128833" lon="85.0846437">
      </trkpt>
      <trkpt lat="19.5121508" lon="85.0847365">
      </trkpt>
      <trkpt lat="19.511397" lon="85.0848487">
      </trkpt>
      <trkpt lat="19.509319" lon="85.0851772">
      </trkpt>
      <trkpt lat="19.508327" lon="85.085336">
      </trkpt>
      <trkpt lat="19.5052576" lon="85.0858243">
      </trkpt>
      <trkpt lat="19.5027734" lon="85.0862192">
      </trkpt>
      <trkpt lat="19.5013296" lon="85.0864506">
      </trkpt>
      <trkpt lat="19.5009329" lon="85.0865158">
      </trkpt>
      <trkpt lat="19.4997795" lon="85.0866907">
      </trkpt>
      <trkpt lat="19.4988686" lon="85.0868427">
      </trkpt>
      <trkpt lat="19.4968298" lon="85.0871714">
      </trkpt>
      <trkpt lat="19.4960089" lon="85.0872999">
      </trkpt>
      <trkpt lat="19.4944266" lon="85.0875555">
      </trkpt>
      <trkpt lat="19.4938084" lon="85.0876575">
      </trkpt>
      <trkpt lat="19.4931464" lon="85.0877615">
      </trkpt>
      <trkpt lat="19.4920293" lon="85.087938">
      </trkpt>
      <trkpt lat="19.4907941" lon="85.088133">
      </trkpt>
      <trkpt lat="19.4903122" lon="85.0881942">
      </trkpt>
      <trkpt lat="19.4895481" lon="85.088271">
      </trkpt>
      <trkpt lat="19.4887992" lon="85.0883004">
      </trkpt>
      <trkpt lat="19.4880318" lon="85.0882978">
      </trkpt>
      <trkpt lat="19.4872887" lon="85.0882507">
      </trkpt>
      <trkpt lat="19.486812" lon="85.088209">
      </trkpt>
      <trkpt lat="19.4862361" lon="85.088135">
      </trkpt>
      <trkpt lat="19.4856471" lon="85.0880275">
      </trkpt>
      <trkpt lat="19.4850444" lon="85.0878979">
      </trkpt>
      <trkpt lat="19.4845686" lon="85.0877805">
      </trkpt>
      <trkpt lat="19.4840919" lon="85.087643">
      </trkpt>
      <trkpt lat="19.4836186" lon="85.0874863">
      </trkpt>
      <trkpt lat="19.4831491" lon="85.0873181">
      </trkpt>
      <trkpt lat="19.481452" lon="85.0866443">
      </trkpt>
      <trkpt lat="19.4795563" lon="85.0858683">
      </trkpt>
      <trkpt lat="19.478284" lon="85.0853504">
      </trkpt>
      <trkpt lat="19.4771871" lon="85.0849291">
      </trkpt>
      <trkpt lat="19.4764743" lon="85.0846766">
      </trkpt>
      <trkpt lat="19.4757593" lon="85.0844777">
      </trkpt>
      <trkpt lat="19.4742962" lon="85.0841254">
      </trkpt>
      <trkpt lat="19.4732351" lon="85.0838758">
      </trkpt>
      <trkpt lat="19.4714629" lon="85.0834482">
      </trkpt>
      <trkpt lat="19.4701163" lon="85.083133">
      </trkpt>
      <trkpt lat="19.4694555" lon="85.0829709">
      </trkpt>
      <trkpt lat="19.4683865" lon="85.0827185">
      </trkpt>
      <trkpt lat="19.4669189" lon="85.0823617">
      </trkpt>
      <trkpt lat="19.4641559" lon="85.0817038">
      </trkpt>
      <trkpt lat="19.4636292" lon="85.0815767">
      </trkpt>
      <trkpt lat="19.4607098" lon="85.0808679">
      </trkpt>
      <trkpt lat="19.4580389" lon="85.0802438">
      </trkpt>
      <trkpt lat="19.4563948" lon="85.0798465">
      </trkpt>
      <trkpt lat="19.4510208" lon="85.0785511">
      </trkpt>
      <trkpt lat="19.4504161" lon="85.0784041">
      </trkpt>
      <trkpt lat="19.449973" lon="85.0782901">
      </trkpt>
      <trkpt lat="19.449437" lon="85.0781686">
      </trkpt>
      <trkpt lat="19.4485757" lon="85.0779594">
      </trkpt>
      <trkpt lat="19.4482636" lon="85.0778679">
      </trkpt>
      <trkpt lat="19.4479952" lon="85.0777744">
      </trkpt>
      <trkpt lat="19.4474143" lon="85.0775642">
      </trkpt>
      <trkpt lat="19.4470525" lon="85.0774336">
      </trkpt>
      <trkpt lat="19.4459174" lon="85.076987">
      </trkpt>
      <trkpt lat="19.4454173" lon="85.0767675">
      </trkpt>
      <trkpt lat="19.4449066" lon="85.0765474">
      </trkpt>
      <trkpt lat="19.4443627" lon="85.0763027">
      </trkpt>
      <trkpt lat="19.4435456" lon="85.0759622">
      </trkpt>
      <trkpt lat="19.4431617" lon="85.0758115">
      </trkpt>
      <trkpt lat="19.4423329" lon="85.075486">
      </trkpt>
      <trkpt lat="19.4417591" lon="85.0752836">
      </trkpt>
      <trkpt lat="19.4413594" lon="85.0751406">
      </trkpt>
      <trkpt lat="19.441037" lon="85.0750226">
      </trkpt>
      <trkpt lat="19.4403154" lon="85.0747756">
      </trkpt>
      <trkpt lat="19.4400215" lon="85.0746754">
      </trkpt>
      <trkpt lat="19.439731" lon="85.0745702">
      </trkpt>
      <trkpt lat="19.4391305" lon="85.0743161">
      </trkpt>
      <trkpt lat="19.4386297" lon="85.0741187">
      </trkpt>
      <trkpt lat="19.4379289" lon="85.0738449">
      </trkpt>
      <trkpt lat="19.4367925" lon="85.0733313">
      </trkpt>
      <trkpt lat="19.4363103" lon="85.0730789">
      </trkpt>
      <trkpt lat="19.4358749" lon="85.0728293">
      </trkpt>
      <trkpt lat="19.4353791" lon="85.0725309">
      </trkpt>
      <trkpt lat="19.4352516" lon="85.0724537">
      </trkpt>
      <trkpt lat="19.4351131" lon="85.0723698">
      </trkpt>
      <trkpt lat="19.4345802" lon="85.072047">
      </trkpt>
      <trkpt lat="19.43382" lon="85.0715914">
      </trkpt>
      <trkpt lat="19.4330272" lon="85.0711158">
      </trkpt>
      <trkpt lat="19.4310347" lon="85.0699384">
      </trkpt>
      <trkpt lat="19.4309653" lon="85.0698953">
      </trkpt>
      <trkpt lat="19.4243403" lon="85.0659666">
      </trkpt>
      <trkpt lat="19.4232583" lon="85.0653191">
      </trkpt>
      <trkpt lat="19.4226603" lon="85.0649594">
      </trkpt>
      <trkpt lat="19.4219996" lon="85.0645638">
      </trkpt>
      <trkpt lat="19.4208415" lon="85.0638764">
      </trkpt>
      <trkpt lat="19.4189932" lon="85.0627535">
      </trkpt>
      <trkpt lat="19.4154132" lon="85.0606299">
      </trkpt>
      <trkpt lat="19.4127329" lon="85.0590324">
      </trkpt>
      <trkpt lat="19.4118057" lon="85.0584914">
      </trkpt>
      <trkpt lat="19.4113714" lon="85.058216">
      </trkpt>
      <trkpt lat="19.4106157" lon="85.0577668">
      </trkpt>
      <trkpt lat="19.4092464" lon="85.0569551">
      </trkpt>
      <trkpt lat="19.408159" lon="85.0563178">
      </trkpt>
      <trkpt lat="19.4074479" lon="85.0558934">
      </trkpt>
      <trkpt lat="19.4061038" lon="85.0550822">
      </trkpt>
      <trkpt lat="19.4050849" lon="85.054485">
      </trkpt>
      <trkpt lat="19.4042546" lon="85.0539929">
      </trkpt>
      <trkpt lat="19.4034413" lon="85.0535031">
      </trkpt>
      <trkpt lat="19.4018657" lon="85.0525757">
      </trkpt>
      <trkpt lat="19.4013987" lon="85.052303">
      </trkpt>
      <trkpt lat="19.4008895" lon="85.0519981">
      </trkpt>
      <trkpt lat="19.4002227" lon="85.0516091">
      </trkpt>
      <trkpt lat="19.3996248" lon="85.0512561">
      </trkpt>
      <trkpt lat="19.3993857" lon="85.0510966">
      </trkpt>
      <trkpt lat="19.3991252" lon="85.0509064">
      </trkpt>
      <trkpt lat="19.3988088" lon="85.0506679">
      </trkpt>
      <trkpt lat="19.3985336" lon="85.050425">
      </trkpt>
      <trkpt lat="19.3982598" lon="85.0501607">
      </trkpt>
      <trkpt lat="19.397871" lon="85.0497518">
      </trkpt>
      <trkpt lat="19.3975408" lon="85.0493514">
      </trkpt>
      <trkpt lat="19.3971212" lon="85.048748">
      </trkpt>
      <trkpt lat="19.3968651" lon="85.0483362">
      </trkpt>
      <trkpt lat="19.3965636" lon="85.0478235">
      </trkpt>
      <trkpt lat="19.3962244" lon="85.0472461">
      </trkpt>
      <trkpt lat="19.3958446" lon="85.0466242">
      </trkpt>
      <trkpt lat="19.3953914" lon="85.0458448">
      </trkpt>
      <trkpt lat="19.3951835" lon="85.0454982">
      </trkpt>
      <trkpt lat="19.3949487" lon="85.0451079">
      </trkpt>
      <trkpt lat="19.3947003" lon="85.0446714">
      </trkpt>
      <trkpt lat="19.3943677" lon="85.0441184">
      </trkpt>
      <trkpt lat="19.3941582" lon="85.043777">
      </trkpt>
      <trkpt lat="19.3940026" lon="85.043526">
      </trkpt>
      <trkpt lat="19.3937566" lon="85.0431131">
      </trkpt>
      <trkpt lat="19.3934348" lon="85.0425672">
      </trkpt>
      <trkpt lat="19.3932766" lon="85.0422989">
      </trkpt>
      <trkpt lat="19.3928229" lon="85.0415372">
      </trkpt>
      <trkpt lat="19.3924533" lon="85.0408265">
      </trkpt>
      <trkpt lat="19.3919209" lon="85.0396522">
      </trkpt>
      <trkpt lat="19.3915341" lon="85.0387829">
      </trkpt>
      <trkpt lat="19.3913616" lon="85.0384337">
      </trkpt>
      <trkpt lat="19.3911805" lon="85.038084">
      </trkpt>
      <trkpt lat="19.3903057" lon="85.0365369">
      </trkpt>
      <trkpt lat="19.3879933" lon="85.0326735">
      </trkpt>
      <trkpt lat="19.3847199" lon="85.0271131">
      </trkpt>
      <trkpt lat="19.3844295" lon="85.0266241">
      </trkpt>
      <trkpt lat="19.3840391" lon="85.0259566">
      </trkpt>
      <trkpt lat="19.3835506" lon="85.0251828">
      </trkpt>
      <trkpt lat="19.3829629" lon="85.0242801">
      </trkpt>
      <trkpt lat="19.3821731" lon="85.0231191">
      </trkpt>
      <trkpt lat="19.3812205" lon="85.0217247">
      </trkpt>
      <trkpt lat="19.3806742" lon="85.0209605">
      </trkpt>
      <trkpt lat="19.3802698" lon="85.0205264">
      </trkpt>
      <trkpt lat="19.3798992" lon="85.020161">
      </trkpt>
      <trkpt lat="19.3793284" lon="85.0196594">
      </trkpt>
      <trkpt lat="19.3787591" lon="85.0192178">
      </trkpt>
      <trkpt lat="19.377914" lon="85.0185436">
      </trkpt>
      <trkpt lat="19.3776616" lon="85.0183453">
      </trkpt>
      <trkpt lat="19.3770952" lon="85.0178862">
      </trkpt>
      <trkpt lat="19.3759944" lon="85.0170261">
      </trkpt>
      <trkpt lat="19.3754838" lon="85.0165962">
      </trkpt>
      <trkpt lat="19.374811" lon="85.0160582">
      </trkpt>
      <trkpt lat="19.3736294" lon="85.015109">
      </trkpt>
      <trkpt lat="19.3714059" lon="85.013351">
      </trkpt>
      <trkpt lat="19.37114" lon="85.0131424">
      </trkpt>
      <trkpt lat="19.3709394" lon="85.0129851">
      </trkpt>
      <trkpt lat="19.3704061" lon="85.012543">
      </trkpt>
      <trkpt lat="19.3700219" lon="85.0121827">
      </trkpt>
      <trkpt lat="19.3696784" lon="85.0118215">
      </trkpt>
      <trkpt lat="19.3693984" lon="85.0114855">
      </trkpt>
      <trkpt lat="19.3692299" lon="85.0112654">
      </trkpt>
      <trkpt lat="19.3689579" lon="85.010871">
      </trkpt>
      <trkpt lat="19.3687904" lon="85.010594">
      </trkpt>
      <trkpt lat="19.3686089" lon="85.0102614">
      </trkpt>
      <trkpt lat="19.3680428" lon="85.0091068">
      </trkpt>
      <trkpt lat="19.3673653" lon="85.0076168">
      </trkpt>
      <trkpt lat="19.3666357" lon="85.0060397">
      </trkpt>
      <trkpt lat="19.3662" lon="85.0050861">
      </trkpt>
      <trkpt lat="19.365631" lon="85.0038581">
      </trkpt>
      <trkpt lat="19.3650752" lon="85.002632">
      </trkpt>
      <trkpt lat="19.3642213" lon="85.0007746">
      </trkpt>
      <trkpt lat="19.3633288" lon="84.9988577">
      </trkpt>
      <trkpt lat="19.3632682" lon="84.9987295">
      </trkpt>
      <trkpt lat="19.3630752" lon="84.9983287">
      </trkpt>
      <trkpt lat="19.3629734" lon="84.9981036">
      </trkpt>
      <trkpt lat="19.3626357" lon="84.9973746">
      </trkpt>
      <trkpt lat="19.362266" lon="84.9965618">
      </trkpt>
      <trkpt lat="19.362117" lon="84.9962231">
      </trkpt>
      <trkpt lat="19.3619897" lon="84.9959102">
      </trkpt>
      <trkpt lat="19.36181" lon="84.9954101">
      </trkpt>
      <trkpt lat="19.361678" lon="84.9949473">
      </trkpt>
      <trkpt lat="19.361598" lon="84.9946086">
      </trkpt>
      <trkpt lat="19.3614981" lon="84.9941215">
      </trkpt>
      <trkpt lat="19.3614314" lon="84.9936155">
      </trkpt>
      <trkpt lat="19.3613907" lon="84.9930453">
      </trkpt>
      <trkpt lat="19.3613681" lon="84.9923194">
      </trkpt>
      <trkpt lat="19.3613632" lon="84.9921618">
      </trkpt>
      <trkpt lat="19.3613605" lon="84.9920215">
      </trkpt>
      <trkpt lat="19.3613317" lon="84.9912835">
      </trkpt>
      <trkpt lat="19.3613059" lon="84.9905937">
      </trkpt>
      <trkpt lat="19.3612697" lon="84.9897073">
      </trkpt>
      <trkpt lat="19.3612339" lon="84.9891419">
      </trkpt>
      <trkpt lat="19.3612069" lon="84.9888498">
      </trkpt>
      <trkpt lat="19.3611818" lon="84.9886796">
      </trkpt>
      <trkpt lat="19.3611012" lon="84.9882179">
      </trkpt>
      <trkpt lat="19.3609523" lon="84.9875801">
      </trkpt>
      <trkpt lat="19.3607564" lon="84.9869609">
      </trkpt>
      <trkpt lat="19.360585" lon="84.9864463">
      </trkpt>
      <trkpt lat="19.3602784" lon="84.9855438">
      </trkpt>
      <trkpt lat="19.360241" lon="84.9854337">
      </trkpt>
      <trkpt lat="19.3597596" lon="84.9840167">
      </trkpt>
      <trkpt lat="19.3597486" lon="84.9839842">
      </trkpt>
      <trkpt lat="19.3587617" lon="84.981095">
      </trkpt>
      <trkpt lat="19.3585642" lon="84.980447">
      </trkpt>
      <trkpt lat="19.3584596" lon="84.9800596">
      </trkpt>
      <trkpt lat="19.3583703" lon="84.9796361">
      </trkpt>
      <trkpt lat="19.3583269" lon="84.9792613">
      </trkpt>
      <trkpt lat="19.3583091" lon="84.9789298">
      </trkpt>
      <trkpt lat="19.3583095" lon="84.9784511">
      </trkpt>
      <trkpt lat="19.3583455" lon="84.9780315">
      </trkpt>
      <trkpt lat="19.3583976" lon="84.9776948">
      </trkpt>
      <trkpt lat="19.3584772" lon="84.9772974">
      </trkpt>
      <trkpt lat="19.3586086" lon="84.9767912">
      </trkpt>
      <trkpt lat="19.3587202" lon="84.9763414">
      </trkpt>
      <trkpt lat="19.3589403" lon="84.9755686">
      </trkpt>
      <trkpt lat="19.3591996" lon="84.9747374">
      </trkpt>
      <trkpt lat="19.3594193" lon="84.9739284">
      </trkpt>
      <trkpt lat="19.3595897" lon="84.9733059">
      </trkpt>
      <trkpt lat="19.3597196" lon="84.9727274">
      </trkpt>
      <trkpt lat="19.3599355" lon="84.9717652">
      </trkpt>
      <trkpt lat="19.3602991" lon="84.9702663">
      </trkpt>
      <trkpt lat="19.3603846" lon="84.9698759">
      </trkpt>
      <trkpt lat="19.3604564" lon="84.9694049">
      </trkpt>
      <trkpt lat="19.360544" lon="84.9684743">
      </trkpt>
      <trkpt lat="19.3605513" lon="84.9683439">
      </trkpt>
      <trkpt lat="19.3605649" lon="84.9681023">
      </trkpt>
      <trkpt lat="19.3606574" lon="84.9668067">
      </trkpt>
      <trkpt lat="19.3607029" lon="84.9660947">
      </trkpt>
      <trkpt lat="19.3607118" lon="84.9659558">
      </trkpt>
      <trkpt lat="19.3607645" lon="84.9651325">
      </trkpt>
      <trkpt lat="19.3608779" lon="84.9635188">
      </trkpt>
      <trkpt lat="19.3609808" lon="84.9619593">
      </trkpt>
      <trkpt lat="19.3610064" lon="84.9615759">
      </trkpt>
      <trkpt lat="19.3610203" lon="84.9613681">
      </trkpt>
      <trkpt lat="19.3611784" lon="84.9590018">
      </trkpt>
      <trkpt lat="19.3612327" lon="84.9581772">
      </trkpt>
      <trkpt lat="19.361289" lon="84.9575206">
      </trkpt>
      <trkpt lat="19.3613433" lon="84.9571183">
      </trkpt>
      <trkpt lat="19.3614196" lon="84.9567039">
      </trkpt>
      <trkpt lat="19.3615041" lon="84.9563434">
      </trkpt>
      <trkpt lat="19.3615987" lon="84.9559983">
      </trkpt>
      <trkpt lat="19.3617031" lon="84.9556762">
      </trkpt>
      <trkpt lat="19.3619403" lon="84.9550624">
      </trkpt>
      <trkpt lat="19.3622039" lon="84.9544869">
      </trkpt>
      <trkpt lat="19.362759" lon="84.9534454">
      </trkpt>
      <trkpt lat="19.3633246" lon="84.9523689">
      </trkpt>
      <trkpt lat="19.3638551" lon="84.9513341">
      </trkpt>
      <trkpt lat="19.3640779" lon="84.9508081">
      </trkpt>
      <trkpt lat="19.3643167" lon="84.9501296">
      </trkpt>
      <trkpt lat="19.3644379" lon="84.949665">
      </trkpt>
      <trkpt lat="19.3645289" lon="84.9492412">
      </trkpt>
      <trkpt lat="19.3646036" lon="84.9487347">
      </trkpt>
      <trkpt lat="19.3646498" lon="84.9483463">
      </trkpt>
      <trkpt lat="19.3646721" lon="84.9479141">
      </trkpt>
      <trkpt lat="19.3646748" lon="84.9475602">
      </trkpt>
      <trkpt lat="19.3646673" lon="84.947286">
      </trkpt>
      <trkpt lat="19.364653" lon="84.9470429">
      </trkpt>
      <trkpt lat="19.3646068" lon="84.9465617">
      </trkpt>
      <trkpt lat="19.3645239" lon="84.945991">
      </trkpt>
      <trkpt lat="19.3642423" lon="84.9445445">
      </trkpt>
      <trkpt lat="19.3640269" lon="84.943487">
      </trkpt>
      <trkpt lat="19.3638947" lon="84.9428268">
      </trkpt>
      <trkpt lat="19.3637832" lon="84.9422511">
      </trkpt>
      <trkpt lat="19.3636602" lon="84.9415707">
      </trkpt>
      <trkpt lat="19.3635937" lon="84.9410742">
      </trkpt>
      <trkpt lat="19.3635586" lon="84.9404292">
      </trkpt>
      <trkpt lat="19.3635602" lon="84.940024">
      </trkpt>
      <trkpt lat="19.3635988" lon="84.9393137">
      </trkpt>
      <trkpt lat="19.3635992" lon="84.9393056">
      </trkpt>
      <trkpt lat="19.3636701" lon="84.938393">
      </trkpt>
      <trkpt lat="19.3637832" lon="84.9369409">
      </trkpt>
      <trkpt lat="19.3639662" lon="84.934617">
      </trkpt>
      <trkpt lat="19.3641187" lon="84.9326825">
      </trkpt>
      <trkpt lat="19.364259" lon="84.9308169">
      </trkpt>
      <trkpt lat="19.3643289" lon="84.9299585">
      </trkpt>
      <trkpt lat="19.3644166" lon="84.9288884">
      </trkpt>
      <trkpt lat="19.3644199" lon="84.9288484">
      </trkpt>
      <trkpt lat="19.3644331" lon="84.9286814">
      </trkpt>
      <trkpt lat="19.3645258" lon="84.9275061">
      </trkpt>
      <trkpt lat="19.3645895" lon="84.926643">
      </trkpt>
      <trkpt lat="19.3646779" lon="84.9256096">
      </trkpt>
      <trkpt lat="19.3648168" lon="84.9246212">
      </trkpt>
      <trkpt lat="19.3650703" lon="84.9232735">
      </trkpt>
      <trkpt lat="19.3653456" lon="84.9218462">
      </trkpt>
      <trkpt lat="19.3656189" lon="84.9204076">
      </trkpt>
      <trkpt lat="19.3657221" lon="84.9196783">
      </trkpt>
      <trkpt lat="19.3657571" lon="84.9191522">
      </trkpt>
      <trkpt lat="19.3657621" lon="84.9186576">
      </trkpt>
      <trkpt lat="19.3657448" lon="84.9182154">
      </trkpt>
      <trkpt lat="19.3657139" lon="84.9178737">
      </trkpt>
      <trkpt lat="19.3656753" lon="84.91755">
      </trkpt>
      <trkpt lat="19.3656183" lon="84.9171789">
      </trkpt>
      <trkpt lat="19.3655458" lon="84.916816">
      </trkpt>
      <trkpt lat="19.3654318" lon="84.9164">
      </trkpt>
      <trkpt lat="19.365245" lon="84.9158106">
      </trkpt>
      <trkpt lat="19.3649251" lon="84.9149394">
      </trkpt>
      <trkpt lat="19.3643831" lon="84.9134829">
      </trkpt>
      <trkpt lat="19.3642752" lon="84.913182">
      </trkpt>
      <trkpt lat="19.3638399" lon="84.9120095">
      </trkpt>
      <trkpt lat="19.3637964" lon="84.9118854">
      </trkpt>
      <trkpt lat="19.3637762" lon="84.9118335">
      </trkpt>
      <trkpt lat="19.3623651" lon="84.9080738">
      </trkpt>
      <trkpt lat="19.3621546" lon="84.9075594">
      </trkpt>
      <trkpt lat="19.3619425" lon="84.9070813">
      </trkpt>
      <trkpt lat="19.3617633" lon="84.9067346">
      </trkpt>
      <trkpt lat="19.3615825" lon="84.9064163">
      </trkpt>
      <trkpt lat="19.3613232" lon="84.9060259">
      </trkpt>
      <trkpt lat="19.3611604" lon="84.9057916">
      </trkpt>
      <trkpt lat="19.3608886" lon="84.9054386">
      </trkpt>
      <trkpt lat="19.360265" lon="84.9047257">
      </trkpt>
      <trkpt lat="19.3589702" lon="84.9032836">
      </trkpt>
      <trkpt lat="19.3583456" lon="84.9025916">
      </trkpt>
      <trkpt lat="19.3581302" lon="84.902353">
      </trkpt>
      <trkpt lat="19.3565563" lon="84.9006094">
      </trkpt>
      <trkpt lat="19.355698" lon="84.8996729">
      </trkpt>
      <trkpt lat="19.3547388" lon="84.8986146">
      </trkpt>
      <trkpt lat="19.3536187" lon="84.897372">
      </trkpt>
      <trkpt lat="19.3526205" lon="84.8962496">
      </trkpt>
      <trkpt lat="19.3521246" lon="84.8956087">
      </trkpt>
      <trkpt lat="19.3507293" lon="84.8936221">
      </trkpt>
      <trkpt lat="19.3507169" lon="84.8936049">
      </trkpt>
      <trkpt lat="19.3506859" lon="84.8935593">
      </trkpt>
      <trkpt lat="19.3470157" lon="84.8882497">
      </trkpt>
      <trkpt lat="19.3453896" lon="84.8858897">
      </trkpt>
      <trkpt lat="19.3453745" lon="84.8858681">
      </trkpt>
      <trkpt lat="19.3438071" lon="84.8836238">
      </trkpt>
      <trkpt lat="19.342481" lon="84.8816813">
      </trkpt>
      <trkpt lat="19.3412897" lon="84.8799332">
      </trkpt>
      <trkpt lat="19.3411684" lon="84.8797559">
      </trkpt>
      <trkpt lat="19.3405037" lon="84.8787817">
      </trkpt>
      <trkpt lat="19.3400592" lon="84.8782187">
      </trkpt>
      <trkpt lat="19.3395774" lon="84.8776671">
      </trkpt>
      <trkpt lat="19.3391266" lon="84.8771696">
      </trkpt>
      <trkpt lat="19.3378452" lon="84.875788">
      </trkpt>
      <trkpt lat="19.3351407" lon="84.8729431">
      </trkpt>
      <trkpt lat="19.3345137" lon="84.872265">
      </trkpt>
      <trkpt lat="19.3324724" lon="84.8700575">
      </trkpt>
      <trkpt lat="19.3316674" lon="84.869197">
      </trkpt>
      <trkpt lat="19.3313033" lon="84.8688123">
      </trkpt>
      <trkpt lat="19.3309615" lon="84.868464">
      </trkpt>
      <trkpt lat="19.3306108" lon="84.8681567">
      </trkpt>
      <trkpt lat="19.3303547" lon="84.8679324">
      </trkpt>
      <trkpt lat="19.3296735" lon="84.8674379">
      </trkpt>
      <trkpt lat="19.3287554" lon="84.8668203">
      </trkpt>
      <trkpt lat="19.3279755" lon="84.8663188">
      </trkpt>
      <trkpt lat="19.3263177" lon="84.8652143">
      </trkpt>
      <trkpt lat="19.3256488" lon="84.8647796">
      </trkpt>
      <trkpt lat="19.3249668" lon="84.8643207">
      </trkpt>
      <trkpt lat="19.3237516" lon="84.8635328">
      </trkpt>
      <trkpt lat="19.3225324" lon="84.8627153">
      </trkpt>
      <trkpt lat="19.3221106" lon="84.86243">
      </trkpt>
      <trkpt lat="19.3216045" lon="84.862098">
      </trkpt>
      <trkpt lat="19.3208223" lon="84.8615617">
      </trkpt>
      <trkpt lat="19.3204196" lon="84.8612789">
      </trkpt>
      <trkpt lat="19.3201125" lon="84.8610579">
      </trkpt>
      <trkpt lat="19.3194748" lon="84.8605286">
      </trkpt>
      <trkpt lat="19.3187201" lon="84.8598454">
      </trkpt>
      <trkpt lat="19.3180447" lon="84.8591264">
      </trkpt>
      <trkpt lat="19.317394" lon="84.8583614">
      </trkpt>
      <trkpt lat="19.3167909" lon="84.8575529">
      </trkpt>
      <trkpt lat="19.3162661" lon="84.8567657">
      </trkpt>
      <trkpt lat="19.3158664" lon="84.8560795">
      </trkpt>
      <trkpt lat="19.3154419" lon="84.8552816">
      </trkpt>
      <trkpt lat="19.3150716" lon="84.8544824">
      </trkpt>
      <trkpt lat="19.3147975" lon="84.853768">
      </trkpt>
      <trkpt lat="19.3146611" lon="84.8533609">
      </trkpt>
      <trkpt lat="19.3144752" lon="84.8528126">
      </trkpt>
      <trkpt lat="19.3142211" lon="84.8519622">
      </trkpt>
      <trkpt lat="19.3141003" lon="84.8514336">
      </trkpt>
      <trkpt lat="19.3139856" lon="84.8508196">
      </trkpt>
      <trkpt lat="19.3138077" lon="84.8496436">
      </trkpt>
      <trkpt lat="19.3133571" lon="84.8462633">
      </trkpt>
      <trkpt lat="19.313305" lon="84.84579">
      </trkpt>
      <trkpt lat="19.3131719" lon="84.8448084">
      </trkpt>
      <trkpt lat="19.3130661" lon="84.8441967">
      </trkpt>
      <trkpt lat="19.3129343" lon="84.8435774">
      </trkpt>
      <trkpt lat="19.3127775" lon="84.8430191">
      </trkpt>
      <trkpt lat="19.3124291" lon="84.8419374">
      </trkpt>
      <trkpt lat="19.3122434" lon="84.8413607">
      </trkpt>
      <trkpt lat="19.3122313" lon="84.8413239">
      </trkpt>
      <trkpt lat="19.311974" lon="84.84054">
      </trkpt>
      <trkpt lat="19.311457" lon="84.8389921">
      </trkpt>
      <trkpt lat="19.3113471" lon="84.8386832">
      </trkpt>
      <trkpt lat="19.3112878" lon="84.8385164">
      </trkpt>
      <trkpt lat="19.3112567" lon="84.838429">
      </trkpt>
      <trkpt lat="19.3108047" lon="84.8372304">
      </trkpt>
      <trkpt lat="19.3103798" lon="84.8359761">
      </trkpt>
      <trkpt lat="19.3097721" lon="84.8341439">
      </trkpt>
      <trkpt lat="19.3093044" lon="84.8327028">
      </trkpt>
      <trkpt lat="19.3089922" lon="84.831741">
      </trkpt>
      <trkpt lat="19.3087597" lon="84.8310396">
      </trkpt>
      <trkpt lat="19.3081721" lon="84.8292671">
      </trkpt>
      <trkpt lat="19.3072024" lon="84.8263187">
      </trkpt>
      <trkpt lat="19.3060414" lon="84.8227697">
      </trkpt>
      <trkpt lat="19.3056124" lon="84.8214899">
      </trkpt>
      <trkpt lat="19.305444" lon="84.8210506">
      </trkpt>
      <trkpt lat="19.305398" lon="84.8209308">
      </trkpt>
      <trkpt lat="19.3051286" lon="84.8203004">
      </trkpt>
      <trkpt lat="19.304135" lon="84.8182461">
      </trkpt>
      <trkpt lat="19.3039018" lon="84.8177362">
      </trkpt>
      <trkpt lat="19.3037414" lon="84.8173267">
      </trkpt>
      <trkpt lat="19.3035939" lon="84.8168747">
      </trkpt>
      <trkpt lat="19.3034736" lon="84.8164363">
      </trkpt>
      <trkpt lat="19.3033677" lon="84.815969">
      </trkpt>
      <trkpt lat="19.3032679" lon="84.8153032">
      </trkpt>
      <trkpt lat="19.3031759" lon="84.8137936">
      </trkpt>
      <trkpt lat="19.3030871" lon="84.8118172">
      </trkpt>
      <trkpt lat="19.3029889" lon="84.809676">
      </trkpt>
      <trkpt lat="19.3029368" lon="84.8084933">
      </trkpt>
      <trkpt lat="19.302878" lon="84.8071575">
      </trkpt>
      <trkpt lat="19.3028311" lon="84.8061686">
      </trkpt>
      <trkpt lat="19.3028056" lon="84.8057763">
      </trkpt>
      <trkpt lat="19.3027424" lon="84.8052327">
      </trkpt>
      <trkpt lat="19.3026894" lon="84.8049118">
      </trkpt>
      <trkpt lat="19.3026157" lon="84.804573">
      </trkpt>
      <trkpt lat="19.3025227" lon="84.8042437">
      </trkpt>
      <trkpt lat="19.3024008" lon="84.8038956">
      </trkpt>
      <trkpt lat="19.3022539" lon="84.8035288">
      </trkpt>
      <trkpt lat="19.3020993" lon="84.8032004">
      </trkpt>
      <trkpt lat="19.3019341" lon="84.8028848">
      </trkpt>
      <trkpt lat="19.3017601" lon="84.8025907">
      </trkpt>
      <trkpt lat="19.3015667" lon="84.8022924">
      </trkpt>
      <trkpt lat="19.3013683" lon="84.8020269">
      </trkpt>
      <trkpt lat="19.301171" lon="84.8017878">
      </trkpt>
      <trkpt lat="19.3009908" lon="84.8016009">
      </trkpt>
      <trkpt lat="19.3007366" lon="84.8013456">
      </trkpt>
      <trkpt lat="19.2999942" lon="84.8006548">
      </trkpt>
      <trkpt lat="19.2997875" lon="84.8004625">
      </trkpt>
      <trkpt lat="19.2995116" lon="84.8002061">
      </trkpt>
      <trkpt lat="19.2983145" lon="84.7990938">
      </trkpt>
      <trkpt lat="19.2972424" lon="84.7981078">
      </trkpt>
      <trkpt lat="19.2967369" lon="84.7976341">
      </trkpt>
      <trkpt lat="19.2960282" lon="84.7969648">
      </trkpt>
      <trkpt lat="19.294808" lon="84.7958358">
      </trkpt>
      <trkpt lat="19.2937635" lon="84.7948546">
      </trkpt>
      <trkpt lat="19.2929373" lon="84.7940831">
      </trkpt>
      <trkpt lat="19.2924367" lon="84.7936192">
      </trkpt>
      <trkpt lat="19.2906681" lon="84.7919158">
      </trkpt>
      <trkpt lat="19.2861381" lon="84.787681">
      </trkpt>
      <trkpt lat="19.2858546" lon="84.7874174">
      </trkpt>
      <trkpt lat="19.2835678" lon="84.78528">
      </trkpt>
      <trkpt lat="19.2825854" lon="84.784368">
      </trkpt>
      <trkpt lat="19.2817374" lon="84.783573">
      </trkpt>
      <trkpt lat="19.2813383" lon="84.7832119">
      </trkpt>
      <trkpt lat="19.2802215" lon="84.7822015">
      </trkpt>
      <trkpt lat="19.2797404" lon="84.7817926">
      </trkpt>
      <trkpt lat="19.2795078" lon="84.7816117">
      </trkpt>
      <trkpt lat="19.2792076" lon="84.7813991">
      </trkpt>
      <trkpt lat="19.2785247" lon="84.7809896">
      </trkpt>
      <trkpt lat="19.2781232" lon="84.7807829">
      </trkpt>
      <trkpt lat="19.277157" lon="84.7802423">
      </trkpt>
      <trkpt lat="19.2759919" lon="84.7796182">
      </trkpt>
      <trkpt lat="19.2755847" lon="84.7793777">
      </trkpt>
      <trkpt lat="19.2755488" lon="84.7793498">
      </trkpt>
      <trkpt lat="19.2751738" lon="84.7790855">
      </trkpt>
      <trkpt lat="19.2748474" lon="84.7788311">
      </trkpt>
      <trkpt lat="19.2744084" lon="84.7784495">
      </trkpt>
      <trkpt lat="19.274172" lon="84.778203">
      </trkpt>
      <trkpt lat="19.2737517" lon="84.7777677">
      </trkpt>
      <trkpt lat="19.2734703" lon="84.7773821">
      </trkpt>
      <trkpt lat="19.2729018" lon="84.7765394">
      </trkpt>
      <trkpt lat="19.2721869" lon="84.7754879">
      </trkpt>
      <trkpt lat="19.2701737" lon="84.7725085">
      </trkpt>
      <trkpt lat="19.2685221" lon="84.7700559">
      </trkpt>
      <trkpt lat="19.268343" lon="84.7698128">
      </trkpt>
      <trkpt lat="19.2681413" lon="84.7695457">
      </trkpt>
      <trkpt lat="19.2677632" lon="84.7691227">
      </trkpt>
      <trkpt lat="19.2673625" lon="84.7687095">
      </trkpt>
      <trkpt lat="19.2670295" lon="84.7683834">
      </trkpt>
      <trkpt lat="19.2652423" lon="84.7665948">
      </trkpt>
      <trkpt lat="19.2649516" lon="84.7663003">
      </trkpt>
      <trkpt lat="19.2639366" lon="84.7653052">
      </trkpt>
      <trkpt lat="19.2634431" lon="84.7649089">
      </trkpt>
      <trkpt lat="19.263045" lon="84.7646475">
      </trkpt>
      <trkpt lat="19.2626444" lon="84.7644001">
      </trkpt>
      <trkpt lat="19.2616174" lon="84.7638492">
      </trkpt>
      <trkpt lat="19.260237" lon="84.7630998">
      </trkpt>
      <trkpt lat="19.2585676" lon="84.7622053">
      </trkpt>
      <trkpt lat="19.257513" lon="84.7616309">
      </trkpt>
      <trkpt lat="19.2563121" lon="84.7609889">
      </trkpt>
      <trkpt lat="19.2560584" lon="84.7608545">
      </trkpt>
      <trkpt lat="19.2551675" lon="84.7603827">
      </trkpt>
      <trkpt lat="19.2538728" lon="84.7596791">
      </trkpt>
      <trkpt lat="19.2526906" lon="84.7590192">
      </trkpt>
      <trkpt lat="19.2520301" lon="84.7586435">
      </trkpt>
      <trkpt lat="19.2515141" lon="84.7583215">
      </trkpt>
      <trkpt lat="19.2510056" lon="84.7579598">
      </trkpt>
      <trkpt lat="19.2502906" lon="84.7574172">
      </trkpt>
      <trkpt lat="19.249131" lon="84.7565128">
      </trkpt>
      <trkpt lat="19.2479769" lon="84.7556244">
      </trkpt>
      <trkpt lat="19.2467197" lon="84.7546763">
      </trkpt>
      <trkpt lat="19.245453" lon="84.7536268">
      </trkpt>
      <trkpt lat="19.244344" lon="84.7527622">
      </trkpt>
      <trkpt lat="19.243128" lon="84.751834">
      </trkpt>
      <trkpt lat="19.2418801" lon="84.75087">
      </trkpt>
      <trkpt lat="19.2415348" lon="84.7505957">
      </trkpt>
      <trkpt lat="19.2412458" lon="84.750385">
      </trkpt>
      <trkpt lat="19.2400373" lon="84.7494707">
      </trkpt>
      <trkpt lat="19.2399807" lon="84.7494109">
      </trkpt>
      <trkpt lat="19.2380567" lon="84.7479224">
      </trkpt>
      <trkpt lat="19.2363214" lon="84.7466215">
      </trkpt>
      <trkpt lat="19.2343941" lon="84.7451308">
      </trkpt>
      <trkpt lat="19.2334051" lon="84.7444928">
      </trkpt>
      <trkpt lat="19.2329659" lon="84.7442602">
      </trkpt>
      <trkpt lat="19.2322021" lon="84.7439303">
      </trkpt>
      <trkpt lat="19.2318516" lon="84.7437864">
      </trkpt>
      <trkpt lat="19.2311019" lon="84.7436051">
      </trkpt>
      <trkpt lat="19.229471" lon="84.7432964">
      </trkpt>
      <trkpt lat="19.2280245" lon="84.7430856">
      </trkpt>
      <trkpt lat="19.2264533" lon="84.7428326">
      </trkpt>
      <trkpt lat="19.2243459" lon="84.7425066">
      </trkpt>
      <trkpt lat="19.2241946" lon="84.7424813">
      </trkpt>
      <trkpt lat="19.2230639" lon="84.7422817">
      </trkpt>
      <trkpt lat="19.2222119" lon="84.7421018">
      </trkpt>
      <trkpt lat="19.2216731" lon="84.7419556">
      </trkpt>
      <trkpt lat="19.2207787" lon="84.7416043">
      </trkpt>
      <trkpt lat="19.2199904" lon="84.7412276">
      </trkpt>
      <trkpt lat="19.219064" lon="84.7406514">
      </trkpt>
      <trkpt lat="19.2180475" lon="84.7399852">
      </trkpt>
      <trkpt lat="19.2164523" lon="84.7389566">
      </trkpt>
      <trkpt lat="19.2158654" lon="84.7385945">
      </trkpt>
      <trkpt lat="19.214926" lon="84.7379838">
      </trkpt>
      <trkpt lat="19.2133096" lon="84.7369072">
      </trkpt>
      <trkpt lat="19.2103526" lon="84.7349677">
      </trkpt>
      <trkpt lat="19.2099996" lon="84.7347681">
      </trkpt>
      <trkpt lat="19.2093439" lon="84.7344899">
      </trkpt>
      <trkpt lat="19.2087334" lon="84.7342678">
      </trkpt>
      <trkpt lat="19.2078935" lon="84.7340597">
      </trkpt>
      <trkpt lat="19.2075788" lon="84.7340008">
      </trkpt>
      <trkpt lat="19.2066232" lon="84.7339446">
      </trkpt>
      <trkpt lat="19.2050544" lon="84.7339755">
      </trkpt>
      <trkpt lat="19.2033927" lon="84.7340064">
      </trkpt>
      <trkpt lat="19.2014043" lon="84.734034">
      </trkpt>
      <trkpt lat="19.1981874" lon="84.7340739">
      </trkpt>
      <trkpt lat="19.1977547" lon="84.7340176">
      </trkpt>
      <trkpt lat="19.1973074" lon="84.7339263">
      </trkpt>
      <trkpt lat="19.1970685" lon="84.733863">
      </trkpt>
      <trkpt lat="19.1964778" lon="84.7336719">
      </trkpt>
      <trkpt lat="19.1958885" lon="84.7334288">
      </trkpt>
      <trkpt lat="19.1952354" lon="84.7331041">
      </trkpt>
      <trkpt lat="19.1947191" lon="84.7327598">
      </trkpt>
      <trkpt lat="19.1942887" lon="84.7324528">
      </trkpt>
      <trkpt lat="19.1921458" lon="84.7307671">
      </trkpt>
      <trkpt lat="19.1908846" lon="84.7297737">
      </trkpt>
      <trkpt lat="19.1902245" lon="84.7292602">
      </trkpt>
      <trkpt lat="19.1889696" lon="84.7282593">
      </trkpt>
      <trkpt lat="19.1876382" lon="84.7272193">
      </trkpt>
      <trkpt lat="19.1869626" lon="84.7266683">
      </trkpt>
      <trkpt lat="19.1862896" lon="84.7261272">
      </trkpt>
      <trkpt lat="19.1857321" lon="84.7257183">
      </trkpt>
      <trkpt lat="19.1850445" lon="84.7251659">
      </trkpt>
      <trkpt lat="19.1835021" lon="84.7239586">
      </trkpt>
      <trkpt lat="19.1802244" lon="84.7213839">
      </trkpt>
      <trkpt lat="19.1788916" lon="84.7202967">
      </trkpt>
      <trkpt lat="19.1783359" lon="84.719923">
      </trkpt>
      <trkpt lat="19.1774517" lon="84.7192969">
      </trkpt>
      <trkpt lat="19.1764492" lon="84.7185992">
      </trkpt>
      <trkpt lat="19.1754899" lon="84.7179712">
      </trkpt>
      <trkpt lat="19.1744799" lon="84.7173192">
      </trkpt>
      <trkpt lat="19.1741062" lon="84.7170672">
      </trkpt>
      <trkpt lat="19.1734267" lon="84.7165898">
      </trkpt>
      <trkpt lat="19.1713334" lon="84.715117">
      </trkpt>
      <trkpt lat="19.1701563" lon="84.7143239">
      </trkpt>
      <trkpt lat="19.1692477" lon="84.7137038">
      </trkpt>
      <trkpt lat="19.1680837" lon="84.7128908">
      </trkpt>
      <trkpt lat="19.1669253" lon="84.7120859">
      </trkpt>
      <trkpt lat="19.1650535" lon="84.7107085">
      </trkpt>
      <trkpt lat="19.1633506" lon="84.7093012">
      </trkpt>
      <trkpt lat="19.1631981" lon="84.7091725">
      </trkpt>
      <trkpt lat="19.1623612" lon="84.7084664">
      </trkpt>
      <trkpt lat="19.1613849" lon="84.7076535">
      </trkpt>
      <trkpt lat="19.1603054" lon="84.7067472">
      </trkpt>
      <trkpt lat="19.159284" lon="84.7059044">
      </trkpt>
      <trkpt lat="19.1590174" lon="84.7056778">
      </trkpt>
      <trkpt lat="19.1584635" lon="84.7052127">
      </trkpt>
      <trkpt lat="19.1575097" lon="84.7044316">
      </trkpt>
      <trkpt lat="19.1567775" lon="84.7038174">
      </trkpt>
      <trkpt lat="19.1566686" lon="84.70372">
      </trkpt>
      <trkpt lat="19.1555158" lon="84.702764">
      </trkpt>
      <trkpt lat="19.1546408" lon="84.7020405">
      </trkpt>
      <trkpt lat="19.1534993" lon="84.7010805">
      </trkpt>
      <trkpt lat="19.151862" lon="84.6997806">
      </trkpt>
      <trkpt lat="19.1514693" lon="84.6994994">
      </trkpt>
      <trkpt lat="19.151111" lon="84.699242">
      </trkpt>
      <trkpt lat="19.1501271" lon="84.6986854">
      </trkpt>
      <trkpt lat="19.149177" lon="84.6981885">
      </trkpt>
      <trkpt lat="19.1481537" lon="84.6976479">
      </trkpt>
      <trkpt lat="19.1469351" lon="84.6970079">
      </trkpt>
      <trkpt lat="19.1457691" lon="84.6963897">
      </trkpt>
      <trkpt lat="19.1447927" lon="84.6958829">
      </trkpt>
      <trkpt lat="19.1438107" lon="84.6953582">
      </trkpt>
      <trkpt lat="19.1427047" lon="84.6947798">
      </trkpt>
      <trkpt lat="19.1411374" lon="84.6939512">
      </trkpt>
      <trkpt lat="19.1410392" lon="84.6938993">
      </trkpt>
      <trkpt lat="19.1393699" lon="84.6930148">
      </trkpt>
      <trkpt lat="19.1377986" lon="84.6921778">
      </trkpt>
      <trkpt lat="19.1339945" lon="84.6901706">
      </trkpt>
      <trkpt lat="19.1326684" lon="84.6894886">
      </trkpt>
      <trkpt lat="19.1318319" lon="84.6890346">
      </trkpt>
      <trkpt lat="19.1308679" lon="84.68853">
      </trkpt>
      <trkpt lat="19.1299371" lon="84.6880367">
      </trkpt>
      <trkpt lat="19.1290129" lon="84.6875518">
      </trkpt>
      <trkpt lat="19.1259541" lon="84.6859038">
      </trkpt>
      <trkpt lat="19.124033" lon="84.6848563">
      </trkpt>
      <trkpt lat="19.1227654" lon="84.6841745">
      </trkpt>
      <trkpt lat="19.120172" lon="84.682815">
      </trkpt>
      <trkpt lat="19.1189081" lon="84.6821373">
      </trkpt>
      <trkpt lat="19.1178227" lon="84.6816443">
      </trkpt>
      <trkpt lat="19.1172611" lon="84.6814376">
      </trkpt>
      <trkpt lat="19.1164366" lon="84.6811684">
      </trkpt>
      <trkpt lat="19.1156797" lon="84.68098">
      </trkpt>
      <trkpt lat="19.1154051" lon="84.6809268">
      </trkpt>
      <trkpt lat="19.1149254" lon="84.6808339">
      </trkpt>
      <trkpt lat="19.1143557" lon="84.6807453">
      </trkpt>
      <trkpt lat="19.1127914" lon="84.6805668">
      </trkpt>
      <trkpt lat="19.1120875" lon="84.6804895">
      </trkpt>
      <trkpt lat="19.1114249" lon="84.680415">
      </trkpt>
      <trkpt lat="19.1090066" lon="84.680148">
      </trkpt>
      <trkpt lat="19.1044685" lon="84.6796709">
      </trkpt>
      <trkpt lat="19.1034144" lon="84.6794388">
      </trkpt>
      <trkpt lat="19.1031852" lon="84.6793832">
      </trkpt>
      <trkpt lat="19.1029176" lon="84.6792818">
      </trkpt>
      <trkpt lat="19.1026321" lon="84.6791715">
      </trkpt>
      <trkpt lat="19.1022546" lon="84.6789886">
      </trkpt>
      <trkpt lat="19.1020039" lon="84.6788634">
      </trkpt>
      <trkpt lat="19.1014583" lon="84.6785494">
      </trkpt>
      <trkpt lat="19.1008864" lon="84.6782651">
      </trkpt>
      <trkpt lat="19.1002748" lon="84.6779176">
      </trkpt>
      <trkpt lat="19.1001527" lon="84.6778487">
      </trkpt>
      <trkpt lat="19.0993239" lon="84.6773821">
      </trkpt>
      <trkpt lat="19.0982827" lon="84.6768003">
      </trkpt>
      <trkpt lat="19.0973265" lon="84.6763294">
      </trkpt>
      <trkpt lat="19.0963005" lon="84.675777">
      </trkpt>
      <trkpt lat="19.095727" lon="84.6754202">
      </trkpt>
      <trkpt lat="19.0952464" lon="84.6750429">
      </trkpt>
      <trkpt lat="19.094669" lon="84.6745467">
      </trkpt>
      <trkpt lat="19.0941071" lon="84.6738947">
      </trkpt>
      <trkpt lat="19.0935529" lon="84.6731524">
      </trkpt>
      <trkpt lat="19.0924484" lon="84.6714217">
      </trkpt>
      <trkpt lat="19.0910788" lon="84.6694061">
      </trkpt>
      <trkpt lat="19.0904448" lon="84.6684342">
      </trkpt>
      <trkpt lat="19.0891395" lon="84.6664721">
      </trkpt>
      <trkpt lat="19.0888566" lon="84.6660681">
      </trkpt>
      <trkpt lat="19.0886823" lon="84.6658606">
      </trkpt>
      <trkpt lat="19.0885485" lon="84.6656949">
      </trkpt>
      <trkpt lat="19.088188" lon="84.6653053">
      </trkpt>
      <trkpt lat="19.0879361" lon="84.665049">
      </trkpt>
      <trkpt lat="19.0874381" lon="84.6646225">
      </trkpt>
      <trkpt lat="19.086849" lon="84.6641407">
      </trkpt>
      <trkpt lat="19.085824" lon="84.6633266">
      </trkpt>
      <trkpt lat="19.0848066" lon="84.6624859">
      </trkpt>
      <trkpt lat="19.0845431" lon="84.6622809">
      </trkpt>
      <trkpt lat="19.0842136" lon="84.6620286">
      </trkpt>
      <trkpt lat="19.0832389" lon="84.661231">
      </trkpt>
      <trkpt lat="19.0820859" lon="84.6603124">
      </trkpt>
      <trkpt lat="19.0810647" lon="84.6594778">
      </trkpt>
      <trkpt lat="19.079931" lon="84.6584772">
      </trkpt>
      <trkpt lat="19.0787489" lon="84.6575093">
      </trkpt>
      <trkpt lat="19.0783245" lon="84.6571689">
      </trkpt>
      <trkpt lat="19.0778401" lon="84.6567711">
      </trkpt>
      <trkpt lat="19.0770901" lon="84.6562175">
      </trkpt>
      <trkpt lat="19.0761289" lon="84.6554875">
      </trkpt>
      <trkpt lat="19.0749933" lon="84.6545833">
      </trkpt>
      <trkpt lat="19.07491" lon="84.6545166">
      </trkpt>
      <trkpt lat="19.0737744" lon="84.6536072">
      </trkpt>
      <trkpt lat="19.0725593" lon="84.6526476">
      </trkpt>
      <trkpt lat="19.071505" lon="84.6518048">
      </trkpt>
      <trkpt lat="19.0706883" lon="84.6511543">
      </trkpt>
      <trkpt lat="19.0700853" lon="84.6506585">
      </trkpt>
      <trkpt lat="19.0684382" lon="84.6493419">
      </trkpt>
      <trkpt lat="19.0675584" lon="84.6486344">
      </trkpt>
      <trkpt lat="19.0674131" lon="84.6485184">
      </trkpt>
      <trkpt lat="19.0661962" lon="84.6475614">
      </trkpt>
      <trkpt lat="19.0648971" lon="84.6465233">
      </trkpt>
      <trkpt lat="19.0648453" lon="84.646482">
      </trkpt>
      <trkpt lat="19.0633102" lon="84.645256">
      </trkpt>
      <trkpt lat="19.0617561" lon="84.6439859">
      </trkpt>
      <trkpt lat="19.0611997" lon="84.6434378">
      </trkpt>
      <trkpt lat="19.0607283" lon="84.6429158">
      </trkpt>
      <trkpt lat="19.0601226" lon="84.6421909">
      </trkpt>
      <trkpt lat="19.059621" lon="84.6415384">
      </trkpt>
      <trkpt lat="19.0584835" lon="84.640074">
      </trkpt>
      <trkpt lat="19.0567732" lon="84.6378759">
      </trkpt>
      <trkpt lat="19.055754" lon="84.636576">
      </trkpt>
      <trkpt lat="19.0553589" lon="84.6360722">
      </trkpt>
      <trkpt lat="19.054172" lon="84.634544">
      </trkpt>
      <trkpt lat="19.0532093" lon="84.6334353">
      </trkpt>
      <trkpt lat="19.0531853" lon="84.6334304">
      </trkpt>
      <trkpt lat="19.0526672" lon="84.6328969">
      </trkpt>
      <trkpt lat="19.05196" lon="84.6322647">
      </trkpt>
      <trkpt lat="19.0512638" lon="84.6316615">
      </trkpt>
      <trkpt lat="19.0498549" lon="84.630461">
      </trkpt>
      <trkpt lat="19.0486845" lon="84.6295301">
      </trkpt>
      <trkpt lat="19.0469604" lon="84.6281179">
      </trkpt>
      <trkpt lat="19.0451567" lon="84.6266187">
      </trkpt>
      <trkpt lat="19.0450778" lon="84.6265538">
      </trkpt>
      <trkpt lat="19.0436272" lon="84.6253601">
      </trkpt>
      <trkpt lat="19.0420729" lon="84.6240581">
      </trkpt>
      <trkpt lat="19.0406009" lon="84.6228895">
      </trkpt>
      <trkpt lat="19.0395229" lon="84.62199">
      </trkpt>
      <trkpt lat="19.0393753" lon="84.6218706">
      </trkpt>
      <trkpt lat="19.0391974" lon="84.6217382">
      </trkpt>
      <trkpt lat="19.0374595" lon="84.6203492">
      </trkpt>
      <trkpt lat="19.0367833" lon="84.6198562">
      </trkpt>
      <trkpt lat="19.0357599" lon="84.6189747">
      </trkpt>
      <trkpt lat="19.033926" lon="84.6174406">
      </trkpt>
      <trkpt lat="19.0320701" lon="84.6159298">
      </trkpt>
      <trkpt lat="19.0304156" lon="84.6146527">
      </trkpt>
      <trkpt lat="19.030228" lon="84.6144944">
      </trkpt>
      <trkpt lat="19.0296942" lon="84.6140492">
      </trkpt>
      <trkpt lat="19.0291047" lon="84.613506">
      </trkpt>
      <trkpt lat="19.0287281" lon="84.6131842">
      </trkpt>
      <trkpt lat="19.0280955" lon="84.612641">
      </trkpt>
      <trkpt lat="19.0271497" lon="84.6118632">
      </trkpt>
      <trkpt lat="19.0265335" lon="84.6113549">
      </trkpt>
      <trkpt lat="19.0258362" lon="84.610801">
      </trkpt>
      <trkpt lat="19.0253062" lon="84.6103692">
      </trkpt>
      <trkpt lat="19.024655" lon="84.6098384">
      </trkpt>
      <trkpt lat="19.0244623" lon="84.6096846">
      </trkpt>
      <trkpt lat="19.0232044" lon="84.6086048">
      </trkpt>
      <trkpt lat="19.021798" lon="84.6074304">
      </trkpt>
      <trkpt lat="19.0204848" lon="84.6063081">
      </trkpt>
      <trkpt lat="19.0192374" lon="84.6053541">
      </trkpt>
      <trkpt lat="19.0182888" lon="84.6048118">
      </trkpt>
      <trkpt lat="19.0174353" lon="84.6044308">
      </trkpt>
      <trkpt lat="19.0169729" lon="84.6040868">
      </trkpt>
      <trkpt lat="19.0153389" lon="84.603214">
      </trkpt>
      <trkpt lat="19.0146104" lon="84.6029113">
      </trkpt>
      <trkpt lat="19.0134603" lon="84.602289">
      </trkpt>
      <trkpt lat="19.013241" lon="84.6021616">
      </trkpt>
      <trkpt lat="19.0126666" lon="84.6018586">
      </trkpt>
      <trkpt lat="19.0122438" lon="84.6016424">
      </trkpt>
      <trkpt lat="19.0118107" lon="84.6014227">
      </trkpt>
      <trkpt lat="19.0112845" lon="84.6011505">
      </trkpt>
      <trkpt lat="19.010456" lon="84.6006041">
      </trkpt>
      <trkpt lat="19.0088466" lon="84.5997457">
      </trkpt>
      <trkpt lat="19.0085686" lon="84.5996819">
      </trkpt>
      <trkpt lat="19.0081489" lon="84.59947">
      </trkpt>
      <trkpt lat="19.0073297" lon="84.5990476">
      </trkpt>
      <trkpt lat="19.0056031" lon="84.5980029">
      </trkpt>
      <trkpt lat="19.0042615" lon="84.5973822">
      </trkpt>
      <trkpt lat="19.0040403" lon="84.5971736">
      </trkpt>
      <trkpt lat="19.0025954" lon="84.5963906">
      </trkpt>
      <trkpt lat="19.0021918" lon="84.5962554">
      </trkpt>
      <trkpt lat="19.0009618" lon="84.5955849">
      </trkpt>
      <trkpt lat="18.9999372" lon="84.5950538">
      </trkpt>
      <trkpt lat="18.999146" lon="84.5946461">
      </trkpt>
      <trkpt lat="18.9984559" lon="84.5942718">
      </trkpt>
      <trkpt lat="18.9962589" lon="84.5929978">
      </trkpt>
      <trkpt lat="18.9945726" lon="84.5920698">
      </trkpt>
      <trkpt lat="18.9930536" lon="84.591168">
      </trkpt>
      <trkpt lat="18.9922596" lon="84.5905641">
      </trkpt>
      <trkpt lat="18.9908189" lon="84.589373">
      </trkpt>
      <trkpt lat="18.9892614" lon="84.588126">
      </trkpt>
      <trkpt lat="18.9878766" lon="84.5870009">
      </trkpt>
      <trkpt lat="18.986374" lon="84.5857279">
      </trkpt>
      <trkpt lat="18.9848302" lon="84.5844229">
      </trkpt>
      <trkpt lat="18.9836374" lon="84.5834138">
      </trkpt>
      <trkpt lat="18.9825295" lon="84.5824394">
      </trkpt>
      <trkpt lat="18.9811447" lon="84.5813114">
      </trkpt>
      <trkpt lat="18.9798175" lon="84.5802819">
      </trkpt>
      <trkpt lat="18.9789076" lon="84.5795808">
      </trkpt>
      <trkpt lat="18.978696" lon="84.5794178">
      </trkpt>
      <trkpt lat="18.9769355" lon="84.5779633">
      </trkpt>
      <trkpt lat="18.9762546" lon="84.5774787">
      </trkpt>
      <trkpt lat="18.9757139" lon="84.577147">
      </trkpt>
      <trkpt lat="18.9752083" lon="84.5768851">
      </trkpt>
      <trkpt lat="18.974899" lon="84.5767506">
      </trkpt>
      <trkpt lat="18.9748018" lon="84.5767083">
      </trkpt>
      <trkpt lat="18.9742053" lon="84.576501">
      </trkpt>
      <trkpt lat="18.9735779" lon="84.5763024">
      </trkpt>
      <trkpt lat="18.9724305" lon="84.5760165">
      </trkpt>
      <trkpt lat="18.9711282" lon="84.5757372">
      </trkpt>
      <trkpt lat="18.9698961" lon="84.5754491">
      </trkpt>
      <trkpt lat="18.9679545" lon="84.5750015">
      </trkpt>
      <trkpt lat="18.9666233" lon="84.5747091">
      </trkpt>
      <trkpt lat="18.9658721" lon="84.5745497">
      </trkpt>
      <trkpt lat="18.9645471" lon="84.5742355">
      </trkpt>
      <trkpt lat="18.9618372" lon="84.573607">
      </trkpt>
      <trkpt lat="18.961548" lon="84.5735398">
      </trkpt>
      <trkpt lat="18.9591458" lon="84.5729916">
      </trkpt>
      <trkpt lat="18.9566706" lon="84.57241">
      </trkpt>
      <trkpt lat="18.9550711" lon="84.572018">
      </trkpt>
      <trkpt lat="18.9538831" lon="84.5717434">
      </trkpt>
      <trkpt lat="18.9523973" lon="84.5714008">
      </trkpt>
      <trkpt lat="18.9505788" lon="84.570978">
      </trkpt>
      <trkpt lat="18.948769" lon="84.5705459">
      </trkpt>
      <trkpt lat="18.9469183" lon="84.5701323">
      </trkpt>
      <trkpt lat="18.9450764" lon="84.5697095">
      </trkpt>
      <trkpt lat="18.943611" lon="84.5693669">
      </trkpt>
      <trkpt lat="18.9419675" lon="84.5689811">
      </trkpt>
      <trkpt lat="18.9405107" lon="84.5686337">
      </trkpt>
      <trkpt lat="18.940324" lon="84.5685892">
      </trkpt>
      <trkpt lat="18.9391913" lon="84.5682281">
      </trkpt>
      <trkpt lat="18.9378105" lon="84.5677559">
      </trkpt>
      <trkpt lat="18.936383" lon="84.5672405">
      </trkpt>
      <trkpt lat="18.9349905" lon="84.566759">
      </trkpt>
      <trkpt lat="18.9332273" lon="84.5661325">
      </trkpt>
      <trkpt lat="18.9314173" lon="84.5654782">
      </trkpt>
      <trkpt lat="18.929473" lon="84.564793">
      </trkpt>
      <trkpt lat="18.9290249" lon="84.564633">
      </trkpt>
      <trkpt lat="18.9275024" lon="84.5640894">
      </trkpt>
      <trkpt lat="18.9261624" lon="84.5636326">
      </trkpt>
      <trkpt lat="18.9257186" lon="84.5634659">
      </trkpt>
      <trkpt lat="18.9237305" lon="84.5627622">
      </trkpt>
      <trkpt lat="18.9219437" lon="84.5621512">
      </trkpt>
      <trkpt lat="18.9199263" lon="84.5614444">
      </trkpt>
      <trkpt lat="18.9182202" lon="84.5608199">
      </trkpt>
      <trkpt lat="18.9180841" lon="84.5607562">
      </trkpt>
      <trkpt lat="18.9161426" lon="84.5600772">
      </trkpt>
      <trkpt lat="18.9144025" lon="84.559463">
      </trkpt>
      <trkpt lat="18.912347" lon="84.5587532">
      </trkpt>
      <trkpt lat="18.9103616" lon="84.558031">
      </trkpt>
      <trkpt lat="18.9086565" lon="84.5574168">
      </trkpt>
      <trkpt lat="18.9066331" lon="84.5567316">
      </trkpt>
      <trkpt lat="18.9064426" lon="84.5566649">
      </trkpt>
      <trkpt lat="18.9049484" lon="84.5561422">
      </trkpt>
      <trkpt lat="18.9031235" lon="84.5555311">
      </trkpt>
      <trkpt lat="18.90143" lon="84.5548058">
      </trkpt>
      <trkpt lat="18.9010371" lon="84.5546726">
      </trkpt>
      <trkpt lat="18.8999243" lon="84.5543076">
      </trkpt>
      <trkpt lat="18.8987408" lon="84.5539725">
      </trkpt>
      <trkpt lat="18.8977258" lon="84.5536108">
      </trkpt>
      <trkpt lat="18.8973655" lon="84.5534694">
      </trkpt>
      <trkpt lat="18.8957683" lon="84.5529139">
      </trkpt>
      <trkpt lat="18.8939024" lon="84.5522596">
      </trkpt>
      <trkpt lat="18.8924132" lon="84.5516794">
      </trkpt>
      <trkpt lat="18.8912335" lon="84.5510621">
      </trkpt>
      <trkpt lat="18.8904801" lon="84.5506023">
      </trkpt>
      <trkpt lat="18.8897881" lon="84.5500992">
      </trkpt>
      <trkpt lat="18.8889179" lon="84.5494017">
      </trkpt>
      <trkpt lat="18.888109" lon="84.5485931">
      </trkpt>
      <trkpt lat="18.8876924" lon="84.5481095">
      </trkpt>
      <trkpt lat="18.8875454" lon="84.5479388">
      </trkpt>
      <trkpt lat="18.8865993" lon="84.5466456">
      </trkpt>
      <trkpt lat="18.8856824" lon="84.5452043">
      </trkpt>
      <trkpt lat="18.8840909" lon="84.5428372">
      </trkpt>
      <trkpt lat="18.8827856" lon="84.5408743">
      </trkpt>
      <trkpt lat="18.881305" lon="84.5386151">
      </trkpt>
      <trkpt lat="18.8799033" lon="84.5365473">
      </trkpt>
      <trkpt lat="18.8796434" lon="84.5361152">
      </trkpt>
      <trkpt lat="18.879109" lon="84.5353035">
      </trkpt>
      <trkpt lat="18.8765007" lon="84.5314845">
      </trkpt>
      <trkpt lat="18.875171" lon="84.5294727">
      </trkpt>
      <trkpt lat="18.8744205" lon="84.528442">
      </trkpt>
      <trkpt lat="18.8738554" lon="84.527773">
      </trkpt>
      <trkpt lat="18.8725091" lon="84.5263687">
      </trkpt>
      <trkpt lat="18.8714081" lon="84.5252175">
      </trkpt>
      <trkpt lat="18.8697464" lon="84.5234336">
      </trkpt>
      <trkpt lat="18.8685198" lon="84.5221868">
      </trkpt>
      <trkpt lat="18.8670654" lon="84.5206436">
      </trkpt>
      <trkpt lat="18.8654767" lon="84.5189739">
      </trkpt>
      <trkpt lat="18.8638412" lon="84.517295">
      </trkpt>
      <trkpt lat="18.8625065" lon="84.5158846">
      </trkpt>
      <trkpt lat="18.8608798" lon="84.5141748">
      </trkpt>
      <trkpt lat="18.8602812" lon="84.5135679">
      </trkpt>
      <trkpt lat="18.8600182" lon="84.5133013">
      </trkpt>
      <trkpt lat="18.8585082" lon="84.5116687">
      </trkpt>
      <trkpt lat="18.8569749" lon="84.5100206">
      </trkpt>
      <trkpt lat="18.8552605" lon="84.5082553">
      </trkpt>
      <trkpt lat="18.8534847" lon="84.5063726">
      </trkpt>
      <trkpt lat="18.851817" lon="84.5046782">
      </trkpt>
      <trkpt lat="18.8499798" lon="84.5027493">
      </trkpt>
      <trkpt lat="18.848315" lon="84.5009963">
      </trkpt>
      <trkpt lat="18.8471591" lon="84.499834">
      </trkpt>
      <trkpt lat="18.8459812" lon="84.4987865">
      </trkpt>
      <trkpt lat="18.8451751" lon="84.4980859">
      </trkpt>
      <trkpt lat="18.8442696" lon="84.4973051">
      </trkpt>
      <trkpt lat="18.8428676" lon="84.4961138">
      </trkpt>
      <trkpt lat="18.8409212" lon="84.4944675">
      </trkpt>
      <trkpt lat="18.8399496" lon="84.4936571">
      </trkpt>
      <trkpt lat="18.8384249" lon="84.4923732">
      </trkpt>
      <trkpt lat="18.8369176" lon="84.4910276">
      </trkpt>
      <trkpt lat="18.8354309" lon="84.4897992">
      </trkpt>
      <trkpt lat="18.8339528" lon="84.48854">
      </trkpt>
      <trkpt lat="18.8328378" lon="84.4875652">
      </trkpt>
      <trkpt lat="18.8327839" lon="84.4875181">
      </trkpt>
      <trkpt lat="18.8325899" lon="84.4873485">
      </trkpt>
      <trkpt lat="18.8324806" lon="84.487253">
      </trkpt>
      <trkpt lat="18.8309879" lon="84.485963">
      </trkpt>
      <trkpt lat="18.8297056" lon="84.4848859">
      </trkpt>
      <trkpt lat="18.8279909" lon="84.483426">
      </trkpt>
      <trkpt lat="18.8264718" lon="84.4821205">
      </trkpt>
      <trkpt lat="18.824874" lon="84.4807564">
      </trkpt>
      <trkpt lat="18.8243949" lon="84.4803549">
      </trkpt>
      <trkpt lat="18.8231358" lon="84.4792997">
      </trkpt>
      <trkpt lat="18.8218943" lon="84.478238">
      </trkpt>
      <trkpt lat="18.8203197" lon="84.4769047">
      </trkpt>
      <trkpt lat="18.8200343" lon="84.4766616">
      </trkpt>
      <trkpt lat="18.8185261" lon="84.475377">
      </trkpt>
      <trkpt lat="18.8173429" lon="84.474374">
      </trkpt>
      <trkpt lat="18.8166068" lon="84.4737382">
      </trkpt>
      <trkpt lat="18.8152366" lon="84.4725839">
      </trkpt>
      <trkpt lat="18.8145756" lon="84.4720227">
      </trkpt>
      <trkpt lat="18.8136591" lon="84.4712445">
      </trkpt>
      <trkpt lat="18.8117193" lon="84.4696272">
      </trkpt>
      <trkpt lat="18.8099722" lon="84.4681026">
      </trkpt>
      <trkpt lat="18.8089202" lon="84.4672084">
      </trkpt>
      <trkpt lat="18.8084764" lon="84.4668311">
      </trkpt>
      <trkpt lat="18.8052873" lon="84.4641238">
      </trkpt>
      <trkpt lat="18.8047901" lon="84.4637017">
      </trkpt>
      <trkpt lat="18.8034829" lon="84.4625831">
      </trkpt>
      <trkpt lat="18.8029305" lon="84.4621356">
      </trkpt>
      <trkpt lat="18.802507" lon="84.4617974">
      </trkpt>
      <trkpt lat="18.8018707" lon="84.46135">
      </trkpt>
      <trkpt lat="18.8013109" lon="84.4610336">
      </trkpt>
      <trkpt lat="18.8005692" lon="84.4607018">
      </trkpt>
      <trkpt lat="18.799842" lon="84.4604203">
      </trkpt>
      <trkpt lat="18.7989495" lon="84.4601017">
      </trkpt>
      <trkpt lat="18.7976191" lon="84.4596063">
      </trkpt>
      <trkpt lat="18.7961564" lon="84.4591044">
      </trkpt>
      <trkpt lat="18.7944803" lon="84.4585396">
      </trkpt>
      <trkpt lat="18.7930896" lon="84.4581525">
      </trkpt>
      <trkpt lat="18.7912187" lon="84.4574611">
      </trkpt>
      <trkpt lat="18.7907481" lon="84.4573207">
      </trkpt>
      <trkpt lat="18.790132" lon="84.4570857">
      </trkpt>
      <trkpt lat="18.7890204" lon="84.4566318">
      </trkpt>
      <trkpt lat="18.7878469" lon="84.4562193">
      </trkpt>
      <trkpt lat="18.7866734" lon="84.4557872">
      </trkpt>
      <trkpt lat="18.7854813" lon="84.4553791">
      </trkpt>
      <trkpt lat="18.7841197" lon="84.4548925">
      </trkpt>
      <trkpt lat="18.7829441" lon="84.4544909">
      </trkpt>
      <trkpt lat="18.7818263" lon="84.4541025">
      </trkpt>
      <trkpt lat="18.7807912" lon="84.4537773">
      </trkpt>
      <trkpt lat="18.7803757" lon="84.4536421">
      </trkpt>
      <trkpt lat="18.779321" lon="84.4534777">
      </trkpt>
      <trkpt lat="18.7785942" lon="84.4534545">
      </trkpt>
      <trkpt lat="18.7779645" lon="84.4534885">
      </trkpt>
      <trkpt lat="18.7775598" lon="84.453544">
      </trkpt>
      <trkpt lat="18.7771244" lon="84.4536027">
      </trkpt>
      <trkpt lat="18.7753858" lon="84.4539144">
      </trkpt>
      <trkpt lat="18.7743733" lon="84.4540903">
      </trkpt>
      <trkpt lat="18.7738502" lon="84.4541483">
      </trkpt>
      <trkpt lat="18.7733067" lon="84.4541761">
      </trkpt>
      <trkpt lat="18.7729035" lon="84.454173">
      </trkpt>
      <trkpt lat="18.7721349" lon="84.4540403">
      </trkpt>
      <trkpt lat="18.7716499" lon="84.4538705">
      </trkpt>
      <trkpt lat="18.7711794" lon="84.4536884">
      </trkpt>
      <trkpt lat="18.7706914" lon="84.4534292">
      </trkpt>
      <trkpt lat="18.770294" lon="84.4531391">
      </trkpt>
      <trkpt lat="18.7696482" lon="84.452565">
      </trkpt>
      <trkpt lat="18.7691427" lon="84.4519385">
      </trkpt>
      <trkpt lat="18.7684121" lon="84.450991">
      </trkpt>
      <trkpt lat="18.7672169" lon="84.4493121">
      </trkpt>
      <trkpt lat="18.7661679" lon="84.4478399">
      </trkpt>
      <trkpt lat="18.764923" lon="84.4461301">
      </trkpt>
      <trkpt lat="18.7637249" lon="84.4444789">
      </trkpt>
      <trkpt lat="18.7585116" lon="84.4372106">
      </trkpt>
      <trkpt lat="18.758142" lon="84.4366155">
      </trkpt>
      <trkpt lat="18.7579403" lon="84.4362298">
      </trkpt>
      <trkpt lat="18.7577634" lon="84.4358379">
      </trkpt>
      <trkpt lat="18.7575871" lon="84.435296">
      </trkpt>
      <trkpt lat="18.7574707" lon="84.4347521">
      </trkpt>
      <trkpt lat="18.7574029" lon="84.4342016">
      </trkpt>
      <trkpt lat="18.7573675" lon="84.4336664">
      </trkpt>
      <trkpt lat="18.7573311" lon="84.4329101">
      </trkpt>
      <trkpt lat="18.757194" lon="84.4301153">
      </trkpt>
      <trkpt lat="18.7571785" lon="84.429658">
      </trkpt>
      <trkpt lat="18.7571493" lon="84.429023">
      </trkpt>
      <trkpt lat="18.7569732" lon="84.4256838">
      </trkpt>
      <trkpt lat="18.7567994" lon="84.4222608">
      </trkpt>
      <trkpt lat="18.7565281" lon="84.4218115">
      </trkpt>
      <trkpt lat="18.7565247" lon="84.4215108">
      </trkpt>
      <trkpt lat="18.7565298" lon="84.4212762">
      </trkpt>
      <trkpt lat="18.7565367" lon="84.4210811">
      </trkpt>
      <trkpt lat="18.7565847" lon="84.4198105">
      </trkpt>
      <trkpt lat="18.7565989" lon="84.4190801">
      </trkpt>
      <trkpt lat="18.7565875" lon="84.418683">
      </trkpt>
      <trkpt lat="18.7565705" lon="84.4184585">
      </trkpt>
      <trkpt lat="18.7565185" lon="84.4180657">
      </trkpt>
      <trkpt lat="18.7564803" lon="84.4177893">
      </trkpt>
      <trkpt lat="18.7564252" lon="84.4175138">
      </trkpt>
      <trkpt lat="18.7563179" lon="84.417076">
      </trkpt>
      <trkpt lat="18.7562008" lon="84.4166633">
      </trkpt>
      <trkpt lat="18.7560103" lon="84.4161196">
      </trkpt>
      <trkpt lat="18.7558097" lon="84.4156381">
      </trkpt>
      <trkpt lat="18.7556326" lon="84.4152704">
      </trkpt>
      <trkpt lat="18.755466" lon="84.4149748">
      </trkpt>
      <trkpt lat="18.7551741" lon="84.4145146">
      </trkpt>
      <trkpt lat="18.7549052" lon="84.4141431">
      </trkpt>
      <trkpt lat="18.7546138" lon="84.4137803">
      </trkpt>
      <trkpt lat="18.7543644" lon="84.4134895">
      </trkpt>
      <trkpt lat="18.7540795" lon="84.4131863">
      </trkpt>
      <trkpt lat="18.7537664" lon="84.4128815">
      </trkpt>
      <trkpt lat="18.747261" lon="84.4069362">
      </trkpt>
      <trkpt lat="18.7456515" lon="84.4055419">
      </trkpt>
      <trkpt lat="18.7441566" lon="84.4041732">
      </trkpt>
      <trkpt lat="18.7425024" lon="84.402647">
      </trkpt>
      <trkpt lat="18.7400334" lon="84.4003794">
      </trkpt>
      <trkpt lat="18.7381278" lon="84.3986356">
      </trkpt>
      <trkpt lat="18.7372058" lon="84.3977906">
      </trkpt>
      <trkpt lat="18.7354068" lon="84.3961419">
      </trkpt>
      <trkpt lat="18.7328932" lon="84.3938272">
      </trkpt>
      <trkpt lat="18.731271" lon="84.3923087">
      </trkpt>
      <trkpt lat="18.7284125" lon="84.3896884">
      </trkpt>
      <trkpt lat="18.726685" lon="84.3881052">
      </trkpt>
      <trkpt lat="18.7262291" lon="84.387707">
      </trkpt>
      <trkpt lat="18.7255977" lon="84.3871206">
      </trkpt>
      <trkpt lat="18.7250248" lon="84.3865898">
      </trkpt>
      <trkpt lat="18.7241596" lon="84.3859571">
      </trkpt>
      <trkpt lat="18.7236014" lon="84.38563">
      </trkpt>
      <trkpt lat="18.7227986" lon="84.3853556">
      </trkpt>
      <trkpt lat="18.7223272" lon="84.3851945">
      </trkpt>
      <trkpt lat="18.7214714" lon="84.3849863">
      </trkpt>
      <trkpt lat="18.7209716" lon="84.3849151">
      </trkpt>
      <trkpt lat="18.7200254" lon="84.3848631">
      </trkpt>
      <trkpt lat="18.7195928" lon="84.3848539">
      </trkpt>
      <trkpt lat="18.7185972" lon="84.3848121">
      </trkpt>
      <trkpt lat="18.7169486" lon="84.3847627">
      </trkpt>
      <trkpt lat="18.7151655" lon="84.3846856">
      </trkpt>
      <trkpt lat="18.7135636" lon="84.3844387">
      </trkpt>
      <trkpt lat="18.7128021" lon="84.3842697">
      </trkpt>
      <trkpt lat="18.7122191" lon="84.3841611">
      </trkpt>
      <trkpt lat="18.711509" lon="84.3840283">
      </trkpt>
      <trkpt lat="18.7111038" lon="84.3839559">
      </trkpt>
      <trkpt lat="18.710564" lon="84.3838607">
      </trkpt>
      <trkpt lat="18.7099428" lon="84.3837427">
      </trkpt>
      <trkpt lat="18.7096679" lon="84.383693">
      </trkpt>
      <trkpt lat="18.709201" lon="84.3835951">
      </trkpt>
      <trkpt lat="18.7086002" lon="84.3834878">
      </trkpt>
      <trkpt lat="18.7079358" lon="84.3833712">
      </trkpt>
      <trkpt lat="18.7074811" lon="84.3832786">
      </trkpt>
      <trkpt lat="18.7068498" lon="84.3831646">
      </trkpt>
      <trkpt lat="18.7063036" lon="84.3830627">
      </trkpt>
      <trkpt lat="18.7056671" lon="84.3829273">
      </trkpt>
      <trkpt lat="18.705347" lon="84.3828763">
      </trkpt>
      <trkpt lat="18.7049609" lon="84.3828106">
      </trkpt>
      <trkpt lat="18.7043194" lon="84.3826778">
      </trkpt>
      <trkpt lat="18.7040833" lon="84.3826378">
      </trkpt>
      <trkpt lat="18.7038608" lon="84.3826">
      </trkpt>
      <trkpt lat="18.703307" lon="84.3824968">
      </trkpt>
      <trkpt lat="18.7027633" lon="84.3824002">
      </trkpt>
      <trkpt lat="18.7006831" lon="84.3820282">
      </trkpt>
      <trkpt lat="18.6972021" lon="84.3814006">
      </trkpt>
      <trkpt lat="18.6937383" lon="84.3807648">
      </trkpt>
      <trkpt lat="18.6907517" lon="84.380214">
      </trkpt>
      <trkpt lat="18.688271" lon="84.3797688">
      </trkpt>
      <trkpt lat="18.6860329" lon="84.3793223">
      </trkpt>
      <trkpt lat="18.6824744" lon="84.3786607">
      </trkpt>
      <trkpt lat="18.6788019" lon="84.3779548">
      </trkpt>
      <trkpt lat="18.6761231" lon="84.3774604">
      </trkpt>
      <trkpt lat="18.6757006" lon="84.3773709">
      </trkpt>
      <trkpt lat="18.6752811" lon="84.3772505">
      </trkpt>
      <trkpt lat="18.6748045" lon="84.37709">
      </trkpt>
      <trkpt lat="18.6744507" lon="84.3769342">
      </trkpt>
      <trkpt lat="18.6739464" lon="84.3766564">
      </trkpt>
      <trkpt lat="18.6735648" lon="84.3764265">
      </trkpt>
      <trkpt lat="18.6729303" lon="84.3759882">
      </trkpt>
      <trkpt lat="18.6719596" lon="84.3753138">
      </trkpt>
      <trkpt lat="18.6706085" lon="84.3744135">
      </trkpt>
      <trkpt lat="18.6689449" lon="84.3732931">
      </trkpt>
      <trkpt lat="18.6683294" lon="84.3728794">
      </trkpt>
      <trkpt lat="18.6672782" lon="84.3721728">
      </trkpt>
      <trkpt lat="18.6650124" lon="84.3706175">
      </trkpt>
      <trkpt lat="18.6642432" lon="84.3700865">
      </trkpt>
      <trkpt lat="18.6623718" lon="84.3688705">
      </trkpt>
      <trkpt lat="18.6606525" lon="84.3676884">
      </trkpt>
      <trkpt lat="18.6593443" lon="84.3667984">
      </trkpt>
      <trkpt lat="18.6589741" lon="84.3665465">
      </trkpt>
      <trkpt lat="18.6574272" lon="84.3654941">
      </trkpt>
      <trkpt lat="18.656648" lon="84.3649575">
      </trkpt>
      <trkpt lat="18.6564982" lon="84.3648542">
      </trkpt>
      <trkpt lat="18.6558072" lon="84.364383">
      </trkpt>
      <trkpt lat="18.654196" lon="84.3632874">
      </trkpt>
      <trkpt lat="18.652503" lon="84.3621393">
      </trkpt>
      <trkpt lat="18.6507426" lon="84.3609634">
      </trkpt>
      <trkpt lat="18.6488272" lon="84.359627">
      </trkpt>
      <trkpt lat="18.6465931" lon="84.3581209">
      </trkpt>
      <trkpt lat="18.6449613" lon="84.3570099">
      </trkpt>
      <trkpt lat="18.6430283" lon="84.3557352">
      </trkpt>
      <trkpt lat="18.6413" lon="84.3545378">
      </trkpt>
      <trkpt lat="18.6396039" lon="84.3533958">
      </trkpt>
      <trkpt lat="18.6379457" lon="84.3522601">
      </trkpt>
      <trkpt lat="18.6360419" lon="84.3510132">
      </trkpt>
      <trkpt lat="18.6342053" lon="84.3497324">
      </trkpt>
      <trkpt lat="18.632398" lon="84.348501">
      </trkpt>
      <trkpt lat="18.6305971" lon="84.3473032">
      </trkpt>
      <trkpt lat="18.6291872" lon="84.3463089">
      </trkpt>
      <trkpt lat="18.6287307" lon="84.3458819">
      </trkpt>
      <trkpt lat="18.6283667" lon="84.3454978">
      </trkpt>
      <trkpt lat="18.6278745" lon="84.3448998">
      </trkpt>
      <trkpt lat="18.6274051" lon="84.3442953">
      </trkpt>
      <trkpt lat="18.6273916" lon="84.3442779">
      </trkpt>
      <trkpt lat="18.6265158" lon="84.3431472">
      </trkpt>
      <trkpt lat="18.6247496" lon="84.3409173">
      </trkpt>
      <trkpt lat="18.6235901" lon="84.339463">
      </trkpt>
      <trkpt lat="18.6224836" lon="84.3380682">
      </trkpt>
      <trkpt lat="18.6213424" lon="84.3366104">
      </trkpt>
      <trkpt lat="18.6205307" lon="84.3355721">
      </trkpt>
      <trkpt lat="18.6195484" lon="84.3343311">
      </trkpt>
      <trkpt lat="18.618798" lon="84.3333872">
      </trkpt>
      <trkpt lat="18.6178025" lon="84.3321164">
      </trkpt>
      <trkpt lat="18.6170065" lon="84.3311158">
      </trkpt>
      <trkpt lat="18.6168765" lon="84.3309523">
      </trkpt>
      <trkpt lat="18.6158247" lon="84.3295889">
      </trkpt>
      <trkpt lat="18.6149301" lon="84.3284737">
      </trkpt>
      <trkpt lat="18.6141019" lon="84.3274127">
      </trkpt>
      <trkpt lat="18.6131693" lon="84.3262538">
      </trkpt>
      <trkpt lat="18.6124189" lon="84.3252942">
      </trkpt>
      <trkpt lat="18.6116055" lon="84.3242506">
      </trkpt>
      <trkpt lat="18.6107474" lon="84.3231791">
      </trkpt>
      <trkpt lat="18.6098181" lon="84.321994">
      </trkpt>
      <trkpt lat="18.6088275" lon="84.3207547">
      </trkpt>
      <trkpt lat="18.6080091" lon="84.3197112">
      </trkpt>
      <trkpt lat="18.6070582" lon="84.3185191">
      </trkpt>
      <trkpt lat="18.6061057" lon="84.317306">
      </trkpt>
      <trkpt lat="18.6052476" lon="84.3162293">
      </trkpt>
      <trkpt lat="18.604184" lon="84.3148694">
      </trkpt>
      <trkpt lat="18.6040492" lon="84.3146953">
      </trkpt>
      <trkpt lat="18.6036225" lon="84.314144">
      </trkpt>
      <trkpt lat="18.6025887" lon="84.312847">
      </trkpt>
      <trkpt lat="18.6015898" lon="84.3115588">
      </trkpt>
      <trkpt lat="18.6005494" lon="84.3102548">
      </trkpt>
      <trkpt lat="18.5999348" lon="84.3094735">
      </trkpt>
      <trkpt lat="18.5995057" lon="84.3089229">
      </trkpt>
      <trkpt lat="18.5986393" lon="84.3078496">
      </trkpt>
      <trkpt lat="18.5978822" lon="84.3068708">
      </trkpt>
      <trkpt lat="18.5961394" lon="84.3046631">
      </trkpt>
      <trkpt lat="18.5957914" lon="84.3042051">
      </trkpt>
      <trkpt lat="18.5917789" lon="84.2991326">
      </trkpt>
      <trkpt lat="18.5914293" lon="84.2986991">
      </trkpt>
      <trkpt lat="18.5872333" lon="84.2933629">
      </trkpt>
      <trkpt lat="18.5868173" lon="84.292824">
      </trkpt>
      <trkpt lat="18.5847355" lon="84.2901696">
      </trkpt>
      <trkpt lat="18.5835021" lon="84.288646">
      </trkpt>
      <trkpt lat="18.5828464" lon="84.2878189">
      </trkpt>
      <trkpt lat="18.5792782" lon="84.2833031">
      </trkpt>
      <trkpt lat="18.5775907" lon="84.281168">
      </trkpt>
      <trkpt lat="18.5770274" lon="84.2804485">
      </trkpt>
      <trkpt lat="18.5733961" lon="84.2758379">
      </trkpt>
      <trkpt lat="18.5720277" lon="84.2741174">
      </trkpt>
      <trkpt lat="18.5719342" lon="84.2739964">
      </trkpt>
      <trkpt lat="18.57061" lon="84.2722832">
      </trkpt>
      <trkpt lat="18.5691221" lon="84.2703847">
      </trkpt>
      <trkpt lat="18.567777" lon="84.2686667">
      </trkpt>
      <trkpt lat="18.5665116" lon="84.2671242">
      </trkpt>
      <trkpt lat="18.5650541" lon="84.2652653">
      </trkpt>
      <trkpt lat="18.563798" lon="84.2636857">
      </trkpt>
      <trkpt lat="18.5625068" lon="84.2620394">
      </trkpt>
      <trkpt lat="18.5614453" lon="84.2606798">
      </trkpt>
      <trkpt lat="18.560065" lon="84.2589222">
      </trkpt>
      <trkpt lat="18.5587574" lon="84.2572759">
      </trkpt>
      <trkpt lat="18.5572763" lon="84.2553823">
      </trkpt>
      <trkpt lat="18.5559031" lon="84.2536791">
      </trkpt>
      <trkpt lat="18.5554555" lon="84.2531625">
      </trkpt>
      <trkpt lat="18.5547384" lon="84.2524407">
      </trkpt>
      <trkpt lat="18.5538174" lon="84.2515755">
      </trkpt>
      <trkpt lat="18.5525402" lon="84.250426">
      </trkpt>
      <trkpt lat="18.5512114" lon="84.2492246">
      </trkpt>
      <trkpt lat="18.5496928" lon="84.2478626">
      </trkpt>
      <trkpt lat="18.5484437" lon="84.2467576">
      </trkpt>
      <trkpt lat="18.5469438" lon="84.2453931">
      </trkpt>
      <trkpt lat="18.5455517" lon="84.2441497">
      </trkpt>
      <trkpt lat="18.5445603" lon="84.24324">
      </trkpt>
      <trkpt lat="18.5435994" lon="84.2423427">
      </trkpt>
      <trkpt lat="18.5434956" lon="84.2422297">
      </trkpt>
      <trkpt lat="18.5432409" lon="84.2419521">
      </trkpt>
      <trkpt lat="18.5429034" lon="84.2414626">
      </trkpt>
      <trkpt lat="18.5422425" lon="84.2404244">
      </trkpt>
      <trkpt lat="18.5411808" lon="84.2386396">
      </trkpt>
      <trkpt lat="18.5400699" lon="84.2367881">
      </trkpt>
      <trkpt lat="18.5390879" lon="84.2351764">
      </trkpt>
      <trkpt lat="18.5381152" lon="84.2335523">
      </trkpt>
      <trkpt lat="18.537016" lon="84.2316563">
      </trkpt>
      <trkpt lat="18.5357059" lon="84.2295057">
      </trkpt>
      <trkpt lat="18.5349858" lon="84.2283055">
      </trkpt>
      <trkpt lat="18.5343793" lon="84.2273106">
      </trkpt>
      <trkpt lat="18.5340723" lon="84.2267865">
      </trkpt>
      <trkpt lat="18.5336284" lon="84.2260825">
      </trkpt>
      <trkpt lat="18.5331366" lon="84.2253904">
      </trkpt>
      <trkpt lat="18.5326051" lon="84.2247546">
      </trkpt>
      <trkpt lat="18.5320865" lon="84.2242311">
      </trkpt>
      <trkpt lat="18.5317289" lon="84.2239137">
      </trkpt>
      <trkpt lat="18.5311355" lon="84.2234419">
      </trkpt>
      <trkpt lat="18.5302027" lon="84.2228586">
      </trkpt>
      <trkpt lat="18.5296941" lon="84.2225891">
      </trkpt>
      <trkpt lat="18.5286066" lon="84.2221244">
      </trkpt>
      <trkpt lat="18.5273385" lon="84.2216621">
      </trkpt>
      <trkpt lat="18.5256955" lon="84.2210169">
      </trkpt>
      <trkpt lat="18.5240454" lon="84.2203866">
      </trkpt>
      <trkpt lat="18.5221046" lon="84.2196227">
      </trkpt>
      <trkpt lat="18.5206232" lon="84.219074">
      </trkpt>
      <trkpt lat="18.5190598" lon="84.2184634">
      </trkpt>
      <trkpt lat="18.5176487" lon="84.2179245">
      </trkpt>
      <trkpt lat="18.5162166" lon="84.2173485">
      </trkpt>
      <trkpt lat="18.5132607" lon="84.2162164">
      </trkpt>
      <trkpt lat="18.511634" lon="84.2155662">
      </trkpt>
      <trkpt lat="18.5100751" lon="84.2149655">
      </trkpt>
      <trkpt lat="18.5085093" lon="84.2143599">
      </trkpt>
      <trkpt lat="18.5071028" lon="84.2138111">
      </trkpt>
      <trkpt lat="18.5054854" lon="84.2131907">
      </trkpt>
      <trkpt lat="18.5042078" lon="84.2126975">
      </trkpt>
      <trkpt lat="18.5040765" lon="84.2126468">
      </trkpt>
      <trkpt lat="18.5025833" lon="84.2120486">
      </trkpt>
      <trkpt lat="18.5011908" lon="84.2115171">
      </trkpt>
      <trkpt lat="18.4996389" lon="84.2109189">
      </trkpt>
      <trkpt lat="18.4981691" lon="84.2103059">
      </trkpt>
      <trkpt lat="18.497004" lon="84.2096879">
      </trkpt>
      <trkpt lat="18.49613" lon="84.2091393">
      </trkpt>
      <trkpt lat="18.4960077" lon="84.2090625">
      </trkpt>
      <trkpt lat="18.495002" lon="84.2083456">
      </trkpt>
      <trkpt lat="18.4944651" lon="84.2078957">
      </trkpt>
      <trkpt lat="18.4936845" lon="84.2071492">
      </trkpt>
      <trkpt lat="18.4931781" lon="84.2065831">
      </trkpt>
      <trkpt lat="18.4921724" lon="84.2054138">
      </trkpt>
      <trkpt lat="18.4908361" lon="84.2038244">
      </trkpt>
      <trkpt lat="18.4902918" lon="84.2031649">
      </trkpt>
      <trkpt lat="18.4896874" lon="84.2024326">
      </trkpt>
      <trkpt lat="18.4894834" lon="84.2021704">
      </trkpt>
      <trkpt lat="18.488895" lon="84.2014142">
      </trkpt>
      <trkpt lat="18.4885105" lon="84.2008333">
      </trkpt>
      <trkpt lat="18.4882057" lon="84.2003018">
      </trkpt>
      <trkpt lat="18.487915" lon="84.1996764">
      </trkpt>
      <trkpt lat="18.4877063" lon="84.1991548">
      </trkpt>
      <trkpt lat="18.4874649" lon="84.1982649">
      </trkpt>
      <trkpt lat="18.4873195" lon="84.1974566">
      </trkpt>
      <trkpt lat="18.4871929" lon="84.1966655">
      </trkpt>
      <trkpt lat="18.4870687" lon="84.1958053">
      </trkpt>
      <trkpt lat="18.4869187" lon="84.1947835">
      </trkpt>
      <trkpt lat="18.4868717" lon="84.194463">
      </trkpt>
      <trkpt lat="18.4866138" lon="84.1926881">
      </trkpt>
      <trkpt lat="18.4865321" lon="84.1919638">
      </trkpt>
      <trkpt lat="18.4864474" lon="84.1912123">
      </trkpt>
      <trkpt lat="18.4862903" lon="84.1898206">
      </trkpt>
      <trkpt lat="18.4861848" lon="84.1891235">
      </trkpt>
      <trkpt lat="18.4860442" lon="84.1882657">
      </trkpt>
      <trkpt lat="18.4859363" lon="84.187492">
      </trkpt>
      <trkpt lat="18.4858308" lon="84.1867529">
      </trkpt>
      <trkpt lat="18.4856151" lon="84.1852153">
      </trkpt>
      <trkpt lat="18.4854768" lon="84.1842587">
      </trkpt>
      <trkpt lat="18.4851392" lon="84.1820388">
      </trkpt>
      <trkpt lat="18.4850204" lon="84.1812161">
      </trkpt>
      <trkpt lat="18.4848673" lon="84.1801552">
      </trkpt>
      <trkpt lat="18.4846609" lon="84.1787956">
      </trkpt>
      <trkpt lat="18.4843491" lon="84.1767117">
      </trkpt>
      <trkpt lat="18.484035" lon="84.1745834">
      </trkpt>
      <trkpt lat="18.4836716" lon="84.1721559">
      </trkpt>
      <trkpt lat="18.483588" lon="84.1715748">
      </trkpt>
      <trkpt lat="18.4833293" lon="84.1697779">
      </trkpt>
      <trkpt lat="18.4831952" lon="84.1688249">
      </trkpt>
      <trkpt lat="18.4830386" lon="84.1677113">
      </trkpt>
      <trkpt lat="18.4827619" lon="84.1658301">
      </trkpt>
      <trkpt lat="18.4824501" lon="84.1638105">
      </trkpt>
      <trkpt lat="18.4820984" lon="84.1613904">
      </trkpt>
      <trkpt lat="18.4816811" lon="84.1584933">
      </trkpt>
      <trkpt lat="18.4814994" lon="84.1573131">
      </trkpt>
      <trkpt lat="18.4813576" lon="84.1563921">
      </trkpt>
      <trkpt lat="18.4810036" lon="84.1539127">
      </trkpt>
      <trkpt lat="18.4807668" lon="84.1523183">
      </trkpt>
      <trkpt lat="18.4803315" lon="84.1494175">
      </trkpt>
      <trkpt lat="18.4802229" lon="84.1487611">
      </trkpt>
      <trkpt lat="18.4798521" lon="84.1461801">
      </trkpt>
      <trkpt lat="18.4792288" lon="84.1419706">
      </trkpt>
      <trkpt lat="18.4789287" lon="84.1396865">
      </trkpt>
      <trkpt lat="18.4788935" lon="84.1390759">
      </trkpt>
      <trkpt lat="18.4788935" lon="84.1380056">
      </trkpt>
      <trkpt lat="18.4788982" lon="84.1372343">
      </trkpt>
      <trkpt lat="18.4789217" lon="84.1351405">
      </trkpt>
      <trkpt lat="18.478931" lon="84.1325845">
      </trkpt>
      <trkpt lat="18.4789498" lon="84.1297937">
      </trkpt>
      <trkpt lat="18.4789615" lon="84.1273909">
      </trkpt>
      <trkpt lat="18.4789623" lon="84.1272672">
      </trkpt>
      <trkpt lat="18.4789779" lon="84.1247854">
      </trkpt>
      <trkpt lat="18.4789921" lon="84.1215828">
      </trkpt>
      <trkpt lat="18.4790107" lon="84.1198464">
      </trkpt>
      <trkpt lat="18.4790312" lon="84.1186461">
      </trkpt>
      <trkpt lat="18.4790553" lon="84.117236">
      </trkpt>
      <trkpt lat="18.4790648" lon="84.1136115">
      </trkpt>
      <trkpt lat="18.4790648" lon="84.1134018">
      </trkpt>
      <trkpt lat="18.4791022" lon="84.1091205">
      </trkpt>
      <trkpt lat="18.4791092" lon="84.106085">
      </trkpt>
      <trkpt lat="18.4791325" lon="84.1027627">
      </trkpt>
      <trkpt lat="18.4791333" lon="84.1026458">
      </trkpt>
      <trkpt lat="18.4791397" lon="84.1006936">
      </trkpt>
      <trkpt lat="18.4791493" lon="84.0993831">
      </trkpt>
      <trkpt lat="18.4791584" lon="84.09814">
      </trkpt>
      <trkpt lat="18.4791162" lon="84.0970845">
      </trkpt>
      <trkpt lat="18.4790225" lon="84.0963503">
      </trkpt>
      <trkpt lat="18.478863" lon="84.0956508">
      </trkpt>
      <trkpt lat="18.4786427" lon="84.0949635">
      </trkpt>
      <trkpt lat="18.4783097" lon="84.0941799">
      </trkpt>
      <trkpt lat="18.4778103" lon="84.0931417">
      </trkpt>
      <trkpt lat="18.4769311" lon="84.0913273">
      </trkpt>
      <trkpt lat="18.4761199" lon="84.0896933">
      </trkpt>
      <trkpt lat="18.4749758" lon="84.0872856">
      </trkpt>
      <trkpt lat="18.4736691" lon="84.0845869">
      </trkpt>
      <trkpt lat="18.4736104" lon="84.0844578">
      </trkpt>
      <trkpt lat="18.4731618" lon="84.0834958">
      </trkpt>
      <trkpt lat="18.4728302" lon="84.0827301">
      </trkpt>
      <trkpt lat="18.4724423" lon="84.0814262">
      </trkpt>
      <trkpt lat="18.4717584" lon="84.0789834">
      </trkpt>
      <trkpt lat="18.4716762" lon="84.07869">
      </trkpt>
      <trkpt lat="18.4713615" lon="84.0775605">
      </trkpt>
      <trkpt lat="18.4707871" lon="84.0755897">
      </trkpt>
      <trkpt lat="18.4704991" lon="84.0747187">
      </trkpt>
      <trkpt lat="18.469941" lon="84.0727262">
      </trkpt>
      <trkpt lat="18.4697049" lon="84.0718307">
      </trkpt>
      <trkpt lat="18.4694001" lon="84.0705827">
      </trkpt>
      <trkpt lat="18.4690737" lon="84.0693251">
      </trkpt>
      <trkpt lat="18.4687997" lon="84.0683189">
      </trkpt>
      <trkpt lat="18.46846" lon="84.0670615">
      </trkpt>
      <trkpt lat="18.4679662" lon="84.0649719">
      </trkpt>
      <trkpt lat="18.467802" lon="84.0642599">
      </trkpt>
      <trkpt lat="18.4674105" lon="84.062846">
      </trkpt>
      <trkpt lat="18.4669157" lon="84.061081">
      </trkpt>
      <trkpt lat="18.4663741" lon="84.0591108">
      </trkpt>
      <trkpt lat="18.4657762" lon="84.0570096">
      </trkpt>
      <trkpt lat="18.4656717" lon="84.0565829">
      </trkpt>
      <trkpt lat="18.4655381" lon="84.0560907">
      </trkpt>
      <trkpt lat="18.4655025" lon="84.0559794">
      </trkpt>
      <trkpt lat="18.4654662" lon="84.0558543">
      </trkpt>
      <trkpt lat="18.4651572" lon="84.0547898">
      </trkpt>
      <trkpt lat="18.4645148" lon="84.0524389">
      </trkpt>
      <trkpt lat="18.4637246" lon="84.0496184">
      </trkpt>
      <trkpt lat="18.4630892" lon="84.0472972">
      </trkpt>
      <trkpt lat="18.4624913" lon="84.045117">
      </trkpt>
      <trkpt lat="18.4622818" lon="84.0443783">
      </trkpt>
      <trkpt lat="18.461816" lon="84.0427364">
      </trkpt>
      <trkpt lat="18.4610539" lon="84.0399753">
      </trkpt>
      <trkpt lat="18.4603904" lon="84.0375774">
      </trkpt>
      <trkpt lat="18.459747" lon="84.035221">
      </trkpt>
      <trkpt lat="18.4593406" lon="84.0338391">
      </trkpt>
      <trkpt lat="18.4589835" lon="84.0327793">
      </trkpt>
      <trkpt lat="18.4584278" lon="84.0311973">
      </trkpt>
      <trkpt lat="18.4577407" lon="84.0292988">
      </trkpt>
      <trkpt lat="18.4571774" lon="84.027794">
      </trkpt>
      <trkpt lat="18.456981" lon="84.0272693">
      </trkpt>
      <trkpt lat="18.4561486" lon="84.0249629">
      </trkpt>
      <trkpt lat="18.4552365" lon="84.0225083">
      </trkpt>
      <trkpt lat="18.4541438" lon="84.0195147">
      </trkpt>
      <trkpt lat="18.4533997" lon="84.0175071">
      </trkpt>
      <trkpt lat="18.4533145" lon="84.017271">
      </trkpt>
      <trkpt lat="18.452015" lon="84.013682">
      </trkpt>
      <trkpt lat="18.4519749" lon="84.0135509">
      </trkpt>
      <trkpt lat="18.450975" lon="84.0108418">
      </trkpt>
      <trkpt lat="18.4509287" lon="84.0107005">
      </trkpt>
      <trkpt lat="18.4499136" lon="84.0080275">
      </trkpt>
      <trkpt lat="18.4491445" lon="84.005862">
      </trkpt>
      <trkpt lat="18.4482229" lon="84.0033505">
      </trkpt>
      <trkpt lat="18.4476625" lon="84.0021639">
      </trkpt>
      <trkpt lat="18.4473154" lon="84.0015657">
      </trkpt>
      <trkpt lat="18.4471095" lon="84.0012801">
      </trkpt>
      <trkpt lat="18.4464478" lon="84.0004731">
      </trkpt>
      <trkpt lat="18.4457818" lon="83.9998007">
      </trkpt>
      <trkpt lat="18.4449048" lon="83.998891">
      </trkpt>
      <trkpt lat="18.4433688" lon="83.9974004">
      </trkpt>
      <trkpt lat="18.4419876" lon="83.9960062">
      </trkpt>
      <trkpt lat="18.440749" lon="83.9947366">
      </trkpt>
      <trkpt lat="18.4395773" lon="83.9935617">
      </trkpt>
      <trkpt lat="18.4392338" lon="83.9932305">
      </trkpt>
      <trkpt lat="18.4386842" lon="83.9926699">
      </trkpt>
      <trkpt lat="18.4385073" lon="83.9924915">
      </trkpt>
      <trkpt lat="18.4373534" lon="83.9912993">
      </trkpt>
      <trkpt lat="18.4363813" lon="83.9903331">
      </trkpt>
      <trkpt lat="18.4356079" lon="83.9895625">
      </trkpt>
      <trkpt lat="18.4334093" lon="83.9873886">
      </trkpt>
      <trkpt lat="18.4325125" lon="83.9865101">
      </trkpt>
      <trkpt lat="18.4321966" lon="83.9861233">
      </trkpt>
      <trkpt lat="18.4319017" lon="83.9857417">
      </trkpt>
      <trkpt lat="18.4314189" lon="83.985071">
      </trkpt>
      <trkpt lat="18.4313192" lon="83.9849241">
      </trkpt>
      <trkpt lat="18.4309667" lon="83.9843895">
      </trkpt>
      <trkpt lat="18.4303793" lon="83.9833967">
      </trkpt>
      <trkpt lat="18.4301495" lon="83.9828702">
      </trkpt>
      <trkpt lat="18.4299009" lon="83.9820396">
      </trkpt>
      <trkpt lat="18.4297391" lon="83.9813351">
      </trkpt>
      <trkpt lat="18.4294883" lon="83.9797955">
      </trkpt>
      <trkpt lat="18.4294513" lon="83.9795919">
      </trkpt>
      <trkpt lat="18.4290684" lon="83.9771451">
      </trkpt>
      <trkpt lat="18.4286392" lon="83.9745001">
      </trkpt>
      <trkpt lat="18.4282632" lon="83.9721773">
      </trkpt>
      <trkpt lat="18.42821" lon="83.9718501">
      </trkpt>
      <trkpt lat="18.4278797" lon="83.9697817">
      </trkpt>
      <trkpt lat="18.4278265" lon="83.969383">
      </trkpt>
      <trkpt lat="18.4275189" lon="83.9675563">
      </trkpt>
      <trkpt lat="18.4271031" lon="83.965203">
      </trkpt>
      <trkpt lat="18.4267747" lon="83.9630425">
      </trkpt>
      <trkpt lat="18.4264441" lon="83.961013">
      </trkpt>
      <trkpt lat="18.4262471" lon="83.9596608">
      </trkpt>
      <trkpt lat="18.426165" lon="83.9588871">
      </trkpt>
      <trkpt lat="18.426165" lon="83.9577796">
      </trkpt>
      <trkpt lat="18.4262119" lon="83.9569812">
      </trkpt>
      <trkpt lat="18.4262795" lon="83.9560657">
      </trkpt>
      <trkpt lat="18.4263831" lon="83.9547564">
      </trkpt>
      <trkpt lat="18.4265097" lon="83.9533869">
      </trkpt>
      <trkpt lat="18.4266645" lon="83.9520471">
      </trkpt>
      <trkpt lat="18.4268428" lon="83.9501091">
      </trkpt>
      <trkpt lat="18.4269665" lon="83.9490085">
      </trkpt>
      <trkpt lat="18.4269928" lon="83.9486279">
      </trkpt>
      <trkpt lat="18.4274529" lon="83.9436863">
      </trkpt>
      <trkpt lat="18.4278701" lon="83.9392203">
      </trkpt>
      <trkpt lat="18.4280996" lon="83.9364933">
      </trkpt>
      <trkpt lat="18.4281222" lon="83.9358574">
      </trkpt>
      <trkpt lat="18.428089" lon="83.9350849">
      </trkpt>
      <trkpt lat="18.4280227" lon="83.934564">
      </trkpt>
      <trkpt lat="18.4277938" lon="83.9336341">
      </trkpt>
      <trkpt lat="18.4276015" lon="83.9329698">
      </trkpt>
      <trkpt lat="18.4273262" lon="83.9323546">
      </trkpt>
      <trkpt lat="18.4269415" lon="83.931554">
      </trkpt>
      <trkpt lat="18.426298" lon="83.9305335">
      </trkpt>
      <trkpt lat="18.4257018" lon="83.9296398">
      </trkpt>
      <trkpt lat="18.4256812" lon="83.929609">
      </trkpt>
      <trkpt lat="18.4249378" lon="83.9284768">
      </trkpt>
      <trkpt lat="18.4239387" lon="83.9269565">
      </trkpt>
      <trkpt lat="18.4230311" lon="83.9255623">
      </trkpt>
      <trkpt lat="18.4227229" lon="83.9250893">
      </trkpt>
      <trkpt lat="18.4225752" lon="83.9248625">
      </trkpt>
      <trkpt lat="18.4220085" lon="83.9239926">
      </trkpt>
      <trkpt lat="18.4211947" lon="83.9228061">
      </trkpt>
      <trkpt lat="18.4207548" lon="83.9221088">
      </trkpt>
      <trkpt lat="18.4205943" lon="83.9218544">
      </trkpt>
      <trkpt lat="18.4196069" lon="83.9203489">
      </trkpt>
      <trkpt lat="18.418704" lon="83.918977">
      </trkpt>
      <trkpt lat="18.4178901" lon="83.9177806">
      </trkpt>
      <trkpt lat="18.417088" lon="83.9165569">
      </trkpt>
      <trkpt lat="18.4163187" lon="83.9153457">
      </trkpt>
      <trkpt lat="18.4154674" lon="83.9140503">
      </trkpt>
      <trkpt lat="18.414559" lon="83.9126442">
      </trkpt>
      <trkpt lat="18.4140531" lon="83.9118874">
      </trkpt>
      <trkpt lat="18.4133914" lon="83.910877">
      </trkpt>
      <trkpt lat="18.4126368" lon="83.9097181">
      </trkpt>
      <trkpt lat="18.4124938" lon="83.909568">
      </trkpt>
      <trkpt lat="18.4120331" lon="83.9088512">
      </trkpt>
      <trkpt lat="18.4114958" lon="83.9080786">
      </trkpt>
      <trkpt lat="18.4108678" lon="83.9071304">
      </trkpt>
      <trkpt lat="18.4105518" lon="83.90665">
      </trkpt>
      <trkpt lat="18.4097591" lon="83.9054364">
      </trkpt>
      <trkpt lat="18.4087818" lon="83.9039218">
      </trkpt>
      <trkpt lat="18.4078649" lon="83.9025267">
      </trkpt>
      <trkpt lat="18.4069631" lon="83.9011689">
      </trkpt>
      <trkpt lat="18.4064589" lon="83.9003789">
      </trkpt>
      <trkpt lat="18.4056905" lon="83.8991936">
      </trkpt>
      <trkpt lat="18.4052127" lon="83.8984696">
      </trkpt>
      <trkpt lat="18.4045483" lon="83.8974528">
      </trkpt>
      <trkpt lat="18.4040375" lon="83.896661">
      </trkpt>
      <trkpt lat="18.4037437" lon="83.8962369">
      </trkpt>
      <trkpt lat="18.4029743" lon="83.8950494">
      </trkpt>
      <trkpt lat="18.4024005" lon="83.8941474">
      </trkpt>
      <trkpt lat="18.4018764" lon="83.8933958">
      </trkpt>
      <trkpt lat="18.4014003" lon="83.8927997">
      </trkpt>
      <trkpt lat="18.4008298" lon="83.8921687">
      </trkpt>
      <trkpt lat="18.3995362" lon="83.8908387">
      </trkpt>
      <trkpt lat="18.397608" lon="83.8888605">
      </trkpt>
      <trkpt lat="18.3967515" lon="83.887972">
      </trkpt>
      <trkpt lat="18.3961544" lon="83.8873095">
      </trkpt>
      <trkpt lat="18.3950481" lon="83.8861996">
      </trkpt>
      <trkpt lat="18.3941136" lon="83.8852341">
      </trkpt>
      <trkpt lat="18.3940231" lon="83.8851211">
      </trkpt>
      <trkpt lat="18.3930329" lon="83.8840916">
      </trkpt>
      <trkpt lat="18.3921372" lon="83.8831686">
      </trkpt>
      <trkpt lat="18.3912116" lon="83.8822265">
      </trkpt>
      <trkpt lat="18.3903143" lon="83.8812931">
      </trkpt>
      <trkpt lat="18.3894262" lon="83.8804012">
      </trkpt>
      <trkpt lat="18.3884701" lon="83.8793875">
      </trkpt>
      <trkpt lat="18.3879055" lon="83.8787916">
      </trkpt>
      <trkpt lat="18.387573" lon="83.8784739">
      </trkpt>
      <trkpt lat="18.3861709" lon="83.8770648">
      </trkpt>
      <trkpt lat="18.3850503" lon="83.8759177">
      </trkpt>
      <trkpt lat="18.3847629" lon="83.875619">
      </trkpt>
      <trkpt lat="18.3842584" lon="83.8750861">
      </trkpt>
      <trkpt lat="18.3829601" lon="83.8736586">
      </trkpt>
      <trkpt lat="18.3817931" lon="83.8724463">
      </trkpt>
      <trkpt lat="18.3810636" lon="83.8716776">
      </trkpt>
      <trkpt lat="18.3802226" lon="83.8708001">
      </trkpt>
      <trkpt lat="18.3791809" lon="83.8697234">
      </trkpt>
      <trkpt lat="18.3784493" lon="83.8689998">
      </trkpt>
      <trkpt lat="18.377678" lon="83.8681625">
      </trkpt>
      <trkpt lat="18.3770659" lon="83.8674249">
      </trkpt>
      <trkpt lat="18.3764439" lon="83.8665823">
      </trkpt>
      <trkpt lat="18.3752334" lon="83.8649341">
      </trkpt>
      <trkpt lat="18.3743933" lon="83.8637881">
      </trkpt>
      <trkpt lat="18.3739792" lon="83.8631981">
      </trkpt>
      <trkpt lat="18.3737525" lon="83.8628966">
      </trkpt>
      <trkpt lat="18.3733308" lon="83.8623435">
      </trkpt>
      <trkpt lat="18.3723807" lon="83.8610136">
      </trkpt>
      <trkpt lat="18.3712288" lon="83.8594216">
      </trkpt>
      <trkpt lat="18.3701778" lon="83.8579928">
      </trkpt>
      <trkpt lat="18.3696187" lon="83.8572264">
      </trkpt>
      <trkpt lat="18.3690514" lon="83.8564542">
      </trkpt>
      <trkpt lat="18.3687477" lon="83.8560265">
      </trkpt>
      <trkpt lat="18.3685489" lon="83.8557367">
      </trkpt>
      <trkpt lat="18.3666277" lon="83.8531484">
      </trkpt>
      <trkpt lat="18.3648156" lon="83.8506406">
      </trkpt>
      <trkpt lat="18.3644784" lon="83.8501486">
      </trkpt>
      <trkpt lat="18.3639406" lon="83.8492415">
      </trkpt>
      <trkpt lat="18.3635837" lon="83.8484267">
      </trkpt>
      <trkpt lat="18.3633007" lon="83.847579">
      </trkpt>
      <trkpt lat="18.3631135" lon="83.8466446">
      </trkpt>
      <trkpt lat="18.363041" lon="83.8460374">
      </trkpt>
      <trkpt lat="18.3630023" lon="83.8452195">
      </trkpt>
      <trkpt lat="18.3630221" lon="83.8445038">
      </trkpt>
      <trkpt lat="18.3631614" lon="83.8433362">
      </trkpt>
      <trkpt lat="18.3638697" lon="83.8366081">
      </trkpt>
      <trkpt lat="18.3639115" lon="83.8361979">
      </trkpt>
      <trkpt lat="18.3645018" lon="83.8304852">
      </trkpt>
      <trkpt lat="18.3648574" lon="83.8268137">
      </trkpt>
      <trkpt lat="18.3648903" lon="83.8260919">
      </trkpt>
      <trkpt lat="18.3648527" lon="83.8251229">
      </trkpt>
      <trkpt lat="18.3648293" lon="83.8243862">
      </trkpt>
      <trkpt lat="18.3648011" lon="83.8238621">
      </trkpt>
      <trkpt lat="18.3647448" lon="83.8224086">
      </trkpt>
      <trkpt lat="18.3646604" lon="83.8192198">
      </trkpt>
      <trkpt lat="18.3646083" lon="83.8175305">
      </trkpt>
      <trkpt lat="18.3644914" lon="83.8146071">
      </trkpt>
      <trkpt lat="18.3643196" lon="83.8104287">
      </trkpt>
      <trkpt lat="18.3642107" lon="83.8070126">
      </trkpt>
      <trkpt lat="18.3639775" lon="83.8006659">
      </trkpt>
      <trkpt lat="18.363972" lon="83.8005236">
      </trkpt>
      <trkpt lat="18.363882" lon="83.7981691">
      </trkpt>
      <trkpt lat="18.3638793" lon="83.7980979">
      </trkpt>
      <trkpt lat="18.3634603" lon="83.7863171">
      </trkpt>
      <trkpt lat="18.3633143" lon="83.7831149">
      </trkpt>
      <trkpt lat="18.3632169" lon="83.7806502">
      </trkpt>
      <trkpt lat="18.3630299" lon="83.7777722">
      </trkpt>
      <trkpt lat="18.3629997" lon="83.7768379">
      </trkpt>
      <trkpt lat="18.3629316" lon="83.7746802">
      </trkpt>
      <trkpt lat="18.3629357" lon="83.7724438">
      </trkpt>
      <trkpt lat="18.3628597" lon="83.7701591">
      </trkpt>
      <trkpt lat="18.3628133" lon="83.7678308">
      </trkpt>
      <trkpt lat="18.3628" lon="83.7673519">
      </trkpt>
      <trkpt lat="18.3627901" lon="83.7669498">
      </trkpt>
      <trkpt lat="18.3627204" lon="83.7652648">
      </trkpt>
      <trkpt lat="18.3626714" lon="83.7637929">
      </trkpt>
      <trkpt lat="18.361967" lon="83.744296">
      </trkpt>
      <trkpt lat="18.3616372" lon="83.7348807">
      </trkpt>
      <trkpt lat="18.3614064" lon="83.7281969">
      </trkpt>
      <trkpt lat="18.361393" lon="83.7276933">
      </trkpt>
      <trkpt lat="18.361135" lon="83.7207682">
      </trkpt>
      <trkpt lat="18.3608445" lon="83.7130272">
      </trkpt>
      <trkpt lat="18.3605416" lon="83.7043995">
      </trkpt>
      <trkpt lat="18.3605365" lon="83.7042563">
      </trkpt>
      <trkpt lat="18.3602298" lon="83.6957207">
      </trkpt>
      <trkpt lat="18.3601921" lon="83.6948644">
      </trkpt>
      <trkpt lat="18.3601755" lon="83.6925256">
      </trkpt>
      <trkpt lat="18.3602452" lon="83.6891276">
      </trkpt>
      <trkpt lat="18.3602552" lon="83.6854569">
      </trkpt>
      <trkpt lat="18.3603348" lon="83.6814576">
      </trkpt>
      <trkpt lat="18.360358" lon="83.6795383">
      </trkpt>
      <trkpt lat="18.3604102" lon="83.6769721">
      </trkpt>
      <trkpt lat="18.360431" lon="83.6759516">
      </trkpt>
      <trkpt lat="18.3604742" lon="83.672134">
      </trkpt>
      <trkpt lat="18.3605438" lon="83.6681662">
      </trkpt>
      <trkpt lat="18.3606069" lon="83.6643592">
      </trkpt>
      <trkpt lat="18.36066" lon="83.6608178">
      </trkpt>
      <trkpt lat="18.3607064" lon="83.6579267">
      </trkpt>
      <trkpt lat="18.3607529" lon="83.6543399">
      </trkpt>
      <trkpt lat="18.3607271" lon="83.6528456">
      </trkpt>
      <trkpt lat="18.3607164" lon="83.6522249">
      </trkpt>
      <trkpt lat="18.3606699" lon="83.6515152">
      </trkpt>
      <trkpt lat="18.3604727" lon="83.6502752">
      </trkpt>
      <trkpt lat="18.360194" lon="83.6490306">
      </trkpt>
      <trkpt lat="18.3599054" lon="83.6481147">
      </trkpt>
      <trkpt lat="18.3594409" lon="83.6467688">
      </trkpt>
      <trkpt lat="18.3587507" lon="83.6453599">
      </trkpt>
      <trkpt lat="18.3581037" lon="83.6442622">
      </trkpt>
      <trkpt lat="18.3576724" lon="83.643598">
      </trkpt>
      <trkpt lat="18.3565027" lon="83.6419372">
      </trkpt>
      <trkpt lat="18.3552639" lon="83.6401919">
      </trkpt>
      <trkpt lat="18.3546537" lon="83.6393053">
      </trkpt>
      <trkpt lat="18.3539336" lon="83.6382589">
      </trkpt>
      <trkpt lat="18.3527159" lon="83.6364939">
      </trkpt>
      <trkpt lat="18.3512589" lon="83.6344668">
      </trkpt>
      <trkpt lat="18.3510712" lon="83.6341727">
      </trkpt>
      <trkpt lat="18.3503602" lon="83.6331938">
      </trkpt>
      <trkpt lat="18.3490416" lon="83.6313299">
      </trkpt>
      <trkpt lat="18.3475564" lon="83.6291941">
      </trkpt>
      <trkpt lat="18.3468171" lon="83.6281654">
      </trkpt>
      <trkpt lat="18.3466505" lon="83.6279336">
      </trkpt>
      <trkpt lat="18.3461228" lon="83.6271992">
      </trkpt>
      <trkpt lat="18.3453039" lon="83.6260349">
      </trkpt>
      <trkpt lat="18.3446892" lon="83.6253354">
      </trkpt>
      <trkpt lat="18.3441098" lon="83.6247487">
      </trkpt>
      <trkpt lat="18.3439079" lon="83.6245443">
      </trkpt>
      <trkpt lat="18.343236" lon="83.6238226">
      </trkpt>
      <trkpt lat="18.3424766" lon="83.6229821">
      </trkpt>
      <trkpt lat="18.3410218" lon="83.6213926">
      </trkpt>
      <trkpt lat="18.339675" lon="83.6199316">
      </trkpt>
      <trkpt lat="18.3381709" lon="83.6183174">
      </trkpt>
      <trkpt lat="18.3381259" lon="83.6182699">
      </trkpt>
      <trkpt lat="18.3369015" lon="83.6169776">
      </trkpt>
      <trkpt lat="18.3353833" lon="83.6153362">
      </trkpt>
      <trkpt lat="18.3341327" lon="83.6139544">
      </trkpt>
      <trkpt lat="18.3335507" lon="83.6133339">
      </trkpt>
      <trkpt lat="18.33318" lon="83.612842">
      </trkpt>
      <trkpt lat="18.3328773" lon="83.6123946">
      </trkpt>
      <trkpt lat="18.3325675" lon="83.6118137">
      </trkpt>
      <trkpt lat="18.3322672" lon="83.6112105">
      </trkpt>
      <trkpt lat="18.3319481" lon="83.6104912">
      </trkpt>
      <trkpt lat="18.3314975" lon="83.6094875">
      </trkpt>
      <trkpt lat="18.3307607" lon="83.6078956">
      </trkpt>
      <trkpt lat="18.329747" lon="83.6056115">
      </trkpt>
      <trkpt lat="18.328684" lon="83.6032903">
      </trkpt>
      <trkpt lat="18.3274638" lon="83.6005786">
      </trkpt>
      <trkpt lat="18.3261896" lon="83.5978149">
      </trkpt>
      <trkpt lat="18.3252627" lon="83.5957804">
      </trkpt>
      <trkpt lat="18.3242654" lon="83.5936125">
      </trkpt>
      <trkpt lat="18.3241856" lon="83.5934327">
      </trkpt>
      <trkpt lat="18.3233385" lon="83.5915237">
      </trkpt>
      <trkpt lat="18.3222355" lon="83.5890962">
      </trkpt>
      <trkpt lat="18.3212241" lon="83.586869">
      </trkpt>
      <trkpt lat="18.3205929" lon="83.5855564">
      </trkpt>
      <trkpt lat="18.3202291" lon="83.5847431">
      </trkpt>
      <trkpt lat="18.3200273" lon="83.5841399">
      </trkpt>
      <trkpt lat="18.3198278" lon="83.5833884">
      </trkpt>
      <trkpt lat="18.3196049" lon="83.5824293">
      </trkpt>
      <trkpt lat="18.3194148" lon="83.5815913">
      </trkpt>
      <trkpt lat="18.3189736" lon="83.5797101">
      </trkpt>
      <trkpt lat="18.3184668" lon="83.5778364">
      </trkpt>
      <trkpt lat="18.318393" lon="83.5775565">
      </trkpt>
      <trkpt lat="18.3183233" lon="83.5772919">
      </trkpt>
      <trkpt lat="18.3182368" lon="83.5769638">
      </trkpt>
      <trkpt lat="18.3178355" lon="83.5752161">
      </trkpt>
      <trkpt lat="18.3173075" lon="83.5729172">
      </trkpt>
      <trkpt lat="18.3168616" lon="83.571036">
      </trkpt>
      <trkpt lat="18.3164556" lon="83.5693526">
      </trkpt>
      <trkpt lat="18.3159745" lon="83.5674343">
      </trkpt>
      <trkpt lat="18.3155521" lon="83.5656496">
      </trkpt>
      <trkpt lat="18.3150945" lon="83.5636917">
      </trkpt>
      <trkpt lat="18.3147613" lon="83.562394">
      </trkpt>
      <trkpt lat="18.3145665" lon="83.561813">
      </trkpt>
      <trkpt lat="18.3143389" lon="83.561289">
      </trkpt>
      <trkpt lat="18.3139329" lon="83.5605301">
      </trkpt>
      <trkpt lat="18.3136865" lon="83.560137">
      </trkpt>
      <trkpt lat="18.3132922" lon="83.5595883">
      </trkpt>
      <trkpt lat="18.3128416" lon="83.5591038">
      </trkpt>
      <trkpt lat="18.3121399" lon="83.5584388">
      </trkpt>
      <trkpt lat="18.3108468" lon="83.557455">
      </trkpt>
      <trkpt lat="18.3093144" lon="83.5564019">
      </trkpt>
      <trkpt lat="18.3078875" lon="83.555465">
      </trkpt>
      <trkpt lat="18.3068807" lon="83.5547358">
      </trkpt>
      <trkpt lat="18.3064324" lon="83.5543724">
      </trkpt>
      <trkpt lat="18.3059138" lon="83.5538706">
      </trkpt>
      <trkpt lat="18.3054726" lon="83.5533984">
      </trkpt>
      <trkpt lat="18.3048459" lon="83.5526222">
      </trkpt>
      <trkpt lat="18.3036631" lon="83.5511514">
      </trkpt>
      <trkpt lat="18.3036258" lon="83.5511067">
      </trkpt>
      <trkpt lat="18.3025976" lon="83.5498734">
      </trkpt>
      <trkpt lat="18.301396" lon="83.5483952">
      </trkpt>
      <trkpt lat="18.3002178" lon="83.546907">
      </trkpt>
      <trkpt lat="18.2989012" lon="83.5453052">
      </trkpt>
      <trkpt lat="18.2976103" lon="83.5437009">
      </trkpt>
      <trkpt lat="18.2963711" lon="83.5421905">
      </trkpt>
      <trkpt lat="18.295667" lon="83.5413748">
      </trkpt>
      <trkpt lat="18.2951554" lon="83.5408828">
      </trkpt>
      <trkpt lat="18.2947517" lon="83.5405491">
      </trkpt>
      <trkpt lat="18.2940218" lon="83.5400176">
      </trkpt>
      <trkpt lat="18.2934045" lon="83.539679">
      </trkpt>
      <trkpt lat="18.2924516" lon="83.5392785">
      </trkpt>
      <trkpt lat="18.2910879" lon="83.5387174">
      </trkpt>
      <trkpt lat="18.2895623" lon="83.5380771">
      </trkpt>
      <trkpt lat="18.2880508" lon="83.5374245">
      </trkpt>
      <trkpt lat="18.2865322" lon="83.5367917">
      </trkpt>
      <trkpt lat="18.2850511" lon="83.5361811">
      </trkpt>
      <trkpt lat="18.2841803" lon="83.535816">
      </trkpt>
      <trkpt lat="18.2837954" lon="83.5356546">
      </trkpt>
      <trkpt lat="18.2825068" lon="83.5351009">
      </trkpt>
      <trkpt lat="18.2811947" lon="83.5345002">
      </trkpt>
      <trkpt lat="18.2797324" lon="83.5339564">
      </trkpt>
      <trkpt lat="18.2784367" lon="83.5334175">
      </trkpt>
      <trkpt lat="18.2769627" lon="83.5327797">
      </trkpt>
      <trkpt lat="18.275503" lon="83.5322317">
      </trkpt>
      <trkpt lat="18.2739648" lon="83.5316577">
      </trkpt>
      <trkpt lat="18.2728005" lon="83.5311708">
      </trkpt>
      <trkpt lat="18.2716208" lon="83.5306484">
      </trkpt>
      <trkpt lat="18.2703902" lon="83.5300235">
      </trkpt>
      <trkpt lat="18.2696749" lon="83.5297205">
      </trkpt>
      <trkpt lat="18.2691414" lon="83.5294945">
      </trkpt>
      <trkpt lat="18.26837" lon="83.5291639">
      </trkpt>
      <trkpt lat="18.2669362" lon="83.5285495">
      </trkpt>
      <trkpt lat="18.2647551" lon="83.5275847">
      </trkpt>
      <trkpt lat="18.2625043" lon="83.5266478">
      </trkpt>
      <trkpt lat="18.2603331" lon="83.5257353">
      </trkpt>
      <trkpt lat="18.2579993" lon="83.524753">
      </trkpt>
      <trkpt lat="18.2561932" lon="83.5239594">
      </trkpt>
      <trkpt lat="18.2538659" lon="83.522991">
      </trkpt>
      <trkpt lat="18.2523825" lon="83.5223729">
      </trkpt>
      <trkpt lat="18.2471143" lon="83.5201676">
      </trkpt>
      <trkpt lat="18.2469668" lon="83.5201045">
      </trkpt>
      <trkpt lat="18.237262" lon="83.5160053">
      </trkpt>
      <trkpt lat="18.2346505" lon="83.5149101">
      </trkpt>
      <trkpt lat="18.2339497" lon="83.5145836">
      </trkpt>
      <trkpt lat="18.2333724" lon="83.5142641">
      </trkpt>
      <trkpt lat="18.2327391" lon="83.5138396">
      </trkpt>
      <trkpt lat="18.2321655" lon="83.5133562">
      </trkpt>
      <trkpt lat="18.2317412" lon="83.5129423">
      </trkpt>
      <trkpt lat="18.2312535" lon="83.5123774">
      </trkpt>
      <trkpt lat="18.2307166" lon="83.5116759">
      </trkpt>
      <trkpt lat="18.2285683" lon="83.5088922">
      </trkpt>
      <trkpt lat="18.2257448" lon="83.5052055">
      </trkpt>
      <trkpt lat="18.2230847" lon="83.5017451">
      </trkpt>
      <trkpt lat="18.2194401" lon="83.4970182">
      </trkpt>
      <trkpt lat="18.2139785" lon="83.4899198">
      </trkpt>
      <trkpt lat="18.2120657" lon="83.4874238">
      </trkpt>
      <trkpt lat="18.2116838" lon="83.4869279">
      </trkpt>
      <trkpt lat="18.2102592" lon="83.485071">
      </trkpt>
      <trkpt lat="18.2084626" lon="83.4827288">
      </trkpt>
      <trkpt lat="18.2067989" lon="83.4805578">
      </trkpt>
      <trkpt lat="18.2049757" lon="83.4782156">
      </trkpt>
      <trkpt lat="18.2028636" lon="83.4754433">
      </trkpt>
      <trkpt lat="18.2009573" lon="83.4729507">
      </trkpt>
      <trkpt lat="18.2003403" lon="83.4721786">
      </trkpt>
      <trkpt lat="18.1994596" lon="83.4710315">
      </trkpt>
      <trkpt lat="18.1945214" lon="83.4646623">
      </trkpt>
      <trkpt lat="18.1944249" lon="83.4645442">
      </trkpt>
      <trkpt lat="18.1933988" lon="83.4632054">
      </trkpt>
      <trkpt lat="18.1929912" lon="83.4626982">
      </trkpt>
      <trkpt lat="18.1928826" lon="83.4625672">
      </trkpt>
      <trkpt lat="18.1923734" lon="83.462044">
      </trkpt>
      <trkpt lat="18.191997" lon="83.461697">
      </trkpt>
      <trkpt lat="18.19152" lon="83.4613563">
      </trkpt>
      <trkpt lat="18.1911844" lon="83.4611264">
      </trkpt>
      <trkpt lat="18.1907558" lon="83.460842">
      </trkpt>
      <trkpt lat="18.1904956" lon="83.4606813">
      </trkpt>
      <trkpt lat="18.1882517" lon="83.4593743">
      </trkpt>
      <trkpt lat="18.1847971" lon="83.4574098">
      </trkpt>
      <trkpt lat="18.1844764" lon="83.4571996">
      </trkpt>
      <trkpt lat="18.1841275" lon="83.4569557">
      </trkpt>
      <trkpt lat="18.1838677" lon="83.4567602">
      </trkpt>
      <trkpt lat="18.1836109" lon="83.4565432">
      </trkpt>
      <trkpt lat="18.1832274" lon="83.4562254">
      </trkpt>
      <trkpt lat="18.1826468" lon="83.4557478">
      </trkpt>
      <trkpt lat="18.1798568" lon="83.4532064">
      </trkpt>
      <trkpt lat="18.1790162" lon="83.4525123">
      </trkpt>
      <trkpt lat="18.1789125" lon="83.4524267">
      </trkpt>
      <trkpt lat="18.1788" lon="83.4523338">
      </trkpt>
      <trkpt lat="18.1787594" lon="83.452306">
      </trkpt>
      <trkpt lat="18.178295" lon="83.4519877">
      </trkpt>
      <trkpt lat="18.1778817" lon="83.451785">
      </trkpt>
      <trkpt lat="18.1775482" lon="83.4516243">
      </trkpt>
      <trkpt lat="18.176907" lon="83.4513598">
      </trkpt>
      <trkpt lat="18.176516" lon="83.4512737">
      </trkpt>
      <trkpt lat="18.1762189" lon="83.4511839">
      </trkpt>
      <trkpt lat="18.1757984" lon="83.4510854">
      </trkpt>
      <trkpt lat="18.1752958" lon="83.4509989">
      </trkpt>
      <trkpt lat="18.1744409" lon="83.4509445">
      </trkpt>
      <trkpt lat="18.1735231" lon="83.4509404">
      </trkpt>
      <trkpt lat="18.1723569" lon="83.4508783">
      </trkpt>
      <trkpt lat="18.1710377" lon="83.4507937">
      </trkpt>
      <trkpt lat="18.1681186" lon="83.4507136">
      </trkpt>
      <trkpt lat="18.1650512" lon="83.450506">
      </trkpt>
      <trkpt lat="18.1625708" lon="83.4503774">
      </trkpt>
      <trkpt lat="18.1605646" lon="83.4502942">
      </trkpt>
      <trkpt lat="18.1586214" lon="83.4502767">
      </trkpt>
      <trkpt lat="18.156718" lon="83.4501823">
      </trkpt>
      <trkpt lat="18.1556517" lon="83.450088">
      </trkpt>
      <trkpt lat="18.154974" lon="83.4499796">
      </trkpt>
      <trkpt lat="18.1541668" lon="83.4497034">
      </trkpt>
      <trkpt lat="18.1535921" lon="83.4494167">
      </trkpt>
      <trkpt lat="18.1532034" lon="83.4491406">
      </trkpt>
      <trkpt lat="18.1526985" lon="83.4487735">
      </trkpt>
      <trkpt lat="18.1522401" lon="83.4483225">
      </trkpt>
      <trkpt lat="18.1518547" lon="83.4478401">
      </trkpt>
      <trkpt lat="18.1515491" lon="83.4473017">
      </trkpt>
      <trkpt lat="18.1512402" lon="83.4465851">
      </trkpt>
      <trkpt lat="18.1508249" lon="83.4455608">
      </trkpt>
      <trkpt lat="18.1505722" lon="83.4449085">
      </trkpt>
      <trkpt lat="18.1500775" lon="83.4436101">
      </trkpt>
      <trkpt lat="18.1494065" lon="83.4418376">
      </trkpt>
      <trkpt lat="18.148958" lon="83.44067">
      </trkpt>
      <trkpt lat="18.1486524" lon="83.4401072">
      </trkpt>
      <trkpt lat="18.1482704" lon="83.4394674">
      </trkpt>
      <trkpt lat="18.1478883" lon="83.4388976">
      </trkpt>
      <trkpt lat="18.1475262" lon="83.4383767">
      </trkpt>
      <trkpt lat="18.1471259" lon="83.4377382">
      </trkpt>
      <trkpt lat="18.1468884" lon="83.4373594">
      </trkpt>
      <trkpt lat="18.1451199" lon="83.434823">
      </trkpt>
      <trkpt lat="18.1438749" lon="83.4329863">
      </trkpt>
      <trkpt lat="18.1430363" lon="83.4317207">
      </trkpt>
      <trkpt lat="18.141702" lon="83.4297208">
      </trkpt>
      <trkpt lat="18.1403865" lon="83.4278718">
      </trkpt>
      <trkpt lat="18.1398039" lon="83.4270385">
      </trkpt>
      <trkpt lat="18.1395375" lon="83.4266573">
      </trkpt>
      <trkpt lat="18.1390006" lon="83.4258893">
      </trkpt>
      <trkpt lat="18.1378471" lon="83.4241663">
      </trkpt>
      <trkpt lat="18.1367759" lon="83.4226139">
      </trkpt>
      <trkpt lat="18.1352725" lon="83.4204287">
      </trkpt>
      <trkpt lat="18.1342294" lon="83.4189059">
      </trkpt>
      <trkpt lat="18.1334424" lon="83.4177911">
      </trkpt>
      <trkpt lat="18.1325638" lon="83.4164859">
      </trkpt>
      <trkpt lat="18.1312083" lon="83.414538">
      </trkpt>
      <trkpt lat="18.130318" lon="83.4132698">
      </trkpt>
      <trkpt lat="18.1299585" lon="83.4127186">
      </trkpt>
      <trkpt lat="18.1296179" lon="83.4121006">
      </trkpt>
      <trkpt lat="18.1292585" lon="83.411312">
      </trkpt>
      <trkpt lat="18.1291141" lon="83.4108658">
      </trkpt>
      <trkpt lat="18.1290353" lon="83.4106224">
      </trkpt>
      <trkpt lat="18.1288191" lon="83.4097646">
      </trkpt>
      <trkpt lat="18.1286711" lon="83.4089118">
      </trkpt>
      <trkpt lat="18.1286645" lon="83.4088726">
      </trkpt>
      <trkpt lat="18.128653" lon="83.4088037">
      </trkpt>
      <trkpt lat="18.1285537" lon="83.4082122">
      </trkpt>
      <trkpt lat="18.1284127" lon="83.407609">
      </trkpt>
      <trkpt lat="18.1282083" lon="83.4070157">
      </trkpt>
      <trkpt lat="18.1278653" lon="83.4062692">
      </trkpt>
      <trkpt lat="18.1274754" lon="83.4055227">
      </trkpt>
      <trkpt lat="18.1271183" lon="83.4050159">
      </trkpt>
      <trkpt lat="18.126834" lon="83.4046278">
      </trkpt>
      <trkpt lat="18.1264417" lon="83.4041952">
      </trkpt>
      <trkpt lat="18.1258802" lon="83.4036638">
      </trkpt>
      <trkpt lat="18.1251378" lon="83.4029691">
      </trkpt>
      <trkpt lat="18.1241299" lon="83.4020817">
      </trkpt>
      <trkpt lat="18.1228425" lon="83.4009001">
      </trkpt>
      <trkpt lat="18.1215339" lon="83.3997234">
      </trkpt>
      <trkpt lat="18.1203099" lon="83.3985962">
      </trkpt>
      <trkpt lat="18.1197578" lon="83.3980919">
      </trkpt>
      <trkpt lat="18.1192198" lon="83.3977088">
      </trkpt>
      <trkpt lat="18.1188227" lon="83.3974665">
      </trkpt>
      <trkpt lat="18.1185477" lon="83.39731">
      </trkpt>
      <trkpt lat="18.1181516" lon="83.3970846">
      </trkpt>
      <trkpt lat="18.118132" lon="83.3970735">
      </trkpt>
      <trkpt lat="18.1177209" lon="83.3968955">
      </trkpt>
      <trkpt lat="18.1173591" lon="83.3967669">
      </trkpt>
      <trkpt lat="18.1171832" lon="83.3967051">
      </trkpt>
      <trkpt lat="18.1165456" lon="83.3965434">
      </trkpt>
      <trkpt lat="18.1162171" lon="83.3964765">
      </trkpt>
      <trkpt lat="18.1158664" lon="83.3964143">
      </trkpt>
      <trkpt lat="18.115382" lon="83.3963437">
      </trkpt>
      <trkpt lat="18.1149297" lon="83.3963172">
      </trkpt>
      <trkpt lat="18.1145969" lon="83.3963084">
      </trkpt>
      <trkpt lat="18.1141071" lon="83.396321">
      </trkpt>
      <trkpt lat="18.1134085" lon="83.3963447">
      </trkpt>
      <trkpt lat="18.1130028" lon="83.3963413">
      </trkpt>
      <trkpt lat="18.1126403" lon="83.3963201">
      </trkpt>
      <trkpt lat="18.1122055" lon="83.3962584">
      </trkpt>
      <trkpt lat="18.1112662" lon="83.3961168">
      </trkpt>
      <trkpt lat="18.1108809" lon="83.3960522">
      </trkpt>
      <trkpt lat="18.1104564" lon="83.3959405">
      </trkpt>
      <trkpt lat="18.1091724" lon="83.3955676">
      </trkpt>
      <trkpt lat="18.1088039" lon="83.3954868">
      </trkpt>
      <trkpt lat="18.1082959" lon="83.3953756">
      </trkpt>
      <trkpt lat="18.1079622" lon="83.3952947">
      </trkpt>
      <trkpt lat="18.1074582" lon="83.3951861">
      </trkpt>
      <trkpt lat="18.1072772" lon="83.3951367">
      </trkpt>
      <trkpt lat="18.1070756" lon="83.395065">
      </trkpt>
      <trkpt lat="18.1065147" lon="83.3948792">
      </trkpt>
      <trkpt lat="18.1062269" lon="83.3947611">
      </trkpt>
      <trkpt lat="18.105745" lon="83.3945503">
      </trkpt>
      <trkpt lat="18.1052903" lon="83.3943148">
      </trkpt>
      <trkpt lat="18.1045269" lon="83.3938634">
      </trkpt>
      <trkpt lat="18.1036425" lon="83.3933317">
      </trkpt>
      <trkpt lat="18.1028332" lon="83.3928718">
      </trkpt>
      <trkpt lat="18.1019573" lon="83.3923724">
      </trkpt>
      <trkpt lat="18.1010814" lon="83.3918731">
      </trkpt>
      <trkpt lat="18.100284" lon="83.3914114">
      </trkpt>
      <trkpt lat="18.0990923" lon="83.390709">
      </trkpt>
      <trkpt lat="18.0977183" lon="83.3899367">
      </trkpt>
      <trkpt lat="18.0962019" lon="83.3890577">
      </trkpt>
      <trkpt lat="18.094642" lon="83.3881712">
      </trkpt>
      <trkpt lat="18.093227" lon="83.3873633">
      </trkpt>
      <trkpt lat="18.0925141" lon="83.3869737">
      </trkpt>
      <trkpt lat="18.0919418" lon="83.3866183">
      </trkpt>
      <trkpt lat="18.0913821" lon="83.3861897">
      </trkpt>
      <trkpt lat="18.0909305" lon="83.3857959">
      </trkpt>
      <trkpt lat="18.090479" lon="83.3853717">
      </trkpt>
      <trkpt lat="18.0902013" lon="83.3850592">
      </trkpt>
      <trkpt lat="18.0896942" lon="83.3843835">
      </trkpt>
      <trkpt lat="18.0894237" lon="83.383977">
      </trkpt>
      <trkpt lat="18.0889335" lon="83.3832047">
      </trkpt>
      <trkpt lat="18.0878478" lon="83.3814599">
      </trkpt>
      <trkpt lat="18.0875377" lon="83.3809616">
      </trkpt>
      <trkpt lat="18.0867312" lon="83.379694">
      </trkpt>
      <trkpt lat="18.085828" lon="83.3782688">
      </trkpt>
      <trkpt lat="18.0851422" lon="83.3771866">
      </trkpt>
      <trkpt lat="18.0843839" lon="83.3759952">
      </trkpt>
      <trkpt lat="18.0835001" lon="83.3745904">
      </trkpt>
      <trkpt lat="18.0827032" lon="83.3733354">
      </trkpt>
      <trkpt lat="18.0820512" lon="83.3722888">
      </trkpt>
      <trkpt lat="18.0812808" lon="83.3710847">
      </trkpt>
      <trkpt lat="18.0802521" lon="83.3694538">
      </trkpt>
      <trkpt lat="18.0790736" lon="83.3675688">
      </trkpt>
      <trkpt lat="18.0781173" lon="83.3660548">
      </trkpt>
      <trkpt lat="18.0769412" lon="83.3642181">
      </trkpt>
      <trkpt lat="18.0759003" lon="83.3625669">
      </trkpt>
      <trkpt lat="18.0747411" lon="83.3607149">
      </trkpt>
      <trkpt lat="18.0736085" lon="83.3589392">
      </trkpt>
      <trkpt lat="18.0734023" lon="83.3586291">
      </trkpt>
      <trkpt lat="18.0724662" lon="83.3571559">
      </trkpt>
      <trkpt lat="18.0712176" lon="83.3551693">
      </trkpt>
      <trkpt lat="18.0700535" lon="83.353325">
      </trkpt>
      <trkpt lat="18.0689498" lon="83.3515823">
      </trkpt>
      <trkpt lat="18.0676554" lon="83.3495475">
      </trkpt>
      <trkpt lat="18.0663729" lon="83.3474974">
      </trkpt>
      <trkpt lat="18.0652113" lon="83.3456811">
      </trkpt>
      <trkpt lat="18.064151" lon="83.3439587">
      </trkpt>
      <trkpt lat="18.0629265" lon="83.3420357">
      </trkpt>
      <trkpt lat="18.061859" lon="83.3403616">
      </trkpt>
      <trkpt lat="18.0606418" lon="83.3384588">
      </trkpt>
      <trkpt lat="18.0596926" lon="83.3369372">
      </trkpt>
      <trkpt lat="18.0594293" lon="83.336424">
      </trkpt>
      <trkpt lat="18.0591733" lon="83.3358372">
      </trkpt>
      <trkpt lat="18.058956" lon="83.335225">
      </trkpt>
      <trkpt lat="18.057717" lon="83.3315694">
      </trkpt>
      <trkpt lat="18.0569731" lon="83.3294228">
      </trkpt>
      <trkpt lat="18.0563113" lon="83.3274743">
      </trkpt>
      <trkpt lat="18.0556253" lon="83.3255005">
      </trkpt>
      <trkpt lat="18.0550312" lon="83.323773">
      </trkpt>
      <trkpt lat="18.0544684" lon="83.3220862">
      </trkpt>
      <trkpt lat="18.054024" lon="83.3208287">
      </trkpt>
      <trkpt lat="18.0535241" lon="83.3193528">
      </trkpt>
      <trkpt lat="18.0528599" lon="83.3174272">
      </trkpt>
      <trkpt lat="18.052413" lon="83.3161113">
      </trkpt>
      <trkpt lat="18.0523481" lon="83.3159242">
      </trkpt>
      <trkpt lat="18.0518841" lon="83.3145871">
      </trkpt>
      <trkpt lat="18.0513213" lon="83.3131518">
      </trkpt>
      <trkpt lat="18.0506692" lon="83.3115082">
      </trkpt>
      <trkpt lat="18.0497968" lon="83.3093267">
      </trkpt>
      <trkpt lat="18.0496897" lon="83.3090476">
      </trkpt>
      <trkpt lat="18.0495967" lon="83.3087951">
      </trkpt>
      <trkpt lat="18.0490171" lon="83.3073953">
      </trkpt>
      <trkpt lat="18.048761" lon="83.3068695">
      </trkpt>
      <trkpt lat="18.0484156" lon="83.3063004">
      </trkpt>
      <trkpt lat="18.0479712" lon="83.3056882">
      </trkpt>
      <trkpt lat="18.0474471" lon="83.3050887">
      </trkpt>
      <trkpt lat="18.0468601" lon="83.3045425">
      </trkpt>
      <trkpt lat="18.0455727" lon="83.3035645">
      </trkpt>
      <trkpt lat="18.0452153" lon="83.3032926">
      </trkpt>
      <trkpt lat="18.0439689" lon="83.3024086">
      </trkpt>
      <trkpt lat="18.0428657" lon="83.3016036">
      </trkpt>
      <trkpt lat="18.041894" lon="83.300892">
      </trkpt>
      <trkpt lat="18.0413205" lon="83.3004116">
      </trkpt>
      <trkpt lat="18.0407005" lon="83.2998494">
      </trkpt>
      <trkpt lat="18.0399455" lon="83.2992207">
      </trkpt>
      <trkpt lat="18.0391991" lon="83.2986261">
      </trkpt>
      <trkpt lat="18.0382" lon="83.2979147">
      </trkpt>
      <trkpt lat="18.037322" lon="83.2972537">
      </trkpt>
      <trkpt lat="18.036193" lon="83.2964238">
      </trkpt>
      <trkpt lat="18.0351614" lon="83.2956568">
      </trkpt>
      <trkpt lat="18.0342646" lon="83.2950119">
      </trkpt>
      <trkpt lat="18.0333235" lon="83.2943365">
      </trkpt>
      <trkpt lat="18.0322935" lon="83.2935695">
      </trkpt>
      <trkpt lat="18.0321546" lon="83.2934688">
      </trkpt>
      <trkpt lat="18.0304825" lon="83.2922556">
      </trkpt>
      <trkpt lat="18.0286495" lon="83.2908893">
      </trkpt>
      <trkpt lat="18.0285969" lon="83.2908507">
      </trkpt>
      <trkpt lat="18.0283641" lon="83.2906753">
      </trkpt>
      <trkpt lat="18.0279253" lon="83.290354">
      </trkpt>
      <trkpt lat="18.026827" lon="83.2895547">
      </trkpt>
      <trkpt lat="18.0256723" lon="83.2887194">
      </trkpt>
      <trkpt lat="18.0245107" lon="83.2878625">
      </trkpt>
      <trkpt lat="18.0235286" lon="83.2871404">
      </trkpt>
      <trkpt lat="18.0228846" lon="83.2866554">
      </trkpt>
      <trkpt lat="18.0224755" lon="83.2862998">
      </trkpt>
      <trkpt lat="18.0221233" lon="83.2859527">
      </trkpt>
      <trkpt lat="18.0218028" lon="83.2855957">
      </trkpt>
      <trkpt lat="18.0214593" lon="83.2851557">
      </trkpt>
      <trkpt lat="18.0212333" lon="83.2848404">
      </trkpt>
      <trkpt lat="18.0146546" lon="83.2750604">
      </trkpt>
      <trkpt lat="18.0140925" lon="83.2742644">
      </trkpt>
      <trkpt lat="18.0139539" lon="83.2740779">
      </trkpt>
      <trkpt lat="18.0134292" lon="83.2733936">
      </trkpt>
      <trkpt lat="18.0132287" lon="83.2731116">
      </trkpt>
      <trkpt lat="18.0130308" lon="83.272821">
      </trkpt>
      <trkpt lat="18.0107804" lon="83.2694275">
      </trkpt>
      <trkpt lat="18.0104975" lon="83.2690244">
      </trkpt>
      <trkpt lat="18.0102453" lon="83.2686976">
      </trkpt>
      <trkpt lat="18.0100383" lon="83.2684446">
      </trkpt>
      <trkpt lat="18.0097155" lon="83.2680689">
      </trkpt>
      <trkpt lat="18.0087165" lon="83.2669022">
      </trkpt>
      <trkpt lat="18.0041311" lon="83.2615757">
      </trkpt>
      <trkpt lat="18.0008935" lon="83.2577818">
      </trkpt>
      <trkpt lat="18.0005142" lon="83.2573271">
      </trkpt>
      <trkpt lat="17.9990404" lon="83.2556149">
      </trkpt>
      <trkpt lat="17.9976319" lon="83.2539205">
      </trkpt>
      <trkpt lat="17.9947081" lon="83.2505318">
      </trkpt>
      <trkpt lat="17.9895956" lon="83.2445131">
      </trkpt>
      <trkpt lat="17.9862258" lon="83.240874">
      </trkpt>
      <trkpt lat="17.9823299" lon="83.236869">
      </trkpt>
      <trkpt lat="17.9793237" lon="83.2337675">
      </trkpt>
      <trkpt lat="17.9754289" lon="83.2297583">
      </trkpt>
      <trkpt lat="17.9718356" lon="83.2260331">
      </trkpt>
      <trkpt lat="17.9681927" lon="83.2222644">
      </trkpt>
      <trkpt lat="17.9674071" lon="83.2214473">
      </trkpt>
      <trkpt lat="17.966566" lon="83.2205723">
      </trkpt>
      <trkpt lat="17.9644472" lon="83.2183952">
      </trkpt>
      <trkpt lat="17.9607939" lon="83.2145906">
      </trkpt>
      <trkpt lat="17.9587468" lon="83.2124746">
      </trkpt>
      <trkpt lat="17.9581345" lon="83.2118716">
      </trkpt>
      <trkpt lat="17.9565288" lon="83.2102903">
      </trkpt>
      <trkpt lat="17.955958" lon="83.2097396">
      </trkpt>
      <trkpt lat="17.9546345" lon="83.208353">
      </trkpt>
      <trkpt lat="17.9535786" lon="83.2072657">
      </trkpt>
      <trkpt lat="17.9532367" lon="83.2068658">
      </trkpt>
      <trkpt lat="17.9528478" lon="83.2064097">
      </trkpt>
      <trkpt lat="17.9513281" lon="83.2048219">
      </trkpt>
      <trkpt lat="17.9509808" lon="83.2044682">
      </trkpt>
      <trkpt lat="17.9495824" lon="83.2030438">
      </trkpt>
      <trkpt lat="17.9469347" lon="83.2003019">
      </trkpt>
      <trkpt lat="17.9468434" lon="83.2002051">
      </trkpt>
      <trkpt lat="17.9431292" lon="83.1963413">
      </trkpt>
      <trkpt lat="17.9430183" lon="83.1962269">
      </trkpt>
      <trkpt lat="17.9377513" lon="83.1908028">
      </trkpt>
      <trkpt lat="17.9350917" lon="83.1881286">
      </trkpt>
      <trkpt lat="17.9346598" lon="83.1877243">
      </trkpt>
      <trkpt lat="17.9341816" lon="83.1873346">
      </trkpt>
      <trkpt lat="17.9336797" lon="83.187012">
      </trkpt>
      <trkpt lat="17.9332493" lon="83.1867846">
      </trkpt>
      <trkpt lat="17.9326202" lon="83.186496">
      </trkpt>
      <trkpt lat="17.9320492" lon="83.1863116">
      </trkpt>
      <trkpt lat="17.9314458" lon="83.1861282">
      </trkpt>
      <trkpt lat="17.9309014" lon="83.1860174">
      </trkpt>
      <trkpt lat="17.9303092" lon="83.1859261">
      </trkpt>
      <trkpt lat="17.9299004" lon="83.1858949">
      </trkpt>
      <trkpt lat="17.927175" lon="83.1858348">
      </trkpt>
      <trkpt lat="17.9127954" lon="83.1854815">
      </trkpt>
      <trkpt lat="17.9127207" lon="83.1854797">
      </trkpt>
      <trkpt lat="17.9103597" lon="83.1854152">
      </trkpt>
      <trkpt lat="17.9088611" lon="83.1853743">
      </trkpt>
      <trkpt lat="17.9087495" lon="83.1853712">
      </trkpt>
      <trkpt lat="17.9048079" lon="83.1852806">
      </trkpt>
      <trkpt lat="17.904559" lon="83.1852689">
      </trkpt>
      <trkpt lat="17.8992961" lon="83.1851537">
      </trkpt>
      <trkpt lat="17.8979769" lon="83.1851175">
      </trkpt>
      <trkpt lat="17.8977511" lon="83.1851113">
      </trkpt>
      <trkpt lat="17.8972514" lon="83.1850975">
      </trkpt>
      <trkpt lat="17.8961898" lon="83.1851565">
      </trkpt>
      <trkpt lat="17.8956927" lon="83.1852353">
      </trkpt>
      <trkpt lat="17.8952424" lon="83.1853211">
      </trkpt>
      <trkpt lat="17.8945998" lon="83.1854608">
      </trkpt>
      <trkpt lat="17.8940398" lon="83.185595">
      </trkpt>
      <trkpt lat="17.8879183" lon="83.186802">
      </trkpt>
      <trkpt lat="17.8856795" lon="83.1872485">
      </trkpt>
      <trkpt lat="17.8847986" lon="83.187427">
      </trkpt>
      <trkpt lat="17.8838085" lon="83.1876441">
      </trkpt>
      <trkpt lat="17.88187" lon="83.1879994">
      </trkpt>
      <trkpt lat="17.8799638" lon="83.1883757">
      </trkpt>
      <trkpt lat="17.8798965" lon="83.188389">
      </trkpt>
      <trkpt lat="17.8721825" lon="83.1899137">
      </trkpt>
      <trkpt lat="17.8712705" lon="83.1900724">
      </trkpt>
      <trkpt lat="17.8707967" lon="83.190141">
      </trkpt>
      <trkpt lat="17.870033" lon="83.1901773">
      </trkpt>
      <trkpt lat="17.8693459" lon="83.1901454">
      </trkpt>
      <trkpt lat="17.8687779" lon="83.1900781">
      </trkpt>
      <trkpt lat="17.8626638" lon="83.189232">
      </trkpt>
      <trkpt lat="17.862379" lon="83.1891974">
      </trkpt>
      <trkpt lat="17.8545995" lon="83.1881754">
      </trkpt>
      <trkpt lat="17.8541482" lon="83.1881603">
      </trkpt>
      <trkpt lat="17.8536405" lon="83.1881604">
      </trkpt>
      <trkpt lat="17.8532022" lon="83.1881911">
      </trkpt>
      <trkpt lat="17.8527924" lon="83.188235">
      </trkpt>
      <trkpt lat="17.8521716" lon="83.1883556">
      </trkpt>
      <trkpt lat="17.8517597" lon="83.188453">
      </trkpt>
      <trkpt lat="17.8424783" lon="83.191056">
      </trkpt>
      <trkpt lat="17.8323344" lon="83.1939111">
      </trkpt>
      <trkpt lat="17.8320335" lon="83.1939993">
      </trkpt>
      <trkpt lat="17.8314279" lon="83.1941979">
      </trkpt>
      <trkpt lat="17.8292818" lon="83.1947735">
      </trkpt>
      <trkpt lat="17.8270041" lon="83.1954338">
      </trkpt>
      <trkpt lat="17.825007" lon="83.1959889">
      </trkpt>
      <trkpt lat="17.824414" lon="83.1961283">
      </trkpt>
      <trkpt lat="17.8238404" lon="83.1962102">
      </trkpt>
      <trkpt lat="17.8231986" lon="83.1962363">
      </trkpt>
      <trkpt lat="17.822796" lon="83.1962201">
      </trkpt>
      <trkpt lat="17.822458" lon="83.1961979">
      </trkpt>
      <trkpt lat="17.8220082" lon="83.1961683">
      </trkpt>
      <trkpt lat="17.8219647" lon="83.1961654">
      </trkpt>
      <trkpt lat="17.8209404" lon="83.1960592">
      </trkpt>
      <trkpt lat="17.8181516" lon="83.1958137">
      </trkpt>
      <trkpt lat="17.8175673" lon="83.1957609">
      </trkpt>
      <trkpt lat="17.8166733" lon="83.1956937">
      </trkpt>
      <trkpt lat="17.815326" lon="83.1956272">
      </trkpt>
      <trkpt lat="17.8140942" lon="83.1955277">
      </trkpt>
      <trkpt lat="17.8127619" lon="83.1954086">
      </trkpt>
      <trkpt lat="17.8121801" lon="83.1953485">
      </trkpt>
      <trkpt lat="17.8111884" lon="83.1952089">
      </trkpt>
      <trkpt lat="17.8100874" lon="83.1950811">
      </trkpt>
      <trkpt lat="17.8099721" lon="83.1950706">
      </trkpt>
      <trkpt lat="17.807944" lon="83.1948867">
      </trkpt>
      <trkpt lat="17.8053712" lon="83.1946677">
      </trkpt>
      <trkpt lat="17.8020436" lon="83.1943641">
      </trkpt>
      <trkpt lat="17.8001915" lon="83.1942013">
      </trkpt>
      <trkpt lat="17.7993419" lon="83.194085">
      </trkpt>
      <trkpt lat="17.7985175" lon="83.1939288">
      </trkpt>
      <trkpt lat="17.7984033" lon="83.1939057">
      </trkpt>
      <trkpt lat="17.7983236" lon="83.1938896">
      </trkpt>
      <trkpt lat="17.7981193" lon="83.1938483">
      </trkpt>
      <trkpt lat="17.7897139" lon="83.1921542">
      </trkpt>
      <trkpt lat="17.7894577" lon="83.1921138">
      </trkpt>
      <trkpt lat="17.7887745" lon="83.1920134">
      </trkpt>
      <trkpt lat="17.7883271" lon="83.1919822">
      </trkpt>
      <trkpt lat="17.7878815" lon="83.1919821">
      </trkpt>
      <trkpt lat="17.7855451" lon="83.1921025">
      </trkpt>
      <trkpt lat="17.7734995" lon="83.1927772">
      </trkpt>
      <trkpt lat="17.767613" lon="83.1930919">
      </trkpt>
      <trkpt lat="17.7659638" lon="83.193214">
      </trkpt>
      <trkpt lat="17.7652726" lon="83.1932939">
      </trkpt>
      <trkpt lat="17.7644693" lon="83.1934947">
      </trkpt>
      <trkpt lat="17.7638629" lon="83.1936837">
      </trkpt>
      <trkpt lat="17.7632482" lon="83.1939491">
      </trkpt>
      <trkpt lat="17.7625608" lon="83.1943298">
      </trkpt>
      <trkpt lat="17.7619053" lon="83.1947873">
      </trkpt>
      <trkpt lat="17.761198" lon="83.1953447">
      </trkpt>
      <trkpt lat="17.7609761" lon="83.195571">
      </trkpt>
      <trkpt lat="17.7606948" lon="83.1958897">
      </trkpt>
      <trkpt lat="17.7603248" lon="83.1963649">
      </trkpt>
      <trkpt lat="17.760025" lon="83.1968011">
      </trkpt>
      <trkpt lat="17.757973" lon="83.2000183">
      </trkpt>
      <trkpt lat="17.7559798" lon="83.203241">
      </trkpt>
      <trkpt lat="17.7548296" lon="83.2050829">
      </trkpt>
      <trkpt lat="17.7546428" lon="83.2053779">
      </trkpt>
      <trkpt lat="17.7541093" lon="83.206244">
      </trkpt>
      <trkpt lat="17.7540309" lon="83.2063713">
      </trkpt>
      <trkpt lat="17.7485795" lon="83.2151329">
      </trkpt>
      <trkpt lat="17.7484694" lon="83.2153128">
      </trkpt>
      <trkpt lat="17.7483457" lon="83.2155123">
      </trkpt>
      <trkpt lat="17.7480361" lon="83.2160061">
      </trkpt>
      <trkpt lat="17.7476657" lon="83.2166038">
      </trkpt>
      <trkpt lat="17.7460212" lon="83.2192595">
      </trkpt>
      <trkpt lat="17.7432881" lon="83.223667">
      </trkpt>
      <trkpt lat="17.7428941" lon="83.2243001">
      </trkpt>
      <trkpt lat="17.7425411" lon="83.2249076">
      </trkpt>
      <trkpt lat="17.7422797" lon="83.2254246">
      </trkpt>
      <trkpt lat="17.742106" lon="83.2260134">
      </trkpt>
      <trkpt lat="17.7419628" lon="83.2266592">
      </trkpt>
      <trkpt lat="17.7411002" lon="83.2315083">
      </trkpt>
      <trkpt lat="17.740652" lon="83.2339001">
      </trkpt>
      <trkpt lat="17.7390132" lon="83.2421558">
      </trkpt>
      <trkpt lat="17.7388537" lon="83.2428869">
      </trkpt>
      <trkpt lat="17.7368042" lon="83.2511454">
      </trkpt>
      <trkpt lat="17.7361149" lon="83.2539025">
      </trkpt>
      <trkpt lat="17.7357111" lon="83.2555191">
      </trkpt>
      <trkpt lat="17.7355628" lon="83.2561037">
      </trkpt>
      <trkpt lat="17.7353511" lon="83.2568424">
      </trkpt>
      <trkpt lat="17.7350369" lon="83.2579737">
      </trkpt>
      <trkpt lat="17.7348701" lon="83.2586707">
      </trkpt>
      <trkpt lat="17.7347225" lon="83.2593241">
      </trkpt>
      <trkpt lat="17.7345767" lon="83.2599901">
      </trkpt>
      <trkpt lat="17.7345451" lon="83.2601339">
      </trkpt>
      <trkpt lat="17.7324804" lon="83.2706863">
      </trkpt>
      <trkpt lat="17.7315002" lon="83.2756391">
      </trkpt>
      <trkpt lat="17.7311143" lon="83.2775436">
      </trkpt>
      <trkpt lat="17.7307776" lon="83.2792633">
      </trkpt>
      <trkpt lat="17.7301872" lon="83.2822781">
      </trkpt>
      <trkpt lat="17.7300479" lon="83.2829195">
      </trkpt>
      <trkpt lat="17.7298335" lon="83.2836087">
      </trkpt>
      <trkpt lat="17.7295522" lon="83.2842951">
      </trkpt>
      <trkpt lat="17.7292762" lon="83.2848549">
      </trkpt>
      <trkpt lat="17.728989" lon="83.2853218">
      </trkpt>
      <trkpt lat="17.7287601" lon="83.285653">
      </trkpt>
      <trkpt lat="17.7285289" lon="83.2859616">
      </trkpt>
      <trkpt lat="17.7283805" lon="83.2861483">
      </trkpt>
      <trkpt lat="17.7282212" lon="83.2863381">
      </trkpt>
      <trkpt lat="17.7279879" lon="83.2866014">
      </trkpt>
      <trkpt lat="17.727673" lon="83.2869381">
      </trkpt>
      <trkpt lat="17.7273386" lon="83.2872551">
      </trkpt>
      <trkpt lat="17.727159" lon="83.2874011">
      </trkpt>
      <trkpt lat="17.7269355" lon="83.2875829">
      </trkpt>
      <trkpt lat="17.7267673" lon="83.287717">
      </trkpt>
      <trkpt lat="17.7265987" lon="83.2878396">
      </trkpt>
      <trkpt lat="17.7264423" lon="83.2879394">
      </trkpt>
      <trkpt lat="17.7260756" lon="83.2881315">
      </trkpt>
      <trkpt lat="17.7257304" lon="83.2882825">
      </trkpt>
      <trkpt lat="17.725462" lon="83.2884003">
      </trkpt>
      <trkpt lat="17.7249091" lon="83.2886234">
      </trkpt>
      <trkpt lat="17.7245735" lon="83.2887588">
      </trkpt>
      <trkpt lat="17.7212425" lon="83.2900966">
      </trkpt>
      <trkpt lat="17.7245735" lon="83.2887588">
      </trkpt>
      <trkpt lat="17.7249091" lon="83.2886234">
      </trkpt>
      <trkpt lat="17.725462" lon="83.2884003">
      </trkpt>
      <trkpt lat="17.7257304" lon="83.2882825">
      </trkpt>
      <trkpt lat="17.7261077" lon="83.2880616">
      </trkpt>
      <trkpt lat="17.726393" lon="83.287902">
      </trkpt>
      <trkpt lat="17.7265445" lon="83.2878119">
      </trkpt>
      <trkpt lat="17.7267418" lon="83.2876794">
      </trkpt>
      <trkpt lat="17.726915" lon="83.2875413">
      </trkpt>
      <trkpt lat="17.7272067" lon="83.2873018">
      </trkpt>
      <trkpt lat="17.7273091" lon="83.2872177">
      </trkpt>
      <trkpt lat="17.7275779" lon="83.2869667">
      </trkpt>
      <trkpt lat="17.7279647" lon="83.2865557">
      </trkpt>
      <trkpt lat="17.7281988" lon="83.2862963">
      </trkpt>
      <trkpt lat="17.7283524" lon="83.2861052">
      </trkpt>
      <trkpt lat="17.7284928" lon="83.2859406">
      </trkpt>
      <trkpt lat="17.728732" lon="83.2856208">
      </trkpt>
      <trkpt lat="17.7289542" lon="83.2852972">
      </trkpt>
      <trkpt lat="17.7292301" lon="83.2848277">
      </trkpt>
      <trkpt lat="17.729507" lon="83.2842688">
      </trkpt>
      <trkpt lat="17.7297808" lon="83.283603">
      </trkpt>
      <trkpt lat="17.7300006" lon="83.282899">
      </trkpt>
      <trkpt lat="17.7301311" lon="83.2822563">
      </trkpt>
      <trkpt lat="17.7307183" lon="83.2792923">
      </trkpt>
      <trkpt lat="17.7310668" lon="83.2775336">
      </trkpt>
      <trkpt lat="17.7314514" lon="83.2756273">
      </trkpt>
      <trkpt lat="17.7324399" lon="83.2706693">
      </trkpt>
      <trkpt lat="17.7345029" lon="83.2601313">
      </trkpt>
      <trkpt lat="17.7345344" lon="83.2599872">
      </trkpt>
      <trkpt lat="17.7346879" lon="83.2593089">
      </trkpt>
      <trkpt lat="17.7348295" lon="83.2586638">
      </trkpt>
      <trkpt lat="17.7349947" lon="83.2579501">
      </trkpt>
      <trkpt lat="17.7353066" lon="83.256828">
      </trkpt>
      <trkpt lat="17.7355219" lon="83.2560877">
      </trkpt>
      <trkpt lat="17.7356694" lon="83.2555086">
      </trkpt>
      <trkpt lat="17.736079" lon="83.2538972">
      </trkpt>
      <trkpt lat="17.7367601" lon="83.2511339">
      </trkpt>
      <trkpt lat="17.7388093" lon="83.2428869">
      </trkpt>
      <trkpt lat="17.7389651" lon="83.2421491">
      </trkpt>
      <trkpt lat="17.7406065" lon="83.2339114">
      </trkpt>
      <trkpt lat="17.7410653" lon="83.2314589">
      </trkpt>
      <trkpt lat="17.7410752" lon="83.2311478">
      </trkpt>
      <trkpt lat="17.7411084" lon="83.2309078">
      </trkpt>
      <trkpt lat="17.7411954" lon="83.229982">
      </trkpt>
      <trkpt lat="17.7412158" lon="83.2294963">
      </trkpt>
      <trkpt lat="17.741211" lon="83.2290195">
      </trkpt>
      <trkpt lat="17.7411618" lon="83.2285175">
      </trkpt>
      <trkpt lat="17.74105" lon="83.2279513">
      </trkpt>
      <trkpt lat="17.740923" lon="83.227521">
      </trkpt>
      <trkpt lat="17.7407648" lon="83.227097">
      </trkpt>
      <trkpt lat="17.7406102" lon="83.2267396">
      </trkpt>
      <trkpt lat="17.7404245" lon="83.2264201">
      </trkpt>
      <trkpt lat="17.7401776" lon="83.2260401">
      </trkpt>
      <trkpt lat="17.7395673" lon="83.2251691">
      </trkpt>
      <trkpt lat="17.738833" lon="83.2240684">
      </trkpt>
      <trkpt lat="17.7387875" lon="83.2239995">
      </trkpt>
      <trkpt lat="17.7367462" lon="83.2209398">
      </trkpt>
      <trkpt lat="17.7367016" lon="83.2208763">
      </trkpt>
      <trkpt lat="17.7366568" lon="83.2208062">
      </trkpt>
      <trkpt lat="17.7361643" lon="83.22007">
      </trkpt>
      <trkpt lat="17.7354785" lon="83.2190589">
      </trkpt>
      <trkpt lat="17.7348964" lon="83.2181752">
      </trkpt>
      <trkpt lat="17.7339631" lon="83.2167849">
      </trkpt>
      <trkpt lat="17.7336596" lon="83.2162726">
      </trkpt>
      <trkpt lat="17.733344" lon="83.2155577">
      </trkpt>
      <trkpt lat="17.7330933" lon="83.2147394">
      </trkpt>
      <trkpt lat="17.7329937" lon="83.2140582">
      </trkpt>
      <trkpt lat="17.7329477" lon="83.2135164">
      </trkpt>
      <trkpt lat="17.732972" lon="83.2130148">
      </trkpt>
      <trkpt lat="17.7330333" lon="83.2126661">
      </trkpt>
      <trkpt lat="17.7331431" lon="83.2121538">
      </trkpt>
      <trkpt lat="17.7332453" lon="83.2118024">
      </trkpt>
      <trkpt lat="17.7334989" lon="83.2110998">
      </trkpt>
      <trkpt lat="17.7337335" lon="83.2105066">
      </trkpt>
      <trkpt lat="17.7337857" lon="83.2103701">
      </trkpt>
      <trkpt lat="17.7350222" lon="83.2072319">
      </trkpt>
      <trkpt lat="17.7355229" lon="83.2058546">
      </trkpt>
      <trkpt lat="17.7356934" lon="83.2050446">
      </trkpt>
      <trkpt lat="17.7357138" lon="83.2046315">
      </trkpt>
      <trkpt lat="17.7357164" lon="83.2041139">
      </trkpt>
      <trkpt lat="17.7356805" lon="83.2036383">
      </trkpt>
      <trkpt lat="17.735592" lon="83.2030746">
      </trkpt>
      <trkpt lat="17.7354878" lon="83.2026733">
      </trkpt>
      <trkpt lat="17.7352951" lon="83.2021228">
      </trkpt>
      <trkpt lat="17.7351048" lon="83.2015222">
      </trkpt>
      <trkpt lat="17.7349869" lon="83.2012134">
      </trkpt>
      <trkpt lat="17.7348782" lon="83.2009257">
      </trkpt>
      <trkpt lat="17.7342875" lon="83.1992742">
      </trkpt>
      <trkpt lat="17.7340316" lon="83.1987303">
      </trkpt>
      <trkpt lat="17.7336179" lon="83.1980571">
      </trkpt>
      <trkpt lat="17.7332041" lon="83.1975497">
      </trkpt>
      <trkpt lat="17.7327366" lon="83.197102">
      </trkpt>
      <trkpt lat="17.7321807" lon="83.1966941">
      </trkpt>
      <trkpt lat="17.7314668" lon="83.1962995">
      </trkpt>
      <trkpt lat="17.7306457" lon="83.1959641">
      </trkpt>
      <trkpt lat="17.7263806" lon="83.1942049">
      </trkpt>
      <trkpt lat="17.7257253" lon="83.1939279">
      </trkpt>
      <trkpt lat="17.720788" lon="83.1918952">
      </trkpt>
      <trkpt lat="17.7204513" lon="83.1917364">
      </trkpt>
      <trkpt lat="17.720149" lon="83.1915776">
      </trkpt>
      <trkpt lat="17.7199535" lon="83.1914554">
      </trkpt>
      <trkpt lat="17.7199213" lon="83.1914353">
      </trkpt>
      <trkpt lat="17.7197109" lon="83.1912841">
      </trkpt>
      <trkpt lat="17.7194133" lon="83.191032">
      </trkpt>
      <trkpt lat="17.71909" lon="83.1907439">
      </trkpt>
      <trkpt lat="17.718734" lon="83.1903443">
      </trkpt>
      <trkpt lat="17.7184369" lon="83.1899574">
      </trkpt>
      <trkpt lat="17.7181913" lon="83.189557">
      </trkpt>
      <trkpt lat="17.7158575" lon="83.1859141">
      </trkpt>
      <trkpt lat="17.715614" lon="83.1854857">
      </trkpt>
      <trkpt lat="17.7154091" lon="83.1851068">
      </trkpt>
      <trkpt lat="17.7152382" lon="83.1846899">
      </trkpt>
      <trkpt lat="17.7150586" lon="83.1842054">
      </trkpt>
      <trkpt lat="17.7130703" lon="83.178654">
      </trkpt>
      <trkpt lat="17.7102949" lon="83.1709439">
      </trkpt>
      <trkpt lat="17.7092948" lon="83.1682158">
      </trkpt>
      <trkpt lat="17.708229" lon="83.1647959">
      </trkpt>
      <trkpt lat="17.7051771" lon="83.1563158">
      </trkpt>
      <trkpt lat="17.7050708" lon="83.1560204">
      </trkpt>
      <trkpt lat="17.7050501" lon="83.1559629">
      </trkpt>
      <trkpt lat="17.7049658" lon="83.1557288">
      </trkpt>
      <trkpt lat="17.7048022" lon="83.1552741">
      </trkpt>
      <trkpt lat="17.704448" lon="83.1542988">
      </trkpt>
      <trkpt lat="17.7021351" lon="83.1478853">
      </trkpt>
      <trkpt lat="17.701942" lon="83.1473842">
      </trkpt>
      <trkpt lat="17.7017212" lon="83.1468631">
      </trkpt>
      <trkpt lat="17.7014496" lon="83.146266">
      </trkpt>
      <trkpt lat="17.7009693" lon="83.1451512">
      </trkpt>
      <trkpt lat="17.7007717" lon="83.1446249">
      </trkpt>
      <trkpt lat="17.7005852" lon="83.1441037">
      </trkpt>
      <trkpt lat="17.6992578" lon="83.1404307">
      </trkpt>
      <trkpt lat="17.6986169" lon="83.1386812">
      </trkpt>
      <trkpt lat="17.6972019" lon="83.1347835">
      </trkpt>
      <trkpt lat="17.6961031" lon="83.1317124">
      </trkpt>
      <trkpt lat="17.6959881" lon="83.1314025">
      </trkpt>
      <trkpt lat="17.6942415" lon="83.1265376">
      </trkpt>
      <trkpt lat="17.693727" lon="83.1253322">
      </trkpt>
      <trkpt lat="17.6933432" lon="83.1245941">
      </trkpt>
      <trkpt lat="17.6926392" lon="83.1234056">
      </trkpt>
      <trkpt lat="17.6881684" lon="83.1159402">
      </trkpt>
      <trkpt lat="17.6867504" lon="83.1135801">
      </trkpt>
      <trkpt lat="17.6853705" lon="83.1112677">
      </trkpt>
      <trkpt lat="17.6844494" lon="83.1097611">
      </trkpt>
      <trkpt lat="17.6842662" lon="83.1094127">
      </trkpt>
      <trkpt lat="17.6841074" lon="83.1091217">
      </trkpt>
      <trkpt lat="17.6839294" lon="83.1086928">
      </trkpt>
      <trkpt lat="17.6837416" lon="83.1082555">
      </trkpt>
      <trkpt lat="17.6836335" lon="83.1079171">
      </trkpt>
      <trkpt lat="17.6835254" lon="83.1075468">
      </trkpt>
      <trkpt lat="17.6834632" lon="83.1072915">
      </trkpt>
      <trkpt lat="17.6834132" lon="83.1070426">
      </trkpt>
      <trkpt lat="17.6833527" lon="83.1066915">
      </trkpt>
      <trkpt lat="17.6832928" lon="83.1063277">
      </trkpt>
      <trkpt lat="17.6832694" lon="83.1059703">
      </trkpt>
      <trkpt lat="17.683253" lon="83.1056064">
      </trkpt>
      <trkpt lat="17.6832604" lon="83.1052255">
      </trkpt>
      <trkpt lat="17.6832799" lon="83.1048286">
      </trkpt>
      <trkpt lat="17.6837289" lon="83.0990955">
      </trkpt>
      <trkpt lat="17.6861432" lon="83.068056">
      </trkpt>
      <trkpt lat="17.6862463" lon="83.0667301">
      </trkpt>
      <trkpt lat="17.6867796" lon="83.0600044">
      </trkpt>
      <trkpt lat="17.6869231" lon="83.0593001">
      </trkpt>
      <trkpt lat="17.6871089" lon="83.0584574">
      </trkpt>
      <trkpt lat="17.687329" lon="83.0576199">
      </trkpt>
      <trkpt lat="17.6873703" lon="83.057463">
      </trkpt>
      <trkpt lat="17.6875269" lon="83.0568673">
      </trkpt>
      <trkpt lat="17.6875813" lon="83.0566602">
      </trkpt>
      <trkpt lat="17.6899189" lon="83.0478546">
      </trkpt>
      <trkpt lat="17.6916248" lon="83.0415263">
      </trkpt>
      <trkpt lat="17.6932246" lon="83.0352829">
      </trkpt>
      <trkpt lat="17.6960467" lon="83.0246149">
      </trkpt>
      <trkpt lat="17.6963673" lon="83.0232481">
      </trkpt>
      <trkpt lat="17.6966067" lon="83.0216104">
      </trkpt>
      <trkpt lat="17.6966781" lon="83.0202135">
      </trkpt>
      <trkpt lat="17.6966685" lon="83.0191214">
      </trkpt>
      <trkpt lat="17.6965359" lon="83.0176745">
      </trkpt>
      <trkpt lat="17.6957416" lon="83.012595">
      </trkpt>
      <trkpt lat="17.6955199" lon="83.0109572">
      </trkpt>
      <trkpt lat="17.6951277" lon="83.0080606">
      </trkpt>
      <trkpt lat="17.6946586" lon="83.0045336">
      </trkpt>
      <trkpt lat="17.694377" lon="83.0024167">
      </trkpt>
      <trkpt lat="17.6943639" lon="83.0023178">
      </trkpt>
      <trkpt lat="17.6943548" lon="83.0022497">
      </trkpt>
      <trkpt lat="17.6943342" lon="83.0021133">
      </trkpt>
      <trkpt lat="17.6943196" lon="83.0019942">
      </trkpt>
      <trkpt lat="17.694305" lon="83.001875">
      </trkpt>
      <trkpt lat="17.6937152" lon="82.997544">
      </trkpt>
      <trkpt lat="17.6934853" lon="82.9957162">
      </trkpt>
      <trkpt lat="17.6933288" lon="82.994897">
      </trkpt>
      <trkpt lat="17.6931692" lon="82.9943665">
      </trkpt>
      <trkpt lat="17.6929492" lon="82.993802">
      </trkpt>
      <trkpt lat="17.6926608" lon="82.9932397">
      </trkpt>
      <trkpt lat="17.6923812" lon="82.992773">
      </trkpt>
      <trkpt lat="17.6919251" lon="82.9922076">
      </trkpt>
      <trkpt lat="17.690625" lon="82.9907698">
      </trkpt>
      <trkpt lat="17.6905777" lon="82.9907175">
      </trkpt>
      <trkpt lat="17.6853656" lon="82.9849534">
      </trkpt>
      <trkpt lat="17.6820843" lon="82.9813413">
      </trkpt>
      <trkpt lat="17.6796085" lon="82.978572">
      </trkpt>
      <trkpt lat="17.6788285" lon="82.9776525">
      </trkpt>
      <trkpt lat="17.6783611" lon="82.9769877">
      </trkpt>
      <trkpt lat="17.6779485" lon="82.9761549">
      </trkpt>
      <trkpt lat="17.6734987" lon="82.9635468">
      </trkpt>
      <trkpt lat="17.6708015" lon="82.9559044">
      </trkpt>
      <trkpt lat="17.667204" lon="82.9457519">
      </trkpt>
      <trkpt lat="17.6653906" lon="82.9405539">
      </trkpt>
      <trkpt lat="17.6652182" lon="82.9400597">
      </trkpt>
      <trkpt lat="17.6646761" lon="82.9384428">
      </trkpt>
      <trkpt lat="17.6644371" lon="82.93773">
      </trkpt>
      <trkpt lat="17.6639118" lon="82.9365228">
      </trkpt>
      <trkpt lat="17.6631363" lon="82.9350771">
      </trkpt>
      <trkpt lat="17.6613922" lon="82.9325572">
      </trkpt>
      <trkpt lat="17.6597328" lon="82.9301779">
      </trkpt>
      <trkpt lat="17.6584359" lon="82.9283264">
      </trkpt>
      <trkpt lat="17.6563946" lon="82.9253138">
      </trkpt>
      <trkpt lat="17.6557614" lon="82.9244552">
      </trkpt>
      <trkpt lat="17.6552229" lon="82.9238728">
      </trkpt>
      <trkpt lat="17.6548292" lon="82.9235144">
      </trkpt>
      <trkpt lat="17.6540583" lon="82.9229086">
      </trkpt>
      <trkpt lat="17.6497142" lon="82.9199663">
      </trkpt>
      <trkpt lat="17.6496802" lon="82.9199433">
      </trkpt>
      <trkpt lat="17.6433317" lon="82.9156917">
      </trkpt>
      <trkpt lat="17.6429522" lon="82.9154376">
      </trkpt>
      <trkpt lat="17.6395088" lon="82.9131315">
      </trkpt>
      <trkpt lat="17.6244831" lon="82.9029982">
      </trkpt>
      <trkpt lat="17.6226406" lon="82.9017904">
      </trkpt>
      <trkpt lat="17.6222221" lon="82.9015058">
      </trkpt>
      <trkpt lat="17.6192833" lon="82.8995037">
      </trkpt>
      <trkpt lat="17.6132573" lon="82.8954542">
      </trkpt>
      <trkpt lat="17.6061626" lon="82.8906866">
      </trkpt>
      <trkpt lat="17.6035433" lon="82.8889265">
      </trkpt>
      <trkpt lat="17.5974775" lon="82.8848505">
      </trkpt>
      <trkpt lat="17.5839403" lon="82.8758228">
      </trkpt>
      <trkpt lat="17.5771418" lon="82.8712409">
      </trkpt>
      <trkpt lat="17.5708284" lon="82.867028">
      </trkpt>
      <trkpt lat="17.5661094" lon="82.8638211">
      </trkpt>
      <trkpt lat="17.5655219" lon="82.8634367">
      </trkpt>
      <trkpt lat="17.5648355" lon="82.8629791">
      </trkpt>
      <trkpt lat="17.5634046" lon="82.8618137">
      </trkpt>
      <trkpt lat="17.5633566" lon="82.8617706">
      </trkpt>
      <trkpt lat="17.5630146" lon="82.8614638">
      </trkpt>
      <trkpt lat="17.5622691" lon="82.860795">
      </trkpt>
      <trkpt lat="17.5611523" lon="82.859793">
      </trkpt>
      <trkpt lat="17.5564415" lon="82.855447">
      </trkpt>
      <trkpt lat="17.5561036" lon="82.8551353">
      </trkpt>
      <trkpt lat="17.5543945" lon="82.8535586">
      </trkpt>
      <trkpt lat="17.5509623" lon="82.8505445">
      </trkpt>
      <trkpt lat="17.5497833" lon="82.8495416">
      </trkpt>
      <trkpt lat="17.5475069" lon="82.8476638">
      </trkpt>
      <trkpt lat="17.545315" lon="82.8456939">
      </trkpt>
      <trkpt lat="17.5441747" lon="82.8445294">
      </trkpt>
      <trkpt lat="17.5436868" lon="82.8439311">
      </trkpt>
      <trkpt lat="17.5434683" lon="82.8436632">
      </trkpt>
      <trkpt lat="17.5382929" lon="82.8363781">
      </trkpt>
      <trkpt lat="17.5356701" lon="82.8327021">
      </trkpt>
      <trkpt lat="17.5344337" lon="82.8309774">
      </trkpt>
      <trkpt lat="17.532974" lon="82.8291707">
      </trkpt>
      <trkpt lat="17.5283586" lon="82.8227197">
      </trkpt>
      <trkpt lat="17.5237034" lon="82.8162171">
      </trkpt>
      <trkpt lat="17.5103118" lon="82.7973683">
      </trkpt>
      <trkpt lat="17.5091128" lon="82.7956485">
      </trkpt>
      <trkpt lat="17.5038133" lon="82.7880474">
      </trkpt>
      <trkpt lat="17.5020767" lon="82.7858009">
      </trkpt>
      <trkpt lat="17.5003007" lon="82.783343">
      </trkpt>
      <trkpt lat="17.4986773" lon="82.7811448">
      </trkpt>
      <trkpt lat="17.4968941" lon="82.7787301">
      </trkpt>
      <trkpt lat="17.4862935" lon="82.7637863">
      </trkpt>
      <trkpt lat="17.4835087" lon="82.7598606">
      </trkpt>
      <trkpt lat="17.4802512" lon="82.7552839">
      </trkpt>
      <trkpt lat="17.4777857" lon="82.7518192">
      </trkpt>
      <trkpt lat="17.4770644" lon="82.7508165">
      </trkpt>
      <trkpt lat="17.4752179" lon="82.7482189">
      </trkpt>
      <trkpt lat="17.4734288" lon="82.7457124">
      </trkpt>
      <trkpt lat="17.4703226" lon="82.7413653">
      </trkpt>
      <trkpt lat="17.4702502" lon="82.741264">
      </trkpt>
      <trkpt lat="17.4697134" lon="82.7405504">
      </trkpt>
      <trkpt lat="17.468937" lon="82.7396728">
      </trkpt>
      <trkpt lat="17.4672914" lon="82.7381315">
      </trkpt>
      <trkpt lat="17.4625517" lon="82.7338531">
      </trkpt>
      <trkpt lat="17.4620029" lon="82.7333577">
      </trkpt>
      <trkpt lat="17.4614608" lon="82.7328684">
      </trkpt>
      <trkpt lat="17.4557559" lon="82.727516">
      </trkpt>
      <trkpt lat="17.4520223" lon="82.7241745">
      </trkpt>
      <trkpt lat="17.4480469" lon="82.7206167">
      </trkpt>
      <trkpt lat="17.44478" lon="82.717693">
      </trkpt>
      <trkpt lat="17.4413675" lon="82.7146257">
      </trkpt>
      <trkpt lat="17.4393158" lon="82.7127816">
      </trkpt>
      <trkpt lat="17.4338365" lon="82.7077791">
      </trkpt>
      <trkpt lat="17.4330238" lon="82.7069879">
      </trkpt>
      <trkpt lat="17.4323909" lon="82.7062907">
      </trkpt>
      <trkpt lat="17.431711" lon="82.7054724">
      </trkpt>
      <trkpt lat="17.4312181" lon="82.70479">
      </trkpt>
      <trkpt lat="17.4310777" lon="82.7045956">
      </trkpt>
      <trkpt lat="17.4303334" lon="82.7033161">
      </trkpt>
      <trkpt lat="17.4297518" lon="82.7020949">
      </trkpt>
      <trkpt lat="17.429207" lon="82.7006375">
      </trkpt>
      <trkpt lat="17.4288348" lon="82.6992852">
      </trkpt>
      <trkpt lat="17.4286462" lon="82.6983854">
      </trkpt>
      <trkpt lat="17.4284817" lon="82.6972457">
      </trkpt>
      <trkpt lat="17.4279382" lon="82.6851991">
      </trkpt>
      <trkpt lat="17.4279311" lon="82.6851027">
      </trkpt>
      <trkpt lat="17.4278916" lon="82.6839821">
      </trkpt>
      <trkpt lat="17.4276982" lon="82.6767739">
      </trkpt>
      <trkpt lat="17.4274843" lon="82.6710921">
      </trkpt>
      <trkpt lat="17.4273078" lon="82.6686241">
      </trkpt>
      <trkpt lat="17.4270853" lon="82.6672886">
      </trkpt>
      <trkpt lat="17.4267414" lon="82.6659793">
      </trkpt>
      <trkpt lat="17.426173" lon="82.6643758">
      </trkpt>
      <trkpt lat="17.4255712" lon="82.6630842">
      </trkpt>
      <trkpt lat="17.4211621" lon="82.6548136">
      </trkpt>
      <trkpt lat="17.4188601" lon="82.6505327">
      </trkpt>
      <trkpt lat="17.4168127" lon="82.6467403">
      </trkpt>
      <trkpt lat="17.4132495" lon="82.6400241">
      </trkpt>
      <trkpt lat="17.412883" lon="82.6392163">
      </trkpt>
      <trkpt lat="17.4125345" lon="82.6384446">
      </trkpt>
      <trkpt lat="17.4117156" lon="82.6369024">
      </trkpt>
      <trkpt lat="17.4114432" lon="82.6363547">
      </trkpt>
      <trkpt lat="17.410079" lon="82.6338198">
      </trkpt>
      <trkpt lat="17.4080205" lon="82.629979">
      </trkpt>
      <trkpt lat="17.4074984" lon="82.6290053">
      </trkpt>
      <trkpt lat="17.4068944" lon="82.6280075">
      </trkpt>
      <trkpt lat="17.4057533" lon="82.6261355">
      </trkpt>
      <trkpt lat="17.404248" lon="82.6233056">
      </trkpt>
      <trkpt lat="17.4027185" lon="82.6205214">
      </trkpt>
      <trkpt lat="17.402444" lon="82.6199896">
      </trkpt>
      <trkpt lat="17.4024095" lon="82.6199204">
      </trkpt>
      <trkpt lat="17.4020734" lon="82.6192946">
      </trkpt>
      <trkpt lat="17.4019425" lon="82.6190551">
      </trkpt>
      <trkpt lat="17.3886151" lon="82.5943653">
      </trkpt>
      <trkpt lat="17.3868909" lon="82.5911107">
      </trkpt>
      <trkpt lat="17.3851199" lon="82.5878439">
      </trkpt>
      <trkpt lat="17.3816237" lon="82.5813354">
      </trkpt>
      <trkpt lat="17.3737881" lon="82.5666408">
      </trkpt>
      <trkpt lat="17.371459" lon="82.5623149">
      </trkpt>
      <trkpt lat="17.3688807" lon="82.5575118">
      </trkpt>
      <trkpt lat="17.3677612" lon="82.5554256">
      </trkpt>
      <trkpt lat="17.3677382" lon="82.5553827">
      </trkpt>
      <trkpt lat="17.3669062" lon="82.5538552">
      </trkpt>
      <trkpt lat="17.3660313" lon="82.5522459">
      </trkpt>
      <trkpt lat="17.3659027" lon="82.5520011">
      </trkpt>
      <trkpt lat="17.3652786" lon="82.5507871">
      </trkpt>
      <trkpt lat="17.3641375" lon="82.5484933">
      </trkpt>
      <trkpt lat="17.3638481" lon="82.5479569">
      </trkpt>
      <trkpt lat="17.3636967" lon="82.547686">
      </trkpt>
      <trkpt lat="17.3631406" lon="82.5466373">
      </trkpt>
      <trkpt lat="17.3582837" lon="82.537503">
      </trkpt>
      <trkpt lat="17.357116" lon="82.5354318">
      </trkpt>
      <trkpt lat="17.3560969" lon="82.5337631">
      </trkpt>
      <trkpt lat="17.3558737" lon="82.5334365">
      </trkpt>
      <trkpt lat="17.3550739" lon="82.5322659">
      </trkpt>
      <trkpt lat="17.3523459" lon="82.5285632">
      </trkpt>
      <trkpt lat="17.3508815" lon="82.5265129">
      </trkpt>
      <trkpt lat="17.3491777" lon="82.5242253">
      </trkpt>
      <trkpt lat="17.3481815" lon="82.523042">
      </trkpt>
      <trkpt lat="17.3463233" lon="82.5208349">
      </trkpt>
      <trkpt lat="17.3448445" lon="82.5191187">
      </trkpt>
      <trkpt lat="17.3434568" lon="82.5174827">
      </trkpt>
      <trkpt lat="17.343346" lon="82.5173521">
      </trkpt>
      <trkpt lat="17.3398002" lon="82.5132097">
      </trkpt>
      <trkpt lat="17.3363856" lon="82.5092868">
      </trkpt>
      <trkpt lat="17.3306164" lon="82.5025359">
      </trkpt>
      <trkpt lat="17.3305347" lon="82.5024403">
      </trkpt>
      <trkpt lat="17.3248115" lon="82.495804">
      </trkpt>
      <trkpt lat="17.3238219" lon="82.4946418">
      </trkpt>
      <trkpt lat="17.322947" lon="82.4936754">
      </trkpt>
      <trkpt lat="17.3220641" lon="82.4929172">
      </trkpt>
      <trkpt lat="17.3208647" lon="82.4921013">
      </trkpt>
      <trkpt lat="17.3169497" lon="82.4897262">
      </trkpt>
      <trkpt lat="17.3132897" lon="82.4875367">
      </trkpt>
      <trkpt lat="17.3123284" lon="82.4867768">
      </trkpt>
      <trkpt lat="17.3110719" lon="82.4856831">
      </trkpt>
      <trkpt lat="17.3105307" lon="82.4851104">
      </trkpt>
      <trkpt lat="17.3096985" lon="82.484214">
      </trkpt>
      <trkpt lat="17.303553" lon="82.4743812">
      </trkpt>
      <trkpt lat="17.3015413" lon="82.4710997">
      </trkpt>
      <trkpt lat="17.3014807" lon="82.4710008">
      </trkpt>
      <trkpt lat="17.3004477" lon="82.4693157">
      </trkpt>
      <trkpt lat="17.2962454" lon="82.4624482">
      </trkpt>
      <trkpt lat="17.2940053" lon="82.4588933">
      </trkpt>
      <trkpt lat="17.2878236" lon="82.4490765">
      </trkpt>
      <trkpt lat="17.2872036" lon="82.4480607">
      </trkpt>
      <trkpt lat="17.283831" lon="82.4425356">
      </trkpt>
      <trkpt lat="17.2830472" lon="82.4412803">
      </trkpt>
      <trkpt lat="17.2826977" lon="82.4407206">
      </trkpt>
      <trkpt lat="17.2825155" lon="82.4404287">
      </trkpt>
      <trkpt lat="17.2737383" lon="82.4260779">
      </trkpt>
      <trkpt lat="17.2705332" lon="82.4208929">
      </trkpt>
      <trkpt lat="17.2676412" lon="82.4162436">
      </trkpt>
      <trkpt lat="17.2640036" lon="82.4106429">
      </trkpt>
      <trkpt lat="17.2568004" lon="82.3989309">
      </trkpt>
      <trkpt lat="17.2537277" lon="82.3940073">
      </trkpt>
      <trkpt lat="17.2527149" lon="82.3923818">
      </trkpt>
      <trkpt lat="17.2523829" lon="82.3919092">
      </trkpt>
      <trkpt lat="17.2518807" lon="82.3913403">
      </trkpt>
      <trkpt lat="17.2514865" lon="82.3908817">
      </trkpt>
      <trkpt lat="17.2499873" lon="82.3892898">
      </trkpt>
      <trkpt lat="17.2484723" lon="82.3876385">
      </trkpt>
      <trkpt lat="17.2348092" lon="82.3730861">
      </trkpt>
      <trkpt lat="17.2309242" lon="82.3689407">
      </trkpt>
      <trkpt lat="17.2211858" lon="82.3585497">
      </trkpt>
      <trkpt lat="17.2076604" lon="82.3441074">
      </trkpt>
      <trkpt lat="17.1949308" lon="82.3305305">
      </trkpt>
      <trkpt lat="17.1933786" lon="82.3288667">
      </trkpt>
      <trkpt lat="17.1920153" lon="82.327403">
      </trkpt>
      <trkpt lat="17.1905384" lon="82.3258525">
      </trkpt>
      <trkpt lat="17.1864301" lon="82.3214831">
      </trkpt>
      <trkpt lat="17.1861933" lon="82.3212201">
      </trkpt>
      <trkpt lat="17.1813948" lon="82.3160791">
      </trkpt>
      <trkpt lat="17.1798777" lon="82.3144631">
      </trkpt>
      <trkpt lat="17.1780916" lon="82.3125549">
      </trkpt>
      <trkpt lat="17.1764784" lon="82.3111131">
      </trkpt>
      <trkpt lat="17.1554759" lon="82.2938704">
      </trkpt>
      <trkpt lat="17.1551209" lon="82.293579">
      </trkpt>
      <trkpt lat="17.1513585" lon="82.2905266">
      </trkpt>
      <trkpt lat="17.1508487" lon="82.2900715">
      </trkpt>
      <trkpt lat="17.1504791" lon="82.2897477">
      </trkpt>
      <trkpt lat="17.1454996" lon="82.2856674">
      </trkpt>
      <trkpt lat="17.1448178" lon="82.2851068">
      </trkpt>
      <trkpt lat="17.1337099" lon="82.2759491">
      </trkpt>
      <trkpt lat="17.1335183" lon="82.2757912">
      </trkpt>
      <trkpt lat="17.1331289" lon="82.2754701">
      </trkpt>
      <trkpt lat="17.1222477" lon="82.2665208">
      </trkpt>
      <trkpt lat="17.1193497" lon="82.2641497">
      </trkpt>
      <trkpt lat="17.1166865" lon="82.2619708">
      </trkpt>
      <trkpt lat="17.1139429" lon="82.2597071">
      </trkpt>
      <trkpt lat="17.1134534" lon="82.2593131">
      </trkpt>
      <trkpt lat="17.1112762" lon="82.257566">
      </trkpt>
      <trkpt lat="17.1078532" lon="82.2547302">
      </trkpt>
      <trkpt lat="17.1058492" lon="82.25307">
      </trkpt>
      <trkpt lat="17.10027" lon="82.2484702">
      </trkpt>
      <trkpt lat="17.0989154" lon="82.2472351">
      </trkpt>
      <trkpt lat="17.0981372" lon="82.2462063">
      </trkpt>
      <trkpt lat="17.0908163" lon="82.2335423">
      </trkpt>
      <trkpt lat="17.0856107" lon="82.2245395">
      </trkpt>
      <trkpt lat="17.0854223" lon="82.224202">
      </trkpt>
      <trkpt lat="17.0840234" lon="82.2218092">
      </trkpt>
      <trkpt lat="17.0839464" lon="82.221677">
      </trkpt>
      <trkpt lat="17.0835015" lon="82.2209148">
      </trkpt>
      <trkpt lat="17.0762001" lon="82.208189">
      </trkpt>
      <trkpt lat="17.0728751" lon="82.2024326">
      </trkpt>
      <trkpt lat="17.071333" lon="82.1999087">
      </trkpt>
      <trkpt lat="17.0712759" lon="82.1998225">
      </trkpt>
      <trkpt lat="17.0690739" lon="82.1960139">
      </trkpt>
      <trkpt lat="17.0678413" lon="82.1939239">
      </trkpt>
      <trkpt lat="17.0672743" lon="82.1932376">
      </trkpt>
      <trkpt lat="17.0667923" lon="82.1926563">
      </trkpt>
      <trkpt lat="17.0663068" lon="82.1922243">
      </trkpt>
      <trkpt lat="17.0657167" lon="82.1917038">
      </trkpt>
      <trkpt lat="17.0648465" lon="82.1911528">
      </trkpt>
      <trkpt lat="17.0606337" lon="82.1891417">
      </trkpt>
      <trkpt lat="17.0563377" lon="82.1871326">
      </trkpt>
      <trkpt lat="17.0554173" lon="82.1865867">
      </trkpt>
      <trkpt lat="17.0547543" lon="82.1861111">
      </trkpt>
      <trkpt lat="17.0544267" lon="82.1858432">
      </trkpt>
      <trkpt lat="17.0539962" lon="82.1854448">
      </trkpt>
      <trkpt lat="17.0534216" lon="82.1848274">
      </trkpt>
      <trkpt lat="17.0529992" lon="82.1842981">
      </trkpt>
      <trkpt lat="17.0526548" lon="82.1837601">
      </trkpt>
      <trkpt lat="17.0515851" lon="82.1817263">
      </trkpt>
      <trkpt lat="17.0502564" lon="82.1791359">
      </trkpt>
      <trkpt lat="17.0496982" lon="82.1780635">
      </trkpt>
      <trkpt lat="17.0495728" lon="82.1778156">
      </trkpt>
      <trkpt lat="17.0493682" lon="82.1773944">
      </trkpt>
      <trkpt lat="17.0491452" lon="82.1769612">
      </trkpt>
      <trkpt lat="17.04855" lon="82.1757831">
      </trkpt>
      <trkpt lat="17.0481959" lon="82.1750871">
      </trkpt>
      <trkpt lat="17.0480929" lon="82.1748754">
      </trkpt>
      <trkpt lat="17.0479227" lon="82.1745452">
      </trkpt>
      <trkpt lat="17.0472146" lon="82.1731855">
      </trkpt>
      <trkpt lat="17.0465858" lon="82.1719066">
      </trkpt>
      <trkpt lat="17.0459176" lon="82.1705808">
      </trkpt>
      <trkpt lat="17.0452217" lon="82.169227">
      </trkpt>
      <trkpt lat="17.0436137" lon="82.1660938">
      </trkpt>
      <trkpt lat="17.0432894" lon="82.1654619">
      </trkpt>
      <trkpt lat="17.0422026" lon="82.1633563">
      </trkpt>
      <trkpt lat="17.0417638" lon="82.1625854">
      </trkpt>
      <trkpt lat="17.0412156" lon="82.1616224">
      </trkpt>
      <trkpt lat="17.0397075" lon="82.1586712">
      </trkpt>
      <trkpt lat="17.0391052" lon="82.1574248">
      </trkpt>
      <trkpt lat="17.0387547" lon="82.1565699">
      </trkpt>
      <trkpt lat="17.0382097" lon="82.1551944">
      </trkpt>
      <trkpt lat="17.0356296" lon="82.1488218">
      </trkpt>
      <trkpt lat="17.0304394" lon="82.1360286">
      </trkpt>
      <trkpt lat="17.0299044" lon="82.1349612">
      </trkpt>
      <trkpt lat="17.0293248" lon="82.1338963">
      </trkpt>
      <trkpt lat="17.0282104" lon="82.131874">
      </trkpt>
      <trkpt lat="17.0281604" lon="82.1317833">
      </trkpt>
      <trkpt lat="17.0265388" lon="82.1288241">
      </trkpt>
      <trkpt lat="17.0171712" lon="82.1118405">
      </trkpt>
      <trkpt lat="17.0165475" lon="82.1108347">
      </trkpt>
      <trkpt lat="17.0159325" lon="82.1099562">
      </trkpt>
      <trkpt lat="17.010946" lon="82.1037376">
      </trkpt>
      <trkpt lat="17.0086604" lon="82.1006446">
      </trkpt>
      <trkpt lat="17.0081575" lon="82.0999639">
      </trkpt>
      <trkpt lat="17.0067888" lon="82.0981962">
      </trkpt>
      <trkpt lat="17.0021193" lon="82.0924471">
      </trkpt>
      <trkpt lat="17.0016338" lon="82.0918494">
      </trkpt>
      <trkpt lat="17.0003857" lon="82.0904494">
      </trkpt>
      <trkpt lat="16.9991214" lon="82.0889386">
      </trkpt>
      <trkpt lat="16.9978829" lon="82.0874295">
      </trkpt>
      <trkpt lat="16.9962479" lon="82.0854304">
      </trkpt>
      <trkpt lat="16.9935949" lon="82.0821533">
      </trkpt>
      <trkpt lat="16.9898004" lon="82.0774661">
      </trkpt>
      <trkpt lat="16.9882309" lon="82.0751394">
      </trkpt>
      <trkpt lat="16.9874048" lon="82.0733679">
      </trkpt>
      <trkpt lat="16.9837516" lon="82.063623">
      </trkpt>
      <trkpt lat="16.9832614" lon="82.0623876">
      </trkpt>
      <trkpt lat="16.9827875" lon="82.061425">
      </trkpt>
      <trkpt lat="16.9823691" lon="82.060643">
      </trkpt>
      <trkpt lat="16.9817405" lon="82.0596555">
      </trkpt>
      <trkpt lat="16.9811779" lon="82.0589289">
      </trkpt>
      <trkpt lat="16.981122" lon="82.058852">
      </trkpt>
      <trkpt lat="16.9809733" lon="82.0586315">
      </trkpt>
      <trkpt lat="16.9799138" lon="82.0573708">
      </trkpt>
      <trkpt lat="16.9728011" lon="82.0489675">
      </trkpt>
      <trkpt lat="16.972458" lon="82.0485584">
      </trkpt>
      <trkpt lat="16.9718027" lon="82.0477771">
      </trkpt>
      <trkpt lat="16.9714366" lon="82.0472768">
      </trkpt>
      <trkpt lat="16.9711239" lon="82.0467596">
      </trkpt>
      <trkpt lat="16.9708207" lon="82.0462124">
      </trkpt>
      <trkpt lat="16.9705797" lon="82.0456879">
      </trkpt>
      <trkpt lat="16.9703739" lon="82.0450546">
      </trkpt>
      <trkpt lat="16.9702406" lon="82.0445677">
      </trkpt>
      <trkpt lat="16.9701473" lon="82.044077">
      </trkpt>
      <trkpt lat="16.9700165" lon="82.043146">
      </trkpt>
      <trkpt lat="16.9698569" lon="82.0406669">
      </trkpt>
      <trkpt lat="16.9696387" lon="82.0376288">
      </trkpt>
      <trkpt lat="16.9696189" lon="82.0368867">
      </trkpt>
      <trkpt lat="16.969562" lon="82.035411">
      </trkpt>
      <trkpt lat="16.9694582" lon="82.033665">
      </trkpt>
      <trkpt lat="16.9693047" lon="82.0313151">
      </trkpt>
      <trkpt lat="16.9690927" lon="82.0285364">
      </trkpt>
      <trkpt lat="16.9688037" lon="82.02469">
      </trkpt>
      <trkpt lat="16.9686368" lon="82.0225147">
      </trkpt>
      <trkpt lat="16.968375" lon="82.0201412">
      </trkpt>
      <trkpt lat="16.968208" lon="82.0178998">
      </trkpt>
      <trkpt lat="16.9680438" lon="82.0156748">
      </trkpt>
      <trkpt lat="16.9677025" lon="82.0109067">
      </trkpt>
      <trkpt lat="16.9673863" lon="82.0064296">
      </trkpt>
      <trkpt lat="16.9672844" lon="82.0053193">
      </trkpt>
      <trkpt lat="16.96715" lon="82.0040134">
      </trkpt>
      <trkpt lat="16.9669609" lon="82.0028171">
      </trkpt>
      <trkpt lat="16.9666997" lon="82.001662">
      </trkpt>
      <trkpt lat="16.9664009" lon="82.0007011">
      </trkpt>
      <trkpt lat="16.9660458" lon="81.9997558">
      </trkpt>
      <trkpt lat="16.9656173" lon="81.9986191">
      </trkpt>
      <trkpt lat="16.9650893" lon="81.9975951">
      </trkpt>
      <trkpt lat="16.9645235" lon="81.9966842">
      </trkpt>
      <trkpt lat="16.9405415" lon="81.960083">
      </trkpt>
      <trkpt lat="16.9388797" lon="81.9572885">
      </trkpt>
      <trkpt lat="16.9373375" lon="81.9549274">
      </trkpt>
      <trkpt lat="16.9366466" lon="81.9538696">
      </trkpt>
      <trkpt lat="16.9347715" lon="81.9511719">
      </trkpt>
      <trkpt lat="16.9345165" lon="81.9507876">
      </trkpt>
      <trkpt lat="16.9339452" lon="81.9499543">
      </trkpt>
      <trkpt lat="16.9322013" lon="81.9472958">
      </trkpt>
      <trkpt lat="16.9319513" lon="81.9468595">
      </trkpt>
      <trkpt lat="16.9315698" lon="81.9461229">
      </trkpt>
      <trkpt lat="16.9311439" lon="81.9452324">
      </trkpt>
      <trkpt lat="16.9307462" lon="81.9443071">
      </trkpt>
      <trkpt lat="16.930412" lon="81.943346">
      </trkpt>
      <trkpt lat="16.9266234" lon="81.9315711">
      </trkpt>
      <trkpt lat="16.9263947" lon="81.9307444">
      </trkpt>
      <trkpt lat="16.926313" lon="81.9303198">
      </trkpt>
      <trkpt lat="16.9262473" lon="81.9299129">
      </trkpt>
      <trkpt lat="16.9262063" lon="81.9295047">
      </trkpt>
      <trkpt lat="16.9262038" lon="81.9294122">
      </trkpt>
      <trkpt lat="16.9261887" lon="81.929066">
      </trkpt>
      <trkpt lat="16.9261891" lon="81.9286392">
      </trkpt>
      <trkpt lat="16.9262138" lon="81.9282299">
      </trkpt>
      <trkpt lat="16.9262572" lon="81.927812">
      </trkpt>
      <trkpt lat="16.9263182" lon="81.9273972">
      </trkpt>
      <trkpt lat="16.9264559" lon="81.9266618">
      </trkpt>
      <trkpt lat="16.926605" lon="81.9259007">
      </trkpt>
      <trkpt lat="16.9267607" lon="81.9251396">
      </trkpt>
      <trkpt lat="16.928268" lon="81.9174188">
      </trkpt>
      <trkpt lat="16.9287129" lon="81.9154697">
      </trkpt>
      <trkpt lat="16.9290487" lon="81.9136621">
      </trkpt>
      <trkpt lat="16.9293772" lon="81.9121939">
      </trkpt>
      <trkpt lat="16.9301173" lon="81.908523">
      </trkpt>
      <trkpt lat="16.9302766" lon="81.9075716">
      </trkpt>
      <trkpt lat="16.9303895" lon="81.9066676">
      </trkpt>
      <trkpt lat="16.9304176" lon="81.9059698">
      </trkpt>
      <trkpt lat="16.9311556" lon="81.8817074">
      </trkpt>
      <trkpt lat="16.9312144" lon="81.8797736">
      </trkpt>
      <trkpt lat="16.9311875" lon="81.8792099">
      </trkpt>
      <trkpt lat="16.9311362" lon="81.87877">
      </trkpt>
      <trkpt lat="16.9310618" lon="81.8783247">
      </trkpt>
      <trkpt lat="16.9309027" lon="81.8776354">
      </trkpt>
      <trkpt lat="16.9307083" lon="81.8769748">
      </trkpt>
      <trkpt lat="16.9296085" lon="81.8738799">
      </trkpt>
      <trkpt lat="16.9290282" lon="81.872209">
      </trkpt>
      <trkpt lat="16.9270732" lon="81.8668272">
      </trkpt>
      <trkpt lat="16.9265504" lon="81.8653948">
      </trkpt>
      <trkpt lat="16.9262244" lon="81.8644568">
      </trkpt>
      <trkpt lat="16.92602" lon="81.8637525">
      </trkpt>
      <trkpt lat="16.9259072" lon="81.8633223">
      </trkpt>
      <trkpt lat="16.9257745" lon="81.8626821">
      </trkpt>
      <trkpt lat="16.9254694" lon="81.8610075">
      </trkpt>
      <trkpt lat="16.9249931" lon="81.8583463">
      </trkpt>
      <trkpt lat="16.924654" lon="81.8563578">
      </trkpt>
      <trkpt lat="16.9244469" lon="81.8554118">
      </trkpt>
      <trkpt lat="16.924228" lon="81.8545866">
      </trkpt>
      <trkpt lat="16.9240528" lon="81.8538928">
      </trkpt>
      <trkpt lat="16.9237474" lon="81.8530542">
      </trkpt>
      <trkpt lat="16.9234439" lon="81.8523025">
      </trkpt>
      <trkpt lat="16.9229467" lon="81.8513349">
      </trkpt>
      <trkpt lat="16.9219437" lon="81.8495192">
      </trkpt>
      <trkpt lat="16.9210213" lon="81.8479858">
      </trkpt>
      <trkpt lat="16.9199077" lon="81.8460646">
      </trkpt>
      <trkpt lat="16.918959" lon="81.8443458">
      </trkpt>
      <trkpt lat="16.9181131" lon="81.8428153">
      </trkpt>
      <trkpt lat="16.9177572" lon="81.8421167">
      </trkpt>
      <trkpt lat="16.917232" lon="81.8409764">
      </trkpt>
      <trkpt lat="16.9169613" lon="81.8404479">
      </trkpt>
      <trkpt lat="16.9166688" lon="81.8399262">
      </trkpt>
      <trkpt lat="16.916384" lon="81.8393965">
      </trkpt>
      <trkpt lat="16.9158759" lon="81.8385395">
      </trkpt>
      <trkpt lat="16.9157998" lon="81.8384121">
      </trkpt>
      <trkpt lat="16.9155884" lon="81.838046">
      </trkpt>
      <trkpt lat="16.915306" lon="81.8375218">
      </trkpt>
      <trkpt lat="16.9150765" lon="81.8370026">
      </trkpt>
      <trkpt lat="16.9149174" lon="81.8365932">
      </trkpt>
      <trkpt lat="16.9147311" lon="81.8360309">
      </trkpt>
      <trkpt lat="16.9146353" lon="81.8356757">
      </trkpt>
      <trkpt lat="16.9145707" lon="81.8353919">
      </trkpt>
      <trkpt lat="16.914498" lon="81.8349909">
      </trkpt>
      <trkpt lat="16.9143567" lon="81.8338163">
      </trkpt>
      <trkpt lat="16.9140473" lon="81.8312859">
      </trkpt>
      <trkpt lat="16.9139192" lon="81.8302234">
      </trkpt>
      <trkpt lat="16.9138905" lon="81.830001">
      </trkpt>
      <trkpt lat="16.9136822" lon="81.8281928">
      </trkpt>
      <trkpt lat="16.9136555" lon="81.8278152">
      </trkpt>
      <trkpt lat="16.9136484" lon="81.827741">
      </trkpt>
      <trkpt lat="16.9136458" lon="81.8276726">
      </trkpt>
      <trkpt lat="16.9136452" lon="81.827525">
      </trkpt>
      <trkpt lat="16.9136499" lon="81.8271977">
      </trkpt>
      <trkpt lat="16.913669" lon="81.8269122">
      </trkpt>
      <trkpt lat="16.9137177" lon="81.826597">
      </trkpt>
      <trkpt lat="16.9137718" lon="81.8263085">
      </trkpt>
      <trkpt lat="16.913924" lon="81.8257498">
      </trkpt>
      <trkpt lat="16.914059" lon="81.8254195">
      </trkpt>
      <trkpt lat="16.914242" lon="81.8250095">
      </trkpt>
      <trkpt lat="16.9144718" lon="81.8245802">
      </trkpt>
      <trkpt lat="16.914671" lon="81.8242715">
      </trkpt>
      <trkpt lat="16.9148991" lon="81.8239967">
      </trkpt>
      <trkpt lat="16.9153859" lon="81.8234725">
      </trkpt>
      <trkpt lat="16.9156801" lon="81.8232094">
      </trkpt>
      <trkpt lat="16.9160221" lon="81.8229519">
      </trkpt>
      <trkpt lat="16.9163752" lon="81.8227314">
      </trkpt>
      <trkpt lat="16.9170005" lon="81.8224166">
      </trkpt>
      <trkpt lat="16.9177633" lon="81.8220815">
      </trkpt>
      <trkpt lat="16.9191836" lon="81.8214807">
      </trkpt>
      <trkpt lat="16.9200868" lon="81.8211104">
      </trkpt>
      <trkpt lat="16.9212647" lon="81.8206291">
      </trkpt>
      <trkpt lat="16.9225268" lon="81.8201263">
      </trkpt>
      <trkpt lat="16.9252203" lon="81.8190278">
      </trkpt>
      <trkpt lat="16.927486" lon="81.8181239">
      </trkpt>
      <trkpt lat="16.9298622" lon="81.8171503">
      </trkpt>
      <trkpt lat="16.9322388" lon="81.8161857">
      </trkpt>
      <trkpt lat="16.9337842" lon="81.8155556">
      </trkpt>
      <trkpt lat="16.9347221" lon="81.8151654">
      </trkpt>
      <trkpt lat="16.9359136" lon="81.8146834">
      </trkpt>
      <trkpt lat="16.9366952" lon="81.8143688">
      </trkpt>
      <trkpt lat="16.9385358" lon="81.8136071">
      </trkpt>
      <trkpt lat="16.9392101" lon="81.8133004">
      </trkpt>
      <trkpt lat="16.9396165" lon="81.8130948">
      </trkpt>
      <trkpt lat="16.9404885" lon="81.8125793">
      </trkpt>
      <trkpt lat="16.9410817" lon="81.812189">
      </trkpt>
      <trkpt lat="16.9416345" lon="81.8117912">
      </trkpt>
      <trkpt lat="16.9431082" lon="81.8106721">
      </trkpt>
      <trkpt lat="16.943645" lon="81.8102138">
      </trkpt>
      <trkpt lat="16.944673" lon="81.8092109">
      </trkpt>
      <trkpt lat="16.945428" lon="81.8083612">
      </trkpt>
      <trkpt lat="16.9463267" lon="81.8071831">
      </trkpt>
      <trkpt lat="16.9471162" lon="81.8061653">
      </trkpt>
      <trkpt lat="16.9476507" lon="81.8054577">
      </trkpt>
      <trkpt lat="16.949614" lon="81.8029279">
      </trkpt>
      <trkpt lat="16.9510551" lon="81.8010302">
      </trkpt>
      <trkpt lat="16.9517566" lon="81.8001281">
      </trkpt>
      <trkpt lat="16.9525594" lon="81.799095">
      </trkpt>
      <trkpt lat="16.9533842" lon="81.7980945">
      </trkpt>
      <trkpt lat="16.9544053" lon="81.7968205">
      </trkpt>
      <trkpt lat="16.9554164" lon="81.7955073">
      </trkpt>
      <trkpt lat="16.955815" lon="81.7949812">
      </trkpt>
      <trkpt lat="16.9562016" lon="81.7945253">
      </trkpt>
      <trkpt lat="16.9565691" lon="81.7941619">
      </trkpt>
      <trkpt lat="16.9572527" lon="81.7935102">
      </trkpt>
      <trkpt lat="16.957821" lon="81.7929965">
      </trkpt>
      <trkpt lat="16.9583264" lon="81.7926049">
      </trkpt>
      <trkpt lat="16.9586718" lon="81.7923588">
      </trkpt>
      <trkpt lat="16.9590763" lon="81.792126">
      </trkpt>
      <trkpt lat="16.9594524" lon="81.791916">
      </trkpt>
      <trkpt lat="16.9598745" lon="81.7917273">
      </trkpt>
      <trkpt lat="16.960634" lon="81.7914636">
      </trkpt>
      <trkpt lat="16.9614578" lon="81.7912528">
      </trkpt>
      <trkpt lat="16.9625259" lon="81.7910399">
      </trkpt>
      <trkpt lat="16.9653991" lon="81.7904427">
      </trkpt>
      <trkpt lat="16.966602" lon="81.790178">
      </trkpt>
      <trkpt lat="16.9677487" lon="81.7899419">
      </trkpt>
      <trkpt lat="16.9690057" lon="81.78969">
      </trkpt>
      <trkpt lat="16.9703114" lon="81.789414">
      </trkpt>
      <trkpt lat="16.9726833" lon="81.788912">
      </trkpt>
      <trkpt lat="16.9750387" lon="81.7884292">
      </trkpt>
      <trkpt lat="16.9771586" lon="81.7879799">
      </trkpt>
      <trkpt lat="16.977594" lon="81.787886">
      </trkpt>
      <trkpt lat="16.9779224" lon="81.787823">
      </trkpt>
      <trkpt lat="16.9780647" lon="81.7877993">
      </trkpt>
      <trkpt lat="16.9783014" lon="81.7877492">
      </trkpt>
      <trkpt lat="16.9785782" lon="81.7876729">
      </trkpt>
      <trkpt lat="16.978765" lon="81.7876152">
      </trkpt>
      <trkpt lat="16.9789496" lon="81.7875525">
      </trkpt>
      <trkpt lat="16.9791943" lon="81.7874738">
      </trkpt>
      <trkpt lat="16.9794549" lon="81.7873701">
      </trkpt>
      <trkpt lat="16.9797102" lon="81.7872587">
      </trkpt>
      <trkpt lat="16.9799004" lon="81.7871605">
      </trkpt>
      <trkpt lat="16.980426" lon="81.7868536">
      </trkpt>
      <trkpt lat="16.9808798" lon="81.7865505">
      </trkpt>
      <trkpt lat="16.9823956" lon="81.7855918">
      </trkpt>
      <trkpt lat="16.9826388" lon="81.7854341">
      </trkpt>
      <trkpt lat="16.9828447" lon="81.7852908">
      </trkpt>
      <trkpt lat="16.9831369" lon="81.7850746">
      </trkpt>
      <trkpt lat="16.9833998" lon="81.7848957">
      </trkpt>
      <trkpt lat="16.9845781" lon="81.7841532">
      </trkpt>
      <trkpt lat="16.9861942" lon="81.7831235">
      </trkpt>
      <trkpt lat="16.9866381" lon="81.7828475">
      </trkpt>
      <trkpt lat="16.9870233" lon="81.7826407">
      </trkpt>
      <trkpt lat="16.9873607" lon="81.7824361">
      </trkpt>
      <trkpt lat="16.9877524" lon="81.782175">
      </trkpt>
      <trkpt lat="16.9881191" lon="81.7819477">
      </trkpt>
      <trkpt lat="16.9884432" lon="81.7817448">
      </trkpt>
      <trkpt lat="16.9890382" lon="81.7813723">
      </trkpt>
      <trkpt lat="16.9893142" lon="81.7811927">
      </trkpt>
      <trkpt lat="16.9896471" lon="81.7810036">
      </trkpt>
      <trkpt lat="16.9905557" lon="81.7805428">
      </trkpt>
      <trkpt lat="16.991018" lon="81.7803515">
      </trkpt>
      <trkpt lat="16.9913266" lon="81.7802421">
      </trkpt>
      <trkpt lat="16.9916535" lon="81.7801416">
      </trkpt>
      <trkpt lat="16.9919924" lon="81.7800594">
      </trkpt>
      <trkpt lat="16.9923956" lon="81.7799839">
      </trkpt>
      <trkpt lat="16.9928904" lon="81.7799099">
      </trkpt>
      <trkpt lat="16.993407" lon="81.7798719">
      </trkpt>
      <trkpt lat="16.9954831" lon="81.7798068">
      </trkpt>
      <trkpt lat="16.9961447" lon="81.7797497">
      </trkpt>
      <trkpt lat="16.996703" lon="81.7796621">
      </trkpt>
      <trkpt lat="16.9973159" lon="81.7795151">
      </trkpt>
      <trkpt lat="16.9977975" lon="81.7793782">
      </trkpt>
      <trkpt lat="16.9981074" lon="81.7792786">
      </trkpt>
      <trkpt lat="16.9983894" lon="81.7791956">
      </trkpt>
      <trkpt lat="17.001193" lon="81.7783498">
      </trkpt>
      <trkpt lat="17.0015648" lon="81.778231">
      </trkpt>
      <trkpt lat="17.0020999" lon="81.778028">
      </trkpt>
      <trkpt lat="17.0025764" lon="81.7778107">
      </trkpt>
      <trkpt lat="17.003057" lon="81.7775345">
      </trkpt>
      <trkpt lat="17.003511" lon="81.7772461">
      </trkpt>
      <trkpt lat="17.0038837" lon="81.7769545">
      </trkpt>
      <trkpt lat="17.0044529" lon="81.7764196">
      </trkpt>
      <trkpt lat="17.0048537" lon="81.7760142">
      </trkpt>
      <trkpt lat="17.0050706" lon="81.7757581">
      </trkpt>
      <trkpt lat="17.0055151" lon="81.775148">
      </trkpt>
      <trkpt lat="17.0057691" lon="81.774765">
      </trkpt>
      <trkpt lat="17.0060262" lon="81.7742835">
      </trkpt>
      <trkpt lat="17.0063" lon="81.7736585">
      </trkpt>
      <trkpt lat="17.0065942" lon="81.7728464">
      </trkpt>
      <trkpt lat="17.0067519" lon="81.7723686">
      </trkpt>
      <trkpt lat="17.0069126" lon="81.7718216">
      </trkpt>
      <trkpt lat="17.0070456" lon="81.7712865">
      </trkpt>
      <trkpt lat="17.0071586" lon="81.770781">
      </trkpt>
      <trkpt lat="17.0072661" lon="81.7702454">
      </trkpt>
      <trkpt lat="17.0073471" lon="81.7696698">
      </trkpt>
      <trkpt lat="17.0073816" lon="81.7692448">
      </trkpt>
      <trkpt lat="17.0074159" lon="81.768853">
      </trkpt>
      <trkpt lat="17.0074306" lon="81.7684097">
      </trkpt>
      <trkpt lat="17.0074765" lon="81.7671058">
      </trkpt>
      <trkpt lat="17.0082663" lon="81.7411688">
      </trkpt>
      <trkpt lat="17.0083217" lon="81.7388967">
      </trkpt>
      <trkpt lat="17.0082874" lon="81.7379002">
      </trkpt>
      <trkpt lat="17.0082222" lon="81.7369989">
      </trkpt>
      <trkpt lat="17.0080626" lon="81.7353195">
      </trkpt>
      <trkpt lat="17.0080171" lon="81.734456">
      </trkpt>
      <trkpt lat="17.0079976" lon="81.7337183">
      </trkpt>
      <trkpt lat="17.008032" lon="81.7325286">
      </trkpt>
      <trkpt lat="17.0080678" lon="81.7315549">
      </trkpt>
      <trkpt lat="17.0080712" lon="81.7311992">
      </trkpt>
      <trkpt lat="17.0080613" lon="81.7308288">
      </trkpt>
      <trkpt lat="17.0080573" lon="81.7306789">
      </trkpt>
      <trkpt lat="17.0080436" lon="81.7303651">
      </trkpt>
      <trkpt lat="17.0079854" lon="81.7299228">
      </trkpt>
      <trkpt lat="17.0079415" lon="81.7296264">
      </trkpt>
      <trkpt lat="17.0078454" lon="81.7291436">
      </trkpt>
      <trkpt lat="17.0077717" lon="81.7288023">
      </trkpt>
      <trkpt lat="17.0076566" lon="81.7283837">
      </trkpt>
      <trkpt lat="17.0075159" lon="81.7279392">
      </trkpt>
      <trkpt lat="17.0073697" lon="81.7274976">
      </trkpt>
      <trkpt lat="17.0071918" lon="81.7270327">
      </trkpt>
      <trkpt lat="17.0069256" lon="81.7264387">
      </trkpt>
      <trkpt lat="17.0063289" lon="81.7251988">
      </trkpt>
      <trkpt lat="17.0055543" lon="81.7235988">
      </trkpt>
      <trkpt lat="17.0051538" lon="81.7227192">
      </trkpt>
      <trkpt lat="17.0049792" lon="81.7223144">
      </trkpt>
      <trkpt lat="17.0047877" lon="81.7218973">
      </trkpt>
      <trkpt lat="17.0044614" lon="81.721157">
      </trkpt>
      <trkpt lat="17.0041121" lon="81.7203319">
      </trkpt>
      <trkpt lat="17.0034897" lon="81.7189063">
      </trkpt>
      <trkpt lat="17.0028971" lon="81.7174446">
      </trkpt>
      <trkpt lat="17.0022175" lon="81.715912">
      </trkpt>
      <trkpt lat="17.0014704" lon="81.714253">
      </trkpt>
      <trkpt lat="17.0007621" lon="81.7126391">
      </trkpt>
      <trkpt lat="17.0000968" lon="81.7111557">
      </trkpt>
      <trkpt lat="16.9993988" lon="81.7096017">
      </trkpt>
      <trkpt lat="16.9986783" lon="81.708007">
      </trkpt>
      <trkpt lat="16.9982136" lon="81.7069388">
      </trkpt>
      <trkpt lat="16.997841" lon="81.7062282">
      </trkpt>
      <trkpt lat="16.9975217" lon="81.7056652">
      </trkpt>
      <trkpt lat="16.9970816" lon="81.7049567">
      </trkpt>
      <trkpt lat="16.9967377" lon="81.7044515">
      </trkpt>
      <trkpt lat="16.9964306" lon="81.7040106">
      </trkpt>
      <trkpt lat="16.9958226" lon="81.7032593">
      </trkpt>
      <trkpt lat="16.995274" lon="81.7026578">
      </trkpt>
      <trkpt lat="16.9948155" lon="81.702204">
      </trkpt>
      <trkpt lat="16.99414" lon="81.7015704">
      </trkpt>
      <trkpt lat="16.993401" lon="81.7009667">
      </trkpt>
      <trkpt lat="16.992621" lon="81.7004038">
      </trkpt>
      <trkpt lat="16.991491" lon="81.699569">
      </trkpt>
      <trkpt lat="16.9906865" lon="81.6989974">
      </trkpt>
      <trkpt lat="16.9888128" lon="81.6976364">
      </trkpt>
      <trkpt lat="16.9875447" lon="81.6967191">
      </trkpt>
      <trkpt lat="16.9859959" lon="81.6956021">
      </trkpt>
      <trkpt lat="16.9841415" lon="81.6942686">
      </trkpt>
      <trkpt lat="16.9839707" lon="81.6941506">
      </trkpt>
      <trkpt lat="16.9830949" lon="81.6935043">
      </trkpt>
      <trkpt lat="16.9824175" lon="81.6930774">
      </trkpt>
      <trkpt lat="16.9818211" lon="81.6927323">
      </trkpt>
      <trkpt lat="16.9811783" lon="81.6924357">
      </trkpt>
      <trkpt lat="16.98044" lon="81.6921511">
      </trkpt>
      <trkpt lat="16.9798349" lon="81.6919574">
      </trkpt>
      <trkpt lat="16.9788071" lon="81.6917273">
      </trkpt>
      <trkpt lat="16.9782715" lon="81.6916668">
      </trkpt>
      <trkpt lat="16.9766676" lon="81.6915215">
      </trkpt>
      <trkpt lat="16.9761088" lon="81.691467">
      </trkpt>
      <trkpt lat="16.9753502" lon="81.6914095">
      </trkpt>
      <trkpt lat="16.9738173" lon="81.6912822">
      </trkpt>
      <trkpt lat="16.9732223" lon="81.6912247">
      </trkpt>
      <trkpt lat="16.9723015" lon="81.6911431">
      </trkpt>
      <trkpt lat="16.9669795" lon="81.6906768">
      </trkpt>
      <trkpt lat="16.9666109" lon="81.6906251">
      </trkpt>
      <trkpt lat="16.9660645" lon="81.6905393">
      </trkpt>
      <trkpt lat="16.9658825" lon="81.6905069">
      </trkpt>
      <trkpt lat="16.9649838" lon="81.6903106">
      </trkpt>
      <trkpt lat="16.9646244" lon="81.6902164">
      </trkpt>
      <trkpt lat="16.9638188" lon="81.6899659">
      </trkpt>
      <trkpt lat="16.9635583" lon="81.6898775">
      </trkpt>
      <trkpt lat="16.9630657" lon="81.6896851">
      </trkpt>
      <trkpt lat="16.9627663" lon="81.6895873">
      </trkpt>
      <trkpt lat="16.9623049" lon="81.6893914">
      </trkpt>
      <trkpt lat="16.9615134" lon="81.6889186">
      </trkpt>
      <trkpt lat="16.9602972" lon="81.6882037">
      </trkpt>
      <trkpt lat="16.9589868" lon="81.6872362">
      </trkpt>
      <trkpt lat="16.9574308" lon="81.6860118">
      </trkpt>
      <trkpt lat="16.9552277" lon="81.6842694">
      </trkpt>
      <trkpt lat="16.9543058" lon="81.6835566">
      </trkpt>
      <trkpt lat="16.9540054" lon="81.6833325">
      </trkpt>
      <trkpt lat="16.9527338" lon="81.682283">
      </trkpt>
      <trkpt lat="16.9509074" lon="81.6808189">
      </trkpt>
      <trkpt lat="16.9492653" lon="81.6795303">
      </trkpt>
      <trkpt lat="16.9469843" lon="81.6777322">
      </trkpt>
      <trkpt lat="16.9463685" lon="81.6772342">
      </trkpt>
      <trkpt lat="16.9458299" lon="81.6768376">
      </trkpt>
      <trkpt lat="16.9452797" lon="81.6764955">
      </trkpt>
      <trkpt lat="16.9446194" lon="81.6761323">
      </trkpt>
      <trkpt lat="16.9439216" lon="81.6758114">
      </trkpt>
      <trkpt lat="16.9428125" lon="81.6754239">
      </trkpt>
      <trkpt lat="16.9419901" lon="81.6752423">
      </trkpt>
      <trkpt lat="16.9417381" lon="81.6752029">
      </trkpt>
      <trkpt lat="16.9415267" lon="81.6751666">
      </trkpt>
      <trkpt lat="16.9408057" lon="81.6750607">
      </trkpt>
      <trkpt lat="16.9399688" lon="81.6750486">
      </trkpt>
      <trkpt lat="16.9387236" lon="81.6750728">
      </trkpt>
      <trkpt lat="16.9358364" lon="81.6751454">
      </trkpt>
      <trkpt lat="16.9347156" lon="81.6751689">
      </trkpt>
      <trkpt lat="16.9320167" lon="81.675206">
      </trkpt>
      <trkpt lat="16.9293793" lon="81.67527">
      </trkpt>
      <trkpt lat="16.9268884" lon="81.6753287">
      </trkpt>
      <trkpt lat="16.9228766" lon="81.675412">
      </trkpt>
      <trkpt lat="16.9151706" lon="81.6756077">
      </trkpt>
      <trkpt lat="16.9143713" lon="81.6756415">
      </trkpt>
      <trkpt lat="16.9135094" lon="81.6757017">
      </trkpt>
      <trkpt lat="16.9132054" lon="81.675735">
      </trkpt>
      <trkpt lat="16.9127135" lon="81.6758018">
      </trkpt>
      <trkpt lat="16.9108793" lon="81.6761229">
      </trkpt>
      <trkpt lat="16.9056189" lon="81.6770971">
      </trkpt>
      <trkpt lat="16.9050016" lon="81.6771991">
      </trkpt>
      <trkpt lat="16.9044842" lon="81.677258">
      </trkpt>
      <trkpt lat="16.9039222" lon="81.6772531">
      </trkpt>
      <trkpt lat="16.9033593" lon="81.677185">
      </trkpt>
      <trkpt lat="16.9027237" lon="81.6770734">
      </trkpt>
      <trkpt lat="16.9024099" lon="81.6769849">
      </trkpt>
      <trkpt lat="16.9017576" lon="81.6767404">
      </trkpt>
      <trkpt lat="16.9014496" lon="81.6765938">
      </trkpt>
      <trkpt lat="16.9006046" lon="81.6761633">
      </trkpt>
      <trkpt lat="16.9003485" lon="81.6760311">
      </trkpt>
      <trkpt lat="16.8978826" lon="81.6747583">
      </trkpt>
      <trkpt lat="16.8954495" lon="81.6735065">
      </trkpt>
      <trkpt lat="16.8948707" lon="81.6732106">
      </trkpt>
      <trkpt lat="16.8940457" lon="81.6727893">
      </trkpt>
      <trkpt lat="16.8932646" lon="81.6723782">
      </trkpt>
      <trkpt lat="16.8916553" lon="81.671548">
      </trkpt>
      <trkpt lat="16.8913848" lon="81.6713904">
      </trkpt>
      <trkpt lat="16.8908564" lon="81.6710636">
      </trkpt>
      <trkpt lat="16.8898816" lon="81.6703705">
      </trkpt>
      <trkpt lat="16.8889581" lon="81.6696065">
      </trkpt>
      <trkpt lat="16.8881371" lon="81.668816">
      </trkpt>
      <trkpt lat="16.8876554" lon="81.6683221">
      </trkpt>
      <trkpt lat="16.8868658" lon="81.6673701">
      </trkpt>
      <trkpt lat="16.885286" lon="81.6652753">
      </trkpt>
      <trkpt lat="16.884116" lon="81.663689">
      </trkpt>
      <trkpt lat="16.8830755" lon="81.6623233">
      </trkpt>
      <trkpt lat="16.8819121" lon="81.6608442">
      </trkpt>
      <trkpt lat="16.8807568" lon="81.6593244">
      </trkpt>
      <trkpt lat="16.879706" lon="81.6579844">
      </trkpt>
      <trkpt lat="16.8792964" lon="81.6574814">
      </trkpt>
      <trkpt lat="16.8788744" lon="81.6570083">
      </trkpt>
      <trkpt lat="16.878219" lon="81.6564026">
      </trkpt>
      <trkpt lat="16.8776147" lon="81.6558739">
      </trkpt>
      <trkpt lat="16.8770494" lon="81.6554072">
      </trkpt>
      <trkpt lat="16.8766868" lon="81.6551332">
      </trkpt>
      <trkpt lat="16.8759412" lon="81.654643">
      </trkpt>
      <trkpt lat="16.8749744" lon="81.6540458">
      </trkpt>
      <trkpt lat="16.8733552" lon="81.652991">
      </trkpt>
      <trkpt lat="16.8716374" lon="81.6519315">
      </trkpt>
      <trkpt lat="16.8682444" lon="81.6497889">
      </trkpt>
      <trkpt lat="16.8656054" lon="81.6481599">
      </trkpt>
      <trkpt lat="16.8631957" lon="81.6466433">
      </trkpt>
      <trkpt lat="16.8607187" lon="81.6450526">
      </trkpt>
      <trkpt lat="16.8588588" lon="81.6438931">
      </trkpt>
      <trkpt lat="16.8570429" lon="81.6427">
      </trkpt>
      <trkpt lat="16.8564079" lon="81.6422911">
      </trkpt>
      <trkpt lat="16.8558363" lon="81.6419465">
      </trkpt>
      <trkpt lat="16.8524098" lon="81.6397876">
      </trkpt>
      <trkpt lat="16.8514084" lon="81.6391509">
      </trkpt>
      <trkpt lat="16.8502407" lon="81.6384167">
      </trkpt>
      <trkpt lat="16.8492758" lon="81.6378003">
      </trkpt>
      <trkpt lat="16.8476851" lon="81.6368222">
      </trkpt>
      <trkpt lat="16.846689" lon="81.6361406">
      </trkpt>
      <trkpt lat="16.8457376" lon="81.6353737">
      </trkpt>
      <trkpt lat="16.844957" lon="81.6346845">
      </trkpt>
      <trkpt lat="16.8444674" lon="81.6341772">
      </trkpt>
      <trkpt lat="16.8437606" lon="81.6333595">
      </trkpt>
      <trkpt lat="16.8431787" lon="81.6326018">
      </trkpt>
      <trkpt lat="16.8424555" lon="81.6315422">
      </trkpt>
      <trkpt lat="16.8421216" lon="81.6309557">
      </trkpt>
      <trkpt lat="16.8417344" lon="81.6302151">
      </trkpt>
      <trkpt lat="16.841382" lon="81.6294616">
      </trkpt>
      <trkpt lat="16.8409026" lon="81.6283378">
      </trkpt>
      <trkpt lat="16.8401343" lon="81.626482">
      </trkpt>
      <trkpt lat="16.8393476" lon="81.6246475">
      </trkpt>
      <trkpt lat="16.838567" lon="81.6228088">
      </trkpt>
      <trkpt lat="16.8377864" lon="81.6209487">
      </trkpt>
      <trkpt lat="16.8370243" lon="81.619157">
      </trkpt>
      <trkpt lat="16.8362396" lon="81.6172734">
      </trkpt>
      <trkpt lat="16.8354652" lon="81.6154775">
      </trkpt>
      <trkpt lat="16.8348014" lon="81.6138785">
      </trkpt>
      <trkpt lat="16.8341785" lon="81.6124186">
      </trkpt>
      <trkpt lat="16.8333242" lon="81.6104108">
      </trkpt>
      <trkpt lat="16.8324944" lon="81.6084394">
      </trkpt>
      <trkpt lat="16.8315212" lon="81.606149">
      </trkpt>
      <trkpt lat="16.8306423" lon="81.6040577">
      </trkpt>
      <trkpt lat="16.8298965" lon="81.6022896">
      </trkpt>
      <trkpt lat="16.829288" lon="81.600909">
      </trkpt>
      <trkpt lat="16.8286713" lon="81.5994534">
      </trkpt>
      <trkpt lat="16.8281549" lon="81.5981991">
      </trkpt>
      <trkpt lat="16.8277575" lon="81.5972337">
      </trkpt>
      <trkpt lat="16.8269707" lon="81.5953778">
      </trkpt>
      <trkpt lat="16.8263273" lon="81.5938602">
      </trkpt>
      <trkpt lat="16.8256778" lon="81.5923233">
      </trkpt>
      <trkpt lat="16.8247435" lon="81.5901185">
      </trkpt>
      <trkpt lat="16.8240305" lon="81.5884189">
      </trkpt>
      <trkpt lat="16.8232642" lon="81.5865909">
      </trkpt>
      <trkpt lat="16.8225696" lon="81.5849705">
      </trkpt>
      <trkpt lat="16.8218464" lon="81.5832388">
      </trkpt>
      <trkpt lat="16.8212337" lon="81.5818111">
      </trkpt>
      <trkpt lat="16.8203465" lon="81.5797005">
      </trkpt>
      <trkpt lat="16.8197277" lon="81.5782193">
      </trkpt>
      <trkpt lat="16.8189573" lon="81.5764533">
      </trkpt>
      <trkpt lat="16.8181767" lon="81.5745932">
      </trkpt>
      <trkpt lat="16.8174636" lon="81.5728829">
      </trkpt>
      <trkpt lat="16.816812" lon="81.571361">
      </trkpt>
      <trkpt lat="16.8158756" lon="81.5691327">
      </trkpt>
      <trkpt lat="16.8150642" lon="81.5672212">
      </trkpt>
      <trkpt lat="16.8142549" lon="81.565329">
      </trkpt>
      <trkpt lat="16.8135357" lon="81.5636379">
      </trkpt>
      <trkpt lat="16.8127898" lon="81.5618014">
      </trkpt>
      <trkpt lat="16.8125111" lon="81.5609708">
      </trkpt>
      <trkpt lat="16.8123329" lon="81.5603843">
      </trkpt>
      <trkpt lat="16.8120952" lon="81.5593718">
      </trkpt>
      <trkpt lat="16.8118124" lon="81.5579612">
      </trkpt>
      <trkpt lat="16.8113924" lon="81.5557158">
      </trkpt>
      <trkpt lat="16.8110235" lon="81.5537529">
      </trkpt>
      <trkpt lat="16.8105666" lon="81.5514305">
      </trkpt>
      <trkpt lat="16.8102183" lon="81.549566">
      </trkpt>
      <trkpt lat="16.8101715" lon="81.5490597">
      </trkpt>
      <trkpt lat="16.8098453" lon="81.5475304">
      </trkpt>
      <trkpt lat="16.8093679" lon="81.5450966">
      </trkpt>
      <trkpt lat="16.808997" lon="81.543138">
      </trkpt>
      <trkpt lat="16.8086343" lon="81.5412736">
      </trkpt>
      <trkpt lat="16.8082901" lon="81.5394071">
      </trkpt>
      <trkpt lat="16.8080626" lon="81.5378658">
      </trkpt>
      <trkpt lat="16.8079766" lon="81.5371558">
      </trkpt>
      <trkpt lat="16.8079586" lon="81.53652">
      </trkpt>
      <trkpt lat="16.807974" lon="81.5357275">
      </trkpt>
      <trkpt lat="16.807997" lon="81.5350759">
      </trkpt>
      <trkpt lat="16.8080878" lon="81.5341155">
      </trkpt>
      <trkpt lat="16.8081989" lon="81.5335322">
      </trkpt>
      <trkpt lat="16.8082655" lon="81.5331567">
      </trkpt>
      <trkpt lat="16.8084048" lon="81.5325102">
      </trkpt>
      <trkpt lat="16.8085298" lon="81.5319623">
      </trkpt>
      <trkpt lat="16.8087757" lon="81.5310354">
      </trkpt>
      <trkpt lat="16.8089016" lon="81.5306005">
      </trkpt>
      <trkpt lat="16.8089437" lon="81.5304553">
      </trkpt>
      <trkpt lat="16.8092019" lon="81.5296248">
      </trkpt>
      <trkpt lat="16.8093433" lon="81.529141">
      </trkpt>
      <trkpt lat="16.8094846" lon="81.5286842">
      </trkpt>
      <trkpt lat="16.8096035" lon="81.5282998">
      </trkpt>
      <trkpt lat="16.8097572" lon="81.5277925">
      </trkpt>
      <trkpt lat="16.8099806" lon="81.5269427">
      </trkpt>
      <trkpt lat="16.8100748" lon="81.5265681">
      </trkpt>
      <trkpt lat="16.8102715" lon="81.5256905">
      </trkpt>
      <trkpt lat="16.8103596" lon="81.5251596">
      </trkpt>
      <trkpt lat="16.8104641" lon="81.5245517">
      </trkpt>
      <trkpt lat="16.8105727" lon="81.5239609">
      </trkpt>
      <trkpt lat="16.8107039" lon="81.5231219">
      </trkpt>
      <trkpt lat="16.8107879" lon="81.5225653">
      </trkpt>
      <trkpt lat="16.8109047" lon="81.521951">
      </trkpt>
      <trkpt lat="16.8109846" lon="81.5215443">
      </trkpt>
      <trkpt lat="16.8112284" lon="81.5205361">
      </trkpt>
      <trkpt lat="16.811337" lon="81.5199988">
      </trkpt>
      <trkpt lat="16.8116833" lon="81.5185839">
      </trkpt>
      <trkpt lat="16.8120358" lon="81.5170727">
      </trkpt>
      <trkpt lat="16.8123086" lon="81.5159611">
      </trkpt>
      <trkpt lat="16.8124066" lon="81.5155615">
      </trkpt>
      <trkpt lat="16.8125644" lon="81.5150413">
      </trkpt>
      <trkpt lat="16.812854" lon="81.5139721">
      </trkpt>
      <trkpt lat="16.8131292" lon="81.5131366">
      </trkpt>
      <trkpt lat="16.8137204" lon="81.5116049">
      </trkpt>
      <trkpt lat="16.8141261" lon="81.5105938">
      </trkpt>
      <trkpt lat="16.8149172" lon="81.5087896">
      </trkpt>
      <trkpt lat="16.8158271" lon="81.506722">
      </trkpt>
      <trkpt lat="16.8170699" lon="81.5038864">
      </trkpt>
      <trkpt lat="16.8181291" lon="81.5014241">
      </trkpt>
      <trkpt lat="16.8190573" lon="81.49929">
      </trkpt>
      <trkpt lat="16.819969" lon="81.4971752">
      </trkpt>
      <trkpt lat="16.8209321" lon="81.494949">
      </trkpt>
      <trkpt lat="16.8218274" lon="81.4929412">
      </trkpt>
      <trkpt lat="16.8228191" lon="81.4905802">
      </trkpt>
      <trkpt lat="16.8238067" lon="81.4883283">
      </trkpt>
      <trkpt lat="16.8247472" lon="81.4861878">
      </trkpt>
      <trkpt lat="16.8256671" lon="81.4840579">
      </trkpt>
      <trkpt lat="16.8265461" lon="81.4820202">
      </trkpt>
      <trkpt lat="16.8270112" lon="81.4809435">
      </trkpt>
      <trkpt lat="16.8272222" lon="81.4803527">
      </trkpt>
      <trkpt lat="16.8275931" lon="81.4791861">
      </trkpt>
      <trkpt lat="16.8277365" lon="81.4786081">
      </trkpt>
      <trkpt lat="16.8279148" lon="81.4778076">
      </trkpt>
      <trkpt lat="16.8280746" lon="81.4768208">
      </trkpt>
      <trkpt lat="16.8281811" lon="81.4755836">
      </trkpt>
      <trkpt lat="16.8282016" lon="81.4746374">
      </trkpt>
      <trkpt lat="16.8281893" lon="81.4740274">
      </trkpt>
      <trkpt lat="16.8281769" lon="81.4738395">
      </trkpt>
      <trkpt lat="16.8281316" lon="81.4731558">
      </trkpt>
      <trkpt lat="16.8281299" lon="81.4731305">
      </trkpt>
      <trkpt lat="16.8280971" lon="81.4726018">
      </trkpt>
      <trkpt lat="16.8279844" lon="81.4708466">
      </trkpt>
      <trkpt lat="16.8278523" lon="81.4686497">
      </trkpt>
      <trkpt lat="16.8277017" lon="81.466231">
      </trkpt>
      <trkpt lat="16.8275481" lon="81.4634399">
      </trkpt>
      <trkpt lat="16.8273713" lon="81.4601827">
      </trkpt>
      <trkpt lat="16.8271656" lon="81.4565228">
      </trkpt>
      <trkpt lat="16.8270349" lon="81.4543685">
      </trkpt>
      <trkpt lat="16.8268393" lon="81.4511439">
      </trkpt>
      <trkpt lat="16.8266478" lon="81.4481926">
      </trkpt>
      <trkpt lat="16.8264668" lon="81.4448453">
      </trkpt>
      <trkpt lat="16.8258518" lon="81.4360091">
      </trkpt>
      <trkpt lat="16.8254956" lon="81.4308924">
      </trkpt>
      <trkpt lat="16.8250347" lon="81.4260364">
      </trkpt>
      <trkpt lat="16.8248833" lon="81.4249534">
      </trkpt>
      <trkpt lat="16.8243567" lon="81.4220206">
      </trkpt>
      <trkpt lat="16.822202" lon="81.4102108">
      </trkpt>
      <trkpt lat="16.8216486" lon="81.4071413">
      </trkpt>
      <trkpt lat="16.8212778" lon="81.4051277">
      </trkpt>
      <trkpt lat="16.8211154" lon="81.4042564">
      </trkpt>
      <trkpt lat="16.8205185" lon="81.4009961">
      </trkpt>
      <trkpt lat="16.8202831" lon="81.3997057">
      </trkpt>
      <trkpt lat="16.8199187" lon="81.3977086">
      </trkpt>
      <trkpt lat="16.819605" lon="81.3959249">
      </trkpt>
      <trkpt lat="16.8193246" lon="81.3943302">
      </trkpt>
      <trkpt lat="16.8188958" lon="81.392075">
      </trkpt>
      <trkpt lat="16.8185249" lon="81.3902345">
      </trkpt>
      <trkpt lat="16.8182931" lon="81.3889449">
      </trkpt>
      <trkpt lat="16.8179859" lon="81.3873072">
      </trkpt>
      <trkpt lat="16.8173027" lon="81.3836616">
      </trkpt>
      <trkpt lat="16.8170494" lon="81.3817009">
      </trkpt>
      <trkpt lat="16.8167296" lon="81.3785029">
      </trkpt>
      <trkpt lat="16.8162543" lon="81.3737029">
      </trkpt>
      <trkpt lat="16.8159583" lon="81.3708891">
      </trkpt>
      <trkpt lat="16.8154591" lon="81.3659205">
      </trkpt>
      <trkpt lat="16.8151942" lon="81.3632098">
      </trkpt>
      <trkpt lat="16.8150256" lon="81.3615827">
      </trkpt>
      <trkpt lat="16.8147087" lon="81.3584597">
      </trkpt>
      <trkpt lat="16.8143152" lon="81.3544538">
      </trkpt>
      <trkpt lat="16.8141182" lon="81.3524639">
      </trkpt>
      <trkpt lat="16.8139575" lon="81.3512317">
      </trkpt>
      <trkpt lat="16.8138159" lon="81.350196">
      </trkpt>
      <trkpt lat="16.8135369" lon="81.3483963">
      </trkpt>
      <trkpt lat="16.8132536" lon="81.3464309">
      </trkpt>
      <trkpt lat="16.8129154" lon="81.3442028">
      </trkpt>
      <trkpt lat="16.8124419" lon="81.3409831">
      </trkpt>
      <trkpt lat="16.8120677" lon="81.3384193">
      </trkpt>
      <trkpt lat="16.8116259" lon="81.335458">
      </trkpt>
      <trkpt lat="16.8111651" lon="81.3322958">
      </trkpt>
      <trkpt lat="16.8108692" lon="81.3303039">
      </trkpt>
      <trkpt lat="16.8103999" lon="81.3272234">
      </trkpt>
      <trkpt lat="16.8103256" lon="81.3265931">
      </trkpt>
      <trkpt lat="16.8101716" lon="81.3255959">
      </trkpt>
      <trkpt lat="16.8098845" lon="81.3237137">
      </trkpt>
      <trkpt lat="16.809466" lon="81.3209186">
      </trkpt>
      <trkpt lat="16.8090923" lon="81.3183453">
      </trkpt>
      <trkpt lat="16.8089648" lon="81.3174837">
      </trkpt>
      <trkpt lat="16.8086529" lon="81.3153972">
      </trkpt>
      <trkpt lat="16.8082762" lon="81.3125803">
      </trkpt>
      <trkpt lat="16.8082134" lon="81.3115653">
      </trkpt>
      <trkpt lat="16.8082343" lon="81.3105129">
      </trkpt>
      <trkpt lat="16.8082911" lon="81.3093574">
      </trkpt>
      <trkpt lat="16.8083748" lon="81.3079958">
      </trkpt>
      <trkpt lat="16.8084662" lon="81.3062866">
      </trkpt>
      <trkpt lat="16.8085393" lon="81.3049196">
      </trkpt>
      <trkpt lat="16.8087489" lon="81.3011651">
      </trkpt>
      <trkpt lat="16.8087695" lon="81.3007255">
      </trkpt>
      <trkpt lat="16.8090385" lon="81.2957475">
      </trkpt>
      <trkpt lat="16.8091825" lon="81.2930593">
      </trkpt>
      <trkpt lat="16.8093135" lon="81.2904821">
      </trkpt>
      <trkpt lat="16.8096424" lon="81.2847421">
      </trkpt>
      <trkpt lat="16.8097488" lon="81.2827133">
      </trkpt>
      <trkpt lat="16.809768" lon="81.2823468">
      </trkpt>
      <trkpt lat="16.8100131" lon="81.2774312">
      </trkpt>
      <trkpt lat="16.8100191" lon="81.2765162">
      </trkpt>
      <trkpt lat="16.8099593" lon="81.2755481">
      </trkpt>
      <trkpt lat="16.8098696" lon="81.2746893">
      </trkpt>
      <trkpt lat="16.8097381" lon="81.27354">
      </trkpt>
      <trkpt lat="16.8094899" lon="81.2714039">
      </trkpt>
      <trkpt lat="16.809182" lon="81.26869">
      </trkpt>
      <trkpt lat="16.8090579" lon="81.2676114">
      </trkpt>
      <trkpt lat="16.8088352" lon="81.2656764">
      </trkpt>
      <trkpt lat="16.8085213" lon="81.2627564">
      </trkpt>
      <trkpt lat="16.8081626" lon="81.2595866">
      </trkpt>
      <trkpt lat="16.8078696" lon="81.2573505">
      </trkpt>
      <trkpt lat="16.8076095" lon="81.2552769">
      </trkpt>
      <trkpt lat="16.8073076" lon="81.2526754">
      </trkpt>
      <trkpt lat="16.8069578" lon="81.2495525">
      </trkpt>
      <trkpt lat="16.8065901" lon="81.2463514">
      </trkpt>
      <trkpt lat="16.8062552" lon="81.2436032">
      </trkpt>
      <trkpt lat="16.8060877" lon="81.2421221">
      </trkpt>
      <trkpt lat="16.8059324" lon="81.2407488">
      </trkpt>
      <trkpt lat="16.8055646" lon="81.2376352">
      </trkpt>
      <trkpt lat="16.8052298" lon="81.2346153">
      </trkpt>
      <trkpt lat="16.8049846" lon="81.2324573">
      </trkpt>
      <trkpt lat="16.80459" lon="81.2290002">
      </trkpt>
      <trkpt lat="16.8042343" lon="81.2259959">
      </trkpt>
      <trkpt lat="16.8039643" lon="81.2237299">
      </trkpt>
      <trkpt lat="16.8038354" lon="81.2226677">
      </trkpt>
      <trkpt lat="16.8037106" lon="81.2218771">
      </trkpt>
      <trkpt lat="16.8035183" lon="81.2209894">
      </trkpt>
      <trkpt lat="16.8033407" lon="81.2202784">
      </trkpt>
      <trkpt lat="16.8030236" lon="81.2193045">
      </trkpt>
      <trkpt lat="16.8026114" lon="81.2182379">
      </trkpt>
      <trkpt lat="16.8020723" lon="81.2171117">
      </trkpt>
      <trkpt lat="16.8017214" lon="81.2164625">
      </trkpt>
      <trkpt lat="16.8011633" lon="81.2155814">
      </trkpt>
      <trkpt lat="16.8007743" lon="81.2150271">
      </trkpt>
      <trkpt lat="16.8002923" lon="81.2143801">
      </trkpt>
      <trkpt lat="16.7993241" lon="81.2131147">
      </trkpt>
      <trkpt lat="16.7976854" lon="81.2109983">
      </trkpt>
      <trkpt lat="16.7975356" lon="81.2108049">
      </trkpt>
      <trkpt lat="16.7967365" lon="81.2096566">
      </trkpt>
      <trkpt lat="16.7959014" lon="81.2083228">
      </trkpt>
      <trkpt lat="16.7952334" lon="81.2071767">
      </trkpt>
      <trkpt lat="16.7944956" lon="81.2057369">
      </trkpt>
      <trkpt lat="16.7936816" lon="81.2041381">
      </trkpt>
      <trkpt lat="16.7927958" lon="81.2023538">
      </trkpt>
      <trkpt lat="16.7927413" lon="81.2022468">
      </trkpt>
      <trkpt lat="16.7917832" lon="81.200342">
      </trkpt>
      <trkpt lat="16.7909248" lon="81.1986328">
      </trkpt>
      <trkpt lat="16.7900284" lon="81.1968596">
      </trkpt>
      <trkpt lat="16.789075" lon="81.1949494">
      </trkpt>
      <trkpt lat="16.788168" lon="81.1931696">
      </trkpt>
      <trkpt lat="16.7871532" lon="81.1911424">
      </trkpt>
      <trkpt lat="16.7858128" lon="81.1884726">
      </trkpt>
      <trkpt lat="16.7848657" lon="81.186569">
      </trkpt>
      <trkpt lat="16.7841151" lon="81.1850983">
      </trkpt>
      <trkpt lat="16.7832842" lon="81.1834289">
      </trkpt>
      <trkpt lat="16.7825865" lon="81.1820465">
      </trkpt>
      <trkpt lat="16.7817704" lon="81.1804212">
      </trkpt>
      <trkpt lat="16.780874" lon="81.1786524">
      </trkpt>
      <trkpt lat="16.780121" lon="81.1771557">
      </trkpt>
      <trkpt lat="16.7799163" lon="81.1767488">
      </trkpt>
      <trkpt lat="16.7790832" lon="81.1750573">
      </trkpt>
      <trkpt lat="16.7783306" lon="81.1735645">
      </trkpt>
      <trkpt lat="16.7777449" lon="81.172403">
      </trkpt>
      <trkpt lat="16.7773855" lon="81.1716764">
      </trkpt>
      <trkpt lat="16.7769034" lon="81.1708108">
      </trkpt>
      <trkpt lat="16.7762797" lon="81.1697596">
      </trkpt>
      <trkpt lat="16.7757871" lon="81.1690773">
      </trkpt>
      <trkpt lat="16.7750703" lon="81.1682337">
      </trkpt>
      <trkpt lat="16.774398" lon="81.1674763">
      </trkpt>
      <trkpt lat="16.7736347" lon="81.1667431">
      </trkpt>
      <trkpt lat="16.77277" lon="81.1659879">
      </trkpt>
      <trkpt lat="16.7714781" lon="81.164897">
      </trkpt>
      <trkpt lat="16.7702349" lon="81.1638083">
      </trkpt>
      <trkpt lat="16.7690466" lon="81.1628058">
      </trkpt>
      <trkpt lat="16.7678033" lon="81.1617348">
      </trkpt>
      <trkpt lat="16.7666299" lon="81.1607499">
      </trkpt>
      <trkpt lat="16.7654669" lon="81.1597429">
      </trkpt>
      <trkpt lat="16.7641264" lon="81.1586034">
      </trkpt>
      <trkpt lat="16.7629169" lon="81.157581">
      </trkpt>
      <trkpt lat="16.761661" lon="81.1565034">
      </trkpt>
      <trkpt lat="16.7603796" lon="81.1554169">
      </trkpt>
      <trkpt lat="16.7603625" lon="81.1554026">
      </trkpt>
      <trkpt lat="16.7594408" lon="81.1546285">
      </trkpt>
      <trkpt lat="16.7581404" lon="81.1534847">
      </trkpt>
      <trkpt lat="16.7569943" lon="81.1525152">
      </trkpt>
      <trkpt lat="16.7558334" lon="81.1515458">
      </trkpt>
      <trkpt lat="16.7544717" lon="81.1503732">
      </trkpt>
      <trkpt lat="16.7531395" lon="81.1492249">
      </trkpt>
      <trkpt lat="16.7518454" lon="81.1481163">
      </trkpt>
      <trkpt lat="16.7506866" lon="81.1471447">
      </trkpt>
      <trkpt lat="16.7495363" lon="81.146162">
      </trkpt>
      <trkpt lat="16.7481301" lon="81.144974">
      </trkpt>
      <trkpt lat="16.7468423" lon="81.1438809">
      </trkpt>
      <trkpt lat="16.7447192" lon="81.1420524">
      </trkpt>
      <trkpt lat="16.742336" lon="81.1400363">
      </trkpt>
      <trkpt lat="16.740196" lon="81.1382056">
      </trkpt>
      <trkpt lat="16.7393437" lon="81.1375586">
      </trkpt>
      <trkpt lat="16.7387453" lon="81.137128">
      </trkpt>
      <trkpt lat="16.7379121" lon="81.136609">
      </trkpt>
      <trkpt lat="16.7373326" lon="81.1362336">
      </trkpt>
      <trkpt lat="16.7366136" lon="81.1357897">
      </trkpt>
      <trkpt lat="16.7359665" lon="81.1353768">
      </trkpt>
      <trkpt lat="16.7351101" lon="81.1348424">
      </trkpt>
      <trkpt lat="16.7346702" lon="81.1345553">
      </trkpt>
      <trkpt lat="16.7339533" lon="81.134096">
      </trkpt>
      <trkpt lat="16.7318519" lon="81.1327854">
      </trkpt>
      <trkpt lat="16.7293822" lon="81.13125">
      </trkpt>
      <trkpt lat="16.7284749" lon="81.1305955">
      </trkpt>
      <trkpt lat="16.7275739" lon="81.1298738">
      </trkpt>
      <trkpt lat="16.7267501" lon="81.1290845">
      </trkpt>
      <trkpt lat="16.7259201" lon="81.1282146">
      </trkpt>
      <trkpt lat="16.7254824" lon="81.1277463">
      </trkpt>
      <trkpt lat="16.7246736" lon="81.1268808">
      </trkpt>
      <trkpt lat="16.7233067" lon="81.1254213">
      </trkpt>
      <trkpt lat="16.7224705" lon="81.1245321">
      </trkpt>
      <trkpt lat="16.7220941" lon="81.1241132">
      </trkpt>
      <trkpt lat="16.7213875" lon="81.1233626">
      </trkpt>
      <trkpt lat="16.7206935" lon="81.1225679">
      </trkpt>
      <trkpt lat="16.7201779" lon="81.1219868">
      </trkpt>
      <trkpt lat="16.7193726" lon="81.1211588">
      </trkpt>
      <trkpt lat="16.7178791" lon="81.1195576">
      </trkpt>
      <trkpt lat="16.7165521" lon="81.1180948">
      </trkpt>
      <trkpt lat="16.7154713" lon="81.117022">
      </trkpt>
      <trkpt lat="16.7147657" lon="81.1162649">
      </trkpt>
      <trkpt lat="16.7144232" lon="81.1158976">
      </trkpt>
      <trkpt lat="16.7141856" lon="81.1155916">
      </trkpt>
      <trkpt lat="16.7139449" lon="81.1152275">
      </trkpt>
      <trkpt lat="16.7136981" lon="81.1147636">
      </trkpt>
      <trkpt lat="16.7135191" lon="81.1142352">
      </trkpt>
      <trkpt lat="16.7134265" lon="81.1137938">
      </trkpt>
      <trkpt lat="16.7133957" lon="81.1134877">
      </trkpt>
      <trkpt lat="16.7133741" lon="81.1131011">
      </trkpt>
      <trkpt lat="16.7133926" lon="81.112634">
      </trkpt>
      <trkpt lat="16.7135191" lon="81.1118768">
      </trkpt>
      <trkpt lat="16.7137937" lon="81.1105494">
      </trkpt>
      <trkpt lat="16.7138108" lon="81.1104188">
      </trkpt>
      <trkpt lat="16.7138523" lon="81.1101016">
      </trkpt>
      <trkpt lat="16.7138739" lon="81.1097762">
      </trkpt>
      <trkpt lat="16.7138832" lon="81.1094637">
      </trkpt>
      <trkpt lat="16.7138091" lon="81.1087517">
      </trkpt>
      <trkpt lat="16.7137227" lon="81.1084123">
      </trkpt>
      <trkpt lat="16.7136394" lon="81.1080848">
      </trkpt>
      <trkpt lat="16.713516" lon="81.1076659">
      </trkpt>
      <trkpt lat="16.713361" lon="81.1072972">
      </trkpt>
      <trkpt lat="16.7133472" lon="81.1072557">
      </trkpt>
      <trkpt lat="16.7128433" lon="81.1061356">
      </trkpt>
      <trkpt lat="16.71193" lon="81.1041735">
      </trkpt>
      <trkpt lat="16.7116023" lon="81.1034486">
      </trkpt>
      <trkpt lat="16.7107481" lon="81.1016283">
      </trkpt>
      <trkpt lat="16.7095447" lon="81.0990315">
      </trkpt>
      <trkpt lat="16.7087023" lon="81.0971854">
      </trkpt>
      <trkpt lat="16.7074309" lon="81.0944984">
      </trkpt>
      <trkpt lat="16.7062737" lon="81.091747">
      </trkpt>
      <trkpt lat="16.7058047" lon="81.0895594">
      </trkpt>
      <trkpt lat="16.705553" lon="81.0883044">
      </trkpt>
      <trkpt lat="16.7053837" lon="81.0874595">
      </trkpt>
      <trkpt lat="16.7051906" lon="81.0864922">
      </trkpt>
      <trkpt lat="16.7045642" lon="81.0832608">
      </trkpt>
      <trkpt lat="16.7035736" lon="81.078238">
      </trkpt>
      <trkpt lat="16.7030047" lon="81.0757609">
      </trkpt>
      <trkpt lat="16.7029947" lon="81.0756967">
      </trkpt>
      <trkpt lat="16.7024936" lon="81.0727996">
      </trkpt>
      <trkpt lat="16.7013117" lon="81.0667072">
      </trkpt>
      <trkpt lat="16.7002131" lon="81.0612462">
      </trkpt>
      <trkpt lat="16.6995249" lon="81.0576217">
      </trkpt>
      <trkpt lat="16.6988579" lon="81.0547878">
      </trkpt>
      <trkpt lat="16.698371" lon="81.0532474">
      </trkpt>
      <trkpt lat="16.6979747" lon="81.0523459">
      </trkpt>
      <trkpt lat="16.6961952" lon="81.0485942">
      </trkpt>
      <trkpt lat="16.6940412" lon="81.0441835">
      </trkpt>
      <trkpt lat="16.6926324" lon="81.0412892">
      </trkpt>
      <trkpt lat="16.6918378" lon="81.0396569">
      </trkpt>
      <trkpt lat="16.6887116" lon="81.0334066">
      </trkpt>
      <trkpt lat="16.6837213" lon="81.0241439">
      </trkpt>
      <trkpt lat="16.679397" lon="81.0161028">
      </trkpt>
      <trkpt lat="16.6791784" lon="81.0156964">
      </trkpt>
      <trkpt lat="16.6779871" lon="81.013483">
      </trkpt>
      <trkpt lat="16.6771266" lon="81.011924">
      </trkpt>
      <trkpt lat="16.6762231" lon="81.0102427">
      </trkpt>
      <trkpt lat="16.6751843" lon="81.0082812">
      </trkpt>
      <trkpt lat="16.6742673" lon="81.0065947">
      </trkpt>
      <trkpt lat="16.6735329" lon="81.0052221">
      </trkpt>
      <trkpt lat="16.6731934" lon="81.0045876">
      </trkpt>
      <trkpt lat="16.6720917" lon="81.0025534">
      </trkpt>
      <trkpt lat="16.669156" lon="80.9970792">
      </trkpt>
      <trkpt lat="16.6666183" lon="80.9923495">
      </trkpt>
      <trkpt lat="16.6644021" lon="80.9882613">
      </trkpt>
      <trkpt lat="16.663437" lon="80.986378">
      </trkpt>
      <trkpt lat="16.662135" lon="80.9838374">
      </trkpt>
      <trkpt lat="16.6609154" lon="80.9814443">
      </trkpt>
      <trkpt lat="16.6596131" lon="80.9790146">
      </trkpt>
      <trkpt lat="16.6590431" lon="80.9779809">
      </trkpt>
      <trkpt lat="16.6583171" lon="80.9766481">
      </trkpt>
      <trkpt lat="16.656674" lon="80.9735836">
      </trkpt>
      <trkpt lat="16.6552665" lon="80.9712603">
      </trkpt>
      <trkpt lat="16.6539355" lon="80.9688306">
      </trkpt>
      <trkpt lat="16.6527827" lon="80.966655">
      </trkpt>
      <trkpt lat="16.6526076" lon="80.9663245">
      </trkpt>
      <trkpt lat="16.6512256" lon="80.9637253">
      </trkpt>
      <trkpt lat="16.6499327" lon="80.9613089">
      </trkpt>
      <trkpt lat="16.6485157" lon="80.9586399">
      </trkpt>
      <trkpt lat="16.6471177" lon="80.9561205">
      </trkpt>
      <trkpt lat="16.6457675" lon="80.9535646">
      </trkpt>
      <trkpt lat="16.6446975" lon="80.9516268">
      </trkpt>
      <trkpt lat="16.6434651" lon="80.9493534">
      </trkpt>
      <trkpt lat="16.6423486" lon="80.9473197">
      </trkpt>
      <trkpt lat="16.6421722" lon="80.9469935">
      </trkpt>
      <trkpt lat="16.6408538" lon="80.944607">
      </trkpt>
      <trkpt lat="16.6400815" lon="80.943231">
      </trkpt>
      <trkpt lat="16.6398702" lon="80.9428474">
      </trkpt>
      <trkpt lat="16.6386717" lon="80.9406128">
      </trkpt>
      <trkpt lat="16.6380968" lon="80.9396238">
      </trkpt>
      <trkpt lat="16.6379376" lon="80.9393742">
      </trkpt>
      <trkpt lat="16.6375075" lon="80.9387091">
      </trkpt>
      <trkpt lat="16.6369693" lon="80.9379688">
      </trkpt>
      <trkpt lat="16.6361406" lon="80.9369323">
      </trkpt>
      <trkpt lat="16.6348706" lon="80.9353482">
      </trkpt>
      <trkpt lat="16.6336545" lon="80.9338206">
      </trkpt>
      <trkpt lat="16.6326051" lon="80.9325138">
      </trkpt>
      <trkpt lat="16.6313351" lon="80.9309392">
      </trkpt>
      <trkpt lat="16.6300357" lon="80.9293269">
      </trkpt>
      <trkpt lat="16.6285584" lon="80.9274725">
      </trkpt>
      <trkpt lat="16.6274099" lon="80.9260365">
      </trkpt>
      <trkpt lat="16.6262073" lon="80.9245347">
      </trkpt>
      <trkpt lat="16.6248494" lon="80.9228543">
      </trkpt>
      <trkpt lat="16.6234644" lon="80.9211292">
      </trkpt>
      <trkpt lat="16.6221042" lon="80.9194088">
      </trkpt>
      <trkpt lat="16.6206831" lon="80.9176461">
      </trkpt>
      <trkpt lat="16.6193094" lon="80.9159422">
      </trkpt>
      <trkpt lat="16.617877" lon="80.9141419">
      </trkpt>
      <trkpt lat="16.6166722" lon="80.9126448">
      </trkpt>
      <trkpt lat="16.6165371" lon="80.9124903">
      </trkpt>
      <trkpt lat="16.616312" lon="80.9122027">
      </trkpt>
      <trkpt lat="16.6152498" lon="80.9108732">
      </trkpt>
      <trkpt lat="16.6142391" lon="80.9096042">
      </trkpt>
      <trkpt lat="16.6128721" lon="80.9079215">
      </trkpt>
      <trkpt lat="16.6114735" lon="80.9061588">
      </trkpt>
      <trkpt lat="16.6101447" lon="80.9045183">
      </trkpt>
      <trkpt lat="16.6089164" lon="80.9029674">
      </trkpt>
      <trkpt lat="16.6074894" lon="80.901188">
      </trkpt>
      <trkpt lat="16.6061043" lon="80.8994651">
      </trkpt>
      <trkpt lat="16.6041437" lon="80.8970161">
      </trkpt>
      <trkpt lat="16.6029342" lon="80.8955166">
      </trkpt>
      <trkpt lat="16.6027768" lon="80.8953324">
      </trkpt>
      <trkpt lat="16.6024905" lon="80.894962">
      </trkpt>
      <trkpt lat="16.6017494" lon="80.8940366">
      </trkpt>
      <trkpt lat="16.6011392" lon="80.8932674">
      </trkpt>
      <trkpt lat="16.6000918" lon="80.8919325">
      </trkpt>
      <trkpt lat="16.5989747" lon="80.890574">
      </trkpt>
      <trkpt lat="16.5979544" lon="80.8893049">
      </trkpt>
      <trkpt lat="16.5969161" lon="80.8879794">
      </trkpt>
      <trkpt lat="16.5958642" lon="80.8867008">
      </trkpt>
      <trkpt lat="16.5948101" lon="80.88538">
      </trkpt>
      <trkpt lat="16.5937065" lon="80.883998">
      </trkpt>
      <trkpt lat="16.5928776" lon="80.8829874">
      </trkpt>
      <trkpt lat="16.5925933" lon="80.8826049">
      </trkpt>
      <trkpt lat="16.5918482" lon="80.8816901">
      </trkpt>
      <trkpt lat="16.5905779" lon="80.8801178">
      </trkpt>
      <trkpt lat="16.5893864" lon="80.8786207">
      </trkpt>
      <trkpt lat="16.5883165" lon="80.8772904">
      </trkpt>
      <trkpt lat="16.5870664" lon="80.8757299">
      </trkpt>
      <trkpt lat="16.5857824" lon="80.8741293">
      </trkpt>
      <trkpt lat="16.5852638" lon="80.8734825">
      </trkpt>
      <trkpt lat="16.5844332" lon="80.8724466">
      </trkpt>
      <trkpt lat="16.5829714" lon="80.8706275">
      </trkpt>
      <trkpt lat="16.5816131" lon="80.8689165">
      </trkpt>
      <trkpt lat="16.5794273" lon="80.8662145">
      </trkpt>
      <trkpt lat="16.5779049" lon="80.8643167">
      </trkpt>
      <trkpt lat="16.577019" lon="80.8632265">
      </trkpt>
      <trkpt lat="16.5754453" lon="80.8612555">
      </trkpt>
      <trkpt lat="16.5736614" lon="80.8590386">
      </trkpt>
      <trkpt lat="16.5720908" lon="80.8570908">
      </trkpt>
      <trkpt lat="16.5719507" lon="80.856918">
      </trkpt>
      <trkpt lat="16.5708962" lon="80.8556018">
      </trkpt>
      <trkpt lat="16.5691886" lon="80.8534679">
      </trkpt>
      <trkpt lat="16.5672198" lon="80.851025">
      </trkpt>
      <trkpt lat="16.566532" lon="80.8501593">
      </trkpt>
      <trkpt lat="16.5658224" lon="80.8491769">
      </trkpt>
      <trkpt lat="16.5651984" lon="80.8481827">
      </trkpt>
      <trkpt lat="16.5648493" lon="80.8475646">
      </trkpt>
      <trkpt lat="16.5647927" lon="80.8474446">
      </trkpt>
      <trkpt lat="16.5644055" lon="80.8466245">
      </trkpt>
      <trkpt lat="16.5641194" lon="80.845903">
      </trkpt>
      <trkpt lat="16.5637927" lon="80.8449935">
      </trkpt>
      <trkpt lat="16.563581" lon="80.8442813">
      </trkpt>
      <trkpt lat="16.563367" lon="80.8433553">
      </trkpt>
      <trkpt lat="16.5631732" lon="80.8424105">
      </trkpt>
      <trkpt lat="16.5630381" lon="80.8415433">
      </trkpt>
      <trkpt lat="16.562743" lon="80.839515">
      </trkpt>
      <trkpt lat="16.5625177" lon="80.8379662">
      </trkpt>
      <trkpt lat="16.5624283" lon="80.8373762">
      </trkpt>
      <trkpt lat="16.5622873" lon="80.8364454">
      </trkpt>
      <trkpt lat="16.5621798" lon="80.8357358">
      </trkpt>
      <trkpt lat="16.5619568" lon="80.8341893">
      </trkpt>
      <trkpt lat="16.5616256" lon="80.8319778">
      </trkpt>
      <trkpt lat="16.5612877" lon="80.8296205">
      </trkpt>
      <trkpt lat="16.5609633" lon="80.8274112">
      </trkpt>
      <trkpt lat="16.5606783" lon="80.8254724">
      </trkpt>
      <trkpt lat="16.5606209" lon="80.8250821">
      </trkpt>
      <trkpt lat="16.560319" lon="80.8230891">
      </trkpt>
      <trkpt lat="16.5599833" lon="80.8208423">
      </trkpt>
      <trkpt lat="16.5596319" lon="80.8183933">
      </trkpt>
      <trkpt lat="16.5594089" lon="80.8168609">
      </trkpt>
      <trkpt lat="16.5589101" lon="80.813409">
      </trkpt>
      <trkpt lat="16.5588286" lon="80.8128338">
      </trkpt>
      <trkpt lat="16.5587195" lon="80.8120923">
      </trkpt>
      <trkpt lat="16.5586252" lon="80.811456">
      </trkpt>
      <trkpt lat="16.558188" lon="80.8084762">
      </trkpt>
      <trkpt lat="16.5574847" lon="80.8037786">
      </trkpt>
      <trkpt lat="16.55722" lon="80.8019806">
      </trkpt>
      <trkpt lat="16.5569217" lon="80.7999542">
      </trkpt>
      <trkpt lat="16.5568876" lon="80.7997222">
      </trkpt>
      <trkpt lat="16.5565529" lon="80.7973557">
      </trkpt>
      <trkpt lat="16.5562972" lon="80.7956973">
      </trkpt>
      <trkpt lat="16.5558742" lon="80.7929187">
      </trkpt>
      <trkpt lat="16.5558028" lon="80.7924393">
      </trkpt>
      <trkpt lat="16.5554581" lon="80.7901232">
      </trkpt>
      <trkpt lat="16.5547633" lon="80.7854557">
      </trkpt>
      <trkpt lat="16.554094" lon="80.7808246">
      </trkpt>
      <trkpt lat="16.55373" lon="80.7783446">
      </trkpt>
      <trkpt lat="16.5530295" lon="80.7736429">
      </trkpt>
      <trkpt lat="16.5529123" lon="80.7727733">
      </trkpt>
      <trkpt lat="16.552865" lon="80.7724703">
      </trkpt>
      <trkpt lat="16.5528537" lon="80.7723976">
      </trkpt>
      <trkpt lat="16.5527942" lon="80.7720239">
      </trkpt>
      <trkpt lat="16.5506077" lon="80.7568935">
      </trkpt>
      <trkpt lat="16.5499923" lon="80.7529382">
      </trkpt>
      <trkpt lat="16.5495239" lon="80.749222">
      </trkpt>
      <trkpt lat="16.549152" lon="80.7466713">
      </trkpt>
      <trkpt lat="16.5489754" lon="80.7453814">
      </trkpt>
      <trkpt lat="16.5488499" lon="80.7446104">
      </trkpt>
      <trkpt lat="16.5480039" lon="80.7394071">
      </trkpt>
      <trkpt lat="16.5475689" lon="80.7363582">
      </trkpt>
      <trkpt lat="16.5475191" lon="80.7360096">
      </trkpt>
      <trkpt lat="16.5473438" lon="80.7347809">
      </trkpt>
      <trkpt lat="16.5469078" lon="80.731868">
      </trkpt>
      <trkpt lat="16.5467116" lon="80.7305572">
      </trkpt>
      <trkpt lat="16.5457029" lon="80.7236713">
      </trkpt>
      <trkpt lat="16.5456689" lon="80.7234396">
      </trkpt>
      <trkpt lat="16.5447234" lon="80.716991">
      </trkpt>
      <trkpt lat="16.5440529" lon="80.712386">
      </trkpt>
      <trkpt lat="16.5433081" lon="80.7071042">
      </trkpt>
      <trkpt lat="16.5421599" lon="80.6994541">
      </trkpt>
      <trkpt lat="16.5413184" lon="80.6940706">
      </trkpt>
      <trkpt lat="16.5410193" lon="80.6922636">
      </trkpt>
      <trkpt lat="16.5405723" lon="80.6891913">
      </trkpt>
      <trkpt lat="16.5404079" lon="80.6880151">
      </trkpt>
      <trkpt lat="16.5401285" lon="80.6861532">
      </trkpt>
      <trkpt lat="16.539928" lon="80.6844113">
      </trkpt>
      <trkpt lat="16.5395811" lon="80.6818525">
      </trkpt>
      <trkpt lat="16.539391" lon="80.6804879">
      </trkpt>
      <trkpt lat="16.5390396" lon="80.6780046">
      </trkpt>
      <trkpt lat="16.5386072" lon="80.6749908">
      </trkpt>
      <trkpt lat="16.5380052" lon="80.6709392">
      </trkpt>
      <trkpt lat="16.5375947" lon="80.6681512">
      </trkpt>
      <trkpt lat="16.5374294" lon="80.6670956">
      </trkpt>
      <trkpt lat="16.5370903" lon="80.6647058">
      </trkpt>
      <trkpt lat="16.5365418" lon="80.6609525">
      </trkpt>
      <trkpt lat="16.5361908" lon="80.6585958">
      </trkpt>
      <trkpt lat="16.5358514" lon="80.6562148">
      </trkpt>
      <trkpt lat="16.5355098" lon="80.6539017">
      </trkpt>
      <trkpt lat="16.5351727" lon="80.6516007">
      </trkpt>
      <trkpt lat="16.5348218" lon="80.6492197">
      </trkpt>
      <trkpt lat="16.5346666" lon="80.6481784">
      </trkpt>
      <trkpt lat="16.5344987" lon="80.6470521">
      </trkpt>
      <trkpt lat="16.5341663" lon="80.6447536">
      </trkpt>
      <trkpt lat="16.5338874" lon="80.6427702">
      </trkpt>
      <trkpt lat="16.5335922" lon="80.6407844">
      </trkpt>
      <trkpt lat="16.5333435" lon="80.639063">
      </trkpt>
      <trkpt lat="16.5330087" lon="80.6367935">
      </trkpt>
      <trkpt lat="16.5327345" lon="80.6349556">
      </trkpt>
      <trkpt lat="16.5326479" lon="80.6344022">
      </trkpt>
      <trkpt lat="16.5324927" lon="80.633336">
      </trkpt>
      <trkpt lat="16.5324211" lon="80.6328836">
      </trkpt>
      <trkpt lat="16.5320348" lon="80.6302009">
      </trkpt>
      <trkpt lat="16.5319368" lon="80.6295358">
      </trkpt>
      <trkpt lat="16.5318861" lon="80.6291681">
      </trkpt>
      <trkpt lat="16.5317838" lon="80.6286322">
      </trkpt>
      <trkpt lat="16.5317598" lon="80.6285465">
      </trkpt>
      <trkpt lat="16.5317123" lon="80.6283772">
      </trkpt>
      <trkpt lat="16.531642" lon="80.6281521">
      </trkpt>
      <trkpt lat="16.531577" lon="80.6279595">
      </trkpt>
      <trkpt lat="16.5314398" lon="80.6275532">
      </trkpt>
      <trkpt lat="16.5312193" lon="80.6270012">
      </trkpt>
      <trkpt lat="16.5310415" lon="80.6266153">
      </trkpt>
      <trkpt lat="16.5307974" lon="80.626122">
      </trkpt>
      <trkpt lat="16.5305366" lon="80.6256698">
      </trkpt>
      <trkpt lat="16.5302605" lon="80.6252261">
      </trkpt>
      <trkpt lat="16.5299836" lon="80.6248174">
      </trkpt>
      <trkpt lat="16.5296895" lon="80.6244311">
      </trkpt>
      <trkpt lat="16.5294624" lon="80.6241482">
      </trkpt>
      <trkpt lat="16.5291021" lon="80.6237564">
      </trkpt>
      <trkpt lat="16.5287427" lon="80.6233954">
      </trkpt>
      <trkpt lat="16.5285566" lon="80.623223">
      </trkpt>
      <trkpt lat="16.5282781" lon="80.6229843">
      </trkpt>
      <trkpt lat="16.5277487" lon="80.6225696">
      </trkpt>
      <trkpt lat="16.527459" lon="80.6223614">
      </trkpt>
      <trkpt lat="16.527116" lon="80.6221542">
      </trkpt>
      <trkpt lat="16.5266834" lon="80.6219515">
      </trkpt>
      <trkpt lat="16.5262022" lon="80.6217413">
      </trkpt>
      <trkpt lat="16.5259879" lon="80.6216497">
      </trkpt>
      <trkpt lat="16.5257536" lon="80.6215707">
      </trkpt>
      <trkpt lat="16.5255065" lon="80.6214988">
      </trkpt>
      <trkpt lat="16.5252603" lon="80.621443">
      </trkpt>
      <trkpt lat="16.5249507" lon="80.6213476">
      </trkpt>
      <trkpt lat="16.5231169" lon="80.620783">
      </trkpt>
      <trkpt lat="16.5227995" lon="80.6206725">
      </trkpt>
      <trkpt lat="16.5225109" lon="80.6206038">
      </trkpt>
      <trkpt lat="16.5221769" lon="80.6205365">
      </trkpt>
      <trkpt lat="16.5219246" lon="80.6204912">
      </trkpt>
      <trkpt lat="16.5216911" lon="80.6204421">
      </trkpt>
      <trkpt lat="16.521514" lon="80.6203942">
      </trkpt>
      <trkpt lat="16.5212875" lon="80.6203223">
      </trkpt>
      <trkpt lat="16.5209964" lon="80.6202059">
      </trkpt>
      <trkpt lat="16.5182178" lon="80.618954">
      </trkpt>
      <trkpt lat="16.5163285" lon="80.6181028">
      </trkpt>
      <trkpt lat="16.5161427" lon="80.6180064">
      </trkpt>
      <trkpt lat="16.5155299" lon="80.6176113">
      </trkpt>
      <trkpt lat="16.5152956" lon="80.617458">
      </trkpt>
      <trkpt lat="16.5149816" lon="80.6172293">
      </trkpt>
      <trkpt lat="16.5146059" lon="80.6169775">
      </trkpt>
      <trkpt lat="16.5142666" lon="80.6167598">
      </trkpt>
      <trkpt lat="16.5128015" lon="80.6157434">
      </trkpt>
      <trkpt lat="16.5125358" lon="80.6155616">
      </trkpt>
      <trkpt lat="16.5122702" lon="80.6153865">
      </trkpt>
      <trkpt lat="16.5120535" lon="80.6152688">
      </trkpt>
      <trkpt lat="16.5119107" lon="80.6152058">
      </trkpt>
      <trkpt lat="16.5107135" lon="80.6146515">
      </trkpt>
      <trkpt lat="16.510153" lon="80.6144037">
      </trkpt>
      <trkpt lat="16.5098868" lon="80.6142745">
      </trkpt>
      <trkpt lat="16.509503" lon="80.6140438">
      </trkpt>
      <trkpt lat="16.5093651" lon="80.6139348">
      </trkpt>
      <trkpt lat="16.5089461" lon="80.6136038">
      </trkpt>
      <trkpt lat="16.5087657" lon="80.6134657">
      </trkpt>
      <trkpt lat="16.5085683" lon="80.6133239">
      </trkpt>
      <trkpt lat="16.5083973" lon="80.613231">
      </trkpt>
      <trkpt lat="16.5078443" lon="80.6129724">
      </trkpt>
      <trkpt lat="16.5075229" lon="80.6128249">
      </trkpt>
      <trkpt lat="16.5070674" lon="80.6125973">
      </trkpt>
      <trkpt lat="16.5020375" lon="80.6103404">
      </trkpt>
      <trkpt lat="16.498947" lon="80.6089585">
      </trkpt>
      <trkpt lat="16.4977075" lon="80.6084373">
      </trkpt>
      <trkpt lat="16.4968988" lon="80.6080944">
      </trkpt>
      <trkpt lat="16.4964385" lon="80.6079401">
      </trkpt>
      <trkpt lat="16.4958547" lon="80.6077888">
      </trkpt>
      <trkpt lat="16.4948271" lon="80.6075997">
      </trkpt>
      <trkpt lat="16.4936391" lon="80.6074057">
      </trkpt>
      <trkpt lat="16.4925697" lon="80.6071972">
      </trkpt>
      <trkpt lat="16.4922247" lon="80.6071303">
      </trkpt>
      <trkpt lat="16.4915532" lon="80.6070001">
      </trkpt>
      <trkpt lat="16.490843" lon="80.6068813">
      </trkpt>
      <trkpt lat="16.4901385" lon="80.6067564">
      </trkpt>
      <trkpt lat="16.4894864" lon="80.6066327">
      </trkpt>
      <trkpt lat="16.4887451" lon="80.6064728">
      </trkpt>
      <trkpt lat="16.4878565" lon="80.6063106">
      </trkpt>
      <trkpt lat="16.4872179" lon="80.6062174">
      </trkpt>
      <trkpt lat="16.486881" lon="80.6061865">
      </trkpt>
      <trkpt lat="16.4863812" lon="80.6061502">
      </trkpt>
      <trkpt lat="16.4860275" lon="80.6061493">
      </trkpt>
      <trkpt lat="16.4849936" lon="80.6060962">
      </trkpt>
      <trkpt lat="16.4831622" lon="80.6059767">
      </trkpt>
      <trkpt lat="16.4829094" lon="80.6059502">
      </trkpt>
      <trkpt lat="16.4827124" lon="80.6059367">
      </trkpt>
      <trkpt lat="16.480941" lon="80.6058103">
      </trkpt>
      <trkpt lat="16.4808358" lon="80.6058035">
      </trkpt>
      <trkpt lat="16.480262" lon="80.6057681">
      </trkpt>
      <trkpt lat="16.4795496" lon="80.6057252">
      </trkpt>
      <trkpt lat="16.478438" lon="80.6056671">
      </trkpt>
      <trkpt lat="16.4756455" lon="80.6055041">
      </trkpt>
      <trkpt lat="16.4719501" lon="80.6052784">
      </trkpt>
      <trkpt lat="16.4712999" lon="80.6052382">
      </trkpt>
      <trkpt lat="16.4703088" lon="80.6051769">
      </trkpt>
      <trkpt lat="16.4702373" lon="80.6051716">
      </trkpt>
      <trkpt lat="16.4689551" lon="80.6050962">
      </trkpt>
      <trkpt lat="16.4681081" lon="80.6050392">
      </trkpt>
      <trkpt lat="16.4645829" lon="80.6048478">
      </trkpt>
      <trkpt lat="16.4634863" lon="80.6047724">
      </trkpt>
      <trkpt lat="16.4623879" lon="80.6046987">
      </trkpt>
      <trkpt lat="16.4613061" lon="80.6046387">
      </trkpt>
      <trkpt lat="16.4601864" lon="80.6045735">
      </trkpt>
      <trkpt lat="16.4592278" lon="80.6045135">
      </trkpt>
      <trkpt lat="16.4581574" lon="80.6044569">
      </trkpt>
      <trkpt lat="16.4561827" lon="80.6043181">
      </trkpt>
      <trkpt lat="16.4545582" lon="80.6042358">
      </trkpt>
      <trkpt lat="16.4529961" lon="80.6041466">
      </trkpt>
      <trkpt lat="16.4528108" lon="80.604145">
      </trkpt>
      <trkpt lat="16.4513045" lon="80.6041708">
      </trkpt>
      <trkpt lat="16.4501201" lon="80.6042875">
      </trkpt>
      <trkpt lat="16.4494014" lon="80.6044206">
      </trkpt>
      <trkpt lat="16.4488854" lon="80.6045067">
      </trkpt>
      <trkpt lat="16.4481389" lon="80.6046781">
      </trkpt>
      <trkpt lat="16.4468826" lon="80.6051136">
      </trkpt>
      <trkpt lat="16.4459423" lon="80.6055635">
      </trkpt>
      <trkpt lat="16.4458112" lon="80.6056272">
      </trkpt>
      <trkpt lat="16.4450573" lon="80.6060006">
      </trkpt>
      <trkpt lat="16.4447075" lon="80.6061913">
      </trkpt>
      <trkpt lat="16.4438894" lon="80.6066156">
      </trkpt>
      <trkpt lat="16.4426519" lon="80.6073349">
      </trkpt>
      <trkpt lat="16.4423807" lon="80.6074906">
      </trkpt>
      <trkpt lat="16.4415443" lon="80.6079451">
      </trkpt>
      <trkpt lat="16.4409369" lon="80.6082974">
      </trkpt>
      <trkpt lat="16.4400455" lon="80.6087781">
      </trkpt>
      <trkpt lat="16.4397372" lon="80.6089433">
      </trkpt>
      <trkpt lat="16.4389808" lon="80.6093225">
      </trkpt>
      <trkpt lat="16.4387833" lon="80.6094113">
      </trkpt>
      <trkpt lat="16.4383411" lon="80.6095901">
      </trkpt>
      <trkpt lat="16.4377517" lon="80.609813">
      </trkpt>
      <trkpt lat="16.4369243" lon="80.6100806">
      </trkpt>
      <trkpt lat="16.4367319" lon="80.6101463">
      </trkpt>
      <trkpt lat="16.4361749" lon="80.6103005">
      </trkpt>
      <trkpt lat="16.4359283" lon="80.6103568">
      </trkpt>
      <trkpt lat="16.4351345" lon="80.6104883">
      </trkpt>
      <trkpt lat="16.4347038" lon="80.6105387">
      </trkpt>
      <trkpt lat="16.4340013" lon="80.6106519">
      </trkpt>
      <trkpt lat="16.4332139" lon="80.6107474">
      </trkpt>
      <trkpt lat="16.4319021" lon="80.6109086">
      </trkpt>
      <trkpt lat="16.4316448" lon="80.6109356">
      </trkpt>
      <trkpt lat="16.4313757" lon="80.6109638">
      </trkpt>
      <trkpt lat="16.4311545" lon="80.6109966">
      </trkpt>
      <trkpt lat="16.4293766" lon="80.6112099">
      </trkpt>
      <trkpt lat="16.4244694" lon="80.6118399">
      </trkpt>
      <trkpt lat="16.4232235" lon="80.6119849">
      </trkpt>
      <trkpt lat="16.4218443" lon="80.6121655">
      </trkpt>
      <trkpt lat="16.4211099" lon="80.6122536">
      </trkpt>
      <trkpt lat="16.4206021" lon="80.6123143">
      </trkpt>
      <trkpt lat="16.416639" lon="80.6127729">
      </trkpt>
      <trkpt lat="16.4161742" lon="80.6128379">
      </trkpt>
      <trkpt lat="16.4153739" lon="80.6129375">
      </trkpt>
      <trkpt lat="16.4142863" lon="80.6130692">
      </trkpt>
      <trkpt lat="16.4131656" lon="80.6132031">
      </trkpt>
      <trkpt lat="16.4120266" lon="80.6133468">
      </trkpt>
      <trkpt lat="16.4100288" lon="80.6136206">
      </trkpt>
      <trkpt lat="16.409257" lon="80.6136929">
      </trkpt>
      <trkpt lat="16.4090658" lon="80.6137133">
      </trkpt>
      <trkpt lat="16.4089359" lon="80.6137272">
      </trkpt>
      <trkpt lat="16.4084315" lon="80.6137811">
      </trkpt>
      <trkpt lat="16.4057234" lon="80.6141535">
      </trkpt>
      <trkpt lat="16.4052507" lon="80.6142143">
      </trkpt>
      <trkpt lat="16.4047531" lon="80.6142732">
      </trkpt>
      <trkpt lat="16.4030824" lon="80.6144791">
      </trkpt>
      <trkpt lat="16.4028846" lon="80.6145062">
      </trkpt>
      <trkpt lat="16.4015394" lon="80.6146757">
      </trkpt>
      <trkpt lat="16.4013104" lon="80.6146965">
      </trkpt>
      <trkpt lat="16.4010458" lon="80.614733">
      </trkpt>
      <trkpt lat="16.4002411" lon="80.6148343">
      </trkpt>
      <trkpt lat="16.3994427" lon="80.6149298">
      </trkpt>
      <trkpt lat="16.3991523" lon="80.614968">
      </trkpt>
      <trkpt lat="16.3968442" lon="80.6152531">
      </trkpt>
      <trkpt lat="16.3959809" lon="80.6153548">
      </trkpt>
      <trkpt lat="16.3924858" lon="80.6157737">
      </trkpt>
      <trkpt lat="16.3915389" lon="80.6159076">
      </trkpt>
      <trkpt lat="16.3903143" lon="80.6160616">
      </trkpt>
      <trkpt lat="16.3891944" lon="80.6162002">
      </trkpt>
      <trkpt lat="16.3887843" lon="80.6162525">
      </trkpt>
      <trkpt lat="16.3857593" lon="80.6166179">
      </trkpt>
      <trkpt lat="16.3853637" lon="80.6166673">
      </trkpt>
      <trkpt lat="16.385297" lon="80.6166749">
      </trkpt>
      <trkpt lat="16.3844232" lon="80.6167626">
      </trkpt>
      <trkpt lat="16.3813673" lon="80.6171747">
      </trkpt>
      <trkpt lat="16.3810634" lon="80.6172073">
      </trkpt>
      <trkpt lat="16.3802668" lon="80.6173037">
      </trkpt>
      <trkpt lat="16.3795898" lon="80.6173809">
      </trkpt>
      <trkpt lat="16.3792973" lon="80.6174121">
      </trkpt>
      <trkpt lat="16.3790624" lon="80.6174421">
      </trkpt>
      <trkpt lat="16.378382" lon="80.6175274">
      </trkpt>
      <trkpt lat="16.3776488" lon="80.6176163">
      </trkpt>
      <trkpt lat="16.377299" lon="80.6176681">
      </trkpt>
      <trkpt lat="16.376492" lon="80.6177662">
      </trkpt>
      <trkpt lat="16.3762308" lon="80.6177982">
      </trkpt>
      <trkpt lat="16.376112" lon="80.6178132">
      </trkpt>
      <trkpt lat="16.3756194" lon="80.6178753">
      </trkpt>
      <trkpt lat="16.3738586" lon="80.6180781">
      </trkpt>
      <trkpt lat="16.3706752" lon="80.6184699">
      </trkpt>
      <trkpt lat="16.3688619" lon="80.6186913">
      </trkpt>
      <trkpt lat="16.3671547" lon="80.6189009">
      </trkpt>
      <trkpt lat="16.3640919" lon="80.6192789">
      </trkpt>
      <trkpt lat="16.3604277" lon="80.619767">
      </trkpt>
      <trkpt lat="16.3586931" lon="80.6199512">
      </trkpt>
      <trkpt lat="16.3575634" lon="80.6200712">
      </trkpt>
      <trkpt lat="16.3522699" lon="80.6207413">
      </trkpt>
      <trkpt lat="16.3508973" lon="80.6209104">
      </trkpt>
      <trkpt lat="16.3507433" lon="80.6209282">
      </trkpt>
      <trkpt lat="16.3451214" lon="80.6216166">
      </trkpt>
      <trkpt lat="16.3439393" lon="80.6217602">
      </trkpt>
      <trkpt lat="16.3384778" lon="80.6224234">
      </trkpt>
      <trkpt lat="16.3320952" lon="80.6232231">
      </trkpt>
      <trkpt lat="16.3289483" lon="80.623604">
      </trkpt>
      <trkpt lat="16.3278595" lon="80.6237595">
      </trkpt>
      <trkpt lat="16.3255849" lon="80.624059">
      </trkpt>
      <trkpt lat="16.325241" lon="80.6241015">
      </trkpt>
      <trkpt lat="16.3251371" lon="80.6241144">
      </trkpt>
      <trkpt lat="16.3225358" lon="80.6244276">
      </trkpt>
      <trkpt lat="16.3204468" lon="80.624679">
      </trkpt>
      <trkpt lat="16.3195306" lon="80.6247842">
      </trkpt>
      <trkpt lat="16.3188408" lon="80.6248523">
      </trkpt>
      <trkpt lat="16.3187372" lon="80.624864">
      </trkpt>
      <trkpt lat="16.3182188" lon="80.6249225">
      </trkpt>
      <trkpt lat="16.3173052" lon="80.6250637">
      </trkpt>
      <trkpt lat="16.3117555" lon="80.6257313">
      </trkpt>
      <trkpt lat="16.3032153" lon="80.6267996">
      </trkpt>
      <trkpt lat="16.2973843" lon="80.6275193">
      </trkpt>
      <trkpt lat="16.291849" lon="80.6282052">
      </trkpt>
      <trkpt lat="16.2820546" lon="80.6294261">
      </trkpt>
      <trkpt lat="16.2757269" lon="80.6301929">
      </trkpt>
      <trkpt lat="16.2751851" lon="80.6302578">
      </trkpt>
      <trkpt lat="16.2688387" lon="80.6310749">
      </trkpt>
      <trkpt lat="16.2680723" lon="80.6312255">
      </trkpt>
      <trkpt lat="16.267244" lon="80.6314388">
      </trkpt>
      <trkpt lat="16.2661452" lon="80.6318047">
      </trkpt>
      <trkpt lat="16.2649562" lon="80.6322273">
      </trkpt>
      <trkpt lat="16.2639663" lon="80.6325717">
      </trkpt>
      <trkpt lat="16.2626496" lon="80.6330237">
      </trkpt>
      <trkpt lat="16.2614381" lon="80.6334443">
      </trkpt>
      <trkpt lat="16.2603923" lon="80.6338062">
      </trkpt>
      <trkpt lat="16.2507066" lon="80.6371884">
      </trkpt>
      <trkpt lat="16.2485048" lon="80.6379396">
      </trkpt>
      <trkpt lat="16.2475059" lon="80.6382796">
      </trkpt>
      <trkpt lat="16.2469791" lon="80.6384708">
      </trkpt>
      <trkpt lat="16.2465113" lon="80.6386317">
      </trkpt>
      <trkpt lat="16.2454895" lon="80.6389944">
      </trkpt>
      <trkpt lat="16.2450836" lon="80.639132">
      </trkpt>
      <trkpt lat="16.2387442" lon="80.6413352">
      </trkpt>
      <trkpt lat="16.2380224" lon="80.6415784">
      </trkpt>
      <trkpt lat="16.2376998" lon="80.6416786">
      </trkpt>
      <trkpt lat="16.2371785" lon="80.6418103">
      </trkpt>
      <trkpt lat="16.2368305" lon="80.641876">
      </trkpt>
      <trkpt lat="16.2365009" lon="80.6419263">
      </trkpt>
      <trkpt lat="16.2360362" lon="80.6419634">
      </trkpt>
      <trkpt lat="16.2356892" lon="80.6419731">
      </trkpt>
      <trkpt lat="16.235272" lon="80.6419698">
      </trkpt>
      <trkpt lat="16.234883" lon="80.6419487">
      </trkpt>
      <trkpt lat="16.2344708" lon="80.6419052">
      </trkpt>
      <trkpt lat="16.2340865" lon="80.6418352">
      </trkpt>
      <trkpt lat="16.2335742" lon="80.641712">
      </trkpt>
      <trkpt lat="16.233132" lon="80.6415712">
      </trkpt>
      <trkpt lat="16.232498" lon="80.6413288">
      </trkpt>
      <trkpt lat="16.2321191" lon="80.6411532">
      </trkpt>
      <trkpt lat="16.2314751" lon="80.6407839">
      </trkpt>
      <trkpt lat="16.2308956" lon="80.6403863">
      </trkpt>
      <trkpt lat="16.2303833" lon="80.6399677">
      </trkpt>
      <trkpt lat="16.2300407" lon="80.6396669">
      </trkpt>
      <trkpt lat="16.2238808" lon="80.6345606">
      </trkpt>
      <trkpt lat="16.2220449" lon="80.6330248">
      </trkpt>
      <trkpt lat="16.2167392" lon="80.6286063">
      </trkpt>
      <trkpt lat="16.2161885" lon="80.6281708">
      </trkpt>
      <trkpt lat="16.2136373" lon="80.6260564">
      </trkpt>
      <trkpt lat="16.2093192" lon="80.6224659">
      </trkpt>
      <trkpt lat="16.2036753" lon="80.6177737">
      </trkpt>
      <trkpt lat="16.1988956" lon="80.6137999">
      </trkpt>
      <trkpt lat="16.1976691" lon="80.6127763">
      </trkpt>
      <trkpt lat="16.1955411" lon="80.6110111">
      </trkpt>
      <trkpt lat="16.1937774" lon="80.6095404">
      </trkpt>
      <trkpt lat="16.1925385" lon="80.6085107">
      </trkpt>
      <trkpt lat="16.1906308" lon="80.6069369">
      </trkpt>
      <trkpt lat="16.1896819" lon="80.6061464">
      </trkpt>
      <trkpt lat="16.1889685" lon="80.6055466">
      </trkpt>
      <trkpt lat="16.1887743" lon="80.6053833">
      </trkpt>
      <trkpt lat="16.1875679" lon="80.6043835">
      </trkpt>
      <trkpt lat="16.1863823" lon="80.6033934">
      </trkpt>
      <trkpt lat="16.185174" lon="80.6023936">
      </trkpt>
      <trkpt lat="16.1830375" lon="80.6006248">
      </trkpt>
      <trkpt lat="16.1807356" lon="80.5987308">
      </trkpt>
      <trkpt lat="16.1796739" lon="80.5978327">
      </trkpt>
      <trkpt lat="16.178584" lon="80.5969248">
      </trkpt>
      <trkpt lat="16.1768544" lon="80.5954864">
      </trkpt>
      <trkpt lat="16.1750473" lon="80.5939922">
      </trkpt>
      <trkpt lat="16.1733331" lon="80.5925644">
      </trkpt>
      <trkpt lat="16.1720286" lon="80.5914869">
      </trkpt>
      <trkpt lat="16.1701839" lon="80.5899633">
      </trkpt>
      <trkpt lat="16.1694307" lon="80.5893529">
      </trkpt>
      <trkpt lat="16.1693202" lon="80.5892633">
      </trkpt>
      <trkpt lat="16.1692646" lon="80.5892241">
      </trkpt>
      <trkpt lat="16.1684883" lon="80.5886766">
      </trkpt>
      <trkpt lat="16.1677814" lon="80.5882367">
      </trkpt>
      <trkpt lat="16.1668858" lon="80.5877663">
      </trkpt>
      <trkpt lat="16.1656872" lon="80.5872544">
      </trkpt>
      <trkpt lat="16.1644115" lon="80.5867895">
      </trkpt>
      <trkpt lat="16.1632501" lon="80.5864989">
      </trkpt>
      <trkpt lat="16.1621551" lon="80.586308">
      </trkpt>
      <trkpt lat="16.1616607" lon="80.5862416">
      </trkpt>
      <trkpt lat="16.1610487" lon="80.5861952">
      </trkpt>
      <trkpt lat="16.1607385" lon="80.5861669">
      </trkpt>
      <trkpt lat="16.1600448" lon="80.586142">
      </trkpt>
      <trkpt lat="16.1594308" lon="80.5861268">
      </trkpt>
      <trkpt lat="16.1572542" lon="80.5860728">
      </trkpt>
      <trkpt lat="16.1526327" lon="80.5858481">
      </trkpt>
      <trkpt lat="16.150684" lon="80.585738">
      </trkpt>
      <trkpt lat="16.1490441" lon="80.5856854">
      </trkpt>
      <trkpt lat="16.1420542" lon="80.5854126">
      </trkpt>
      <trkpt lat="16.1331287" lon="80.5850241">
      </trkpt>
      <trkpt lat="16.1322369" lon="80.5849979">
      </trkpt>
      <trkpt lat="16.1305404" lon="80.5849152">
      </trkpt>
      <trkpt lat="16.129823" lon="80.5848304">
      </trkpt>
      <trkpt lat="16.129154" lon="80.5847194">
      </trkpt>
      <trkpt lat="16.1286188" lon="80.5846164">
      </trkpt>
      <trkpt lat="16.1278684" lon="80.5844206">
      </trkpt>
      <trkpt lat="16.127306" lon="80.5842531">
      </trkpt>
      <trkpt lat="16.1268051" lon="80.58408">
      </trkpt>
      <trkpt lat="16.1262066" lon="80.5838696">
      </trkpt>
      <trkpt lat="16.125078" lon="80.5833649">
      </trkpt>
      <trkpt lat="16.123804" lon="80.5827836">
      </trkpt>
      <trkpt lat="16.1225377" lon="80.5822103">
      </trkpt>
      <trkpt lat="16.1212443" lon="80.5816148">
      </trkpt>
      <trkpt lat="16.1189716" lon="80.5805914">
      </trkpt>
      <trkpt lat="16.1170944" lon="80.5797336">
      </trkpt>
      <trkpt lat="16.1165321" lon="80.5794853">
      </trkpt>
      <trkpt lat="16.1144804" lon="80.5785467">
      </trkpt>
      <trkpt lat="16.1131733" lon="80.5779532">
      </trkpt>
      <trkpt lat="16.1107066" lon="80.5768349">
      </trkpt>
      <trkpt lat="16.1083639" lon="80.5757752">
      </trkpt>
      <trkpt lat="16.1057711" lon="80.5746004">
      </trkpt>
      <trkpt lat="16.1054292" lon="80.5744309">
      </trkpt>
      <trkpt lat="16.1035273" lon="80.5735851">
      </trkpt>
      <trkpt lat="16.101138" lon="80.5725072">
      </trkpt>
      <trkpt lat="16.0987332" lon="80.571405">
      </trkpt>
      <trkpt lat="16.0973911" lon="80.5707975">
      </trkpt>
      <trkpt lat="16.0951608" lon="80.5698023">
      </trkpt>
      <trkpt lat="16.0938226" lon="80.5691786">
      </trkpt>
      <trkpt lat="16.092593" lon="80.5686255">
      </trkpt>
      <trkpt lat="16.0922056" lon="80.5684277">
      </trkpt>
      <trkpt lat="16.091695" lon="80.5682137">
      </trkpt>
      <trkpt lat="16.0903432" lon="80.5676041">
      </trkpt>
      <trkpt lat="16.089036" lon="80.5670188">
      </trkpt>
      <trkpt lat="16.0877734" lon="80.5664596">
      </trkpt>
      <trkpt lat="16.0865593" lon="80.5658944">
      </trkpt>
      <trkpt lat="16.0858409" lon="80.5655474">
      </trkpt>
      <trkpt lat="16.0853645" lon="80.5653514">
      </trkpt>
      <trkpt lat="16.0840088" lon="80.5647439">
      </trkpt>
      <trkpt lat="16.0829207" lon="80.5642311">
      </trkpt>
      <trkpt lat="16.0798905" lon="80.562865">
      </trkpt>
      <trkpt lat="16.0745829" lon="80.5604189">
      </trkpt>
      <trkpt lat="16.0735602" lon="80.5599308">
      </trkpt>
      <trkpt lat="16.072501" lon="80.5594703">
      </trkpt>
      <trkpt lat="16.0717707" lon="80.5591499">
      </trkpt>
      <trkpt lat="16.0700613" lon="80.5583634">
      </trkpt>
      <trkpt lat="16.0678071" lon="80.5573459">
      </trkpt>
      <trkpt lat="16.0664822" lon="80.5567468">
      </trkpt>
      <trkpt lat="16.0652562" lon="80.5562095">
      </trkpt>
      <trkpt lat="16.0639028" lon="80.5556059">
      </trkpt>
      <trkpt lat="16.0637352" lon="80.5555328">
      </trkpt>
      <trkpt lat="16.0626811" lon="80.5550732">
      </trkpt>
      <trkpt lat="16.0615298" lon="80.5545884">
      </trkpt>
      <trkpt lat="16.060377" lon="80.5541332">
      </trkpt>
      <trkpt lat="16.059014" lon="80.5536761">
      </trkpt>
      <trkpt lat="16.0575968" lon="80.5531686">
      </trkpt>
      <trkpt lat="16.0561071" lon="80.5526427">
      </trkpt>
      <trkpt lat="16.053578" lon="80.5517601">
      </trkpt>
      <trkpt lat="16.0494127" lon="80.5502769">
      </trkpt>
      <trkpt lat="16.0481674" lon="80.549844">
      </trkpt>
      <trkpt lat="16.0452922" lon="80.5488444">
      </trkpt>
      <trkpt lat="16.0430982" lon="80.5480619">
      </trkpt>
      <trkpt lat="16.0359506" lon="80.5455381">
      </trkpt>
      <trkpt lat="16.0281106" lon="80.5427738">
      </trkpt>
      <trkpt lat="16.0232445" lon="80.5409983">
      </trkpt>
      <trkpt lat="16.022615" lon="80.5407506">
      </trkpt>
      <trkpt lat="16.0216578" lon="80.5402818">
      </trkpt>
      <trkpt lat="16.0196566" lon="80.5392639">
      </trkpt>
      <trkpt lat="16.0176549" lon="80.5382487">
      </trkpt>
      <trkpt lat="16.0160002" lon="80.5373877">
      </trkpt>
      <trkpt lat="16.0149291" lon="80.5368419">
      </trkpt>
      <trkpt lat="16.0077648" lon="80.533241">
      </trkpt>
      <trkpt lat="16.0061366" lon="80.5324179">
      </trkpt>
      <trkpt lat="16.0048743" lon="80.5317797">
      </trkpt>
      <trkpt lat="16.001123" lon="80.5298827">
      </trkpt>
      <trkpt lat="15.9975444" lon="80.5280731">
      </trkpt>
      <trkpt lat="15.9931766" lon="80.5258581">
      </trkpt>
      <trkpt lat="15.9830723" lon="80.5207467">
      </trkpt>
      <trkpt lat="15.9830612" lon="80.5207411">
      </trkpt>
      <trkpt lat="15.9824226" lon="80.520418">
      </trkpt>
      <trkpt lat="15.9745711" lon="80.5164289">
      </trkpt>
      <trkpt lat="15.9741087" lon="80.5162034">
      </trkpt>
      <trkpt lat="15.9728204" lon="80.5155752">
      </trkpt>
      <trkpt lat="15.9710531" lon="80.5146834">
      </trkpt>
      <trkpt lat="15.9696318" lon="80.51398">
      </trkpt>
      <trkpt lat="15.9680122" lon="80.5131522">
      </trkpt>
      <trkpt lat="15.9664018" lon="80.5123471">
      </trkpt>
      <trkpt lat="15.9645304" lon="80.5113447">
      </trkpt>
      <trkpt lat="15.9627894" lon="80.5104684">
      </trkpt>
      <trkpt lat="15.9608868" lon="80.5095016">
      </trkpt>
      <trkpt lat="15.9555425" lon="80.5067969">
      </trkpt>
      <trkpt lat="15.9532297" lon="80.5056358">
      </trkpt>
      <trkpt lat="15.9485483" lon="80.5032447">
      </trkpt>
      <trkpt lat="15.9481598" lon="80.5030417">
      </trkpt>
      <trkpt lat="15.9456498" lon="80.5017538">
      </trkpt>
      <trkpt lat="15.9446972" lon="80.5011993">
      </trkpt>
      <trkpt lat="15.9441672" lon="80.5008727">
      </trkpt>
      <trkpt lat="15.9432701" lon="80.5003361">
      </trkpt>
      <trkpt lat="15.9431289" lon="80.5002589">
      </trkpt>
      <trkpt lat="15.9427991" lon="80.5000826">
      </trkpt>
      <trkpt lat="15.9404161" lon="80.4988674">
      </trkpt>
      <trkpt lat="15.9389999" lon="80.4981604">
      </trkpt>
      <trkpt lat="15.9368037" lon="80.4970576">
      </trkpt>
      <trkpt lat="15.9359558" lon="80.4966525">
      </trkpt>
      <trkpt lat="15.9349747" lon="80.4962299">
      </trkpt>
      <trkpt lat="15.9330296" lon="80.4953774">
      </trkpt>
      <trkpt lat="15.9293674" lon="80.4935514">
      </trkpt>
      <trkpt lat="15.9281601" lon="80.4929428">
      </trkpt>
      <trkpt lat="15.9258585" lon="80.4917824">
      </trkpt>
      <trkpt lat="15.9211791" lon="80.4894131">
      </trkpt>
      <trkpt lat="15.9210739" lon="80.4893478">
      </trkpt>
      <trkpt lat="15.9206668" lon="80.4890953">
      </trkpt>
      <trkpt lat="15.9202028" lon="80.4887592">
      </trkpt>
      <trkpt lat="15.9196004" lon="80.4882516">
      </trkpt>
      <trkpt lat="15.9189891" lon="80.4876114">
      </trkpt>
      <trkpt lat="15.918512" lon="80.4869941">
      </trkpt>
      <trkpt lat="15.9171707" lon="80.484982">
      </trkpt>
      <trkpt lat="15.9159995" lon="80.4832128">
      </trkpt>
      <trkpt lat="15.9151021" lon="80.4818508">
      </trkpt>
      <trkpt lat="15.9139536" lon="80.4801032">
      </trkpt>
      <trkpt lat="15.9124626" lon="80.4778693">
      </trkpt>
      <trkpt lat="15.9114282" lon="80.4763083">
      </trkpt>
      <trkpt lat="15.9111066" lon="80.4757671">
      </trkpt>
      <trkpt lat="15.9105609" lon="80.4747656">
      </trkpt>
      <trkpt lat="15.9103938" lon="80.4743332">
      </trkpt>
      <trkpt lat="15.9103268" lon="80.474183">
      </trkpt>
      <trkpt lat="15.9101366" lon="80.4736795">
      </trkpt>
      <trkpt lat="15.9098791" lon="80.4727711">
      </trkpt>
      <trkpt lat="15.9097728" lon="80.4723964">
      </trkpt>
      <trkpt lat="15.9094923" lon="80.4714182">
      </trkpt>
      <trkpt lat="15.9090261" lon="80.4697628">
      </trkpt>
      <trkpt lat="15.9085732" lon="80.4681875">
      </trkpt>
      <trkpt lat="15.9080872" lon="80.466603">
      </trkpt>
      <trkpt lat="15.9076826" lon="80.4653683">
      </trkpt>
      <trkpt lat="15.907311" lon="80.4640559">
      </trkpt>
      <trkpt lat="15.9072256" lon="80.4637607">
      </trkpt>
      <trkpt lat="15.906847" lon="80.4624531">
      </trkpt>
      <trkpt lat="15.9064161" lon="80.4610583">
      </trkpt>
      <trkpt lat="15.9060204" lon="80.4598588">
      </trkpt>
      <trkpt lat="15.9058071" lon="80.4591518">
      </trkpt>
      <trkpt lat="15.9056904" lon="80.458812">
      </trkpt>
      <trkpt lat="15.9055577" lon="80.4584847">
      </trkpt>
      <trkpt lat="15.9052915" lon="80.4578286">
      </trkpt>
      <trkpt lat="15.9048332" lon="80.4568431">
      </trkpt>
      <trkpt lat="15.9042778" lon="80.4558071">
      </trkpt>
      <trkpt lat="15.903633" lon="80.4548476">
      </trkpt>
      <trkpt lat="15.9005838" lon="80.4507177">
      </trkpt>
      <trkpt lat="15.8948494" lon="80.442962">
      </trkpt>
      <trkpt lat="15.8901956" lon="80.4366463">
      </trkpt>
      <trkpt lat="15.8860662" lon="80.4310423">
      </trkpt>
      <trkpt lat="15.8852963" lon="80.4300058">
      </trkpt>
      <trkpt lat="15.8782713" lon="80.4205442">
      </trkpt>
      <trkpt lat="15.8767763" lon="80.4185103">
      </trkpt>
      <trkpt lat="15.8765004" lon="80.4181349">
      </trkpt>
      <trkpt lat="15.8745957" lon="80.4155471">
      </trkpt>
      <trkpt lat="15.872679" lon="80.4129693">
      </trkpt>
      <trkpt lat="15.8678325" lon="80.4064145">
      </trkpt>
      <trkpt lat="15.867202" lon="80.4055584">
      </trkpt>
      <trkpt lat="15.8590787" lon="80.3946944">
      </trkpt>
      <trkpt lat="15.8575005" lon="80.3925685">
      </trkpt>
      <trkpt lat="15.8573952" lon="80.3924266">
      </trkpt>
      <trkpt lat="15.8550044" lon="80.3892086">
      </trkpt>
      <trkpt lat="15.8530452" lon="80.3865998">
      </trkpt>
      <trkpt lat="15.8522619" lon="80.3855568">
      </trkpt>
      <trkpt lat="15.8499852" lon="80.3824864">
      </trkpt>
      <trkpt lat="15.8475344" lon="80.3791811">
      </trkpt>
      <trkpt lat="15.8469" lon="80.3783342">
      </trkpt>
      <trkpt lat="15.8466128" lon="80.3778637">
      </trkpt>
      <trkpt lat="15.8459953" lon="80.3770278">
      </trkpt>
      <trkpt lat="15.8432325" lon="80.3733141">
      </trkpt>
      <trkpt lat="15.8407997" lon="80.3700465">
      </trkpt>
      <trkpt lat="15.8405648" lon="80.369731">
      </trkpt>
      <trkpt lat="15.8390755" lon="80.36772">
      </trkpt>
      <trkpt lat="15.838783" lon="80.3673038">
      </trkpt>
      <trkpt lat="15.8377179" lon="80.3655626">
      </trkpt>
      <trkpt lat="15.8360826" lon="80.3626436">
      </trkpt>
      <trkpt lat="15.8350148" lon="80.3607341">
      </trkpt>
      <trkpt lat="15.833954" lon="80.3588522">
      </trkpt>
      <trkpt lat="15.8338374" lon="80.3585563">
      </trkpt>
      <trkpt lat="15.8331565" lon="80.3574239">
      </trkpt>
      <trkpt lat="15.832534" lon="80.3563104">
      </trkpt>
      <trkpt lat="15.8317201" lon="80.3548631">
      </trkpt>
      <trkpt lat="15.830904" lon="80.3534089">
      </trkpt>
      <trkpt lat="15.8301605" lon="80.3520828">
      </trkpt>
      <trkpt lat="15.8297734" lon="80.3513969">
      </trkpt>
      <trkpt lat="15.8296461" lon="80.351176">
      </trkpt>
      <trkpt lat="15.8295468" lon="80.3510036">
      </trkpt>
      <trkpt lat="15.8292565" lon="80.35056">
      </trkpt>
      <trkpt lat="15.8289727" lon="80.3501828">
      </trkpt>
      <trkpt lat="15.8286867" lon="80.3498512">
      </trkpt>
      <trkpt lat="15.8283707" lon="80.3495435">
      </trkpt>
      <trkpt lat="15.8279858" lon="80.3492349">
      </trkpt>
      <trkpt lat="15.8275505" lon="80.3488529">
      </trkpt>
      <trkpt lat="15.8274336" lon="80.3488141">
      </trkpt>
      <trkpt lat="15.8263073" lon="80.3479796">
      </trkpt>
      <trkpt lat="15.8240213" lon="80.3462654">
      </trkpt>
      <trkpt lat="15.8226669" lon="80.3452494">
      </trkpt>
      <trkpt lat="15.8212414" lon="80.3441885">
      </trkpt>
      <trkpt lat="15.819761" lon="80.3430727">
      </trkpt>
      <trkpt lat="15.8183289" lon="80.3420027">
      </trkpt>
      <trkpt lat="15.8168923" lon="80.340928">
      </trkpt>
      <trkpt lat="15.8160992" lon="80.3403321">
      </trkpt>
      <trkpt lat="15.8149824" lon="80.3395052">
      </trkpt>
      <trkpt lat="15.8138094" lon="80.3386274">
      </trkpt>
      <trkpt lat="15.8132333" lon="80.338142">
      </trkpt>
      <trkpt lat="15.8125496" lon="80.3375215">
      </trkpt>
      <trkpt lat="15.8120858" lon="80.3370312">
      </trkpt>
      <trkpt lat="15.8114487" lon="80.3363073">
      </trkpt>
      <trkpt lat="15.811275" lon="80.3360882">
      </trkpt>
      <trkpt lat="15.8109673" lon="80.3357002">
      </trkpt>
      <trkpt lat="15.81068" lon="80.3353015">
      </trkpt>
      <trkpt lat="15.8098519" lon="80.334144">
      </trkpt>
      <trkpt lat="15.8093341" lon="80.3334275">
      </trkpt>
      <trkpt lat="15.8090816" lon="80.3330782">
      </trkpt>
      <trkpt lat="15.808284" lon="80.331969">
      </trkpt>
      <trkpt lat="15.8074013" lon="80.3307531">
      </trkpt>
      <trkpt lat="15.8066647" lon="80.3297056">
      </trkpt>
      <trkpt lat="15.8065888" lon="80.3296006">
      </trkpt>
      <trkpt lat="15.8056617" lon="80.3283179">
      </trkpt>
      <trkpt lat="15.8048368" lon="80.3271721">
      </trkpt>
      <trkpt lat="15.8038803" lon="80.3258427">
      </trkpt>
      <trkpt lat="15.8032207" lon="80.3249421">
      </trkpt>
      <trkpt lat="15.8026188" lon="80.3240647">
      </trkpt>
      <trkpt lat="15.8018934" lon="80.323079">
      </trkpt>
      <trkpt lat="15.8011359" lon="80.3220315">
      </trkpt>
      <trkpt lat="15.800189" lon="80.3207122">
      </trkpt>
      <trkpt lat="15.7993208" lon="80.3195013">
      </trkpt>
      <trkpt lat="15.7983819" lon="80.318167">
      </trkpt>
      <trkpt lat="15.7975698" lon="80.3170545">
      </trkpt>
      <trkpt lat="15.7967658" lon="80.3159486">
      </trkpt>
      <trkpt lat="15.7960899" lon="80.3149761">
      </trkpt>
      <trkpt lat="15.7952988" lon="80.3138721">
      </trkpt>
      <trkpt lat="15.7944241" lon="80.3126678">
      </trkpt>
      <trkpt lat="15.7935559" lon="80.3114636">
      </trkpt>
      <trkpt lat="15.7926057" lon="80.3101459">
      </trkpt>
      <trkpt lat="15.7915866" lon="80.3087399">
      </trkpt>
      <trkpt lat="15.7907745" lon="80.3075673">
      </trkpt>
      <trkpt lat="15.7902384" lon="80.3068384">
      </trkpt>
      <trkpt lat="15.7897945" lon="80.3062805">
      </trkpt>
      <trkpt lat="15.7893781" lon="80.3058027">
      </trkpt>
      <trkpt lat="15.7888806" lon="80.3053123">
      </trkpt>
      <trkpt lat="15.7882787" lon="80.3047869">
      </trkpt>
      <trkpt lat="15.7881235" lon="80.3046524">
      </trkpt>
      <trkpt lat="15.7874409" lon="80.3040714">
      </trkpt>
      <trkpt lat="15.7867186" lon="80.3034409">
      </trkpt>
      <trkpt lat="15.7858487" lon="80.3027037">
      </trkpt>
      <trkpt lat="15.7852404" lon="80.3021716">
      </trkpt>
      <trkpt lat="15.7843673" lon="80.3014027">
      </trkpt>
      <trkpt lat="15.7835776" lon="80.3007038">
      </trkpt>
      <trkpt lat="15.7817193" lon="80.2991104">
      </trkpt>
      <trkpt lat="15.7809682" lon="80.2985333">
      </trkpt>
      <trkpt lat="15.7799377" lon="80.2977094">
      </trkpt>
      <trkpt lat="15.7794273" lon="80.2972057">
      </trkpt>
      <trkpt lat="15.7785806" lon="80.2965064">
      </trkpt>
      <trkpt lat="15.7777909" lon="80.2958326">
      </trkpt>
      <trkpt lat="15.7750694" lon="80.2935401">
      </trkpt>
      <trkpt lat="15.7708571" lon="80.2899427">
      </trkpt>
      <trkpt lat="15.769101" lon="80.2884449">
      </trkpt>
      <trkpt lat="15.7670561" lon="80.2867069">
      </trkpt>
      <trkpt lat="15.7649982" lon="80.2849456">
      </trkpt>
      <trkpt lat="15.7631326" lon="80.2833514">
      </trkpt>
      <trkpt lat="15.7620343" lon="80.2824118">
      </trkpt>
      <trkpt lat="15.7613136" lon="80.2817953">
      </trkpt>
      <trkpt lat="15.7594881" lon="80.2802425">
      </trkpt>
      <trkpt lat="15.75868" lon="80.2795773">
      </trkpt>
      <trkpt lat="15.7577878" lon="80.278964">
      </trkpt>
      <trkpt lat="15.7574939" lon="80.27878">
      </trkpt>
      <trkpt lat="15.7566346" lon="80.2782422">
      </trkpt>
      <trkpt lat="15.7552679" lon="80.2774166">
      </trkpt>
      <trkpt lat="15.7539853" lon="80.2766524">
      </trkpt>
      <trkpt lat="15.7530931" lon="80.2761122">
      </trkpt>
      <trkpt lat="15.7519648" lon="80.2754305">
      </trkpt>
      <trkpt lat="15.7505277" lon="80.2745766">
      </trkpt>
      <trkpt lat="15.749127" lon="80.2737345">
      </trkpt>
      <trkpt lat="15.7477785" lon="80.2729302">
      </trkpt>
      <trkpt lat="15.7463709" lon="80.2720692">
      </trkpt>
      <trkpt lat="15.7448725" lon="80.2711611">
      </trkpt>
      <trkpt lat="15.7427547" lon="80.2699051">
      </trkpt>
      <trkpt lat="15.7390008" lon="80.2676445">
      </trkpt>
      <trkpt lat="15.7352508" lon="80.2653688">
      </trkpt>
      <trkpt lat="15.7315743" lon="80.2631605">
      </trkpt>
      <trkpt lat="15.7278607" lon="80.2609212">
      </trkpt>
      <trkpt lat="15.7275592" lon="80.2607346">
      </trkpt>
      <trkpt lat="15.7230555" lon="80.2579472">
      </trkpt>
      <trkpt lat="15.721398" lon="80.2569109">
      </trkpt>
      <trkpt lat="15.7209327" lon="80.2565899">
      </trkpt>
      <trkpt lat="15.7187945" lon="80.2552625">
      </trkpt>
      <trkpt lat="15.7161606" lon="80.2535541">
      </trkpt>
      <trkpt lat="15.70581" lon="80.2469443">
      </trkpt>
      <trkpt lat="15.7042878" lon="80.2459698">
      </trkpt>
      <trkpt lat="15.7023322" lon="80.2447111">
      </trkpt>
      <trkpt lat="15.6963824" lon="80.2408463">
      </trkpt>
      <trkpt lat="15.6923966" lon="80.2382572">
      </trkpt>
      <trkpt lat="15.6915809" lon="80.2377101">
      </trkpt>
      <trkpt lat="15.6905114" lon="80.2370196">
      </trkpt>
      <trkpt lat="15.6895857" lon="80.2364769">
      </trkpt>
      <trkpt lat="15.6889892" lon="80.2360622">
      </trkpt>
      <trkpt lat="15.6876692" lon="80.2352249">
      </trkpt>
      <trkpt lat="15.6863955" lon="80.2344208">
      </trkpt>
      <trkpt lat="15.6851067" lon="80.2336072">
      </trkpt>
      <trkpt lat="15.6832944" lon="80.2324326">
      </trkpt>
      <trkpt lat="15.6822952" lon="80.231883">
      </trkpt>
      <trkpt lat="15.6815412" lon="80.2314655">
      </trkpt>
      <trkpt lat="15.6807418" lon="80.2309748">
      </trkpt>
      <trkpt lat="15.6796631" lon="80.2302754">
      </trkpt>
      <trkpt lat="15.678551" lon="80.2294994">
      </trkpt>
      <trkpt lat="15.6779514" lon="80.2290324">
      </trkpt>
      <trkpt lat="15.6770748" lon="80.2282516">
      </trkpt>
      <trkpt lat="15.6765411" lon="80.2277232">
      </trkpt>
      <trkpt lat="15.6759779" lon="80.2270981">
      </trkpt>
      <trkpt lat="15.6750853" lon="80.2259376">
      </trkpt>
      <trkpt lat="15.6742541" lon="80.2248054">
      </trkpt>
      <trkpt lat="15.6734592" lon="80.223659">
      </trkpt>
      <trkpt lat="15.6731254" lon="80.2230481">
      </trkpt>
      <trkpt lat="15.6724259" lon="80.2215644">
      </trkpt>
      <trkpt lat="15.6718195" lon="80.220326">
      </trkpt>
      <trkpt lat="15.6714652" lon="80.219734">
      </trkpt>
      <trkpt lat="15.6710292" lon="80.2191113">
      </trkpt>
      <trkpt lat="15.6705977" lon="80.2185687">
      </trkpt>
      <trkpt lat="15.6700776" lon="80.2180097">
      </trkpt>
      <trkpt lat="15.6694598" lon="80.2173469">
      </trkpt>
      <trkpt lat="15.6680585" lon="80.2158986">
      </trkpt>
      <trkpt lat="15.6673181" lon="80.2151037">
      </trkpt>
      <trkpt lat="15.6665232" lon="80.2142852">
      </trkpt>
      <trkpt lat="15.666203" lon="80.2138818">
      </trkpt>
      <trkpt lat="15.6658033" lon="80.2133346">
      </trkpt>
      <trkpt lat="15.6653218" lon="80.2126765">
      </trkpt>
      <trkpt lat="15.6651514" lon="80.2124477">
      </trkpt>
      <trkpt lat="15.6647154" lon="80.2118438">
      </trkpt>
      <trkpt lat="15.6642713" lon="80.2112514">
      </trkpt>
      <trkpt lat="15.6635309" lon="80.2100909">
      </trkpt>
      <trkpt lat="15.6628349" lon="80.2089556">
      </trkpt>
      <trkpt lat="15.6623407" lon="80.2081866">
      </trkpt>
      <trkpt lat="15.661491" lon="80.2070014">
      </trkpt>
      <trkpt lat="15.6613217" lon="80.2067779">
      </trkpt>
      <trkpt lat="15.6609005" lon="80.206187">
      </trkpt>
      <trkpt lat="15.6604724" lon="80.2056647">
      </trkpt>
      <trkpt lat="15.6600039" lon="80.2051896">
      </trkpt>
      <trkpt lat="15.6588762" lon="80.2040525">
      </trkpt>
      <trkpt lat="15.6584025" lon="80.2034972">
      </trkpt>
      <trkpt lat="15.6579497" lon="80.2029076">
      </trkpt>
      <trkpt lat="15.6576445" lon="80.2024833">
      </trkpt>
      <trkpt lat="15.6572757" lon="80.2019674">
      </trkpt>
      <trkpt lat="15.6570178" lon="80.2015908">
      </trkpt>
      <trkpt lat="15.6565061" lon="80.2008122">
      </trkpt>
      <trkpt lat="15.6560646" lon="80.2002112">
      </trkpt>
      <trkpt lat="15.654212" lon="80.197714">
      </trkpt>
      <trkpt lat="15.6538178" lon="80.1972198">
      </trkpt>
      <trkpt lat="15.6531981" lon="80.196515">
      </trkpt>
      <trkpt lat="15.6529469" lon="80.1962395">
      </trkpt>
      <trkpt lat="15.6526278" lon="80.1959088">
      </trkpt>
      <trkpt lat="15.6522661" lon="80.1955719">
      </trkpt>
      <trkpt lat="15.6519417" lon="80.1952691">
      </trkpt>
      <trkpt lat="15.6513432" lon="80.1947612">
      </trkpt>
      <trkpt lat="15.6499207" lon="80.19363">
      </trkpt>
      <trkpt lat="15.645736" lon="80.1902988">
      </trkpt>
      <trkpt lat="15.6451876" lon="80.1898623">
      </trkpt>
      <trkpt lat="15.6447106" lon="80.1894679">
      </trkpt>
      <trkpt lat="15.6443608" lon="80.1891608">
      </trkpt>
      <trkpt lat="15.6436442" lon="80.1885819">
      </trkpt>
      <trkpt lat="15.6412348" lon="80.1866696">
      </trkpt>
      <trkpt lat="15.6408151" lon="80.1863414">
      </trkpt>
      <trkpt lat="15.6403158" lon="80.1859065">
      </trkpt>
      <trkpt lat="15.6278967" lon="80.1761204">
      </trkpt>
      <trkpt lat="15.6230369" lon="80.1722211">
      </trkpt>
      <trkpt lat="15.6213879" lon="80.1708961">
      </trkpt>
      <trkpt lat="15.6188165" lon="80.1689135">
      </trkpt>
      <trkpt lat="15.6171913" lon="80.1676567">
      </trkpt>
      <trkpt lat="15.6151561" lon="80.1659847">
      </trkpt>
      <trkpt lat="15.6122148" lon="80.1636777">
      </trkpt>
      <trkpt lat="15.6090503" lon="80.1611086">
      </trkpt>
      <trkpt lat="15.6089603" lon="80.161034">
      </trkpt>
      <trkpt lat="15.60845" lon="80.1606109">
      </trkpt>
      <trkpt lat="15.605404" lon="80.1577805">
      </trkpt>
      <trkpt lat="15.6038137" lon="80.1561497">
      </trkpt>
      <trkpt lat="15.603628" lon="80.1559592">
      </trkpt>
      <trkpt lat="15.6028222" lon="80.1551328">
      </trkpt>
      <trkpt lat="15.5984744" lon="80.15048">
      </trkpt>
      <trkpt lat="15.5964855" lon="80.1484427">
      </trkpt>
      <trkpt lat="15.5950271" lon="80.1470867">
      </trkpt>
      <trkpt lat="15.5937869" lon="80.1458835">
      </trkpt>
      <trkpt lat="15.5930714" lon="80.1451893">
      </trkpt>
      <trkpt lat="15.5894608" lon="80.1415148">
      </trkpt>
      <trkpt lat="15.5888148" lon="80.1408702">
      </trkpt>
      <trkpt lat="15.5861609" lon="80.1381499">
      </trkpt>
      <trkpt lat="15.5830528" lon="80.1349621">
      </trkpt>
      <trkpt lat="15.5819254" lon="80.1338163">
      </trkpt>
      <trkpt lat="15.580165" lon="80.1320273">
      </trkpt>
      <trkpt lat="15.5793843" lon="80.1312363">
      </trkpt>
      <trkpt lat="15.5791536" lon="80.1310026">
      </trkpt>
      <trkpt lat="15.5772396" lon="80.1290634">
      </trkpt>
      <trkpt lat="15.5762413" lon="80.1280195">
      </trkpt>
      <trkpt lat="15.5756645" lon="80.127431">
      </trkpt>
      <trkpt lat="15.5736721" lon="80.1253937">
      </trkpt>
      <trkpt lat="15.5716798" lon="80.1233805">
      </trkpt>
      <trkpt lat="15.5699294" lon="80.1215634">
      </trkpt>
      <trkpt lat="15.5690277" lon="80.1207478">
      </trkpt>
      <trkpt lat="15.5683713" lon="80.1202695">
      </trkpt>
      <trkpt lat="15.5680166" lon="80.1200905">
      </trkpt>
      <trkpt lat="15.567201" lon="80.1196638">
      </trkpt>
      <trkpt lat="15.564696" lon="80.1185381">
      </trkpt>
      <trkpt lat="15.5623417" lon="80.1175063">
      </trkpt>
      <trkpt lat="15.5612772" lon="80.1170203">
      </trkpt>
      <trkpt lat="15.5533799" lon="80.1134911">
      </trkpt>
      <trkpt lat="15.5496887" lon="80.1118411">
      </trkpt>
      <trkpt lat="15.5479035" lon="80.111043">
      </trkpt>
      <trkpt lat="15.5459355" lon="80.110094">
      </trkpt>
      <trkpt lat="15.5450257" lon="80.1096553">
      </trkpt>
      <trkpt lat="15.5435768" lon="80.1087005">
      </trkpt>
      <trkpt lat="15.5423567" lon="80.1078057">
      </trkpt>
      <trkpt lat="15.5411166" lon="80.1066081">
      </trkpt>
      <trkpt lat="15.5400822" lon="80.1052866">
      </trkpt>
      <trkpt lat="15.5400332" lon="80.1052184">
      </trkpt>
      <trkpt lat="15.5398204" lon="80.1049223">
      </trkpt>
      <trkpt lat="15.5389934" lon="80.1037715">
      </trkpt>
      <trkpt lat="15.5352999" lon="80.0982096">
      </trkpt>
      <trkpt lat="15.5351985" lon="80.0980578">
      </trkpt>
      <trkpt lat="15.5315974" lon="80.0926928">
      </trkpt>
      <trkpt lat="15.5306193" lon="80.0912141">
      </trkpt>
      <trkpt lat="15.5295648" lon="80.0896282">
      </trkpt>
      <trkpt lat="15.5276835" lon="80.086823">
      </trkpt>
      <trkpt lat="15.5217121" lon="80.0779724">
      </trkpt>
      <trkpt lat="15.5215193" lon="80.0776863">
      </trkpt>
      <trkpt lat="15.5186398" lon="80.0733798">
      </trkpt>
      <trkpt lat="15.5181955" lon="80.0727208">
      </trkpt>
      <trkpt lat="15.517655" lon="80.0719895">
      </trkpt>
      <trkpt lat="15.5168807" lon="80.0710672">
      </trkpt>
      <trkpt lat="15.5161636" lon="80.0703326">
      </trkpt>
      <trkpt lat="15.5160539" lon="80.070233">
      </trkpt>
      <trkpt lat="15.5159058" lon="80.0701122">
      </trkpt>
      <trkpt lat="15.5148497" lon="80.069202">
      </trkpt>
      <trkpt lat="15.5135232" lon="80.0682425">
      </trkpt>
      <trkpt lat="15.5081054" lon="80.0645079">
      </trkpt>
      <trkpt lat="15.5072265" lon="80.0639237">
      </trkpt>
      <trkpt lat="15.5049133" lon="80.062303">
      </trkpt>
      <trkpt lat="15.5030136" lon="80.0609833">
      </trkpt>
      <trkpt lat="15.5025606" lon="80.0606693">
      </trkpt>
      <trkpt lat="15.5005672" lon="80.0592641">
      </trkpt>
      <trkpt lat="15.5003287" lon="80.059096">
      </trkpt>
      <trkpt lat="15.4993592" lon="80.0584118">
      </trkpt>
      <trkpt lat="15.4980898" lon="80.0575322">
      </trkpt>
      <trkpt lat="15.4967729" lon="80.0566161">
      </trkpt>
      <trkpt lat="15.4961617" lon="80.0562011">
      </trkpt>
      <trkpt lat="15.4960602" lon="80.0561315">
      </trkpt>
      <trkpt lat="15.4957977" lon="80.0559517">
      </trkpt>
      <trkpt lat="15.495634" lon="80.0558381">
      </trkpt>
      <trkpt lat="15.4947019" lon="80.0551798">
      </trkpt>
      <trkpt lat="15.4946576" lon="80.0551485">
      </trkpt>
      <trkpt lat="15.4939898" lon="80.0547205">
      </trkpt>
      <trkpt lat="15.4932049" lon="80.0541687">
      </trkpt>
      <trkpt lat="15.4926689" lon="80.0538314">
      </trkpt>
      <trkpt lat="15.49231" lon="80.0536203">
      </trkpt>
      <trkpt lat="15.4917893" lon="80.0533673">
      </trkpt>
      <trkpt lat="15.4911407" lon="80.0531206">
      </trkpt>
      <trkpt lat="15.490557" lon="80.0529469">
      </trkpt>
      <trkpt lat="15.4898782" lon="80.0527999">
      </trkpt>
      <trkpt lat="15.4891662" lon="80.052739">
      </trkpt>
      <trkpt lat="15.48842" lon="80.0527218">
      </trkpt>
      <trkpt lat="15.4845663" lon="80.0528973">
      </trkpt>
      <trkpt lat="15.4730713" lon="80.0534057">
      </trkpt>
      <trkpt lat="15.4729571" lon="80.0534108">
      </trkpt>
      <trkpt lat="15.4729273" lon="80.0534121">
      </trkpt>
      <trkpt lat="15.4725253" lon="80.0534299">
      </trkpt>
      <trkpt lat="15.4638194" lon="80.053824">
      </trkpt>
      <trkpt lat="15.4633691" lon="80.0538444">
      </trkpt>
      <trkpt lat="15.4625469" lon="80.0538816">
      </trkpt>
      <trkpt lat="15.4617498" lon="80.0539173">
      </trkpt>
      <trkpt lat="15.4616628" lon="80.0539212">
      </trkpt>
      <trkpt lat="15.4586361" lon="80.0540568">
      </trkpt>
      <trkpt lat="15.4577143" lon="80.0540566">
      </trkpt>
      <trkpt lat="15.4572109" lon="80.0540312">
      </trkpt>
      <trkpt lat="15.4565898" lon="80.0539951">
      </trkpt>
      <trkpt lat="15.4559546" lon="80.0539274">
      </trkpt>
      <trkpt lat="15.4378034" lon="80.0509995">
      </trkpt>
      <trkpt lat="15.4367493" lon="80.0508262">
      </trkpt>
      <trkpt lat="15.4288394" lon="80.049539">
      </trkpt>
      <trkpt lat="15.4176667" lon="80.0477255">
      </trkpt>
      <trkpt lat="15.414774" lon="80.047223">
      </trkpt>
      <trkpt lat="15.4117006" lon="80.0467341">
      </trkpt>
      <trkpt lat="15.4110114" lon="80.0466103">
      </trkpt>
      <trkpt lat="15.4097204" lon="80.0463928">
      </trkpt>
      <trkpt lat="15.4081306" lon="80.0461506">
      </trkpt>
      <trkpt lat="15.4037585" lon="80.0454214">
      </trkpt>
      <trkpt lat="15.4006767" lon="80.0449714">
      </trkpt>
      <trkpt lat="15.3948927" lon="80.0440076">
      </trkpt>
      <trkpt lat="15.393024" lon="80.0437109">
      </trkpt>
      <trkpt lat="15.3909232" lon="80.0433733">
      </trkpt>
      <trkpt lat="15.3897336" lon="80.0432539">
      </trkpt>
      <trkpt lat="15.3893483" lon="80.0432298">
      </trkpt>
      <trkpt lat="15.3886209" lon="80.0432237">
      </trkpt>
      <trkpt lat="15.3877885" lon="80.0432851">
      </trkpt>
      <trkpt lat="15.3861838" lon="80.043481">
      </trkpt>
      <trkpt lat="15.3856125" lon="80.0435663">
      </trkpt>
      <trkpt lat="15.3853386" lon="80.0435992">
      </trkpt>
      <trkpt lat="15.3842833" lon="80.0438728">
      </trkpt>
      <trkpt lat="15.3833659" lon="80.0441866">
      </trkpt>
      <trkpt lat="15.3827197" lon="80.0444251">
      </trkpt>
      <trkpt lat="15.382071" lon="80.0446511">
      </trkpt>
      <trkpt lat="15.3805498" lon="80.0452768">
      </trkpt>
      <trkpt lat="15.3780079" lon="80.0462048">
      </trkpt>
      <trkpt lat="15.3753697" lon="80.0471258">
      </trkpt>
      <trkpt lat="15.3737842" lon="80.0476982">
      </trkpt>
      <trkpt lat="15.3731634" lon="80.0479109">
      </trkpt>
      <trkpt lat="15.3722802" lon="80.0481452">
      </trkpt>
      <trkpt lat="15.3716366" lon="80.048241">
      </trkpt>
      <trkpt lat="15.3711539" lon="80.0482765">
      </trkpt>
      <trkpt lat="15.3708184" lon="80.0482801">
      </trkpt>
      <trkpt lat="15.3701543" lon="80.0482623">
      </trkpt>
      <trkpt lat="15.3694012" lon="80.0481736">
      </trkpt>
      <trkpt lat="15.3687131" lon="80.047989">
      </trkpt>
      <trkpt lat="15.3680353" lon="80.0477617">
      </trkpt>
      <trkpt lat="15.3666522" lon="80.0471369">
      </trkpt>
      <trkpt lat="15.362883" lon="80.0453866">
      </trkpt>
      <trkpt lat="15.3548823" lon="80.0415416">
      </trkpt>
      <trkpt lat="15.3544714" lon="80.0413392">
      </trkpt>
      <trkpt lat="15.350621" lon="80.0396836">
      </trkpt>
      <trkpt lat="15.3482164" lon="80.0385416">
      </trkpt>
      <trkpt lat="15.3479494" lon="80.0384102">
      </trkpt>
      <trkpt lat="15.3456795" lon="80.0373629">
      </trkpt>
      <trkpt lat="15.3452447" lon="80.0371428">
      </trkpt>
      <trkpt lat="15.3442689" lon="80.0366954">
      </trkpt>
      <trkpt lat="15.34149" lon="80.035407">
      </trkpt>
      <trkpt lat="15.3386573" lon="80.034093">
      </trkpt>
      <trkpt lat="15.3362469" lon="80.0329782">
      </trkpt>
      <trkpt lat="15.3321895" lon="80.0310469">
      </trkpt>
      <trkpt lat="15.3312497" lon="80.0306741">
      </trkpt>
      <trkpt lat="15.330412" lon="80.0303829">
      </trkpt>
      <trkpt lat="15.3294842" lon="80.0301444">
      </trkpt>
      <trkpt lat="15.3289472" lon="80.0300063">
      </trkpt>
      <trkpt lat="15.3283933" lon="80.0299103">
      </trkpt>
      <trkpt lat="15.3280514" lon="80.0298683">
      </trkpt>
      <trkpt lat="15.3272645" lon="80.0297729">
      </trkpt>
      <trkpt lat="15.3266229" lon="80.0297051">
      </trkpt>
      <trkpt lat="15.3254511" lon="80.0297101">
      </trkpt>
      <trkpt lat="15.3248143" lon="80.0297377">
      </trkpt>
      <trkpt lat="15.3241412" lon="80.0297854">
      </trkpt>
      <trkpt lat="15.3230735" lon="80.0299662">
      </trkpt>
      <trkpt lat="15.3226667" lon="80.0300214">
      </trkpt>
      <trkpt lat="15.3218895" lon="80.0301946">
      </trkpt>
      <trkpt lat="15.3203554" lon="80.0307117">
      </trkpt>
      <trkpt lat="15.3163276" lon="80.0320781">
      </trkpt>
      <trkpt lat="15.3148049" lon="80.0325745">
      </trkpt>
      <trkpt lat="15.3138654" lon="80.0328808">
      </trkpt>
      <trkpt lat="15.3124272" lon="80.0333578">
      </trkpt>
      <trkpt lat="15.3117492" lon="80.0335084">
      </trkpt>
      <trkpt lat="15.3111245" lon="80.0336415">
      </trkpt>
      <trkpt lat="15.3105845" lon="80.0337218">
      </trkpt>
      <trkpt lat="15.3098339" lon="80.0338147">
      </trkpt>
      <trkpt lat="15.3089549" lon="80.0338674">
      </trkpt>
      <trkpt lat="15.3080445" lon="80.0338699">
      </trkpt>
      <trkpt lat="15.3072527" lon="80.0338398">
      </trkpt>
      <trkpt lat="15.3066183" lon="80.033772">
      </trkpt>
      <trkpt lat="15.3048507" lon="80.0335461">
      </trkpt>
      <trkpt lat="15.3030903" lon="80.0332197">
      </trkpt>
      <trkpt lat="15.3012209" lon="80.032813">
      </trkpt>
      <trkpt lat="15.3006471" lon="80.032695">
      </trkpt>
      <trkpt lat="15.3000054" lon="80.0326021">
      </trkpt>
      <trkpt lat="15.2987825" lon="80.0324189">
      </trkpt>
      <trkpt lat="15.2981965" lon="80.032336">
      </trkpt>
      <trkpt lat="15.2966831" lon="80.0321402">
      </trkpt>
      <trkpt lat="15.2955038" lon="80.0320398">
      </trkpt>
      <trkpt lat="15.2928449" lon="80.0318942">
      </trkpt>
      <trkpt lat="15.2921887" lon="80.0317862">
      </trkpt>
      <trkpt lat="15.2905493" lon="80.0315628">
      </trkpt>
      <trkpt lat="15.2888445" lon="80.0313243">
      </trkpt>
      <trkpt lat="15.2861129" lon="80.0309327">
      </trkpt>
      <trkpt lat="15.284425" lon="80.0307042">
      </trkpt>
      <trkpt lat="15.2828509" lon="80.0305084">
      </trkpt>
      <trkpt lat="15.2811994" lon="80.0302775">
      </trkpt>
      <trkpt lat="15.2797924" lon="80.0300992">
      </trkpt>
      <trkpt lat="15.2781311" lon="80.0298532">
      </trkpt>
      <trkpt lat="15.2752883" lon="80.0294628">
      </trkpt>
      <trkpt lat="15.2711073" lon="80.0289184">
      </trkpt>
      <trkpt lat="15.2649006" lon="80.0280649">
      </trkpt>
      <trkpt lat="15.2614371" lon="80.0275725">
      </trkpt>
      <trkpt lat="15.260277" lon="80.0273993">
      </trkpt>
      <trkpt lat="15.2592961" lon="80.0272864">
      </trkpt>
      <trkpt lat="15.2587854" lon="80.0272202">
      </trkpt>
      <trkpt lat="15.2580948" lon="80.0271307">
      </trkpt>
      <trkpt lat="15.2574012" lon="80.0270371">
      </trkpt>
      <trkpt lat="15.2567361" lon="80.0269474">
      </trkpt>
      <trkpt lat="15.255329" lon="80.0267642">
      </trkpt>
      <trkpt lat="15.2538758" lon="80.0265533">
      </trkpt>
      <trkpt lat="15.252362" lon="80.0263424">
      </trkpt>
      <trkpt lat="15.2506981" lon="80.026129">
      </trkpt>
      <trkpt lat="15.2502306" lon="80.0260536">
      </trkpt>
      <trkpt lat="15.2492981" lon="80.0259031">
      </trkpt>
      <trkpt lat="15.2487686" lon="80.0258268">
      </trkpt>
      <trkpt lat="15.2477989" lon="80.0256872">
      </trkpt>
      <trkpt lat="15.2467234" lon="80.025509">
      </trkpt>
      <trkpt lat="15.246147" lon="80.025406">
      </trkpt>
      <trkpt lat="15.2458851" lon="80.0253544">
      </trkpt>
      <trkpt lat="15.245166" lon="80.0252127">
      </trkpt>
      <trkpt lat="15.2438775" lon="80.024924">
      </trkpt>
      <trkpt lat="15.2426906" lon="80.0246705">
      </trkpt>
      <trkpt lat="15.2411553" lon="80.0243295">
      </trkpt>
      <trkpt lat="15.2370279" lon="80.0234433">
      </trkpt>
      <trkpt lat="15.2345009" lon="80.0229022">
      </trkpt>
      <trkpt lat="15.2309771" lon="80.0221429">
      </trkpt>
      <trkpt lat="15.2280777" lon="80.0215203">
      </trkpt>
      <trkpt lat="15.2266999" lon="80.021213">
      </trkpt>
      <trkpt lat="15.2245424" lon="80.0207461">
      </trkpt>
      <trkpt lat="15.2222717" lon="80.0202498">
      </trkpt>
      <trkpt lat="15.2205612" lon="80.0198688">
      </trkpt>
      <trkpt lat="15.219485" lon="80.0196454">
      </trkpt>
      <trkpt lat="15.2182356" lon="80.019378">
      </trkpt>
      <trkpt lat="15.2159896" lon="80.0189019">
      </trkpt>
      <trkpt lat="15.214378" lon="80.0185437">
      </trkpt>
      <trkpt lat="15.2137807" lon="80.0183844">
      </trkpt>
      <trkpt lat="15.2132629" lon="80.0181921">
      </trkpt>
      <trkpt lat="15.2126002" lon="80.0179046">
      </trkpt>
      <trkpt lat="15.2117997" lon="80.01752">
      </trkpt>
      <trkpt lat="15.2101492" lon="80.0166666">
      </trkpt>
      <trkpt lat="15.2095784" lon="80.0163736">
      </trkpt>
      <trkpt lat="15.2091227" lon="80.0161449">
      </trkpt>
      <trkpt lat="15.2087953" lon="80.0159973">
      </trkpt>
      <trkpt lat="15.2083804" lon="80.0158367">
      </trkpt>
      <trkpt lat="15.2077106" lon="80.0156451">
      </trkpt>
      <trkpt lat="15.2069384" lon="80.0155078">
      </trkpt>
      <trkpt lat="15.2063636" lon="80.0154431">
      </trkpt>
      <trkpt lat="15.2057138" lon="80.0154249">
      </trkpt>
      <trkpt lat="15.204809" lon="80.0154871">
      </trkpt>
      <trkpt lat="15.2035119" lon="80.01557">
      </trkpt>
      <trkpt lat="15.2019274" lon="80.0155052">
      </trkpt>
      <trkpt lat="15.2011177" lon="80.0154581">
      </trkpt>
      <trkpt lat="15.2010571" lon="80.0154546">
      </trkpt>
      <trkpt lat="15.200978" lon="80.0154498">
      </trkpt>
      <trkpt lat="15.2005278" lon="80.0154223">
      </trkpt>
      <trkpt lat="15.1975436" lon="80.0152307">
      </trkpt>
      <trkpt lat="15.1915199" lon="80.0148811">
      </trkpt>
      <trkpt lat="15.1902096" lon="80.0147978">
      </trkpt>
      <trkpt lat="15.1892357" lon="80.0147209">
      </trkpt>
      <trkpt lat="15.1883185" lon="80.0146128">
      </trkpt>
      <trkpt lat="15.1873447" lon="80.0144773">
      </trkpt>
      <trkpt lat="15.1864168" lon="80.0143784">
      </trkpt>
      <trkpt lat="15.1850746" lon="80.01429">
      </trkpt>
      <trkpt lat="15.1809025" lon="80.0140621">
      </trkpt>
      <trkpt lat="15.1784703" lon="80.0139304">
      </trkpt>
      <trkpt lat="15.1764631" lon="80.0138112">
      </trkpt>
      <trkpt lat="15.1725966" lon="80.0135732">
      </trkpt>
      <trkpt lat="15.1707977" lon="80.0134924">
      </trkpt>
      <trkpt lat="15.1670594" lon="80.0132489">
      </trkpt>
      <trkpt lat="15.1648042" lon="80.013114">
      </trkpt>
      <trkpt lat="15.1636359" lon="80.0130413">
      </trkpt>
      <trkpt lat="15.1635519" lon="80.0130361">
      </trkpt>
      <trkpt lat="15.1627437" lon="80.0129862">
      </trkpt>
      <trkpt lat="15.161344" lon="80.0128527">
      </trkpt>
      <trkpt lat="15.1597765" lon="80.012774">
      </trkpt>
      <trkpt lat="15.1580866" lon="80.0126704">
      </trkpt>
      <trkpt lat="15.1565618" lon="80.0126184">
      </trkpt>
      <trkpt lat="15.1535604" lon="80.0123992">
      </trkpt>
      <trkpt lat="15.1492467" lon="80.0121201">
      </trkpt>
      <trkpt lat="15.1345679" lon="80.0112173">
      </trkpt>
      <trkpt lat="15.1326587" lon="80.0111244">
      </trkpt>
      <trkpt lat="15.12744" lon="80.0107831">
      </trkpt>
      <trkpt lat="15.1256114" lon="80.0105487">
      </trkpt>
      <trkpt lat="15.1222993" lon="80.0103773">
      </trkpt>
      <trkpt lat="15.1211154" lon="80.0103299">
      </trkpt>
      <trkpt lat="15.1168777" lon="80.0100917">
      </trkpt>
      <trkpt lat="15.1127919" lon="80.0097991">
      </trkpt>
      <trkpt lat="15.1112711" lon="80.0097305">
      </trkpt>
      <trkpt lat="15.1108344" lon="80.0097476">
      </trkpt>
      <trkpt lat="15.1081569" lon="80.009635">
      </trkpt>
      <trkpt lat="15.100044" lon="80.0091538">
      </trkpt>
      <trkpt lat="15.0917797" lon="80.0086409">
      </trkpt>
      <trkpt lat="15.0856097" lon="80.0082671">
      </trkpt>
      <trkpt lat="15.0822616" lon="80.0080447">
      </trkpt>
      <trkpt lat="15.0799784" lon="80.0079361">
      </trkpt>
      <trkpt lat="15.0782833" lon="80.0078233">
      </trkpt>
      <trkpt lat="15.0516688" lon="80.006207">
      </trkpt>
      <trkpt lat="15.0488673" lon="80.0060184">
      </trkpt>
      <trkpt lat="15.0440532" lon="80.0057834">
      </trkpt>
      <trkpt lat="15.0423385" lon="80.0056869">
      </trkpt>
      <trkpt lat="15.0399609" lon="80.0055277">
      </trkpt>
      <trkpt lat="15.03905" lon="80.0054656">
      </trkpt>
      <trkpt lat="15.0375243" lon="80.0052148">
      </trkpt>
      <trkpt lat="15.0364234" lon="80.0049345">
      </trkpt>
      <trkpt lat="15.0356986" lon="80.0047207">
      </trkpt>
      <trkpt lat="15.0342977" lon="80.0042649">
      </trkpt>
      <trkpt lat="15.0267281" lon="80.0013749">
      </trkpt>
      <trkpt lat="15.0237023" lon="80.0001776">
      </trkpt>
      <trkpt lat="15.0197641" lon="79.9987242">
      </trkpt>
      <trkpt lat="15.0086153" lon="79.994498">
      </trkpt>
      <trkpt lat="15.0040102" lon="79.9927935">
      </trkpt>
      <trkpt lat="15.0027019" lon="79.9923241">
      </trkpt>
      <trkpt lat="15.0018282" lon="79.9920542">
      </trkpt>
      <trkpt lat="15.0009609" lon="79.9918507">
      </trkpt>
      <trkpt lat="14.9999077" lon="79.9916951">
      </trkpt>
      <trkpt lat="14.9990812" lon="79.9916053">
      </trkpt>
      <trkpt lat="14.9982144" lon="79.9915761">
      </trkpt>
      <trkpt lat="14.9972365" lon="79.9915852">
      </trkpt>
      <trkpt lat="14.9932885" lon="79.9917887">
      </trkpt>
      <trkpt lat="14.9876215" lon="79.9920769">
      </trkpt>
      <trkpt lat="14.9725274" lon="79.9928232">
      </trkpt>
      <trkpt lat="14.9720026" lon="79.9928477">
      </trkpt>
      <trkpt lat="14.9681654" lon="79.9930436">
      </trkpt>
      <trkpt lat="14.9615925" lon="79.9933891">
      </trkpt>
      <trkpt lat="14.9607946" lon="79.9934095">
      </trkpt>
      <trkpt lat="14.9601407" lon="79.9934353">
      </trkpt>
      <trkpt lat="14.959539" lon="79.9934278">
      </trkpt>
      <trkpt lat="14.9591075" lon="79.9934023">
      </trkpt>
      <trkpt lat="14.9585245" lon="79.9933407">
      </trkpt>
      <trkpt lat="14.9556901" lon="79.9930264">
      </trkpt>
      <trkpt lat="14.9433101" lon="79.9916127">
      </trkpt>
      <trkpt lat="14.937071" lon="79.9908995">
      </trkpt>
      <trkpt lat="14.9211768" lon="79.9890911">
      </trkpt>
      <trkpt lat="14.9200108" lon="79.9889593">
      </trkpt>
      <trkpt lat="14.9137159" lon="79.9882418">
      </trkpt>
      <trkpt lat="14.9108947" lon="79.9879186">
      </trkpt>
      <trkpt lat="14.9092897" lon="79.9877347">
      </trkpt>
      <trkpt lat="14.9036048" lon="79.9870868">
      </trkpt>
      <trkpt lat="14.886467" lon="79.9851457">
      </trkpt>
      <trkpt lat="14.8725569" lon="79.983557">
      </trkpt>
      <trkpt lat="14.8718173" lon="79.9834763">
      </trkpt>
      <trkpt lat="14.8712224" lon="79.9834101">
      </trkpt>
      <trkpt lat="14.8706207" lon="79.9833714">
      </trkpt>
      <trkpt lat="14.8691571" lon="79.9833416">
      </trkpt>
      <trkpt lat="14.8688349" lon="79.9833311">
      </trkpt>
      <trkpt lat="14.8687137" lon="79.9833269">
      </trkpt>
      <trkpt lat="14.8573059" lon="79.9829297">
      </trkpt>
      <trkpt lat="14.8569927" lon="79.9828955">
      </trkpt>
      <trkpt lat="14.856417" lon="79.9828745">
      </trkpt>
      <trkpt lat="14.8461953" lon="79.9826388">
      </trkpt>
      <trkpt lat="14.8454748" lon="79.9826234">
      </trkpt>
      <trkpt lat="14.8437842" lon="79.9826033">
      </trkpt>
      <trkpt lat="14.8419887" lon="79.9825666">
      </trkpt>
      <trkpt lat="14.8419076" lon="79.9825649">
      </trkpt>
      <trkpt lat="14.8343154" lon="79.9824096">
      </trkpt>
      <trkpt lat="14.83186" lon="79.982476">
      </trkpt>
      <trkpt lat="14.8306474" lon="79.982539">
      </trkpt>
      <trkpt lat="14.8270188" lon="79.982453">
      </trkpt>
      <trkpt lat="14.8253164" lon="79.9824276">
      </trkpt>
      <trkpt lat="14.8198147" lon="79.9822908">
      </trkpt>
      <trkpt lat="14.8152913" lon="79.9822024">
      </trkpt>
      <trkpt lat="14.8048876" lon="79.9820077">
      </trkpt>
      <trkpt lat="14.7991387" lon="79.9818868">
      </trkpt>
      <trkpt lat="14.7937629" lon="79.9817554">
      </trkpt>
      <trkpt lat="14.7922841" lon="79.9817457">
      </trkpt>
      <trkpt lat="14.7917916" lon="79.9817549">
      </trkpt>
      <trkpt lat="14.7910266" lon="79.981803">
      </trkpt>
      <trkpt lat="14.7887224" lon="79.9819788">
      </trkpt>
      <trkpt lat="14.7847311" lon="79.9823553">
      </trkpt>
      <trkpt lat="14.7841744" lon="79.9824023">
      </trkpt>
      <trkpt lat="14.7839068" lon="79.9824247">
      </trkpt>
      <trkpt lat="14.7789312" lon="79.982886">
      </trkpt>
      <trkpt lat="14.7785102" lon="79.982925">
      </trkpt>
      <trkpt lat="14.7760064" lon="79.9830313">
      </trkpt>
      <trkpt lat="14.7753355" lon="79.9830598">
      </trkpt>
      <trkpt lat="14.7736849" lon="79.9831915">
      </trkpt>
      <trkpt lat="14.7733219" lon="79.9832149">
      </trkpt>
      <trkpt lat="14.7727769" lon="79.9832158">
      </trkpt>
      <trkpt lat="14.772206" lon="79.9832033">
      </trkpt>
      <trkpt lat="14.7716847" lon="79.9832125">
      </trkpt>
      <trkpt lat="14.7714014" lon="79.9832168">
      </trkpt>
      <trkpt lat="14.7704026" lon="79.9833047">
      </trkpt>
      <trkpt lat="14.7687888" lon="79.9834492">
      </trkpt>
      <trkpt lat="14.7671838" lon="79.9835777">
      </trkpt>
      <trkpt lat="14.7664448" lon="79.9836527">
      </trkpt>
      <trkpt lat="14.7651824" lon="79.9838428">
      </trkpt>
      <trkpt lat="14.7636037" lon="79.984115">
      </trkpt>
      <trkpt lat="14.7626068" lon="79.9842107">
      </trkpt>
      <trkpt lat="14.7618825" lon="79.9842423">
      </trkpt>
      <trkpt lat="14.7615438" lon="79.9842864">
      </trkpt>
      <trkpt lat="14.7611563" lon="79.9843369">
      </trkpt>
      <trkpt lat="14.760694" lon="79.9843999">
      </trkpt>
      <trkpt lat="14.7604572" lon="79.9844443">
      </trkpt>
      <trkpt lat="14.7598899" lon="79.9845248">
      </trkpt>
      <trkpt lat="14.7552055" lon="79.9849673">
      </trkpt>
      <trkpt lat="14.747539" lon="79.9856707">
      </trkpt>
      <trkpt lat="14.7455517" lon="79.9858094">
      </trkpt>
      <trkpt lat="14.744257" lon="79.985949">
      </trkpt>
      <trkpt lat="14.7428997" lon="79.9860536">
      </trkpt>
      <trkpt lat="14.7415988" lon="79.9861662">
      </trkpt>
      <trkpt lat="14.7398958" lon="79.9863542">
      </trkpt>
      <trkpt lat="14.7367334" lon="79.9866343">
      </trkpt>
      <trkpt lat="14.7339921" lon="79.9868374">
      </trkpt>
      <trkpt lat="14.7310974" lon="79.9871023">
      </trkpt>
      <trkpt lat="14.7278742" lon="79.987381">
      </trkpt>
      <trkpt lat="14.7244969" lon="79.9876938">
      </trkpt>
      <trkpt lat="14.7219722" lon="79.9879156">
      </trkpt>
      <trkpt lat="14.7186567" lon="79.9882134">
      </trkpt>
      <trkpt lat="14.7150968" lon="79.9885958">
      </trkpt>
      <trkpt lat="14.7133888" lon="79.9887465">
      </trkpt>
      <trkpt lat="14.711645" lon="79.9889029">
      </trkpt>
      <trkpt lat="14.7099067" lon="79.9890479">
      </trkpt>
      <trkpt lat="14.7082393" lon="79.98922">
      </trkpt>
      <trkpt lat="14.7073018" lon="79.9892925">
      </trkpt>
      <trkpt lat="14.7048775" lon="79.9894298">
      </trkpt>
      <trkpt lat="14.7045059" lon="79.989448">
      </trkpt>
      <trkpt lat="14.7041042" lon="79.9894859">
      </trkpt>
      <trkpt lat="14.7022477" lon="79.9896764">
      </trkpt>
      <trkpt lat="14.6997723" lon="79.9898953">
      </trkpt>
      <trkpt lat="14.6975305" lon="79.9901058">
      </trkpt>
      <trkpt lat="14.6956525" lon="79.9902493">
      </trkpt>
      <trkpt lat="14.6939174" lon="79.990419">
      </trkpt>
      <trkpt lat="14.6927555" lon="79.990538">
      </trkpt>
      <trkpt lat="14.6909015" lon="79.9907001">
      </trkpt>
      <trkpt lat="14.6891876" lon="79.9908506">
      </trkpt>
      <trkpt lat="14.6876722" lon="79.9909987">
      </trkpt>
      <trkpt lat="14.6849545" lon="79.9912461">
      </trkpt>
      <trkpt lat="14.6832463" lon="79.9914195">
      </trkpt>
      <trkpt lat="14.6813565" lon="79.991593">
      </trkpt>
      <trkpt lat="14.6796455" lon="79.9917323">
      </trkpt>
      <trkpt lat="14.6770899" lon="79.9919882">
      </trkpt>
      <trkpt lat="14.6749608" lon="79.9921788">
      </trkpt>
      <trkpt lat="14.673159" lon="79.9923522">
      </trkpt>
      <trkpt lat="14.6695523" lon="79.9926599">
      </trkpt>
      <trkpt lat="14.668393" lon="79.9927624">
      </trkpt>
      <trkpt lat="14.6670858" lon="79.9929032">
      </trkpt>
      <trkpt lat="14.6660243" lon="79.9929667">
      </trkpt>
      <trkpt lat="14.6659287" lon="79.9929745">
      </trkpt>
      <trkpt lat="14.6618574" lon="79.9933513">
      </trkpt>
      <trkpt lat="14.6599899" lon="79.9935302">
      </trkpt>
      <trkpt lat="14.6581259" lon="79.9937155">
      </trkpt>
      <trkpt lat="14.6574061" lon="79.9937658">
      </trkpt>
      <trkpt lat="14.6516012" lon="79.9943127">
      </trkpt>
      <trkpt lat="14.649786" lon="79.9944669">
      </trkpt>
      <trkpt lat="14.6484147" lon="79.9946143">
      </trkpt>
      <trkpt lat="14.6447543" lon="79.9949063">
      </trkpt>
      <trkpt lat="14.6432769" lon="79.995067">
      </trkpt>
      <trkpt lat="14.6382343" lon="79.995564">
      </trkpt>
      <trkpt lat="14.6369128" lon="79.995692">
      </trkpt>
      <trkpt lat="14.6343189" lon="79.9959167">
      </trkpt>
      <trkpt lat="14.6297922" lon="79.9963489">
      </trkpt>
      <trkpt lat="14.62788" lon="79.9964911">
      </trkpt>
      <trkpt lat="14.6260557" lon="79.9966901">
      </trkpt>
      <trkpt lat="14.6243223" lon="79.9968352">
      </trkpt>
      <trkpt lat="14.622487" lon="79.9970257">
      </trkpt>
      <trkpt lat="14.6206958" lon="79.9971878">
      </trkpt>
      <trkpt lat="14.6188742" lon="79.9973726">
      </trkpt>
      <trkpt lat="14.6169839" lon="79.9975205">
      </trkpt>
      <trkpt lat="14.6155146" lon="79.9977057">
      </trkpt>
      <trkpt lat="14.6145407" lon="79.9978115">
      </trkpt>
      <trkpt lat="14.6133146" lon="79.9979229">
      </trkpt>
      <trkpt lat="14.6120695" lon="79.9979982">
      </trkpt>
      <trkpt lat="14.6114724" lon="79.9979811">
      </trkpt>
      <trkpt lat="14.6100608" lon="79.997856">
      </trkpt>
      <trkpt lat="14.6082083" lon="79.997657">
      </trkpt>
      <trkpt lat="14.6069042" lon="79.9975611">
      </trkpt>
      <trkpt lat="14.6032907" lon="79.9973131">
      </trkpt>
      <trkpt lat="14.6014039" lon="79.9971816">
      </trkpt>
      <trkpt lat="14.6001773" lon="79.9971072">
      </trkpt>
      <trkpt lat="14.5994513" lon="79.9970604">
      </trkpt>
      <trkpt lat="14.5990771" lon="79.9970362">
      </trkpt>
      <trkpt lat="14.5970064" lon="79.996892">
      </trkpt>
      <trkpt lat="14.5942994" lon="79.9968018">
      </trkpt>
      <trkpt lat="14.5908735" lon="79.9965779">
      </trkpt>
      <trkpt lat="14.5901222" lon="79.9965339">
      </trkpt>
      <trkpt lat="14.5883499" lon="79.9964286">
      </trkpt>
      <trkpt lat="14.5880806" lon="79.9964096">
      </trkpt>
      <trkpt lat="14.5846566" lon="79.9961684">
      </trkpt>
      <trkpt lat="14.5823139" lon="79.9959882">
      </trkpt>
      <trkpt lat="14.5796592" lon="79.9958139">
      </trkpt>
      <trkpt lat="14.5740063" lon="79.9954113">
      </trkpt>
      <trkpt lat="14.5711208" lon="79.9952083">
      </trkpt>
      <trkpt lat="14.5665702" lon="79.9949189">
      </trkpt>
      <trkpt lat="14.5642553" lon="79.9947584">
      </trkpt>
      <trkpt lat="14.5630292" lon="79.9946562">
      </trkpt>
      <trkpt lat="14.5606177" lon="79.9944793">
      </trkpt>
      <trkpt lat="14.5585264" lon="79.9943208">
      </trkpt>
      <trkpt lat="14.5563214" lon="79.9941664">
      </trkpt>
      <trkpt lat="14.5558214" lon="79.9941322">
      </trkpt>
      <trkpt lat="14.5555698" lon="79.9941196">
      </trkpt>
      <trkpt lat="14.5541812" lon="79.9940431">
      </trkpt>
      <trkpt lat="14.5508624" lon="79.993794">
      </trkpt>
      <trkpt lat="14.5474837" lon="79.9935898">
      </trkpt>
      <trkpt lat="14.5459626" lon="79.9934594">
      </trkpt>
      <trkpt lat="14.5444058" lon="79.9933879">
      </trkpt>
      <trkpt lat="14.5439152" lon="79.9933436">
      </trkpt>
      <trkpt lat="14.5436485" lon="79.9933356">
      </trkpt>
      <trkpt lat="14.5407816" lon="79.9931157">
      </trkpt>
      <trkpt lat="14.5404403" lon="79.9930987">
      </trkpt>
      <trkpt lat="14.5385878" lon="79.9929707">
      </trkpt>
      <trkpt lat="14.5364656" lon="79.9928035">
      </trkpt>
      <trkpt lat="14.5363648" lon="79.9927941">
      </trkpt>
      <trkpt lat="14.5362738" lon="79.9927856">
      </trkpt>
      <trkpt lat="14.5361785" lon="79.9927767">
      </trkpt>
      <trkpt lat="14.5327052" lon="79.9925563">
      </trkpt>
      <trkpt lat="14.5293146" lon="79.992315">
      </trkpt>
      <trkpt lat="14.5283678" lon="79.9922521">
      </trkpt>
      <trkpt lat="14.5267725" lon="79.9921461">
      </trkpt>
      <trkpt lat="14.5240474" lon="79.991941">
      </trkpt>
      <trkpt lat="14.5224707" lon="79.9918485">
      </trkpt>
      <trkpt lat="14.5214585" lon="79.9917842">
      </trkpt>
      <trkpt lat="14.5187957" lon="79.9915952">
      </trkpt>
      <trkpt lat="14.516234" lon="79.9914222">
      </trkpt>
      <trkpt lat="14.5135205" lon="79.9912246">
      </trkpt>
      <trkpt lat="14.5113066" lon="79.9910898">
      </trkpt>
      <trkpt lat="14.5085862" lon="79.9908703">
      </trkpt>
      <trkpt lat="14.5060088" lon="79.9907086">
      </trkpt>
      <trkpt lat="14.502687" lon="79.990517">
      </trkpt>
      <trkpt lat="14.5020045" lon="79.9904692">
      </trkpt>
      <trkpt lat="14.5016406" lon="79.9904437">
      </trkpt>
      <trkpt lat="14.5010749" lon="79.9903933">
      </trkpt>
      <trkpt lat="14.4998741" lon="79.9903098">
      </trkpt>
      <trkpt lat="14.4988737" lon="79.9902237">
      </trkpt>
      <trkpt lat="14.4964006" lon="79.9900833">
      </trkpt>
      <trkpt lat="14.4936724" lon="79.9899081">
      </trkpt>
      <trkpt lat="14.4924181" lon="79.9897948">
      </trkpt>
      <trkpt lat="14.492171" lon="79.9897835">
      </trkpt>
      <trkpt lat="14.4908584" lon="79.9896565">
      </trkpt>
      <trkpt lat="14.4877405" lon="79.9894063">
      </trkpt>
      <trkpt lat="14.4870953" lon="79.9893739">
      </trkpt>
      <trkpt lat="14.486999" lon="79.9893675">
      </trkpt>
      <trkpt lat="14.4868859" lon="79.9893601">
      </trkpt>
      <trkpt lat="14.4853849" lon="79.9892476">
      </trkpt>
      <trkpt lat="14.484684" lon="79.9891979">
      </trkpt>
      <trkpt lat="14.4843415" lon="79.9891827">
      </trkpt>
      <trkpt lat="14.4838319" lon="79.9891751">
      </trkpt>
      <trkpt lat="14.4832213" lon="79.9891817">
      </trkpt>
      <trkpt lat="14.4821757" lon="79.9892506">
      </trkpt>
      <trkpt lat="14.4808524" lon="79.9893149">
      </trkpt>
      <trkpt lat="14.4767074" lon="79.9895844">
      </trkpt>
      <trkpt lat="14.4752778" lon="79.9896574">
      </trkpt>
      <trkpt lat="14.4739467" lon="79.9897086">
      </trkpt>
      <trkpt lat="14.4730081" lon="79.9897649">
      </trkpt>
      <trkpt lat="14.4700948" lon="79.9899171">
      </trkpt>
      <trkpt lat="14.4685449" lon="79.9899961">
      </trkpt>
      <trkpt lat="14.4681184" lon="79.9900179">
      </trkpt>
      <trkpt lat="14.4677826" lon="79.9900282">
      </trkpt>
      <trkpt lat="14.4673424" lon="79.9900528">
      </trkpt>
      <trkpt lat="14.4669532" lon="79.9901075">
      </trkpt>
      <trkpt lat="14.4662394" lon="79.9901433">
      </trkpt>
      <trkpt lat="14.4657039" lon="79.9901649">
      </trkpt>
      <trkpt lat="14.4653676" lon="79.9901605">
      </trkpt>
      <trkpt lat="14.4650594" lon="79.9901564">
      </trkpt>
      <trkpt lat="14.4645994" lon="79.9900986">
      </trkpt>
      <trkpt lat="14.4634079" lon="79.9899253">
      </trkpt>
      <trkpt lat="14.4621086" lon="79.9897348">
      </trkpt>
      <trkpt lat="14.4606477" lon="79.989555">
      </trkpt>
      <trkpt lat="14.4594437" lon="79.9893881">
      </trkpt>
      <trkpt lat="14.4591857" lon="79.9893741">
      </trkpt>
      <trkpt lat="14.4586234" lon="79.9893244">
      </trkpt>
      <trkpt lat="14.4582828" lon="79.9893129">
      </trkpt>
      <trkpt lat="14.4577032" lon="79.9892311">
      </trkpt>
      <trkpt lat="14.4573953" lon="79.9891848">
      </trkpt>
      <trkpt lat="14.4571543" lon="79.989131">
      </trkpt>
      <trkpt lat="14.4569425" lon="79.9890864">
      </trkpt>
      <trkpt lat="14.4564211" lon="79.9889439">
      </trkpt>
      <trkpt lat="14.4544836" lon="79.9881387">
      </trkpt>
      <trkpt lat="14.4526195" lon="79.9873285">
      </trkpt>
      <trkpt lat="14.4525674" lon="79.9873058">
      </trkpt>
      <trkpt lat="14.451742" lon="79.9869281">
      </trkpt>
      <trkpt lat="14.4507807" lon="79.9865059">
      </trkpt>
      <trkpt lat="14.4497506" lon="79.986055">
      </trkpt>
      <trkpt lat="14.4487321" lon="79.985607">
      </trkpt>
      <trkpt lat="14.4477357" lon="79.9851939">
      </trkpt>
      <trkpt lat="14.446751" lon="79.9847596">
      </trkpt>
      <trkpt lat="14.4457765" lon="79.9843147">
      </trkpt>
      <trkpt lat="14.4452328" lon="79.9840469">
      </trkpt>
      <trkpt lat="14.4450145" lon="79.9839379">
      </trkpt>
      <trkpt lat="14.4445822" lon="79.9836671">
      </trkpt>
      <trkpt lat="14.4441835" lon="79.9833777">
      </trkpt>
      <trkpt lat="14.4436677" lon="79.9829298">
      </trkpt>
      <trkpt lat="14.4431783" lon="79.9824395">
      </trkpt>
      <trkpt lat="14.4424778" lon="79.9817222">
      </trkpt>
      <trkpt lat="14.4409802" lon="79.980091">
      </trkpt>
      <trkpt lat="14.440734" lon="79.9798246">
      </trkpt>
      <trkpt lat="14.440523" lon="79.9796188">
      </trkpt>
      <trkpt lat="14.4392744" lon="79.9782781">
      </trkpt>
      <trkpt lat="14.4363201" lon="79.975143">
      </trkpt>
      <trkpt lat="14.4362146" lon="79.9750204">
      </trkpt>
      <trkpt lat="14.434337" lon="79.9730338">
      </trkpt>
      <trkpt lat="14.4337033" lon="79.9724058">
      </trkpt>
      <trkpt lat="14.4331288" lon="79.9718792">
      </trkpt>
      <trkpt lat="14.4327009" lon="79.9715251">
      </trkpt>
      <trkpt lat="14.4318619" lon="79.9708758">
      </trkpt>
      <trkpt lat="14.4312138" lon="79.9704547">
      </trkpt>
      <trkpt lat="14.4309151" lon="79.970275">
      </trkpt>
      <trkpt lat="14.4304007" lon="79.9699813">
      </trkpt>
      <trkpt lat="14.4300475" lon="79.9697842">
      </trkpt>
      <trkpt lat="14.4294318" lon="79.9694838">
      </trkpt>
      <trkpt lat="14.4284832" lon="79.9690313">
      </trkpt>
      <trkpt lat="14.4272762" lon="79.9684548">
      </trkpt>
      <trkpt lat="14.4267512" lon="79.9681905">
      </trkpt>
      <trkpt lat="14.4253558" lon="79.9674878">
      </trkpt>
      <trkpt lat="14.4238756" lon="79.9667978">
      </trkpt>
      <trkpt lat="14.4223515" lon="79.9660412">
      </trkpt>
      <trkpt lat="14.4207101" lon="79.965224">
      </trkpt>
      <trkpt lat="14.4192005" lon="79.9644705">
      </trkpt>
      <trkpt lat="14.4174536" lon="79.963623">
      </trkpt>
      <trkpt lat="14.4159415" lon="79.9629185">
      </trkpt>
      <trkpt lat="14.4149386" lon="79.9624125">
      </trkpt>
      <trkpt lat="14.413173" lon="79.9614333">
      </trkpt>
      <trkpt lat="14.4111563" lon="79.9603384">
      </trkpt>
      <trkpt lat="14.4092513" lon="79.9593368">
      </trkpt>
      <trkpt lat="14.4087618" lon="79.9590707">
      </trkpt>
      <trkpt lat="14.4080901" lon="79.9586996">
      </trkpt>
      <trkpt lat="14.4072132" lon="79.9582518">
      </trkpt>
      <trkpt lat="14.4064822" lon="79.9579773">
      </trkpt>
      <trkpt lat="14.4056055" lon="79.957699">
      </trkpt>
      <trkpt lat="14.4040366" lon="79.9572332">
      </trkpt>
      <trkpt lat="14.4028353" lon="79.9568825">
      </trkpt>
      <trkpt lat="14.401413" lon="79.9564511">
      </trkpt>
      <trkpt lat="14.4002265" lon="79.9560871">
      </trkpt>
      <trkpt lat="14.3990068" lon="79.9556962">
      </trkpt>
      <trkpt lat="14.3986817" lon="79.9555999">
      </trkpt>
      <trkpt lat="14.396788" lon="79.955037">
      </trkpt>
      <trkpt lat="14.3956008" lon="79.9546829">
      </trkpt>
      <trkpt lat="14.3944575" lon="79.9543257">
      </trkpt>
      <trkpt lat="14.393367" lon="79.9539263">
      </trkpt>
      <trkpt lat="14.3920977" lon="79.9533754">
      </trkpt>
      <trkpt lat="14.3903593" lon="79.9525704">
      </trkpt>
      <trkpt lat="14.388445" lon="79.951726">
      </trkpt>
      <trkpt lat="14.3866802" lon="79.9508816">
      </trkpt>
      <trkpt lat="14.3847278" lon="79.9500009">
      </trkpt>
      <trkpt lat="14.3827138" lon="79.9490839">
      </trkpt>
      <trkpt lat="14.3815851" lon="79.9485845">
      </trkpt>
      <trkpt lat="14.3795594" lon="79.9476645">
      </trkpt>
      <trkpt lat="14.3777124" lon="79.946802">
      </trkpt>
      <trkpt lat="14.3754605" lon="79.9457876">
      </trkpt>
      <trkpt lat="14.3723302" lon="79.9443666">
      </trkpt>
      <trkpt lat="14.3694114" lon="79.9430269">
      </trkpt>
      <trkpt lat="14.3685241" lon="79.9426546">
      </trkpt>
      <trkpt lat="14.3671061" lon="79.9421966">
      </trkpt>
      <trkpt lat="14.365941" lon="79.9419355">
      </trkpt>
      <trkpt lat="14.3627006" lon="79.9413751">
      </trkpt>
      <trkpt lat="14.3625161" lon="79.9413392">
      </trkpt>
      <trkpt lat="14.362067" lon="79.9412596">
      </trkpt>
      <trkpt lat="14.3601647" lon="79.9409227">
      </trkpt>
      <trkpt lat="14.3566966" lon="79.940322">
      </trkpt>
      <trkpt lat="14.3551104" lon="79.9400035">
      </trkpt>
      <trkpt lat="14.3541364" lon="79.9397412">
      </trkpt>
      <trkpt lat="14.3530959" lon="79.9393541">
      </trkpt>
      <trkpt lat="14.3518224" lon="79.9387827">
      </trkpt>
      <trkpt lat="14.3506609" lon="79.9382238">
      </trkpt>
      <trkpt lat="14.3489761" lon="79.9374339">
      </trkpt>
      <trkpt lat="14.3482855" lon="79.9370999">
      </trkpt>
      <trkpt lat="14.3482242" lon="79.9370703">
      </trkpt>
      <trkpt lat="14.3396995" lon="79.9331243">
      </trkpt>
      <trkpt lat="14.3395253" lon="79.9330373">
      </trkpt>
      <trkpt lat="14.3327931" lon="79.9299353">
      </trkpt>
      <trkpt lat="14.3305024" lon="79.9288433">
      </trkpt>
      <trkpt lat="14.3293292" lon="79.9282953">
      </trkpt>
      <trkpt lat="14.3289051" lon="79.9281016">
      </trkpt>
      <trkpt lat="14.3271433" lon="79.9272645">
      </trkpt>
      <trkpt lat="14.3240517" lon="79.9258375">
      </trkpt>
      <trkpt lat="14.3217276" lon="79.9247607">
      </trkpt>
      <trkpt lat="14.3213967" lon="79.9246104">
      </trkpt>
      <trkpt lat="14.3182041" lon="79.9230928">
      </trkpt>
      <trkpt lat="14.3163434" lon="79.9222296">
      </trkpt>
      <trkpt lat="14.3158301" lon="79.9219916">
      </trkpt>
      <trkpt lat="14.3145632" lon="79.9214083">
      </trkpt>
      <trkpt lat="14.3130961" lon="79.9207522">
      </trkpt>
      <trkpt lat="14.3115671" lon="79.9200524">
      </trkpt>
      <trkpt lat="14.3104448" lon="79.9193983">
      </trkpt>
      <trkpt lat="14.3098895" lon="79.9190609">
      </trkpt>
      <trkpt lat="14.3093452" lon="79.9186983">
      </trkpt>
      <trkpt lat="14.3084654" lon="79.9180347">
      </trkpt>
      <trkpt lat="14.306308" lon="79.9160999">
      </trkpt>
      <trkpt lat="14.3053746" lon="79.9153296">
      </trkpt>
      <trkpt lat="14.3022038" lon="79.9125336">
      </trkpt>
      <trkpt lat="14.3012673" lon="79.9117048">
      </trkpt>
      <trkpt lat="14.3003064" lon="79.9109997">
      </trkpt>
      <trkpt lat="14.2998437" lon="79.9106896">
      </trkpt>
      <trkpt lat="14.2992147" lon="79.9102895">
      </trkpt>
      <trkpt lat="14.2984644" lon="79.909907">
      </trkpt>
      <trkpt lat="14.2975789" lon="79.909497">
      </trkpt>
      <trkpt lat="14.2964525" lon="79.9090492">
      </trkpt>
      <trkpt lat="14.2923624" lon="79.9074489">
      </trkpt>
      <trkpt lat="14.2916872" lon="79.9071896">
      </trkpt>
      <trkpt lat="14.2900482" lon="79.9065599">
      </trkpt>
      <trkpt lat="14.2886337" lon="79.906027">
      </trkpt>
      <trkpt lat="14.2866556" lon="79.9052448">
      </trkpt>
      <trkpt lat="14.2838308" lon="79.9041177">
      </trkpt>
      <trkpt lat="14.2813868" lon="79.9031957">
      </trkpt>
      <trkpt lat="14.280759" lon="79.9029453">
      </trkpt>
      <trkpt lat="14.2793348" lon="79.9023806">
      </trkpt>
      <trkpt lat="14.27888" lon="79.9022043">
      </trkpt>
      <trkpt lat="14.2780693" lon="79.9018923">
      </trkpt>
      <trkpt lat="14.277069" lon="79.9015077">
      </trkpt>
      <trkpt lat="14.2761079" lon="79.9011343">
      </trkpt>
      <trkpt lat="14.2714966" lon="79.899308">
      </trkpt>
      <trkpt lat="14.2690237" lon="79.898326">
      </trkpt>
      <trkpt lat="14.2666248" lon="79.8974019">
      </trkpt>
      <trkpt lat="14.2658623" lon="79.8970799">
      </trkpt>
      <trkpt lat="14.2626054" lon="79.8957717">
      </trkpt>
      <trkpt lat="14.2600727" lon="79.8948077">
      </trkpt>
      <trkpt lat="14.2587577" lon="79.8943055">
      </trkpt>
      <trkpt lat="14.2584873" lon="79.8942009">
      </trkpt>
      <trkpt lat="14.2575435" lon="79.8938019">
      </trkpt>
      <trkpt lat="14.2548945" lon="79.8927677">
      </trkpt>
      <trkpt lat="14.2528017" lon="79.8919464">
      </trkpt>
      <trkpt lat="14.2494756" lon="79.8906421">
      </trkpt>
      <trkpt lat="14.2482439" lon="79.8901519">
      </trkpt>
      <trkpt lat="14.2475327" lon="79.8898335">
      </trkpt>
      <trkpt lat="14.2469033" lon="79.8894963">
      </trkpt>
      <trkpt lat="14.2462617" lon="79.8891403">
      </trkpt>
      <trkpt lat="14.2443189" lon="79.887957">
      </trkpt>
      <trkpt lat="14.2424335" lon="79.886858">
      </trkpt>
      <trkpt lat="14.2403787" lon="79.8855997">
      </trkpt>
      <trkpt lat="14.2398231" lon="79.8852829">
      </trkpt>
      <trkpt lat="14.2390592" lon="79.8848473">
      </trkpt>
      <trkpt lat="14.2357756" lon="79.8828709">
      </trkpt>
      <trkpt lat="14.2339659" lon="79.8817875">
      </trkpt>
      <trkpt lat="14.2322015" lon="79.8807571">
      </trkpt>
      <trkpt lat="14.2304371" lon="79.8796737">
      </trkpt>
      <trkpt lat="14.2297071" lon="79.8792598">
      </trkpt>
      <trkpt lat="14.2276891" lon="79.8781157">
      </trkpt>
      <trkpt lat="14.2260033" lon="79.877101">
      </trkpt>
      <trkpt lat="14.2244053" lon="79.8761425">
      </trkpt>
      <trkpt lat="14.2233679" lon="79.8754875">
      </trkpt>
      <trkpt lat="14.222525" lon="79.8749554">
      </trkpt>
      <trkpt lat="14.2209369" lon="79.8740162">
      </trkpt>
      <trkpt lat="14.2184175" lon="79.8724948">
      </trkpt>
      <trkpt lat="14.2153191" lon="79.8706724">
      </trkpt>
      <trkpt lat="14.2149672" lon="79.8704654">
      </trkpt>
      <trkpt lat="14.2129968" lon="79.8692789">
      </trkpt>
      <trkpt lat="14.2110325" lon="79.8681206">
      </trkpt>
      <trkpt lat="14.2093648" lon="79.8671402">
      </trkpt>
      <trkpt lat="14.2076607" lon="79.8662129">
      </trkpt>
      <trkpt lat="14.2074004" lon="79.8660724">
      </trkpt>
      <trkpt lat="14.2059536" lon="79.8651357">
      </trkpt>
      <trkpt lat="14.2041981" lon="79.8640523">
      </trkpt>
      <trkpt lat="14.2023064" lon="79.8629127">
      </trkpt>
      <trkpt lat="14.200575" lon="79.8618605">
      </trkpt>
      <trkpt lat="14.1994279" lon="79.8612048">
      </trkpt>
      <trkpt lat="14.1975633" lon="79.8600839">
      </trkpt>
      <trkpt lat="14.1957078" lon="79.8589943">
      </trkpt>
      <trkpt lat="14.1929985" lon="79.8573529">
      </trkpt>
      <trkpt lat="14.1916501" lon="79.8565934">
      </trkpt>
      <trkpt lat="14.1908367" lon="79.8561784">
      </trkpt>
      <trkpt lat="14.1898222" lon="79.8557589">
      </trkpt>
      <trkpt lat="14.1879044" lon="79.8551981">
      </trkpt>
      <trkpt lat="14.1861535" lon="79.8547654">
      </trkpt>
      <trkpt lat="14.1835122" lon="79.8540854">
      </trkpt>
      <trkpt lat="14.1811877" lon="79.8535247">
      </trkpt>
      <trkpt lat="14.1785891" lon="79.8528623">
      </trkpt>
      <trkpt lat="14.1772149" lon="79.8525179">
      </trkpt>
      <trkpt lat="14.1750787" lon="79.852019">
      </trkpt>
      <trkpt lat="14.1731436" lon="79.8515288">
      </trkpt>
      <trkpt lat="14.1660419" lon="79.8497747">
      </trkpt>
      <trkpt lat="14.1649036" lon="79.8494438">
      </trkpt>
      <trkpt lat="14.1637593" lon="79.8491565">
      </trkpt>
      <trkpt lat="14.1607622" lon="79.8484571">
      </trkpt>
      <trkpt lat="14.1598116" lon="79.8482011">
      </trkpt>
      <trkpt lat="14.1579952" lon="79.8477203">
      </trkpt>
      <trkpt lat="14.156536" lon="79.8473768">
      </trkpt>
      <trkpt lat="14.1545324" lon="79.8469194">
      </trkpt>
      <trkpt lat="14.1543778" lon="79.846882">
      </trkpt>
      <trkpt lat="14.1540861" lon="79.8468092">
      </trkpt>
      <trkpt lat="14.1539561" lon="79.8467768">
      </trkpt>
      <trkpt lat="14.1521621" lon="79.846329">
      </trkpt>
      <trkpt lat="14.151908" lon="79.8462656">
      </trkpt>
      <trkpt lat="14.1515211" lon="79.846169">
      </trkpt>
      <trkpt lat="14.1512527" lon="79.8460986">
      </trkpt>
      <trkpt lat="14.1479248" lon="79.8452703">
      </trkpt>
      <trkpt lat="14.1459246" lon="79.8447725">
      </trkpt>
      <trkpt lat="14.1455731" lon="79.844691">
      </trkpt>
      <trkpt lat="14.1453154" lon="79.8446464">
      </trkpt>
      <trkpt lat="14.1453022" lon="79.8446903">
      </trkpt>
      <trkpt lat="14.1439363" lon="79.8445173">
      </trkpt>
      <trkpt lat="14.1419414" lon="79.8442581">
      </trkpt>
      <trkpt lat="14.1415939" lon="79.8442223">
      </trkpt>
      <trkpt lat="14.1412613" lon="79.8442072">
      </trkpt>
      <trkpt lat="14.1408477" lon="79.8442005">
      </trkpt>
      <trkpt lat="14.1405692" lon="79.844203">
      </trkpt>
      <trkpt lat="14.1400735" lon="79.8442451">
      </trkpt>
      <trkpt lat="14.1396991" lon="79.8442952">
      </trkpt>
      <trkpt lat="14.1393925" lon="79.8443533">
      </trkpt>
      <trkpt lat="14.1390862" lon="79.8444223">
      </trkpt>
      <trkpt lat="14.1386853" lon="79.8445337">
      </trkpt>
      <trkpt lat="14.1339136" lon="79.8457651">
      </trkpt>
      <trkpt lat="14.1335617" lon="79.8458622">
      </trkpt>
      <trkpt lat="14.1269783" lon="79.8475633">
      </trkpt>
      <trkpt lat="14.1154314" lon="79.8506356">
      </trkpt>
      <trkpt lat="14.1125774" lon="79.8513944">
      </trkpt>
      <trkpt lat="14.1107809" lon="79.8517457">
      </trkpt>
      <trkpt lat="14.1093921" lon="79.8519054">
      </trkpt>
      <trkpt lat="14.1077887" lon="79.8520543">
      </trkpt>
      <trkpt lat="14.095726" lon="79.8532738">
      </trkpt>
      <trkpt lat="14.0954411" lon="79.8533026">
      </trkpt>
      <trkpt lat="14.0942557" lon="79.8534224">
      </trkpt>
      <trkpt lat="14.0940873" lon="79.8534416">
      </trkpt>
      <trkpt lat="14.0842135" lon="79.8544453">
      </trkpt>
      <trkpt lat="14.0709891" lon="79.8557475">
      </trkpt>
      <trkpt lat="14.0676275" lon="79.856039">
      </trkpt>
      <trkpt lat="14.0675329" lon="79.8560494">
      </trkpt>
      <trkpt lat="14.0657394" lon="79.8562419">
      </trkpt>
      <trkpt lat="14.0631324" lon="79.8564827">
      </trkpt>
      <trkpt lat="14.0617742" lon="79.8566258">
      </trkpt>
      <trkpt lat="14.0606979" lon="79.8567987">
      </trkpt>
      <trkpt lat="14.0601832" lon="79.8569007">
      </trkpt>
      <trkpt lat="14.0594666" lon="79.857085">
      </trkpt>
      <trkpt lat="14.057955" lon="79.8577098">
      </trkpt>
      <trkpt lat="14.0559709" lon="79.8586882">
      </trkpt>
      <trkpt lat="14.0531829" lon="79.8600336">
      </trkpt>
      <trkpt lat="14.0440793" lon="79.8644264">
      </trkpt>
      <trkpt lat="14.0438838" lon="79.8645202">
      </trkpt>
      <trkpt lat="14.0319485" lon="79.870204">
      </trkpt>
      <trkpt lat="14.0253178" lon="79.8734273">
      </trkpt>
      <trkpt lat="14.0178102" lon="79.8770289">
      </trkpt>
      <trkpt lat="14.0131645" lon="79.8792124">
      </trkpt>
      <trkpt lat="14.0083372" lon="79.8815294">
      </trkpt>
      <trkpt lat="13.9981176" lon="79.8864347">
      </trkpt>
      <trkpt lat="13.9980007" lon="79.8864908">
      </trkpt>
      <trkpt lat="13.9885706" lon="79.8910169">
      </trkpt>
      <trkpt lat="13.986299" lon="79.8920667">
      </trkpt>
      <trkpt lat="13.9846181" lon="79.8927067">
      </trkpt>
      <trkpt lat="13.982664" lon="79.8932227">
      </trkpt>
      <trkpt lat="13.9781453" lon="79.894431">
      </trkpt>
      <trkpt lat="13.973586" lon="79.8956501">
      </trkpt>
      <trkpt lat="13.9726451" lon="79.8959074">
      </trkpt>
      <trkpt lat="13.9725475" lon="79.8959341">
      </trkpt>
      <trkpt lat="13.9691422" lon="79.8968654">
      </trkpt>
      <trkpt lat="13.9673415" lon="79.8973465">
      </trkpt>
      <trkpt lat="13.9665091" lon="79.8974979">
      </trkpt>
      <trkpt lat="13.9656009" lon="79.8976307">
      </trkpt>
      <trkpt lat="13.9644837" lon="79.8977524">
      </trkpt>
      <trkpt lat="13.9622216" lon="79.897803">
      </trkpt>
      <trkpt lat="13.9614154" lon="79.8977958">
      </trkpt>
      <trkpt lat="13.9607831" lon="79.8977922">
      </trkpt>
      <trkpt lat="13.9551582" lon="79.8977605">
      </trkpt>
      <trkpt lat="13.9506348" lon="79.897737">
      </trkpt>
      <trkpt lat="13.9467899" lon="79.89773">
      </trkpt>
      <trkpt lat="13.9446429" lon="79.8977179">
      </trkpt>
      <trkpt lat="13.9428609" lon="79.8976304">
      </trkpt>
      <trkpt lat="13.9414033" lon="79.8975975">
      </trkpt>
      <trkpt lat="13.9359722" lon="79.8975554">
      </trkpt>
      <trkpt lat="13.930241" lon="79.897538">
      </trkpt>
      <trkpt lat="13.9171835" lon="79.89748">
      </trkpt>
      <trkpt lat="13.9164318" lon="79.8974578">
      </trkpt>
      <trkpt lat="13.9157443" lon="79.8974806">
      </trkpt>
      <trkpt lat="13.9148795" lon="79.897555">
      </trkpt>
      <trkpt lat="13.9141839" lon="79.8976986">
      </trkpt>
      <trkpt lat="13.9133671" lon="79.8979568">
      </trkpt>
      <trkpt lat="13.9126878" lon="79.8982345">
      </trkpt>
      <trkpt lat="13.9121629" lon="79.8985119">
      </trkpt>
      <trkpt lat="13.9117306" lon="79.898784">
      </trkpt>
      <trkpt lat="13.9113233" lon="79.8990825">
      </trkpt>
      <trkpt lat="13.9105472" lon="79.8996817">
      </trkpt>
      <trkpt lat="13.9086971" lon="79.9010794">
      </trkpt>
      <trkpt lat="13.9071067" lon="79.9022641">
      </trkpt>
      <trkpt lat="13.9054532" lon="79.9035072">
      </trkpt>
      <trkpt lat="13.9054323" lon="79.9035224">
      </trkpt>
      <trkpt lat="13.902104" lon="79.9059423">
      </trkpt>
      <trkpt lat="13.8991293" lon="79.9081648">
      </trkpt>
      <trkpt lat="13.89606" lon="79.9104612">
      </trkpt>
      <trkpt lat="13.89521" lon="79.9110974">
      </trkpt>
      <trkpt lat="13.8949328" lon="79.9113048">
      </trkpt>
      <trkpt lat="13.8899006" lon="79.9150709">
      </trkpt>
      <trkpt lat="13.8891145" lon="79.9155814">
      </trkpt>
      <trkpt lat="13.8881201" lon="79.9160418">
      </trkpt>
      <trkpt lat="13.8874166" lon="79.9162293">
      </trkpt>
      <trkpt lat="13.8835819" lon="79.9172516">
      </trkpt>
      <trkpt lat="13.8795557" lon="79.9183308">
      </trkpt>
      <trkpt lat="13.8789427" lon="79.9185164">
      </trkpt>
      <trkpt lat="13.8759765" lon="79.9193231">
      </trkpt>
      <trkpt lat="13.8721452" lon="79.920365">
      </trkpt>
      <trkpt lat="13.8697989" lon="79.9209646">
      </trkpt>
      <trkpt lat="13.8513509" lon="79.9258915">
      </trkpt>
      <trkpt lat="13.8498729" lon="79.9263816">
      </trkpt>
      <trkpt lat="13.8489235" lon="79.9267975">
      </trkpt>
      <trkpt lat="13.8479954" lon="79.9274178">
      </trkpt>
      <trkpt lat="13.8466705" lon="79.9286437">
      </trkpt>
      <trkpt lat="13.8457363" lon="79.9297807">
      </trkpt>
      <trkpt lat="13.8427596" lon="79.9333211">
      </trkpt>
      <trkpt lat="13.8398235" lon="79.936769">
      </trkpt>
      <trkpt lat="13.8393091" lon="79.9372834">
      </trkpt>
      <trkpt lat="13.8385368" lon="79.9378599">
      </trkpt>
      <trkpt lat="13.8367907" lon="79.9388549">
      </trkpt>
      <trkpt lat="13.8332155" lon="79.9406532">
      </trkpt>
      <trkpt lat="13.8298325" lon="79.9424378">
      </trkpt>
      <trkpt lat="13.8230632" lon="79.9460062">
      </trkpt>
      <trkpt lat="13.8207818" lon="79.9473081">
      </trkpt>
      <trkpt lat="13.8182002" lon="79.9486533">
      </trkpt>
      <trkpt lat="13.8159487" lon="79.9496956">
      </trkpt>
      <trkpt lat="13.8134753" lon="79.9509932">
      </trkpt>
      <trkpt lat="13.8087391" lon="79.9534116">
      </trkpt>
      <trkpt lat="13.7993288" lon="79.9583401">
      </trkpt>
      <trkpt lat="13.7951961" lon="79.9605194">
      </trkpt>
      <trkpt lat="13.7930013" lon="79.9617165">
      </trkpt>
      <trkpt lat="13.7915733" lon="79.9627139">
      </trkpt>
      <trkpt lat="13.7842873" lon="79.9679123">
      </trkpt>
      <trkpt lat="13.7835702" lon="79.9684292">
      </trkpt>
      <trkpt lat="13.7829324" lon="79.968794">
      </trkpt>
      <trkpt lat="13.7826349" lon="79.9689111">
      </trkpt>
      <trkpt lat="13.7819402" lon="79.9691844">
      </trkpt>
      <trkpt lat="13.7802386" lon="79.9696695">
      </trkpt>
      <trkpt lat="13.7779436" lon="79.9700925">
      </trkpt>
      <trkpt lat="13.7751087" lon="79.9705887">
      </trkpt>
      <trkpt lat="13.7715508" lon="79.9712376">
      </trkpt>
      <trkpt lat="13.771499" lon="79.9712467">
      </trkpt>
      <trkpt lat="13.7698287" lon="79.971603">
      </trkpt>
      <trkpt lat="13.768964" lon="79.9718146">
      </trkpt>
      <trkpt lat="13.7680388" lon="79.9721018">
      </trkpt>
      <trkpt lat="13.7673948" lon="79.972414">
      </trkpt>
      <trkpt lat="13.7666982" lon="79.9728603">
      </trkpt>
      <trkpt lat="13.7658191" lon="79.9735645">
      </trkpt>
      <trkpt lat="13.7648448" lon="79.9745862">
      </trkpt>
      <trkpt lat="13.7612943" lon="79.9780573">
      </trkpt>
      <trkpt lat="13.7577958" lon="79.9815312">
      </trkpt>
      <trkpt lat="13.7507276" lon="79.9884313">
      </trkpt>
      <trkpt lat="13.7506261" lon="79.9885304">
      </trkpt>
      <trkpt lat="13.7501496" lon="79.9889192">
      </trkpt>
      <trkpt lat="13.7495507" lon="79.9893388">
      </trkpt>
      <trkpt lat="13.7483263" lon="79.990136">
      </trkpt>
      <trkpt lat="13.74601" lon="79.9916221">
      </trkpt>
      <trkpt lat="13.7389105" lon="79.9962118">
      </trkpt>
      <trkpt lat="13.73473" lon="79.9989143">
      </trkpt>
      <trkpt lat="13.7343577" lon="79.9991398">
      </trkpt>
      <trkpt lat="13.7293838" lon="80.0023525">
      </trkpt>
      <trkpt lat="13.7290839" lon="80.0025463">
      </trkpt>
      <trkpt lat="13.7220368" lon="80.007098">
      </trkpt>
      <trkpt lat="13.7206711" lon="80.0079848">
      </trkpt>
      <trkpt lat="13.7173148" lon="80.010169">
      </trkpt>
      <trkpt lat="13.7149275" lon="80.0117226">
      </trkpt>
      <trkpt lat="13.7146273" lon="80.0119137">
      </trkpt>
      <trkpt lat="13.7139755" lon="80.0123285">
      </trkpt>
      <trkpt lat="13.7087908" lon="80.0156284">
      </trkpt>
      <trkpt lat="13.7080641" lon="80.0160585">
      </trkpt>
      <trkpt lat="13.7072099" lon="80.0164343">
      </trkpt>
      <trkpt lat="13.7063415" lon="80.0166857">
      </trkpt>
      <trkpt lat="13.7051449" lon="80.0169129">
      </trkpt>
      <trkpt lat="13.700791" lon="80.0177396">
      </trkpt>
      <trkpt lat="13.6967724" lon="80.0185026">
      </trkpt>
      <trkpt lat="13.6907194" lon="80.0193395">
      </trkpt>
      <trkpt lat="13.6903268" lon="80.0194116">
      </trkpt>
      <trkpt lat="13.6862196" lon="80.0201157">
      </trkpt>
      <trkpt lat="13.683219" lon="80.0205744">
      </trkpt>
      <trkpt lat="13.6819099" lon="80.0207916">
      </trkpt>
      <trkpt lat="13.6814481" lon="80.0208686">
      </trkpt>
      <trkpt lat="13.681306" lon="80.0208882">
      </trkpt>
      <trkpt lat="13.6811868" lon="80.0208989">
      </trkpt>
      <trkpt lat="13.680782" lon="80.0209141">
      </trkpt>
      <trkpt lat="13.680313" lon="80.0209371">
      </trkpt>
      <trkpt lat="13.6795386" lon="80.0208665">
      </trkpt>
      <trkpt lat="13.678759" lon="80.0207323">
      </trkpt>
      <trkpt lat="13.6779217" lon="80.0204666">
      </trkpt>
      <trkpt lat="13.6770518" lon="80.0201595">
      </trkpt>
      <trkpt lat="13.6762999" lon="80.0197571">
      </trkpt>
      <trkpt lat="13.6744825" lon="80.0187406">
      </trkpt>
      <trkpt lat="13.6706381" lon="80.016583">
      </trkpt>
      <trkpt lat="13.6701181" lon="80.0162756">
      </trkpt>
      <trkpt lat="13.6689087" lon="80.0155977">
      </trkpt>
      <trkpt lat="13.6677255" lon="80.0152159">
      </trkpt>
      <trkpt lat="13.6670561" lon="80.0150589">
      </trkpt>
      <trkpt lat="13.666213" lon="80.0149675">
      </trkpt>
      <trkpt lat="13.6655761" lon="80.0149606">
      </trkpt>
      <trkpt lat="13.6648139" lon="80.0150189">
      </trkpt>
      <trkpt lat="13.6638192" lon="80.015219">
      </trkpt>
      <trkpt lat="13.6624165" lon="80.0155201">
      </trkpt>
      <trkpt lat="13.6610325" lon="80.0158706">
      </trkpt>
      <trkpt lat="13.659524" lon="80.0162409">
      </trkpt>
      <trkpt lat="13.6572751" lon="80.0167506">
      </trkpt>
      <trkpt lat="13.6541741" lon="80.0174722">
      </trkpt>
      <trkpt lat="13.6540224" lon="80.0175075">
      </trkpt>
      <trkpt lat="13.6527828" lon="80.017796">
      </trkpt>
      <trkpt lat="13.6511195" lon="80.0181828">
      </trkpt>
      <trkpt lat="13.6491411" lon="80.0186388">
      </trkpt>
      <trkpt lat="13.6455601" lon="80.0194561">
      </trkpt>
      <trkpt lat="13.6385036" lon="80.0211552">
      </trkpt>
      <trkpt lat="13.6379595" lon="80.0212817">
      </trkpt>
      <trkpt lat="13.6245084" lon="80.0244088">
      </trkpt>
      <trkpt lat="13.6237656" lon="80.0245843">
      </trkpt>
      <trkpt lat="13.6235236" lon="80.0246414">
      </trkpt>
      <trkpt lat="13.6107429" lon="80.027661">
      </trkpt>
      <trkpt lat="13.6102066" lon="80.0277743">
      </trkpt>
      <trkpt lat="13.6084302" lon="80.0281977">
      </trkpt>
      <trkpt lat="13.6082674" lon="80.0282374">
      </trkpt>
      <trkpt lat="13.6023632" lon="80.0296215">
      </trkpt>
      <trkpt lat="13.5996071" lon="80.0302783">
      </trkpt>
      <trkpt lat="13.5993888" lon="80.0303346">
      </trkpt>
      <trkpt lat="13.5979189" lon="80.0306976">
      </trkpt>
      <trkpt lat="13.5971457" lon="80.0309361">
      </trkpt>
      <trkpt lat="13.5965622" lon="80.0311426">
      </trkpt>
      <trkpt lat="13.5957201" lon="80.0314907">
      </trkpt>
      <trkpt lat="13.5947689" lon="80.031965">
      </trkpt>
      <trkpt lat="13.5938059" lon="80.0325094">
      </trkpt>
      <trkpt lat="13.5932195" lon="80.0329098">
      </trkpt>
      <trkpt lat="13.5930086" lon="80.033029">
      </trkpt>
      <trkpt lat="13.5916532" lon="80.0340447">
      </trkpt>
      <trkpt lat="13.5915048" lon="80.0341559">
      </trkpt>
      <trkpt lat="13.591085" lon="80.0344704">
      </trkpt>
      <trkpt lat="13.5887811" lon="80.0361816">
      </trkpt>
      <trkpt lat="13.5856581" lon="80.038555">
      </trkpt>
      <trkpt lat="13.5845042" lon="80.0394319">
      </trkpt>
      <trkpt lat="13.5836317" lon="80.040095">
      </trkpt>
      <trkpt lat="13.5831517" lon="80.0404598">
      </trkpt>
      <trkpt lat="13.5775099" lon="80.0447257">
      </trkpt>
      <trkpt lat="13.5730523" lon="80.0480762">
      </trkpt>
      <trkpt lat="13.5662006" lon="80.0532259">
      </trkpt>
      <trkpt lat="13.5637233" lon="80.0550859">
      </trkpt>
      <trkpt lat="13.5559565" lon="80.0609174">
      </trkpt>
      <trkpt lat="13.5547266" lon="80.0618557">
      </trkpt>
      <trkpt lat="13.544652" lon="80.0695422">
      </trkpt>
      <trkpt lat="13.5436355" lon="80.0703177">
      </trkpt>
      <trkpt lat="13.5429913" lon="80.0707703">
      </trkpt>
      <trkpt lat="13.5422093" lon="80.0712625">
      </trkpt>
      <trkpt lat="13.54153" lon="80.0716038">
      </trkpt>
      <trkpt lat="13.5408298" lon="80.0719555">
      </trkpt>
      <trkpt lat="13.5399593" lon="80.0722909">
      </trkpt>
      <trkpt lat="13.5398869" lon="80.0723188">
      </trkpt>
      <trkpt lat="13.5398525" lon="80.072332">
      </trkpt>
      <trkpt lat="13.5389555" lon="80.0726777">
      </trkpt>
      <trkpt lat="13.5370381" lon="80.0734861">
      </trkpt>
      <trkpt lat="13.533281" lon="80.0749015">
      </trkpt>
      <trkpt lat="13.5316791" lon="80.0755156">
      </trkpt>
      <trkpt lat="13.5299495" lon="80.0761827">
      </trkpt>
      <trkpt lat="13.5290792" lon="80.0765456">
      </trkpt>
      <trkpt lat="13.5282537" lon="80.0769742">
      </trkpt>
      <trkpt lat="13.527363" lon="80.0775813">
      </trkpt>
      <trkpt lat="13.5267424" lon="80.0781461">
      </trkpt>
      <trkpt lat="13.5262012" lon="80.0787543">
      </trkpt>
      <trkpt lat="13.5256329" lon="80.0795523">
      </trkpt>
      <trkpt lat="13.5243573" lon="80.0814019">
      </trkpt>
      <trkpt lat="13.521882" lon="80.0849912">
      </trkpt>
      <trkpt lat="13.5200001" lon="80.087728">
      </trkpt>
      <trkpt lat="13.5178643" lon="80.0908339">
      </trkpt>
      <trkpt lat="13.5174098" lon="80.0914688">
      </trkpt>
      <trkpt lat="13.5171384" lon="80.0918373">
      </trkpt>
      <trkpt lat="13.5168306" lon="80.0921789">
      </trkpt>
      <trkpt lat="13.516316" lon="80.0927136">
      </trkpt>
      <trkpt lat="13.5160342" lon="80.0929597">
      </trkpt>
      <trkpt lat="13.5156812" lon="80.0932334">
      </trkpt>
      <trkpt lat="13.515027" lon="80.0937048">
      </trkpt>
      <trkpt lat="13.5005398" lon="80.1016192">
      </trkpt>
      <trkpt lat="13.4997943" lon="80.1020276">
      </trkpt>
      <trkpt lat="13.4992809" lon="80.1023089">
      </trkpt>
      <trkpt lat="13.4987257" lon="80.1025989">
      </trkpt>
      <trkpt lat="13.4983797" lon="80.1027813">
      </trkpt>
      <trkpt lat="13.4981372" lon="80.1028914">
      </trkpt>
      <trkpt lat="13.4974141" lon="80.1032051">
      </trkpt>
      <trkpt lat="13.4965431" lon="80.1035298">
      </trkpt>
      <trkpt lat="13.4951737" lon="80.1039767">
      </trkpt>
      <trkpt lat="13.4920804" lon="80.1050004">
      </trkpt>
      <trkpt lat="13.4909886" lon="80.1053424">
      </trkpt>
      <trkpt lat="13.477585" lon="80.1097193">
      </trkpt>
      <trkpt lat="13.4708858" lon="80.1119521">
      </trkpt>
      <trkpt lat="13.4641622" lon="80.1142145">
      </trkpt>
      <trkpt lat="13.4630975" lon="80.1145851">
      </trkpt>
      <trkpt lat="13.4601503" lon="80.1155868">
      </trkpt>
      <trkpt lat="13.4600534" lon="80.1156206">
      </trkpt>
      <trkpt lat="13.4588213" lon="80.1160743">
      </trkpt>
      <trkpt lat="13.4572394" lon="80.1165267">
      </trkpt>
      <trkpt lat="13.4555454" lon="80.1168998">
      </trkpt>
      <trkpt lat="13.4547584" lon="80.1170667">
      </trkpt>
      <trkpt lat="13.4542879" lon="80.1171535">
      </trkpt>
      <trkpt lat="13.4537385" lon="80.1172564">
      </trkpt>
      <trkpt lat="13.4505947" lon="80.117632">
      </trkpt>
      <trkpt lat="13.447837" lon="80.1178933">
      </trkpt>
      <trkpt lat="13.4464827" lon="80.1180076">
      </trkpt>
      <trkpt lat="13.4450395" lon="80.1181344">
      </trkpt>
      <trkpt lat="13.4363602" lon="80.118946">
      </trkpt>
      <trkpt lat="13.4357785" lon="80.1190077">
      </trkpt>
      <trkpt lat="13.435706" lon="80.1190154">
      </trkpt>
      <trkpt lat="13.4336881" lon="80.1192293">
      </trkpt>
      <trkpt lat="13.4330232" lon="80.1192909">
      </trkpt>
      <trkpt lat="13.4310934" lon="80.1194698">
      </trkpt>
      <trkpt lat="13.4283389" lon="80.1197264">
      </trkpt>
      <trkpt lat="13.4259511" lon="80.1199489">
      </trkpt>
      <trkpt lat="13.4156528" lon="80.1209227">
      </trkpt>
      <trkpt lat="13.4150447" lon="80.1210094">
      </trkpt>
      <trkpt lat="13.4144149" lon="80.1211204">
      </trkpt>
      <trkpt lat="13.4136926" lon="80.1213281">
      </trkpt>
      <trkpt lat="13.4127328" lon="80.1217363">
      </trkpt>
      <trkpt lat="13.4121903" lon="80.1220261">
      </trkpt>
      <trkpt lat="13.4104919" lon="80.1229335">
      </trkpt>
      <trkpt lat="13.4087527" lon="80.1239273">
      </trkpt>
      <trkpt lat="13.4067736" lon="80.1251216">
      </trkpt>
      <trkpt lat="13.4061441" lon="80.1254651">
      </trkpt>
      <trkpt lat="13.4048095" lon="80.1261934">
      </trkpt>
      <trkpt lat="13.4041849" lon="80.1265775">
      </trkpt>
      <trkpt lat="13.4038109" lon="80.1268587">
      </trkpt>
      <trkpt lat="13.4034936" lon="80.1271543">
      </trkpt>
      <trkpt lat="13.4021345" lon="80.128564">
      </trkpt>
      <trkpt lat="13.4009762" lon="80.1298616">
      </trkpt>
      <trkpt lat="13.3989809" lon="80.1319737">
      </trkpt>
      <trkpt lat="13.398814" lon="80.1321344">
      </trkpt>
      <trkpt lat="13.3983952" lon="80.1325377">
      </trkpt>
      <trkpt lat="13.3979452" lon="80.133">
      </trkpt>
      <trkpt lat="13.3976535" lon="80.1333039">
      </trkpt>
      <trkpt lat="13.3973287" lon="80.1336012">
      </trkpt>
      <trkpt lat="13.3969024" lon="80.133926">
      </trkpt>
      <trkpt lat="13.3965027" lon="80.1342069">
      </trkpt>
      <trkpt lat="13.3959406" lon="80.1345261">
      </trkpt>
      <trkpt lat="13.3954432" lon="80.1347722">
      </trkpt>
      <trkpt lat="13.3950036" lon="80.1349311">
      </trkpt>
      <trkpt lat="13.3944304" lon="80.1351208">
      </trkpt>
      <trkpt lat="13.393286" lon="80.1354243">
      </trkpt>
      <trkpt lat="13.3815987" lon="80.1382436">
      </trkpt>
      <trkpt lat="13.3695703" lon="80.1411464">
      </trkpt>
      <trkpt lat="13.3690223" lon="80.1413342">
      </trkpt>
      <trkpt lat="13.3685794" lon="80.1415229">
      </trkpt>
      <trkpt lat="13.3682302" lon="80.1416906">
      </trkpt>
      <trkpt lat="13.3673519" lon="80.1421506">
      </trkpt>
      <trkpt lat="13.3666639" lon="80.142707">
      </trkpt>
      <trkpt lat="13.3659573" lon="80.1433689">
      </trkpt>
      <trkpt lat="13.365304" lon="80.1441141">
      </trkpt>
      <trkpt lat="13.3650649" lon="80.1444702">
      </trkpt>
      <trkpt lat="13.3643949" lon="80.1456069">
      </trkpt>
      <trkpt lat="13.363566" lon="80.1475755">
      </trkpt>
      <trkpt lat="13.360499" lon="80.1543201">
      </trkpt>
      <trkpt lat="13.3574439" lon="80.1610313">
      </trkpt>
      <trkpt lat="13.3513388" lon="80.1744898">
      </trkpt>
      <trkpt lat="13.350637" lon="80.1759144">
      </trkpt>
      <trkpt lat="13.3499726" lon="80.177128">
      </trkpt>
      <trkpt lat="13.3491736" lon="80.1784014">
      </trkpt>
      <trkpt lat="13.3487669" lon="80.1790258">
      </trkpt>
      <trkpt lat="13.3483275" lon="80.1796736">
      </trkpt>
      <trkpt lat="13.3431084" lon="80.187119">
      </trkpt>
      <trkpt lat="13.3421412" lon="80.1885793">
      </trkpt>
      <trkpt lat="13.341076" lon="80.1900462">
      </trkpt>
      <trkpt lat="13.3399959" lon="80.1916293">
      </trkpt>
      <trkpt lat="13.3391986" lon="80.1927515">
      </trkpt>
      <trkpt lat="13.3386035" lon="80.1936531">
      </trkpt>
      <trkpt lat="13.3385405" lon="80.1937446">
      </trkpt>
      <trkpt lat="13.3377415" lon="80.1948843">
      </trkpt>
      <trkpt lat="13.3367836" lon="80.1961304">
      </trkpt>
      <trkpt lat="13.3360958" lon="80.1968742">
      </trkpt>
      <trkpt lat="13.335358" lon="80.1974317">
      </trkpt>
      <trkpt lat="13.3351622" lon="80.1975797">
      </trkpt>
      <trkpt lat="13.3331062" lon="80.1988133">
      </trkpt>
      <trkpt lat="13.3314257" lon="80.199813">
      </trkpt>
      <trkpt lat="13.3283503" lon="80.2015781">
      </trkpt>
      <trkpt lat="13.3249622" lon="80.2036295">
      </trkpt>
      <trkpt lat="13.3245087" lon="80.2039748">
      </trkpt>
      <trkpt lat="13.3240016" lon="80.2043783">
      </trkpt>
      <trkpt lat="13.3229062" lon="80.2054009">
      </trkpt>
      <trkpt lat="13.3221037" lon="80.2063081">
      </trkpt>
      <trkpt lat="13.3212768" lon="80.2074411">
      </trkpt>
      <trkpt lat="13.3198593" lon="80.2093678">
      </trkpt>
      <trkpt lat="13.3183488" lon="80.2115377">
      </trkpt>
      <trkpt lat="13.3153386" lon="80.2157899">
      </trkpt>
      <trkpt lat="13.3153019" lon="80.2158429">
      </trkpt>
      <trkpt lat="13.3112023" lon="80.2215866">
      </trkpt>
      <trkpt lat="13.3089131" lon="80.2248249">
      </trkpt>
      <trkpt lat="13.3086465" lon="80.225202">
      </trkpt>
      <trkpt lat="13.3040768" lon="80.2316663">
      </trkpt>
      <trkpt lat="13.3032447" lon="80.2328001">
      </trkpt>
      <trkpt lat="13.3024796" lon="80.2338949">
      </trkpt>
      <trkpt lat="13.3008711" lon="80.2361497">
      </trkpt>
      <trkpt lat="13.3004644" lon="80.2367364">
      </trkpt>
      <trkpt lat="13.2997751" lon="80.237715">
      </trkpt>
      <trkpt lat="13.2988277" lon="80.2390553">
      </trkpt>
      <trkpt lat="13.297862" lon="80.2404187">
      </trkpt>
      <trkpt lat="13.2971974" lon="80.2412742">
      </trkpt>
      <trkpt lat="13.2935839" lon="80.2457144">
      </trkpt>
      <trkpt lat="13.2895763" lon="80.250638">
      </trkpt>
      <trkpt lat="13.2855715" lon="80.2555391">
      </trkpt>
      <trkpt lat="13.2851806" lon="80.2560228">
      </trkpt>
      <trkpt lat="13.2846864" lon="80.2566404">
      </trkpt>
      <trkpt lat="13.2811906" lon="80.2609288">
      </trkpt>
      <trkpt lat="13.2806383" lon="80.2616274">
      </trkpt>
      <trkpt lat="13.2796063" lon="80.2628796">
      </trkpt>
      <trkpt lat="13.2789498" lon="80.2636834">
      </trkpt>
      <trkpt lat="13.2786386" lon="80.2640664">
      </trkpt>
      <trkpt lat="13.2783595" lon="80.2644022">
      </trkpt>
      <trkpt lat="13.2771336" lon="80.2659073">
      </trkpt>
      <trkpt lat="13.2767207" lon="80.2663887">
      </trkpt>
      <trkpt lat="13.2763738" lon="80.2667572">
      </trkpt>
      <trkpt lat="13.2758465" lon="80.2673376">
      </trkpt>
      <trkpt lat="13.2750407" lon="80.2682795">
      </trkpt>
      <trkpt lat="13.2718087" lon="80.2722423">
      </trkpt>
      <trkpt lat="13.2697505" lon="80.2747654">
      </trkpt>
      <trkpt lat="13.2689842" lon="80.2756954">
      </trkpt>
      <trkpt lat="13.2685672" lon="80.276244">
      </trkpt>
      <trkpt lat="13.2680406" lon="80.2769921">
      </trkpt>
      <trkpt lat="13.2674866" lon="80.2778868">
      </trkpt>
      <trkpt lat="13.2658482" lon="80.2808536">
      </trkpt>
      <trkpt lat="13.2656178" lon="80.2812863">
      </trkpt>
      <trkpt lat="13.2653822" lon="80.2817289">
      </trkpt>
      <trkpt lat="13.2650401" lon="80.2823311">
      </trkpt>
      <trkpt lat="13.2645755" lon="80.2831988">
      </trkpt>
      <trkpt lat="13.2641251" lon="80.2840021">
      </trkpt>
      <trkpt lat="13.263633" lon="80.2848819">
      </trkpt>
      <trkpt lat="13.2631919" lon="80.2856986">
      </trkpt>
      <trkpt lat="13.2626514" lon="80.2866669">
      </trkpt>
      <trkpt lat="13.2621019" lon="80.2876847">
      </trkpt>
      <trkpt lat="13.2616528" lon="80.2885002">
      </trkpt>
      <trkpt lat="13.2611464" lon="80.2894376">
      </trkpt>
      <trkpt lat="13.2606673" lon="80.2903174">
      </trkpt>
      <trkpt lat="13.2605577" lon="80.2905147">
      </trkpt>
      <trkpt lat="13.2603103" lon="80.2909336">
      </trkpt>
      <trkpt lat="13.2600976" lon="80.2912685">
      </trkpt>
      <trkpt lat="13.2598924" lon="80.2915591">
      </trkpt>
      <trkpt lat="13.2595323" lon="80.291995">
      </trkpt>
      <trkpt lat="13.2592223" lon="80.2923411">
      </trkpt>
      <trkpt lat="13.2587315" lon="80.2927964">
      </trkpt>
      <trkpt lat="13.2582159" lon="80.2932127">
      </trkpt>
      <trkpt lat="13.2576474" lon="80.2936352">
      </trkpt>
      <trkpt lat="13.2573561" lon="80.2938476">
      </trkpt>
      <trkpt lat="13.256998" lon="80.2941087">
      </trkpt>
      <trkpt lat="13.2564764" lon="80.2945009">
      </trkpt>
      <trkpt lat="13.255767" lon="80.2950259">
      </trkpt>
      <trkpt lat="13.2551457" lon="80.2954806">
      </trkpt>
      <trkpt lat="13.254504" lon="80.295948">
      </trkpt>
      <trkpt lat="13.2540829" lon="80.2962515">
      </trkpt>
      <trkpt lat="13.2533533" lon="80.2968204">
      </trkpt>
      <trkpt lat="13.2529535" lon="80.2971015">
      </trkpt>
      <trkpt lat="13.2526144" lon="80.2973527">
      </trkpt>
      <trkpt lat="13.2519605" lon="80.2978383">
      </trkpt>
      <trkpt lat="13.2513052" lon="80.2983238">
      </trkpt>
      <trkpt lat="13.2505828" lon="80.2988457">
      </trkpt>
      <trkpt lat="13.2502988" lon="80.2990531">
      </trkpt>
      <trkpt lat="13.2497587" lon="80.2994617">
      </trkpt>
      <trkpt lat="13.2492914" lon="80.2998063">
      </trkpt>
      <trkpt lat="13.2486857" lon="80.3002543">
      </trkpt>
      <trkpt lat="13.247892" lon="80.3008202">
      </trkpt>
      <trkpt lat="13.2472384" lon="80.3013006">
      </trkpt>
      <trkpt lat="13.2463886" lon="80.3019403">
      </trkpt>
      <trkpt lat="13.2456354" lon="80.3024929">
      </trkpt>
      <trkpt lat="13.2450296" lon="80.3029247">
      </trkpt>
      <trkpt lat="13.2439409" lon="80.3037374">
      </trkpt>
      <trkpt lat="13.2433851" lon="80.3041965">
      </trkpt>
      <trkpt lat="13.243108" lon="80.3044348">
      </trkpt>
      <trkpt lat="13.2416333" lon="80.305592">
      </trkpt>
      <trkpt lat="13.2411615" lon="80.3059228">
      </trkpt>
      <trkpt lat="13.2405819" lon="80.3063529">
      </trkpt>
      <trkpt lat="13.2395107" lon="80.3071557">
      </trkpt>
      <trkpt lat="13.2382929" lon="80.3080475">
      </trkpt>
      <trkpt lat="13.2374073" lon="80.3087032">
      </trkpt>
      <trkpt lat="13.2372078" lon="80.3088509">
      </trkpt>
      <trkpt lat="13.2363279" lon="80.3094919">
      </trkpt>
      <trkpt lat="13.2352862" lon="80.3102644">
      </trkpt>
      <trkpt lat="13.2343358" lon="80.3109618">
      </trkpt>
      <trkpt lat="13.233482" lon="80.3115841">
      </trkpt>
      <trkpt lat="13.2327222" lon="80.3121446">
      </trkpt>
      <trkpt lat="13.2317639" lon="80.3128501">
      </trkpt>
      <trkpt lat="13.2307616" lon="80.3135922">
      </trkpt>
      <trkpt lat="13.2297535" lon="80.3143521">
      </trkpt>
      <trkpt lat="13.2292984" lon="80.3146707">
      </trkpt>
      <trkpt lat="13.2285268" lon="80.3152267">
      </trkpt>
      <trkpt lat="13.2273364" lon="80.3161092">
      </trkpt>
      <trkpt lat="13.2262792" lon="80.3168787">
      </trkpt>
      <trkpt lat="13.2255885" lon="80.3174172">
      </trkpt>
      <trkpt lat="13.2246395" lon="80.3180755">
      </trkpt>
      <trkpt lat="13.2232536" lon="80.319094">
      </trkpt>
      <trkpt lat="13.2231272" lon="80.3191921">
      </trkpt>
      <trkpt lat="13.2223132" lon="80.3198241">
      </trkpt>
      <trkpt lat="13.2217741" lon="80.3202085">
      </trkpt>
      <trkpt lat="13.2211957" lon="80.3206126">
      </trkpt>
      <trkpt lat="13.2208443" lon="80.3207956">
      </trkpt>
      <trkpt lat="13.2206501" lon="80.3209045">
      </trkpt>
      <trkpt lat="13.2200694" lon="80.3211711">
      </trkpt>
      <trkpt lat="13.2191063" lon="80.3215033">
      </trkpt>
      <trkpt lat="13.2181472" lon="80.3217165">
      </trkpt>
      <trkpt lat="13.2174773" lon="80.3218158">
      </trkpt>
      <trkpt lat="13.2170459" lon="80.321839">
      </trkpt>
      <trkpt lat="13.2164741" lon="80.3218365">
      </trkpt>
      <trkpt lat="13.2159328" lon="80.3217938">
      </trkpt>
      <trkpt lat="13.2152916" lon="80.3217028">
      </trkpt>
      <trkpt lat="13.2146651" lon="80.321529">
      </trkpt>
      <trkpt lat="13.2142046" lon="80.3213659">
      </trkpt>
      <trkpt lat="13.2140722" lon="80.3213074">
      </trkpt>
      <trkpt lat="13.2135913" lon="80.3211017">
      </trkpt>
      <trkpt lat="13.2127618" lon="80.3207352">
      </trkpt>
      <trkpt lat="13.2112412" lon="80.3200401">
      </trkpt>
      <trkpt lat="13.2106537" lon="80.3197641">
      </trkpt>
      <trkpt lat="13.2098038" lon="80.3193658">
      </trkpt>
      <trkpt lat="13.2089628" lon="80.318992">
      </trkpt>
      <trkpt lat="13.2083181" lon="80.3187042">
      </trkpt>
      <trkpt lat="13.2076035" lon="80.3183737">
      </trkpt>
      <trkpt lat="13.2071867" lon="80.3181809">
      </trkpt>
      <trkpt lat="13.2057408" lon="80.3175139">
      </trkpt>
      <trkpt lat="13.204382" lon="80.3169173">
      </trkpt>
      <trkpt lat="13.2024698" lon="80.3160044">
      </trkpt>
      <trkpt lat="13.2016404" lon="80.315646">
      </trkpt>
      <trkpt lat="13.2004401" lon="80.3150916">
      </trkpt>
      <trkpt lat="13.1948736" lon="80.3125615">
      </trkpt>
      <trkpt lat="13.1939537" lon="80.3121189">
      </trkpt>
      <trkpt lat="13.1929578" lon="80.3116812">
      </trkpt>
      <trkpt lat="13.1905391" lon="80.3105839">
      </trkpt>
      <trkpt lat="13.1874911" lon="80.3092012">
      </trkpt>
      <trkpt lat="13.1842112" lon="80.307717">
      </trkpt>
      <trkpt lat="13.1802283" lon="80.3058817">
      </trkpt>
      <trkpt lat="13.1794798" lon="80.3055318">
      </trkpt>
      <trkpt lat="13.178505" lon="80.3050761">
      </trkpt>
      <trkpt lat="13.1764642" lon="80.3041388">
      </trkpt>
      <trkpt lat="13.1730793" lon="80.3025883">
      </trkpt>
      <trkpt lat="13.1723112" lon="80.3022391">
      </trkpt>
      <trkpt lat="13.1714018" lon="80.3018284">
      </trkpt>
      <trkpt lat="13.16957" lon="80.300997">
      </trkpt>
      <trkpt lat="13.1679964" lon="80.300298">
      </trkpt>
      <trkpt lat="13.1671219" lon="80.2998647">
      </trkpt>
      <trkpt lat="13.1664424" lon="80.2995593">
      </trkpt>
      <trkpt lat="13.1656143" lon="80.2991981">
      </trkpt>
      <trkpt lat="13.1650849" lon="80.2989585">
      </trkpt>
      <trkpt lat="13.1647743" lon="80.2988178">
      </trkpt>
      <trkpt lat="13.163566" lon="80.2982803">
      </trkpt>
      <trkpt lat="13.1623245" lon="80.2976969">
      </trkpt>
      <trkpt lat="13.161417" lon="80.2972585">
      </trkpt>
      <trkpt lat="13.1600647" lon="80.2966531">
      </trkpt>
      <trkpt lat="13.1595494" lon="80.2964167">
      </trkpt>
      <trkpt lat="13.1590539" lon="80.2961894">
      </trkpt>
      <trkpt lat="13.1581223" lon="80.2957787">
      </trkpt>
      <trkpt lat="13.1571034" lon="80.2953054">
      </trkpt>
      <trkpt lat="13.1556617" lon="80.2946541">
      </trkpt>
      <trkpt lat="13.1552333" lon="80.2944614">
      </trkpt>
      <trkpt lat="13.1549896" lon="80.2943454">
      </trkpt>
      <trkpt lat="13.15438" lon="80.2940553">
      </trkpt>
      <trkpt lat="13.1534833" lon="80.2936623">
      </trkpt>
      <trkpt lat="13.1527588" lon="80.2933205">
      </trkpt>
      <trkpt lat="13.1513734" lon="80.2927093">
      </trkpt>
      <trkpt lat="13.1508338" lon="80.2925121">
      </trkpt>
      <trkpt lat="13.149917" lon="80.2921477">
      </trkpt>
      <trkpt lat="13.1490931" lon="80.2918013">
      </trkpt>
      <trkpt lat="13.1476989" lon="80.29117">
      </trkpt>
      <trkpt lat="13.1441624" lon="80.2895324">
      </trkpt>
      <trkpt lat="13.1437939" lon="80.289337">
      </trkpt>
      <trkpt lat="13.1432287" lon="80.2890054">
      </trkpt>
      <trkpt lat="13.1428102" lon="80.2888011">
      </trkpt>
      <trkpt lat="13.14151" lon="80.288197">
      </trkpt>
      <trkpt lat="13.139012" lon="80.2870388">
      </trkpt>
      <trkpt lat="13.1360766" lon="80.2857167">
      </trkpt>
      <trkpt lat="13.1344926" lon="80.2850261">
      </trkpt>
      <trkpt lat="13.1314207" lon="80.2836287">
      </trkpt>
      <trkpt lat="13.1304869" lon="80.2832041">
      </trkpt>
      <trkpt lat="13.1292816" lon="80.2826326">
      </trkpt>
      <trkpt lat="13.1284995" lon="80.2822917">
      </trkpt>
      <trkpt lat="13.1274462" lon="80.2818126">
      </trkpt>
      <trkpt lat="13.1246159" lon="80.2805134">
      </trkpt>
      <trkpt lat="13.1229852" lon="80.2797649">
      </trkpt>
      <trkpt lat="13.1218298" lon="80.2792296">
      </trkpt>
      <trkpt lat="13.1197205" lon="80.2782824">
      </trkpt>
      <trkpt lat="13.1187338" lon="80.2778223">
      </trkpt>
      <trkpt lat="13.1182225" lon="80.2775952">
      </trkpt>
      <trkpt lat="13.1178462" lon="80.2774234">
      </trkpt>
      <trkpt lat="13.1176398" lon="80.2773291">
      </trkpt>
      <trkpt lat="13.1171583" lon="80.2771016">
      </trkpt>
      <trkpt lat="13.1164447" lon="80.2767708">
      </trkpt>
      <trkpt lat="13.115853" lon="80.2765035">
      </trkpt>
      <trkpt lat="13.1155522" lon="80.2763677">
      </trkpt>
      <trkpt lat="13.110922" lon="80.2742756">
      </trkpt>
      <trkpt lat="13.1080159" lon="80.2729904">
      </trkpt>
      <trkpt lat="13.1071329" lon="80.2725259">
      </trkpt>
      <trkpt lat="13.1068542" lon="80.2724482">
      </trkpt>
      <trkpt lat="13.1063377" lon="80.2722171">
      </trkpt>
      <trkpt lat="13.1058597" lon="80.2720213">
      </trkpt>
      <trkpt lat="13.1053823" lon="80.2718612">
      </trkpt>
      <trkpt lat="13.1052505" lon="80.2718202">
      </trkpt>
      <trkpt lat="13.1046041" lon="80.2716458">
      </trkpt>
      <trkpt lat="13.1041934" lon="80.2715483">
      </trkpt>
      <trkpt lat="13.1040641" lon="80.2715259">
      </trkpt>
      <trkpt lat="13.1039225" lon="80.2715042">
      </trkpt>
      <trkpt lat="13.1036886" lon="80.2714842">
      </trkpt>
      <trkpt lat="13.1034275" lon="80.2714861">
      </trkpt>
      <trkpt lat="13.1023579" lon="80.2715583">
      </trkpt>
      <trkpt lat="13.1013868" lon="80.2716119">
      </trkpt>
      <trkpt lat="13.1012638" lon="80.2716197">
      </trkpt>
      <trkpt lat="13.1006535" lon="80.2715971">
      </trkpt>
      <trkpt lat="13.0999858" lon="80.2715678">
      </trkpt>
      <trkpt lat="13.0997985" lon="80.2715659">
      </trkpt>
      <trkpt lat="13.0989259" lon="80.2716138">
      </trkpt>
      <trkpt lat="13.0980298" lon="80.2716629">
      </trkpt>
      <trkpt lat="13.0971845" lon="80.2717207">
      </trkpt>
      <trkpt lat="13.0966167" lon="80.2717716">
      </trkpt>
      <trkpt lat="13.0962994" lon="80.2718152">
      </trkpt>
      <trkpt lat="13.0959954" lon="80.2718721">
      </trkpt>
      <trkpt lat="13.0956904" lon="80.2719538">
      </trkpt>
      <trkpt lat="13.0953893" lon="80.272058">
      </trkpt>
      <trkpt lat="13.0950485" lon="80.2722081">
      </trkpt>
      <trkpt lat="13.0946606" lon="80.272408">
      </trkpt>
      <trkpt lat="13.0943066" lon="80.2726009">
      </trkpt>
      <trkpt lat="13.0921122" lon="80.2737867">
      </trkpt>
      <trkpt lat="13.0917773" lon="80.2739807">
      </trkpt>
      <trkpt lat="13.0917414" lon="80.2739999">
      </trkpt>
      <trkpt lat="13.0914019" lon="80.2741752">
      </trkpt>
      <trkpt lat="13.091344" lon="80.2742044">
      </trkpt>
      <trkpt lat="13.0911251" lon="80.2742927">
      </trkpt>
      <trkpt lat="13.090931" lon="80.2743546">
      </trkpt>
      <trkpt lat="13.090728" lon="80.2744187">
      </trkpt>
      <trkpt lat="13.0904716" lon="80.2744732">
      </trkpt>
      <trkpt lat="13.0899338" lon="80.2745529">
      </trkpt>
      <trkpt lat="13.0896238" lon="80.2745943">
      </trkpt>
      <trkpt lat="13.089353" lon="80.2746359">
      </trkpt>
      <trkpt lat="13.0888735" lon="80.2747104">
      </trkpt>
      <trkpt lat="13.0884066" lon="80.2747892">
      </trkpt>
      <trkpt lat="13.0880245" lon="80.2748319">
      </trkpt>
      <trkpt lat="13.08756" lon="80.2749131">
      </trkpt>
      <trkpt lat="13.0835264" lon="80.2755696">
      </trkpt>
    </trkseg>
  </trk>
</gpx>