<?xml version="1.0" encoding="UTF-8"?>
<gpx xmlns="http://www.topografix.com/GPX/1/1" xmlns:xsi="http://www.w3.org/2001/XMLSchema-instance" xsi:schemaLocation="http://www.topografix.com/GPX/1/1 http://www.topografix.com/GPX/1/1/gpx.xsd" version="1.1" creator="gpx.py -- https://github.com/tkrajina/gpxpy">
  <wpt lat="22.5832643" lon="88.3421748">
    <name>Howrah Junction</name>
  </wpt>
  <wpt lat="22.3411023" lon="87.3244574">
    <name>Kharagpur Junction</name>
  </wpt>
  <wpt lat="21.5011226" lon="86.9202314">
    <name>Balasore</name>
  </wpt>
  <wpt lat="21.0691089" lon="86.4782022">
    <name>Bhadrak</name>
  </wpt>
  <wpt lat="20.4653586" lon="85.9010173">
    <name>Cuttack Junction</name>
  </wpt>
  <wpt lat="20.2665449" lon="85.8439525">
    <name>Bhubaneswar</name>
  </wpt>
  <trk>
    <name>Calcuta - Puri (Vies regionals)</name>
    <trkseg>
      <trkpt lat="22.5832643" lon="88.3421748">
      </trkpt>
      <trkpt lat="22.5848123" lon="88.3386624">
      </trkpt>
      <trkpt lat="22.5850087" lon="88.3382721">
      </trkpt>
      <trkpt lat="22.5851686" lon="88.3379989">
      </trkpt>
      <trkpt lat="22.585305" lon="88.3377735">
      </trkpt>
      <trkpt lat="22.5855947" lon="88.33729">
      </trkpt>
      <trkpt lat="22.5858188" lon="88.3369225">
      </trkpt>
      <trkpt lat="22.5860625" lon="88.3365774">
      </trkpt>
      <trkpt lat="22.5863087" lon="88.3362421">
      </trkpt>
      <trkpt lat="22.5865779" lon="88.3359133">
      </trkpt>
      <trkpt lat="22.5867172" lon="88.3357562">
      </trkpt>
      <trkpt lat="22.5868414" lon="88.3356184">
      </trkpt>
      <trkpt lat="22.5870741" lon="88.3353791">
      </trkpt>
      <trkpt lat="22.5872443" lon="88.3352299">
      </trkpt>
      <trkpt lat="22.5875415" lon="88.3349757">
      </trkpt>
      <trkpt lat="22.588003" lon="88.3346608">
      </trkpt>
      <trkpt lat="22.5881246" lon="88.3345736">
      </trkpt>
      <trkpt lat="22.5885159" lon="88.334299">
      </trkpt>
      <trkpt lat="22.5888079" lon="88.3341336">
      </trkpt>
      <trkpt lat="22.5892124" lon="88.3339348">
      </trkpt>
      <trkpt lat="22.5894818" lon="88.3338058">
      </trkpt>
      <trkpt lat="22.5905988" lon="88.3333459">
      </trkpt>
      <trkpt lat="22.5910526" lon="88.3331919">
      </trkpt>
      <trkpt lat="22.5928092" lon="88.332659">
      </trkpt>
      <trkpt lat="22.5936274" lon="88.3324432">
      </trkpt>
      <trkpt lat="22.5942136" lon="88.3323061">
      </trkpt>
      <trkpt lat="22.5945388" lon="88.3322167">
      </trkpt>
      <trkpt lat="22.5948534" lon="88.3321161">
      </trkpt>
      <trkpt lat="22.5951061" lon="88.3320023">
      </trkpt>
      <trkpt lat="22.5953442" lon="88.3318712">
      </trkpt>
      <trkpt lat="22.5955629" lon="88.331722">
      </trkpt>
      <trkpt lat="22.5961613" lon="88.331271">
      </trkpt>
      <trkpt lat="22.5963678" lon="88.3311024">
      </trkpt>
      <trkpt lat="22.5966151" lon="88.3308719">
      </trkpt>
      <trkpt lat="22.5968491" lon="88.3306062">
      </trkpt>
      <trkpt lat="22.5970815" lon="88.3303155">
      </trkpt>
      <trkpt lat="22.5972894" lon="88.3300644">
      </trkpt>
      <trkpt lat="22.5974864" lon="88.3298582">
      </trkpt>
      <trkpt lat="22.5976243" lon="88.3297428">
      </trkpt>
      <trkpt lat="22.5978824" lon="88.3295279">
      </trkpt>
      <trkpt lat="22.5980767" lon="88.3293716">
      </trkpt>
      <trkpt lat="22.598267" lon="88.3292113">
      </trkpt>
      <trkpt lat="22.5984633" lon="88.329024">
      </trkpt>
      <trkpt lat="22.5986588" lon="88.3287921">
      </trkpt>
      <trkpt lat="22.5987935" lon="88.3285839">
      </trkpt>
      <trkpt lat="22.5988941" lon="88.3284084">
      </trkpt>
      <trkpt lat="22.5989942" lon="88.328198">
      </trkpt>
      <trkpt lat="22.5990822" lon="88.3279702">
      </trkpt>
      <trkpt lat="22.5991554" lon="88.3277325">
      </trkpt>
      <trkpt lat="22.5992086" lon="88.3274737">
      </trkpt>
      <trkpt lat="22.5992413" lon="88.3272426">
      </trkpt>
      <trkpt lat="22.5992551" lon="88.3268879">
      </trkpt>
      <trkpt lat="22.5992614" lon="88.3263301">
      </trkpt>
      <trkpt lat="22.5992468" lon="88.3261276">
      </trkpt>
      <trkpt lat="22.5992205" lon="88.325927">
      </trkpt>
      <trkpt lat="22.5989472" lon="88.3243185">
      </trkpt>
      <trkpt lat="22.5989125" lon="88.32408">
      </trkpt>
      <trkpt lat="22.5988912" lon="88.3238833">
      </trkpt>
      <trkpt lat="22.5988758" lon="88.3236218">
      </trkpt>
      <trkpt lat="22.5987448" lon="88.3204532">
      </trkpt>
      <trkpt lat="22.5986197" lon="88.3183122">
      </trkpt>
      <trkpt lat="22.5985407" lon="88.3165691">
      </trkpt>
      <trkpt lat="22.598215" lon="88.3093835">
      </trkpt>
      <trkpt lat="22.5982049" lon="88.3091648">
      </trkpt>
      <trkpt lat="22.598055" lon="88.3057448">
      </trkpt>
      <trkpt lat="22.5979989" lon="88.3050263">
      </trkpt>
      <trkpt lat="22.5978925" lon="88.3043581">
      </trkpt>
      <trkpt lat="22.5977204" lon="88.3037338">
      </trkpt>
      <trkpt lat="22.5975502" lon="88.3032897">
      </trkpt>
      <trkpt lat="22.5973568" lon="88.302875">
      </trkpt>
      <trkpt lat="22.5971228" lon="88.3024728">
      </trkpt>
      <trkpt lat="22.5968998" lon="88.3021437">
      </trkpt>
      <trkpt lat="22.5966935" lon="88.3018778">
      </trkpt>
      <trkpt lat="22.5965175" lon="88.3016746">
      </trkpt>
      <trkpt lat="22.596297" lon="88.3014526">
      </trkpt>
      <trkpt lat="22.595889" lon="88.3010902">
      </trkpt>
      <trkpt lat="22.5955273" lon="88.30082">
      </trkpt>
      <trkpt lat="22.5925607" lon="88.2988192">
      </trkpt>
      <trkpt lat="22.5916828" lon="88.2982334">
      </trkpt>
      <trkpt lat="22.5912224" lon="88.2979082">
      </trkpt>
      <trkpt lat="22.5903256" lon="88.2972339">
      </trkpt>
      <trkpt lat="22.5900854" lon="88.2970691">
      </trkpt>
      <trkpt lat="22.5884368" lon="88.2959725">
      </trkpt>
      <trkpt lat="22.5877138" lon="88.2955091">
      </trkpt>
      <trkpt lat="22.5871884" lon="88.2951532">
      </trkpt>
      <trkpt lat="22.5868785" lon="88.294903">
      </trkpt>
      <trkpt lat="22.5863533" lon="88.2944402">
      </trkpt>
      <trkpt lat="22.5858827" lon="88.2939407">
      </trkpt>
      <trkpt lat="22.5854836" lon="88.293433">
      </trkpt>
      <trkpt lat="22.5851956" lon="88.2930232">
      </trkpt>
      <trkpt lat="22.5849581" lon="88.2926074">
      </trkpt>
      <trkpt lat="22.5846564" lon="88.2920058">
      </trkpt>
      <trkpt lat="22.5844364" lon="88.2914957">
      </trkpt>
      <trkpt lat="22.5842136" lon="88.2908605">
      </trkpt>
      <trkpt lat="22.5840526" lon="88.2902865">
      </trkpt>
      <trkpt lat="22.5840078" lon="88.2900664">
      </trkpt>
      <trkpt lat="22.5839224" lon="88.2895622">
      </trkpt>
      <trkpt lat="22.5838922" lon="88.2893548">
      </trkpt>
      <trkpt lat="22.5838329" lon="88.2887653">
      </trkpt>
      <trkpt lat="22.5838188" lon="88.288408">
      </trkpt>
      <trkpt lat="22.5838132" lon="88.2879041">
      </trkpt>
      <trkpt lat="22.5838386" lon="88.2874123">
      </trkpt>
      <trkpt lat="22.5838739" lon="88.2870928">
      </trkpt>
      <trkpt lat="22.5839639" lon="88.2865337">
      </trkpt>
      <trkpt lat="22.5840245" lon="88.286018">
      </trkpt>
      <trkpt lat="22.5841232" lon="88.2854462">
      </trkpt>
      <trkpt lat="22.5843582" lon="88.283848">
      </trkpt>
      <trkpt lat="22.5844161" lon="88.283356">
      </trkpt>
      <trkpt lat="22.5844365" lon="88.2830863">
      </trkpt>
      <trkpt lat="22.5844506" lon="88.2827554">
      </trkpt>
      <trkpt lat="22.5844569" lon="88.2824043">
      </trkpt>
      <trkpt lat="22.5844291" lon="88.2815604">
      </trkpt>
      <trkpt lat="22.5844004" lon="88.280955">
      </trkpt>
      <trkpt lat="22.5843662" lon="88.2806311">
      </trkpt>
      <trkpt lat="22.5843039" lon="88.2801316">
      </trkpt>
      <trkpt lat="22.584203" lon="88.2795744">
      </trkpt>
      <trkpt lat="22.5839899" lon="88.2786598">
      </trkpt>
      <trkpt lat="22.583892" lon="88.2782338">
      </trkpt>
      <trkpt lat="22.5838083" lon="88.2778474">
      </trkpt>
      <trkpt lat="22.5837263" lon="88.2774035">
      </trkpt>
      <trkpt lat="22.5836676" lon="88.2768101">
      </trkpt>
      <trkpt lat="22.5836445" lon="88.2763092">
      </trkpt>
      <trkpt lat="22.583557" lon="88.2735233">
      </trkpt>
      <trkpt lat="22.5835233" lon="88.2728877">
      </trkpt>
      <trkpt lat="22.5834999" lon="88.272528">
      </trkpt>
      <trkpt lat="22.5834499" lon="88.2721278">
      </trkpt>
      <trkpt lat="22.5832907" lon="88.271085">
      </trkpt>
      <trkpt lat="22.5832302" lon="88.2706373">
      </trkpt>
      <trkpt lat="22.5831848" lon="88.2700533">
      </trkpt>
      <trkpt lat="22.5831615" lon="88.2694551">
      </trkpt>
      <trkpt lat="22.5831597" lon="88.2693405">
      </trkpt>
      <trkpt lat="22.5831479" lon="88.2690341">
      </trkpt>
      <trkpt lat="22.5831284" lon="88.268238">
      </trkpt>
      <trkpt lat="22.5830638" lon="88.265962">
      </trkpt>
      <trkpt lat="22.5830195" lon="88.2651608">
      </trkpt>
      <trkpt lat="22.5829293" lon="88.2643825">
      </trkpt>
      <trkpt lat="22.5828086" lon="88.2636005">
      </trkpt>
      <trkpt lat="22.5826576" lon="88.2628166">
      </trkpt>
      <trkpt lat="22.5824695" lon="88.2620077">
      </trkpt>
      <trkpt lat="22.5822827" lon="88.2613713">
      </trkpt>
      <trkpt lat="22.5819148" lon="88.2603192">
      </trkpt>
      <trkpt lat="22.5807926" lon="88.257581">
      </trkpt>
      <trkpt lat="22.5799364" lon="88.2555298">
      </trkpt>
      <trkpt lat="22.5797074" lon="88.254942">
      </trkpt>
      <trkpt lat="22.5782681" lon="88.2514348">
      </trkpt>
      <trkpt lat="22.5772443" lon="88.2489285">
      </trkpt>
      <trkpt lat="22.5771564" lon="88.2486892">
      </trkpt>
      <trkpt lat="22.5768796" lon="88.2478597">
      </trkpt>
      <trkpt lat="22.5766654" lon="88.2471724">
      </trkpt>
      <trkpt lat="22.5764544" lon="88.2463444">
      </trkpt>
      <trkpt lat="22.5763496" lon="88.2458047">
      </trkpt>
      <trkpt lat="22.5760719" lon="88.2438907">
      </trkpt>
      <trkpt lat="22.5759945" lon="88.2432726">
      </trkpt>
      <trkpt lat="22.5755449" lon="88.239765">
      </trkpt>
      <trkpt lat="22.5752517" lon="88.2374143">
      </trkpt>
      <trkpt lat="22.5749222" lon="88.2348641">
      </trkpt>
      <trkpt lat="22.5748287" lon="88.2341528">
      </trkpt>
      <trkpt lat="22.5747844" lon="88.233816">
      </trkpt>
      <trkpt lat="22.5745165" lon="88.2317563">
      </trkpt>
      <trkpt lat="22.5744721" lon="88.2314148">
      </trkpt>
      <trkpt lat="22.5744054" lon="88.2309431">
      </trkpt>
      <trkpt lat="22.574281" lon="88.2298198">
      </trkpt>
      <trkpt lat="22.5736196" lon="88.224584">
      </trkpt>
      <trkpt lat="22.5734931" lon="88.2238201">
      </trkpt>
      <trkpt lat="22.5732823" lon="88.2229141">
      </trkpt>
      <trkpt lat="22.5729414" lon="88.2217436">
      </trkpt>
      <trkpt lat="22.5724732" lon="88.220504">
      </trkpt>
      <trkpt lat="22.5719772" lon="88.2193699">
      </trkpt>
      <trkpt lat="22.5713717" lon="88.2182379">
      </trkpt>
      <trkpt lat="22.5708338" lon="88.2174026">
      </trkpt>
      <trkpt lat="22.5703113" lon="88.2166865">
      </trkpt>
      <trkpt lat="22.5698403" lon="88.216077">
      </trkpt>
      <trkpt lat="22.5690489" lon="88.2151922">
      </trkpt>
      <trkpt lat="22.5682221" lon="88.2143816">
      </trkpt>
      <trkpt lat="22.566867" lon="88.2132705">
      </trkpt>
      <trkpt lat="22.5667179" lon="88.2131585">
      </trkpt>
      <trkpt lat="22.5667165" lon="88.2131575">
      </trkpt>
      <trkpt lat="22.5658094" lon="88.2124687">
      </trkpt>
      <trkpt lat="22.5630373" lon="88.2104937">
      </trkpt>
      <trkpt lat="22.5608323" lon="88.2089142">
      </trkpt>
      <trkpt lat="22.56021" lon="88.2084759">
      </trkpt>
      <trkpt lat="22.5587857" lon="88.2074228">
      </trkpt>
      <trkpt lat="22.5576762" lon="88.2066348">
      </trkpt>
      <trkpt lat="22.5573694" lon="88.2064077">
      </trkpt>
      <trkpt lat="22.5560713" lon="88.2054782">
      </trkpt>
      <trkpt lat="22.5535842" lon="88.2036634">
      </trkpt>
      <trkpt lat="22.5522188" lon="88.2026367">
      </trkpt>
      <trkpt lat="22.5505831" lon="88.2013538">
      </trkpt>
      <trkpt lat="22.550489" lon="88.2012804">
      </trkpt>
      <trkpt lat="22.5472676" lon="88.1989559">
      </trkpt>
      <trkpt lat="22.546259" lon="88.1983186">
      </trkpt>
      <trkpt lat="22.5459507" lon="88.1980976">
      </trkpt>
      <trkpt lat="22.5452757" lon="88.1976116">
      </trkpt>
      <trkpt lat="22.5417817" lon="88.1950786">
      </trkpt>
      <trkpt lat="22.5386544" lon="88.1928096">
      </trkpt>
      <trkpt lat="22.5360382" lon="88.1909633">
      </trkpt>
      <trkpt lat="22.5359633" lon="88.1909096">
      </trkpt>
      <trkpt lat="22.5347452" lon="88.1900012">
      </trkpt>
      <trkpt lat="22.5336598" lon="88.1892266">
      </trkpt>
      <trkpt lat="22.5314918" lon="88.1876709">
      </trkpt>
      <trkpt lat="22.5310619" lon="88.1873609">
      </trkpt>
      <trkpt lat="22.5292" lon="88.1860181">
      </trkpt>
      <trkpt lat="22.5282456" lon="88.1852954">
      </trkpt>
      <trkpt lat="22.5263546" lon="88.1839188">
      </trkpt>
      <trkpt lat="22.5252753" lon="88.1831293">
      </trkpt>
      <trkpt lat="22.5246088" lon="88.1826417">
      </trkpt>
      <trkpt lat="22.5228969" lon="88.1814246">
      </trkpt>
      <trkpt lat="22.5211845" lon="88.1802105">
      </trkpt>
      <trkpt lat="22.5184931" lon="88.1777333">
      </trkpt>
      <trkpt lat="22.518296" lon="88.1775478">
      </trkpt>
      <trkpt lat="22.5135643" lon="88.1731694">
      </trkpt>
      <trkpt lat="22.5114505" lon="88.1711899">
      </trkpt>
      <trkpt lat="22.5098144" lon="88.1696578">
      </trkpt>
      <trkpt lat="22.5075159" lon="88.1673807">
      </trkpt>
      <trkpt lat="22.5074872" lon="88.1673528">
      </trkpt>
      <trkpt lat="22.5062945" lon="88.1661932">
      </trkpt>
      <trkpt lat="22.5051034" lon="88.1650259">
      </trkpt>
      <trkpt lat="22.504119" lon="88.1641297">
      </trkpt>
      <trkpt lat="22.5031768" lon="88.1632667">
      </trkpt>
      <trkpt lat="22.502904" lon="88.1629959">
      </trkpt>
      <trkpt lat="22.5026613" lon="88.1627551">
      </trkpt>
      <trkpt lat="22.5015266" lon="88.1617211">
      </trkpt>
      <trkpt lat="22.5000922" lon="88.1605003">
      </trkpt>
      <trkpt lat="22.4993136" lon="88.1597883">
      </trkpt>
      <trkpt lat="22.4992595" lon="88.1597388">
      </trkpt>
      <trkpt lat="22.4985333" lon="88.1590481">
      </trkpt>
      <trkpt lat="22.4961752" lon="88.1570334">
      </trkpt>
      <trkpt lat="22.4938217" lon="88.1548973">
      </trkpt>
      <trkpt lat="22.4931901" lon="88.1542188">
      </trkpt>
      <trkpt lat="22.4927314" lon="88.1536727">
      </trkpt>
      <trkpt lat="22.4923461" lon="88.153074">
      </trkpt>
      <trkpt lat="22.4917249" lon="88.1518012">
      </trkpt>
      <trkpt lat="22.4913496" lon="88.1508258">
      </trkpt>
      <trkpt lat="22.4912031" lon="88.1504472">
      </trkpt>
      <trkpt lat="22.4904663" lon="88.1485931">
      </trkpt>
      <trkpt lat="22.4898616" lon="88.1470122">
      </trkpt>
      <trkpt lat="22.4898113" lon="88.1468808">
      </trkpt>
      <trkpt lat="22.489529" lon="88.1461437">
      </trkpt>
      <trkpt lat="22.4891898" lon="88.1452779">
      </trkpt>
      <trkpt lat="22.4882942" lon="88.1429682">
      </trkpt>
      <trkpt lat="22.4880404" lon="88.1423135">
      </trkpt>
      <trkpt lat="22.4872772" lon="88.1404245">
      </trkpt>
      <trkpt lat="22.4846063" lon="88.1335485">
      </trkpt>
      <trkpt lat="22.4845577" lon="88.1334169">
      </trkpt>
      <trkpt lat="22.4843466" lon="88.1328453">
      </trkpt>
      <trkpt lat="22.4840191" lon="88.1319585">
      </trkpt>
      <trkpt lat="22.4821371" lon="88.127117">
      </trkpt>
      <trkpt lat="22.4818312" lon="88.1263301">
      </trkpt>
      <trkpt lat="22.4812741" lon="88.1248992">
      </trkpt>
      <trkpt lat="22.4807168" lon="88.1234732">
      </trkpt>
      <trkpt lat="22.480595" lon="88.1231537">
      </trkpt>
      <trkpt lat="22.4802683" lon="88.1223235">
      </trkpt>
      <trkpt lat="22.480209" lon="88.1221693">
      </trkpt>
      <trkpt lat="22.4798435" lon="88.1212384">
      </trkpt>
      <trkpt lat="22.4794541" lon="88.1202468">
      </trkpt>
      <trkpt lat="22.4784038" lon="88.1175621">
      </trkpt>
      <trkpt lat="22.476215" lon="88.1119594">
      </trkpt>
      <trkpt lat="22.4759391" lon="88.1112532">
      </trkpt>
      <trkpt lat="22.475541" lon="88.110236">
      </trkpt>
      <trkpt lat="22.4737413" lon="88.1056363">
      </trkpt>
      <trkpt lat="22.4733971" lon="88.1047627">
      </trkpt>
      <trkpt lat="22.4731331" lon="88.1040869">
      </trkpt>
      <trkpt lat="22.4728951" lon="88.1034154">
      </trkpt>
      <trkpt lat="22.4727601" lon="88.1029676">
      </trkpt>
      <trkpt lat="22.472682" lon="88.1026697">
      </trkpt>
      <trkpt lat="22.4725915" lon="88.1022875">
      </trkpt>
      <trkpt lat="22.472521" lon="88.1019616">
      </trkpt>
      <trkpt lat="22.4724917" lon="88.1018044">
      </trkpt>
      <trkpt lat="22.4724391" lon="88.1015217">
      </trkpt>
      <trkpt lat="22.4723592" lon="88.1009725">
      </trkpt>
      <trkpt lat="22.4722891" lon="88.100308">
      </trkpt>
      <trkpt lat="22.4722686" lon="88.0998089">
      </trkpt>
      <trkpt lat="22.4722647" lon="88.0992951">
      </trkpt>
      <trkpt lat="22.472273" lon="88.0987792">
      </trkpt>
      <trkpt lat="22.4722872" lon="88.0983904">
      </trkpt>
      <trkpt lat="22.4722999" lon="88.0981398">
      </trkpt>
      <trkpt lat="22.4723721" lon="88.0973335">
      </trkpt>
      <trkpt lat="22.4724351" lon="88.0967919">
      </trkpt>
      <trkpt lat="22.4725648" lon="88.0957999">
      </trkpt>
      <trkpt lat="22.4726014" lon="88.0955438">
      </trkpt>
      <trkpt lat="22.4726287" lon="88.0953117">
      </trkpt>
      <trkpt lat="22.4726513" lon="88.0950885">
      </trkpt>
      <trkpt lat="22.4726683" lon="88.0948806">
      </trkpt>
      <trkpt lat="22.4726789" lon="88.0946573">
      </trkpt>
      <trkpt lat="22.4727566" lon="88.0922433">
      </trkpt>
      <trkpt lat="22.4727582" lon="88.091967">
      </trkpt>
      <trkpt lat="22.472735" lon="88.0906965">
      </trkpt>
      <trkpt lat="22.4727131" lon="88.0889979">
      </trkpt>
      <trkpt lat="22.4727102" lon="88.0878813">
      </trkpt>
      <trkpt lat="22.4727161" lon="88.0874246">
      </trkpt>
      <trkpt lat="22.4727511" lon="88.0862304">
      </trkpt>
      <trkpt lat="22.4727734" lon="88.08547">
      </trkpt>
      <trkpt lat="22.4728254" lon="88.0834314">
      </trkpt>
      <trkpt lat="22.472832" lon="88.0812047">
      </trkpt>
      <trkpt lat="22.4728883" lon="88.0795304">
      </trkpt>
      <trkpt lat="22.4729722" lon="88.0772858">
      </trkpt>
      <trkpt lat="22.4730568" lon="88.0744546">
      </trkpt>
      <trkpt lat="22.4730883" lon="88.0735218">
      </trkpt>
      <trkpt lat="22.4731617" lon="88.0713486">
      </trkpt>
      <trkpt lat="22.473422" lon="88.0650809">
      </trkpt>
      <trkpt lat="22.4735369" lon="88.0609629">
      </trkpt>
      <trkpt lat="22.4736948" lon="88.0566119">
      </trkpt>
      <trkpt lat="22.4738193" lon="88.0531777">
      </trkpt>
      <trkpt lat="22.4738377" lon="88.052711">
      </trkpt>
      <trkpt lat="22.4738511" lon="88.0523718">
      </trkpt>
      <trkpt lat="22.4739057" lon="88.0509864">
      </trkpt>
      <trkpt lat="22.4739421" lon="88.0499764">
      </trkpt>
      <trkpt lat="22.4740098" lon="88.04877">
      </trkpt>
      <trkpt lat="22.4740616" lon="88.0469265">
      </trkpt>
      <trkpt lat="22.474138" lon="88.0450811">
      </trkpt>
      <trkpt lat="22.4742418" lon="88.0419896">
      </trkpt>
      <trkpt lat="22.4742837" lon="88.0407427">
      </trkpt>
      <trkpt lat="22.474344" lon="88.0390432">
      </trkpt>
      <trkpt lat="22.474438" lon="88.0362508">
      </trkpt>
      <trkpt lat="22.4744496" lon="88.0359414">
      </trkpt>
      <trkpt lat="22.4746359" lon="88.030558">
      </trkpt>
      <trkpt lat="22.4746625" lon="88.0298939">
      </trkpt>
      <trkpt lat="22.4746667" lon="88.029516">
      </trkpt>
      <trkpt lat="22.4746644" lon="88.0291592">
      </trkpt>
      <trkpt lat="22.4746426" lon="88.028494">
      </trkpt>
      <trkpt lat="22.4746061" lon="88.0278874">
      </trkpt>
      <trkpt lat="22.4745536" lon="88.0272491">
      </trkpt>
      <trkpt lat="22.4744768" lon="88.026658">
      </trkpt>
      <trkpt lat="22.4743937" lon="88.026185">
      </trkpt>
      <trkpt lat="22.474272" lon="88.0255917">
      </trkpt>
      <trkpt lat="22.474151" lon="88.0250697">
      </trkpt>
      <trkpt lat="22.4740276" lon="88.0246016">
      </trkpt>
      <trkpt lat="22.4739002" lon="88.0241507">
      </trkpt>
      <trkpt lat="22.4737654" lon="88.0237186">
      </trkpt>
      <trkpt lat="22.4736185" lon="88.0232936">
      </trkpt>
      <trkpt lat="22.4734592" lon="88.0228632">
      </trkpt>
      <trkpt lat="22.4733027" lon="88.0224806">
      </trkpt>
      <trkpt lat="22.4731553" lon="88.0221549">
      </trkpt>
      <trkpt lat="22.4727439" lon="88.0213071">
      </trkpt>
      <trkpt lat="22.471858" lon="88.0195702">
      </trkpt>
      <trkpt lat="22.4712034" lon="88.0182889">
      </trkpt>
      <trkpt lat="22.4709265" lon="88.0177349">
      </trkpt>
      <trkpt lat="22.4693348" lon="88.0146124">
      </trkpt>
      <trkpt lat="22.4681543" lon="88.012314">
      </trkpt>
      <trkpt lat="22.4672935" lon="88.0105773">
      </trkpt>
      <trkpt lat="22.4671422" lon="88.010272">
      </trkpt>
      <trkpt lat="22.4669046" lon="88.0097237">
      </trkpt>
      <trkpt lat="22.4666881" lon="88.0091451">
      </trkpt>
      <trkpt lat="22.4664794" lon="88.0085303">
      </trkpt>
      <trkpt lat="22.4662183" lon="88.0076443">
      </trkpt>
      <trkpt lat="22.4662043" lon="88.007584">
      </trkpt>
      <trkpt lat="22.4660386" lon="88.0068763">
      </trkpt>
      <trkpt lat="22.4659001" lon="88.0060761">
      </trkpt>
      <trkpt lat="22.4658152" lon="88.0055302">
      </trkpt>
      <trkpt lat="22.4657536" lon="88.0050887">
      </trkpt>
      <trkpt lat="22.4656695" lon="88.0042764">
      </trkpt>
      <trkpt lat="22.465639" lon="88.003837">
      </trkpt>
      <trkpt lat="22.4656217" lon="88.0034401">
      </trkpt>
      <trkpt lat="22.4656128" lon="88.0026682">
      </trkpt>
      <trkpt lat="22.4656316" lon="88.0020203">
      </trkpt>
      <trkpt lat="22.4656477" lon="88.001647">
      </trkpt>
      <trkpt lat="22.4656789" lon="88.0013221">
      </trkpt>
      <trkpt lat="22.4657772" lon="88.0003692">
      </trkpt>
      <trkpt lat="22.4660151" lon="87.9983037">
      </trkpt>
      <trkpt lat="22.4662666" lon="87.9960776">
      </trkpt>
      <trkpt lat="22.4663559" lon="87.9948744">
      </trkpt>
      <trkpt lat="22.466365" lon="87.9946375">
      </trkpt>
      <trkpt lat="22.4663662" lon="87.9944005">
      </trkpt>
      <trkpt lat="22.4663597" lon="87.9941635">
      </trkpt>
      <trkpt lat="22.4663463" lon="87.9939413">
      </trkpt>
      <trkpt lat="22.4663261" lon="87.9937197">
      </trkpt>
      <trkpt lat="22.466231" lon="87.9930419">
      </trkpt>
      <trkpt lat="22.4642001" lon="87.9807279">
      </trkpt>
      <trkpt lat="22.4640231" lon="87.9795276">
      </trkpt>
      <trkpt lat="22.4634767" lon="87.9762375">
      </trkpt>
      <trkpt lat="22.463444" lon="87.9760356">
      </trkpt>
      <trkpt lat="22.4634188" lon="87.9758565">
      </trkpt>
      <trkpt lat="22.4628226" lon="87.9721973">
      </trkpt>
      <trkpt lat="22.4625821" lon="87.9707002">
      </trkpt>
      <trkpt lat="22.462064" lon="87.9675521">
      </trkpt>
      <trkpt lat="22.4615958" lon="87.9648156">
      </trkpt>
      <trkpt lat="22.4615695" lon="87.9646617">
      </trkpt>
      <trkpt lat="22.4610241" lon="87.9614736">
      </trkpt>
      <trkpt lat="22.4578935" lon="87.9426788">
      </trkpt>
      <trkpt lat="22.456507" lon="87.9344465">
      </trkpt>
      <trkpt lat="22.455855" lon="87.9304102">
      </trkpt>
      <trkpt lat="22.4542945" lon="87.9210597">
      </trkpt>
      <trkpt lat="22.4542655" lon="87.9208934">
      </trkpt>
      <trkpt lat="22.4542381" lon="87.9207363">
      </trkpt>
      <trkpt lat="22.4541526" lon="87.9203158">
      </trkpt>
      <trkpt lat="22.4536655" lon="87.9173463">
      </trkpt>
      <trkpt lat="22.4535058" lon="87.9163147">
      </trkpt>
      <trkpt lat="22.4530627" lon="87.9137294">
      </trkpt>
      <trkpt lat="22.4530566" lon="87.913694">
      </trkpt>
      <trkpt lat="22.4525104" lon="87.9103829">
      </trkpt>
      <trkpt lat="22.4524756" lon="87.9101802">
      </trkpt>
      <trkpt lat="22.4524481" lon="87.9100202">
      </trkpt>
      <trkpt lat="22.4512859" lon="87.9030357">
      </trkpt>
      <trkpt lat="22.4511506" lon="87.9023355">
      </trkpt>
      <trkpt lat="22.4510657" lon="87.9019613">
      </trkpt>
      <trkpt lat="22.4507247" lon="87.9007717">
      </trkpt>
      <trkpt lat="22.4504982" lon="87.9000821">
      </trkpt>
      <trkpt lat="22.4502085" lon="87.8992901">
      </trkpt>
      <trkpt lat="22.449895" lon="87.8986267">
      </trkpt>
      <trkpt lat="22.4496724" lon="87.8981396">
      </trkpt>
      <trkpt lat="22.4493805" lon="87.8975546">
      </trkpt>
      <trkpt lat="22.4490606" lon="87.897019">
      </trkpt>
      <trkpt lat="22.4487596" lon="87.8965321">
      </trkpt>
      <trkpt lat="22.4481426" lon="87.8956337">
      </trkpt>
      <trkpt lat="22.4474947" lon="87.8948147">
      </trkpt>
      <trkpt lat="22.4460986" lon="87.8932528">
      </trkpt>
      <trkpt lat="22.4410942" lon="87.8876709">
      </trkpt>
      <trkpt lat="22.4360376" lon="87.8820039">
      </trkpt>
      <trkpt lat="22.4357559" lon="87.881681">
      </trkpt>
      <trkpt lat="22.4354924" lon="87.8813794">
      </trkpt>
      <trkpt lat="22.4352626" lon="87.8811045">
      </trkpt>
      <trkpt lat="22.4336626" lon="87.8792902">
      </trkpt>
      <trkpt lat="22.4313512" lon="87.8766879">
      </trkpt>
      <trkpt lat="22.429077" lon="87.8741432">
      </trkpt>
      <trkpt lat="22.4288194" lon="87.8738468">
      </trkpt>
      <trkpt lat="22.426506" lon="87.8712504">
      </trkpt>
      <trkpt lat="22.4260629" lon="87.8707338">
      </trkpt>
      <trkpt lat="22.4189293" lon="87.8628875">
      </trkpt>
      <trkpt lat="22.4178651" lon="87.8616914">
      </trkpt>
      <trkpt lat="22.4173661" lon="87.8610836">
      </trkpt>
      <trkpt lat="22.4172871" lon="87.8609986">
      </trkpt>
      <trkpt lat="22.4168433" lon="87.8605213">
      </trkpt>
      <trkpt lat="22.4164917" lon="87.8600944">
      </trkpt>
      <trkpt lat="22.4153008" lon="87.8585937">
      </trkpt>
      <trkpt lat="22.4151667" lon="87.8584325">
      </trkpt>
      <trkpt lat="22.4149928" lon="87.8582228">
      </trkpt>
      <trkpt lat="22.4120523" lon="87.8549341">
      </trkpt>
      <trkpt lat="22.4106034" lon="87.8532672">
      </trkpt>
      <trkpt lat="22.4101438" lon="87.8527309">
      </trkpt>
      <trkpt lat="22.4100042" lon="87.8525464">
      </trkpt>
      <trkpt lat="22.4096384" lon="87.8520403">
      </trkpt>
      <trkpt lat="22.4091635" lon="87.8512969">
      </trkpt>
      <trkpt lat="22.4088954" lon="87.8508305">
      </trkpt>
      <trkpt lat="22.4081039" lon="87.8493698">
      </trkpt>
      <trkpt lat="22.4078842" lon="87.8489432">
      </trkpt>
      <trkpt lat="22.4076936" lon="87.8485496">
      </trkpt>
      <trkpt lat="22.4076114" lon="87.8483799">
      </trkpt>
      <trkpt lat="22.4074125" lon="87.8478898">
      </trkpt>
      <trkpt lat="22.4072299" lon="87.8473799">
      </trkpt>
      <trkpt lat="22.4070718" lon="87.8468607">
      </trkpt>
      <trkpt lat="22.40691" lon="87.846214">
      </trkpt>
      <trkpt lat="22.4067882" lon="87.8456623">
      </trkpt>
      <trkpt lat="22.4033715" lon="87.8297231">
      </trkpt>
      <trkpt lat="22.4027904" lon="87.82703">
      </trkpt>
      <trkpt lat="22.4026494" lon="87.8262899">
      </trkpt>
      <trkpt lat="22.4025393" lon="87.8254605">
      </trkpt>
      <trkpt lat="22.4024774" lon="87.8246967">
      </trkpt>
      <trkpt lat="22.4024089" lon="87.8226927">
      </trkpt>
      <trkpt lat="22.4021678" lon="87.814247">
      </trkpt>
      <trkpt lat="22.4021529" lon="87.8138559">
      </trkpt>
      <trkpt lat="22.4021483" lon="87.8136983">
      </trkpt>
      <trkpt lat="22.4020886" lon="87.8116675">
      </trkpt>
      <trkpt lat="22.4020812" lon="87.8114175">
      </trkpt>
      <trkpt lat="22.4019603" lon="87.8075648">
      </trkpt>
      <trkpt lat="22.4018297" lon="87.8028987">
      </trkpt>
      <trkpt lat="22.4017314" lon="87.7999219">
      </trkpt>
      <trkpt lat="22.401705" lon="87.7990168">
      </trkpt>
      <trkpt lat="22.4016196" lon="87.7957256">
      </trkpt>
      <trkpt lat="22.4015324" lon="87.7930053">
      </trkpt>
      <trkpt lat="22.4015258" lon="87.7927476">
      </trkpt>
      <trkpt lat="22.4014545" lon="87.7902395">
      </trkpt>
      <trkpt lat="22.4014285" lon="87.7893555">
      </trkpt>
      <trkpt lat="22.4012478" lon="87.7832135">
      </trkpt>
      <trkpt lat="22.4012238" lon="87.78254">
      </trkpt>
      <trkpt lat="22.4011698" lon="87.7818259">
      </trkpt>
      <trkpt lat="22.4010957" lon="87.781107">
      </trkpt>
      <trkpt lat="22.4009872" lon="87.7803599">
      </trkpt>
      <trkpt lat="22.4008607" lon="87.7796938">
      </trkpt>
      <trkpt lat="22.3994259" lon="87.772745">
      </trkpt>
      <trkpt lat="22.398131" lon="87.7666121">
      </trkpt>
      <trkpt lat="22.3975352" lon="87.7638668">
      </trkpt>
      <trkpt lat="22.3948512" lon="87.7509313">
      </trkpt>
      <trkpt lat="22.3942939" lon="87.7484115">
      </trkpt>
      <trkpt lat="22.3942662" lon="87.7482775">
      </trkpt>
      <trkpt lat="22.3940665" lon="87.747306">
      </trkpt>
      <trkpt lat="22.393892" lon="87.7461693">
      </trkpt>
      <trkpt lat="22.3937916" lon="87.7455564">
      </trkpt>
      <trkpt lat="22.3936948" lon="87.7450789">
      </trkpt>
      <trkpt lat="22.3935445" lon="87.744345">
      </trkpt>
      <trkpt lat="22.392892" lon="87.7412501">
      </trkpt>
      <trkpt lat="22.3927835" lon="87.7407224">
      </trkpt>
      <trkpt lat="22.3926607" lon="87.7402107">
      </trkpt>
      <trkpt lat="22.3925082" lon="87.7395938">
      </trkpt>
      <trkpt lat="22.392297" lon="87.7388315">
      </trkpt>
      <trkpt lat="22.392192" lon="87.7384526">
      </trkpt>
      <trkpt lat="22.3920581" lon="87.7379443">
      </trkpt>
      <trkpt lat="22.3917175" lon="87.7364059">
      </trkpt>
      <trkpt lat="22.3917144" lon="87.7363926">
      </trkpt>
      <trkpt lat="22.3916078" lon="87.7359328">
      </trkpt>
      <trkpt lat="22.3914772" lon="87.7352809">
      </trkpt>
      <trkpt lat="22.3914261" lon="87.7350262">
      </trkpt>
      <trkpt lat="22.3913123" lon="87.7344584">
      </trkpt>
      <trkpt lat="22.3903911" lon="87.7298367">
      </trkpt>
      <trkpt lat="22.3901646" lon="87.7286474">
      </trkpt>
      <trkpt lat="22.3896755" lon="87.7263542">
      </trkpt>
      <trkpt lat="22.3893869" lon="87.7250185">
      </trkpt>
      <trkpt lat="22.3887407" lon="87.722093">
      </trkpt>
      <trkpt lat="22.3886121" lon="87.7213613">
      </trkpt>
      <trkpt lat="22.3884249" lon="87.7204603">
      </trkpt>
      <trkpt lat="22.3881862" lon="87.7195468">
      </trkpt>
      <trkpt lat="22.3879117" lon="87.71873">
      </trkpt>
      <trkpt lat="22.3876011" lon="87.7179015">
      </trkpt>
      <trkpt lat="22.387277" lon="87.7171434">
      </trkpt>
      <trkpt lat="22.3869393" lon="87.7164504">
      </trkpt>
      <trkpt lat="22.3866177" lon="87.7158363">
      </trkpt>
      <trkpt lat="22.3861606" lon="87.7150905">
      </trkpt>
      <trkpt lat="22.385643" lon="87.7142951">
      </trkpt>
      <trkpt lat="22.3837439" lon="87.7114111">
      </trkpt>
      <trkpt lat="22.3824253" lon="87.7094338">
      </trkpt>
      <trkpt lat="22.3811493" lon="87.707501">
      </trkpt>
      <trkpt lat="22.3802378" lon="87.7061305">
      </trkpt>
      <trkpt lat="22.3789625" lon="87.7042191">
      </trkpt>
      <trkpt lat="22.3782714" lon="87.7031832">
      </trkpt>
      <trkpt lat="22.3777291" lon="87.7023397">
      </trkpt>
      <trkpt lat="22.3772339" lon="87.7015835">
      </trkpt>
      <trkpt lat="22.376899" lon="87.7010721">
      </trkpt>
      <trkpt lat="22.3759355" lon="87.6991505">
      </trkpt>
      <trkpt lat="22.3755853" lon="87.6983378">
      </trkpt>
      <trkpt lat="22.3755642" lon="87.6982889">
      </trkpt>
      <trkpt lat="22.3750744" lon="87.6966819">
      </trkpt>
      <trkpt lat="22.3750637" lon="87.6966469">
      </trkpt>
      <trkpt lat="22.374811" lon="87.6955264">
      </trkpt>
      <trkpt lat="22.37452" lon="87.6942359">
      </trkpt>
      <trkpt lat="22.3744004" lon="87.6937058">
      </trkpt>
      <trkpt lat="22.3738999" lon="87.6914413">
      </trkpt>
      <trkpt lat="22.3732116" lon="87.6889603">
      </trkpt>
      <trkpt lat="22.3729196" lon="87.6877965">
      </trkpt>
      <trkpt lat="22.3723565" lon="87.6852298">
      </trkpt>
      <trkpt lat="22.3715166" lon="87.6814769">
      </trkpt>
      <trkpt lat="22.3714388" lon="87.6811293">
      </trkpt>
      <trkpt lat="22.3712351" lon="87.6801637">
      </trkpt>
      <trkpt lat="22.3705669" lon="87.6769973">
      </trkpt>
      <trkpt lat="22.3695969" lon="87.6724365">
      </trkpt>
      <trkpt lat="22.3695918" lon="87.6724132">
      </trkpt>
      <trkpt lat="22.3685479" lon="87.667777">
      </trkpt>
      <trkpt lat="22.3676249" lon="87.6631768">
      </trkpt>
      <trkpt lat="22.3674037" lon="87.6621164">
      </trkpt>
      <trkpt lat="22.3669034" lon="87.6598947">
      </trkpt>
      <trkpt lat="22.3653823" lon="87.6530352">
      </trkpt>
      <trkpt lat="22.3651254" lon="87.6517984">
      </trkpt>
      <trkpt lat="22.3645861" lon="87.6494512">
      </trkpt>
      <trkpt lat="22.3639151" lon="87.6461815">
      </trkpt>
      <trkpt lat="22.3632762" lon="87.6434034">
      </trkpt>
      <trkpt lat="22.3632491" lon="87.6432782">
      </trkpt>
      <trkpt lat="22.3624209" lon="87.6394256">
      </trkpt>
      <trkpt lat="22.3619895" lon="87.6374187">
      </trkpt>
      <trkpt lat="22.3606355" lon="87.6311286">
      </trkpt>
      <trkpt lat="22.3598107" lon="87.627265">
      </trkpt>
      <trkpt lat="22.359196" lon="87.6243856">
      </trkpt>
      <trkpt lat="22.357641" lon="87.6170989">
      </trkpt>
      <trkpt lat="22.3575765" lon="87.6167973">
      </trkpt>
      <trkpt lat="22.3571721" lon="87.6146846">
      </trkpt>
      <trkpt lat="22.3571045" lon="87.6143317">
      </trkpt>
      <trkpt lat="22.3569445" lon="87.6136002">
      </trkpt>
      <trkpt lat="22.3565883" lon="87.6119713">
      </trkpt>
      <trkpt lat="22.3561655" lon="87.6100877">
      </trkpt>
      <trkpt lat="22.3557775" lon="87.6084593">
      </trkpt>
      <trkpt lat="22.3556783" lon="87.6080009">
      </trkpt>
      <trkpt lat="22.3550766" lon="87.6052204">
      </trkpt>
      <trkpt lat="22.3541614" lon="87.6009081">
      </trkpt>
      <trkpt lat="22.3538167" lon="87.5992841">
      </trkpt>
      <trkpt lat="22.3536922" lon="87.5986026">
      </trkpt>
      <trkpt lat="22.3536221" lon="87.5979312">
      </trkpt>
      <trkpt lat="22.3535449" lon="87.5972143">
      </trkpt>
      <trkpt lat="22.3535168" lon="87.596467">
      </trkpt>
      <trkpt lat="22.3535098" lon="87.5957615">
      </trkpt>
      <trkpt lat="22.3535203" lon="87.5951963">
      </trkpt>
      <trkpt lat="22.3536151" lon="87.5938459">
      </trkpt>
      <trkpt lat="22.3539939" lon="87.590432">
      </trkpt>
      <trkpt lat="22.3543412" lon="87.5871206">
      </trkpt>
      <trkpt lat="22.3545061" lon="87.5859219">
      </trkpt>
      <trkpt lat="22.3546163" lon="87.5850445">
      </trkpt>
      <trkpt lat="22.3546605" lon="87.5846625">
      </trkpt>
      <trkpt lat="22.3548324" lon="87.5830884">
      </trkpt>
      <trkpt lat="22.3549271" lon="87.5819618">
      </trkpt>
      <trkpt lat="22.3551153" lon="87.579829">
      </trkpt>
      <trkpt lat="22.3551306" lon="87.579679">
      </trkpt>
      <trkpt lat="22.3554499" lon="87.5765481">
      </trkpt>
      <trkpt lat="22.3558071" lon="87.5732838">
      </trkpt>
      <trkpt lat="22.3561941" lon="87.5697513">
      </trkpt>
      <trkpt lat="22.3564099" lon="87.5676324">
      </trkpt>
      <trkpt lat="22.3567125" lon="87.5648134">
      </trkpt>
      <trkpt lat="22.3569705" lon="87.5623645">
      </trkpt>
      <trkpt lat="22.357018" lon="87.5619152">
      </trkpt>
      <trkpt lat="22.3572459" lon="87.5597601">
      </trkpt>
      <trkpt lat="22.3573848" lon="87.5583654">
      </trkpt>
      <trkpt lat="22.3574642" lon="87.5576063">
      </trkpt>
      <trkpt lat="22.3575461" lon="87.5569508">
      </trkpt>
      <trkpt lat="22.3576441" lon="87.5562466">
      </trkpt>
      <trkpt lat="22.3577368" lon="87.5556325">
      </trkpt>
      <trkpt lat="22.357789" lon="87.5551795">
      </trkpt>
      <trkpt lat="22.3578862" lon="87.5542978">
      </trkpt>
      <trkpt lat="22.3581871" lon="87.5515517">
      </trkpt>
      <trkpt lat="22.3582566" lon="87.550702">
      </trkpt>
      <trkpt lat="22.3582963" lon="87.5503095">
      </trkpt>
      <trkpt lat="22.3583293" lon="87.5499217">
      </trkpt>
      <trkpt lat="22.358496" lon="87.5478884">
      </trkpt>
      <trkpt lat="22.3585069" lon="87.5477903">
      </trkpt>
      <trkpt lat="22.3587046" lon="87.5460112">
      </trkpt>
      <trkpt lat="22.3589819" lon="87.5434499">
      </trkpt>
      <trkpt lat="22.3593535" lon="87.5397402">
      </trkpt>
      <trkpt lat="22.3594671" lon="87.5387238">
      </trkpt>
      <trkpt lat="22.3597606" lon="87.5360976">
      </trkpt>
      <trkpt lat="22.3600527" lon="87.5332173">
      </trkpt>
      <trkpt lat="22.3603712" lon="87.5301998">
      </trkpt>
      <trkpt lat="22.3607193" lon="87.5270197">
      </trkpt>
      <trkpt lat="22.3611087" lon="87.5233866">
      </trkpt>
      <trkpt lat="22.3614568" lon="87.5200534">
      </trkpt>
      <trkpt lat="22.3615728" lon="87.5189314">
      </trkpt>
      <trkpt lat="22.3617901" lon="87.5168286">
      </trkpt>
      <trkpt lat="22.3620999" lon="87.5140217">
      </trkpt>
      <trkpt lat="22.3624361" lon="87.5105895">
      </trkpt>
      <trkpt lat="22.3625213" lon="87.5097749">
      </trkpt>
      <trkpt lat="22.3628373" lon="87.5067523">
      </trkpt>
      <trkpt lat="22.3630615" lon="87.5047939">
      </trkpt>
      <trkpt lat="22.3630652" lon="87.5047668">
      </trkpt>
      <trkpt lat="22.3633093" lon="87.502963">
      </trkpt>
      <trkpt lat="22.3634066" lon="87.5021336">
      </trkpt>
      <trkpt lat="22.3637754" lon="87.4985803">
      </trkpt>
      <trkpt lat="22.3639393" lon="87.4966222">
      </trkpt>
      <trkpt lat="22.3642072" lon="87.4940419">
      </trkpt>
      <trkpt lat="22.3647479" lon="87.4885648">
      </trkpt>
      <trkpt lat="22.3648073" lon="87.4880125">
      </trkpt>
      <trkpt lat="22.3651845" lon="87.484504">
      </trkpt>
      <trkpt lat="22.3656508" lon="87.4800408">
      </trkpt>
      <trkpt lat="22.3658989" lon="87.4776214">
      </trkpt>
      <trkpt lat="22.3663305" lon="87.4733353">
      </trkpt>
      <trkpt lat="22.3663671" lon="87.4729916">
      </trkpt>
      <trkpt lat="22.3668315" lon="87.4686307">
      </trkpt>
      <trkpt lat="22.3673425" lon="87.4637812">
      </trkpt>
      <trkpt lat="22.3677443" lon="87.4599135">
      </trkpt>
      <trkpt lat="22.3683495" lon="87.4540394">
      </trkpt>
      <trkpt lat="22.3686621" lon="87.4511319">
      </trkpt>
      <trkpt lat="22.3690832" lon="87.4469332">
      </trkpt>
      <trkpt lat="22.3690968" lon="87.4468189">
      </trkpt>
      <trkpt lat="22.3691885" lon="87.4460494">
      </trkpt>
      <trkpt lat="22.3692902" lon="87.4454463">
      </trkpt>
      <trkpt lat="22.3697848" lon="87.4408641">
      </trkpt>
      <trkpt lat="22.3699181" lon="87.4398171">
      </trkpt>
      <trkpt lat="22.3700794" lon="87.4386792">
      </trkpt>
      <trkpt lat="22.3700907" lon="87.4386092">
      </trkpt>
      <trkpt lat="22.3703803" lon="87.4367939">
      </trkpt>
      <trkpt lat="22.3704723" lon="87.4362515">
      </trkpt>
      <trkpt lat="22.3710335" lon="87.4331866">
      </trkpt>
      <trkpt lat="22.3719491" lon="87.4281227">
      </trkpt>
      <trkpt lat="22.3722268" lon="87.426583">
      </trkpt>
      <trkpt lat="22.3725357" lon="87.4248705">
      </trkpt>
      <trkpt lat="22.3729611" lon="87.4224752">
      </trkpt>
      <trkpt lat="22.3730946" lon="87.4217083">
      </trkpt>
      <trkpt lat="22.3732448" lon="87.4208467">
      </trkpt>
      <trkpt lat="22.3733574" lon="87.4199942">
      </trkpt>
      <trkpt lat="22.3734075" lon="87.4193716">
      </trkpt>
      <trkpt lat="22.3734325" lon="87.4185958">
      </trkpt>
      <trkpt lat="22.3734412" lon="87.4182556">
      </trkpt>
      <trkpt lat="22.3734434" lon="87.4179154">
      </trkpt>
      <trkpt lat="22.3734393" lon="87.4175751">
      </trkpt>
      <trkpt lat="22.3734287" lon="87.417235">
      </trkpt>
      <trkpt lat="22.3734117" lon="87.4168952">
      </trkpt>
      <trkpt lat="22.3733842" lon="87.4165048">
      </trkpt>
      <trkpt lat="22.3733483" lon="87.4161152">
      </trkpt>
      <trkpt lat="22.3733039" lon="87.4157265">
      </trkpt>
      <trkpt lat="22.3732511" lon="87.4153392">
      </trkpt>
      <trkpt lat="22.37319" lon="87.4149533">
      </trkpt>
      <trkpt lat="22.3731204" lon="87.414569">
      </trkpt>
      <trkpt lat="22.3730426" lon="87.4141866">
      </trkpt>
      <trkpt lat="22.3729564" lon="87.4138063">
      </trkpt>
      <trkpt lat="22.3728621" lon="87.4134282">
      </trkpt>
      <trkpt lat="22.3727595" lon="87.4130527">
      </trkpt>
      <trkpt lat="22.3726489" lon="87.4126799">
      </trkpt>
      <trkpt lat="22.3724099" lon="87.4119189">
      </trkpt>
      <trkpt lat="22.3719636" lon="87.4108588">
      </trkpt>
      <trkpt lat="22.3705834" lon="87.4077154">
      </trkpt>
      <trkpt lat="22.3696699" lon="87.4057081">
      </trkpt>
      <trkpt lat="22.3683017" lon="87.4027264">
      </trkpt>
      <trkpt lat="22.3667478" lon="87.3992597">
      </trkpt>
      <trkpt lat="22.3666906" lon="87.3991344">
      </trkpt>
      <trkpt lat="22.3658863" lon="87.3973719">
      </trkpt>
      <trkpt lat="22.3654984" lon="87.3965171">
      </trkpt>
      <trkpt lat="22.3648309" lon="87.3950939">
      </trkpt>
      <trkpt lat="22.3640154" lon="87.3933076">
      </trkpt>
      <trkpt lat="22.362889" lon="87.3908536">
      </trkpt>
      <trkpt lat="22.3615186" lon="87.3878245">
      </trkpt>
      <trkpt lat="22.361294" lon="87.3873282">
      </trkpt>
      <trkpt lat="22.3601849" lon="87.3848774">
      </trkpt>
      <trkpt lat="22.3589203" lon="87.3820735">
      </trkpt>
      <trkpt lat="22.3583748" lon="87.3808642">
      </trkpt>
      <trkpt lat="22.3580958" lon="87.380255">
      </trkpt>
      <trkpt lat="22.3569154" lon="87.3776779">
      </trkpt>
      <trkpt lat="22.3554139" lon="87.3743778">
      </trkpt>
      <trkpt lat="22.3539756" lon="87.3712332">
      </trkpt>
      <trkpt lat="22.3516707" lon="87.3661692">
      </trkpt>
      <trkpt lat="22.349657" lon="87.3617729">
      </trkpt>
      <trkpt lat="22.3480502" lon="87.3582111">
      </trkpt>
      <trkpt lat="22.3471111" lon="87.356152">
      </trkpt>
      <trkpt lat="22.3466504" lon="87.3549603">
      </trkpt>
      <trkpt lat="22.3464434" lon="87.3543192">
      </trkpt>
      <trkpt lat="22.3461697" lon="87.3533558">
      </trkpt>
      <trkpt lat="22.3459908" lon="87.3525592">
      </trkpt>
      <trkpt lat="22.3456084" lon="87.3506208">
      </trkpt>
      <trkpt lat="22.3449699" lon="87.3474383">
      </trkpt>
      <trkpt lat="22.3440709" lon="87.3430247">
      </trkpt>
      <trkpt lat="22.3435444" lon="87.3403337">
      </trkpt>
      <trkpt lat="22.343395" lon="87.3395061">
      </trkpt>
      <trkpt lat="22.3432197" lon="87.3386409">
      </trkpt>
      <trkpt lat="22.3430854" lon="87.3379758">
      </trkpt>
      <trkpt lat="22.3428961" lon="87.3370152">
      </trkpt>
      <trkpt lat="22.3428469" lon="87.3366491">
      </trkpt>
      <trkpt lat="22.3427916" lon="87.3362372">
      </trkpt>
      <trkpt lat="22.342771" lon="87.3360076">
      </trkpt>
      <trkpt lat="22.3427223" lon="87.3350445">
      </trkpt>
      <trkpt lat="22.3426961" lon="87.3345794">
      </trkpt>
      <trkpt lat="22.3426889" lon="87.3343382">
      </trkpt>
      <trkpt lat="22.3426757" lon="87.3339629">
      </trkpt>
      <trkpt lat="22.3426452" lon="87.3331741">
      </trkpt>
      <trkpt lat="22.3426233" lon="87.3329065">
      </trkpt>
      <trkpt lat="22.3425824" lon="87.3322883">
      </trkpt>
      <trkpt lat="22.3425778" lon="87.3320846">
      </trkpt>
      <trkpt lat="22.3425459" lon="87.3313704">
      </trkpt>
      <trkpt lat="22.3425396" lon="87.3310636">
      </trkpt>
      <trkpt lat="22.3425034" lon="87.3306456">
      </trkpt>
      <trkpt lat="22.3424771" lon="87.330343">
      </trkpt>
      <trkpt lat="22.3424239" lon="87.3298096">
      </trkpt>
      <trkpt lat="22.3423581" lon="87.3294184">
      </trkpt>
      <trkpt lat="22.3422434" lon="87.3289157">
      </trkpt>
      <trkpt lat="22.3421683" lon="87.3286705">
      </trkpt>
      <trkpt lat="22.3420567" lon="87.3283525">
      </trkpt>
      <trkpt lat="22.3417052" lon="87.3273601">
      </trkpt>
      <trkpt lat="22.3416404" lon="87.3271155">
      </trkpt>
      <trkpt lat="22.3415787" lon="87.3268528">
      </trkpt>
      <trkpt lat="22.3411023" lon="87.3244574">
      </trkpt>
      <trkpt lat="22.3406779" lon="87.322291">
      </trkpt>
      <trkpt lat="22.3406423" lon="87.3221489">
      </trkpt>
      <trkpt lat="22.3404932" lon="87.3216261">
      </trkpt>
      <trkpt lat="22.340321" lon="87.3207263">
      </trkpt>
      <trkpt lat="22.3401784" lon="87.3201617">
      </trkpt>
      <trkpt lat="22.3401027" lon="87.3197835">
      </trkpt>
      <trkpt lat="22.3400233" lon="87.3194643">
      </trkpt>
      <trkpt lat="22.3399731" lon="87.3192416">
      </trkpt>
      <trkpt lat="22.3398565" lon="87.3188551">
      </trkpt>
      <trkpt lat="22.3397594" lon="87.318597">
      </trkpt>
      <trkpt lat="22.3396775" lon="87.3184079">
      </trkpt>
      <trkpt lat="22.339497" lon="87.3180117">
      </trkpt>
      <trkpt lat="22.3392565" lon="87.3174732">
      </trkpt>
      <trkpt lat="22.3390535" lon="87.316931">
      </trkpt>
      <trkpt lat="22.3389002" lon="87.31656">
      </trkpt>
      <trkpt lat="22.3387716" lon="87.3162423">
      </trkpt>
      <trkpt lat="22.3386581" lon="87.3159593">
      </trkpt>
      <trkpt lat="22.3385815" lon="87.3155962">
      </trkpt>
      <trkpt lat="22.3385088" lon="87.3152664">
      </trkpt>
      <trkpt lat="22.3383598" lon="87.3147167">
      </trkpt>
      <trkpt lat="22.3381347" lon="87.3136329">
      </trkpt>
      <trkpt lat="22.3375344" lon="87.3107929">
      </trkpt>
      <trkpt lat="22.336768" lon="87.3068166">
      </trkpt>
      <trkpt lat="22.3362421" lon="87.3041015">
      </trkpt>
      <trkpt lat="22.3361548" lon="87.3036315">
      </trkpt>
      <trkpt lat="22.3360488" lon="87.3029432">
      </trkpt>
      <trkpt lat="22.335984" lon="87.302314">
      </trkpt>
      <trkpt lat="22.3359694" lon="87.3021726">
      </trkpt>
      <trkpt lat="22.335934" lon="87.3015867">
      </trkpt>
      <trkpt lat="22.3359103" lon="87.3010891">
      </trkpt>
      <trkpt lat="22.3358738" lon="87.2997059">
      </trkpt>
      <trkpt lat="22.3358685" lon="87.2994104">
      </trkpt>
      <trkpt lat="22.335838" lon="87.2990639">
      </trkpt>
      <trkpt lat="22.3356984" lon="87.2974791">
      </trkpt>
      <trkpt lat="22.335665" lon="87.2970947">
      </trkpt>
      <trkpt lat="22.3356475" lon="87.2966928">
      </trkpt>
      <trkpt lat="22.3356364" lon="87.2962154">
      </trkpt>
      <trkpt lat="22.3356487" lon="87.2940606">
      </trkpt>
      <trkpt lat="22.3356332" lon="87.2934278">
      </trkpt>
      <trkpt lat="22.3355881" lon="87.2929135">
      </trkpt>
      <trkpt lat="22.3355307" lon="87.292528">
      </trkpt>
      <trkpt lat="22.3346978" lon="87.2878656">
      </trkpt>
      <trkpt lat="22.3345627" lon="87.2871932">
      </trkpt>
      <trkpt lat="22.3344582" lon="87.2867847">
      </trkpt>
      <trkpt lat="22.3343156" lon="87.2863689">
      </trkpt>
      <trkpt lat="22.3341673" lon="87.2860068">
      </trkpt>
      <trkpt lat="22.3338282" lon="87.285422">
      </trkpt>
      <trkpt lat="22.3335343" lon="87.2850114">
      </trkpt>
      <trkpt lat="22.333225" lon="87.2846703">
      </trkpt>
      <trkpt lat="22.3328258" lon="87.2843215">
      </trkpt>
      <trkpt lat="22.3324863" lon="87.2840693">
      </trkpt>
      <trkpt lat="22.3321184" lon="87.2838462">
      </trkpt>
      <trkpt lat="22.3317729" lon="87.2836882">
      </trkpt>
      <trkpt lat="22.3314198" lon="87.2835555">
      </trkpt>
      <trkpt lat="22.3311082" lon="87.2834681">
      </trkpt>
      <trkpt lat="22.3307097" lon="87.2833823">
      </trkpt>
      <trkpt lat="22.3302219" lon="87.2833479">
      </trkpt>
      <trkpt lat="22.3297953" lon="87.283372">
      </trkpt>
      <trkpt lat="22.3293504" lon="87.2834333">
      </trkpt>
      <trkpt lat="22.3288524" lon="87.283561">
      </trkpt>
      <trkpt lat="22.3282351" lon="87.2838094">
      </trkpt>
      <trkpt lat="22.327252" lon="87.2842477">
      </trkpt>
      <trkpt lat="22.3266548" lon="87.2845531">
      </trkpt>
      <trkpt lat="22.3266381" lon="87.2845617">
      </trkpt>
      <trkpt lat="22.3262599" lon="87.2847793">
      </trkpt>
      <trkpt lat="22.3259152" lon="87.2850319">
      </trkpt>
      <trkpt lat="22.3255763" lon="87.2853224">
      </trkpt>
      <trkpt lat="22.3252001" lon="87.2856718">
      </trkpt>
      <trkpt lat="22.324818" lon="87.2861077">
      </trkpt>
      <trkpt lat="22.3245502" lon="87.2865329">
      </trkpt>
      <trkpt lat="22.3243669" lon="87.2868722">
      </trkpt>
      <trkpt lat="22.3241633" lon="87.2872874">
      </trkpt>
      <trkpt lat="22.3239982" lon="87.287734">
      </trkpt>
      <trkpt lat="22.3238645" lon="87.2882071">
      </trkpt>
      <trkpt lat="22.3237915" lon="87.2885276">
      </trkpt>
      <trkpt lat="22.3237268" lon="87.2888716">
      </trkpt>
      <trkpt lat="22.3236786" lon="87.2892117">
      </trkpt>
      <trkpt lat="22.3236419" lon="87.2895833">
      </trkpt>
      <trkpt lat="22.3236222" lon="87.2899817">
      </trkpt>
      <trkpt lat="22.3236216" lon="87.2904573">
      </trkpt>
      <trkpt lat="22.3236669" lon="87.2908884">
      </trkpt>
      <trkpt lat="22.3237397" lon="87.2912989">
      </trkpt>
      <trkpt lat="22.3238486" lon="87.291742">
      </trkpt>
      <trkpt lat="22.3243477" lon="87.2932705">
      </trkpt>
      <trkpt lat="22.3244322" lon="87.2935745">
      </trkpt>
      <trkpt lat="22.3247051" lon="87.2945059">
      </trkpt>
      <trkpt lat="22.3248474" lon="87.295029">
      </trkpt>
      <trkpt lat="22.3249178" lon="87.2953496">
      </trkpt>
      <trkpt lat="22.3249723" lon="87.2957221">
      </trkpt>
      <trkpt lat="22.3251097" lon="87.2971311">
      </trkpt>
      <trkpt lat="22.325269" lon="87.2988765">
      </trkpt>
      <trkpt lat="22.3252877" lon="87.2990887">
      </trkpt>
      <trkpt lat="22.3254638" lon="87.300907">
      </trkpt>
      <trkpt lat="22.3260471" lon="87.307">
      </trkpt>
      <trkpt lat="22.3261377" lon="87.3077129">
      </trkpt>
      <trkpt lat="22.3261598" lon="87.308011">
      </trkpt>
      <trkpt lat="22.3261812" lon="87.3083315">
      </trkpt>
      <trkpt lat="22.3261713" lon="87.3087742">
      </trkpt>
      <trkpt lat="22.3261018" lon="87.3093074">
      </trkpt>
      <trkpt lat="22.326047" lon="87.309639">
      </trkpt>
      <trkpt lat="22.3259812" lon="87.3098874">
      </trkpt>
      <trkpt lat="22.3258819" lon="87.3102012">
      </trkpt>
      <trkpt lat="22.3257629" lon="87.310507">
      </trkpt>
      <trkpt lat="22.3256314" lon="87.3108208">
      </trkpt>
      <trkpt lat="22.3254089" lon="87.3112633">
      </trkpt>
      <trkpt lat="22.3250656" lon="87.3118821">
      </trkpt>
      <trkpt lat="22.3246507" lon="87.3125302">
      </trkpt>
      <trkpt lat="22.3241094" lon="87.3133797">
      </trkpt>
      <trkpt lat="22.3235624" lon="87.3142304">
      </trkpt>
      <trkpt lat="22.3233834" lon="87.3144996">
      </trkpt>
      <trkpt lat="22.3229368" lon="87.3151363">
      </trkpt>
      <trkpt lat="22.3222231" lon="87.3161466">
      </trkpt>
      <trkpt lat="22.3217527" lon="87.3168147">
      </trkpt>
      <trkpt lat="22.321577" lon="87.3170347">
      </trkpt>
      <trkpt lat="22.3205978" lon="87.3184197">
      </trkpt>
      <trkpt lat="22.3158673" lon="87.3250415">
      </trkpt>
      <trkpt lat="22.3155561" lon="87.3254842">
      </trkpt>
      <trkpt lat="22.3145505" lon="87.3268925">
      </trkpt>
      <trkpt lat="22.3143539" lon="87.3271626">
      </trkpt>
      <trkpt lat="22.3138864" lon="87.3277806">
      </trkpt>
      <trkpt lat="22.3130735" lon="87.3288487">
      </trkpt>
      <trkpt lat="22.3101942" lon="87.3329551">
      </trkpt>
      <trkpt lat="22.3085087" lon="87.3353106">
      </trkpt>
      <trkpt lat="22.3081754" lon="87.3357764">
      </trkpt>
      <trkpt lat="22.3062503" lon="87.3384781">
      </trkpt>
      <trkpt lat="22.3047339" lon="87.3406078">
      </trkpt>
      <trkpt lat="22.3036996" lon="87.3420501">
      </trkpt>
      <trkpt lat="22.3025985" lon="87.3435854">
      </trkpt>
      <trkpt lat="22.2998226" lon="87.3474966">
      </trkpt>
      <trkpt lat="22.2985333" lon="87.3492841">
      </trkpt>
      <trkpt lat="22.2963621" lon="87.3523456">
      </trkpt>
      <trkpt lat="22.295032" lon="87.3541727">
      </trkpt>
      <trkpt lat="22.293308" lon="87.3565879">
      </trkpt>
      <trkpt lat="22.2905831" lon="87.3604719">
      </trkpt>
      <trkpt lat="22.287363" lon="87.3649405">
      </trkpt>
      <trkpt lat="22.2872498" lon="87.3650976">
      </trkpt>
      <trkpt lat="22.2852482" lon="87.3679006">
      </trkpt>
      <trkpt lat="22.284057" lon="87.3695838">
      </trkpt>
      <trkpt lat="22.2836617" lon="87.3700743">
      </trkpt>
      <trkpt lat="22.2832831" lon="87.3705017">
      </trkpt>
      <trkpt lat="22.2828959" lon="87.3709232">
      </trkpt>
      <trkpt lat="22.2819233" lon="87.3718766">
      </trkpt>
      <trkpt lat="22.2811653" lon="87.3725254">
      </trkpt>
      <trkpt lat="22.2803117" lon="87.37315">
      </trkpt>
      <trkpt lat="22.2792728" lon="87.3737928">
      </trkpt>
      <trkpt lat="22.2780259" lon="87.3744637">
      </trkpt>
      <trkpt lat="22.2763711" lon="87.375089">
      </trkpt>
      <trkpt lat="22.2754791" lon="87.375379">
      </trkpt>
      <trkpt lat="22.2747514" lon="87.3756122">
      </trkpt>
      <trkpt lat="22.2741328" lon="87.3758092">
      </trkpt>
      <trkpt lat="22.2699095" lon="87.3771538">
      </trkpt>
      <trkpt lat="22.2661253" lon="87.378366">
      </trkpt>
      <trkpt lat="22.2648231" lon="87.3787831">
      </trkpt>
      <trkpt lat="22.2613508" lon="87.3798991">
      </trkpt>
      <trkpt lat="22.2579459" lon="87.3809787">
      </trkpt>
      <trkpt lat="22.253127" lon="87.3825338">
      </trkpt>
      <trkpt lat="22.2495319" lon="87.3836581">
      </trkpt>
      <trkpt lat="22.2425453" lon="87.3858627">
      </trkpt>
      <trkpt lat="22.2413225" lon="87.3862446">
      </trkpt>
      <trkpt lat="22.2405233" lon="87.3864218">
      </trkpt>
      <trkpt lat="22.2393168" lon="87.3865561">
      </trkpt>
      <trkpt lat="22.2385617" lon="87.3866185">
      </trkpt>
      <trkpt lat="22.23732" lon="87.386622">
      </trkpt>
      <trkpt lat="22.2366557" lon="87.3865627">
      </trkpt>
      <trkpt lat="22.2354203" lon="87.3864394">
      </trkpt>
      <trkpt lat="22.2319782" lon="87.386096">
      </trkpt>
      <trkpt lat="22.224935" lon="87.3854424">
      </trkpt>
      <trkpt lat="22.212171" lon="87.3842347">
      </trkpt>
      <trkpt lat="22.2096385" lon="87.3839772">
      </trkpt>
      <trkpt lat="22.1941175" lon="87.3824696">
      </trkpt>
      <trkpt lat="22.190429" lon="87.3821263">
      </trkpt>
      <trkpt lat="22.1872851" lon="87.3818341">
      </trkpt>
      <trkpt lat="22.1849367" lon="87.381598">
      </trkpt>
      <trkpt lat="22.1789715" lon="87.3810202">
      </trkpt>
      <trkpt lat="22.1773175" lon="87.3808517">
      </trkpt>
      <trkpt lat="22.1741563" lon="87.3805202">
      </trkpt>
      <trkpt lat="22.1719692" lon="87.3803434">
      </trkpt>
      <trkpt lat="22.1700608" lon="87.3801735">
      </trkpt>
      <trkpt lat="22.1694394" lon="87.3801182">
      </trkpt>
      <trkpt lat="22.1683961" lon="87.3800178">
      </trkpt>
      <trkpt lat="22.1675251" lon="87.379934">
      </trkpt>
      <trkpt lat="22.163609" lon="87.3795557">
      </trkpt>
      <trkpt lat="22.1609692" lon="87.3793031">
      </trkpt>
      <trkpt lat="22.1534457" lon="87.3785693">
      </trkpt>
      <trkpt lat="22.1519913" lon="87.3784432">
      </trkpt>
      <trkpt lat="22.1455749" lon="87.3778235">
      </trkpt>
      <trkpt lat="22.1441975" lon="87.3775776">
      </trkpt>
      <trkpt lat="22.1431465" lon="87.3773221">
      </trkpt>
      <trkpt lat="22.1416963" lon="87.3767779">
      </trkpt>
      <trkpt lat="22.1416497" lon="87.3767575">
      </trkpt>
      <trkpt lat="22.1407723" lon="87.3763735">
      </trkpt>
      <trkpt lat="22.1400488" lon="87.3759657">
      </trkpt>
      <trkpt lat="22.138625" lon="87.3750773">
      </trkpt>
      <trkpt lat="22.1371093" lon="87.3741224">
      </trkpt>
      <trkpt lat="22.1363565" lon="87.3736513">
      </trkpt>
      <trkpt lat="22.1354333" lon="87.3731014">
      </trkpt>
      <trkpt lat="22.1343149" lon="87.3725044">
      </trkpt>
      <trkpt lat="22.1332377" lon="87.3719236">
      </trkpt>
      <trkpt lat="22.131579" lon="87.3709506">
      </trkpt>
      <trkpt lat="22.1296039" lon="87.3698186">
      </trkpt>
      <trkpt lat="22.1253041" lon="87.3673069">
      </trkpt>
      <trkpt lat="22.1241123" lon="87.3666119">
      </trkpt>
      <trkpt lat="22.1222735" lon="87.3655385">
      </trkpt>
      <trkpt lat="22.1174477" lon="87.3626466">
      </trkpt>
      <trkpt lat="22.1145908" lon="87.3610868">
      </trkpt>
      <trkpt lat="22.1071707" lon="87.3567693">
      </trkpt>
      <trkpt lat="22.1040574" lon="87.354956">
      </trkpt>
      <trkpt lat="22.097911" lon="87.3513647">
      </trkpt>
      <trkpt lat="22.088842" lon="87.3460211">
      </trkpt>
      <trkpt lat="22.088784" lon="87.3459893">
      </trkpt>
      <trkpt lat="22.081587" lon="87.3417101">
      </trkpt>
      <trkpt lat="22.0773433" lon="87.3393213">
      </trkpt>
      <trkpt lat="22.0762077" lon="87.3386967">
      </trkpt>
      <trkpt lat="22.075145" lon="87.3381241">
      </trkpt>
      <trkpt lat="22.0741921" lon="87.3376786">
      </trkpt>
      <trkpt lat="22.0708206" lon="87.3361104">
      </trkpt>
      <trkpt lat="22.06969" lon="87.33561">
      </trkpt>
      <trkpt lat="22.0684925" lon="87.3351187">
      </trkpt>
      <trkpt lat="22.0666431" lon="87.3343145">
      </trkpt>
      <trkpt lat="22.0649985" lon="87.33357">
      </trkpt>
      <trkpt lat="22.0629535" lon="87.3326038">
      </trkpt>
      <trkpt lat="22.0594209" lon="87.3309367">
      </trkpt>
      <trkpt lat="22.0560539" lon="87.3294362">
      </trkpt>
      <trkpt lat="22.0535302" lon="87.3282453">
      </trkpt>
      <trkpt lat="22.053288" lon="87.3281346">
      </trkpt>
      <trkpt lat="22.0518048" lon="87.3274676">
      </trkpt>
      <trkpt lat="22.0475762" lon="87.3255233">
      </trkpt>
      <trkpt lat="22.04329" lon="87.3235568">
      </trkpt>
      <trkpt lat="22.0345004" lon="87.3195403">
      </trkpt>
      <trkpt lat="22.025341" lon="87.3153906">
      </trkpt>
      <trkpt lat="22.0176909" lon="87.3118986">
      </trkpt>
      <trkpt lat="22.0173919" lon="87.3117592">
      </trkpt>
      <trkpt lat="22.0128803" lon="87.3096995">
      </trkpt>
      <trkpt lat="22.0108935" lon="87.3088969">
      </trkpt>
      <trkpt lat="22.0067748" lon="87.3070026">
      </trkpt>
      <trkpt lat="22.0040415" lon="87.3057382">
      </trkpt>
      <trkpt lat="21.9991572" lon="87.3034838">
      </trkpt>
      <trkpt lat="21.9977518" lon="87.3028553">
      </trkpt>
      <trkpt lat="21.9969257" lon="87.3025744">
      </trkpt>
      <trkpt lat="21.9953402" lon="87.3021135">
      </trkpt>
      <trkpt lat="21.9927901" lon="87.3015386">
      </trkpt>
      <trkpt lat="21.9891228" lon="87.3007065">
      </trkpt>
      <trkpt lat="21.9794535" lon="87.2983963">
      </trkpt>
      <trkpt lat="21.979335" lon="87.2983688">
      </trkpt>
      <trkpt lat="21.9747747" lon="87.2973834">
      </trkpt>
      <trkpt lat="21.9701062" lon="87.2963041">
      </trkpt>
      <trkpt lat="21.9654869" lon="87.2952286">
      </trkpt>
      <trkpt lat="21.9612177" lon="87.2942637">
      </trkpt>
      <trkpt lat="21.9605249" lon="87.2941085">
      </trkpt>
      <trkpt lat="21.9566973" lon="87.2932225">
      </trkpt>
      <trkpt lat="21.9521342" lon="87.292147">
      </trkpt>
      <trkpt lat="21.9500896" lon="87.2914643">
      </trkpt>
      <trkpt lat="21.9478682" lon="87.2906215">
      </trkpt>
      <trkpt lat="21.9462079" lon="87.289987">
      </trkpt>
      <trkpt lat="21.945445" lon="87.2897023">
      </trkpt>
      <trkpt lat="21.9409877" lon="87.2880471">
      </trkpt>
      <trkpt lat="21.938897" lon="87.2872691">
      </trkpt>
      <trkpt lat="21.9361907" lon="87.2863385">
      </trkpt>
      <trkpt lat="21.9346015" lon="87.2857569">
      </trkpt>
      <trkpt lat="21.9338982" lon="87.2854995">
      </trkpt>
      <trkpt lat="21.9323805" lon="87.2849389">
      </trkpt>
      <trkpt lat="21.9302189" lon="87.2841227">
      </trkpt>
      <trkpt lat="21.9277884" lon="87.2832036">
      </trkpt>
      <trkpt lat="21.9257151" lon="87.2824561">
      </trkpt>
      <trkpt lat="21.9232643" lon="87.2815393">
      </trkpt>
      <trkpt lat="21.9212378" lon="87.2807175">
      </trkpt>
      <trkpt lat="21.9170023" lon="87.2790554">
      </trkpt>
      <trkpt lat="21.9076534" lon="87.2755632">
      </trkpt>
      <trkpt lat="21.8968522" lon="87.271486">
      </trkpt>
      <trkpt lat="21.8957821" lon="87.2710972">
      </trkpt>
      <trkpt lat="21.8939554" lon="87.270396">
      </trkpt>
      <trkpt lat="21.8904008" lon="87.2691166">
      </trkpt>
      <trkpt lat="21.8872016" lon="87.2679228">
      </trkpt>
      <trkpt lat="21.8858807" lon="87.2674341">
      </trkpt>
      <trkpt lat="21.8812548" lon="87.2657156">
      </trkpt>
      <trkpt lat="21.8745679" lon="87.2632399">
      </trkpt>
      <trkpt lat="21.8684764" lon="87.2609584">
      </trkpt>
      <trkpt lat="21.8645421" lon="87.2594914">
      </trkpt>
      <trkpt lat="21.8616813" lon="87.2583777">
      </trkpt>
      <trkpt lat="21.8599869" lon="87.2577924">
      </trkpt>
      <trkpt lat="21.8533345" lon="87.2552465">
      </trkpt>
      <trkpt lat="21.8460793" lon="87.2526613">
      </trkpt>
      <trkpt lat="21.8449446" lon="87.2522342">
      </trkpt>
      <trkpt lat="21.8410066" lon="87.2508017">
      </trkpt>
      <trkpt lat="21.8389179" lon="87.2500084">
      </trkpt>
      <trkpt lat="21.8380931" lon="87.2497071">
      </trkpt>
      <trkpt lat="21.8363619" lon="87.2490359">
      </trkpt>
      <trkpt lat="21.8353701" lon="87.2486166">
      </trkpt>
      <trkpt lat="21.8340431" lon="87.2480634">
      </trkpt>
      <trkpt lat="21.8314905" lon="87.247129">
      </trkpt>
      <trkpt lat="21.8189761" lon="87.2424771">
      </trkpt>
      <trkpt lat="21.8165974" lon="87.2415854">
      </trkpt>
      <trkpt lat="21.8148949" lon="87.2409471">
      </trkpt>
      <trkpt lat="21.8134903" lon="87.2402732">
      </trkpt>
      <trkpt lat="21.8127113" lon="87.2398079">
      </trkpt>
      <trkpt lat="21.8116986" lon="87.2390642">
      </trkpt>
      <trkpt lat="21.8112567" lon="87.2386634">
      </trkpt>
      <trkpt lat="21.8085615" lon="87.2362191">
      </trkpt>
      <trkpt lat="21.8068123" lon="87.2345524">
      </trkpt>
      <trkpt lat="21.8057347" lon="87.2333461">
      </trkpt>
      <trkpt lat="21.805194" lon="87.2327409">
      </trkpt>
      <trkpt lat="21.8042628" lon="87.2313603">
      </trkpt>
      <trkpt lat="21.8033209" lon="87.2298004">
      </trkpt>
      <trkpt lat="21.8018336" lon="87.227371">
      </trkpt>
      <trkpt lat="21.8011573" lon="87.2262535">
      </trkpt>
      <trkpt lat="21.8003004" lon="87.2248729">
      </trkpt>
      <trkpt lat="21.7993793" lon="87.2233703">
      </trkpt>
      <trkpt lat="21.7986839" lon="87.2222357">
      </trkpt>
      <trkpt lat="21.798666" lon="87.2222065">
      </trkpt>
      <trkpt lat="21.7970248" lon="87.2195279">
      </trkpt>
      <trkpt lat="21.7962051" lon="87.2183494">
      </trkpt>
      <trkpt lat="21.795557" lon="87.2173406">
      </trkpt>
      <trkpt lat="21.7948807" lon="87.2162404">
      </trkpt>
      <trkpt lat="21.7918057" lon="87.2112352">
      </trkpt>
      <trkpt lat="21.790411" lon="87.208924">
      </trkpt>
      <trkpt lat="21.7889836" lon="87.2066156">
      </trkpt>
      <trkpt lat="21.7872908" lon="87.2038433">
      </trkpt>
      <trkpt lat="21.7857808" lon="87.2013973">
      </trkpt>
      <trkpt lat="21.7831389" lon="87.1970824">
      </trkpt>
      <trkpt lat="21.7816414" lon="87.1945664">
      </trkpt>
      <trkpt lat="21.7798182" lon="87.1916237">
      </trkpt>
      <trkpt lat="21.777888" lon="87.188504">
      </trkpt>
      <trkpt lat="21.7768964" lon="87.1867611">
      </trkpt>
      <trkpt lat="21.7763828" lon="87.1856856">
      </trkpt>
      <trkpt lat="21.7759649" lon="87.1845987">
      </trkpt>
      <trkpt lat="21.7751539" lon="87.1822379">
      </trkpt>
      <trkpt lat="21.7738824" lon="87.1785385">
      </trkpt>
      <trkpt lat="21.7724445" lon="87.1744386">
      </trkpt>
      <trkpt lat="21.7712863" lon="87.1710253">
      </trkpt>
      <trkpt lat="21.7711637" lon="87.1706329">
      </trkpt>
      <trkpt lat="21.7710419" lon="87.1702625">
      </trkpt>
      <trkpt lat="21.7707869" lon="87.1690879">
      </trkpt>
      <trkpt lat="21.7706417" lon="87.1683518">
      </trkpt>
      <trkpt lat="21.7702733" lon="87.1672114">
      </trkpt>
      <trkpt lat="21.770114" lon="87.1667157">
      </trkpt>
      <trkpt lat="21.7682503" lon="87.1613723">
      </trkpt>
      <trkpt lat="21.7679705" lon="87.1606282">
      </trkpt>
      <trkpt lat="21.7677252" lon="87.1600746">
      </trkpt>
      <trkpt lat="21.7674137" lon="87.1594629">
      </trkpt>
      <trkpt lat="21.7671623" lon="87.1590273">
      </trkpt>
      <trkpt lat="21.7669214" lon="87.1586575">
      </trkpt>
      <trkpt lat="21.7663841" lon="87.1579146">
      </trkpt>
      <trkpt lat="21.7661373" lon="87.1575713">
      </trkpt>
      <trkpt lat="21.765816" lon="87.157028">
      </trkpt>
      <trkpt lat="21.7605411" lon="87.1477749">
      </trkpt>
      <trkpt lat="21.7596166" lon="87.1461388">
      </trkpt>
      <trkpt lat="21.7586638" lon="87.1445332">
      </trkpt>
      <trkpt lat="21.7525399" lon="87.1339498">
      </trkpt>
      <trkpt lat="21.7488329" lon="87.1274559">
      </trkpt>
      <trkpt lat="21.7370495" lon="87.1069596">
      </trkpt>
      <trkpt lat="21.7354149" lon="87.1040527">
      </trkpt>
      <trkpt lat="21.7340237" lon="87.1016377">
      </trkpt>
      <trkpt lat="21.7338623" lon="87.1013646">
      </trkpt>
      <trkpt lat="21.7332386" lon="87.1003286">
      </trkpt>
      <trkpt lat="21.7327978" lon="87.0995565">
      </trkpt>
      <trkpt lat="21.7301045" lon="87.0948849">
      </trkpt>
      <trkpt lat="21.7281772" lon="87.091544">
      </trkpt>
      <trkpt lat="21.7272492" lon="87.0900523">
      </trkpt>
      <trkpt lat="21.726547" lon="87.089095">
      </trkpt>
      <trkpt lat="21.7260054" lon="87.0884509">
      </trkpt>
      <trkpt lat="21.7249239" lon="87.0872674">
      </trkpt>
      <trkpt lat="21.7245173" lon="87.0868224">
      </trkpt>
      <trkpt lat="21.7223313" lon="87.0845189">
      </trkpt>
      <trkpt lat="21.7201736" lon="87.0822459">
      </trkpt>
      <trkpt lat="21.7167971" lon="87.078638">
      </trkpt>
      <trkpt lat="21.7145932" lon="87.0762696">
      </trkpt>
      <trkpt lat="21.7123185" lon="87.0738669">
      </trkpt>
      <trkpt lat="21.7084279" lon="87.0696984">
      </trkpt>
      <trkpt lat="21.7074036" lon="87.0686083">
      </trkpt>
      <trkpt lat="21.7043105" lon="87.0653163">
      </trkpt>
      <trkpt lat="21.7024325" lon="87.0632492">
      </trkpt>
      <trkpt lat="21.700728" lon="87.0615139">
      </trkpt>
      <trkpt lat="21.699137" lon="87.059861">
      </trkpt>
      <trkpt lat="21.6986869" lon="87.0593934">
      </trkpt>
      <trkpt lat="21.6975636" lon="87.0582073">
      </trkpt>
      <trkpt lat="21.6968088" lon="87.0575513">
      </trkpt>
      <trkpt lat="21.695682" lon="87.0566627">
      </trkpt>
      <trkpt lat="21.6947287" lon="87.0560258">
      </trkpt>
      <trkpt lat="21.6933502" lon="87.0551982">
      </trkpt>
      <trkpt lat="21.6912842" lon="87.0538596">
      </trkpt>
      <trkpt lat="21.6895123" lon="87.0527802">
      </trkpt>
      <trkpt lat="21.6871096" lon="87.0512395">
      </trkpt>
      <trkpt lat="21.6851853" lon="87.0500534">
      </trkpt>
      <trkpt lat="21.6829101" lon="87.0486117">
      </trkpt>
      <trkpt lat="21.6805285" lon="87.0471396">
      </trkpt>
      <trkpt lat="21.6777322" lon="87.0453738">
      </trkpt>
      <trkpt lat="21.6754534" lon="87.0439474">
      </trkpt>
      <trkpt lat="21.673291" lon="87.0425812">
      </trkpt>
      <trkpt lat="21.6729724" lon="87.0423799">
      </trkpt>
      <trkpt lat="21.6709097" lon="87.0410909">
      </trkpt>
      <trkpt lat="21.6699356" lon="87.0404657">
      </trkpt>
      <trkpt lat="21.6687051" lon="87.0396759">
      </trkpt>
      <trkpt lat="21.6662737" lon="87.0382229">
      </trkpt>
      <trkpt lat="21.6639592" lon="87.0367431">
      </trkpt>
      <trkpt lat="21.6615915" lon="87.0352672">
      </trkpt>
      <trkpt lat="21.6592167" lon="87.0337454">
      </trkpt>
      <trkpt lat="21.6568702" lon="87.0322581">
      </trkpt>
      <trkpt lat="21.6545626" lon="87.0308012">
      </trkpt>
      <trkpt lat="21.6523578" lon="87.0294053">
      </trkpt>
      <trkpt lat="21.6510159" lon="87.0286589">
      </trkpt>
      <trkpt lat="21.6504744" lon="87.0283789">
      </trkpt>
      <trkpt lat="21.6491658" lon="87.0278896">
      </trkpt>
      <trkpt lat="21.6477744" lon="87.0274183">
      </trkpt>
      <trkpt lat="21.6454809" lon="87.0265678">
      </trkpt>
      <trkpt lat="21.642583" lon="87.0255543">
      </trkpt>
      <trkpt lat="21.6364674" lon="87.023491">
      </trkpt>
      <trkpt lat="21.6274748" lon="87.0204473">
      </trkpt>
      <trkpt lat="21.6271941" lon="87.0203567">
      </trkpt>
      <trkpt lat="21.6254275" lon="87.0197712">
      </trkpt>
      <trkpt lat="21.6247324" lon="87.0195333">
      </trkpt>
      <trkpt lat="21.6225237" lon="87.0187654">
      </trkpt>
      <trkpt lat="21.6179039" lon="87.0171946">
      </trkpt>
      <trkpt lat="21.615766" lon="87.0163969">
      </trkpt>
      <trkpt lat="21.6154048" lon="87.0162732">
      </trkpt>
      <trkpt lat="21.589282" lon="87.0073273">
      </trkpt>
      <trkpt lat="21.5850204" lon="87.0058667">
      </trkpt>
      <trkpt lat="21.5830526" lon="87.0050902">
      </trkpt>
      <trkpt lat="21.5820985" lon="87.0045632">
      </trkpt>
      <trkpt lat="21.5812706" lon="87.0040207">
      </trkpt>
      <trkpt lat="21.5794616" lon="87.0027444">
      </trkpt>
      <trkpt lat="21.5763156" lon="87.0003963">
      </trkpt>
      <trkpt lat="21.573537" lon="86.9984933">
      </trkpt>
      <trkpt lat="21.5702356" lon="86.9961619">
      </trkpt>
      <trkpt lat="21.5669653" lon="86.9937693">
      </trkpt>
      <trkpt lat="21.5641709" lon="86.9917049">
      </trkpt>
      <trkpt lat="21.5623428" lon="86.9899514">
      </trkpt>
      <trkpt lat="21.5597671" lon="86.9872313">
      </trkpt>
      <trkpt lat="21.558225" lon="86.9855453">
      </trkpt>
      <trkpt lat="21.5571227" lon="86.9839929">
      </trkpt>
      <trkpt lat="21.5554667" lon="86.9811774">
      </trkpt>
      <trkpt lat="21.5529183" lon="86.9766001">
      </trkpt>
      <trkpt lat="21.5501511" lon="86.9713313">
      </trkpt>
      <trkpt lat="21.5421716" lon="86.9563455">
      </trkpt>
      <trkpt lat="21.5393544" lon="86.9512596">
      </trkpt>
      <trkpt lat="21.5364763" lon="86.9458648">
      </trkpt>
      <trkpt lat="21.5344536" lon="86.9420965">
      </trkpt>
      <trkpt lat="21.5323554" lon="86.9382649">
      </trkpt>
      <trkpt lat="21.5308953" lon="86.9355224">
      </trkpt>
      <trkpt lat="21.5304626" lon="86.9347388">
      </trkpt>
      <trkpt lat="21.5300172" lon="86.9340609">
      </trkpt>
      <trkpt lat="21.5296066" lon="86.9335033">
      </trkpt>
      <trkpt lat="21.5292211" lon="86.9331126">
      </trkpt>
      <trkpt lat="21.5287689" lon="86.9326661">
      </trkpt>
      <trkpt lat="21.5282496" lon="86.9322376">
      </trkpt>
      <trkpt lat="21.5277517" lon="86.931884">
      </trkpt>
      <trkpt lat="21.5271847" lon="86.9315653">
      </trkpt>
      <trkpt lat="21.5266764" lon="86.9313459">
      </trkpt>
      <trkpt lat="21.5260794" lon="86.9311143">
      </trkpt>
      <trkpt lat="21.5255151" lon="86.9309403">
      </trkpt>
      <trkpt lat="21.5249854" lon="86.9308342">
      </trkpt>
      <trkpt lat="21.5241819" lon="86.9307446">
      </trkpt>
      <trkpt lat="21.5236414" lon="86.9307427">
      </trkpt>
      <trkpt lat="21.5231051" lon="86.9307633">
      </trkpt>
      <trkpt lat="21.5223484" lon="86.9308234">
      </trkpt>
      <trkpt lat="21.52065" lon="86.9309438">
      </trkpt>
      <trkpt lat="21.5188979" lon="86.9310935">
      </trkpt>
      <trkpt lat="21.5180654" lon="86.9311079">
      </trkpt>
      <trkpt lat="21.5174121" lon="86.9310793">
      </trkpt>
      <trkpt lat="21.5167086" lon="86.9309769">
      </trkpt>
      <trkpt lat="21.5161057" lon="86.930816">
      </trkpt>
      <trkpt lat="21.515421" lon="86.9306047">
      </trkpt>
      <trkpt lat="21.514543" lon="86.9302724">
      </trkpt>
      <trkpt lat="21.5121595" lon="86.9292611">
      </trkpt>
      <trkpt lat="21.5118548" lon="86.9291331">
      </trkpt>
      <trkpt lat="21.5114893" lon="86.9289472">
      </trkpt>
      <trkpt lat="21.5112178" lon="86.9288091">
      </trkpt>
      <trkpt lat="21.510838" lon="86.9285372">
      </trkpt>
      <trkpt lat="21.5104153" lon="86.9282421">
      </trkpt>
      <trkpt lat="21.5100398" lon="86.9279269">
      </trkpt>
      <trkpt lat="21.5075762" lon="86.9258314">
      </trkpt>
      <trkpt lat="21.5058628" lon="86.9243347">
      </trkpt>
      <trkpt lat="21.5058328" lon="86.9243197">
      </trkpt>
      <trkpt lat="21.5051058" lon="86.9237074">
      </trkpt>
      <trkpt lat="21.5043405" lon="86.9230526">
      </trkpt>
      <trkpt lat="21.5037303" lon="86.9225231">
      </trkpt>
      <trkpt lat="21.5033154" lon="86.9221235">
      </trkpt>
      <trkpt lat="21.5011226" lon="86.9202314">
      </trkpt>
      <trkpt lat="21.5010999" lon="86.9202615">
      </trkpt>
      <trkpt lat="21.4988521" lon="86.9183489">
      </trkpt>
      <trkpt lat="21.4977741" lon="86.917443">
      </trkpt>
      <trkpt lat="21.4975258" lon="86.9172783">
      </trkpt>
      <trkpt lat="21.4952035" lon="86.9152013">
      </trkpt>
      <trkpt lat="21.4942587" lon="86.9143709">
      </trkpt>
      <trkpt lat="21.4933138" lon="86.9135293">
      </trkpt>
      <trkpt lat="21.4774497" lon="86.8998073">
      </trkpt>
      <trkpt lat="21.4771467" lon="86.8995702">
      </trkpt>
      <trkpt lat="21.4768921" lon="86.8993771">
      </trkpt>
      <trkpt lat="21.4766787" lon="86.8992281">
      </trkpt>
      <trkpt lat="21.4696951" lon="86.894846">
      </trkpt>
      <trkpt lat="21.4648151" lon="86.8916698">
      </trkpt>
      <trkpt lat="21.460081" lon="86.8886792">
      </trkpt>
      <trkpt lat="21.4564451" lon="86.8863521">
      </trkpt>
      <trkpt lat="21.4555625" lon="86.8858079">
      </trkpt>
      <trkpt lat="21.4547867" lon="86.8852892">
      </trkpt>
      <trkpt lat="21.4542373" lon="86.8848974">
      </trkpt>
      <trkpt lat="21.4536641" lon="86.8844035">
      </trkpt>
      <trkpt lat="21.4514758" lon="86.8822182">
      </trkpt>
      <trkpt lat="21.4493765" lon="86.8799837">
      </trkpt>
      <trkpt lat="21.4452048" lon="86.8755486">
      </trkpt>
      <trkpt lat="21.4369249" lon="86.8666678">
      </trkpt>
      <trkpt lat="21.4298088" lon="86.8590572">
      </trkpt>
      <trkpt lat="21.4290504" lon="86.8582493">
      </trkpt>
      <trkpt lat="21.4230167" lon="86.8517866">
      </trkpt>
      <trkpt lat="21.422664" lon="86.8513968">
      </trkpt>
      <trkpt lat="21.4206122" lon="86.8492028">
      </trkpt>
      <trkpt lat="21.4065536" lon="86.834209">
      </trkpt>
      <trkpt lat="21.4063895" lon="86.8340399">
      </trkpt>
      <trkpt lat="21.4062994" lon="86.8339436">
      </trkpt>
      <trkpt lat="21.3938235" lon="86.8206031">
      </trkpt>
      <trkpt lat="21.3934964" lon="86.8202511">
      </trkpt>
      <trkpt lat="21.390523" lon="86.8170637">
      </trkpt>
      <trkpt lat="21.3839276" lon="86.8099969">
      </trkpt>
      <trkpt lat="21.3832283" lon="86.8092701">
      </trkpt>
      <trkpt lat="21.3826809" lon="86.808721">
      </trkpt>
      <trkpt lat="21.3820068" lon="86.8081322">
      </trkpt>
      <trkpt lat="21.3813645" lon="86.807619">
      </trkpt>
      <trkpt lat="21.380831" lon="86.807228">
      </trkpt>
      <trkpt lat="21.3796014" lon="86.8063114">
      </trkpt>
      <trkpt lat="21.3779052" lon="86.8050559">
      </trkpt>
      <trkpt lat="21.3728541" lon="86.8013637">
      </trkpt>
      <trkpt lat="21.3674766" lon="86.7973496">
      </trkpt>
      <trkpt lat="21.3619659" lon="86.7933213">
      </trkpt>
      <trkpt lat="21.3600854" lon="86.7919421">
      </trkpt>
      <trkpt lat="21.3595822" lon="86.7915513">
      </trkpt>
      <trkpt lat="21.3588249" lon="86.7909247">
      </trkpt>
      <trkpt lat="21.358161" lon="86.7902785">
      </trkpt>
      <trkpt lat="21.3575332" lon="86.7896208">
      </trkpt>
      <trkpt lat="21.3552839" lon="86.7872392">
      </trkpt>
      <trkpt lat="21.3524322" lon="86.7842618">
      </trkpt>
      <trkpt lat="21.3495797" lon="86.7812895">
      </trkpt>
      <trkpt lat="21.3490613" lon="86.7807491">
      </trkpt>
      <trkpt lat="21.3486005" lon="86.7802458">
      </trkpt>
      <trkpt lat="21.3478373" lon="86.7792813">
      </trkpt>
      <trkpt lat="21.3472803" lon="86.7784984">
      </trkpt>
      <trkpt lat="21.3465571" lon="86.7774029">
      </trkpt>
      <trkpt lat="21.3459839" lon="86.7764814">
      </trkpt>
      <trkpt lat="21.3436751" lon="86.773003">
      </trkpt>
      <trkpt lat="21.3386496" lon="86.7654375">
      </trkpt>
      <trkpt lat="21.3334234" lon="86.7574258">
      </trkpt>
      <trkpt lat="21.3260068" lon="86.7460411">
      </trkpt>
      <trkpt lat="21.3092972" lon="86.720599">
      </trkpt>
      <trkpt lat="21.3043299" lon="86.712977">
      </trkpt>
      <trkpt lat="21.3031408" lon="86.7111975">
      </trkpt>
      <trkpt lat="21.3018322" lon="86.7091928">
      </trkpt>
      <trkpt lat="21.3006858" lon="86.7074408">
      </trkpt>
      <trkpt lat="21.2993796" lon="86.7054446">
      </trkpt>
      <trkpt lat="21.294904" lon="86.6986707">
      </trkpt>
      <trkpt lat="21.290446" lon="86.6919334">
      </trkpt>
      <trkpt lat="21.2887767" lon="86.6893671">
      </trkpt>
      <trkpt lat="21.2872332" lon="86.6869944">
      </trkpt>
      <trkpt lat="21.2846176" lon="86.6829877">
      </trkpt>
      <trkpt lat="21.2839449" lon="86.6819879">
      </trkpt>
      <trkpt lat="21.2832099" lon="86.6810482">
      </trkpt>
      <trkpt lat="21.2830091" lon="86.6808116">
      </trkpt>
      <trkpt lat="21.2816465" lon="86.679289">
      </trkpt>
      <trkpt lat="21.2801793" lon="86.6776326">
      </trkpt>
      <trkpt lat="21.2784544" lon="86.6757384">
      </trkpt>
      <trkpt lat="21.2752195" lon="86.6721545">
      </trkpt>
      <trkpt lat="21.272041" lon="86.6686499">
      </trkpt>
      <trkpt lat="21.269566" lon="86.6658669">
      </trkpt>
      <trkpt lat="21.2682597" lon="86.6644181">
      </trkpt>
      <trkpt lat="21.2670092" lon="86.6630471">
      </trkpt>
      <trkpt lat="21.2662892" lon="86.6622353">
      </trkpt>
      <trkpt lat="21.2654172" lon="86.6612759">
      </trkpt>
      <trkpt lat="21.2638616" lon="86.6595465">
      </trkpt>
      <trkpt lat="21.2607486" lon="86.6560713">
      </trkpt>
      <trkpt lat="21.2575846" lon="86.6525758">
      </trkpt>
      <trkpt lat="21.2544978" lon="86.6491566">
      </trkpt>
      <trkpt lat="21.2463564" lon="86.6400932">
      </trkpt>
      <trkpt lat="21.245911" lon="86.6395834">
      </trkpt>
      <trkpt lat="21.245273" lon="86.6388898">
      </trkpt>
      <trkpt lat="21.2443232" lon="86.6378434">
      </trkpt>
      <trkpt lat="21.2422789" lon="86.6355283">
      </trkpt>
      <trkpt lat="21.2383787" lon="86.6312192">
      </trkpt>
      <trkpt lat="21.2360752" lon="86.6286932">
      </trkpt>
      <trkpt lat="21.2345362" lon="86.6271311">
      </trkpt>
      <trkpt lat="21.2331808" lon="86.6260542">
      </trkpt>
      <trkpt lat="21.231761" lon="86.6249662">
      </trkpt>
      <trkpt lat="21.2258997" lon="86.6204944">
      </trkpt>
      <trkpt lat="21.224245" lon="86.6192362">
      </trkpt>
      <trkpt lat="21.2236218" lon="86.6187623">
      </trkpt>
      <trkpt lat="21.2200153" lon="86.6160201">
      </trkpt>
      <trkpt lat="21.214103" lon="86.6115324">
      </trkpt>
      <trkpt lat="21.2082676" lon="86.6070149">
      </trkpt>
      <trkpt lat="21.2063184" lon="86.6054564">
      </trkpt>
      <trkpt lat="21.2043161" lon="86.6038289">
      </trkpt>
      <trkpt lat="21.2005866" lon="86.6005982">
      </trkpt>
      <trkpt lat="21.1987325" lon="86.5989558">
      </trkpt>
      <trkpt lat="21.1986277" lon="86.598863">
      </trkpt>
      <trkpt lat="21.1978501" lon="86.5981742">
      </trkpt>
      <trkpt lat="21.1968943" lon="86.5974137">
      </trkpt>
      <trkpt lat="21.1949316" lon="86.5956675">
      </trkpt>
      <trkpt lat="21.1937177" lon="86.594618">
      </trkpt>
      <trkpt lat="21.1928793" lon="86.5938741">
      </trkpt>
      <trkpt lat="21.1724479" lon="86.5760828">
      </trkpt>
      <trkpt lat="21.1621942" lon="86.5671597">
      </trkpt>
      <trkpt lat="21.1519164" lon="86.5583191">
      </trkpt>
      <trkpt lat="21.1499264" lon="86.5566914">
      </trkpt>
      <trkpt lat="21.1490644" lon="86.55604">
      </trkpt>
      <trkpt lat="21.1480077" lon="86.5552414">
      </trkpt>
      <trkpt lat="21.1455837" lon="86.5535632">
      </trkpt>
      <trkpt lat="21.1438629" lon="86.5523817">
      </trkpt>
      <trkpt lat="21.1405116" lon="86.5500669">
      </trkpt>
      <trkpt lat="21.1373389" lon="86.5478963">
      </trkpt>
      <trkpt lat="21.1351378" lon="86.5463859">
      </trkpt>
      <trkpt lat="21.1339349" lon="86.5455339">
      </trkpt>
      <trkpt lat="21.1317032" lon="86.5440256">
      </trkpt>
      <trkpt lat="21.1297368" lon="86.5426509">
      </trkpt>
      <trkpt lat="21.1277003" lon="86.5412656">
      </trkpt>
      <trkpt lat="21.1255969" lon="86.5397972">
      </trkpt>
      <trkpt lat="21.123451" lon="86.5383288">
      </trkpt>
      <trkpt lat="21.1135823" lon="86.5315437">
      </trkpt>
      <trkpt lat="21.1125368" lon="86.5308313">
      </trkpt>
      <trkpt lat="21.1104418" lon="86.5293805">
      </trkpt>
      <trkpt lat="21.1078781" lon="86.5276194">
      </trkpt>
      <trkpt lat="21.1028667" lon="86.5241724">
      </trkpt>
      <trkpt lat="21.1007355" lon="86.5227468">
      </trkpt>
      <trkpt lat="21.1001338" lon="86.522309">
      </trkpt>
      <trkpt lat="21.0975424" lon="86.5205177">
      </trkpt>
      <trkpt lat="21.0975357" lon="86.5205131">
      </trkpt>
      <trkpt lat="21.0973947" lon="86.520421">
      </trkpt>
      <trkpt lat="21.095511" lon="86.5191275">
      </trkpt>
      <trkpt lat="21.0911103" lon="86.5161777">
      </trkpt>
      <trkpt lat="21.090538" lon="86.5157703">
      </trkpt>
      <trkpt lat="21.0893439" lon="86.5149587">
      </trkpt>
      <trkpt lat="21.0870854" lon="86.513342">
      </trkpt>
      <trkpt lat="21.0863748" lon="86.5128588">
      </trkpt>
      <trkpt lat="21.0855452" lon="86.5122614">
      </trkpt>
      <trkpt lat="21.0854022" lon="86.5121584">
      </trkpt>
      <trkpt lat="21.0846524" lon="86.5115452">
      </trkpt>
      <trkpt lat="21.0840983" lon="86.51102">
      </trkpt>
      <trkpt lat="21.0834239" lon="86.5103434">
      </trkpt>
      <trkpt lat="21.0825156" lon="86.5092789">
      </trkpt>
      <trkpt lat="21.082013" lon="86.5085834">
      </trkpt>
      <trkpt lat="21.0814136" lon="86.5076962">
      </trkpt>
      <trkpt lat="21.0810309" lon="86.5070161">
      </trkpt>
      <trkpt lat="21.0806666" lon="86.5063301">
      </trkpt>
      <trkpt lat="21.0803634" lon="86.505644">
      </trkpt>
      <trkpt lat="21.0798312" lon="86.5043889">
      </trkpt>
      <trkpt lat="21.0795053" lon="86.5036074">
      </trkpt>
      <trkpt lat="21.0791491" lon="86.502835">
      </trkpt>
      <trkpt lat="21.0770966" lon="86.4978914">
      </trkpt>
      <trkpt lat="21.0735446" lon="86.4891358">
      </trkpt>
      <trkpt lat="21.0691089" lon="86.4782022">
      </trkpt>
      <trkpt lat="21.0683075" lon="86.4762404">
      </trkpt>
      <trkpt lat="21.0676434" lon="86.4746147">
      </trkpt>
      <trkpt lat="21.0604688" lon="86.4571031">
      </trkpt>
      <trkpt lat="21.0533799" lon="86.4396995">
      </trkpt>
      <trkpt lat="21.0453756" lon="86.4200291">
      </trkpt>
      <trkpt lat="21.0377264" lon="86.4012324">
      </trkpt>
      <trkpt lat="21.0364747" lon="86.3982536">
      </trkpt>
      <trkpt lat="21.0340925" lon="86.3921761">
      </trkpt>
      <trkpt lat="21.0333177" lon="86.3902841">
      </trkpt>
      <trkpt lat="21.031725" lon="86.3866509">
      </trkpt>
      <trkpt lat="21.0316407" lon="86.3864446">
      </trkpt>
      <trkpt lat="21.0308456" lon="86.3844991">
      </trkpt>
      <trkpt lat="21.0285573" lon="86.3789042">
      </trkpt>
      <trkpt lat="21.0276614" lon="86.3766526">
      </trkpt>
      <trkpt lat="21.0267017" lon="86.3738604">
      </trkpt>
      <trkpt lat="21.0262658" lon="86.3724986">
      </trkpt>
      <trkpt lat="21.0244171" lon="86.3655083">
      </trkpt>
      <trkpt lat="21.0217672" lon="86.355868">
      </trkpt>
      <trkpt lat="21.0214643" lon="86.3547038">
      </trkpt>
      <trkpt lat="21.020762" lon="86.3518301">
      </trkpt>
      <trkpt lat="21.0159923" lon="86.3342692">
      </trkpt>
      <trkpt lat="21.0144248" lon="86.3285601">
      </trkpt>
      <trkpt lat="21.0127003" lon="86.322803">
      </trkpt>
      <trkpt lat="21.0123115" lon="86.3216722">
      </trkpt>
      <trkpt lat="21.011654" lon="86.3194407">
      </trkpt>
      <trkpt lat="21.010821" lon="86.3159203">
      </trkpt>
      <trkpt lat="21.0076863" lon="86.3041552">
      </trkpt>
      <trkpt lat="21.0067514" lon="86.3009142">
      </trkpt>
      <trkpt lat="21.0065139" lon="86.2995923">
      </trkpt>
      <trkpt lat="21.0063813" lon="86.2985006">
      </trkpt>
      <trkpt lat="21.0063214" lon="86.2974807">
      </trkpt>
      <trkpt lat="21.0063247" lon="86.2963609">
      </trkpt>
      <trkpt lat="21.0065464" lon="86.29283">
      </trkpt>
      <trkpt lat="21.0068026" lon="86.2893258">
      </trkpt>
      <trkpt lat="21.006942" lon="86.2858349">
      </trkpt>
      <trkpt lat="21.0072012" lon="86.2807847">
      </trkpt>
      <trkpt lat="21.0074683" lon="86.2759547">
      </trkpt>
      <trkpt lat="21.007451" lon="86.2749282">
      </trkpt>
      <trkpt lat="21.0074136" lon="86.2740734">
      </trkpt>
      <trkpt lat="21.0073039" lon="86.2731058">
      </trkpt>
      <trkpt lat="21.0069384" lon="86.2711019">
      </trkpt>
      <trkpt lat="21.0065337" lon="86.2698637">
      </trkpt>
      <trkpt lat="21.0060279" lon="86.2684927">
      </trkpt>
      <trkpt lat="21.0055878" lon="86.2675082">
      </trkpt>
      <trkpt lat="21.0030736" lon="86.2631149">
      </trkpt>
      <trkpt lat="21.0007104" lon="86.2590303">
      </trkpt>
      <trkpt lat="21.0003108" lon="86.2582903">
      </trkpt>
      <trkpt lat="20.9971294" lon="86.2527119">
      </trkpt>
      <trkpt lat="20.9939665" lon="86.2473455">
      </trkpt>
      <trkpt lat="20.990007" lon="86.2403037">
      </trkpt>
      <trkpt lat="20.9880106" lon="86.2368412">
      </trkpt>
      <trkpt lat="20.9860662" lon="86.2335198">
      </trkpt>
      <trkpt lat="20.984564" lon="86.2310823">
      </trkpt>
      <trkpt lat="20.9814811" lon="86.2255208">
      </trkpt>
      <trkpt lat="20.979403" lon="86.2219392">
      </trkpt>
      <trkpt lat="20.9778219" lon="86.2192036">
      </trkpt>
      <trkpt lat="20.975186" lon="86.2145474">
      </trkpt>
      <trkpt lat="20.9736279" lon="86.2119241">
      </trkpt>
      <trkpt lat="20.973022" lon="86.2107751">
      </trkpt>
      <trkpt lat="20.9724353" lon="86.2096819">
      </trkpt>
      <trkpt lat="20.9718261" lon="86.208443">
      </trkpt>
      <trkpt lat="20.9708299" lon="86.2058341">
      </trkpt>
      <trkpt lat="20.9655166" lon="86.1918084">
      </trkpt>
      <trkpt lat="20.9625617" lon="86.1838576">
      </trkpt>
      <trkpt lat="20.960134" lon="86.1773206">
      </trkpt>
      <trkpt lat="20.9515243" lon="86.1545332">
      </trkpt>
      <trkpt lat="20.9446268" lon="86.1363349">
      </trkpt>
      <trkpt lat="20.9442323" lon="86.1352144">
      </trkpt>
      <trkpt lat="20.9437556" lon="86.133937">
      </trkpt>
      <trkpt lat="20.9430925" lon="86.1321907">
      </trkpt>
      <trkpt lat="20.9425795" lon="86.1308104">
      </trkpt>
      <trkpt lat="20.9421751" lon="86.1297551">
      </trkpt>
      <trkpt lat="20.9413231" lon="86.1275777">
      </trkpt>
      <trkpt lat="20.9404922" lon="86.1253513">
      </trkpt>
      <trkpt lat="20.940184" lon="86.1244447">
      </trkpt>
      <trkpt lat="20.9399475" lon="86.1236914">
      </trkpt>
      <trkpt lat="20.939769" lon="86.1230951">
      </trkpt>
      <trkpt lat="20.9394551" lon="86.1219244">
      </trkpt>
      <trkpt lat="20.9392339" lon="86.120907">
      </trkpt>
      <trkpt lat="20.9389721" lon="86.1195936">
      </trkpt>
      <trkpt lat="20.9374491" lon="86.1112358">
      </trkpt>
      <trkpt lat="20.9365494" lon="86.1063485">
      </trkpt>
      <trkpt lat="20.9362261" lon="86.1043994">
      </trkpt>
      <trkpt lat="20.9356554" lon="86.1008958">
      </trkpt>
      <trkpt lat="20.9354843" lon="86.0998871">
      </trkpt>
      <trkpt lat="20.9348338" lon="86.0962873">
      </trkpt>
      <trkpt lat="20.9337641" lon="86.0904916">
      </trkpt>
      <trkpt lat="20.9336222" lon="86.0898712">
      </trkpt>
      <trkpt lat="20.9333907" lon="86.0890794">
      </trkpt>
      <trkpt lat="20.9330597" lon="86.0881054">
      </trkpt>
      <trkpt lat="20.9328008" lon="86.0874503">
      </trkpt>
      <trkpt lat="20.9325259" lon="86.0868213">
      </trkpt>
      <trkpt lat="20.9321807" lon="86.0861342">
      </trkpt>
      <trkpt lat="20.9317003" lon="86.0852682">
      </trkpt>
      <trkpt lat="20.9312233" lon="86.084533">
      </trkpt>
      <trkpt lat="20.9306276" lon="86.0836673">
      </trkpt>
      <trkpt lat="20.9251662" lon="86.0762383">
      </trkpt>
      <trkpt lat="20.9233838" lon="86.0738253">
      </trkpt>
      <trkpt lat="20.9216992" lon="86.0715244">
      </trkpt>
      <trkpt lat="20.9201091" lon="86.0693377">
      </trkpt>
      <trkpt lat="20.9198938" lon="86.0690487">
      </trkpt>
      <trkpt lat="20.9172822" lon="86.0654739">
      </trkpt>
      <trkpt lat="20.9170394" lon="86.0651616">
      </trkpt>
      <trkpt lat="20.9166914" lon="86.06473">
      </trkpt>
      <trkpt lat="20.9163552" lon="86.0643409">
      </trkpt>
      <trkpt lat="20.9159822" lon="86.063925">
      </trkpt>
      <trkpt lat="20.9156559" lon="86.063604">
      </trkpt>
      <trkpt lat="20.9152708" lon="86.0632414">
      </trkpt>
      <trkpt lat="20.9148361" lon="86.0628693">
      </trkpt>
      <trkpt lat="20.9143424" lon="86.0624323">
      </trkpt>
      <trkpt lat="20.9139443" lon="86.0621319">
      </trkpt>
      <trkpt lat="20.9136117" lon="86.0618863">
      </trkpt>
      <trkpt lat="20.9133164" lon="86.0616879">
      </trkpt>
      <trkpt lat="20.9130874" lon="86.0615317">
      </trkpt>
      <trkpt lat="20.9127205" lon="86.0613046">
      </trkpt>
      <trkpt lat="20.912216" lon="86.0609903">
      </trkpt>
      <trkpt lat="20.911564" lon="86.0606476">
      </trkpt>
      <trkpt lat="20.9113448" lon="86.0605633">
      </trkpt>
      <trkpt lat="20.9108708" lon="86.0603497">
      </trkpt>
      <trkpt lat="20.910403" lon="86.0601508">
      </trkpt>
      <trkpt lat="20.9099138" lon="86.0599594">
      </trkpt>
      <trkpt lat="20.9092322" lon="86.0597268">
      </trkpt>
      <trkpt lat="20.9086712" lon="86.0595641">
      </trkpt>
      <trkpt lat="20.9077249" lon="86.0593433">
      </trkpt>
      <trkpt lat="20.9068741" lon="86.0592034">
      </trkpt>
      <trkpt lat="20.8974538" lon="86.057905">
      </trkpt>
      <trkpt lat="20.8945048" lon="86.0574988">
      </trkpt>
      <trkpt lat="20.8938228" lon="86.0574028">
      </trkpt>
      <trkpt lat="20.8867005" lon="86.0564227">
      </trkpt>
      <trkpt lat="20.8739799" lon="86.0548119">
      </trkpt>
      <trkpt lat="20.8715193" lon="86.0544896">
      </trkpt>
      <trkpt lat="20.8704471" lon="86.0543914">
      </trkpt>
      <trkpt lat="20.8694436" lon="86.0543901">
      </trkpt>
      <trkpt lat="20.8680976" lon="86.0545109">
      </trkpt>
      <trkpt lat="20.8656621" lon="86.0548782">
      </trkpt>
      <trkpt lat="20.8640348" lon="86.055407">
      </trkpt>
      <trkpt lat="20.8620664" lon="86.0565339">
      </trkpt>
      <trkpt lat="20.8602175" lon="86.0577489">
      </trkpt>
      <trkpt lat="20.8509713" lon="86.0655341">
      </trkpt>
      <trkpt lat="20.8482747" lon="86.0678044">
      </trkpt>
      <trkpt lat="20.8482408" lon="86.0678326">
      </trkpt>
      <trkpt lat="20.847632" lon="86.0683381">
      </trkpt>
      <trkpt lat="20.8468552" lon="86.0689098">
      </trkpt>
      <trkpt lat="20.8462421" lon="86.069263">
      </trkpt>
      <trkpt lat="20.8460261" lon="86.0693702">
      </trkpt>
      <trkpt lat="20.845583" lon="86.0695671">
      </trkpt>
      <trkpt lat="20.8450574" lon="86.0696879">
      </trkpt>
      <trkpt lat="20.8446734" lon="86.0697409">
      </trkpt>
      <trkpt lat="20.84409" lon="86.0697806">
      </trkpt>
      <trkpt lat="20.8419597" lon="86.0698977">
      </trkpt>
      <trkpt lat="20.8403639" lon="86.0699678">
      </trkpt>
      <trkpt lat="20.8398819" lon="86.069989">
      </trkpt>
      <trkpt lat="20.8380487" lon="86.0700891">
      </trkpt>
      <trkpt lat="20.8360449" lon="86.0701863">
      </trkpt>
      <trkpt lat="20.8328604" lon="86.0703777">
      </trkpt>
      <trkpt lat="20.8288477" lon="86.0705717">
      </trkpt>
      <trkpt lat="20.8279251" lon="86.0706163">
      </trkpt>
      <trkpt lat="20.8244211" lon="86.0708136">
      </trkpt>
      <trkpt lat="20.8145271" lon="86.0713093">
      </trkpt>
      <trkpt lat="20.8074043" lon="86.0716821">
      </trkpt>
      <trkpt lat="20.8066163" lon="86.0717169">
      </trkpt>
      <trkpt lat="20.8042486" lon="86.0718515">
      </trkpt>
      <trkpt lat="20.8014268" lon="86.0720019">
      </trkpt>
      <trkpt lat="20.800502" lon="86.0720554">
      </trkpt>
      <trkpt lat="20.7970565" lon="86.0722289">
      </trkpt>
      <trkpt lat="20.795541" lon="86.0723111">
      </trkpt>
      <trkpt lat="20.7917495" lon="86.0725169">
      </trkpt>
      <trkpt lat="20.7870414" lon="86.0727551">
      </trkpt>
      <trkpt lat="20.7869517" lon="86.0727587">
      </trkpt>
      <trkpt lat="20.7862685" lon="86.0727931">
      </trkpt>
      <trkpt lat="20.7855703" lon="86.0729088">
      </trkpt>
      <trkpt lat="20.7851469" lon="86.073007">
      </trkpt>
      <trkpt lat="20.7847455" lon="86.0731133">
      </trkpt>
      <trkpt lat="20.7842014" lon="86.0733165">
      </trkpt>
      <trkpt lat="20.7834755" lon="86.0736346">
      </trkpt>
      <trkpt lat="20.7827875" lon="86.0740863">
      </trkpt>
      <trkpt lat="20.7822576" lon="86.0744296">
      </trkpt>
      <trkpt lat="20.7814221" lon="86.0751864">
      </trkpt>
      <trkpt lat="20.7797096" lon="86.0768902">
      </trkpt>
      <trkpt lat="20.7716697" lon="86.084896">
      </trkpt>
      <trkpt lat="20.7689301" lon="86.0876203">
      </trkpt>
      <trkpt lat="20.7662472" lon="86.0903096">
      </trkpt>
      <trkpt lat="20.7637877" lon="86.0927686">
      </trkpt>
      <trkpt lat="20.7582693" lon="86.0982607">
      </trkpt>
      <trkpt lat="20.7529909" lon="86.1035592">
      </trkpt>
      <trkpt lat="20.7499717" lon="86.1070827">
      </trkpt>
      <trkpt lat="20.7456336" lon="86.1122323">
      </trkpt>
      <trkpt lat="20.7449985" lon="86.1129273">
      </trkpt>
      <trkpt lat="20.7445557" lon="86.113326">
      </trkpt>
      <trkpt lat="20.744097" lon="86.1136625">
      </trkpt>
      <trkpt lat="20.7435167" lon="86.1139878">
      </trkpt>
      <trkpt lat="20.7433261" lon="86.1140902">
      </trkpt>
      <trkpt lat="20.7430089" lon="86.1142122">
      </trkpt>
      <trkpt lat="20.7427036" lon="86.1143054">
      </trkpt>
      <trkpt lat="20.7422078" lon="86.1144179">
      </trkpt>
      <trkpt lat="20.7416252" lon="86.1145197">
      </trkpt>
      <trkpt lat="20.740388" lon="86.1145328">
      </trkpt>
      <trkpt lat="20.7397236" lon="86.1145204">
      </trkpt>
      <trkpt lat="20.7365308" lon="86.1144736">
      </trkpt>
      <trkpt lat="20.7356515" lon="86.1144526">
      </trkpt>
      <trkpt lat="20.7350079" lon="86.1144429">
      </trkpt>
      <trkpt lat="20.7337094" lon="86.1144234">
      </trkpt>
      <trkpt lat="20.7329563" lon="86.1144374">
      </trkpt>
      <trkpt lat="20.7319511" lon="86.114542">
      </trkpt>
      <trkpt lat="20.7313358" lon="86.1146465">
      </trkpt>
      <trkpt lat="20.7306742" lon="86.1147875">
      </trkpt>
      <trkpt lat="20.7299306" lon="86.1149959">
      </trkpt>
      <trkpt lat="20.7290847" lon="86.1152778">
      </trkpt>
      <trkpt lat="20.7277851" lon="86.1157228">
      </trkpt>
      <trkpt lat="20.7266685" lon="86.1161382">
      </trkpt>
      <trkpt lat="20.7260165" lon="86.1163804">
      </trkpt>
      <trkpt lat="20.725579" lon="86.116534">
      </trkpt>
      <trkpt lat="20.7242044" lon="86.1169948">
      </trkpt>
      <trkpt lat="20.7232179" lon="86.117293">
      </trkpt>
      <trkpt lat="20.7215155" lon="86.1179034">
      </trkpt>
      <trkpt lat="20.7207618" lon="86.1181821">
      </trkpt>
      <trkpt lat="20.7199565" lon="86.11848">
      </trkpt>
      <trkpt lat="20.7188143" lon="86.1188393">
      </trkpt>
      <trkpt lat="20.7142597" lon="86.1205061">
      </trkpt>
      <trkpt lat="20.7141441" lon="86.1205483">
      </trkpt>
      <trkpt lat="20.7033381" lon="86.1244957">
      </trkpt>
      <trkpt lat="20.7021582" lon="86.1247726">
      </trkpt>
      <trkpt lat="20.7019479" lon="86.124814">
      </trkpt>
      <trkpt lat="20.7016023" lon="86.1248738">
      </trkpt>
      <trkpt lat="20.7012513" lon="86.1249181">
      </trkpt>
      <trkpt lat="20.7008716" lon="86.1249547">
      </trkpt>
      <trkpt lat="20.7004931" lon="86.1249689">
      </trkpt>
      <trkpt lat="20.7000474" lon="86.1249762">
      </trkpt>
      <trkpt lat="20.6995515" lon="86.1249574">
      </trkpt>
      <trkpt lat="20.6992511" lon="86.1249334">
      </trkpt>
      <trkpt lat="20.6989678" lon="86.1249032">
      </trkpt>
      <trkpt lat="20.6986959" lon="86.1248664">
      </trkpt>
      <trkpt lat="20.6985027" lon="86.1248359">
      </trkpt>
      <trkpt lat="20.6982837" lon="86.1247958">
      </trkpt>
      <trkpt lat="20.6977941" lon="86.1246953">
      </trkpt>
      <trkpt lat="20.6966394" lon="86.1243075">
      </trkpt>
      <trkpt lat="20.6954685" lon="86.1237849">
      </trkpt>
      <trkpt lat="20.6944992" lon="86.1232157">
      </trkpt>
      <trkpt lat="20.6934619" lon="86.1224238">
      </trkpt>
      <trkpt lat="20.6925808" lon="86.1215184">
      </trkpt>
      <trkpt lat="20.6918077" lon="86.1205747">
      </trkpt>
      <trkpt lat="20.6913473" lon="86.1198657">
      </trkpt>
      <trkpt lat="20.6906481" lon="86.1186869">
      </trkpt>
      <trkpt lat="20.6893748" lon="86.1164021">
      </trkpt>
      <trkpt lat="20.6869934" lon="86.1122264">
      </trkpt>
      <trkpt lat="20.6677939" lon="86.0780996">
      </trkpt>
      <trkpt lat="20.650703" lon="86.0478164">
      </trkpt>
      <trkpt lat="20.6506037" lon="86.0476405">
      </trkpt>
      <trkpt lat="20.6484964" lon="86.0439435">
      </trkpt>
      <trkpt lat="20.6476432" lon="86.0424858">
      </trkpt>
      <trkpt lat="20.6469356" lon="86.0414547">
      </trkpt>
      <trkpt lat="20.6462862" lon="86.0406363">
      </trkpt>
      <trkpt lat="20.6454801" lon="86.0398047">
      </trkpt>
      <trkpt lat="20.6446746" lon="86.0390581">
      </trkpt>
      <trkpt lat="20.6437541" lon="86.0383215">
      </trkpt>
      <trkpt lat="20.6425696" lon="86.0375351">
      </trkpt>
      <trkpt lat="20.6409339" lon="86.0366393">
      </trkpt>
      <trkpt lat="20.640024" lon="86.0362504">
      </trkpt>
      <trkpt lat="20.6391774" lon="86.0359742">
      </trkpt>
      <trkpt lat="20.6381408" lon="86.0357042">
      </trkpt>
      <trkpt lat="20.6373269" lon="86.035525">
      </trkpt>
      <trkpt lat="20.6360885" lon="86.0353651">
      </trkpt>
      <trkpt lat="20.6345929" lon="86.0352739">
      </trkpt>
      <trkpt lat="20.6344015" lon="86.0352665">
      </trkpt>
      <trkpt lat="20.6317078" lon="86.0351619">
      </trkpt>
      <trkpt lat="20.6286979" lon="86.0350495">
      </trkpt>
      <trkpt lat="20.6266874" lon="86.0349599">
      </trkpt>
      <trkpt lat="20.6242715" lon="86.0348486">
      </trkpt>
      <trkpt lat="20.6218878" lon="86.0347382">
      </trkpt>
      <trkpt lat="20.6184764" lon="86.0346237">
      </trkpt>
      <trkpt lat="20.6153013" lon="86.0344878">
      </trkpt>
      <trkpt lat="20.614211" lon="86.0343928">
      </trkpt>
      <trkpt lat="20.6132441" lon="86.0342774">
      </trkpt>
      <trkpt lat="20.6123867" lon="86.0340973">
      </trkpt>
      <trkpt lat="20.6112194" lon="86.0337487">
      </trkpt>
      <trkpt lat="20.6094051" lon="86.0330196">
      </trkpt>
      <trkpt lat="20.6085747" lon="86.0325882">
      </trkpt>
      <trkpt lat="20.6075749" lon="86.0320572">
      </trkpt>
      <trkpt lat="20.6062315" lon="86.0310144">
      </trkpt>
      <trkpt lat="20.6054012" lon="86.0303099">
      </trkpt>
      <trkpt lat="20.6046674" lon="86.0296006">
      </trkpt>
      <trkpt lat="20.6041725" lon="86.0290699">
      </trkpt>
      <trkpt lat="20.6033118" lon="86.0279414">
      </trkpt>
      <trkpt lat="20.5980805" lon="86.0211891">
      </trkpt>
      <trkpt lat="20.5977168" lon="86.0207418">
      </trkpt>
      <trkpt lat="20.5974087" lon="86.0203985">
      </trkpt>
      <trkpt lat="20.5967271" lon="86.0197847">
      </trkpt>
      <trkpt lat="20.5962237" lon="86.0194627">
      </trkpt>
      <trkpt lat="20.5957007" lon="86.019179">
      </trkpt>
      <trkpt lat="20.5950577" lon="86.0189644">
      </trkpt>
      <trkpt lat="20.5941704" lon="86.0188034">
      </trkpt>
      <trkpt lat="20.5928195" lon="86.0187924">
      </trkpt>
      <trkpt lat="20.5911994" lon="86.0188242">
      </trkpt>
      <trkpt lat="20.5905172" lon="86.0188466">
      </trkpt>
      <trkpt lat="20.5900814" lon="86.0188609">
      </trkpt>
      <trkpt lat="20.5824363" lon="86.0191122">
      </trkpt>
      <trkpt lat="20.580089" lon="86.0191122">
      </trkpt>
      <trkpt lat="20.578629" lon="86.0189212">
      </trkpt>
      <trkpt lat="20.5768439" lon="86.0185414">
      </trkpt>
      <trkpt lat="20.575322" lon="86.0179781">
      </trkpt>
      <trkpt lat="20.5745957" lon="86.0176391">
      </trkpt>
      <trkpt lat="20.5731073" lon="86.0168493">
      </trkpt>
      <trkpt lat="20.5722917" lon="86.0163083">
      </trkpt>
      <trkpt lat="20.5713872" lon="86.0156035">
      </trkpt>
      <trkpt lat="20.5701549" lon="86.0144524">
      </trkpt>
      <trkpt lat="20.5696293" lon="86.0139264">
      </trkpt>
      <trkpt lat="20.5689409" lon="86.0130636">
      </trkpt>
      <trkpt lat="20.5677098" lon="86.0112908">
      </trkpt>
      <trkpt lat="20.5658745" lon="86.0079776">
      </trkpt>
      <trkpt lat="20.5638003" lon="86.0042601">
      </trkpt>
      <trkpt lat="20.5636923" lon="86.0040736">
      </trkpt>
      <trkpt lat="20.5633617" lon="86.0034975">
      </trkpt>
      <trkpt lat="20.5626847" lon="86.0022812">
      </trkpt>
      <trkpt lat="20.5625298" lon="86.0019995">
      </trkpt>
      <trkpt lat="20.5607401" lon="85.9987459">
      </trkpt>
      <trkpt lat="20.5606814" lon="85.9986459">
      </trkpt>
      <trkpt lat="20.5595045" lon="85.9964995">
      </trkpt>
      <trkpt lat="20.5575607" lon="85.9932098">
      </trkpt>
      <trkpt lat="20.5560789" lon="85.9905987">
      </trkpt>
      <trkpt lat="20.5555379" lon="85.9895788">
      </trkpt>
      <trkpt lat="20.5551258" lon="85.9888021">
      </trkpt>
      <trkpt lat="20.5537483" lon="85.9864144">
      </trkpt>
      <trkpt lat="20.5515658" lon="85.9825641">
      </trkpt>
      <trkpt lat="20.5483966" lon="85.9769356">
      </trkpt>
      <trkpt lat="20.5440339" lon="85.9691908">
      </trkpt>
      <trkpt lat="20.5417976" lon="85.9651291">
      </trkpt>
      <trkpt lat="20.5400594" lon="85.962122">
      </trkpt>
      <trkpt lat="20.53998" lon="85.9619846">
      </trkpt>
      <trkpt lat="20.5391713" lon="85.9604897">
      </trkpt>
      <trkpt lat="20.5376422" lon="85.957797">
      </trkpt>
      <trkpt lat="20.5362525" lon="85.95532">
      </trkpt>
      <trkpt lat="20.5344374" lon="85.9519869">
      </trkpt>
      <trkpt lat="20.5334681" lon="85.9502184">
      </trkpt>
      <trkpt lat="20.5312261" lon="85.9462019">
      </trkpt>
      <trkpt lat="20.5288361" lon="85.9419363">
      </trkpt>
      <trkpt lat="20.5266282" lon="85.9379502">
      </trkpt>
      <trkpt lat="20.5265673" lon="85.9378412">
      </trkpt>
      <trkpt lat="20.5265032" lon="85.9377265">
      </trkpt>
      <trkpt lat="20.5264353" lon="85.937605">
      </trkpt>
      <trkpt lat="20.5249381" lon="85.9349424">
      </trkpt>
      <trkpt lat="20.5229976" lon="85.9315639">
      </trkpt>
      <trkpt lat="20.5225651" lon="85.9310717">
      </trkpt>
      <trkpt lat="20.522497" lon="85.930999">
      </trkpt>
      <trkpt lat="20.5224397" lon="85.9309378">
      </trkpt>
      <trkpt lat="20.5222123" lon="85.930695">
      </trkpt>
      <trkpt lat="20.5213871" lon="85.9298808">
      </trkpt>
      <trkpt lat="20.5207156" lon="85.9294433">
      </trkpt>
      <trkpt lat="20.5197823" lon="85.9288964">
      </trkpt>
      <trkpt lat="20.5190254" lon="85.9285865">
      </trkpt>
      <trkpt lat="20.5183368" lon="85.9284467">
      </trkpt>
      <trkpt lat="20.5170962" lon="85.9282645">
      </trkpt>
      <trkpt lat="20.5161287" lon="85.9282645">
      </trkpt>
      <trkpt lat="20.5156735" lon="85.9282462">
      </trkpt>
      <trkpt lat="20.5110523" lon="85.9282705">
      </trkpt>
      <trkpt lat="20.5100155" lon="85.9281129">
      </trkpt>
      <trkpt lat="20.5091856" lon="85.9278573">
      </trkpt>
      <trkpt lat="20.5085567" lon="85.9275802">
      </trkpt>
      <trkpt lat="20.5080134" lon="85.9272536">
      </trkpt>
      <trkpt lat="20.5076834" lon="85.9269916">
      </trkpt>
      <trkpt lat="20.5071441" lon="85.9265232">
      </trkpt>
      <trkpt lat="20.5061179" lon="85.9255994">
      </trkpt>
      <trkpt lat="20.5058069" lon="85.9252945">
      </trkpt>
      <trkpt lat="20.5057235" lon="85.9252127">
      </trkpt>
      <trkpt lat="20.504323" lon="85.9238722">
      </trkpt>
      <trkpt lat="20.501487" lon="85.9212496">
      </trkpt>
      <trkpt lat="20.4997454" lon="85.9195908">
      </trkpt>
      <trkpt lat="20.4983168" lon="85.9182114">
      </trkpt>
      <trkpt lat="20.4973891" lon="85.9173911">
      </trkpt>
      <trkpt lat="20.4968341" lon="85.916984">
      </trkpt>
      <trkpt lat="20.4963105" lon="85.9166528">
      </trkpt>
      <trkpt lat="20.4960994" lon="85.9165338">
      </trkpt>
      <trkpt lat="20.4959905" lon="85.9164734">
      </trkpt>
      <trkpt lat="20.4951181" lon="85.9160665">
      </trkpt>
      <trkpt lat="20.4944152" lon="85.9158325">
      </trkpt>
      <trkpt lat="20.4935699" lon="85.9154862">
      </trkpt>
      <trkpt lat="20.4927133" lon="85.9150426">
      </trkpt>
      <trkpt lat="20.4835776" lon="85.9101268">
      </trkpt>
      <trkpt lat="20.4776975" lon="85.9069853">
      </trkpt>
      <trkpt lat="20.47568" lon="85.905947">
      </trkpt>
      <trkpt lat="20.4750663" lon="85.9056249">
      </trkpt>
      <trkpt lat="20.4748816" lon="85.905532">
      </trkpt>
      <trkpt lat="20.4744813" lon="85.9052995">
      </trkpt>
      <trkpt lat="20.474117" lon="85.9050634">
      </trkpt>
      <trkpt lat="20.4733261" lon="85.9044529">
      </trkpt>
      <trkpt lat="20.4730795" lon="85.9042492">
      </trkpt>
      <trkpt lat="20.4727771" lon="85.9040474">
      </trkpt>
      <trkpt lat="20.472446" lon="85.9038538">
      </trkpt>
      <trkpt lat="20.4710761" lon="85.9031143">
      </trkpt>
      <trkpt lat="20.470687" lon="85.9029043">
      </trkpt>
      <trkpt lat="20.4701006" lon="85.9025833">
      </trkpt>
      <trkpt lat="20.4698391" lon="85.9024324">
      </trkpt>
      <trkpt lat="20.4695688" lon="85.9023061">
      </trkpt>
      <trkpt lat="20.4692723" lon="85.9021854">
      </trkpt>
      <trkpt lat="20.4689431" lon="85.9020674">
      </trkpt>
      <trkpt lat="20.4682339" lon="85.9018497">
      </trkpt>
      <trkpt lat="20.4653586" lon="85.9010173">
      </trkpt>
      <trkpt lat="20.462076" lon="85.900067">
      </trkpt>
      <trkpt lat="20.461834" lon="85.9000008">
      </trkpt>
      <trkpt lat="20.4612611" lon="85.8997795">
      </trkpt>
      <trkpt lat="20.4610703" lon="85.8997116">
      </trkpt>
      <trkpt lat="20.4603185" lon="85.8994822">
      </trkpt>
      <trkpt lat="20.4598488" lon="85.8993459">
      </trkpt>
      <trkpt lat="20.4592593" lon="85.8991825">
      </trkpt>
      <trkpt lat="20.4583322" lon="85.8989105">
      </trkpt>
      <trkpt lat="20.4566323" lon="85.898421">
      </trkpt>
      <trkpt lat="20.4548707" lon="85.8979942">
      </trkpt>
      <trkpt lat="20.4540781" lon="85.8977619">
      </trkpt>
      <trkpt lat="20.4536139" lon="85.8976042">
      </trkpt>
      <trkpt lat="20.4516986" lon="85.8970094">
      </trkpt>
      <trkpt lat="20.4506079" lon="85.8966587">
      </trkpt>
      <trkpt lat="20.4499088" lon="85.8963752">
      </trkpt>
      <trkpt lat="20.4490349" lon="85.8959946">
      </trkpt>
      <trkpt lat="20.4489984" lon="85.8959726">
      </trkpt>
      <trkpt lat="20.4487393" lon="85.8958168">
      </trkpt>
      <trkpt lat="20.4486503" lon="85.8957633">
      </trkpt>
      <trkpt lat="20.4479652" lon="85.8953007">
      </trkpt>
      <trkpt lat="20.4468885" lon="85.8944426">
      </trkpt>
      <trkpt lat="20.4464131" lon="85.8939651">
      </trkpt>
      <trkpt lat="20.4444974" lon="85.8918012">
      </trkpt>
      <trkpt lat="20.4396656" lon="85.8862992">
      </trkpt>
      <trkpt lat="20.4389669" lon="85.8855036">
      </trkpt>
      <trkpt lat="20.4386033" lon="85.8850186">
      </trkpt>
      <trkpt lat="20.4375965" lon="85.8836307">
      </trkpt>
      <trkpt lat="20.4372399" lon="85.8831606">
      </trkpt>
      <trkpt lat="20.4354779" lon="85.8811012">
      </trkpt>
      <trkpt lat="20.4343621" lon="85.8798131">
      </trkpt>
      <trkpt lat="20.4330867" lon="85.8786394">
      </trkpt>
      <trkpt lat="20.4322198" lon="85.8779764">
      </trkpt>
      <trkpt lat="20.4313205" lon="85.8773828">
      </trkpt>
      <trkpt lat="20.4296919" lon="85.8765664">
      </trkpt>
      <trkpt lat="20.4292723" lon="85.8763426">
      </trkpt>
      <trkpt lat="20.4286146" lon="85.8759648">
      </trkpt>
      <trkpt lat="20.4285712" lon="85.8759435">
      </trkpt>
      <trkpt lat="20.4268993" lon="85.8751254">
      </trkpt>
      <trkpt lat="20.4261673" lon="85.8748339">
      </trkpt>
      <trkpt lat="20.4246486" lon="85.8740062">
      </trkpt>
      <trkpt lat="20.4164528" lon="85.869513">
      </trkpt>
      <trkpt lat="20.4147932" lon="85.8684332">
      </trkpt>
      <trkpt lat="20.4141594" lon="85.8679552">
      </trkpt>
      <trkpt lat="20.4136131" lon="85.867384">
      </trkpt>
      <trkpt lat="20.4131214" lon="85.8667077">
      </trkpt>
      <trkpt lat="20.4127718" lon="85.8660665">
      </trkpt>
      <trkpt lat="20.4124584" lon="85.8651102">
      </trkpt>
      <trkpt lat="20.4122821" lon="85.8641528">
      </trkpt>
      <trkpt lat="20.4122594" lon="85.8630962">
      </trkpt>
      <trkpt lat="20.4123389" lon="85.8623559">
      </trkpt>
      <trkpt lat="20.4136418" lon="85.8560151">
      </trkpt>
      <trkpt lat="20.4159848" lon="85.8439054">
      </trkpt>
      <trkpt lat="20.4170327" lon="85.8384679">
      </trkpt>
      <trkpt lat="20.4171205" lon="85.8376074">
      </trkpt>
      <trkpt lat="20.4171096" lon="85.8367097">
      </trkpt>
      <trkpt lat="20.4169238" lon="85.8359402">
      </trkpt>
      <trkpt lat="20.416607" lon="85.8351474">
      </trkpt>
      <trkpt lat="20.4161808" lon="85.8344245">
      </trkpt>
      <trkpt lat="20.4158242" lon="85.8340608">
      </trkpt>
      <trkpt lat="20.4156763" lon="85.8339267">
      </trkpt>
      <trkpt lat="20.4153744" lon="85.8336849">
      </trkpt>
      <trkpt lat="20.4150014" lon="85.8334255">
      </trkpt>
      <trkpt lat="20.4147228" lon="85.8332651">
      </trkpt>
      <trkpt lat="20.4131544" lon="85.8323839">
      </trkpt>
      <trkpt lat="20.4125222" lon="85.8320364">
      </trkpt>
      <trkpt lat="20.412179" lon="85.8318697">
      </trkpt>
      <trkpt lat="20.4117381" lon="85.8317153">
      </trkpt>
      <trkpt lat="20.4111655" lon="85.8315475">
      </trkpt>
      <trkpt lat="20.410705" lon="85.8314919">
      </trkpt>
      <trkpt lat="20.4102914" lon="85.8314399">
      </trkpt>
      <trkpt lat="20.4099238" lon="85.8314143">
      </trkpt>
      <trkpt lat="20.409466" lon="85.8314305">
      </trkpt>
      <trkpt lat="20.4089001" lon="85.8314954">
      </trkpt>
      <trkpt lat="20.4079793" lon="85.8316789">
      </trkpt>
      <trkpt lat="20.4075638" lon="85.8318">
      </trkpt>
      <trkpt lat="20.4071338" lon="85.8318879">
      </trkpt>
      <trkpt lat="20.4063482" lon="85.8320435">
      </trkpt>
      <trkpt lat="20.4055482" lon="85.8321952">
      </trkpt>
      <trkpt lat="20.4051181" lon="85.8323166">
      </trkpt>
      <trkpt lat="20.4047945" lon="85.8323886">
      </trkpt>
      <trkpt lat="20.4022099" lon="85.8327869">
      </trkpt>
      <trkpt lat="20.4008802" lon="85.8329804">
      </trkpt>
      <trkpt lat="20.3995932" lon="85.8331625">
      </trkpt>
      <trkpt lat="20.3983026" lon="85.8333294">
      </trkpt>
      <trkpt lat="20.3972349" lon="85.8334323">
      </trkpt>
      <trkpt lat="20.3967738" lon="85.8334919">
      </trkpt>
      <trkpt lat="20.3961961" lon="85.8335486">
      </trkpt>
      <trkpt lat="20.3954294" lon="85.8336422">
      </trkpt>
      <trkpt lat="20.3944732" lon="85.8337847">
      </trkpt>
      <trkpt lat="20.3895349" lon="85.8346216">
      </trkpt>
      <trkpt lat="20.389438" lon="85.834638">
      </trkpt>
      <trkpt lat="20.3823269" lon="85.8357823">
      </trkpt>
      <trkpt lat="20.3798527" lon="85.8361874">
      </trkpt>
      <trkpt lat="20.3784615" lon="85.8364084">
      </trkpt>
      <trkpt lat="20.3767235" lon="85.8366836">
      </trkpt>
      <trkpt lat="20.3746219" lon="85.837031">
      </trkpt>
      <trkpt lat="20.3726597" lon="85.8373557">
      </trkpt>
      <trkpt lat="20.3709513" lon="85.8376084">
      </trkpt>
      <trkpt lat="20.3694205" lon="85.8378565">
      </trkpt>
      <trkpt lat="20.3684859" lon="85.8380008">
      </trkpt>
      <trkpt lat="20.3655676" lon="85.8384656">
      </trkpt>
      <trkpt lat="20.3623338" lon="85.8389913">
      </trkpt>
      <trkpt lat="20.3572854" lon="85.8397959">
      </trkpt>
      <trkpt lat="20.3570833" lon="85.8398281">
      </trkpt>
      <trkpt lat="20.3525718" lon="85.840563">
      </trkpt>
      <trkpt lat="20.3498861" lon="85.8409868">
      </trkpt>
      <trkpt lat="20.349088" lon="85.8411207">
      </trkpt>
      <trkpt lat="20.3476479" lon="85.8413623">
      </trkpt>
      <trkpt lat="20.3449469" lon="85.8417861">
      </trkpt>
      <trkpt lat="20.3420879" lon="85.8422601">
      </trkpt>
      <trkpt lat="20.3399345" lon="85.8425982">
      </trkpt>
      <trkpt lat="20.3380562" lon="85.8429108">
      </trkpt>
      <trkpt lat="20.3374351" lon="85.8430237">
      </trkpt>
      <trkpt lat="20.3366474" lon="85.8431412">
      </trkpt>
      <trkpt lat="20.3355132" lon="85.8433156">
      </trkpt>
      <trkpt lat="20.3342003" lon="85.8435355">
      </trkpt>
      <trkpt lat="20.3327567" lon="85.8437662">
      </trkpt>
      <trkpt lat="20.3314362" lon="85.8439781">
      </trkpt>
      <trkpt lat="20.330483" lon="85.844131">
      </trkpt>
      <trkpt lat="20.3294518" lon="85.8443214">
      </trkpt>
      <trkpt lat="20.3285614" lon="85.8444823">
      </trkpt>
      <trkpt lat="20.3266197" lon="85.8447935">
      </trkpt>
      <trkpt lat="20.326497" lon="85.8448129">
      </trkpt>
      <trkpt lat="20.3257218" lon="85.8449356">
      </trkpt>
      <trkpt lat="20.3244139" lon="85.8451448">
      </trkpt>
      <trkpt lat="20.3232016" lon="85.8453272">
      </trkpt>
      <trkpt lat="20.3221527" lon="85.8454935">
      </trkpt>
      <trkpt lat="20.3210762" lon="85.8456893">
      </trkpt>
      <trkpt lat="20.320148" lon="85.8458342">
      </trkpt>
      <trkpt lat="20.3194412" lon="85.8459763">
      </trkpt>
      <trkpt lat="20.3186892" lon="85.8461373">
      </trkpt>
      <trkpt lat="20.3182741" lon="85.8462043">
      </trkpt>
      <trkpt lat="20.317434" lon="85.8463196">
      </trkpt>
      <trkpt lat="20.316282" lon="85.8464698">
      </trkpt>
      <trkpt lat="20.3149891" lon="85.8466308">
      </trkpt>
      <trkpt lat="20.3136886" lon="85.8468266">
      </trkpt>
      <trkpt lat="20.3121467" lon="85.8470814">
      </trkpt>
      <trkpt lat="20.3111851" lon="85.8472177">
      </trkpt>
      <trkpt lat="20.3107608" lon="85.8473112">
      </trkpt>
      <trkpt lat="20.3106515" lon="85.8473353">
      </trkpt>
      <trkpt lat="20.3100895" lon="85.8474642">
      </trkpt>
      <trkpt lat="20.3093958" lon="85.8476691">
      </trkpt>
      <trkpt lat="20.3086132" lon="85.8479346">
      </trkpt>
      <trkpt lat="20.3071511" lon="85.8484163">
      </trkpt>
      <trkpt lat="20.3056498" lon="85.8489436">
      </trkpt>
      <trkpt lat="20.3044474" lon="85.8493533">
      </trkpt>
      <trkpt lat="20.3029105" lon="85.8498957">
      </trkpt>
      <trkpt lat="20.3015515" lon="85.8503585">
      </trkpt>
      <trkpt lat="20.2995913" lon="85.8510185">
      </trkpt>
      <trkpt lat="20.297784" lon="85.8516519">
      </trkpt>
      <trkpt lat="20.2961653" lon="85.8521906">
      </trkpt>
      <trkpt lat="20.2955996" lon="85.8523727">
      </trkpt>
      <trkpt lat="20.2946924" lon="85.8526951">
      </trkpt>
      <trkpt lat="20.2936891" lon="85.8530403">
      </trkpt>
      <trkpt lat="20.2918995" lon="85.8536661">
      </trkpt>
      <trkpt lat="20.290085" lon="85.8542844">
      </trkpt>
      <trkpt lat="20.2894055" lon="85.8544703">
      </trkpt>
      <trkpt lat="20.2889643" lon="85.8545879">
      </trkpt>
      <trkpt lat="20.2884769" lon="85.8546751">
      </trkpt>
      <trkpt lat="20.2880641" lon="85.8547624">
      </trkpt>
      <trkpt lat="20.2875162" lon="85.8548269">
      </trkpt>
      <trkpt lat="20.2867086" lon="85.8548989">
      </trkpt>
      <trkpt lat="20.2862461" lon="85.8549369">
      </trkpt>
      <trkpt lat="20.2856021" lon="85.854952">
      </trkpt>
      <trkpt lat="20.2851004" lon="85.854952">
      </trkpt>
      <trkpt lat="20.284556" lon="85.8549217">
      </trkpt>
      <trkpt lat="20.2841254" lon="85.8548701">
      </trkpt>
      <trkpt lat="20.2833116" lon="85.8547744">
      </trkpt>
      <trkpt lat="20.2828449" lon="85.8546979">
      </trkpt>
      <trkpt lat="20.2821837" lon="85.8545416">
      </trkpt>
      <trkpt lat="20.2815733" lon="85.8543885">
      </trkpt>
      <trkpt lat="20.2808672" lon="85.8541684">
      </trkpt>
      <trkpt lat="20.2801731" lon="85.8539228">
      </trkpt>
      <trkpt lat="20.2796016" lon="85.8536772">
      </trkpt>
      <trkpt lat="20.2787549" lon="85.8532657">
      </trkpt>
      <trkpt lat="20.277977" lon="85.8528128">
      </trkpt>
      <trkpt lat="20.2775114" lon="85.8525225">
      </trkpt>
      <trkpt lat="20.2753678" lon="85.8509174">
      </trkpt>
      <trkpt lat="20.2719799" lon="85.8482748">
      </trkpt>
      <trkpt lat="20.2708303" lon="85.8473364">
      </trkpt>
      <trkpt lat="20.2697524" lon="85.8464938">
      </trkpt>
      <trkpt lat="20.2694431" lon="85.8462533">
      </trkpt>
      <trkpt lat="20.2691824" lon="85.8460089">
      </trkpt>
      <trkpt lat="20.2688784" lon="85.8457585">
      </trkpt>
      <trkpt lat="20.2683931" lon="85.8453833">
      </trkpt>
      <trkpt lat="20.2677853" lon="85.844915">
      </trkpt>
      <trkpt lat="20.2665449" lon="85.8439525">
      </trkpt>
    </trkseg>
  </trk>
</gpx>