<?xml version="1.0" encoding="UTF-8"?>
<gpx xmlns="http://www.topografix.com/GPX/1/1" xmlns:xsi="http://www.w3.org/2001/XMLSchema-instance" xsi:schemaLocation="http://www.topografix.com/GPX/1/1 http://www.topografix.com/GPX/1/1/gpx.xsd" version="1.1" creator="gpx.py -- https://github.com/tkrajina/gpxpy">
  <wpt lat="13.0835878" lon="80.2747517">
    <name>Chennai Central</name>
  </wpt>
  <wpt lat="12.9724871" lon="79.1348098">
    <name>Katpadi Junction</name>
  </wpt>
  <wpt lat="12.5693724" lon="78.577542">
    <name>Jolarpettai Junction</name>
  </wpt>
  <wpt lat="12.9794011" lon="77.5692085">
    <name>Bangalore City</name>
  </wpt>
  <wpt lat="12.5292107" lon="76.8968944">
    <name>Mandya</name>
  </wpt>
  <wpt lat="12.3158637" lon="76.6442766">
    <name>Mysore Junction</name>
  </wpt>
  <trk>
    <name>Chennai - Mysore (Vies regionals)</name>
    <trkseg>
      <trkpt lat="13.0835878" lon="80.2747517">
      </trkpt>
      <trkpt lat="13.083673" lon="80.2747381">
      </trkpt>
      <trkpt lat="13.0844746" lon="80.2746102">
      </trkpt>
      <trkpt lat="13.0865118" lon="80.274285">
      </trkpt>
      <trkpt lat="13.0867563" lon="80.274241">
      </trkpt>
      <trkpt lat="13.0871686" lon="80.2742195">
      </trkpt>
      <trkpt lat="13.0880535" lon="80.2742487">
      </trkpt>
      <trkpt lat="13.0887586" lon="80.2743164">
      </trkpt>
      <trkpt lat="13.0889962" lon="80.274352">
      </trkpt>
      <trkpt lat="13.0893948" lon="80.274374">
      </trkpt>
      <trkpt lat="13.0895635" lon="80.2743738">
      </trkpt>
      <trkpt lat="13.090374" lon="80.2743101">
      </trkpt>
      <trkpt lat="13.0905841" lon="80.2742857">
      </trkpt>
      <trkpt lat="13.0908799" lon="80.2742301">
      </trkpt>
      <trkpt lat="13.0910546" lon="80.2741742">
      </trkpt>
      <trkpt lat="13.0911582" lon="80.2741296">
      </trkpt>
      <trkpt lat="13.0912382" lon="80.2740971">
      </trkpt>
      <trkpt lat="13.0916388" lon="80.2738745">
      </trkpt>
      <trkpt lat="13.0919104" lon="80.2737328">
      </trkpt>
      <trkpt lat="13.0924724" lon="80.273428">
      </trkpt>
      <trkpt lat="13.0928125" lon="80.2732435">
      </trkpt>
      <trkpt lat="13.0942183" lon="80.2724981">
      </trkpt>
      <trkpt lat="13.09461" lon="80.2722885">
      </trkpt>
      <trkpt lat="13.0949937" lon="80.2720891">
      </trkpt>
      <trkpt lat="13.0953379" lon="80.2719351">
      </trkpt>
      <trkpt lat="13.0956473" lon="80.2718291">
      </trkpt>
      <trkpt lat="13.0959554" lon="80.2717431">
      </trkpt>
      <trkpt lat="13.0962679" lon="80.2716755">
      </trkpt>
      <trkpt lat="13.09659" lon="80.271622">
      </trkpt>
      <trkpt lat="13.0971733" lon="80.2715762">
      </trkpt>
      <trkpt lat="13.0998311" lon="80.2714241">
      </trkpt>
      <trkpt lat="13.1001122" lon="80.2714108">
      </trkpt>
      <trkpt lat="13.1004251" lon="80.271413">
      </trkpt>
      <trkpt lat="13.1012893" lon="80.2714352">
      </trkpt>
      <trkpt lat="13.1023304" lon="80.2713764">
      </trkpt>
      <trkpt lat="13.1032063" lon="80.2713226">
      </trkpt>
      <trkpt lat="13.1034502" lon="80.2712948">
      </trkpt>
      <trkpt lat="13.1036373" lon="80.2712623">
      </trkpt>
      <trkpt lat="13.1038217" lon="80.2712221">
      </trkpt>
      <trkpt lat="13.1040038" lon="80.2711726">
      </trkpt>
      <trkpt lat="13.1042435" lon="80.2710993">
      </trkpt>
      <trkpt lat="13.1044946" lon="80.2710121">
      </trkpt>
      <trkpt lat="13.1046506" lon="80.2709483">
      </trkpt>
      <trkpt lat="13.1048022" lon="80.2708659">
      </trkpt>
      <trkpt lat="13.1050233" lon="80.2707314">
      </trkpt>
      <trkpt lat="13.1053427" lon="80.2705371">
      </trkpt>
      <trkpt lat="13.1056514" lon="80.2703034">
      </trkpt>
      <trkpt lat="13.1059279" lon="80.2700401">
      </trkpt>
      <trkpt lat="13.1083324" lon="80.2675107">
      </trkpt>
      <trkpt lat="13.1085951" lon="80.2672244">
      </trkpt>
      <trkpt lat="13.1088211" lon="80.2669239">
      </trkpt>
      <trkpt lat="13.1090439" lon="80.2665692">
      </trkpt>
      <trkpt lat="13.1091796" lon="80.2662936">
      </trkpt>
      <trkpt lat="13.1093244" lon="80.2659661">
      </trkpt>
      <trkpt lat="13.1094344" lon="80.2656396">
      </trkpt>
      <trkpt lat="13.1095383" lon="80.2652569">
      </trkpt>
      <trkpt lat="13.1095844" lon="80.2649347">
      </trkpt>
      <trkpt lat="13.109614" lon="80.2646937">
      </trkpt>
      <trkpt lat="13.109633" lon="80.2643779">
      </trkpt>
      <trkpt lat="13.1095993" lon="80.2626792">
      </trkpt>
      <trkpt lat="13.1095988" lon="80.2620654">
      </trkpt>
      <trkpt lat="13.1095753" lon="80.2615062">
      </trkpt>
      <trkpt lat="13.1095602" lon="80.2613738">
      </trkpt>
      <trkpt lat="13.1094929" lon="80.2608296">
      </trkpt>
      <trkpt lat="13.1093456" lon="80.2601303">
      </trkpt>
      <trkpt lat="13.1093062" lon="80.259826">
      </trkpt>
      <trkpt lat="13.1092883" lon="80.2596758">
      </trkpt>
      <trkpt lat="13.1090878" lon="80.2581276">
      </trkpt>
      <trkpt lat="13.1087818" lon="80.2557642">
      </trkpt>
      <trkpt lat="13.1082717" lon="80.2518603">
      </trkpt>
      <trkpt lat="13.1082041" lon="80.2513584">
      </trkpt>
      <trkpt lat="13.1078584" lon="80.2487921">
      </trkpt>
      <trkpt lat="13.1076773" lon="80.2473118">
      </trkpt>
      <trkpt lat="13.1075765" lon="80.2462379">
      </trkpt>
      <trkpt lat="13.1075175" lon="80.2453844">
      </trkpt>
      <trkpt lat="13.1074772" lon="80.2447135">
      </trkpt>
      <trkpt lat="13.1074477" lon="80.2441574">
      </trkpt>
      <trkpt lat="13.1074255" lon="80.2436388">
      </trkpt>
      <trkpt lat="13.10742" lon="80.2421538">
      </trkpt>
      <trkpt lat="13.1074148" lon="80.2419211">
      </trkpt>
      <trkpt lat="13.1073634" lon="80.2403067">
      </trkpt>
      <trkpt lat="13.1073779" lon="80.239745">
      </trkpt>
      <trkpt lat="13.1074019" lon="80.2389595">
      </trkpt>
      <trkpt lat="13.1074035" lon="80.2389066">
      </trkpt>
      <trkpt lat="13.1074366" lon="80.2383416">
      </trkpt>
      <trkpt lat="13.1074787" lon="80.2375065">
      </trkpt>
      <trkpt lat="13.1075345" lon="80.2369089">
      </trkpt>
      <trkpt lat="13.1076429" lon="80.2355828">
      </trkpt>
      <trkpt lat="13.1076816" lon="80.234986">
      </trkpt>
      <trkpt lat="13.1079416" lon="80.2300045">
      </trkpt>
      <trkpt lat="13.1079621" lon="80.2296456">
      </trkpt>
      <trkpt lat="13.1080307" lon="80.2283786">
      </trkpt>
      <trkpt lat="13.1080879" lon="80.2276432">
      </trkpt>
      <trkpt lat="13.1081775" lon="80.2267626">
      </trkpt>
      <trkpt lat="13.1082923" lon="80.2258005">
      </trkpt>
      <trkpt lat="13.1084317" lon="80.2246318">
      </trkpt>
      <trkpt lat="13.1085627" lon="80.2234962">
      </trkpt>
      <trkpt lat="13.1088313" lon="80.2212158">
      </trkpt>
      <trkpt lat="13.1089032" lon="80.2207723">
      </trkpt>
      <trkpt lat="13.1090517" lon="80.2199141">
      </trkpt>
      <trkpt lat="13.1090978" lon="80.2195281">
      </trkpt>
      <trkpt lat="13.1098972" lon="80.2126237">
      </trkpt>
      <trkpt lat="13.1100158" lon="80.2112435">
      </trkpt>
      <trkpt lat="13.1100923" lon="80.2104911">
      </trkpt>
      <trkpt lat="13.1101181" lon="80.2102015">
      </trkpt>
      <trkpt lat="13.1101454" lon="80.209911">
      </trkpt>
      <trkpt lat="13.1101829" lon="80.2095994">
      </trkpt>
      <trkpt lat="13.1103811" lon="80.2080209">
      </trkpt>
      <trkpt lat="13.1104854" lon="80.2071283">
      </trkpt>
      <trkpt lat="13.1105326" lon="80.2068289">
      </trkpt>
      <trkpt lat="13.1106093" lon="80.2064843">
      </trkpt>
      <trkpt lat="13.1108269" lon="80.2054888">
      </trkpt>
      <trkpt lat="13.1109051" lon="80.2050243">
      </trkpt>
      <trkpt lat="13.1118425" lon="80.1969293">
      </trkpt>
      <trkpt lat="13.112807" lon="80.1883432">
      </trkpt>
      <trkpt lat="13.1133116" lon="80.1839182">
      </trkpt>
      <trkpt lat="13.113472" lon="80.1825118">
      </trkpt>
      <trkpt lat="13.1138028" lon="80.1796793">
      </trkpt>
      <trkpt lat="13.114086" lon="80.1771187">
      </trkpt>
      <trkpt lat="13.1142888" lon="80.1745288">
      </trkpt>
      <trkpt lat="13.1145099" lon="80.1700549">
      </trkpt>
      <trkpt lat="13.1145433" lon="80.1674928">
      </trkpt>
      <trkpt lat="13.1145362" lon="80.166443">
      </trkpt>
      <trkpt lat="13.1145277" lon="80.1651783">
      </trkpt>
      <trkpt lat="13.1144605" lon="80.1628192">
      </trkpt>
      <trkpt lat="13.114264" lon="80.1591754">
      </trkpt>
      <trkpt lat="13.1142207" lon="80.1579251">
      </trkpt>
      <trkpt lat="13.1142062" lon="80.1574507">
      </trkpt>
      <trkpt lat="13.1141818" lon="80.1566513">
      </trkpt>
      <trkpt lat="13.1141869" lon="80.1563379">
      </trkpt>
      <trkpt lat="13.1142223" lon="80.1558012">
      </trkpt>
      <trkpt lat="13.1142246" lon="80.1555131">
      </trkpt>
      <trkpt lat="13.1142375" lon="80.1542694">
      </trkpt>
      <trkpt lat="13.1142362" lon="80.1537699">
      </trkpt>
      <trkpt lat="13.1142436" lon="80.1532549">
      </trkpt>
      <trkpt lat="13.1142745" lon="80.1522364">
      </trkpt>
      <trkpt lat="13.1142916" lon="80.1515096">
      </trkpt>
      <trkpt lat="13.1143124" lon="80.150997">
      </trkpt>
      <trkpt lat="13.1143304" lon="80.1505276">
      </trkpt>
      <trkpt lat="13.1144071" lon="80.148924">
      </trkpt>
      <trkpt lat="13.1144119" lon="80.1487155">
      </trkpt>
      <trkpt lat="13.1144051" lon="80.1483679">
      </trkpt>
      <trkpt lat="13.1143668" lon="80.1480546">
      </trkpt>
      <trkpt lat="13.1144394" lon="80.1469093">
      </trkpt>
      <trkpt lat="13.1145945" lon="80.1450305">
      </trkpt>
      <trkpt lat="13.1146898" lon="80.1440348">
      </trkpt>
      <trkpt lat="13.1148084" lon="80.1429266">
      </trkpt>
      <trkpt lat="13.1149425" lon="80.141602">
      </trkpt>
      <trkpt lat="13.1152034" lon="80.1390651">
      </trkpt>
      <trkpt lat="13.1153566" lon="80.13751">
      </trkpt>
      <trkpt lat="13.1154922" lon="80.1361341">
      </trkpt>
      <trkpt lat="13.1156962" lon="80.1340941">
      </trkpt>
      <trkpt lat="13.1158899" lon="80.1326429">
      </trkpt>
      <trkpt lat="13.1159862" lon="80.1317">
      </trkpt>
      <trkpt lat="13.1162926" lon="80.128524">
      </trkpt>
      <trkpt lat="13.1164257" lon="80.1271972">
      </trkpt>
      <trkpt lat="13.1165352" lon="80.126105">
      </trkpt>
      <trkpt lat="13.116621" lon="80.1252496">
      </trkpt>
      <trkpt lat="13.1167462" lon="80.1238939">
      </trkpt>
      <trkpt lat="13.1169584" lon="80.1218613">
      </trkpt>
      <trkpt lat="13.1173722" lon="80.1177588">
      </trkpt>
      <trkpt lat="13.1176269" lon="80.1152245">
      </trkpt>
      <trkpt lat="13.1177538" lon="80.1139674">
      </trkpt>
      <trkpt lat="13.1179241" lon="80.111601">
      </trkpt>
      <trkpt lat="13.1179969" lon="80.1098843">
      </trkpt>
      <trkpt lat="13.1180566" lon="80.1082342">
      </trkpt>
      <trkpt lat="13.1180625" lon="80.1080446">
      </trkpt>
      <trkpt lat="13.1180883" lon="80.1072094">
      </trkpt>
      <trkpt lat="13.1181147" lon="80.1055373">
      </trkpt>
      <trkpt lat="13.118132" lon="80.1048188">
      </trkpt>
      <trkpt lat="13.1181536" lon="80.1039245">
      </trkpt>
      <trkpt lat="13.1181686" lon="80.1027651">
      </trkpt>
      <trkpt lat="13.118185" lon="80.1015221">
      </trkpt>
      <trkpt lat="13.1181972" lon="80.1005949">
      </trkpt>
      <trkpt lat="13.1182397" lon="80.0979474">
      </trkpt>
      <trkpt lat="13.1182535" lon="80.0947098">
      </trkpt>
      <trkpt lat="13.1182592" lon="80.0943144">
      </trkpt>
      <trkpt lat="13.1182761" lon="80.0938905">
      </trkpt>
      <trkpt lat="13.1183745" lon="80.0887621">
      </trkpt>
      <trkpt lat="13.1184635" lon="80.0842153">
      </trkpt>
      <trkpt lat="13.1185164" lon="80.0796208">
      </trkpt>
      <trkpt lat="13.118522" lon="80.0788455">
      </trkpt>
      <trkpt lat="13.1185552" lon="80.0767416">
      </trkpt>
      <trkpt lat="13.1185874" lon="80.0744541">
      </trkpt>
      <trkpt lat="13.1186008" lon="80.073952">
      </trkpt>
      <trkpt lat="13.1186076" lon="80.073322">
      </trkpt>
      <trkpt lat="13.11861" lon="80.0729015">
      </trkpt>
      <trkpt lat="13.1186563" lon="80.0704987">
      </trkpt>
      <trkpt lat="13.1186919" lon="80.0683297">
      </trkpt>
      <trkpt lat="13.1187529" lon="80.0661439">
      </trkpt>
      <trkpt lat="13.1188152" lon="80.0650138">
      </trkpt>
      <trkpt lat="13.1188841" lon="80.0637637">
      </trkpt>
      <trkpt lat="13.1189231" lon="80.0630555">
      </trkpt>
      <trkpt lat="13.1190261" lon="80.0618155">
      </trkpt>
      <trkpt lat="13.1191349" lon="80.0605089">
      </trkpt>
      <trkpt lat="13.1192164" lon="80.0596226">
      </trkpt>
      <trkpt lat="13.1193636" lon="80.0582514">
      </trkpt>
      <trkpt lat="13.1195989" lon="80.0564374">
      </trkpt>
      <trkpt lat="13.1197976" lon="80.0551532">
      </trkpt>
      <trkpt lat="13.1203402" lon="80.0519698">
      </trkpt>
      <trkpt lat="13.1203772" lon="80.0517595">
      </trkpt>
      <trkpt lat="13.1205062" lon="80.0509775">
      </trkpt>
      <trkpt lat="13.1206619" lon="80.0501539">
      </trkpt>
      <trkpt lat="13.1209827" lon="80.0482551">
      </trkpt>
      <trkpt lat="13.1212073" lon="80.0469532">
      </trkpt>
      <trkpt lat="13.1217388" lon="80.0439107">
      </trkpt>
      <trkpt lat="13.1218907" lon="80.0430455">
      </trkpt>
      <trkpt lat="13.1220924" lon="80.0418228">
      </trkpt>
      <trkpt lat="13.1226038" lon="80.0388551">
      </trkpt>
      <trkpt lat="13.1228812" lon="80.0371245">
      </trkpt>
      <trkpt lat="13.1231354" lon="80.0352152">
      </trkpt>
      <trkpt lat="13.1232304" lon="80.0343552">
      </trkpt>
      <trkpt lat="13.1234472" lon="80.0323926">
      </trkpt>
      <trkpt lat="13.1235392" lon="80.0314266">
      </trkpt>
      <trkpt lat="13.1237085" lon="80.0292622">
      </trkpt>
      <trkpt lat="13.1238352" lon="80.0271725">
      </trkpt>
      <trkpt lat="13.1238602" lon="80.0266674">
      </trkpt>
      <trkpt lat="13.1238718" lon="80.0264333">
      </trkpt>
      <trkpt lat="13.1239087" lon="80.0254735">
      </trkpt>
      <trkpt lat="13.1239417" lon="80.0243456">
      </trkpt>
      <trkpt lat="13.1239625" lon="80.0229938">
      </trkpt>
      <trkpt lat="13.1239589" lon="80.0224991">
      </trkpt>
      <trkpt lat="13.1239659" lon="80.0205126">
      </trkpt>
      <trkpt lat="13.1239292" lon="80.0176416">
      </trkpt>
      <trkpt lat="13.1239028" lon="80.0140325">
      </trkpt>
      <trkpt lat="13.1238911" lon="80.0124318">
      </trkpt>
      <trkpt lat="13.1238694" lon="80.0111554">
      </trkpt>
      <trkpt lat="13.1238352" lon="80.0073536">
      </trkpt>
      <trkpt lat="13.1238153" lon="80.0060961">
      </trkpt>
      <trkpt lat="13.1237797" lon="80.0034775">
      </trkpt>
      <trkpt lat="13.1237258" lon="79.999193">
      </trkpt>
      <trkpt lat="13.123725" lon="79.9984369">
      </trkpt>
      <trkpt lat="13.1237237" lon="79.9970833">
      </trkpt>
      <trkpt lat="13.1237323" lon="79.9957505">
      </trkpt>
      <trkpt lat="13.1237677" lon="79.9943506">
      </trkpt>
      <trkpt lat="13.1238471" lon="79.992177">
      </trkpt>
      <trkpt lat="13.1240443" lon="79.9884116">
      </trkpt>
      <trkpt lat="13.1242155" lon="79.9846121">
      </trkpt>
      <trkpt lat="13.1243579" lon="79.9808506">
      </trkpt>
      <trkpt lat="13.1244961" lon="79.9773287">
      </trkpt>
      <trkpt lat="13.1245824" lon="79.9754682">
      </trkpt>
      <trkpt lat="13.1245948" lon="79.975201">
      </trkpt>
      <trkpt lat="13.1247948" lon="79.9708896">
      </trkpt>
      <trkpt lat="13.1249203" lon="79.9675196">
      </trkpt>
      <trkpt lat="13.1249657" lon="79.9663008">
      </trkpt>
      <trkpt lat="13.1249684" lon="79.9662269">
      </trkpt>
      <trkpt lat="13.1249806" lon="79.9658992">
      </trkpt>
      <trkpt lat="13.1251951" lon="79.9604664">
      </trkpt>
      <trkpt lat="13.1252212" lon="79.9575918">
      </trkpt>
      <trkpt lat="13.1251666" lon="79.9544094">
      </trkpt>
      <trkpt lat="13.1250024" lon="79.9509891">
      </trkpt>
      <trkpt lat="13.124635" lon="79.9469908">
      </trkpt>
      <trkpt lat="13.1243193" lon="79.9441226">
      </trkpt>
      <trkpt lat="13.1239855" lon="79.9418516">
      </trkpt>
      <trkpt lat="13.1235859" lon="79.939508">
      </trkpt>
      <trkpt lat="13.1234556" lon="79.9388239">
      </trkpt>
      <trkpt lat="13.123384" lon="79.9384563">
      </trkpt>
      <trkpt lat="13.1231458" lon="79.9372814">
      </trkpt>
      <trkpt lat="13.1227992" lon="79.9355719">
      </trkpt>
      <trkpt lat="13.1221837" lon="79.9328423">
      </trkpt>
      <trkpt lat="13.1216444" lon="79.9307359">
      </trkpt>
      <trkpt lat="13.1208816" lon="79.9280026">
      </trkpt>
      <trkpt lat="13.1193069" lon="79.9230522">
      </trkpt>
      <trkpt lat="13.1192646" lon="79.9229196">
      </trkpt>
      <trkpt lat="13.118491" lon="79.920545">
      </trkpt>
      <trkpt lat="13.1184493" lon="79.9204064">
      </trkpt>
      <trkpt lat="13.1182159" lon="79.9196593">
      </trkpt>
      <trkpt lat="13.1176154" lon="79.9177907">
      </trkpt>
      <trkpt lat="13.1158589" lon="79.9123329">
      </trkpt>
      <trkpt lat="13.1156763" lon="79.9117655">
      </trkpt>
      <trkpt lat="13.1148922" lon="79.9093368">
      </trkpt>
      <trkpt lat="13.1146455" lon="79.9085728">
      </trkpt>
      <trkpt lat="13.1142744" lon="79.9074192">
      </trkpt>
      <trkpt lat="13.1141076" lon="79.9068978">
      </trkpt>
      <trkpt lat="13.1140642" lon="79.9067623">
      </trkpt>
      <trkpt lat="13.1078394" lon="79.8873829">
      </trkpt>
      <trkpt lat="13.1064779" lon="79.8831047">
      </trkpt>
      <trkpt lat="13.1051741" lon="79.879051">
      </trkpt>
      <trkpt lat="13.1048504" lon="79.8780537">
      </trkpt>
      <trkpt lat="13.103996" lon="79.8753857">
      </trkpt>
      <trkpt lat="13.1031081" lon="79.872631">
      </trkpt>
      <trkpt lat="13.1023066" lon="79.8701111">
      </trkpt>
      <trkpt lat="13.1013942" lon="79.8673127">
      </trkpt>
      <trkpt lat="13.1012592" lon="79.8668843">
      </trkpt>
      <trkpt lat="13.1012168" lon="79.8667498">
      </trkpt>
      <trkpt lat="13.1008167" lon="79.8654993">
      </trkpt>
      <trkpt lat="13.0998632" lon="79.8625676">
      </trkpt>
      <trkpt lat="13.0995383" lon="79.8615436">
      </trkpt>
      <trkpt lat="13.0987722" lon="79.8590539">
      </trkpt>
      <trkpt lat="13.0987044" lon="79.8588171">
      </trkpt>
      <trkpt lat="13.0984322" lon="79.8578663">
      </trkpt>
      <trkpt lat="13.0981039" lon="79.8567048">
      </trkpt>
      <trkpt lat="13.0978066" lon="79.8555198">
      </trkpt>
      <trkpt lat="13.0977719" lon="79.8553813">
      </trkpt>
      <trkpt lat="13.0976408" lon="79.854859">
      </trkpt>
      <trkpt lat="13.0974577" lon="79.8541291">
      </trkpt>
      <trkpt lat="13.0969354" lon="79.8518605">
      </trkpt>
      <trkpt lat="13.096457" lon="79.8495603">
      </trkpt>
      <trkpt lat="13.095936" lon="79.8467076">
      </trkpt>
      <trkpt lat="13.0954856" lon="79.8438546">
      </trkpt>
      <trkpt lat="13.0951849" lon="79.8411532">
      </trkpt>
      <trkpt lat="13.0949904" lon="79.839446">
      </trkpt>
      <trkpt lat="13.0947874" lon="79.8376348">
      </trkpt>
      <trkpt lat="13.0946872" lon="79.8361369">
      </trkpt>
      <trkpt lat="13.0944533" lon="79.8329895">
      </trkpt>
      <trkpt lat="13.0944399" lon="79.8321879">
      </trkpt>
      <trkpt lat="13.0942579" lon="79.8297091">
      </trkpt>
      <trkpt lat="13.0940738" lon="79.8258854">
      </trkpt>
      <trkpt lat="13.0940073" lon="79.8238614">
      </trkpt>
      <trkpt lat="13.0940811" lon="79.8219127">
      </trkpt>
      <trkpt lat="13.0942539" lon="79.8188369">
      </trkpt>
      <trkpt lat="13.0943295" lon="79.817928">
      </trkpt>
      <trkpt lat="13.0944711" lon="79.8169929">
      </trkpt>
      <trkpt lat="13.0947099" lon="79.8156352">
      </trkpt>
      <trkpt lat="13.0952702" lon="79.8127105">
      </trkpt>
      <trkpt lat="13.0960197" lon="79.8086907">
      </trkpt>
      <trkpt lat="13.0960837" lon="79.8082129">
      </trkpt>
      <trkpt lat="13.096302" lon="79.8059113">
      </trkpt>
      <trkpt lat="13.09641" lon="79.8044185">
      </trkpt>
      <trkpt lat="13.0964964" lon="79.802666">
      </trkpt>
      <trkpt lat="13.0965324" lon="79.8008826">
      </trkpt>
      <trkpt lat="13.0965194" lon="79.7998235">
      </trkpt>
      <trkpt lat="13.0965" lon="79.7990855">
      </trkpt>
      <trkpt lat="13.0964424" lon="79.7971708">
      </trkpt>
      <trkpt lat="13.0963387" lon="79.795635">
      </trkpt>
      <trkpt lat="13.096177" lon="79.7938126">
      </trkpt>
      <trkpt lat="13.0960025" lon="79.7923373">
      </trkpt>
      <trkpt lat="13.095786" lon="79.7907392">
      </trkpt>
      <trkpt lat="13.0954611" lon="79.7888643">
      </trkpt>
      <trkpt lat="13.0952312" lon="79.7875963">
      </trkpt>
      <trkpt lat="13.0949341" lon="79.7862985">
      </trkpt>
      <trkpt lat="13.0946273" lon="79.7850882">
      </trkpt>
      <trkpt lat="13.0942865" lon="79.7836935">
      </trkpt>
      <trkpt lat="13.0938684" lon="79.7821838">
      </trkpt>
      <trkpt lat="13.0933598" lon="79.780281">
      </trkpt>
      <trkpt lat="13.0930858" lon="79.7792418">
      </trkpt>
      <trkpt lat="13.0926792" lon="79.777761">
      </trkpt>
      <trkpt lat="13.0920168" lon="79.7751706">
      </trkpt>
      <trkpt lat="13.0916759" lon="79.7735707">
      </trkpt>
      <trkpt lat="13.091355" lon="79.7717203">
      </trkpt>
      <trkpt lat="13.0910745" lon="79.7699519">
      </trkpt>
      <trkpt lat="13.0907692" lon="79.7673511">
      </trkpt>
      <trkpt lat="13.0904587" lon="79.7648672">
      </trkpt>
      <trkpt lat="13.0903126" lon="79.7634063">
      </trkpt>
      <trkpt lat="13.0901562" lon="79.7618583">
      </trkpt>
      <trkpt lat="13.0899657" lon="79.759962">
      </trkpt>
      <trkpt lat="13.089068" lon="79.7527481">
      </trkpt>
      <trkpt lat="13.0888948" lon="79.7512709">
      </trkpt>
      <trkpt lat="13.0888313" lon="79.7507298">
      </trkpt>
      <trkpt lat="13.0888134" lon="79.7505768">
      </trkpt>
      <trkpt lat="13.0887044" lon="79.7496469">
      </trkpt>
      <trkpt lat="13.0885738" lon="79.7485336">
      </trkpt>
      <trkpt lat="13.0885165" lon="79.7480348">
      </trkpt>
      <trkpt lat="13.0884967" lon="79.7478661">
      </trkpt>
      <trkpt lat="13.0883759" lon="79.7468125">
      </trkpt>
      <trkpt lat="13.0874834" lon="79.7391699">
      </trkpt>
      <trkpt lat="13.0860919" lon="79.7267937">
      </trkpt>
      <trkpt lat="13.0853384" lon="79.7154516">
      </trkpt>
      <trkpt lat="13.0850913" lon="79.7120659">
      </trkpt>
      <trkpt lat="13.0848657" lon="79.708331">
      </trkpt>
      <trkpt lat="13.0847804" lon="79.7072036">
      </trkpt>
      <trkpt lat="13.084663" lon="79.705344">
      </trkpt>
      <trkpt lat="13.0845076" lon="79.7028461">
      </trkpt>
      <trkpt lat="13.084349" lon="79.7004915">
      </trkpt>
      <trkpt lat="13.0842031" lon="79.6982444">
      </trkpt>
      <trkpt lat="13.0839969" lon="79.6959354">
      </trkpt>
      <trkpt lat="13.0839081" lon="79.694903">
      </trkpt>
      <trkpt lat="13.0838658" lon="79.694259">
      </trkpt>
      <trkpt lat="13.083797" lon="79.6936882">
      </trkpt>
      <trkpt lat="13.0835438" lon="79.6908727">
      </trkpt>
      <trkpt lat="13.0833973" lon="79.6893405">
      </trkpt>
      <trkpt lat="13.0831258" lon="79.6866569">
      </trkpt>
      <trkpt lat="13.0830432" lon="79.6857382">
      </trkpt>
      <trkpt lat="13.0829435" lon="79.684197">
      </trkpt>
      <trkpt lat="13.0827742" lon="79.682556">
      </trkpt>
      <trkpt lat="13.0827139" lon="79.6819124">
      </trkpt>
      <trkpt lat="13.0823081" lon="79.6775633">
      </trkpt>
      <trkpt lat="13.0821523" lon="79.6758014">
      </trkpt>
      <trkpt lat="13.082009" lon="79.6743849">
      </trkpt>
      <trkpt lat="13.081946" lon="79.67365">
      </trkpt>
      <trkpt lat="13.081908" lon="79.6732619">
      </trkpt>
      <trkpt lat="13.0818654" lon="79.672797">
      </trkpt>
      <trkpt lat="13.0816855" lon="79.6709042">
      </trkpt>
      <trkpt lat="13.0813729" lon="79.6673191">
      </trkpt>
      <trkpt lat="13.0809343" lon="79.6625251">
      </trkpt>
      <trkpt lat="13.0808708" lon="79.661707">
      </trkpt>
      <trkpt lat="13.0807441" lon="79.6602109">
      </trkpt>
      <trkpt lat="13.0807269" lon="79.6600256">
      </trkpt>
      <trkpt lat="13.0805481" lon="79.6581492">
      </trkpt>
      <trkpt lat="13.0804783" lon="79.6573322">
      </trkpt>
      <trkpt lat="13.0803316" lon="79.6557924">
      </trkpt>
      <trkpt lat="13.0803153" lon="79.6556248">
      </trkpt>
      <trkpt lat="13.0800434" lon="79.6526643">
      </trkpt>
      <trkpt lat="13.0792453" lon="79.6437645">
      </trkpt>
      <trkpt lat="13.0792007" lon="79.643206">
      </trkpt>
      <trkpt lat="13.0782938" lon="79.6333474">
      </trkpt>
      <trkpt lat="13.0779128" lon="79.6290156">
      </trkpt>
      <trkpt lat="13.0773762" lon="79.6232041">
      </trkpt>
      <trkpt lat="13.0771942" lon="79.6216937">
      </trkpt>
      <trkpt lat="13.0769872" lon="79.6202881">
      </trkpt>
      <trkpt lat="13.0763794" lon="79.617103">
      </trkpt>
      <trkpt lat="13.0762092" lon="79.6163453">
      </trkpt>
      <trkpt lat="13.0760118" lon="79.6155893">
      </trkpt>
      <trkpt lat="13.0755842" lon="79.6140018">
      </trkpt>
      <trkpt lat="13.0753392" lon="79.6131817">
      </trkpt>
      <trkpt lat="13.0750743" lon="79.6123556">
      </trkpt>
      <trkpt lat="13.0746011" lon="79.6109367">
      </trkpt>
      <trkpt lat="13.0740853" lon="79.6095411">
      </trkpt>
      <trkpt lat="13.0735848" lon="79.6082773">
      </trkpt>
      <trkpt lat="13.0730805" lon="79.6071025">
      </trkpt>
      <trkpt lat="13.0725645" lon="79.6059411">
      </trkpt>
      <trkpt lat="13.0720882" lon="79.6049575">
      </trkpt>
      <trkpt lat="13.0717621" lon="79.60429">
      </trkpt>
      <trkpt lat="13.0702566" lon="79.6015365">
      </trkpt>
      <trkpt lat="13.0699488" lon="79.6009915">
      </trkpt>
      <trkpt lat="13.0693501" lon="79.5999568">
      </trkpt>
      <trkpt lat="13.0677618" lon="79.5971931">
      </trkpt>
      <trkpt lat="13.0658441" lon="79.5938078">
      </trkpt>
      <trkpt lat="13.0654585" lon="79.593127">
      </trkpt>
      <trkpt lat="13.0634147" lon="79.5895386">
      </trkpt>
      <trkpt lat="13.0633798" lon="79.5894605">
      </trkpt>
      <trkpt lat="13.062911" lon="79.5886262">
      </trkpt>
      <trkpt lat="13.0601086" lon="79.5836933">
      </trkpt>
      <trkpt lat="13.0580549" lon="79.5800594">
      </trkpt>
      <trkpt lat="13.0575347" lon="79.5791231">
      </trkpt>
      <trkpt lat="13.0570911" lon="79.5783506">
      </trkpt>
      <trkpt lat="13.0563986" lon="79.5771289">
      </trkpt>
      <trkpt lat="13.0552078" lon="79.5751563">
      </trkpt>
      <trkpt lat="13.054802" lon="79.5744838">
      </trkpt>
      <trkpt lat="13.0544404" lon="79.5738505">
      </trkpt>
      <trkpt lat="13.0532003" lon="79.571668">
      </trkpt>
      <trkpt lat="13.0524244" lon="79.5703086">
      </trkpt>
      <trkpt lat="13.0508514" lon="79.567564">
      </trkpt>
      <trkpt lat="13.0503698" lon="79.5667204">
      </trkpt>
      <trkpt lat="13.0488406" lon="79.5640184">
      </trkpt>
      <trkpt lat="13.0477351" lon="79.5620562">
      </trkpt>
      <trkpt lat="13.0473997" lon="79.5614406">
      </trkpt>
      <trkpt lat="13.0470803" lon="79.5608168">
      </trkpt>
      <trkpt lat="13.045609" lon="79.5582541">
      </trkpt>
      <trkpt lat="13.0431362" lon="79.5539763">
      </trkpt>
      <trkpt lat="13.0415229" lon="79.5511467">
      </trkpt>
      <trkpt lat="13.0399253" lon="79.5483068">
      </trkpt>
      <trkpt lat="13.0398834" lon="79.5482388">
      </trkpt>
      <trkpt lat="13.0373983" lon="79.5438583">
      </trkpt>
      <trkpt lat="13.0348636" lon="79.5394592">
      </trkpt>
      <trkpt lat="13.0338051" lon="79.5375509">
      </trkpt>
      <trkpt lat="13.0334878" lon="79.5370038">
      </trkpt>
      <trkpt lat="13.0323922" lon="79.535042">
      </trkpt>
      <trkpt lat="13.0323603" lon="79.53499">
      </trkpt>
      <trkpt lat="13.0312197" lon="79.5330065">
      </trkpt>
      <trkpt lat="13.0288013" lon="79.5287589">
      </trkpt>
      <trkpt lat="13.0271108" lon="79.5258569">
      </trkpt>
      <trkpt lat="13.025176" lon="79.5224573">
      </trkpt>
      <trkpt lat="13.0248542" lon="79.5218918">
      </trkpt>
      <trkpt lat="13.0248357" lon="79.5218593">
      </trkpt>
      <trkpt lat="13.0247413" lon="79.5216948">
      </trkpt>
      <trkpt lat="13.0243218" lon="79.5209632">
      </trkpt>
      <trkpt lat="13.0222451" lon="79.5173237">
      </trkpt>
      <trkpt lat="13.0215365" lon="79.5160818">
      </trkpt>
      <trkpt lat="13.0207175" lon="79.5146133">
      </trkpt>
      <trkpt lat="13.0205558" lon="79.514328">
      </trkpt>
      <trkpt lat="13.0200966" lon="79.5134264">
      </trkpt>
      <trkpt lat="13.0198315" lon="79.5129015">
      </trkpt>
      <trkpt lat="13.019101" lon="79.5112941">
      </trkpt>
      <trkpt lat="13.0182843" lon="79.5093034">
      </trkpt>
      <trkpt lat="13.0175619" lon="79.5072662">
      </trkpt>
      <trkpt lat="13.0169816" lon="79.5053905">
      </trkpt>
      <trkpt lat="13.0165363" lon="79.5036434">
      </trkpt>
      <trkpt lat="13.016138" lon="79.5018356">
      </trkpt>
      <trkpt lat="13.0159206" lon="79.5005491">
      </trkpt>
      <trkpt lat="13.0156786" lon="79.4989698">
      </trkpt>
      <trkpt lat="13.0155913" lon="79.4982317">
      </trkpt>
      <trkpt lat="13.0153651" lon="79.4962278">
      </trkpt>
      <trkpt lat="13.0148021" lon="79.4912016">
      </trkpt>
      <trkpt lat="13.0144806" lon="79.4883482">
      </trkpt>
      <trkpt lat="13.0144199" lon="79.4878708">
      </trkpt>
      <trkpt lat="13.0142135" lon="79.4860754">
      </trkpt>
      <trkpt lat="13.0137508" lon="79.4820417">
      </trkpt>
      <trkpt lat="13.0131164" lon="79.4765824">
      </trkpt>
      <trkpt lat="13.0129476" lon="79.475083">
      </trkpt>
      <trkpt lat="13.0125781" lon="79.4718017">
      </trkpt>
      <trkpt lat="13.0122101" lon="79.4684797">
      </trkpt>
      <trkpt lat="13.0118718" lon="79.4655678">
      </trkpt>
      <trkpt lat="13.0114675" lon="79.4620757">
      </trkpt>
      <trkpt lat="13.0111444" lon="79.459054">
      </trkpt>
      <trkpt lat="13.0108634" lon="79.4567574">
      </trkpt>
      <trkpt lat="13.0108613" lon="79.4567406">
      </trkpt>
      <trkpt lat="13.0107427" lon="79.4555584">
      </trkpt>
      <trkpt lat="13.0104833" lon="79.4540574">
      </trkpt>
      <trkpt lat="13.0102715" lon="79.4531071">
      </trkpt>
      <trkpt lat="13.0101635" lon="79.4526394">
      </trkpt>
      <trkpt lat="13.0096693" lon="79.4505">
      </trkpt>
      <trkpt lat="13.0088666" lon="79.4472383">
      </trkpt>
      <trkpt lat="13.0086" lon="79.4461187">
      </trkpt>
      <trkpt lat="13.0082942" lon="79.4448767">
      </trkpt>
      <trkpt lat="13.0081914" lon="79.4444593">
      </trkpt>
      <trkpt lat="13.0079185" lon="79.4433331">
      </trkpt>
      <trkpt lat="13.0077126" lon="79.4424832">
      </trkpt>
      <trkpt lat="13.0075388" lon="79.44162">
      </trkpt>
      <trkpt lat="13.0070084" lon="79.4392456">
      </trkpt>
      <trkpt lat="13.0067634" lon="79.4382839">
      </trkpt>
      <trkpt lat="13.0036812" lon="79.4254118">
      </trkpt>
      <trkpt lat="13.003468" lon="79.4243482">
      </trkpt>
      <trkpt lat="13.0018133" lon="79.4148331">
      </trkpt>
      <trkpt lat="13.0006669" lon="79.4084301">
      </trkpt>
      <trkpt lat="13.0003186" lon="79.4067746">
      </trkpt>
      <trkpt lat="12.9994801" lon="79.4036688">
      </trkpt>
      <trkpt lat="12.9988092" lon="79.4016032">
      </trkpt>
      <trkpt lat="12.9982944" lon="79.400225">
      </trkpt>
      <trkpt lat="12.9977176" lon="79.3988048">
      </trkpt>
      <trkpt lat="12.9971913" lon="79.3975564">
      </trkpt>
      <trkpt lat="12.9966451" lon="79.3963866">
      </trkpt>
      <trkpt lat="12.9957957" lon="79.3947212">
      </trkpt>
      <trkpt lat="12.9950619" lon="79.3934648">
      </trkpt>
      <trkpt lat="12.9944296" lon="79.3924685">
      </trkpt>
      <trkpt lat="12.9938561" lon="79.3916314">
      </trkpt>
      <trkpt lat="12.9929846" lon="79.3903844">
      </trkpt>
      <trkpt lat="12.9920565" lon="79.3892134">
      </trkpt>
      <trkpt lat="12.9909639" lon="79.3879664">
      </trkpt>
      <trkpt lat="12.989916" lon="79.3868713">
      </trkpt>
      <trkpt lat="12.9884886" lon="79.3855527">
      </trkpt>
      <trkpt lat="12.9866079" lon="79.3840419">
      </trkpt>
      <trkpt lat="12.9805293" lon="79.379333">
      </trkpt>
      <trkpt lat="12.9792283" lon="79.3780818">
      </trkpt>
      <trkpt lat="12.9784519" lon="79.3772747">
      </trkpt>
      <trkpt lat="12.9772546" lon="79.3758603">
      </trkpt>
      <trkpt lat="12.9764572" lon="79.3747896">
      </trkpt>
      <trkpt lat="12.9756255" lon="79.3735693">
      </trkpt>
      <trkpt lat="12.9745478" lon="79.3717011">
      </trkpt>
      <trkpt lat="12.9731228" lon="79.3690436">
      </trkpt>
      <trkpt lat="12.972632" lon="79.3680165">
      </trkpt>
      <trkpt lat="12.9723054" lon="79.3672032">
      </trkpt>
      <trkpt lat="12.9719956" lon="79.3662722">
      </trkpt>
      <trkpt lat="12.9718265" lon="79.3656616">
      </trkpt>
      <trkpt lat="12.9716707" lon="79.3650537">
      </trkpt>
      <trkpt lat="12.971485" lon="79.3642884">
      </trkpt>
      <trkpt lat="12.9713894" lon="79.3637947">
      </trkpt>
      <trkpt lat="12.9713188" lon="79.3634364">
      </trkpt>
      <trkpt lat="12.9712731" lon="79.3631579">
      </trkpt>
      <trkpt lat="12.9711964" lon="79.3626388">
      </trkpt>
      <trkpt lat="12.9711164" lon="79.3619113">
      </trkpt>
      <trkpt lat="12.9710321" lon="79.3612178">
      </trkpt>
      <trkpt lat="12.9709794" lon="79.3604896">
      </trkpt>
      <trkpt lat="12.9709423" lon="79.3596769">
      </trkpt>
      <trkpt lat="12.970911" lon="79.3588472">
      </trkpt>
      <trkpt lat="12.9709172" lon="79.3576555">
      </trkpt>
      <trkpt lat="12.9709347" lon="79.3551814">
      </trkpt>
      <trkpt lat="12.9709262" lon="79.3546732">
      </trkpt>
      <trkpt lat="12.9709474" lon="79.3544123">
      </trkpt>
      <trkpt lat="12.9709622" lon="79.3537786">
      </trkpt>
      <trkpt lat="12.9709875" lon="79.3519011">
      </trkpt>
      <trkpt lat="12.9710071" lon="79.3500088">
      </trkpt>
      <trkpt lat="12.9710444" lon="79.3462537">
      </trkpt>
      <trkpt lat="12.9710846" lon="79.342288">
      </trkpt>
      <trkpt lat="12.9711025" lon="79.3410495">
      </trkpt>
      <trkpt lat="12.971143" lon="79.3378678">
      </trkpt>
      <trkpt lat="12.971177" lon="79.3347001">
      </trkpt>
      <trkpt lat="12.9712601" lon="79.3301128">
      </trkpt>
      <trkpt lat="12.9712925" lon="79.3283254">
      </trkpt>
      <trkpt lat="12.971348" lon="79.3234909">
      </trkpt>
      <trkpt lat="12.9714968" lon="79.312718">
      </trkpt>
      <trkpt lat="12.9715197" lon="79.310013">
      </trkpt>
      <trkpt lat="12.9715221" lon="79.3098669">
      </trkpt>
      <trkpt lat="12.9715369" lon="79.3089525">
      </trkpt>
      <trkpt lat="12.9715873" lon="79.307874">
      </trkpt>
      <trkpt lat="12.9716443" lon="79.3068102">
      </trkpt>
      <trkpt lat="12.9716858" lon="79.3062839">
      </trkpt>
      <trkpt lat="12.9716866" lon="79.3062741">
      </trkpt>
      <trkpt lat="12.9717416" lon="79.305702">
      </trkpt>
      <trkpt lat="12.9719041" lon="79.3046827">
      </trkpt>
      <trkpt lat="12.9720643" lon="79.3036769">
      </trkpt>
      <trkpt lat="12.9722518" lon="79.3028413">
      </trkpt>
      <trkpt lat="12.9723919" lon="79.3022608">
      </trkpt>
      <trkpt lat="12.9723976" lon="79.3022373">
      </trkpt>
      <trkpt lat="12.9725388" lon="79.3017016">
      </trkpt>
      <trkpt lat="12.972841" lon="79.3006687">
      </trkpt>
      <trkpt lat="12.9731726" lon="79.2996597">
      </trkpt>
      <trkpt lat="12.9734685" lon="79.2988488">
      </trkpt>
      <trkpt lat="12.9735362" lon="79.2986634">
      </trkpt>
      <trkpt lat="12.9737153" lon="79.2981855">
      </trkpt>
      <trkpt lat="12.9740168" lon="79.2973745">
      </trkpt>
      <trkpt lat="12.9742644" lon="79.2967902">
      </trkpt>
      <trkpt lat="12.9746754" lon="79.2959439">
      </trkpt>
      <trkpt lat="12.9750818" lon="79.2951263">
      </trkpt>
      <trkpt lat="12.9770516" lon="79.2916272">
      </trkpt>
      <trkpt lat="12.9773094" lon="79.2911523">
      </trkpt>
      <trkpt lat="12.9775296" lon="79.2907105">
      </trkpt>
      <trkpt lat="12.9779614" lon="79.2897849">
      </trkpt>
      <trkpt lat="12.9781948" lon="79.2892688">
      </trkpt>
      <trkpt lat="12.9784327" lon="79.288723">
      </trkpt>
      <trkpt lat="12.9788525" lon="79.2876044">
      </trkpt>
      <trkpt lat="12.9791266" lon="79.2868146">
      </trkpt>
      <trkpt lat="12.9793659" lon="79.2860328">
      </trkpt>
      <trkpt lat="12.9795702" lon="79.2854208">
      </trkpt>
      <trkpt lat="12.9799395" lon="79.2842518">
      </trkpt>
      <trkpt lat="12.9801103" lon="79.2835709">
      </trkpt>
      <trkpt lat="12.9802256" lon="79.2830421">
      </trkpt>
      <trkpt lat="12.9803149" lon="79.2825705">
      </trkpt>
      <trkpt lat="12.9804073" lon="79.2819679">
      </trkpt>
      <trkpt lat="12.9804787" lon="79.2814157">
      </trkpt>
      <trkpt lat="12.9805929" lon="79.2805463">
      </trkpt>
      <trkpt lat="12.9806329" lon="79.2802538">
      </trkpt>
      <trkpt lat="12.9806445" lon="79.280169">
      </trkpt>
      <trkpt lat="12.980788" lon="79.2791188">
      </trkpt>
      <trkpt lat="12.9808582" lon="79.2785567">
      </trkpt>
      <trkpt lat="12.9808725" lon="79.2781927">
      </trkpt>
      <trkpt lat="12.9808798" lon="79.2778435">
      </trkpt>
      <trkpt lat="12.9808608" lon="79.2770989">
      </trkpt>
      <trkpt lat="12.980832" lon="79.2763768">
      </trkpt>
      <trkpt lat="12.9808242" lon="79.2762367">
      </trkpt>
      <trkpt lat="12.9807523" lon="79.2752084">
      </trkpt>
      <trkpt lat="12.9806517" lon="79.2741995">
      </trkpt>
      <trkpt lat="12.9806341" lon="79.2740612">
      </trkpt>
      <trkpt lat="12.9805489" lon="79.2733903">
      </trkpt>
      <trkpt lat="12.9804936" lon="79.2729604">
      </trkpt>
      <trkpt lat="12.9798905" lon="79.2674586">
      </trkpt>
      <trkpt lat="12.9798702" lon="79.2671943">
      </trkpt>
      <trkpt lat="12.9798088" lon="79.2666726">
      </trkpt>
      <trkpt lat="12.9797251" lon="79.2661469">
      </trkpt>
      <trkpt lat="12.9795605" lon="79.2652926">
      </trkpt>
      <trkpt lat="12.9795487" lon="79.2652282">
      </trkpt>
      <trkpt lat="12.9794365" lon="79.2643973">
      </trkpt>
      <trkpt lat="12.9793109" lon="79.2631602">
      </trkpt>
      <trkpt lat="12.9789777" lon="79.2604384">
      </trkpt>
      <trkpt lat="12.9788718" lon="79.2595473">
      </trkpt>
      <trkpt lat="12.9787424" lon="79.2582759">
      </trkpt>
      <trkpt lat="12.9785076" lon="79.2561335">
      </trkpt>
      <trkpt lat="12.9784261" lon="79.2555622">
      </trkpt>
      <trkpt lat="12.9782994" lon="79.2546952">
      </trkpt>
      <trkpt lat="12.9781331" lon="79.2538481">
      </trkpt>
      <trkpt lat="12.9778953" lon="79.2528999">
      </trkpt>
      <trkpt lat="12.9776988" lon="79.2521211">
      </trkpt>
      <trkpt lat="12.9775735" lon="79.2516842">
      </trkpt>
      <trkpt lat="12.9773716" lon="79.2510729">
      </trkpt>
      <trkpt lat="12.9771823" lon="79.2506063">
      </trkpt>
      <trkpt lat="12.9768775" lon="79.2498565">
      </trkpt>
      <trkpt lat="12.9766613" lon="79.2493518">
      </trkpt>
      <trkpt lat="12.9764304" lon="79.2488699">
      </trkpt>
      <trkpt lat="12.9761773" lon="79.2483377">
      </trkpt>
      <trkpt lat="12.9759613" lon="79.2479231">
      </trkpt>
      <trkpt lat="12.97541" lon="79.246963">
      </trkpt>
      <trkpt lat="12.9751314" lon="79.2463928">
      </trkpt>
      <trkpt lat="12.9749104" lon="79.245909">
      </trkpt>
      <trkpt lat="12.9745723" lon="79.2450784">
      </trkpt>
      <trkpt lat="12.9744254" lon="79.2446408">
      </trkpt>
      <trkpt lat="12.9743481" lon="79.2444467">
      </trkpt>
      <trkpt lat="12.9738663" lon="79.2431288">
      </trkpt>
      <trkpt lat="12.9730941" lon="79.2409529">
      </trkpt>
      <trkpt lat="12.9725698" lon="79.2395019">
      </trkpt>
      <trkpt lat="12.9721241" lon="79.2382485">
      </trkpt>
      <trkpt lat="12.9719572" lon="79.2377986">
      </trkpt>
      <trkpt lat="12.9719223" lon="79.2376943">
      </trkpt>
      <trkpt lat="12.9716135" lon="79.2368343">
      </trkpt>
      <trkpt lat="12.9715796" lon="79.2367461">
      </trkpt>
      <trkpt lat="12.9712658" lon="79.2357856">
      </trkpt>
      <trkpt lat="12.9709473" lon="79.234782">
      </trkpt>
      <trkpt lat="12.9708032" lon="79.2342138">
      </trkpt>
      <trkpt lat="12.9706398" lon="79.2335708">
      </trkpt>
      <trkpt lat="12.9705104" lon="79.2329907">
      </trkpt>
      <trkpt lat="12.9703757" lon="79.232373">
      </trkpt>
      <trkpt lat="12.9702138" lon="79.2314089">
      </trkpt>
      <trkpt lat="12.9701904" lon="79.2312438">
      </trkpt>
      <trkpt lat="12.970121" lon="79.2306036">
      </trkpt>
      <trkpt lat="12.9700386" lon="79.2299095">
      </trkpt>
      <trkpt lat="12.969974" lon="79.2290353">
      </trkpt>
      <trkpt lat="12.9699615" lon="79.2273957">
      </trkpt>
      <trkpt lat="12.9699707" lon="79.2260954">
      </trkpt>
      <trkpt lat="12.9699608" lon="79.2213929">
      </trkpt>
      <trkpt lat="12.9699616" lon="79.2212896">
      </trkpt>
      <trkpt lat="12.9699767" lon="79.2193775">
      </trkpt>
      <trkpt lat="12.9699739" lon="79.2189444">
      </trkpt>
      <trkpt lat="12.9700648" lon="79.2137781">
      </trkpt>
      <trkpt lat="12.9701628" lon="79.2086463">
      </trkpt>
      <trkpt lat="12.9702386" lon="79.2055102">
      </trkpt>
      <trkpt lat="12.9702935" lon="79.2036568">
      </trkpt>
      <trkpt lat="12.9703986" lon="79.199575">
      </trkpt>
      <trkpt lat="12.9704022" lon="79.1985628">
      </trkpt>
      <trkpt lat="12.9704294" lon="79.1980094">
      </trkpt>
      <trkpt lat="12.9704835" lon="79.1974979">
      </trkpt>
      <trkpt lat="12.9705234" lon="79.1970143">
      </trkpt>
      <trkpt lat="12.9706141" lon="79.196339">
      </trkpt>
      <trkpt lat="12.9707258" lon="79.1954696">
      </trkpt>
      <trkpt lat="12.9707425" lon="79.1953582">
      </trkpt>
      <trkpt lat="12.9707827" lon="79.1951028">
      </trkpt>
      <trkpt lat="12.9708136" lon="79.1949061">
      </trkpt>
      <trkpt lat="12.970947" lon="79.1942201">
      </trkpt>
      <trkpt lat="12.9710789" lon="79.1935877">
      </trkpt>
      <trkpt lat="12.9712348" lon="79.1929473">
      </trkpt>
      <trkpt lat="12.9714475" lon="79.1922574">
      </trkpt>
      <trkpt lat="12.9717023" lon="79.1914822">
      </trkpt>
      <trkpt lat="12.972011" lon="79.1905604">
      </trkpt>
      <trkpt lat="12.9726916" lon="79.1887195">
      </trkpt>
      <trkpt lat="12.9733244" lon="79.1869277">
      </trkpt>
      <trkpt lat="12.9735852" lon="79.1860321">
      </trkpt>
      <trkpt lat="12.9738116" lon="79.1852206">
      </trkpt>
      <trkpt lat="12.9740003" lon="79.1843705">
      </trkpt>
      <trkpt lat="12.9740926" lon="79.1838358">
      </trkpt>
      <trkpt lat="12.9743862" lon="79.1819553">
      </trkpt>
      <trkpt lat="12.9745147" lon="79.1809022">
      </trkpt>
      <trkpt lat="12.9746214" lon="79.1796619">
      </trkpt>
      <trkpt lat="12.9746637" lon="79.1789603">
      </trkpt>
      <trkpt lat="12.9746812" lon="79.1780268">
      </trkpt>
      <trkpt lat="12.974682" lon="79.1771579">
      </trkpt>
      <trkpt lat="12.9746584" lon="79.1762053">
      </trkpt>
      <trkpt lat="12.9746258" lon="79.1755177">
      </trkpt>
      <trkpt lat="12.9745642" lon="79.1748703">
      </trkpt>
      <trkpt lat="12.9744402" lon="79.1737287">
      </trkpt>
      <trkpt lat="12.9744331" lon="79.1736384">
      </trkpt>
      <trkpt lat="12.9742612" lon="79.1724935">
      </trkpt>
      <trkpt lat="12.9742526" lon="79.172429">
      </trkpt>
      <trkpt lat="12.974039" lon="79.1713428">
      </trkpt>
      <trkpt lat="12.9738806" lon="79.1705233">
      </trkpt>
      <trkpt lat="12.9736208" lon="79.1695873">
      </trkpt>
      <trkpt lat="12.9726653" lon="79.1659797">
      </trkpt>
      <trkpt lat="12.9724704" lon="79.1652037">
      </trkpt>
      <trkpt lat="12.9722365" lon="79.1641972">
      </trkpt>
      <trkpt lat="12.9719089" lon="79.1624822">
      </trkpt>
      <trkpt lat="12.9716537" lon="79.1611762">
      </trkpt>
      <trkpt lat="12.9715032" lon="79.1601333">
      </trkpt>
      <trkpt lat="12.9713988" lon="79.1594302">
      </trkpt>
      <trkpt lat="12.9712763" lon="79.1583837">
      </trkpt>
      <trkpt lat="12.9711495" lon="79.1573189">
      </trkpt>
      <trkpt lat="12.9709815" lon="79.1553129">
      </trkpt>
      <trkpt lat="12.9709293" lon="79.1541385">
      </trkpt>
      <trkpt lat="12.9708923" lon="79.153083">
      </trkpt>
      <trkpt lat="12.9708724" lon="79.151223">
      </trkpt>
      <trkpt lat="12.9709005" lon="79.14949">
      </trkpt>
      <trkpt lat="12.970994" lon="79.1475967">
      </trkpt>
      <trkpt lat="12.9711312" lon="79.145616">
      </trkpt>
      <trkpt lat="12.9712002" lon="79.1446295">
      </trkpt>
      <trkpt lat="12.9712178" lon="79.1444192">
      </trkpt>
      <trkpt lat="12.9712869" lon="79.143681">
      </trkpt>
      <trkpt lat="12.9713726" lon="79.1430789">
      </trkpt>
      <trkpt lat="12.9713963" lon="79.1429077">
      </trkpt>
      <trkpt lat="12.9724871" lon="79.1348098">
      </trkpt>
      <trkpt lat="12.9726648" lon="79.1332444">
      </trkpt>
      <trkpt lat="12.9728057" lon="79.1321765">
      </trkpt>
      <trkpt lat="12.9729676" lon="79.1310279">
      </trkpt>
      <trkpt lat="12.9731872" lon="79.1297939">
      </trkpt>
      <trkpt lat="12.9733192" lon="79.1290598">
      </trkpt>
      <trkpt lat="12.9734317" lon="79.1282609">
      </trkpt>
      <trkpt lat="12.9735098" lon="79.1274987">
      </trkpt>
      <trkpt lat="12.9735908" lon="79.1266365">
      </trkpt>
      <trkpt lat="12.9736428" lon="79.1258264">
      </trkpt>
      <trkpt lat="12.9736778" lon="79.1248836">
      </trkpt>
      <trkpt lat="12.9736804" lon="79.1246168">
      </trkpt>
      <trkpt lat="12.9736663" lon="79.1236592">
      </trkpt>
      <trkpt lat="12.9736036" lon="79.1224952">
      </trkpt>
      <trkpt lat="12.9735827" lon="79.1221062">
      </trkpt>
      <trkpt lat="12.9732183" lon="79.1187018">
      </trkpt>
      <trkpt lat="12.9729711" lon="79.1163569">
      </trkpt>
      <trkpt lat="12.9728354" lon="79.115223">
      </trkpt>
      <trkpt lat="12.9726955" lon="79.1141206">
      </trkpt>
      <trkpt lat="12.9716174" lon="79.1045156">
      </trkpt>
      <trkpt lat="12.9712867" lon="79.1017006">
      </trkpt>
      <trkpt lat="12.9709582" lon="79.0988711">
      </trkpt>
      <trkpt lat="12.9709498" lon="79.098776">
      </trkpt>
      <trkpt lat="12.9706042" lon="79.0958001">
      </trkpt>
      <trkpt lat="12.970595" lon="79.0956706">
      </trkpt>
      <trkpt lat="12.9703689" lon="79.0935711">
      </trkpt>
      <trkpt lat="12.968984" lon="79.0815371">
      </trkpt>
      <trkpt lat="12.9689709" lon="79.081395">
      </trkpt>
      <trkpt lat="12.9687958" lon="79.0799198">
      </trkpt>
      <trkpt lat="12.9682799" lon="79.0754378">
      </trkpt>
      <trkpt lat="12.9678608" lon="79.0717972">
      </trkpt>
      <trkpt lat="12.9678161" lon="79.0714092">
      </trkpt>
      <trkpt lat="12.9677633" lon="79.0709504">
      </trkpt>
      <trkpt lat="12.9674772" lon="79.0684345">
      </trkpt>
      <trkpt lat="12.9670046" lon="79.0642778">
      </trkpt>
      <trkpt lat="12.9667679" lon="79.0621962">
      </trkpt>
      <trkpt lat="12.9667353" lon="79.0619034">
      </trkpt>
      <trkpt lat="12.9665205" lon="79.0599748">
      </trkpt>
      <trkpt lat="12.9662735" lon="79.0576735">
      </trkpt>
      <trkpt lat="12.9657769" lon="79.0532345">
      </trkpt>
      <trkpt lat="12.9652985" lon="79.0493479">
      </trkpt>
      <trkpt lat="12.9648163" lon="79.0457712">
      </trkpt>
      <trkpt lat="12.9642872" lon="79.0422297">
      </trkpt>
      <trkpt lat="12.9640308" lon="79.0405959">
      </trkpt>
      <trkpt lat="12.9630715" lon="79.0348425">
      </trkpt>
      <trkpt lat="12.963048" lon="79.0347058">
      </trkpt>
      <trkpt lat="12.9626795" lon="79.0326807">
      </trkpt>
      <trkpt lat="12.9622081" lon="79.0303567">
      </trkpt>
      <trkpt lat="12.9619815" lon="79.0293413">
      </trkpt>
      <trkpt lat="12.9612732" lon="79.0258518">
      </trkpt>
      <trkpt lat="12.9609177" lon="79.0241647">
      </trkpt>
      <trkpt lat="12.9603348" lon="79.0212706">
      </trkpt>
      <trkpt lat="12.9598369" lon="79.0189522">
      </trkpt>
      <trkpt lat="12.9590409" lon="79.0152463">
      </trkpt>
      <trkpt lat="12.9590091" lon="79.0150979">
      </trkpt>
      <trkpt lat="12.9584554" lon="79.0125185">
      </trkpt>
      <trkpt lat="12.9580722" lon="79.0109309">
      </trkpt>
      <trkpt lat="12.9575484" lon="79.0085623">
      </trkpt>
      <trkpt lat="12.956827" lon="79.005353">
      </trkpt>
      <trkpt lat="12.9557997" lon="79.0004459">
      </trkpt>
      <trkpt lat="12.9555409" lon="78.9992979">
      </trkpt>
      <trkpt lat="12.9543987" lon="78.9940013">
      </trkpt>
      <trkpt lat="12.9540379" lon="78.9923376">
      </trkpt>
      <trkpt lat="12.9536576" lon="78.9906055">
      </trkpt>
      <trkpt lat="12.9536471" lon="78.9905549">
      </trkpt>
      <trkpt lat="12.953419" lon="78.9895169">
      </trkpt>
      <trkpt lat="12.953406" lon="78.9894579">
      </trkpt>
      <trkpt lat="12.9530485" lon="78.9877591">
      </trkpt>
      <trkpt lat="12.9530357" lon="78.9877071">
      </trkpt>
      <trkpt lat="12.9525257" lon="78.9853638">
      </trkpt>
      <trkpt lat="12.9525102" lon="78.9853027">
      </trkpt>
      <trkpt lat="12.9522881" lon="78.9842729">
      </trkpt>
      <trkpt lat="12.9517668" lon="78.9818418">
      </trkpt>
      <trkpt lat="12.9512564" lon="78.9794887">
      </trkpt>
      <trkpt lat="12.9507159" lon="78.9769859">
      </trkpt>
      <trkpt lat="12.9506983" lon="78.9769146">
      </trkpt>
      <trkpt lat="12.9504058" lon="78.9755724">
      </trkpt>
      <trkpt lat="12.9500961" lon="78.9740042">
      </trkpt>
      <trkpt lat="12.9500627" lon="78.9738542">
      </trkpt>
      <trkpt lat="12.9492624" lon="78.9702556">
      </trkpt>
      <trkpt lat="12.949059" lon="78.9693448">
      </trkpt>
      <trkpt lat="12.9483064" lon="78.9656865">
      </trkpt>
      <trkpt lat="12.9482264" lon="78.9653345">
      </trkpt>
      <trkpt lat="12.9480154" lon="78.9645155">
      </trkpt>
      <trkpt lat="12.9478056" lon="78.9635304">
      </trkpt>
      <trkpt lat="12.9476251" lon="78.9627138">
      </trkpt>
      <trkpt lat="12.9474989" lon="78.9621006">
      </trkpt>
      <trkpt lat="12.9464835" lon="78.957457">
      </trkpt>
      <trkpt lat="12.9459637" lon="78.9550388">
      </trkpt>
      <trkpt lat="12.9451167" lon="78.9511077">
      </trkpt>
      <trkpt lat="12.9433353" lon="78.9428865">
      </trkpt>
      <trkpt lat="12.9425641" lon="78.9393559">
      </trkpt>
      <trkpt lat="12.9417784" lon="78.9356829">
      </trkpt>
      <trkpt lat="12.9412697" lon="78.9333625">
      </trkpt>
      <trkpt lat="12.9409992" lon="78.9320697">
      </trkpt>
      <trkpt lat="12.9407788" lon="78.9310682">
      </trkpt>
      <trkpt lat="12.9407438" lon="78.9308977">
      </trkpt>
      <trkpt lat="12.9402235" lon="78.9285186">
      </trkpt>
      <trkpt lat="12.9402125" lon="78.9284705">
      </trkpt>
      <trkpt lat="12.9401924" lon="78.928378">
      </trkpt>
      <trkpt lat="12.9388009" lon="78.9219789">
      </trkpt>
      <trkpt lat="12.9385778" lon="78.92089">
      </trkpt>
      <trkpt lat="12.9384713" lon="78.9204611">
      </trkpt>
      <trkpt lat="12.9380348" lon="78.9184682">
      </trkpt>
      <trkpt lat="12.9375574" lon="78.9163203">
      </trkpt>
      <trkpt lat="12.937257" lon="78.9149177">
      </trkpt>
      <trkpt lat="12.9369222" lon="78.9134213">
      </trkpt>
      <trkpt lat="12.9366865" lon="78.9122962">
      </trkpt>
      <trkpt lat="12.9365098" lon="78.911414">
      </trkpt>
      <trkpt lat="12.9362663" lon="78.9102754">
      </trkpt>
      <trkpt lat="12.9358977" lon="78.9085735">
      </trkpt>
      <trkpt lat="12.935173" lon="78.9051796">
      </trkpt>
      <trkpt lat="12.9349736" lon="78.9043531">
      </trkpt>
      <trkpt lat="12.9347449" lon="78.9035314">
      </trkpt>
      <trkpt lat="12.9345342" lon="78.9027843">
      </trkpt>
      <trkpt lat="12.9342922" lon="78.9020504">
      </trkpt>
      <trkpt lat="12.9339147" lon="78.9010017">
      </trkpt>
      <trkpt lat="12.9334889" lon="78.8999667">
      </trkpt>
      <trkpt lat="12.9331411" lon="78.8991697">
      </trkpt>
      <trkpt lat="12.9331006" lon="78.899096">
      </trkpt>
      <trkpt lat="12.9329592" lon="78.8988014">
      </trkpt>
      <trkpt lat="12.9323924" lon="78.8976612">
      </trkpt>
      <trkpt lat="12.9318519" lon="78.8966962">
      </trkpt>
      <trkpt lat="12.9312826" lon="78.8957546">
      </trkpt>
      <trkpt lat="12.9298487" lon="78.8935901">
      </trkpt>
      <trkpt lat="12.9282932" lon="78.8912056">
      </trkpt>
      <trkpt lat="12.9261899" lon="78.8880084">
      </trkpt>
      <trkpt lat="12.9249273" lon="78.8861006">
      </trkpt>
      <trkpt lat="12.923688" lon="78.8842142">
      </trkpt>
      <trkpt lat="12.9221602" lon="78.8819286">
      </trkpt>
      <trkpt lat="12.9214965" lon="78.8808765">
      </trkpt>
      <trkpt lat="12.9173349" lon="78.8745414">
      </trkpt>
      <trkpt lat="12.915608" lon="78.8719185">
      </trkpt>
      <trkpt lat="12.9114564" lon="78.8656107">
      </trkpt>
      <trkpt lat="12.9101591" lon="78.8637421">
      </trkpt>
      <trkpt lat="12.9094755" lon="78.86283">
      </trkpt>
      <trkpt lat="12.9086976" lon="78.8618459">
      </trkpt>
      <trkpt lat="12.9078456" lon="78.8608678">
      </trkpt>
      <trkpt lat="12.9069738" lon="78.8599859">
      </trkpt>
      <trkpt lat="12.9060335" lon="78.8591188">
      </trkpt>
      <trkpt lat="12.9051002" lon="78.8582789">
      </trkpt>
      <trkpt lat="12.9041131" lon="78.8575054">
      </trkpt>
      <trkpt lat="12.9022074" lon="78.8561006">
      </trkpt>
      <trkpt lat="12.9003334" lon="78.8546959">
      </trkpt>
      <trkpt lat="12.8989347" lon="78.8535117">
      </trkpt>
      <trkpt lat="12.8979444" lon="78.8525656">
      </trkpt>
      <trkpt lat="12.8968371" lon="78.8514103">
      </trkpt>
      <trkpt lat="12.8959863" lon="78.8504182">
      </trkpt>
      <trkpt lat="12.8957008" lon="78.8500652">
      </trkpt>
      <trkpt lat="12.8956415" lon="78.849994">
      </trkpt>
      <trkpt lat="12.8949923" lon="78.8491747">
      </trkpt>
      <trkpt lat="12.8943736" lon="78.8483229">
      </trkpt>
      <trkpt lat="12.893788" lon="78.8474483">
      </trkpt>
      <trkpt lat="12.8932573" lon="78.8465672">
      </trkpt>
      <trkpt lat="12.8927294" lon="78.8456426">
      </trkpt>
      <trkpt lat="12.8922416" lon="78.844666">
      </trkpt>
      <trkpt lat="12.8919437" lon="78.8440409">
      </trkpt>
      <trkpt lat="12.8916658" lon="78.8434267">
      </trkpt>
      <trkpt lat="12.8916088" lon="78.8432981">
      </trkpt>
      <trkpt lat="12.8913627" lon="78.8426886">
      </trkpt>
      <trkpt lat="12.8910573" lon="78.8419756">
      </trkpt>
      <trkpt lat="12.8908025" lon="78.8414505">
      </trkpt>
      <trkpt lat="12.8899037" lon="78.8394642">
      </trkpt>
      <trkpt lat="12.8886491" lon="78.8365139">
      </trkpt>
      <trkpt lat="12.8877178" lon="78.8344645">
      </trkpt>
      <trkpt lat="12.8874848" lon="78.8339328">
      </trkpt>
      <trkpt lat="12.88716" lon="78.8331918">
      </trkpt>
      <trkpt lat="12.886808" lon="78.8323886">
      </trkpt>
      <trkpt lat="12.8851031" lon="78.8284577">
      </trkpt>
      <trkpt lat="12.8848284" lon="78.8278898">
      </trkpt>
      <trkpt lat="12.8839252" lon="78.8263344">
      </trkpt>
      <trkpt lat="12.8836557" lon="78.8259168">
      </trkpt>
      <trkpt lat="12.8835857" lon="78.8258082">
      </trkpt>
      <trkpt lat="12.8831818" lon="78.8251625">
      </trkpt>
      <trkpt lat="12.8824016" lon="78.8240916">
      </trkpt>
      <trkpt lat="12.8805011" lon="78.8218876">
      </trkpt>
      <trkpt lat="12.8790496" lon="78.8203054">
      </trkpt>
      <trkpt lat="12.8789831" lon="78.8202303">
      </trkpt>
      <trkpt lat="12.8758155" lon="78.8166444">
      </trkpt>
      <trkpt lat="12.8749329" lon="78.815641">
      </trkpt>
      <trkpt lat="12.8748117" lon="78.8155068">
      </trkpt>
      <trkpt lat="12.8744131" lon="78.8150414">
      </trkpt>
      <trkpt lat="12.8726326" lon="78.8130591">
      </trkpt>
      <trkpt lat="12.8725775" lon="78.8129971">
      </trkpt>
      <trkpt lat="12.8713408" lon="78.8116091">
      </trkpt>
      <trkpt lat="12.8712602" lon="78.8115186">
      </trkpt>
      <trkpt lat="12.8702779" lon="78.8103697">
      </trkpt>
      <trkpt lat="12.8692623" lon="78.8091306">
      </trkpt>
      <trkpt lat="12.868338" lon="78.8079599">
      </trkpt>
      <trkpt lat="12.8664161" lon="78.805527">
      </trkpt>
      <trkpt lat="12.8654041" lon="78.804186">
      </trkpt>
      <trkpt lat="12.8643421" lon="78.8028673">
      </trkpt>
      <trkpt lat="12.8635083" lon="78.8017948">
      </trkpt>
      <trkpt lat="12.863326" lon="78.8015666">
      </trkpt>
      <trkpt lat="12.8621358" lon="78.8000603">
      </trkpt>
      <trkpt lat="12.8618466" lon="78.7997214">
      </trkpt>
      <trkpt lat="12.8615328" lon="78.7993003">
      </trkpt>
      <trkpt lat="12.8610869" lon="78.7987277">
      </trkpt>
      <trkpt lat="12.859984" lon="78.7973017">
      </trkpt>
      <trkpt lat="12.8587858" lon="78.7958591">
      </trkpt>
      <trkpt lat="12.8583378" lon="78.7953687">
      </trkpt>
      <trkpt lat="12.8577503" lon="78.7947647">
      </trkpt>
      <trkpt lat="12.8574697" lon="78.7945026">
      </trkpt>
      <trkpt lat="12.8573235" lon="78.7943718">
      </trkpt>
      <trkpt lat="12.8563735" lon="78.7935229">
      </trkpt>
      <trkpt lat="12.8560084" lon="78.7932007">
      </trkpt>
      <trkpt lat="12.8557418" lon="78.7929785">
      </trkpt>
      <trkpt lat="12.855526" lon="78.7928004">
      </trkpt>
      <trkpt lat="12.8554642" lon="78.7927483">
      </trkpt>
      <trkpt lat="12.85529" lon="78.79261">
      </trkpt>
      <trkpt lat="12.8549978" lon="78.7923782">
      </trkpt>
      <trkpt lat="12.8539449" lon="78.7916254">
      </trkpt>
      <trkpt lat="12.8528449" lon="78.7908906">
      </trkpt>
      <trkpt lat="12.8521606" lon="78.7904568">
      </trkpt>
      <trkpt lat="12.8512834" lon="78.7899864">
      </trkpt>
      <trkpt lat="12.8504114" lon="78.7895472">
      </trkpt>
      <trkpt lat="12.8481284" lon="78.7883918">
      </trkpt>
      <trkpt lat="12.8465468" lon="78.7875846">
      </trkpt>
      <trkpt lat="12.8458637" lon="78.7872089">
      </trkpt>
      <trkpt lat="12.845193" lon="78.7867957">
      </trkpt>
      <trkpt lat="12.8450985" lon="78.7867306">
      </trkpt>
      <trkpt lat="12.843961" lon="78.7859869">
      </trkpt>
      <trkpt lat="12.8431694" lon="78.7854143">
      </trkpt>
      <trkpt lat="12.8423721" lon="78.7847783">
      </trkpt>
      <trkpt lat="12.8416163" lon="78.7841258">
      </trkpt>
      <trkpt lat="12.8404792" lon="78.7831548">
      </trkpt>
      <trkpt lat="12.8404069" lon="78.7830907">
      </trkpt>
      <trkpt lat="12.8397602" lon="78.7825168">
      </trkpt>
      <trkpt lat="12.8372435" lon="78.7802662">
      </trkpt>
      <trkpt lat="12.8371532" lon="78.7801813">
      </trkpt>
      <trkpt lat="12.8353288" lon="78.7784365">
      </trkpt>
      <trkpt lat="12.8346801" lon="78.7777287">
      </trkpt>
      <trkpt lat="12.8340392" lon="78.7770027">
      </trkpt>
      <trkpt lat="12.833465" lon="78.7762742">
      </trkpt>
      <trkpt lat="12.8331018" lon="78.7757948">
      </trkpt>
      <trkpt lat="12.8322363" lon="78.7745798">
      </trkpt>
      <trkpt lat="12.8316242" lon="78.7735994">
      </trkpt>
      <trkpt lat="12.831032" lon="78.7726126">
      </trkpt>
      <trkpt lat="12.8300754" lon="78.7708287">
      </trkpt>
      <trkpt lat="12.8299123" lon="78.7705246">
      </trkpt>
      <trkpt lat="12.8259837" lon="78.7632222">
      </trkpt>
      <trkpt lat="12.8254333" lon="78.7621878">
      </trkpt>
      <trkpt lat="12.8241231" lon="78.7597618">
      </trkpt>
      <trkpt lat="12.8233351" lon="78.7583041">
      </trkpt>
      <trkpt lat="12.8223215" lon="78.7564633">
      </trkpt>
      <trkpt lat="12.8217541" lon="78.7555052">
      </trkpt>
      <trkpt lat="12.8213851" lon="78.7549068">
      </trkpt>
      <trkpt lat="12.8211688" lon="78.7545559">
      </trkpt>
      <trkpt lat="12.8208632" lon="78.7540884">
      </trkpt>
      <trkpt lat="12.8204572" lon="78.753536">
      </trkpt>
      <trkpt lat="12.8202168" lon="78.7532178">
      </trkpt>
      <trkpt lat="12.819722" lon="78.7526406">
      </trkpt>
      <trkpt lat="12.8189359" lon="78.751798">
      </trkpt>
      <trkpt lat="12.8173665" lon="78.7503459">
      </trkpt>
      <trkpt lat="12.8165879" lon="78.7495024">
      </trkpt>
      <trkpt lat="12.81583" lon="78.7485756">
      </trkpt>
      <trkpt lat="12.8152026" lon="78.7477583">
      </trkpt>
      <trkpt lat="12.8146334" lon="78.7468772">
      </trkpt>
      <trkpt lat="12.8134035" lon="78.7448558">
      </trkpt>
      <trkpt lat="12.8130894" lon="78.7443311">
      </trkpt>
      <trkpt lat="12.8128308" lon="78.7439597">
      </trkpt>
      <trkpt lat="12.8118534" lon="78.7427104">
      </trkpt>
      <trkpt lat="12.8113031" lon="78.7421494">
      </trkpt>
      <trkpt lat="12.8106113" lon="78.7415551">
      </trkpt>
      <trkpt lat="12.8098548" lon="78.7409661">
      </trkpt>
      <trkpt lat="12.8081282" lon="78.7398388">
      </trkpt>
      <trkpt lat="12.8073916" lon="78.7393489">
      </trkpt>
      <trkpt lat="12.8071497" lon="78.7391933">
      </trkpt>
      <trkpt lat="12.8067951" lon="78.7389911">
      </trkpt>
      <trkpt lat="12.8047023" lon="78.7378288">
      </trkpt>
      <trkpt lat="12.8028724" lon="78.7367032">
      </trkpt>
      <trkpt lat="12.801535" lon="78.7358293">
      </trkpt>
      <trkpt lat="12.7999259" lon="78.7346625">
      </trkpt>
      <trkpt lat="12.792393" lon="78.7286938">
      </trkpt>
      <trkpt lat="12.7923464" lon="78.7286566">
      </trkpt>
      <trkpt lat="12.789802" lon="78.7266192">
      </trkpt>
      <trkpt lat="12.7885321" lon="78.7255892">
      </trkpt>
      <trkpt lat="12.7872977" lon="78.7246136">
      </trkpt>
      <trkpt lat="12.7870086" lon="78.7243841">
      </trkpt>
      <trkpt lat="12.786345" lon="78.7238618">
      </trkpt>
      <trkpt lat="12.7858264" lon="78.7234536">
      </trkpt>
      <trkpt lat="12.7840387" lon="78.7220055">
      </trkpt>
      <trkpt lat="12.7827383" lon="78.720984">
      </trkpt>
      <trkpt lat="12.7820294" lon="78.7204032">
      </trkpt>
      <trkpt lat="12.7816763" lon="78.7201403">
      </trkpt>
      <trkpt lat="12.7813045" lon="78.7198373">
      </trkpt>
      <trkpt lat="12.7798924" lon="78.7187025">
      </trkpt>
      <trkpt lat="12.7792858" lon="78.718215">
      </trkpt>
      <trkpt lat="12.7789222" lon="78.7179228">
      </trkpt>
      <trkpt lat="12.77558" lon="78.7152369">
      </trkpt>
      <trkpt lat="12.7752286" lon="78.7149692">
      </trkpt>
      <trkpt lat="12.7738426" lon="78.7139261">
      </trkpt>
      <trkpt lat="12.7720993" lon="78.7126744">
      </trkpt>
      <trkpt lat="12.7693126" lon="78.7108807">
      </trkpt>
      <trkpt lat="12.7666362" lon="78.7093173">
      </trkpt>
      <trkpt lat="12.7663906" lon="78.7091888">
      </trkpt>
      <trkpt lat="12.7657764" lon="78.7088781">
      </trkpt>
      <trkpt lat="12.757869" lon="78.7047195">
      </trkpt>
      <trkpt lat="12.7565312" lon="78.704015">
      </trkpt>
      <trkpt lat="12.7523063" lon="78.70179">
      </trkpt>
      <trkpt lat="12.750393" lon="78.7007843">
      </trkpt>
      <trkpt lat="12.7503205" lon="78.7007462">
      </trkpt>
      <trkpt lat="12.7502396" lon="78.7007037">
      </trkpt>
      <trkpt lat="12.7467347" lon="78.6988772">
      </trkpt>
      <trkpt lat="12.7456848" lon="78.6982969">
      </trkpt>
      <trkpt lat="12.745066" lon="78.697931">
      </trkpt>
      <trkpt lat="12.7439348" lon="78.6972114">
      </trkpt>
      <trkpt lat="12.7428468" lon="78.6964667">
      </trkpt>
      <trkpt lat="12.7416627" lon="78.6955572">
      </trkpt>
      <trkpt lat="12.7405054" lon="78.6946318">
      </trkpt>
      <trkpt lat="12.7395371" lon="78.693746">
      </trkpt>
      <trkpt lat="12.7386024" lon="78.692857">
      </trkpt>
      <trkpt lat="12.7377345" lon="78.6919543">
      </trkpt>
      <trkpt lat="12.7368984" lon="78.6910712">
      </trkpt>
      <trkpt lat="12.7361674" lon="78.6902109">
      </trkpt>
      <trkpt lat="12.7354728" lon="78.6893144">
      </trkpt>
      <trkpt lat="12.7344568" lon="78.6879135">
      </trkpt>
      <trkpt lat="12.7335641" lon="78.6865916">
      </trkpt>
      <trkpt lat="12.7328318" lon="78.6854528">
      </trkpt>
      <trkpt lat="12.7318396" lon="78.6837201">
      </trkpt>
      <trkpt lat="12.731425" lon="78.6830429">
      </trkpt>
      <trkpt lat="12.730543" lon="78.681694">
      </trkpt>
      <trkpt lat="12.7296718" lon="78.6803474">
      </trkpt>
      <trkpt lat="12.7284331" lon="78.6784185">
      </trkpt>
      <trkpt lat="12.7276651" lon="78.6772235">
      </trkpt>
      <trkpt lat="12.7276057" lon="78.6771371">
      </trkpt>
      <trkpt lat="12.7263538" lon="78.6753149">
      </trkpt>
      <trkpt lat="12.7256723" lon="78.6742861">
      </trkpt>
      <trkpt lat="12.720066" lon="78.6656324">
      </trkpt>
      <trkpt lat="12.7178755" lon="78.6625183">
      </trkpt>
      <trkpt lat="12.7156683" lon="78.6597368">
      </trkpt>
      <trkpt lat="12.7137283" lon="78.6574864">
      </trkpt>
      <trkpt lat="12.7127833" lon="78.6564542">
      </trkpt>
      <trkpt lat="12.7096896" lon="78.6533043">
      </trkpt>
      <trkpt lat="12.7078066" lon="78.6515781">
      </trkpt>
      <trkpt lat="12.7064141" lon="78.6503905">
      </trkpt>
      <trkpt lat="12.7045505" lon="78.6488558">
      </trkpt>
      <trkpt lat="12.6984305" lon="78.6441223">
      </trkpt>
      <trkpt lat="12.6983087" lon="78.6440268">
      </trkpt>
      <trkpt lat="12.6968304" lon="78.6428437">
      </trkpt>
      <trkpt lat="12.6955841" lon="78.6417977">
      </trkpt>
      <trkpt lat="12.6943948" lon="78.6406875">
      </trkpt>
      <trkpt lat="12.6941972" lon="78.6405042">
      </trkpt>
      <trkpt lat="12.6930642" lon="78.6394018">
      </trkpt>
      <trkpt lat="12.6916325" lon="78.637929">
      </trkpt>
      <trkpt lat="12.6900416" lon="78.6361209">
      </trkpt>
      <trkpt lat="12.6893808" lon="78.6353345">
      </trkpt>
      <trkpt lat="12.6893673" lon="78.6353185">
      </trkpt>
      <trkpt lat="12.6884157" lon="78.6340997">
      </trkpt>
      <trkpt lat="12.6864649" lon="78.6314893">
      </trkpt>
      <trkpt lat="12.6855534" lon="78.6302999">
      </trkpt>
      <trkpt lat="12.6846638" lon="78.6291978">
      </trkpt>
      <trkpt lat="12.6842119" lon="78.628677">
      </trkpt>
      <trkpt lat="12.6837409" lon="78.6281855">
      </trkpt>
      <trkpt lat="12.6829388" lon="78.6272628">
      </trkpt>
      <trkpt lat="12.6825909" lon="78.6268475">
      </trkpt>
      <trkpt lat="12.6823122" lon="78.6265272">
      </trkpt>
      <trkpt lat="12.6812237" lon="78.6252261">
      </trkpt>
      <trkpt lat="12.680623" lon="78.6245236">
      </trkpt>
      <trkpt lat="12.6785519" lon="78.6220336">
      </trkpt>
      <trkpt lat="12.6775784" lon="78.6208731">
      </trkpt>
      <trkpt lat="12.6767588" lon="78.6198948">
      </trkpt>
      <trkpt lat="12.6765372" lon="78.6196291">
      </trkpt>
      <trkpt lat="12.6764861" lon="78.6195653">
      </trkpt>
      <trkpt lat="12.6758473" lon="78.6187998">
      </trkpt>
      <trkpt lat="12.6739455" lon="78.6163462">
      </trkpt>
      <trkpt lat="12.6732998" lon="78.6154202">
      </trkpt>
      <trkpt lat="12.6729468" lon="78.6149019">
      </trkpt>
      <trkpt lat="12.6727032" lon="78.614523">
      </trkpt>
      <trkpt lat="12.672414" lon="78.614059">
      </trkpt>
      <trkpt lat="12.6718884" lon="78.6131536">
      </trkpt>
      <trkpt lat="12.6716839" lon="78.6127729">
      </trkpt>
      <trkpt lat="12.6714968" lon="78.6124148">
      </trkpt>
      <trkpt lat="12.6711998" lon="78.6118435">
      </trkpt>
      <trkpt lat="12.6709431" lon="78.6113069">
      </trkpt>
      <trkpt lat="12.6706319" lon="78.6106016">
      </trkpt>
      <trkpt lat="12.6703292" lon="78.609833">
      </trkpt>
      <trkpt lat="12.670051" lon="78.6090191">
      </trkpt>
      <trkpt lat="12.6697814" lon="78.608219">
      </trkpt>
      <trkpt lat="12.6696244" lon="78.6077679">
      </trkpt>
      <trkpt lat="12.6694975" lon="78.607391">
      </trkpt>
      <trkpt lat="12.6693431" lon="78.6069417">
      </trkpt>
      <trkpt lat="12.6691949" lon="78.606484">
      </trkpt>
      <trkpt lat="12.6689977" lon="78.6057964">
      </trkpt>
      <trkpt lat="12.6688276" lon="78.6050722">
      </trkpt>
      <trkpt lat="12.6686562" lon="78.6042314">
      </trkpt>
      <trkpt lat="12.6684645" lon="78.6033564">
      </trkpt>
      <trkpt lat="12.6683055" lon="78.6027709">
      </trkpt>
      <trkpt lat="12.6681298" lon="78.6021975">
      </trkpt>
      <trkpt lat="12.6678606" lon="78.6014486">
      </trkpt>
      <trkpt lat="12.6675904" lon="78.6007661">
      </trkpt>
      <trkpt lat="12.6671178" lon="78.5997832">
      </trkpt>
      <trkpt lat="12.6667824" lon="78.5991714">
      </trkpt>
      <trkpt lat="12.6663781" lon="78.5985215">
      </trkpt>
      <trkpt lat="12.6660326" lon="78.5980522">
      </trkpt>
      <trkpt lat="12.6656537" lon="78.5975636">
      </trkpt>
      <trkpt lat="12.6652594" lon="78.597104">
      </trkpt>
      <trkpt lat="12.6648001" lon="78.5966252">
      </trkpt>
      <trkpt lat="12.6642191" lon="78.5960479">
      </trkpt>
      <trkpt lat="12.6636665" lon="78.5954871">
      </trkpt>
      <trkpt lat="12.6633215" lon="78.5950944">
      </trkpt>
      <trkpt lat="12.663286" lon="78.5950588">
      </trkpt>
      <trkpt lat="12.663035" lon="78.594727">
      </trkpt>
      <trkpt lat="12.6628071" lon="78.5943837">
      </trkpt>
      <trkpt lat="12.6626071" lon="78.5940604">
      </trkpt>
      <trkpt lat="12.6623264" lon="78.5935351">
      </trkpt>
      <trkpt lat="12.662119" lon="78.593064">
      </trkpt>
      <trkpt lat="12.6619359" lon="78.592571">
      </trkpt>
      <trkpt lat="12.6619232" lon="78.5925251">
      </trkpt>
      <trkpt lat="12.6615119" lon="78.5912018">
      </trkpt>
      <trkpt lat="12.6613405" lon="78.5906479">
      </trkpt>
      <trkpt lat="12.6610605" lon="78.5897354">
      </trkpt>
      <trkpt lat="12.6607883" lon="78.5888227">
      </trkpt>
      <trkpt lat="12.6602767" lon="78.5871645">
      </trkpt>
      <trkpt lat="12.6597887" lon="78.585499">
      </trkpt>
      <trkpt lat="12.6596316" lon="78.585016">
      </trkpt>
      <trkpt lat="12.6594262" lon="78.5845384">
      </trkpt>
      <trkpt lat="12.6591343" lon="78.5839498">
      </trkpt>
      <trkpt lat="12.6591113" lon="78.583913">
      </trkpt>
      <trkpt lat="12.6588491" lon="78.583467">
      </trkpt>
      <trkpt lat="12.6585629" lon="78.5830588">
      </trkpt>
      <trkpt lat="12.6582668" lon="78.5826718">
      </trkpt>
      <trkpt lat="12.6579426" lon="78.5823062">
      </trkpt>
      <trkpt lat="12.657432" lon="78.5818">
      </trkpt>
      <trkpt lat="12.656845" lon="78.5813137">
      </trkpt>
      <trkpt lat="12.656029" lon="78.5807908">
      </trkpt>
      <trkpt lat="12.6540953" lon="78.5796476">
      </trkpt>
      <trkpt lat="12.6521185" lon="78.5784926">
      </trkpt>
      <trkpt lat="12.6520081" lon="78.5784264">
      </trkpt>
      <trkpt lat="12.6495511" lon="78.5769509">
      </trkpt>
      <trkpt lat="12.6493985" lon="78.5768729">
      </trkpt>
      <trkpt lat="12.6491019" lon="78.5766971">
      </trkpt>
      <trkpt lat="12.6487881" lon="78.5765223">
      </trkpt>
      <trkpt lat="12.6480354" lon="78.5761894">
      </trkpt>
      <trkpt lat="12.6472988" lon="78.5759502">
      </trkpt>
      <trkpt lat="12.646468" lon="78.5757726">
      </trkpt>
      <trkpt lat="12.6455304" lon="78.575676">
      </trkpt>
      <trkpt lat="12.6448626" lon="78.575605">
      </trkpt>
      <trkpt lat="12.6442965" lon="78.5755543">
      </trkpt>
      <trkpt lat="12.6426284" lon="78.5753848">
      </trkpt>
      <trkpt lat="12.6416194" lon="78.5752783">
      </trkpt>
      <trkpt lat="12.6410986" lon="78.575234">
      </trkpt>
      <trkpt lat="12.6402166" lon="78.5751374">
      </trkpt>
      <trkpt lat="12.6392702" lon="78.575028">
      </trkpt>
      <trkpt lat="12.6385441" lon="78.5748548">
      </trkpt>
      <trkpt lat="12.6380417" lon="78.5746909">
      </trkpt>
      <trkpt lat="12.6375031" lon="78.5744558">
      </trkpt>
      <trkpt lat="12.637161" lon="78.5742966">
      </trkpt>
      <trkpt lat="12.6368456" lon="78.5741249">
      </trkpt>
      <trkpt lat="12.6362109" lon="78.5737782">
      </trkpt>
      <trkpt lat="12.6355344" lon="78.573402">
      </trkpt>
      <trkpt lat="12.6349442" lon="78.5730909">
      </trkpt>
      <trkpt lat="12.6346888" lon="78.5729672">
      </trkpt>
      <trkpt lat="12.6341041" lon="78.5726832">
      </trkpt>
      <trkpt lat="12.6337286" lon="78.5725129">
      </trkpt>
      <trkpt lat="12.6331075" lon="78.5722547">
      </trkpt>
      <trkpt lat="12.6324166" lon="78.5720031">
      </trkpt>
      <trkpt lat="12.6318643" lon="78.5718282">
      </trkpt>
      <trkpt lat="12.6317171" lon="78.571786">
      </trkpt>
      <trkpt lat="12.6310353" lon="78.5715856">
      </trkpt>
      <trkpt lat="12.6297743" lon="78.5713341">
      </trkpt>
      <trkpt lat="12.6285909" lon="78.5711589">
      </trkpt>
      <trkpt lat="12.6271024" lon="78.571056">
      </trkpt>
      <trkpt lat="12.6261613" lon="78.5710776">
      </trkpt>
      <trkpt lat="12.6252261" lon="78.5711396">
      </trkpt>
      <trkpt lat="12.6242927" lon="78.571245">
      </trkpt>
      <trkpt lat="12.62311" lon="78.5714172">
      </trkpt>
      <trkpt lat="12.6225355" lon="78.5715043">
      </trkpt>
      <trkpt lat="12.6219751" lon="78.5715565">
      </trkpt>
      <trkpt lat="12.6214506" lon="78.5716036">
      </trkpt>
      <trkpt lat="12.6207949" lon="78.5716465">
      </trkpt>
      <trkpt lat="12.6196616" lon="78.5717111">
      </trkpt>
      <trkpt lat="12.6196106" lon="78.5717138">
      </trkpt>
      <trkpt lat="12.618743" lon="78.5717543">
      </trkpt>
      <trkpt lat="12.6170639" lon="78.5718298">
      </trkpt>
      <trkpt lat="12.6164234" lon="78.5718668">
      </trkpt>
      <trkpt lat="12.6157066" lon="78.5719067">
      </trkpt>
      <trkpt lat="12.6145379" lon="78.571963">
      </trkpt>
      <trkpt lat="12.6137776" lon="78.5719973">
      </trkpt>
      <trkpt lat="12.6130082" lon="78.5720421">
      </trkpt>
      <trkpt lat="12.611177" lon="78.5721419">
      </trkpt>
      <trkpt lat="12.6107009" lon="78.5721647">
      </trkpt>
      <trkpt lat="12.6098796" lon="78.572204">
      </trkpt>
      <trkpt lat="12.6089417" lon="78.5722741">
      </trkpt>
      <trkpt lat="12.6074419" lon="78.5724232">
      </trkpt>
      <trkpt lat="12.6065855" lon="78.572525">
      </trkpt>
      <trkpt lat="12.6065318" lon="78.5725349">
      </trkpt>
      <trkpt lat="12.6054034" lon="78.5726812">
      </trkpt>
      <trkpt lat="12.6043597" lon="78.5728481">
      </trkpt>
      <trkpt lat="12.6032028" lon="78.5730439">
      </trkpt>
      <trkpt lat="12.6018248" lon="78.5733148">
      </trkpt>
      <trkpt lat="12.6003555" lon="78.5736007">
      </trkpt>
      <trkpt lat="12.6000734" lon="78.573654">
      </trkpt>
      <trkpt lat="12.5995748" lon="78.5737587">
      </trkpt>
      <trkpt lat="12.5989557" lon="78.5738808">
      </trkpt>
      <trkpt lat="12.5977237" lon="78.5741241">
      </trkpt>
      <trkpt lat="12.5967559" lon="78.574305">
      </trkpt>
      <trkpt lat="12.5957505" lon="78.5745023">
      </trkpt>
      <trkpt lat="12.5939243" lon="78.5748606">
      </trkpt>
      <trkpt lat="12.5932453" lon="78.5749926">
      </trkpt>
      <trkpt lat="12.5925477" lon="78.5751186">
      </trkpt>
      <trkpt lat="12.5906673" lon="78.5754164">
      </trkpt>
      <trkpt lat="12.5906276" lon="78.575423">
      </trkpt>
      <trkpt lat="12.5898863" lon="78.5755192">
      </trkpt>
      <trkpt lat="12.588803" lon="78.5756484">
      </trkpt>
      <trkpt lat="12.5877862" lon="78.5757632">
      </trkpt>
      <trkpt lat="12.5877347" lon="78.5757706">
      </trkpt>
      <trkpt lat="12.5865604" lon="78.5758797">
      </trkpt>
      <trkpt lat="12.5855453" lon="78.5759568">
      </trkpt>
      <trkpt lat="12.5839458" lon="78.5760762">
      </trkpt>
      <trkpt lat="12.582544" lon="78.5761982">
      </trkpt>
      <trkpt lat="12.5816332" lon="78.5763158">
      </trkpt>
      <trkpt lat="12.5808769" lon="78.576429">
      </trkpt>
      <trkpt lat="12.5802544" lon="78.5765492">
      </trkpt>
      <trkpt lat="12.5797303" lon="78.5766503">
      </trkpt>
      <trkpt lat="12.5786847" lon="78.5767827">
      </trkpt>
      <trkpt lat="12.5777907" lon="78.5768594">
      </trkpt>
      <trkpt lat="12.5761447" lon="78.5769882">
      </trkpt>
      <trkpt lat="12.5704207" lon="78.5774482">
      </trkpt>
      <trkpt lat="12.569663" lon="78.5775158">
      </trkpt>
      <trkpt lat="12.5693724" lon="78.577542">
      </trkpt>
      <trkpt lat="12.5686823" lon="78.577597">
      </trkpt>
      <trkpt lat="12.5682384" lon="78.5776264">
      </trkpt>
      <trkpt lat="12.5677865" lon="78.5776249">
      </trkpt>
      <trkpt lat="12.5672628" lon="78.5776693">
      </trkpt>
      <trkpt lat="12.5666843" lon="78.5777067">
      </trkpt>
      <trkpt lat="12.56645" lon="78.5777094">
      </trkpt>
      <trkpt lat="12.5660723" lon="78.5777067">
      </trkpt>
      <trkpt lat="12.5653517" lon="78.5776866">
      </trkpt>
      <trkpt lat="12.5648652" lon="78.577663">
      </trkpt>
      <trkpt lat="12.5648187" lon="78.5776621">
      </trkpt>
      <trkpt lat="12.5645448" lon="78.5776598">
      </trkpt>
      <trkpt lat="12.5630178" lon="78.5776028">
      </trkpt>
      <trkpt lat="12.5613148" lon="78.5775398">
      </trkpt>
      <trkpt lat="12.5599273" lon="78.5774928">
      </trkpt>
      <trkpt lat="12.5592688" lon="78.5774741">
      </trkpt>
      <trkpt lat="12.5586052" lon="78.5774338">
      </trkpt>
      <trkpt lat="12.5582474" lon="78.5773771">
      </trkpt>
      <trkpt lat="12.5579912" lon="78.57734">
      </trkpt>
      <trkpt lat="12.5575389" lon="78.577262">
      </trkpt>
      <trkpt lat="12.557033" lon="78.5771897">
      </trkpt>
      <trkpt lat="12.5565801" lon="78.5771281">
      </trkpt>
      <trkpt lat="12.5549843" lon="78.5768735">
      </trkpt>
      <trkpt lat="12.5544726" lon="78.5767995">
      </trkpt>
      <trkpt lat="12.5542982" lon="78.5767771">
      </trkpt>
      <trkpt lat="12.5535136" lon="78.5766418">
      </trkpt>
      <trkpt lat="12.5534407" lon="78.5766309">
      </trkpt>
      <trkpt lat="12.5527806" lon="78.576538">
      </trkpt>
      <trkpt lat="12.5521582" lon="78.576436">
      </trkpt>
      <trkpt lat="12.5514028" lon="78.5762671">
      </trkpt>
      <trkpt lat="12.5497783" lon="78.5758755">
      </trkpt>
      <trkpt lat="12.5473464" lon="78.5752858">
      </trkpt>
      <trkpt lat="12.5452849" lon="78.5747163">
      </trkpt>
      <trkpt lat="12.5442622" lon="78.5744194">
      </trkpt>
      <trkpt lat="12.5433471" lon="78.5741284">
      </trkpt>
      <trkpt lat="12.5419752" lon="78.5736563">
      </trkpt>
      <trkpt lat="12.5414489" lon="78.5734592">
      </trkpt>
      <trkpt lat="12.5409764" lon="78.57325">
      </trkpt>
      <trkpt lat="12.5401471" lon="78.5728717">
      </trkpt>
      <trkpt lat="12.5396424" lon="78.5726385">
      </trkpt>
      <trkpt lat="12.53923" lon="78.5724319">
      </trkpt>
      <trkpt lat="12.5389721" lon="78.5722817">
      </trkpt>
      <trkpt lat="12.5386291" lon="78.5720443">
      </trkpt>
      <trkpt lat="12.5383634" lon="78.571815">
      </trkpt>
      <trkpt lat="12.538078" lon="78.5715227">
      </trkpt>
      <trkpt lat="12.5378096" lon="78.571182">
      </trkpt>
      <trkpt lat="12.5377625" lon="78.5711163">
      </trkpt>
      <trkpt lat="12.5376303" lon="78.5709031">
      </trkpt>
      <trkpt lat="12.5374666" lon="78.5705933">
      </trkpt>
      <trkpt lat="12.5373134" lon="78.5702191">
      </trkpt>
      <trkpt lat="12.53721" lon="78.5698771">
      </trkpt>
      <trkpt lat="12.5371341" lon="78.569511">
      </trkpt>
      <trkpt lat="12.5370961" lon="78.569228">
      </trkpt>
      <trkpt lat="12.5370804" lon="78.5688927">
      </trkpt>
      <trkpt lat="12.5370883" lon="78.5686098">
      </trkpt>
      <trkpt lat="12.5371223" lon="78.568249">
      </trkpt>
      <trkpt lat="12.5371865" lon="78.5679406">
      </trkpt>
      <trkpt lat="12.5372572" lon="78.5676536">
      </trkpt>
      <trkpt lat="12.5373593" lon="78.5673532">
      </trkpt>
      <trkpt lat="12.5375589" lon="78.5668382">
      </trkpt>
      <trkpt lat="12.5377569" lon="78.5663171">
      </trkpt>
      <trkpt lat="12.5379176" lon="78.5659276">
      </trkpt>
      <trkpt lat="12.538077" lon="78.5655352">
      </trkpt>
      <trkpt lat="12.5382449" lon="78.5652101">
      </trkpt>
      <trkpt lat="12.5383941" lon="78.5649424">
      </trkpt>
      <trkpt lat="12.538656" lon="78.5644966">
      </trkpt>
      <trkpt lat="12.538923" lon="78.5641077">
      </trkpt>
      <trkpt lat="12.5391992" lon="78.5637496">
      </trkpt>
      <trkpt lat="12.5394899" lon="78.5634117">
      </trkpt>
      <trkpt lat="12.5398014" lon="78.5630871">
      </trkpt>
      <trkpt lat="12.5401313" lon="78.5627787">
      </trkpt>
      <trkpt lat="12.5404874" lon="78.5624863">
      </trkpt>
      <trkpt lat="12.540833" lon="78.5622248">
      </trkpt>
      <trkpt lat="12.5412127" lon="78.5619713">
      </trkpt>
      <trkpt lat="12.5416054" lon="78.5617487">
      </trkpt>
      <trkpt lat="12.5420583" lon="78.5615207">
      </trkpt>
      <trkpt lat="12.5425165" lon="78.5613262">
      </trkpt>
      <trkpt lat="12.542997" lon="78.5611586">
      </trkpt>
      <trkpt lat="12.5434682" lon="78.5610258">
      </trkpt>
      <trkpt lat="12.5439722" lon="78.5609132">
      </trkpt>
      <trkpt lat="12.5444688" lon="78.5608497">
      </trkpt>
      <trkpt lat="12.5449684" lon="78.5608099">
      </trkpt>
      <trkpt lat="12.545534" lon="78.5607978">
      </trkpt>
      <trkpt lat="12.5461309" lon="78.5607938">
      </trkpt>
      <trkpt lat="12.5469831" lon="78.5607777">
      </trkpt>
      <trkpt lat="12.5477424" lon="78.5607657">
      </trkpt>
      <trkpt lat="12.5493827" lon="78.5607402">
      </trkpt>
      <trkpt lat="12.5513921" lon="78.5607026">
      </trkpt>
      <trkpt lat="12.553302" lon="78.5606865">
      </trkpt>
      <trkpt lat="12.5539342" lon="78.5606798">
      </trkpt>
      <trkpt lat="12.5541797" lon="78.5606778">
      </trkpt>
      <trkpt lat="12.5566531" lon="78.5606289">
      </trkpt>
      <trkpt lat="12.5590944" lon="78.5605994">
      </trkpt>
      <trkpt lat="12.5615671" lon="78.5605685">
      </trkpt>
      <trkpt lat="12.5619153" lon="78.5605564">
      </trkpt>
      <trkpt lat="12.5639927" lon="78.5604854">
      </trkpt>
      <trkpt lat="12.5642584" lon="78.5604679">
      </trkpt>
      <trkpt lat="12.5646708" lon="78.5604237">
      </trkpt>
      <trkpt lat="12.5650569" lon="78.5603513">
      </trkpt>
      <trkpt lat="12.565536" lon="78.5602386">
      </trkpt>
      <trkpt lat="12.5659889" lon="78.5601018">
      </trkpt>
      <trkpt lat="12.5664169" lon="78.5599462">
      </trkpt>
      <trkpt lat="12.5667416" lon="78.5598068">
      </trkpt>
      <trkpt lat="12.5671356" lon="78.5596136">
      </trkpt>
      <trkpt lat="12.5675047" lon="78.5594098">
      </trkpt>
      <trkpt lat="12.5677469" lon="78.5592583">
      </trkpt>
      <trkpt lat="12.5680204" lon="78.5590665">
      </trkpt>
      <trkpt lat="12.5683228" lon="78.5588385">
      </trkpt>
      <trkpt lat="12.5688542" lon="78.5583812">
      </trkpt>
      <trkpt lat="12.5691723" lon="78.5580566">
      </trkpt>
      <trkpt lat="12.5695624" lon="78.5576006">
      </trkpt>
      <trkpt lat="12.5699682" lon="78.5570454">
      </trkpt>
      <trkpt lat="12.5701946" lon="78.5566793">
      </trkpt>
      <trkpt lat="12.5704041" lon="78.5562944">
      </trkpt>
      <trkpt lat="12.5706344" lon="78.555817">
      </trkpt>
      <trkpt lat="12.5708556" lon="78.5552497">
      </trkpt>
      <trkpt lat="12.571031" lon="78.5547401">
      </trkpt>
      <trkpt lat="12.5716371" lon="78.5529779">
      </trkpt>
      <trkpt lat="12.5727445" lon="78.5497619">
      </trkpt>
      <trkpt lat="12.5732445" lon="78.5482947">
      </trkpt>
      <trkpt lat="12.573369" lon="78.5479489">
      </trkpt>
      <trkpt lat="12.5736474" lon="78.5470833">
      </trkpt>
      <trkpt lat="12.5740251" lon="78.545769">
      </trkpt>
      <trkpt lat="12.5743052" lon="78.5446425">
      </trkpt>
      <trkpt lat="12.5745408" lon="78.5435267">
      </trkpt>
      <trkpt lat="12.5746979" lon="78.5425343">
      </trkpt>
      <trkpt lat="12.5748406" lon="78.5415244">
      </trkpt>
      <trkpt lat="12.5749283" lon="78.540638">
      </trkpt>
      <trkpt lat="12.5749911" lon="78.5397206">
      </trkpt>
      <trkpt lat="12.5750203" lon="78.5390707">
      </trkpt>
      <trkpt lat="12.5750252" lon="78.5386497">
      </trkpt>
      <trkpt lat="12.5750332" lon="78.5375327">
      </trkpt>
      <trkpt lat="12.5749837" lon="78.5362226">
      </trkpt>
      <trkpt lat="12.5749261" lon="78.5351604">
      </trkpt>
      <trkpt lat="12.5748999" lon="78.5338515">
      </trkpt>
      <trkpt lat="12.5747848" lon="78.5299033">
      </trkpt>
      <trkpt lat="12.5746329" lon="78.5247642">
      </trkpt>
      <trkpt lat="12.5746277" lon="78.5224199">
      </trkpt>
      <trkpt lat="12.5747021" lon="78.5209244">
      </trkpt>
      <trkpt lat="12.5750099" lon="78.5184503">
      </trkpt>
      <trkpt lat="12.5755171" lon="78.5144558">
      </trkpt>
      <trkpt lat="12.5761471" lon="78.5097316">
      </trkpt>
      <trkpt lat="12.5785088" lon="78.4919232">
      </trkpt>
      <trkpt lat="12.5789968" lon="78.4881012">
      </trkpt>
      <trkpt lat="12.579019" lon="78.487928">
      </trkpt>
      <trkpt lat="12.5790754" lon="78.4874976">
      </trkpt>
      <trkpt lat="12.5790945" lon="78.4870544">
      </trkpt>
      <trkpt lat="12.579092" lon="78.4866607">
      </trkpt>
      <trkpt lat="12.5790646" lon="78.4863053">
      </trkpt>
      <trkpt lat="12.5789967" lon="78.4858714">
      </trkpt>
      <trkpt lat="12.5788976" lon="78.4854503">
      </trkpt>
      <trkpt lat="12.5787493" lon="78.485025">
      </trkpt>
      <trkpt lat="12.5785822" lon="78.4846126">
      </trkpt>
      <trkpt lat="12.5783109" lon="78.4840945">
      </trkpt>
      <trkpt lat="12.577417" lon="78.4825303">
      </trkpt>
      <trkpt lat="12.5772386" lon="78.4821756">
      </trkpt>
      <trkpt lat="12.5771095" lon="78.4818693">
      </trkpt>
      <trkpt lat="12.576996" lon="78.481547">
      </trkpt>
      <trkpt lat="12.5769015" lon="78.4812134">
      </trkpt>
      <trkpt lat="12.576827" lon="78.4808667">
      </trkpt>
      <trkpt lat="12.5767797" lon="78.4805293">
      </trkpt>
      <trkpt lat="12.5767573" lon="78.480211">
      </trkpt>
      <trkpt lat="12.5767461" lon="78.4798197">
      </trkpt>
      <trkpt lat="12.5767608" lon="78.4795166">
      </trkpt>
      <trkpt lat="12.5767941" lon="78.4792071">
      </trkpt>
      <trkpt lat="12.576833" lon="78.4789484">
      </trkpt>
      <trkpt lat="12.5768843" lon="78.4786898">
      </trkpt>
      <trkpt lat="12.5769569" lon="78.4784156">
      </trkpt>
      <trkpt lat="12.5770433" lon="78.4781488">
      </trkpt>
      <trkpt lat="12.5771421" lon="78.4778821">
      </trkpt>
      <trkpt lat="12.5773092" lon="78.4775059">
      </trkpt>
      <trkpt lat="12.5774603" lon="78.477222">
      </trkpt>
      <trkpt lat="12.5776718" lon="78.4768772">
      </trkpt>
      <trkpt lat="12.5778951" lon="78.4765811">
      </trkpt>
      <trkpt lat="12.5781396" lon="78.4762878">
      </trkpt>
      <trkpt lat="12.5783788" lon="78.4760472">
      </trkpt>
      <trkpt lat="12.5786438" lon="78.475805">
      </trkpt>
      <trkpt lat="12.5789345" lon="78.4755857">
      </trkpt>
      <trkpt lat="12.579301" lon="78.4753409">
      </trkpt>
      <trkpt lat="12.5796854" lon="78.4751364">
      </trkpt>
      <trkpt lat="12.5800823" lon="78.4749575">
      </trkpt>
      <trkpt lat="12.5820739" lon="78.4742016">
      </trkpt>
      <trkpt lat="12.5824567" lon="78.4740466">
      </trkpt>
      <trkpt lat="12.5828644" lon="78.4738405">
      </trkpt>
      <trkpt lat="12.5832429" lon="78.4736179">
      </trkpt>
      <trkpt lat="12.5835971" lon="78.4733566">
      </trkpt>
      <trkpt lat="12.5838797" lon="78.4731145">
      </trkpt>
      <trkpt lat="12.5841782" lon="78.4728162">
      </trkpt>
      <trkpt lat="12.5844519" lon="78.472498">
      </trkpt>
      <trkpt lat="12.5846665" lon="78.4722149">
      </trkpt>
      <trkpt lat="12.5849377" lon="78.471814">
      </trkpt>
      <trkpt lat="12.5864624" lon="78.4695601">
      </trkpt>
      <trkpt lat="12.5879379" lon="78.4674048">
      </trkpt>
      <trkpt lat="12.5888034" lon="78.4661038">
      </trkpt>
      <trkpt lat="12.5891801" lon="78.4655618">
      </trkpt>
      <trkpt lat="12.5894089" lon="78.4652142">
      </trkpt>
      <trkpt lat="12.5896408" lon="78.4647614">
      </trkpt>
      <trkpt lat="12.5897779" lon="78.4644216">
      </trkpt>
      <trkpt lat="12.5899088" lon="78.4640787">
      </trkpt>
      <trkpt lat="12.5899916" lon="78.4637681">
      </trkpt>
      <trkpt lat="12.5900621" lon="78.4634574">
      </trkpt>
      <trkpt lat="12.590122" lon="78.4631424">
      </trkpt>
      <trkpt lat="12.5901445" lon="78.462856">
      </trkpt>
      <trkpt lat="12.5901545" lon="78.4625823">
      </trkpt>
      <trkpt lat="12.5901559" lon="78.4622456">
      </trkpt>
      <trkpt lat="12.5901368" lon="78.4619521">
      </trkpt>
      <trkpt lat="12.5900928" lon="78.4616141">
      </trkpt>
      <trkpt lat="12.5900426" lon="78.4613143">
      </trkpt>
      <trkpt lat="12.589955" lon="78.4609603">
      </trkpt>
      <trkpt lat="12.5898506" lon="78.4606434">
      </trkpt>
      <trkpt lat="12.589687" lon="78.4602276">
      </trkpt>
      <trkpt lat="12.5895127" lon="78.4598747">
      </trkpt>
      <trkpt lat="12.589301" lon="78.4595155">
      </trkpt>
      <trkpt lat="12.5891275" lon="78.4592631">
      </trkpt>
      <trkpt lat="12.588926" lon="78.4590108">
      </trkpt>
      <trkpt lat="12.5885603" lon="78.458589">
      </trkpt>
      <trkpt lat="12.5878677" lon="78.4578332">
      </trkpt>
      <trkpt lat="12.5869417" lon="78.456835">
      </trkpt>
      <trkpt lat="12.5862476" lon="78.4560761">
      </trkpt>
      <trkpt lat="12.5851362" lon="78.4548485">
      </trkpt>
      <trkpt lat="12.5835779" lon="78.4531536">
      </trkpt>
      <trkpt lat="12.5832481" lon="78.4527584">
      </trkpt>
      <trkpt lat="12.5823704" lon="78.4517444">
      </trkpt>
      <trkpt lat="12.5818166" lon="78.4509796">
      </trkpt>
      <trkpt lat="12.5814252" lon="78.4503686">
      </trkpt>
      <trkpt lat="12.5805778" lon="78.4489571">
      </trkpt>
      <trkpt lat="12.5798268" lon="78.4476924">
      </trkpt>
      <trkpt lat="12.5783935" lon="78.4452523">
      </trkpt>
      <trkpt lat="12.5768089" lon="78.4425446">
      </trkpt>
      <trkpt lat="12.5766374" lon="78.4421869">
      </trkpt>
      <trkpt lat="12.5764659" lon="78.4417973">
      </trkpt>
      <trkpt lat="12.5763709" lon="78.4415264">
      </trkpt>
      <trkpt lat="12.576254" lon="78.4411725">
      </trkpt>
      <trkpt lat="12.5761511" lon="78.4408125">
      </trkpt>
      <trkpt lat="12.5760511" lon="78.4403986">
      </trkpt>
      <trkpt lat="12.5759925" lon="78.440109">
      </trkpt>
      <trkpt lat="12.575934" lon="78.4397301">
      </trkpt>
      <trkpt lat="12.5758985" lon="78.4394556">
      </trkpt>
      <trkpt lat="12.5758816" lon="78.4391748">
      </trkpt>
      <trkpt lat="12.5758728" lon="78.438594">
      </trkpt>
      <trkpt lat="12.5758926" lon="78.4381277">
      </trkpt>
      <trkpt lat="12.5759286" lon="78.4377688">
      </trkpt>
      <trkpt lat="12.5760332" lon="78.4371611">
      </trkpt>
      <trkpt lat="12.5761488" lon="78.4366219">
      </trkpt>
      <trkpt lat="12.5763864" lon="78.4356201">
      </trkpt>
      <trkpt lat="12.5767654" lon="78.4340859">
      </trkpt>
      <trkpt lat="12.5772409" lon="78.4320604">
      </trkpt>
      <trkpt lat="12.5774788" lon="78.4309995">
      </trkpt>
      <trkpt lat="12.577659" lon="78.4301645">
      </trkpt>
      <trkpt lat="12.577945" lon="78.4289786">
      </trkpt>
      <trkpt lat="12.5780583" lon="78.4285777">
      </trkpt>
      <trkpt lat="12.5782182" lon="78.428148">
      </trkpt>
      <trkpt lat="12.5784697" lon="78.4275567">
      </trkpt>
      <trkpt lat="12.5787733" lon="78.4269865">
      </trkpt>
      <trkpt lat="12.5790551" lon="78.4265553">
      </trkpt>
      <trkpt lat="12.5793449" lon="78.426158">
      </trkpt>
      <trkpt lat="12.5797809" lon="78.4256395">
      </trkpt>
      <trkpt lat="12.5801362" lon="78.4252979">
      </trkpt>
      <trkpt lat="12.5805652" lon="78.4248967">
      </trkpt>
      <trkpt lat="12.5809226" lon="78.4246167">
      </trkpt>
      <trkpt lat="12.5814567" lon="78.424248">
      </trkpt>
      <trkpt lat="12.5818791" lon="78.4240073">
      </trkpt>
      <trkpt lat="12.5823246" lon="78.4237739">
      </trkpt>
      <trkpt lat="12.5832059" lon="78.4233267">
      </trkpt>
      <trkpt lat="12.5838911" lon="78.4229831">
      </trkpt>
      <trkpt lat="12.5843051" lon="78.4227564">
      </trkpt>
      <trkpt lat="12.5845818" lon="78.4225618">
      </trkpt>
      <trkpt lat="12.5849083" lon="78.4222938">
      </trkpt>
      <trkpt lat="12.5852687" lon="78.4219364">
      </trkpt>
      <trkpt lat="12.5855847" lon="78.4216044">
      </trkpt>
      <trkpt lat="12.5860675" lon="78.4211255">
      </trkpt>
      <trkpt lat="12.5864784" lon="78.4206757">
      </trkpt>
      <trkpt lat="12.5868426" lon="78.4203408">
      </trkpt>
      <trkpt lat="12.58729" lon="78.419922">
      </trkpt>
      <trkpt lat="12.5877896" lon="78.419442">
      </trkpt>
      <trkpt lat="12.5881925" lon="78.4189563">
      </trkpt>
      <trkpt lat="12.5884266" lon="78.4186497">
      </trkpt>
      <trkpt lat="12.5886358" lon="78.418343">
      </trkpt>
      <trkpt lat="12.5889524" lon="78.4178014">
      </trkpt>
      <trkpt lat="12.5895484" lon="78.4166886">
      </trkpt>
      <trkpt lat="12.5903344" lon="78.4152408">
      </trkpt>
      <trkpt lat="12.5905815" lon="78.41484">
      </trkpt>
      <trkpt lat="12.5908096" lon="78.4145068">
      </trkpt>
      <trkpt lat="12.5910592" lon="78.4142047">
      </trkpt>
      <trkpt lat="12.5913444" lon="78.4139115">
      </trkpt>
      <trkpt lat="12.5916485" lon="78.4136166">
      </trkpt>
      <trkpt lat="12.5921473" lon="78.4131899">
      </trkpt>
      <trkpt lat="12.5925776" lon="78.4128749">
      </trkpt>
      <trkpt lat="12.5930273" lon="78.412583">
      </trkpt>
      <trkpt lat="12.5934155" lon="78.4123473">
      </trkpt>
      <trkpt lat="12.5938442" lon="78.4121339">
      </trkpt>
      <trkpt lat="12.5943094" lon="78.411924">
      </trkpt>
      <trkpt lat="12.5945734" lon="78.4118181">
      </trkpt>
      <trkpt lat="12.5949044" lon="78.411716">
      </trkpt>
      <trkpt lat="12.5953227" lon="78.4115998">
      </trkpt>
      <trkpt lat="12.5958748" lon="78.4114516">
      </trkpt>
      <trkpt lat="12.5963068" lon="78.4113307">
      </trkpt>
      <trkpt lat="12.5966659" lon="78.4111988">
      </trkpt>
      <trkpt lat="12.5969298" lon="78.4110724">
      </trkpt>
      <trkpt lat="12.5973062" lon="78.4108714">
      </trkpt>
      <trkpt lat="12.5976892" lon="78.4106599">
      </trkpt>
      <trkpt lat="12.5981781" lon="78.4103464">
      </trkpt>
      <trkpt lat="12.5988009" lon="78.4099106">
      </trkpt>
      <trkpt lat="12.5996728" lon="78.409275">
      </trkpt>
      <trkpt lat="12.6005696" lon="78.4086171">
      </trkpt>
      <trkpt lat="12.6017464" lon="78.407744">
      </trkpt>
      <trkpt lat="12.6020221" lon="78.4075688">
      </trkpt>
      <trkpt lat="12.602365" lon="78.4073766">
      </trkpt>
      <trkpt lat="12.6027656" lon="78.4071918">
      </trkpt>
      <trkpt lat="12.6031341" lon="78.4070607">
      </trkpt>
      <trkpt lat="12.6035176" lon="78.4069427">
      </trkpt>
      <trkpt lat="12.6043401" lon="78.4067123">
      </trkpt>
      <trkpt lat="12.6053525" lon="78.4064214">
      </trkpt>
      <trkpt lat="12.6062949" lon="78.406159">
      </trkpt>
      <trkpt lat="12.607113" lon="78.4059407">
      </trkpt>
      <trkpt lat="12.6078148" lon="78.4057052">
      </trkpt>
      <trkpt lat="12.60831" lon="78.4055016">
      </trkpt>
      <trkpt lat="12.6087818" lon="78.4052915">
      </trkpt>
      <trkpt lat="12.6092205" lon="78.4050747">
      </trkpt>
      <trkpt lat="12.609681" lon="78.4048165">
      </trkpt>
      <trkpt lat="12.6101787" lon="78.4045105">
      </trkpt>
      <trkpt lat="12.610788" lon="78.404058">
      </trkpt>
      <trkpt lat="12.6114463" lon="78.4035351">
      </trkpt>
      <trkpt lat="12.6120236" lon="78.4030632">
      </trkpt>
      <trkpt lat="12.6125137" lon="78.4026715">
      </trkpt>
      <trkpt lat="12.6129289" lon="78.4023701">
      </trkpt>
      <trkpt lat="12.6132833" lon="78.4021243">
      </trkpt>
      <trkpt lat="12.6135763" lon="78.4018576">
      </trkpt>
      <trkpt lat="12.6139452" lon="78.4014781">
      </trkpt>
      <trkpt lat="12.6143297" lon="78.401038">
      </trkpt>
      <trkpt lat="12.6151485" lon="78.399992">
      </trkpt>
      <trkpt lat="12.6155461" lon="78.3995283">
      </trkpt>
      <trkpt lat="12.6157972" lon="78.3992658">
      </trkpt>
      <trkpt lat="12.6160523" lon="78.3990566">
      </trkpt>
      <trkpt lat="12.6164015" lon="78.3987813">
      </trkpt>
      <trkpt lat="12.6168721" lon="78.3984294">
      </trkpt>
      <trkpt lat="12.6176203" lon="78.3978724">
      </trkpt>
      <trkpt lat="12.6180034" lon="78.3975957">
      </trkpt>
      <trkpt lat="12.6183927" lon="78.3972935">
      </trkpt>
      <trkpt lat="12.6190967" lon="78.3967783">
      </trkpt>
      <trkpt lat="12.6194899" lon="78.3965327">
      </trkpt>
      <trkpt lat="12.6199028" lon="78.396338">
      </trkpt>
      <trkpt lat="12.6201065" lon="78.3962477">
      </trkpt>
      <trkpt lat="12.6203288" lon="78.3961702">
      </trkpt>
      <trkpt lat="12.6207362" lon="78.3960502">
      </trkpt>
      <trkpt lat="12.6214638" lon="78.3958932">
      </trkpt>
      <trkpt lat="12.6221401" lon="78.3957693">
      </trkpt>
      <trkpt lat="12.6228756" lon="78.3956551">
      </trkpt>
      <trkpt lat="12.6232778" lon="78.3955659">
      </trkpt>
      <trkpt lat="12.6237143" lon="78.3954699">
      </trkpt>
      <trkpt lat="12.6243704" lon="78.3953692">
      </trkpt>
      <trkpt lat="12.6249201" lon="78.3952609">
      </trkpt>
      <trkpt lat="12.6254697" lon="78.3951399">
      </trkpt>
      <trkpt lat="12.6260411" lon="78.3950313">
      </trkpt>
      <trkpt lat="12.6266249" lon="78.3949418">
      </trkpt>
      <trkpt lat="12.6278" lon="78.3947567">
      </trkpt>
      <trkpt lat="12.6280432" lon="78.3947244">
      </trkpt>
      <trkpt lat="12.6283363" lon="78.3946922">
      </trkpt>
      <trkpt lat="12.6288634" lon="78.3946627">
      </trkpt>
      <trkpt lat="12.6293447" lon="78.394674">
      </trkpt>
      <trkpt lat="12.6298343" lon="78.3947222">
      </trkpt>
      <trkpt lat="12.6302322" lon="78.394786">
      </trkpt>
      <trkpt lat="12.6306893" lon="78.3949136">
      </trkpt>
      <trkpt lat="12.6310991" lon="78.3950731">
      </trkpt>
      <trkpt lat="12.6314893" lon="78.3952581">
      </trkpt>
      <trkpt lat="12.6318775" lon="78.3954941">
      </trkpt>
      <trkpt lat="12.6321751" lon="78.395706">
      </trkpt>
      <trkpt lat="12.6328462" lon="78.396256">
      </trkpt>
      <trkpt lat="12.6337851" lon="78.3970278">
      </trkpt>
      <trkpt lat="12.6348672" lon="78.3979145">
      </trkpt>
      <trkpt lat="12.6363342" lon="78.3990945">
      </trkpt>
      <trkpt lat="12.6366986" lon="78.3994205">
      </trkpt>
      <trkpt lat="12.6369518" lon="78.399675">
      </trkpt>
      <trkpt lat="12.6372424" lon="78.4000187">
      </trkpt>
      <trkpt lat="12.6374813" lon="78.4003362">
      </trkpt>
      <trkpt lat="12.637685" lon="78.4006522">
      </trkpt>
      <trkpt lat="12.6379494" lon="78.4011247">
      </trkpt>
      <trkpt lat="12.6382042" lon="78.4016423">
      </trkpt>
      <trkpt lat="12.6385452" lon="78.4023361">
      </trkpt>
      <trkpt lat="12.6391477" lon="78.4035816">
      </trkpt>
      <trkpt lat="12.6395397" lon="78.4043695">
      </trkpt>
      <trkpt lat="12.6397796" lon="78.4047842">
      </trkpt>
      <trkpt lat="12.6399861" lon="78.4051031">
      </trkpt>
      <trkpt lat="12.640208" lon="78.4053918">
      </trkpt>
      <trkpt lat="12.6404555" lon="78.4056911">
      </trkpt>
      <trkpt lat="12.640756" lon="78.4060127">
      </trkpt>
      <trkpt lat="12.6410457" lon="78.4062668">
      </trkpt>
      <trkpt lat="12.6413011" lon="78.4064848">
      </trkpt>
      <trkpt lat="12.6416996" lon="78.406773">
      </trkpt>
      <trkpt lat="12.6420547" lon="78.4069857">
      </trkpt>
      <trkpt lat="12.6425131" lon="78.4072156">
      </trkpt>
      <trkpt lat="12.6431209" lon="78.4074582">
      </trkpt>
      <trkpt lat="12.6441489" lon="78.4078264">
      </trkpt>
      <trkpt lat="12.6454353" lon="78.4082966">
      </trkpt>
      <trkpt lat="12.6470019" lon="78.408866">
      </trkpt>
      <trkpt lat="12.6480776" lon="78.4092623">
      </trkpt>
      <trkpt lat="12.6491782" lon="78.4096585">
      </trkpt>
      <trkpt lat="12.6513482" lon="78.4104446">
      </trkpt>
      <trkpt lat="12.6517979" lon="78.4105927">
      </trkpt>
      <trkpt lat="12.6522818" lon="78.4107122">
      </trkpt>
      <trkpt lat="12.6526023" lon="78.4107661">
      </trkpt>
      <trkpt lat="12.6529691" lon="78.4108101">
      </trkpt>
      <trkpt lat="12.6535226" lon="78.4108318">
      </trkpt>
      <trkpt lat="12.6539751" lon="78.4108254">
      </trkpt>
      <trkpt lat="12.6544213" lon="78.4107872">
      </trkpt>
      <trkpt lat="12.6548449" lon="78.4107046">
      </trkpt>
      <trkpt lat="12.6553182" lon="78.4105711">
      </trkpt>
      <trkpt lat="12.6557638" lon="78.4104069">
      </trkpt>
      <trkpt lat="12.6562157" lon="78.4102108">
      </trkpt>
      <trkpt lat="12.6565292" lon="78.410038">
      </trkpt>
      <trkpt lat="12.6568365" lon="78.4098397">
      </trkpt>
      <trkpt lat="12.6577101" lon="78.4092832">
      </trkpt>
      <trkpt lat="12.6581977" lon="78.4089896">
      </trkpt>
      <trkpt lat="12.6586738" lon="78.4086992">
      </trkpt>
      <trkpt lat="12.6592003" lon="78.4083591">
      </trkpt>
      <trkpt lat="12.6596051" lon="78.4081253">
      </trkpt>
      <trkpt lat="12.6597092" lon="78.4080736">
      </trkpt>
      <trkpt lat="12.660223" lon="78.4078091">
      </trkpt>
      <trkpt lat="12.6608446" lon="78.4075228">
      </trkpt>
      <trkpt lat="12.6616324" lon="78.4072248">
      </trkpt>
      <trkpt lat="12.6624348" lon="78.4069535">
      </trkpt>
      <trkpt lat="12.6632862" lon="78.4067041">
      </trkpt>
      <trkpt lat="12.6652319" lon="78.4061569">
      </trkpt>
      <trkpt lat="12.6660104" lon="78.4059204">
      </trkpt>
      <trkpt lat="12.6663866" lon="78.4057915">
      </trkpt>
      <trkpt lat="12.6667628" lon="78.4056277">
      </trkpt>
      <trkpt lat="12.6675957" lon="78.4052114">
      </trkpt>
      <trkpt lat="12.6678399" lon="78.405085">
      </trkpt>
      <trkpt lat="12.6684739" lon="78.4047896">
      </trkpt>
      <trkpt lat="12.6686057" lon="78.4047257">
      </trkpt>
      <trkpt lat="12.6700288" lon="78.4040359">
      </trkpt>
      <trkpt lat="12.6716042" lon="78.4032618">
      </trkpt>
      <trkpt lat="12.6740535" lon="78.4020512">
      </trkpt>
      <trkpt lat="12.6758251" lon="78.4012151">
      </trkpt>
      <trkpt lat="12.678092" lon="78.4000652">
      </trkpt>
      <trkpt lat="12.6791662" lon="78.3995288">
      </trkpt>
      <trkpt lat="12.6798648" lon="78.3992035">
      </trkpt>
      <trkpt lat="12.6804227" lon="78.3989142">
      </trkpt>
      <trkpt lat="12.6812138" lon="78.3984366">
      </trkpt>
      <trkpt lat="12.6820454" lon="78.39785">
      </trkpt>
      <trkpt lat="12.6826757" lon="78.3973768">
      </trkpt>
      <trkpt lat="12.6834034" lon="78.3967409">
      </trkpt>
      <trkpt lat="12.68405" lon="78.3961131">
      </trkpt>
      <trkpt lat="12.6850347" lon="78.3950377">
      </trkpt>
      <trkpt lat="12.6860238" lon="78.3939164">
      </trkpt>
      <trkpt lat="12.6870231" lon="78.3928288">
      </trkpt>
      <trkpt lat="12.6882096" lon="78.3915368">
      </trkpt>
      <trkpt lat="12.6897042" lon="78.3898704">
      </trkpt>
      <trkpt lat="12.6911572" lon="78.3883096">
      </trkpt>
      <trkpt lat="12.6923517" lon="78.386969">
      </trkpt>
      <trkpt lat="12.6932504" lon="78.3860373">
      </trkpt>
      <trkpt lat="12.6939885" lon="78.385272">
      </trkpt>
      <trkpt lat="12.6945666" lon="78.3847825">
      </trkpt>
      <trkpt lat="12.6955043" lon="78.3840918">
      </trkpt>
      <trkpt lat="12.6964008" lon="78.3834921">
      </trkpt>
      <trkpt lat="12.6972422" lon="78.3829471">
      </trkpt>
      <trkpt lat="12.6996319" lon="78.3813561">
      </trkpt>
      <trkpt lat="12.7065849" lon="78.3767579">
      </trkpt>
      <trkpt lat="12.709889" lon="78.3745816">
      </trkpt>
      <trkpt lat="12.7121834" lon="78.3730776">
      </trkpt>
      <trkpt lat="12.7144777" lon="78.3715602">
      </trkpt>
      <trkpt lat="12.7155497" lon="78.3708433">
      </trkpt>
      <trkpt lat="12.7157038" lon="78.3707402">
      </trkpt>
      <trkpt lat="12.7163719" lon="78.3703076">
      </trkpt>
      <trkpt lat="12.716996" lon="78.3699337">
      </trkpt>
      <trkpt lat="12.7174805" lon="78.3696732">
      </trkpt>
      <trkpt lat="12.7180617" lon="78.3694082">
      </trkpt>
      <trkpt lat="12.718793" lon="78.3690857">
      </trkpt>
      <trkpt lat="12.7193626" lon="78.3688735">
      </trkpt>
      <trkpt lat="12.7200203" lon="78.3686793">
      </trkpt>
      <trkpt lat="12.7212784" lon="78.3683135">
      </trkpt>
      <trkpt lat="12.7221994" lon="78.3679849">
      </trkpt>
      <trkpt lat="12.7231293" lon="78.3676202">
      </trkpt>
      <trkpt lat="12.7239505" lon="78.3672555">
      </trkpt>
      <trkpt lat="12.7245045" lon="78.3669986">
      </trkpt>
      <trkpt lat="12.7250058" lon="78.3667236">
      </trkpt>
      <trkpt lat="12.725507" lon="78.3664486">
      </trkpt>
      <trkpt lat="12.7260082" lon="78.3661376">
      </trkpt>
      <trkpt lat="12.7272193" lon="78.3653115">
      </trkpt>
      <trkpt lat="12.7282896" lon="78.3644944">
      </trkpt>
      <trkpt lat="12.7306774" lon="78.3624201">
      </trkpt>
      <trkpt lat="12.7331401" lon="78.3602871">
      </trkpt>
      <trkpt lat="12.7374027" lon="78.356565">
      </trkpt>
      <trkpt lat="12.7379248" lon="78.3561005">
      </trkpt>
      <trkpt lat="12.7385305" lon="78.3555052">
      </trkpt>
      <trkpt lat="12.7388824" lon="78.3551359">
      </trkpt>
      <trkpt lat="12.7391858" lon="78.3547667">
      </trkpt>
      <trkpt lat="12.7394981" lon="78.3543703">
      </trkpt>
      <trkpt lat="12.7397839" lon="78.3539672">
      </trkpt>
      <trkpt lat="12.7401178" lon="78.3534737">
      </trkpt>
      <trkpt lat="12.7404073" lon="78.3529953">
      </trkpt>
      <trkpt lat="12.7406729" lon="78.3525296">
      </trkpt>
      <trkpt lat="12.7409163" lon="78.352064">
      </trkpt>
      <trkpt lat="12.7411731" lon="78.3515449">
      </trkpt>
      <trkpt lat="12.7413854" lon="78.3510334">
      </trkpt>
      <trkpt lat="12.741594" lon="78.3504613">
      </trkpt>
      <trkpt lat="12.7417879" lon="78.3498891">
      </trkpt>
      <trkpt lat="12.7419024" lon="78.34949">
      </trkpt>
      <trkpt lat="12.7420317" lon="78.3490757">
      </trkpt>
      <trkpt lat="12.7422018" lon="78.3486576">
      </trkpt>
      <trkpt lat="12.742357" lon="78.3482661">
      </trkpt>
      <trkpt lat="12.7426678" lon="78.3475938">
      </trkpt>
      <trkpt lat="12.7429417" lon="78.3470354">
      </trkpt>
      <trkpt lat="12.7431963" lon="78.3465837">
      </trkpt>
      <trkpt lat="12.7434065" lon="78.3462344">
      </trkpt>
      <trkpt lat="12.743637" lon="78.3458624">
      </trkpt>
      <trkpt lat="12.7438602" lon="78.3455245">
      </trkpt>
      <trkpt lat="12.7452261" lon="78.3435646">
      </trkpt>
      <trkpt lat="12.7454818" lon="78.3431978">
      </trkpt>
      <trkpt lat="12.7458372" lon="78.3426638">
      </trkpt>
      <trkpt lat="12.7463678" lon="78.3417148">
      </trkpt>
      <trkpt lat="12.7465852" lon="78.3412763">
      </trkpt>
      <trkpt lat="12.7467519" lon="78.3409098">
      </trkpt>
      <trkpt lat="12.7468779" lon="78.3406133">
      </trkpt>
      <trkpt lat="12.7469934" lon="78.3403168">
      </trkpt>
      <trkpt lat="12.7471847" lon="78.3398223">
      </trkpt>
      <trkpt lat="12.7473537" lon="78.3392969">
      </trkpt>
      <trkpt lat="12.7475673" lon="78.338613">
      </trkpt>
      <trkpt lat="12.7477116" lon="78.3381125">
      </trkpt>
      <trkpt lat="12.7478136" lon="78.3376948">
      </trkpt>
      <trkpt lat="12.7478982" lon="78.3373209">
      </trkpt>
      <trkpt lat="12.747988" lon="78.3368344">
      </trkpt>
      <trkpt lat="12.7481468" lon="78.3358722">
      </trkpt>
      <trkpt lat="12.7482912" lon="78.3347419">
      </trkpt>
      <trkpt lat="12.7483236" lon="78.3344481">
      </trkpt>
      <trkpt lat="12.7484424" lon="78.3334356">
      </trkpt>
      <trkpt lat="12.7484902" lon="78.3328283">
      </trkpt>
      <trkpt lat="12.7485127" lon="78.3324155">
      </trkpt>
      <trkpt lat="12.7484924" lon="78.3310088">
      </trkpt>
      <trkpt lat="12.748466" lon="78.3298827">
      </trkpt>
      <trkpt lat="12.748492" lon="78.3292697">
      </trkpt>
      <trkpt lat="12.7485922" lon="78.3284129">
      </trkpt>
      <trkpt lat="12.7487235" lon="78.3275115">
      </trkpt>
      <trkpt lat="12.7489188" lon="78.3266306">
      </trkpt>
      <trkpt lat="12.7491453" lon="78.325807">
      </trkpt>
      <trkpt lat="12.7494272" lon="78.3249543">
      </trkpt>
      <trkpt lat="12.7500669" lon="78.3233838">
      </trkpt>
      <trkpt lat="12.7511056" lon="78.3209825">
      </trkpt>
      <trkpt lat="12.7523574" lon="78.3180798">
      </trkpt>
      <trkpt lat="12.7529873" lon="78.3165455">
      </trkpt>
      <trkpt lat="12.7536328" lon="78.3150016">
      </trkpt>
      <trkpt lat="12.7539512" lon="78.3142592">
      </trkpt>
      <trkpt lat="12.7542659" lon="78.3136456">
      </trkpt>
      <trkpt lat="12.7548824" lon="78.3126077">
      </trkpt>
      <trkpt lat="12.7552107" lon="78.312097">
      </trkpt>
      <trkpt lat="12.7555701" lon="78.3115862">
      </trkpt>
      <trkpt lat="12.7559747" lon="78.3110818">
      </trkpt>
      <trkpt lat="12.7563792" lon="78.3105966">
      </trkpt>
      <trkpt lat="12.7568535" lon="78.3100967">
      </trkpt>
      <trkpt lat="12.7573526" lon="78.3096223">
      </trkpt>
      <trkpt lat="12.7578782" lon="78.3091829">
      </trkpt>
      <trkpt lat="12.7584536" lon="78.3087181">
      </trkpt>
      <trkpt lat="12.7601343" lon="78.307486">
      </trkpt>
      <trkpt lat="12.7617994" lon="78.3061965">
      </trkpt>
      <trkpt lat="12.7630173" lon="78.3052748">
      </trkpt>
      <trkpt lat="12.7642413" lon="78.304334">
      </trkpt>
      <trkpt lat="12.7671065" lon="78.3021819">
      </trkpt>
      <trkpt lat="12.7680111" lon="78.3014868">
      </trkpt>
      <trkpt lat="12.7682082" lon="78.3013399">
      </trkpt>
      <trkpt lat="12.769594" lon="78.3003089">
      </trkpt>
      <trkpt lat="12.7707003" lon="78.2994347">
      </trkpt>
      <trkpt lat="12.7718253" lon="78.2985796">
      </trkpt>
      <trkpt lat="12.7735024" lon="78.2973415">
      </trkpt>
      <trkpt lat="12.7751764" lon="78.2960552">
      </trkpt>
      <trkpt lat="12.7770137" lon="78.2946457">
      </trkpt>
      <trkpt lat="12.778319" lon="78.2936808">
      </trkpt>
      <trkpt lat="12.7795683" lon="78.2926968">
      </trkpt>
      <trkpt lat="12.780787" lon="78.2917895">
      </trkpt>
      <trkpt lat="12.7820673" lon="78.2908366">
      </trkpt>
      <trkpt lat="12.783192" lon="78.2899604">
      </trkpt>
      <trkpt lat="12.7848146" lon="78.2887299">
      </trkpt>
      <trkpt lat="12.7857216" lon="78.2880451">
      </trkpt>
      <trkpt lat="12.7859392" lon="78.2878879">
      </trkpt>
      <trkpt lat="12.7862314" lon="78.2876414">
      </trkpt>
      <trkpt lat="12.7866167" lon="78.2873014">
      </trkpt>
      <trkpt lat="12.7870488" lon="78.2868977">
      </trkpt>
      <trkpt lat="12.7874839" lon="78.2864652">
      </trkpt>
      <trkpt lat="12.7879196" lon="78.2859816">
      </trkpt>
      <trkpt lat="12.7883334" lon="78.2854756">
      </trkpt>
      <trkpt lat="12.7891861" lon="78.28432">
      </trkpt>
      <trkpt lat="12.789639" lon="78.2837546">
      </trkpt>
      <trkpt lat="12.7900109" lon="78.2833295">
      </trkpt>
      <trkpt lat="12.7904265" lon="78.2828917">
      </trkpt>
      <trkpt lat="12.790898" lon="78.2824284">
      </trkpt>
      <trkpt lat="12.7915814" lon="78.2818481">
      </trkpt>
      <trkpt lat="12.7915855" lon="78.2818446">
      </trkpt>
      <trkpt lat="12.7922923" lon="78.2813004">
      </trkpt>
      <trkpt lat="12.7929991" lon="78.2808264">
      </trkpt>
      <trkpt lat="12.7936052" lon="78.2804571">
      </trkpt>
      <trkpt lat="12.7942549" lon="78.2801006">
      </trkpt>
      <trkpt lat="12.7956382" lon="78.2793525">
      </trkpt>
      <trkpt lat="12.7989461" lon="78.2775052">
      </trkpt>
      <trkpt lat="12.8005022" lon="78.2766555">
      </trkpt>
      <trkpt lat="12.8020551" lon="78.275793">
      </trkpt>
      <trkpt lat="12.8029784" lon="78.2752354">
      </trkpt>
      <trkpt lat="12.8036293" lon="78.2748077">
      </trkpt>
      <trkpt lat="12.8043394" lon="78.2742776">
      </trkpt>
      <trkpt lat="12.8047153" lon="78.274022">
      </trkpt>
      <trkpt lat="12.8053098" lon="78.2736372">
      </trkpt>
      <trkpt lat="12.8059857" lon="78.2732524">
      </trkpt>
      <trkpt lat="12.8066849" lon="78.2728944">
      </trkpt>
      <trkpt lat="12.8074878" lon="78.2725592">
      </trkpt>
      <trkpt lat="12.8093503" lon="78.2718299">
      </trkpt>
      <trkpt lat="12.8119272" lon="78.2708589">
      </trkpt>
      <trkpt lat="12.8137161" lon="78.2701938">
      </trkpt>
      <trkpt lat="12.8142582" lon="78.2699801">
      </trkpt>
      <trkpt lat="12.814822" lon="78.2697293">
      </trkpt>
      <trkpt lat="12.8157689" lon="78.2692427">
      </trkpt>
      <trkpt lat="12.8182082" lon="78.2680495">
      </trkpt>
      <trkpt lat="12.8206692" lon="78.2668748">
      </trkpt>
      <trkpt lat="12.8228742" lon="78.265807">
      </trkpt>
      <trkpt lat="12.8246125" lon="78.264969">
      </trkpt>
      <trkpt lat="12.8259352" lon="78.2643423">
      </trkpt>
      <trkpt lat="12.827324" lon="78.2636553">
      </trkpt>
      <trkpt lat="12.8286983" lon="78.2629906">
      </trkpt>
      <trkpt lat="12.8291572" lon="78.2627647">
      </trkpt>
      <trkpt lat="12.8296161" lon="78.2625091">
      </trkpt>
      <trkpt lat="12.830093" lon="78.2622368">
      </trkpt>
      <trkpt lat="12.8305844" lon="78.2619052">
      </trkpt>
      <trkpt lat="12.8310775" lon="78.2615608">
      </trkpt>
      <trkpt lat="12.8315705" lon="78.2611498">
      </trkpt>
      <trkpt lat="12.8319691" lon="78.2607669">
      </trkpt>
      <trkpt lat="12.8324292" lon="78.2602914">
      </trkpt>
      <trkpt lat="12.8326425" lon="78.2600386">
      </trkpt>
      <trkpt lat="12.8328847" lon="78.2597265">
      </trkpt>
      <trkpt lat="12.8330872" lon="78.2594627">
      </trkpt>
      <trkpt lat="12.8333114" lon="78.2591543">
      </trkpt>
      <trkpt lat="12.8339122" lon="78.2580901">
      </trkpt>
      <trkpt lat="12.8342056" lon="78.2575836">
      </trkpt>
      <trkpt lat="12.834546" lon="78.2570881">
      </trkpt>
      <trkpt lat="12.8348355" lon="78.2566744">
      </trkpt>
      <trkpt lat="12.83521" lon="78.2562296">
      </trkpt>
      <trkpt lat="12.8357291" lon="78.2556499">
      </trkpt>
      <trkpt lat="12.8361237" lon="78.2552189">
      </trkpt>
      <trkpt lat="12.8363773" lon="78.2549405">
      </trkpt>
      <trkpt lat="12.8368325" lon="78.2544399">
      </trkpt>
      <trkpt lat="12.8373591" lon="78.2538907">
      </trkpt>
      <trkpt lat="12.8381326" lon="78.2531521">
      </trkpt>
      <trkpt lat="12.8382533" lon="78.2530369">
      </trkpt>
      <trkpt lat="12.8396275" lon="78.2518902">
      </trkpt>
      <trkpt lat="12.8408779" lon="78.250966">
      </trkpt>
      <trkpt lat="12.8415249" lon="78.2505261">
      </trkpt>
      <trkpt lat="12.8421769" lon="78.250102">
      </trkpt>
      <trkpt lat="12.8433717" lon="78.2493895">
      </trkpt>
      <trkpt lat="12.8451732" lon="78.2483915">
      </trkpt>
      <trkpt lat="12.8452997" lon="78.2483206">
      </trkpt>
      <trkpt lat="12.8460521" lon="78.2479072">
      </trkpt>
      <trkpt lat="12.8471164" lon="78.2473211">
      </trkpt>
      <trkpt lat="12.8479861" lon="78.2467599">
      </trkpt>
      <trkpt lat="12.848721" lon="78.2462311">
      </trkpt>
      <trkpt lat="12.8495898" lon="78.2454806">
      </trkpt>
      <trkpt lat="12.8503401" lon="78.2447705">
      </trkpt>
      <trkpt lat="12.8516587" lon="78.2435622">
      </trkpt>
      <trkpt lat="12.8529682" lon="78.2423539">
      </trkpt>
      <trkpt lat="12.8548208" lon="78.2406546">
      </trkpt>
      <trkpt lat="12.8553335" lon="78.2402036">
      </trkpt>
      <trkpt lat="12.8555973" lon="78.2399269">
      </trkpt>
      <trkpt lat="12.8558067" lon="78.239712">
      </trkpt>
      <trkpt lat="12.8563404" lon="78.2391074">
      </trkpt>
      <trkpt lat="12.8568651" lon="78.2384373">
      </trkpt>
      <trkpt lat="12.8572321" lon="78.2379352">
      </trkpt>
      <trkpt lat="12.8576507" lon="78.2372883">
      </trkpt>
      <trkpt lat="12.8579982" lon="78.2366898">
      </trkpt>
      <trkpt lat="12.8583214" lon="78.2360663">
      </trkpt>
      <trkpt lat="12.8597436" lon="78.2331044">
      </trkpt>
      <trkpt lat="12.860853" lon="78.2307857">
      </trkpt>
      <trkpt lat="12.8622589" lon="78.2278064">
      </trkpt>
      <trkpt lat="12.8623085" lon="78.2277025">
      </trkpt>
      <trkpt lat="12.8637827" lon="78.2246048">
      </trkpt>
      <trkpt lat="12.8642598" lon="78.2236254">
      </trkpt>
      <trkpt lat="12.8645639" lon="78.2230607">
      </trkpt>
      <trkpt lat="12.8648852" lon="78.2224873">
      </trkpt>
      <trkpt lat="12.8663302" lon="78.2198862">
      </trkpt>
      <trkpt lat="12.8677816" lon="78.2172544">
      </trkpt>
      <trkpt lat="12.869936" lon="78.2133547">
      </trkpt>
      <trkpt lat="12.8709737" lon="78.2114388">
      </trkpt>
      <trkpt lat="12.8734352" lon="78.2070088">
      </trkpt>
      <trkpt lat="12.8738626" lon="78.2062829">
      </trkpt>
      <trkpt lat="12.8742847" lon="78.2056555">
      </trkpt>
      <trkpt lat="12.8747304" lon="78.2050766">
      </trkpt>
      <trkpt lat="12.8753224" lon="78.2043763">
      </trkpt>
      <trkpt lat="12.8762822" lon="78.2033983">
      </trkpt>
      <trkpt lat="12.8768296" lon="78.2029126">
      </trkpt>
      <trkpt lat="12.8769794" lon="78.2027858">
      </trkpt>
      <trkpt lat="12.877516" lon="78.202359">
      </trkpt>
      <trkpt lat="12.8779954" lon="78.2020012">
      </trkpt>
      <trkpt lat="12.8785349" lon="78.2016522">
      </trkpt>
      <trkpt lat="12.8790776" lon="78.2013429">
      </trkpt>
      <trkpt lat="12.8796203" lon="78.2010512">
      </trkpt>
      <trkpt lat="12.8801608" lon="78.2007994">
      </trkpt>
      <trkpt lat="12.8807228" lon="78.2005654">
      </trkpt>
      <trkpt lat="12.8814744" lon="78.2002795">
      </trkpt>
      <trkpt lat="12.882228" lon="78.200031">
      </trkpt>
      <trkpt lat="12.8884937" lon="78.1981494">
      </trkpt>
      <trkpt lat="12.8891444" lon="78.1979503">
      </trkpt>
      <trkpt lat="12.8899472" lon="78.1977046">
      </trkpt>
      <trkpt lat="12.8901164" lon="78.1976528">
      </trkpt>
      <trkpt lat="12.8907008" lon="78.1974558">
      </trkpt>
      <trkpt lat="12.8912895" lon="78.197228">
      </trkpt>
      <trkpt lat="12.8918652" lon="78.1969616">
      </trkpt>
      <trkpt lat="12.8924193" lon="78.196682">
      </trkpt>
      <trkpt lat="12.8929551" lon="78.1963945">
      </trkpt>
      <trkpt lat="12.8934608" lon="78.1960805">
      </trkpt>
      <trkpt lat="12.8938053" lon="78.1958458">
      </trkpt>
      <trkpt lat="12.8944075" lon="78.1954259">
      </trkpt>
      <trkpt lat="12.894883" lon="78.1950766">
      </trkpt>
      <trkpt lat="12.8951304" lon="78.1949119">
      </trkpt>
      <trkpt lat="12.8953886" lon="78.1947449">
      </trkpt>
      <trkpt lat="12.8958468" lon="78.1944699">
      </trkpt>
      <trkpt lat="12.8963458" lon="78.194208">
      </trkpt>
      <trkpt lat="12.8972884" lon="78.1937611">
      </trkpt>
      <trkpt lat="12.8980342" lon="78.19347">
      </trkpt>
      <trkpt lat="12.8988373" lon="78.1932045">
      </trkpt>
      <trkpt lat="12.8996532" lon="78.1929854">
      </trkpt>
      <trkpt lat="12.9001787" lon="78.1928719">
      </trkpt>
      <trkpt lat="12.90076" lon="78.1927716">
      </trkpt>
      <trkpt lat="12.9011345" lon="78.1927179">
      </trkpt>
      <trkpt lat="12.9015391" lon="78.1926687">
      </trkpt>
      <trkpt lat="12.9023482" lon="78.1925921">
      </trkpt>
      <trkpt lat="12.9040875" lon="78.1924389">
      </trkpt>
      <trkpt lat="12.9053506" lon="78.1923279">
      </trkpt>
      <trkpt lat="12.9079414" lon="78.1920766">
      </trkpt>
      <trkpt lat="12.9105365" lon="78.1918341">
      </trkpt>
      <trkpt lat="12.9117778" lon="78.1917353">
      </trkpt>
      <trkpt lat="12.9132835" lon="78.1916351">
      </trkpt>
      <trkpt lat="12.9153117" lon="78.1915498">
      </trkpt>
      <trkpt lat="12.9161852" lon="78.1915086">
      </trkpt>
      <trkpt lat="12.9163214" lon="78.1915029">
      </trkpt>
      <trkpt lat="12.9213729" lon="78.191285">
      </trkpt>
      <trkpt lat="12.9221157" lon="78.1912523">
      </trkpt>
      <trkpt lat="12.9228521" lon="78.19118">
      </trkpt>
      <trkpt lat="12.9237172" lon="78.1910481">
      </trkpt>
      <trkpt lat="12.9240198" lon="78.1909777">
      </trkpt>
      <trkpt lat="12.9247992" lon="78.1907795">
      </trkpt>
      <trkpt lat="12.9258443" lon="78.1904385">
      </trkpt>
      <trkpt lat="12.926322" lon="78.1902436">
      </trkpt>
      <trkpt lat="12.9272559" lon="78.1898512">
      </trkpt>
      <trkpt lat="12.9277151" lon="78.1896812">
      </trkpt>
      <trkpt lat="12.9282408" lon="78.189519">
      </trkpt>
      <trkpt lat="12.9288293" lon="78.1893955">
      </trkpt>
      <trkpt lat="12.9293795" lon="78.1893061">
      </trkpt>
      <trkpt lat="12.9299432" lon="78.1892619">
      </trkpt>
      <trkpt lat="12.9304353" lon="78.1892387">
      </trkpt>
      <trkpt lat="12.9307293" lon="78.18924">
      </trkpt>
      <trkpt lat="12.9309927" lon="78.1892517">
      </trkpt>
      <trkpt lat="12.9312274" lon="78.1892657">
      </trkpt>
      <trkpt lat="12.9315029" lon="78.1892954">
      </trkpt>
      <trkpt lat="12.9317861" lon="78.1893304">
      </trkpt>
      <trkpt lat="12.9320437" lon="78.1893654">
      </trkpt>
      <trkpt lat="12.9326245" lon="78.1894841">
      </trkpt>
      <trkpt lat="12.9332589" lon="78.1896631">
      </trkpt>
      <trkpt lat="12.9335791" lon="78.189774">
      </trkpt>
      <trkpt lat="12.9338583" lon="78.1898796">
      </trkpt>
      <trkpt lat="12.9355366" lon="78.1906541">
      </trkpt>
      <trkpt lat="12.9362231" lon="78.1909274">
      </trkpt>
      <trkpt lat="12.936976" lon="78.1911823">
      </trkpt>
      <trkpt lat="12.937627" lon="78.1913615">
      </trkpt>
      <trkpt lat="12.9382986" lon="78.1915198">
      </trkpt>
      <trkpt lat="12.9389489" lon="78.1916365">
      </trkpt>
      <trkpt lat="12.9396376" lon="78.1917376">
      </trkpt>
      <trkpt lat="12.9403054" lon="78.1917993">
      </trkpt>
      <trkpt lat="12.9409987" lon="78.1918243">
      </trkpt>
      <trkpt lat="12.941805" lon="78.1918251">
      </trkpt>
      <trkpt lat="12.9428895" lon="78.1918142">
      </trkpt>
      <trkpt lat="12.9440046" lon="78.1917876">
      </trkpt>
      <trkpt lat="12.9449245" lon="78.1917231">
      </trkpt>
      <trkpt lat="12.9466406" lon="78.1915987">
      </trkpt>
      <trkpt lat="12.9483261" lon="78.191443">
      </trkpt>
      <trkpt lat="12.9499007" lon="78.1912467">
      </trkpt>
      <trkpt lat="12.9508964" lon="78.1910925">
      </trkpt>
      <trkpt lat="12.9519203" lon="78.1909199">
      </trkpt>
      <trkpt lat="12.9526629" lon="78.1907676">
      </trkpt>
      <trkpt lat="12.9546697" lon="78.1903303">
      </trkpt>
      <trkpt lat="12.9573377" lon="78.1897123">
      </trkpt>
      <trkpt lat="12.9589848" lon="78.1893525">
      </trkpt>
      <trkpt lat="12.9607716" lon="78.1889424">
      </trkpt>
      <trkpt lat="12.9623832" lon="78.1885831">
      </trkpt>
      <trkpt lat="12.9639156" lon="78.1882329">
      </trkpt>
      <trkpt lat="12.9649644" lon="78.188001">
      </trkpt>
      <trkpt lat="12.9660612" lon="78.1877492">
      </trkpt>
      <trkpt lat="12.970858" lon="78.1866559">
      </trkpt>
      <trkpt lat="12.9752706" lon="78.1856589">
      </trkpt>
      <trkpt lat="12.9760217" lon="78.1854817">
      </trkpt>
      <trkpt lat="12.9766344" lon="78.1853111">
      </trkpt>
      <trkpt lat="12.9771295" lon="78.1851457">
      </trkpt>
      <trkpt lat="12.9776095" lon="78.1849708">
      </trkpt>
      <trkpt lat="12.9781252" lon="78.1847672">
      </trkpt>
      <trkpt lat="12.9785066" lon="78.1845841">
      </trkpt>
      <trkpt lat="12.978916" lon="78.184388">
      </trkpt>
      <trkpt lat="12.9792698" lon="78.1842016">
      </trkpt>
      <trkpt lat="12.9795646" lon="78.1840339">
      </trkpt>
      <trkpt lat="12.9801038" lon="78.1837026">
      </trkpt>
      <trkpt lat="12.9802472" lon="78.1835977">
      </trkpt>
      <trkpt lat="12.98045" lon="78.1834622">
      </trkpt>
      <trkpt lat="12.9809104" lon="78.1831325">
      </trkpt>
      <trkpt lat="12.9811529" lon="78.1829589">
      </trkpt>
      <trkpt lat="12.9817072" lon="78.1825229">
      </trkpt>
      <trkpt lat="12.9820397" lon="78.1822163">
      </trkpt>
      <trkpt lat="12.9822156" lon="78.1820456">
      </trkpt>
      <trkpt lat="12.9824381" lon="78.1817976">
      </trkpt>
      <trkpt lat="12.9837281" lon="78.1802784">
      </trkpt>
      <trkpt lat="12.9840864" lon="78.1797505">
      </trkpt>
      <trkpt lat="12.9843078" lon="78.179388">
      </trkpt>
      <trkpt lat="12.9845807" lon="78.1789201">
      </trkpt>
      <trkpt lat="12.9848131" lon="78.1784872">
      </trkpt>
      <trkpt lat="12.9850238" lon="78.178068">
      </trkpt>
      <trkpt lat="12.9852271" lon="78.1776204">
      </trkpt>
      <trkpt lat="12.9854156" lon="78.1771614">
      </trkpt>
      <trkpt lat="12.9855616" lon="78.1767669">
      </trkpt>
      <trkpt lat="12.985678" lon="78.1764199">
      </trkpt>
      <trkpt lat="12.9857889" lon="78.1760197">
      </trkpt>
      <trkpt lat="12.9858517" lon="78.1756916">
      </trkpt>
      <trkpt lat="12.9859367" lon="78.1752781">
      </trkpt>
      <trkpt lat="12.9860439" lon="78.174582">
      </trkpt>
      <trkpt lat="12.9861086" lon="78.1741857">
      </trkpt>
      <trkpt lat="12.9861533" lon="78.1737617">
      </trkpt>
      <trkpt lat="12.9861663" lon="78.1735804">
      </trkpt>
      <trkpt lat="12.9862133" lon="78.173108">
      </trkpt>
      <trkpt lat="12.9862374" lon="78.1726692">
      </trkpt>
      <trkpt lat="12.9862532" lon="78.1721904">
      </trkpt>
      <trkpt lat="12.9862366" lon="78.1717951">
      </trkpt>
      <trkpt lat="12.9861777" lon="78.1708479">
      </trkpt>
      <trkpt lat="12.9861368" lon="78.1702456">
      </trkpt>
      <trkpt lat="12.9861468" lon="78.1696108">
      </trkpt>
      <trkpt lat="12.9862529" lon="78.1682689">
      </trkpt>
      <trkpt lat="12.9863472" lon="78.1673515">
      </trkpt>
      <trkpt lat="12.9865198" lon="78.1664234">
      </trkpt>
      <trkpt lat="12.9867115" lon="78.1655862">
      </trkpt>
      <trkpt lat="12.9869162" lon="78.1649009">
      </trkpt>
      <trkpt lat="12.9871706" lon="78.1641742">
      </trkpt>
      <trkpt lat="12.9875404" lon="78.1633067">
      </trkpt>
      <trkpt lat="12.9879724" lon="78.1623882">
      </trkpt>
      <trkpt lat="12.9889864" lon="78.1602428">
      </trkpt>
      <trkpt lat="12.9901382" lon="78.1578092">
      </trkpt>
      <trkpt lat="12.9906651" lon="78.1567751">
      </trkpt>
      <trkpt lat="12.9909689" lon="78.1561023">
      </trkpt>
      <trkpt lat="12.9912415" lon="78.1554041">
      </trkpt>
      <trkpt lat="12.9914701" lon="78.1546327">
      </trkpt>
      <trkpt lat="12.9915992" lon="78.1540144">
      </trkpt>
      <trkpt lat="12.9916832" lon="78.1533563">
      </trkpt>
      <trkpt lat="12.991706" lon="78.1529618">
      </trkpt>
      <trkpt lat="12.9917112" lon="78.1525898">
      </trkpt>
      <trkpt lat="12.9917077" lon="78.1521657">
      </trkpt>
      <trkpt lat="12.9916779" lon="78.1517598">
      </trkpt>
      <trkpt lat="12.9916428" lon="78.1513929">
      </trkpt>
      <trkpt lat="12.9915901" lon="78.151044">
      </trkpt>
      <trkpt lat="12.9915122" lon="78.1506806">
      </trkpt>
      <trkpt lat="12.9914212" lon="78.1502676">
      </trkpt>
      <trkpt lat="12.9912683" lon="78.1497666">
      </trkpt>
      <trkpt lat="12.9910822" lon="78.1492635">
      </trkpt>
      <trkpt lat="12.9907687" lon="78.1485573">
      </trkpt>
      <trkpt lat="12.9903019" lon="78.1476167">
      </trkpt>
      <trkpt lat="12.9898954" lon="78.1468297">
      </trkpt>
      <trkpt lat="12.9896939" lon="78.1463712">
      </trkpt>
      <trkpt lat="12.9895275" lon="78.1459352">
      </trkpt>
      <trkpt lat="12.9893819" lon="78.1455058">
      </trkpt>
      <trkpt lat="12.9892494" lon="78.1450449">
      </trkpt>
      <trkpt lat="12.989112" lon="78.1444254">
      </trkpt>
      <trkpt lat="12.9888519" lon="78.1429418">
      </trkpt>
      <trkpt lat="12.9884515" lon="78.140619">
      </trkpt>
      <trkpt lat="12.9882137" lon="78.1390321">
      </trkpt>
      <trkpt lat="12.9875779" lon="78.1350963">
      </trkpt>
      <trkpt lat="12.9870033" lon="78.1315112">
      </trkpt>
      <trkpt lat="12.9869507" lon="78.1311185">
      </trkpt>
      <trkpt lat="12.9868989" lon="78.1307477">
      </trkpt>
      <trkpt lat="12.9868242" lon="78.1299839">
      </trkpt>
      <trkpt lat="12.9867775" lon="78.1292324">
      </trkpt>
      <trkpt lat="12.9867907" lon="78.1285026">
      </trkpt>
      <trkpt lat="12.9868212" lon="78.1276616">
      </trkpt>
      <trkpt lat="12.9868776" lon="78.1268732">
      </trkpt>
      <trkpt lat="12.9871597" lon="78.1248809">
      </trkpt>
      <trkpt lat="12.9876555" lon="78.1212581">
      </trkpt>
      <trkpt lat="12.9877194" lon="78.1208089">
      </trkpt>
      <trkpt lat="12.9881432" lon="78.1179202">
      </trkpt>
      <trkpt lat="12.9883605" lon="78.1164496">
      </trkpt>
      <trkpt lat="12.9884119" lon="78.1159134">
      </trkpt>
      <trkpt lat="12.9884782" lon="78.1139269">
      </trkpt>
      <trkpt lat="12.9885187" lon="78.112278">
      </trkpt>
      <trkpt lat="12.9885876" lon="78.108679">
      </trkpt>
      <trkpt lat="12.9886171" lon="78.1071733">
      </trkpt>
      <trkpt lat="12.988643" lon="78.1063282">
      </trkpt>
      <trkpt lat="12.9886984" lon="78.1055438">
      </trkpt>
      <trkpt lat="12.9889968" lon="78.1018327">
      </trkpt>
      <trkpt lat="12.9891401" lon="78.1000327">
      </trkpt>
      <trkpt lat="12.9892394" lon="78.099147">
      </trkpt>
      <trkpt lat="12.9893683" lon="78.0982158">
      </trkpt>
      <trkpt lat="12.9895409" lon="78.0970933">
      </trkpt>
      <trkpt lat="12.989854" lon="78.0951246">
      </trkpt>
      <trkpt lat="12.9899529" lon="78.0943493">
      </trkpt>
      <trkpt lat="12.9900128" lon="78.0936205">
      </trkpt>
      <trkpt lat="12.9900148" lon="78.0935967">
      </trkpt>
      <trkpt lat="12.9900392" lon="78.0929817">
      </trkpt>
      <trkpt lat="12.9900341" lon="78.0923818">
      </trkpt>
      <trkpt lat="12.9899831" lon="78.0916115">
      </trkpt>
      <trkpt lat="12.9899322" lon="78.0909739">
      </trkpt>
      <trkpt lat="12.9895205" lon="78.0880778">
      </trkpt>
      <trkpt lat="12.9893597" lon="78.0870635">
      </trkpt>
      <trkpt lat="12.9892226" lon="78.0862049">
      </trkpt>
      <trkpt lat="12.9890337" lon="78.0853767">
      </trkpt>
      <trkpt lat="12.9888347" lon="78.0846413">
      </trkpt>
      <trkpt lat="12.9886282" lon="78.0839817">
      </trkpt>
      <trkpt lat="12.9883415" lon="78.0831496">
      </trkpt>
      <trkpt lat="12.9879439" lon="78.0822417">
      </trkpt>
      <trkpt lat="12.9874468" lon="78.0812815">
      </trkpt>
      <trkpt lat="12.9868915" lon="78.0802817">
      </trkpt>
      <trkpt lat="12.9864027" lon="78.079373">
      </trkpt>
      <trkpt lat="12.9861457" lon="78.0789109">
      </trkpt>
      <trkpt lat="12.9859034" lon="78.0783501">
      </trkpt>
      <trkpt lat="12.9855301" lon="78.0772477">
      </trkpt>
      <trkpt lat="12.9851945" lon="78.0762567">
      </trkpt>
      <trkpt lat="12.9849014" lon="78.0753696">
      </trkpt>
      <trkpt lat="12.984757" lon="78.0748944">
      </trkpt>
      <trkpt lat="12.984639" lon="78.074399">
      </trkpt>
      <trkpt lat="12.9845536" lon="78.0740107">
      </trkpt>
      <trkpt lat="12.9844902" lon="78.0736247">
      </trkpt>
      <trkpt lat="12.9844381" lon="78.0731865">
      </trkpt>
      <trkpt lat="12.9843929" lon="78.0725527">
      </trkpt>
      <trkpt lat="12.9843652" lon="78.0718963">
      </trkpt>
      <trkpt lat="12.9843535" lon="78.0711651">
      </trkpt>
      <trkpt lat="12.9843551" lon="78.0705976">
      </trkpt>
      <trkpt lat="12.9843927" lon="78.0701755">
      </trkpt>
      <trkpt lat="12.984461" lon="78.069767">
      </trkpt>
      <trkpt lat="12.9845558" lon="78.0692709">
      </trkpt>
      <trkpt lat="12.9846857" lon="78.0687838">
      </trkpt>
      <trkpt lat="12.9848302" lon="78.0683172">
      </trkpt>
      <trkpt lat="12.984959" lon="78.067889">
      </trkpt>
      <trkpt lat="12.9849746" lon="78.067837">
      </trkpt>
      <trkpt lat="12.9852629" lon="78.0668849">
      </trkpt>
      <trkpt lat="12.9854929" lon="78.0661092">
      </trkpt>
      <trkpt lat="12.9856774" lon="78.0656325">
      </trkpt>
      <trkpt lat="12.9858619" lon="78.0651813">
      </trkpt>
      <trkpt lat="12.9861438" lon="78.064566">
      </trkpt>
      <trkpt lat="12.9865989" lon="78.0636946">
      </trkpt>
      <trkpt lat="12.9868829" lon="78.0631708">
      </trkpt>
      <trkpt lat="12.987128" lon="78.0626579">
      </trkpt>
      <trkpt lat="12.9873273" lon="78.0621444">
      </trkpt>
      <trkpt lat="12.9875375" lon="78.0614949">
      </trkpt>
      <trkpt lat="12.9879497" lon="78.0601533">
      </trkpt>
      <trkpt lat="12.9887944" lon="78.0574445">
      </trkpt>
      <trkpt lat="12.9895018" lon="78.0552521">
      </trkpt>
      <trkpt lat="12.9900066" lon="78.0537414">
      </trkpt>
      <trkpt lat="12.9908533" lon="78.0510426">
      </trkpt>
      <trkpt lat="12.9916876" lon="78.048433">
      </trkpt>
      <trkpt lat="12.9920465" lon="78.0472874">
      </trkpt>
      <trkpt lat="12.9922166" lon="78.0467018">
      </trkpt>
      <trkpt lat="12.9923619" lon="78.0461673">
      </trkpt>
      <trkpt lat="12.992635" lon="78.0450049">
      </trkpt>
      <trkpt lat="12.9928562" lon="78.0439161">
      </trkpt>
      <trkpt lat="12.9929344" lon="78.0434691">
      </trkpt>
      <trkpt lat="12.9929877" lon="78.0430158">
      </trkpt>
      <trkpt lat="12.9931387" lon="78.0417954">
      </trkpt>
      <trkpt lat="12.9931965" lon="78.0411179">
      </trkpt>
      <trkpt lat="12.9932375" lon="78.0403241">
      </trkpt>
      <trkpt lat="12.9932784" lon="78.0395909">
      </trkpt>
      <trkpt lat="12.9932885" lon="78.0389384">
      </trkpt>
      <trkpt lat="12.9932799" lon="78.0383082">
      </trkpt>
      <trkpt lat="12.9932297" lon="78.0368976">
      </trkpt>
      <trkpt lat="12.9931454" lon="78.0354343">
      </trkpt>
      <trkpt lat="12.9928028" lon="78.0307736">
      </trkpt>
      <trkpt lat="12.9927844" lon="78.0303072">
      </trkpt>
      <trkpt lat="12.992766" lon="78.0295601">
      </trkpt>
      <trkpt lat="12.9927852" lon="78.0288442">
      </trkpt>
      <trkpt lat="12.9928507" lon="78.028065">
      </trkpt>
      <trkpt lat="12.9929224" lon="78.0274453">
      </trkpt>
      <trkpt lat="12.9931226" lon="78.0263477">
      </trkpt>
      <trkpt lat="12.9933787" lon="78.0252884">
      </trkpt>
      <trkpt lat="12.9937107" lon="78.0237949">
      </trkpt>
      <trkpt lat="12.9941758" lon="78.0218443">
      </trkpt>
      <trkpt lat="12.9946037" lon="78.0200149">
      </trkpt>
      <trkpt lat="12.9947516" lon="78.019396">
      </trkpt>
      <trkpt lat="12.9949127" lon="78.0187906">
      </trkpt>
      <trkpt lat="12.995045" lon="78.0183518">
      </trkpt>
      <trkpt lat="12.9952377" lon="78.0177777">
      </trkpt>
      <trkpt lat="12.9953745" lon="78.0174268">
      </trkpt>
      <trkpt lat="12.995676" lon="78.0167283">
      </trkpt>
      <trkpt lat="12.9959495" lon="78.016119">
      </trkpt>
      <trkpt lat="12.9963846" lon="78.0151047">
      </trkpt>
      <trkpt lat="12.9967265" lon="78.0143232">
      </trkpt>
      <trkpt lat="12.9970279" lon="78.0136662">
      </trkpt>
      <trkpt lat="12.9972642" lon="78.013092">
      </trkpt>
      <trkpt lat="12.9976248" lon="78.0122206">
      </trkpt>
      <trkpt lat="12.9978764" lon="78.0116726">
      </trkpt>
      <trkpt lat="12.998296" lon="78.0107125">
      </trkpt>
      <trkpt lat="12.9986379" lon="78.0099055">
      </trkpt>
      <trkpt lat="12.999247" lon="78.0085148">
      </trkpt>
      <trkpt lat="12.9997692" lon="78.0073282">
      </trkpt>
      <trkpt lat="13.0002447" lon="78.0062437">
      </trkpt>
      <trkpt lat="13.0006208" lon="78.0053889">
      </trkpt>
      <trkpt lat="13.0010714" lon="78.0043682">
      </trkpt>
      <trkpt lat="13.0017831" lon="78.0027446">
      </trkpt>
      <trkpt lat="13.0024855" lon="78.0011211">
      </trkpt>
      <trkpt lat="13.0027341" lon="78.0005501">
      </trkpt>
      <trkpt lat="13.0028678" lon="78.0001897">
      </trkpt>
      <trkpt lat="13.0030014" lon="77.9998643">
      </trkpt>
      <trkpt lat="13.0031817" lon="77.9993284">
      </trkpt>
      <trkpt lat="13.0033029" lon="77.9989329">
      </trkpt>
      <trkpt lat="13.0033868" lon="77.9986235">
      </trkpt>
      <trkpt lat="13.0035161" lon="77.9981086">
      </trkpt>
      <trkpt lat="13.003623" lon="77.9975993">
      </trkpt>
      <trkpt lat="13.0037272" lon="77.9969666">
      </trkpt>
      <trkpt lat="13.0038205" lon="77.9962714">
      </trkpt>
      <trkpt lat="13.0038799" lon="77.9955547">
      </trkpt>
      <trkpt lat="13.003903" lon="77.9950583">
      </trkpt>
      <trkpt lat="13.0038981" lon="77.9943754">
      </trkpt>
      <trkpt lat="13.0038826" lon="77.9938293">
      </trkpt>
      <trkpt lat="13.0038349" lon="77.9933183">
      </trkpt>
      <trkpt lat="13.003782" lon="77.9928341">
      </trkpt>
      <trkpt lat="13.0037219" lon="77.992342">
      </trkpt>
      <trkpt lat="13.0036094" lon="77.9917089">
      </trkpt>
      <trkpt lat="13.0034787" lon="77.9911214">
      </trkpt>
      <trkpt lat="13.0033715" lon="77.9907062">
      </trkpt>
      <trkpt lat="13.0032616" lon="77.9902991">
      </trkpt>
      <trkpt lat="13.0030322" lon="77.9896121">
      </trkpt>
      <trkpt lat="13.0028761" lon="77.989206">
      </trkpt>
      <trkpt lat="13.0027095" lon="77.9887998">
      </trkpt>
      <trkpt lat="13.0024752" lon="77.9882794">
      </trkpt>
      <trkpt lat="13.0022201" lon="77.9877804">
      </trkpt>
      <trkpt lat="13.0013934" lon="77.9863101">
      </trkpt>
      <trkpt lat="13.001058" lon="77.9856758">
      </trkpt>
      <trkpt lat="13.0007494" lon="77.9850091">
      </trkpt>
      <trkpt lat="13.000557" lon="77.9845555">
      </trkpt>
      <trkpt lat="13.0003803" lon="77.9840857">
      </trkpt>
      <trkpt lat="13.000207" lon="77.9835984">
      </trkpt>
      <trkpt lat="13.0000689" lon="77.9831348">
      </trkpt>
      <trkpt lat="12.9999256" lon="77.982643">
      </trkpt>
      <trkpt lat="12.9995807" lon="77.9812001">
      </trkpt>
      <trkpt lat="12.9993546" lon="77.9802424">
      </trkpt>
      <trkpt lat="12.9987983" lon="77.9778618">
      </trkpt>
      <trkpt lat="12.9986268" lon="77.9771388">
      </trkpt>
      <trkpt lat="12.9982289" lon="77.9753876">
      </trkpt>
      <trkpt lat="12.9980911" lon="77.9746891">
      </trkpt>
      <trkpt lat="12.9978253" lon="77.9736045">
      </trkpt>
      <trkpt lat="12.9976322" lon="77.9729048">
      </trkpt>
      <trkpt lat="12.9967622" lon="77.9700634">
      </trkpt>
      <trkpt lat="12.9963142" lon="77.9686132">
      </trkpt>
      <trkpt lat="12.995887" lon="77.967163">
      </trkpt>
      <trkpt lat="12.9956783" lon="77.9665521">
      </trkpt>
      <trkpt lat="12.9951833" lon="77.9649375">
      </trkpt>
      <trkpt lat="12.9949712" lon="77.9642068">
      </trkpt>
      <trkpt lat="12.9948106" lon="77.963697">
      </trkpt>
      <trkpt lat="12.994603" lon="77.9629555">
      </trkpt>
      <trkpt lat="12.994361" lon="77.9619496">
      </trkpt>
      <trkpt lat="12.9941968" lon="77.9611976">
      </trkpt>
      <trkpt lat="12.993996" lon="77.9600566">
      </trkpt>
      <trkpt lat="12.9931873" lon="77.9551386">
      </trkpt>
      <trkpt lat="12.9928143" lon="77.9527789">
      </trkpt>
      <trkpt lat="12.9923943" lon="77.950226">
      </trkpt>
      <trkpt lat="12.9922713" lon="77.9494969">
      </trkpt>
      <trkpt lat="12.9921962" lon="77.9490553">
      </trkpt>
      <trkpt lat="12.9921344" lon="77.9485913">
      </trkpt>
      <trkpt lat="12.992085" lon="77.9480294">
      </trkpt>
      <trkpt lat="12.9920509" lon="77.9473886">
      </trkpt>
      <trkpt lat="12.9920433" lon="77.9469224">
      </trkpt>
      <trkpt lat="12.9920508" lon="77.9464934">
      </trkpt>
      <trkpt lat="12.992063" lon="77.9462187">
      </trkpt>
      <trkpt lat="12.9920801" lon="77.9459181">
      </trkpt>
      <trkpt lat="12.9922114" lon="77.9443688">
      </trkpt>
      <trkpt lat="12.9924385" lon="77.9417695">
      </trkpt>
      <trkpt lat="12.9927049" lon="77.938294">
      </trkpt>
      <trkpt lat="12.9928271" lon="77.9367539">
      </trkpt>
      <trkpt lat="12.9928889" lon="77.9362534">
      </trkpt>
      <trkpt lat="12.9929299" lon="77.935635">
      </trkpt>
      <trkpt lat="12.9930378" lon="77.9342693">
      </trkpt>
      <trkpt lat="12.9932277" lon="77.9322353">
      </trkpt>
      <trkpt lat="12.9936078" lon="77.9277684">
      </trkpt>
      <trkpt lat="12.993616" lon="77.9276648">
      </trkpt>
      <trkpt lat="12.9941931" lon="77.9204034">
      </trkpt>
      <trkpt lat="12.9943441" lon="77.918484">
      </trkpt>
      <trkpt lat="12.9944733" lon="77.9172713">
      </trkpt>
      <trkpt lat="12.9945386" lon="77.9167824">
      </trkpt>
      <trkpt lat="12.9946619" lon="77.9160503">
      </trkpt>
      <trkpt lat="12.9952412" lon="77.9131359">
      </trkpt>
      <trkpt lat="12.9955012" lon="77.911922">
      </trkpt>
      <trkpt lat="12.9960889" lon="77.9089632">
      </trkpt>
      <trkpt lat="12.9963036" lon="77.9077231">
      </trkpt>
      <trkpt lat="12.9964227" lon="77.9069783">
      </trkpt>
      <trkpt lat="12.9965209" lon="77.9059815">
      </trkpt>
      <trkpt lat="12.996558" lon="77.9051303">
      </trkpt>
      <trkpt lat="12.9965622" lon="77.9049512">
      </trkpt>
      <trkpt lat="12.9965577" lon="77.9044443">
      </trkpt>
      <trkpt lat="12.9964147" lon="77.9002748">
      </trkpt>
      <trkpt lat="12.9962406" lon="77.8951558">
      </trkpt>
      <trkpt lat="12.9960924" lon="77.8903934">
      </trkpt>
      <trkpt lat="12.9960001" lon="77.8893473">
      </trkpt>
      <trkpt lat="12.9959013" lon="77.8885989">
      </trkpt>
      <trkpt lat="12.9956888" lon="77.8873894">
      </trkpt>
      <trkpt lat="12.9955676" lon="77.886902">
      </trkpt>
      <trkpt lat="12.9953842" lon="77.8862004">
      </trkpt>
      <trkpt lat="12.9952439" lon="77.8857317">
      </trkpt>
      <trkpt lat="12.9950036" lon="77.8850307">
      </trkpt>
      <trkpt lat="12.9947423" lon="77.8843265">
      </trkpt>
      <trkpt lat="12.9944432" lon="77.8836458">
      </trkpt>
      <trkpt lat="12.9941371" lon="77.8830017">
      </trkpt>
      <trkpt lat="12.99382" lon="77.8823994">
      </trkpt>
      <trkpt lat="12.9934852" lon="77.8818048">
      </trkpt>
      <trkpt lat="12.9931048" lon="77.8811805">
      </trkpt>
      <trkpt lat="12.9927645" lon="77.8806901">
      </trkpt>
      <trkpt lat="12.9904087" lon="77.877479">
      </trkpt>
      <trkpt lat="12.9889356" lon="77.8755373">
      </trkpt>
      <trkpt lat="12.9872682" lon="77.8733499">
      </trkpt>
      <trkpt lat="12.9868391" lon="77.8727459">
      </trkpt>
      <trkpt lat="12.9863572" lon="77.8720069">
      </trkpt>
      <trkpt lat="12.9859997" lon="77.8714147">
      </trkpt>
      <trkpt lat="12.9857079" lon="77.8708738">
      </trkpt>
      <trkpt lat="12.9854597" lon="77.870352">
      </trkpt>
      <trkpt lat="12.9852244" lon="77.8697806">
      </trkpt>
      <trkpt lat="12.9849128" lon="77.8689589">
      </trkpt>
      <trkpt lat="12.9846758" lon="77.8682074">
      </trkpt>
      <trkpt lat="12.9844969" lon="77.8675537">
      </trkpt>
      <trkpt lat="12.9843615" lon="77.8669256">
      </trkpt>
      <trkpt lat="12.9840413" lon="77.8651186">
      </trkpt>
      <trkpt lat="12.9838144" lon="77.8635859">
      </trkpt>
      <trkpt lat="12.9835435" lon="77.8621992">
      </trkpt>
      <trkpt lat="12.9827433" lon="77.8577114">
      </trkpt>
      <trkpt lat="12.9824188" lon="77.8556633">
      </trkpt>
      <trkpt lat="12.9820446" lon="77.8532868">
      </trkpt>
      <trkpt lat="12.981942" lon="77.8521877">
      </trkpt>
      <trkpt lat="12.9818673" lon="77.8508749">
      </trkpt>
      <trkpt lat="12.9818432" lon="77.8497278">
      </trkpt>
      <trkpt lat="12.9818811" lon="77.8484691">
      </trkpt>
      <trkpt lat="12.9819503" lon="77.8474827">
      </trkpt>
      <trkpt lat="12.9820506" lon="77.8465123">
      </trkpt>
      <trkpt lat="12.9821862" lon="77.8455214">
      </trkpt>
      <trkpt lat="12.9823529" lon="77.8444857">
      </trkpt>
      <trkpt lat="12.9825149" lon="77.8436913">
      </trkpt>
      <trkpt lat="12.9826894" lon="77.8428714">
      </trkpt>
      <trkpt lat="12.9829085" lon="77.8419499">
      </trkpt>
      <trkpt lat="12.9834544" lon="77.8396539">
      </trkpt>
      <trkpt lat="12.9841875" lon="77.8365337">
      </trkpt>
      <trkpt lat="12.9854568" lon="77.8312116">
      </trkpt>
      <trkpt lat="12.986005" lon="77.8289118">
      </trkpt>
      <trkpt lat="12.9862059" lon="77.8280578">
      </trkpt>
      <trkpt lat="12.9864616" lon="77.8269708">
      </trkpt>
      <trkpt lat="12.9865396" lon="77.8266477">
      </trkpt>
      <trkpt lat="12.9873303" lon="77.8232968">
      </trkpt>
      <trkpt lat="12.9879383" lon="77.8207059">
      </trkpt>
      <trkpt lat="12.9882147" lon="77.8195647">
      </trkpt>
      <trkpt lat="12.9887052" lon="77.8174387">
      </trkpt>
      <trkpt lat="12.9888914" lon="77.8166658">
      </trkpt>
      <trkpt lat="12.9890849" lon="77.8159421">
      </trkpt>
      <trkpt lat="12.989336" lon="77.8151867">
      </trkpt>
      <trkpt lat="12.9896167" lon="77.814454">
      </trkpt>
      <trkpt lat="12.9900321" lon="77.8135382">
      </trkpt>
      <trkpt lat="12.9912556" lon="77.8113219">
      </trkpt>
      <trkpt lat="12.992588" lon="77.8089957">
      </trkpt>
      <trkpt lat="12.9938865" lon="77.8067097">
      </trkpt>
      <trkpt lat="12.9945568" lon="77.8055102">
      </trkpt>
      <trkpt lat="12.9949809" lon="77.8046101">
      </trkpt>
      <trkpt lat="12.9953579" lon="77.8036965">
      </trkpt>
      <trkpt lat="12.9956358" lon="77.8028627">
      </trkpt>
      <trkpt lat="12.9958798" lon="77.8019377">
      </trkpt>
      <trkpt lat="12.9960236" lon="77.8011792">
      </trkpt>
      <trkpt lat="12.996136" lon="77.8004529">
      </trkpt>
      <trkpt lat="12.9962001" lon="77.7999549">
      </trkpt>
      <trkpt lat="12.9962329" lon="77.7994568">
      </trkpt>
      <trkpt lat="12.996259" lon="77.7986425">
      </trkpt>
      <trkpt lat="12.996236" lon="77.797782">
      </trkpt>
      <trkpt lat="12.9962329" lon="77.7976673">
      </trkpt>
      <trkpt lat="12.9961041" lon="77.7943504">
      </trkpt>
      <trkpt lat="12.9959612" lon="77.7902202">
      </trkpt>
      <trkpt lat="12.9958078" lon="77.7862">
      </trkpt>
      <trkpt lat="12.9957099" lon="77.7836406">
      </trkpt>
      <trkpt lat="12.9956385" lon="77.7819053">
      </trkpt>
      <trkpt lat="12.9955696" lon="77.7804611">
      </trkpt>
      <trkpt lat="12.9954783" lon="77.7777309">
      </trkpt>
      <trkpt lat="12.9954204" lon="77.7756559">
      </trkpt>
      <trkpt lat="12.9954034" lon="77.7751556">
      </trkpt>
      <trkpt lat="12.9953591" lon="77.7742147">
      </trkpt>
      <trkpt lat="12.9953402" lon="77.7735258">
      </trkpt>
      <trkpt lat="12.9953331" lon="77.7733261">
      </trkpt>
      <trkpt lat="12.9953064" lon="77.7725456">
      </trkpt>
      <trkpt lat="12.9952566" lon="77.771158">
      </trkpt>
      <trkpt lat="12.9951975" lon="77.7701519">
      </trkpt>
      <trkpt lat="12.9951785" lon="77.7694902">
      </trkpt>
      <trkpt lat="12.9951763" lon="77.7687622">
      </trkpt>
      <trkpt lat="12.9951919" lon="77.7681442">
      </trkpt>
      <trkpt lat="12.9952279" lon="77.7675111">
      </trkpt>
      <trkpt lat="12.9953356" lon="77.7658792">
      </trkpt>
      <trkpt lat="12.9953598" lon="77.765572">
      </trkpt>
      <trkpt lat="12.9953669" lon="77.7654814">
      </trkpt>
      <trkpt lat="12.9953957" lon="77.7651146">
      </trkpt>
      <trkpt lat="12.995431" lon="77.7647686">
      </trkpt>
      <trkpt lat="12.9954482" lon="77.7645995">
      </trkpt>
      <trkpt lat="12.9955239" lon="77.7640166">
      </trkpt>
      <trkpt lat="12.9956754" lon="77.7630649">
      </trkpt>
      <trkpt lat="12.9959558" lon="77.761319">
      </trkpt>
      <trkpt lat="12.9962373" lon="77.7595573">
      </trkpt>
      <trkpt lat="12.996418" lon="77.7583709">
      </trkpt>
      <trkpt lat="12.9964497" lon="77.7581882">
      </trkpt>
      <trkpt lat="12.9965354" lon="77.7577241">
      </trkpt>
      <trkpt lat="12.9966532" lon="77.757092">
      </trkpt>
      <trkpt lat="12.9969211" lon="77.7553869">
      </trkpt>
      <trkpt lat="12.9970781" lon="77.7545223">
      </trkpt>
      <trkpt lat="12.997349" lon="77.7528798">
      </trkpt>
      <trkpt lat="12.9981052" lon="77.7481869">
      </trkpt>
      <trkpt lat="12.9983672" lon="77.7465613">
      </trkpt>
      <trkpt lat="12.998427" lon="77.7462133">
      </trkpt>
      <trkpt lat="12.9984557" lon="77.7460464">
      </trkpt>
      <trkpt lat="12.9985256" lon="77.7455353">
      </trkpt>
      <trkpt lat="12.9985929" lon="77.7449852">
      </trkpt>
      <trkpt lat="12.9986453" lon="77.7443935">
      </trkpt>
      <trkpt lat="12.9986654" lon="77.7436721">
      </trkpt>
      <trkpt lat="12.9986589" lon="77.7431838">
      </trkpt>
      <trkpt lat="12.9986265" lon="77.7426574">
      </trkpt>
      <trkpt lat="12.9986121" lon="77.7424694">
      </trkpt>
      <trkpt lat="12.9985979" lon="77.7422828">
      </trkpt>
      <trkpt lat="12.9985651" lon="77.7419875">
      </trkpt>
      <trkpt lat="12.9985546" lon="77.741893">
      </trkpt>
      <trkpt lat="12.9984974" lon="77.7415055">
      </trkpt>
      <trkpt lat="12.9984328" lon="77.741099">
      </trkpt>
      <trkpt lat="12.9979511" lon="77.7386482">
      </trkpt>
      <trkpt lat="12.9975479" lon="77.7365029">
      </trkpt>
      <trkpt lat="12.9970039" lon="77.7336077">
      </trkpt>
      <trkpt lat="12.9965809" lon="77.7313574">
      </trkpt>
      <trkpt lat="12.9959164" lon="77.7278472">
      </trkpt>
      <trkpt lat="12.9958832" lon="77.7276802">
      </trkpt>
      <trkpt lat="12.9955658" lon="77.7259745">
      </trkpt>
      <trkpt lat="12.9955082" lon="77.7254728">
      </trkpt>
      <trkpt lat="12.9954471" lon="77.7248277">
      </trkpt>
      <trkpt lat="12.9954171" lon="77.7241571">
      </trkpt>
      <trkpt lat="12.9953983" lon="77.7234731">
      </trkpt>
      <trkpt lat="12.9954222" lon="77.7227148">
      </trkpt>
      <trkpt lat="12.9954858" lon="77.7220374">
      </trkpt>
      <trkpt lat="12.9955481" lon="77.7215862">
      </trkpt>
      <trkpt lat="12.9956034" lon="77.7211402">
      </trkpt>
      <trkpt lat="12.9957202" lon="77.7205862">
      </trkpt>
      <trkpt lat="12.9962639" lon="77.7183462">
      </trkpt>
      <trkpt lat="12.996646" lon="77.7168157">
      </trkpt>
      <trkpt lat="12.9972955" lon="77.7141899">
      </trkpt>
      <trkpt lat="12.9978036" lon="77.7122019">
      </trkpt>
      <trkpt lat="12.9991052" lon="77.7069043">
      </trkpt>
      <trkpt lat="12.9992977" lon="77.7059351">
      </trkpt>
      <trkpt lat="12.999405" lon="77.7052381">
      </trkpt>
      <trkpt lat="12.9994865" lon="77.7045638">
      </trkpt>
      <trkpt lat="12.9995874" lon="77.703484">
      </trkpt>
      <trkpt lat="12.9996736" lon="77.7017669">
      </trkpt>
      <trkpt lat="12.9997735" lon="77.699382">
      </trkpt>
      <trkpt lat="12.9998554" lon="77.6974277">
      </trkpt>
      <trkpt lat="12.9999211" lon="77.6960243">
      </trkpt>
      <trkpt lat="12.999922" lon="77.696004">
      </trkpt>
      <trkpt lat="13.0001351" lon="77.6914149">
      </trkpt>
      <trkpt lat="13.0002595" lon="77.6887863">
      </trkpt>
      <trkpt lat="13.000596" lon="77.6820449">
      </trkpt>
      <trkpt lat="13.0006027" lon="77.6819099">
      </trkpt>
      <trkpt lat="13.0006242" lon="77.6814801">
      </trkpt>
      <trkpt lat="13.000651" lon="77.6811899">
      </trkpt>
      <trkpt lat="13.0006526" lon="77.6804919">
      </trkpt>
      <trkpt lat="13.0006187" lon="77.679537">
      </trkpt>
      <trkpt lat="13.0006313" lon="77.6789542">
      </trkpt>
      <trkpt lat="13.0006445" lon="77.6786106">
      </trkpt>
      <trkpt lat="13.000646" lon="77.6785237">
      </trkpt>
      <trkpt lat="13.000654" lon="77.6776442">
      </trkpt>
      <trkpt lat="13.0006464" lon="77.6767519">
      </trkpt>
      <trkpt lat="13.0006526" lon="77.6755508">
      </trkpt>
      <trkpt lat="13.0006528" lon="77.6755065">
      </trkpt>
      <trkpt lat="13.0006354" lon="77.6750097">
      </trkpt>
      <trkpt lat="13.0005984" lon="77.6744236">
      </trkpt>
      <trkpt lat="13.0005646" lon="77.6738438">
      </trkpt>
      <trkpt lat="13.0004966" lon="77.6731401">
      </trkpt>
      <trkpt lat="13.000424" lon="77.6725128">
      </trkpt>
      <trkpt lat="13.0003124" lon="77.6715221">
      </trkpt>
      <trkpt lat="13.0002965" lon="77.671446">
      </trkpt>
      <trkpt lat="13.0001751" lon="77.6708629">
      </trkpt>
      <trkpt lat="13.0000483" lon="77.6702042">
      </trkpt>
      <trkpt lat="12.9998424" lon="77.6693626">
      </trkpt>
      <trkpt lat="12.9996113" lon="77.6686299">
      </trkpt>
      <trkpt lat="12.9995901" lon="77.6685665">
      </trkpt>
      <trkpt lat="12.9993884" lon="77.6679616">
      </trkpt>
      <trkpt lat="12.9991391" lon="77.667304">
      </trkpt>
      <trkpt lat="12.9989358" lon="77.6668009">
      </trkpt>
      <trkpt lat="12.9986129" lon="77.6660826">
      </trkpt>
      <trkpt lat="12.9982447" lon="77.6653803">
      </trkpt>
      <trkpt lat="12.9978387" lon="77.6646329">
      </trkpt>
      <trkpt lat="12.9973346" lon="77.6637881">
      </trkpt>
      <trkpt lat="12.9972469" lon="77.663639">
      </trkpt>
      <trkpt lat="12.9966972" lon="77.6627038">
      </trkpt>
      <trkpt lat="12.9961788" lon="77.6618088">
      </trkpt>
      <trkpt lat="12.9954686" lon="77.6605418">
      </trkpt>
      <trkpt lat="12.9946838" lon="77.6591606">
      </trkpt>
      <trkpt lat="12.993949" lon="77.6578557">
      </trkpt>
      <trkpt lat="12.9938809" lon="77.6577395">
      </trkpt>
      <trkpt lat="12.9934388" lon="77.6569633">
      </trkpt>
      <trkpt lat="12.9928942" lon="77.6560376">
      </trkpt>
      <trkpt lat="12.9919926" lon="77.6544338">
      </trkpt>
      <trkpt lat="12.9917838" lon="77.6540077">
      </trkpt>
      <trkpt lat="12.9916235" lon="77.653643">
      </trkpt>
      <trkpt lat="12.9914427" lon="77.6531794">
      </trkpt>
      <trkpt lat="12.9912985" lon="77.6527284">
      </trkpt>
      <trkpt lat="12.9911788" lon="77.6523032">
      </trkpt>
      <trkpt lat="12.991066" lon="77.6518812">
      </trkpt>
      <trkpt lat="12.9909668" lon="77.6514173">
      </trkpt>
      <trkpt lat="12.9909086" lon="77.6511035">
      </trkpt>
      <trkpt lat="12.9908783" lon="77.6509465">
      </trkpt>
      <trkpt lat="12.9908428" lon="77.6506828">
      </trkpt>
      <trkpt lat="12.9908132" lon="77.6504263">
      </trkpt>
      <trkpt lat="12.9907894" lon="77.6501642">
      </trkpt>
      <trkpt lat="12.9907701" lon="77.649892">
      </trkpt>
      <trkpt lat="12.9907562" lon="77.6496256">
      </trkpt>
      <trkpt lat="12.9907522" lon="77.6492759">
      </trkpt>
      <trkpt lat="12.9907535" lon="77.6491283">
      </trkpt>
      <trkpt lat="12.9907648" lon="77.6487534">
      </trkpt>
      <trkpt lat="12.9907827" lon="77.6484659">
      </trkpt>
      <trkpt lat="12.9908056" lon="77.6482048">
      </trkpt>
      <trkpt lat="12.9908319" lon="77.6480015">
      </trkpt>
      <trkpt lat="12.9908727" lon="77.6476569">
      </trkpt>
      <trkpt lat="12.9909165" lon="77.6473696">
      </trkpt>
      <trkpt lat="12.9911479" lon="77.6462288">
      </trkpt>
      <trkpt lat="12.9912028" lon="77.6459847">
      </trkpt>
      <trkpt lat="12.9913141" lon="77.6454117">
      </trkpt>
      <trkpt lat="12.9916001" lon="77.6439384">
      </trkpt>
      <trkpt lat="12.9916681" lon="77.6435887">
      </trkpt>
      <trkpt lat="12.9916876" lon="77.6434888">
      </trkpt>
      <trkpt lat="12.9920679" lon="77.6415331">
      </trkpt>
      <trkpt lat="12.9929813" lon="77.636863">
      </trkpt>
      <trkpt lat="12.9939398" lon="77.6318548">
      </trkpt>
      <trkpt lat="12.9943559" lon="77.629766">
      </trkpt>
      <trkpt lat="12.9943733" lon="77.6296728">
      </trkpt>
      <trkpt lat="12.9944678" lon="77.6291973">
      </trkpt>
      <trkpt lat="12.9944949" lon="77.6290594">
      </trkpt>
      <trkpt lat="12.994654" lon="77.6281856">
      </trkpt>
      <trkpt lat="12.9947637" lon="77.627629">
      </trkpt>
      <trkpt lat="12.9948683" lon="77.6271261">
      </trkpt>
      <trkpt lat="12.9950095" lon="77.626638">
      </trkpt>
      <trkpt lat="12.9951584" lon="77.6262249">
      </trkpt>
      <trkpt lat="12.9952969" lon="77.6258816">
      </trkpt>
      <trkpt lat="12.9955321" lon="77.6254229">
      </trkpt>
      <trkpt lat="12.9956445" lon="77.6252191">
      </trkpt>
      <trkpt lat="12.9957987" lon="77.6249562">
      </trkpt>
      <trkpt lat="12.9959372" lon="77.6247443">
      </trkpt>
      <trkpt lat="12.9961332" lon="77.6244841">
      </trkpt>
      <trkpt lat="12.9964469" lon="77.6240845">
      </trkpt>
      <trkpt lat="12.9968336" lon="77.6236387">
      </trkpt>
      <trkpt lat="12.9973013" lon="77.6231313">
      </trkpt>
      <trkpt lat="12.9995463" lon="77.6206429">
      </trkpt>
      <trkpt lat="13.000273" lon="77.6198104">
      </trkpt>
      <trkpt lat="13.000584" lon="77.6194349">
      </trkpt>
      <trkpt lat="13.0007813" lon="77.6191666">
      </trkpt>
      <trkpt lat="13.0009839" lon="77.6188703">
      </trkpt>
      <trkpt lat="13.0012425" lon="77.618417">
      </trkpt>
      <trkpt lat="13.0014046" lon="77.6181354">
      </trkpt>
      <trkpt lat="13.0016006" lon="77.6176955">
      </trkpt>
      <trkpt lat="13.0017039" lon="77.6174407">
      </trkpt>
      <trkpt lat="13.001777" lon="77.6172234">
      </trkpt>
      <trkpt lat="13.0018489" lon="77.6169867">
      </trkpt>
      <trkpt lat="13.0019129" lon="77.6167473">
      </trkpt>
      <trkpt lat="13.0019652" lon="77.6165395">
      </trkpt>
      <trkpt lat="13.0020279" lon="77.6162484">
      </trkpt>
      <trkpt lat="13.0020658" lon="77.6159761">
      </trkpt>
      <trkpt lat="13.002105" lon="77.6157079">
      </trkpt>
      <trkpt lat="13.0021298" lon="77.615429">
      </trkpt>
      <trkpt lat="13.0021422" lon="77.6151823">
      </trkpt>
      <trkpt lat="13.0021442" lon="77.6149516">
      </trkpt>
      <trkpt lat="13.0021429" lon="77.6146599">
      </trkpt>
      <trkpt lat="13.0021129" lon="77.6143655">
      </trkpt>
      <trkpt lat="13.0020868" lon="77.6140691">
      </trkpt>
      <trkpt lat="13.0020109" lon="77.6135514">
      </trkpt>
      <trkpt lat="13.0019011" lon="77.6130525">
      </trkpt>
      <trkpt lat="13.0018332" lon="77.6127843">
      </trkpt>
      <trkpt lat="13.0017496" lon="77.6125054">
      </trkpt>
      <trkpt lat="13.0016825" lon="77.6123325">
      </trkpt>
      <trkpt lat="13.0015758" lon="77.6120249">
      </trkpt>
      <trkpt lat="13.0014882" lon="77.6118321">
      </trkpt>
      <trkpt lat="13.001385" lon="77.6116236">
      </trkpt>
      <trkpt lat="13.0012582" lon="77.6113776">
      </trkpt>
      <trkpt lat="13.0011012" lon="77.6110694">
      </trkpt>
      <trkpt lat="13.0010021" lon="77.6109085">
      </trkpt>
      <trkpt lat="13.0007199" lon="77.6104804">
      </trkpt>
      <trkpt lat="13.0005324" lon="77.6102276">
      </trkpt>
      <trkpt lat="13.0003292" lon="77.6099855">
      </trkpt>
      <trkpt lat="13.0000502" lon="77.6096931">
      </trkpt>
      <trkpt lat="12.9997712" lon="77.6094115">
      </trkpt>
      <trkpt lat="12.9995974" lon="77.6092532">
      </trkpt>
      <trkpt lat="12.99937" lon="77.6090634">
      </trkpt>
      <trkpt lat="12.999127" lon="77.6088736">
      </trkpt>
      <trkpt lat="12.9986692" lon="77.6085526">
      </trkpt>
      <trkpt lat="12.99724" lon="77.607595">
      </trkpt>
      <trkpt lat="12.9955974" lon="77.606505">
      </trkpt>
      <trkpt lat="12.9953246" lon="77.6063201">
      </trkpt>
      <trkpt lat="12.9945152" lon="77.6057714">
      </trkpt>
      <trkpt lat="12.9943226" lon="77.6056412">
      </trkpt>
      <trkpt lat="12.9941193" lon="77.6055137">
      </trkpt>
      <trkpt lat="12.9939279" lon="77.605375">
      </trkpt>
      <trkpt lat="12.9937401" lon="77.6052201">
      </trkpt>
      <trkpt lat="12.9936555" lon="77.6051395">
      </trkpt>
      <trkpt lat="12.9935648" lon="77.6050429">
      </trkpt>
      <trkpt lat="12.9934367" lon="77.6049151">
      </trkpt>
      <trkpt lat="12.9933181" lon="77.6047808">
      </trkpt>
      <trkpt lat="12.9931883" lon="77.6046027">
      </trkpt>
      <trkpt lat="12.9930787" lon="77.6044374">
      </trkpt>
      <trkpt lat="12.9929664" lon="77.6042435">
      </trkpt>
      <trkpt lat="12.9928695" lon="77.6040703">
      </trkpt>
      <trkpt lat="12.9927687" lon="77.603872">
      </trkpt>
      <trkpt lat="12.9926849" lon="77.6036944">
      </trkpt>
      <trkpt lat="12.9926196" lon="77.6035275">
      </trkpt>
      <trkpt lat="12.9925713" lon="77.6033614">
      </trkpt>
      <trkpt lat="12.992519" lon="77.6031565">
      </trkpt>
      <trkpt lat="12.9924866" lon="77.6029584">
      </trkpt>
      <trkpt lat="12.9924636" lon="77.6028049">
      </trkpt>
      <trkpt lat="12.9924497" lon="77.6026213">
      </trkpt>
      <trkpt lat="12.9924454" lon="77.6023914">
      </trkpt>
      <trkpt lat="12.9924488" lon="77.6022555">
      </trkpt>
      <trkpt lat="12.9924625" lon="77.6020437">
      </trkpt>
      <trkpt lat="12.9924885" lon="77.6018552">
      </trkpt>
      <trkpt lat="12.992527" lon="77.6016379">
      </trkpt>
      <trkpt lat="12.9925776" lon="77.6014547">
      </trkpt>
      <trkpt lat="12.9926329" lon="77.6012811">
      </trkpt>
      <trkpt lat="12.9926986" lon="77.6010756">
      </trkpt>
      <trkpt lat="12.9927549" lon="77.600918">
      </trkpt>
      <trkpt lat="12.9929365" lon="77.6004624">
      </trkpt>
      <trkpt lat="12.9930287" lon="77.600252">
      </trkpt>
      <trkpt lat="12.9931023" lon="77.6000702">
      </trkpt>
      <trkpt lat="12.9931919" lon="77.5998474">
      </trkpt>
      <trkpt lat="12.9932723" lon="77.5996341">
      </trkpt>
      <trkpt lat="12.9935547" lon="77.5988853">
      </trkpt>
      <trkpt lat="12.9938655" lon="77.5980614">
      </trkpt>
      <trkpt lat="12.994109" lon="77.5973952">
      </trkpt>
      <trkpt lat="12.9943121" lon="77.596828">
      </trkpt>
      <trkpt lat="12.9944031" lon="77.5965724">
      </trkpt>
      <trkpt lat="12.9945244" lon="77.5963069">
      </trkpt>
      <trkpt lat="12.9947158" lon="77.5959127">
      </trkpt>
      <trkpt lat="12.9950661" lon="77.5952577">
      </trkpt>
      <trkpt lat="12.9951962" lon="77.5949923">
      </trkpt>
      <trkpt lat="12.9952688" lon="77.5948131">
      </trkpt>
      <trkpt lat="12.9953335" lon="77.5946264">
      </trkpt>
      <trkpt lat="12.995392" lon="77.5944094">
      </trkpt>
      <trkpt lat="12.9954238" lon="77.5942713">
      </trkpt>
      <trkpt lat="12.9954447" lon="77.594122">
      </trkpt>
      <trkpt lat="12.995458" lon="77.5939953">
      </trkpt>
      <trkpt lat="12.9954651" lon="77.5938846">
      </trkpt>
      <trkpt lat="12.9954669" lon="77.593585">
      </trkpt>
      <trkpt lat="12.9953223" lon="77.5898062">
      </trkpt>
      <trkpt lat="12.9953123" lon="77.5895617">
      </trkpt>
      <trkpt lat="12.9952258" lon="77.5873678">
      </trkpt>
      <trkpt lat="12.9952405" lon="77.5870041">
      </trkpt>
      <trkpt lat="12.99528" lon="77.5867313">
      </trkpt>
      <trkpt lat="12.9953349" lon="77.5865151">
      </trkpt>
      <trkpt lat="12.995396" lon="77.5863371">
      </trkpt>
      <trkpt lat="12.9956864" lon="77.5856513">
      </trkpt>
      <trkpt lat="12.9957674" lon="77.5854398">
      </trkpt>
      <trkpt lat="12.9958364" lon="77.5851842">
      </trkpt>
      <trkpt lat="12.9958819" lon="77.5849475">
      </trkpt>
      <trkpt lat="12.9959069" lon="77.5847097">
      </trkpt>
      <trkpt lat="12.9959054" lon="77.5844293">
      </trkpt>
      <trkpt lat="12.9958926" lon="77.5841848">
      </trkpt>
      <trkpt lat="12.9958486" lon="77.5839435">
      </trkpt>
      <trkpt lat="12.9957964" lon="77.5837222">
      </trkpt>
      <trkpt lat="12.995735" lon="77.583522">
      </trkpt>
      <trkpt lat="12.9956338" lon="77.5833119">
      </trkpt>
      <trkpt lat="12.9955264" lon="77.583105">
      </trkpt>
      <trkpt lat="12.9954093" lon="77.5829274">
      </trkpt>
      <trkpt lat="12.9952705" lon="77.582737">
      </trkpt>
      <trkpt lat="12.9951135" lon="77.5825714">
      </trkpt>
      <trkpt lat="12.9948789" lon="77.58239">
      </trkpt>
      <trkpt lat="12.9936497" lon="77.5815044">
      </trkpt>
      <trkpt lat="12.9926225" lon="77.5807528">
      </trkpt>
      <trkpt lat="12.9923275" lon="77.58056">
      </trkpt>
      <trkpt lat="12.9920805" lon="77.580416">
      </trkpt>
      <trkpt lat="12.9918086" lon="77.5802849">
      </trkpt>
      <trkpt lat="12.9915103" lon="77.5801565">
      </trkpt>
      <trkpt lat="12.9910507" lon="77.579985">
      </trkpt>
      <trkpt lat="12.9907732" lon="77.5798478">
      </trkpt>
      <trkpt lat="12.9904646" lon="77.5796532">
      </trkpt>
      <trkpt lat="12.9901822" lon="77.5794779">
      </trkpt>
      <trkpt lat="12.9896449" lon="77.5791303">
      </trkpt>
      <trkpt lat="12.9894248" lon="77.5789903">
      </trkpt>
      <trkpt lat="12.9880454" lon="77.5780136">
      </trkpt>
      <trkpt lat="12.9878797" lon="77.5779042">
      </trkpt>
      <trkpt lat="12.9877389" lon="77.5778089">
      </trkpt>
      <trkpt lat="12.9876916" lon="77.5777773">
      </trkpt>
      <trkpt lat="12.9861104" lon="77.5767179">
      </trkpt>
      <trkpt lat="12.9853628" lon="77.5762003">
      </trkpt>
      <trkpt lat="12.9850623" lon="77.5759563">
      </trkpt>
      <trkpt lat="12.9848656" lon="77.575771">
      </trkpt>
      <trkpt lat="12.9847824" lon="77.5756698">
      </trkpt>
      <trkpt lat="12.9846861" lon="77.5755444">
      </trkpt>
      <trkpt lat="12.9845888" lon="77.5753929">
      </trkpt>
      <trkpt lat="12.9845107" lon="77.5752542">
      </trkpt>
      <trkpt lat="12.9844234" lon="77.5750834">
      </trkpt>
      <trkpt lat="12.9843186" lon="77.5748634">
      </trkpt>
      <trkpt lat="12.9842496" lon="77.5746955">
      </trkpt>
      <trkpt lat="12.9839104" lon="77.5736092">
      </trkpt>
      <trkpt lat="12.9838285" lon="77.5733951">
      </trkpt>
      <trkpt lat="12.983753" lon="77.5732313">
      </trkpt>
      <trkpt lat="12.9836664" lon="77.573079">
      </trkpt>
      <trkpt lat="12.9835298" lon="77.5728565">
      </trkpt>
      <trkpt lat="12.9833263" lon="77.5725466">
      </trkpt>
      <trkpt lat="12.9830887" lon="77.5722533">
      </trkpt>
      <trkpt lat="12.9827106" lon="77.5717992">
      </trkpt>
      <trkpt lat="12.9825585" lon="77.5716392">
      </trkpt>
      <trkpt lat="12.9820061" lon="77.5710976">
      </trkpt>
      <trkpt lat="12.9818063" lon="77.5708826">
      </trkpt>
      <trkpt lat="12.9815067" lon="77.5705649">
      </trkpt>
      <trkpt lat="12.9812889" lon="77.5703347">
      </trkpt>
      <trkpt lat="12.9811476" lon="77.570196">
      </trkpt>
      <trkpt lat="12.9810391" lon="77.5700806">
      </trkpt>
      <trkpt lat="12.9808376" lon="77.5698955">
      </trkpt>
      <trkpt lat="12.9807528" lon="77.5698234">
      </trkpt>
      <trkpt lat="12.9806385" lon="77.5697392">
      </trkpt>
      <trkpt lat="12.9805359" lon="77.5696742">
      </trkpt>
      <trkpt lat="12.9802152" lon="77.5695032">
      </trkpt>
      <trkpt lat="12.9799712" lon="77.5693921">
      </trkpt>
      <trkpt lat="12.9798832" lon="77.5693534">
      </trkpt>
      <trkpt lat="12.9797519" lon="77.5693019">
      </trkpt>
      <trkpt lat="12.9796427" lon="77.5692649">
      </trkpt>
      <trkpt lat="12.9794011" lon="77.5692085">
      </trkpt>
      <trkpt lat="12.9792479" lon="77.5688628">
      </trkpt>
      <trkpt lat="12.9790598" lon="77.5687956">
      </trkpt>
      <trkpt lat="12.9788685" lon="77.5687341">
      </trkpt>
      <trkpt lat="12.978672" lon="77.5686808">
      </trkpt>
      <trkpt lat="12.9782835" lon="77.5685839">
      </trkpt>
      <trkpt lat="12.9776119" lon="77.5684162">
      </trkpt>
      <trkpt lat="12.9767139" lon="77.5682049">
      </trkpt>
      <trkpt lat="12.97593" lon="77.5680157">
      </trkpt>
      <trkpt lat="12.9752279" lon="77.5678675">
      </trkpt>
      <trkpt lat="12.9745843" lon="77.5677449">
      </trkpt>
      <trkpt lat="12.9745561" lon="77.5677391">
      </trkpt>
      <trkpt lat="12.9743266" lon="77.5676984">
      </trkpt>
      <trkpt lat="12.974166" lon="77.5676674">
      </trkpt>
      <trkpt lat="12.9740397" lon="77.5676442">
      </trkpt>
      <trkpt lat="12.9737249" lon="77.5675846">
      </trkpt>
      <trkpt lat="12.9734932" lon="77.5675432">
      </trkpt>
      <trkpt lat="12.9731503" lon="77.5674552">
      </trkpt>
      <trkpt lat="12.9730277" lon="77.5674137">
      </trkpt>
      <trkpt lat="12.9728773" lon="77.5673552">
      </trkpt>
      <trkpt lat="12.9725409" lon="77.56719">
      </trkpt>
      <trkpt lat="12.9723415" lon="77.5670714">
      </trkpt>
      <trkpt lat="12.9721015" lon="77.566926">
      </trkpt>
      <trkpt lat="12.9719349" lon="77.566844">
      </trkpt>
      <trkpt lat="12.9717536" lon="77.566739">
      </trkpt>
      <trkpt lat="12.9713876" lon="77.5665213">
      </trkpt>
      <trkpt lat="12.9711094" lon="77.566312">
      </trkpt>
      <trkpt lat="12.9709672" lon="77.5661999">
      </trkpt>
      <trkpt lat="12.9704833" lon="77.565817">
      </trkpt>
      <trkpt lat="12.9678356" lon="77.5637463">
      </trkpt>
      <trkpt lat="12.9676455" lon="77.5635598">
      </trkpt>
      <trkpt lat="12.9675034" lon="77.5633732">
      </trkpt>
      <trkpt lat="12.9673831" lon="77.5631428">
      </trkpt>
      <trkpt lat="12.9673062" lon="77.5629596">
      </trkpt>
      <trkpt lat="12.9672436" lon="77.5627322">
      </trkpt>
      <trkpt lat="12.9672101" lon="77.5624977">
      </trkpt>
      <trkpt lat="12.967218" lon="77.5622562">
      </trkpt>
      <trkpt lat="12.9672443" lon="77.562049">
      </trkpt>
      <trkpt lat="12.9673096" lon="77.5618136">
      </trkpt>
      <trkpt lat="12.9674105" lon="77.5615781">
      </trkpt>
      <trkpt lat="12.9675183" lon="77.5614042">
      </trkpt>
      <trkpt lat="12.9676309" lon="77.561241">
      </trkpt>
      <trkpt lat="12.9677951" lon="77.5610531">
      </trkpt>
      <trkpt lat="12.9679911" lon="77.5608585">
      </trkpt>
      <trkpt lat="12.9682607" lon="77.5605967">
      </trkpt>
      <trkpt lat="12.9684665" lon="77.5603389">
      </trkpt>
      <trkpt lat="12.9686102" lon="77.5601307">
      </trkpt>
      <trkpt lat="12.9687298" lon="77.5599536">
      </trkpt>
      <trkpt lat="12.9688356" lon="77.5597589">
      </trkpt>
      <trkpt lat="12.9689205" lon="77.5595454">
      </trkpt>
      <trkpt lat="12.9689802" lon="77.5593862">
      </trkpt>
      <trkpt lat="12.9691412" lon="77.558608">
      </trkpt>
      <trkpt lat="12.9693118" lon="77.5577867">
      </trkpt>
      <trkpt lat="12.9693885" lon="77.5573928">
      </trkpt>
      <trkpt lat="12.969432" lon="77.5570264">
      </trkpt>
      <trkpt lat="12.9694411" lon="77.5567449">
      </trkpt>
      <trkpt lat="12.9694228" lon="77.5564721">
      </trkpt>
      <trkpt lat="12.9693837" lon="77.5562418">
      </trkpt>
      <trkpt lat="12.9692715" lon="77.5557711">
      </trkpt>
      <trkpt lat="12.9688526" lon="77.5542585">
      </trkpt>
      <trkpt lat="12.9684935" lon="77.5528779">
      </trkpt>
      <trkpt lat="12.9682679" lon="77.5520776">
      </trkpt>
      <trkpt lat="12.9681601" lon="77.5518081">
      </trkpt>
      <trkpt lat="12.9680114" lon="77.5515485">
      </trkpt>
      <trkpt lat="12.9678558" lon="77.551349">
      </trkpt>
      <trkpt lat="12.9676748" lon="77.5511466">
      </trkpt>
      <trkpt lat="12.9674662" lon="77.5509654">
      </trkpt>
      <trkpt lat="12.9668849" lon="77.5504608">
      </trkpt>
      <trkpt lat="12.9665207" lon="77.5501637">
      </trkpt>
      <trkpt lat="12.9663014" lon="77.5499539">
      </trkpt>
      <trkpt lat="12.966094" lon="77.5497141">
      </trkpt>
      <trkpt lat="12.9658694" lon="77.5494319">
      </trkpt>
      <trkpt lat="12.9653554" lon="77.5487161">
      </trkpt>
      <trkpt lat="12.9651578" lon="77.5484086">
      </trkpt>
      <trkpt lat="12.9650267" lon="77.5481897">
      </trkpt>
      <trkpt lat="12.9649094" lon="77.547939">
      </trkpt>
      <trkpt lat="12.9646924" lon="77.5472936">
      </trkpt>
      <trkpt lat="12.9644592" lon="77.5466207">
      </trkpt>
      <trkpt lat="12.9643631" lon="77.5462106">
      </trkpt>
      <trkpt lat="12.9643286" lon="77.5459229">
      </trkpt>
      <trkpt lat="12.964345" lon="77.5455498">
      </trkpt>
      <trkpt lat="12.9643821" lon="77.5451625">
      </trkpt>
      <trkpt lat="12.9643995" lon="77.5449217">
      </trkpt>
      <trkpt lat="12.9643894" lon="77.544708">
      </trkpt>
      <trkpt lat="12.9643539" lon="77.5445085">
      </trkpt>
      <trkpt lat="12.9643069" lon="77.5443294">
      </trkpt>
      <trkpt lat="12.9642298" lon="77.5441538">
      </trkpt>
      <trkpt lat="12.9641355" lon="77.5439711">
      </trkpt>
      <trkpt lat="12.9640303" lon="77.5438254">
      </trkpt>
      <trkpt lat="12.9639108" lon="77.5436831">
      </trkpt>
      <trkpt lat="12.9637267" lon="77.5435196">
      </trkpt>
      <trkpt lat="12.963502" lon="77.5433515">
      </trkpt>
      <trkpt lat="12.9598574" lon="77.54079">
      </trkpt>
      <trkpt lat="12.9593807" lon="77.5404251">
      </trkpt>
      <trkpt lat="12.9591355" lon="77.5402248">
      </trkpt>
      <trkpt lat="12.9583039" lon="77.5394866">
      </trkpt>
      <trkpt lat="12.956896" lon="77.5382669">
      </trkpt>
      <trkpt lat="12.9550651" lon="77.5367038">
      </trkpt>
      <trkpt lat="12.9541816" lon="77.5359456">
      </trkpt>
      <trkpt lat="12.9539229" lon="77.5356872">
      </trkpt>
      <trkpt lat="12.9537852" lon="77.535533">
      </trkpt>
      <trkpt lat="12.9535959" lon="77.5352947">
      </trkpt>
      <trkpt lat="12.9534433" lon="77.5350912">
      </trkpt>
      <trkpt lat="12.9531437" lon="77.5345812">
      </trkpt>
      <trkpt lat="12.9529125" lon="77.5341115">
      </trkpt>
      <trkpt lat="12.9526979" lon="77.533548">
      </trkpt>
      <trkpt lat="12.9524329" lon="77.5325019">
      </trkpt>
      <trkpt lat="12.9522509" lon="77.53182">
      </trkpt>
      <trkpt lat="12.9521057" lon="77.5314232">
      </trkpt>
      <trkpt lat="12.9518744" lon="77.5309925">
      </trkpt>
      <trkpt lat="12.9513848" lon="77.5301365">
      </trkpt>
      <trkpt lat="12.9512388" lon="77.5299432">
      </trkpt>
      <trkpt lat="12.9510676" lon="77.5297551">
      </trkpt>
      <trkpt lat="12.9508904" lon="77.5296015">
      </trkpt>
      <trkpt lat="12.9495604" lon="77.5287003">
      </trkpt>
      <trkpt lat="12.947631" lon="77.5273651">
      </trkpt>
      <trkpt lat="12.9473606" lon="77.5271761">
      </trkpt>
      <trkpt lat="12.947085" lon="77.5270139">
      </trkpt>
      <trkpt lat="12.9467227" lon="77.5268107">
      </trkpt>
      <trkpt lat="12.9462322" lon="77.5265779">
      </trkpt>
      <trkpt lat="12.9458104" lon="77.5263685">
      </trkpt>
      <trkpt lat="12.9455591" lon="77.5262321">
      </trkpt>
      <trkpt lat="12.9453392" lon="77.5261011">
      </trkpt>
      <trkpt lat="12.945027" lon="77.525894">
      </trkpt>
      <trkpt lat="12.9447304" lon="77.5256627">
      </trkpt>
      <trkpt lat="12.9444225" lon="77.5253845">
      </trkpt>
      <trkpt lat="12.9440625" lon="77.5250029">
      </trkpt>
      <trkpt lat="12.9437672" lon="77.524648">
      </trkpt>
      <trkpt lat="12.9434513" lon="77.5242015">
      </trkpt>
      <trkpt lat="12.9433875" lon="77.5241097">
      </trkpt>
      <trkpt lat="12.9433219" lon="77.5240152">
      </trkpt>
      <trkpt lat="12.9431967" lon="77.5238375">
      </trkpt>
      <trkpt lat="12.9427367" lon="77.5232018">
      </trkpt>
      <trkpt lat="12.9425014" lon="77.5228371">
      </trkpt>
      <trkpt lat="12.9422295" lon="77.522365">
      </trkpt>
      <trkpt lat="12.9420335" lon="77.5220083">
      </trkpt>
      <trkpt lat="12.9417878" lon="77.5215469">
      </trkpt>
      <trkpt lat="12.9415447" lon="77.5210588">
      </trkpt>
      <trkpt lat="12.9414009" lon="77.5207342">
      </trkpt>
      <trkpt lat="12.9412519" lon="77.5203587">
      </trkpt>
      <trkpt lat="12.9410192" lon="77.5197337">
      </trkpt>
      <trkpt lat="12.9407709" lon="77.5190793">
      </trkpt>
      <trkpt lat="12.940635" lon="77.5187279">
      </trkpt>
      <trkpt lat="12.9405408" lon="77.518516">
      </trkpt>
      <trkpt lat="12.9403735" lon="77.5181566">
      </trkpt>
      <trkpt lat="12.9402062" lon="77.5178455">
      </trkpt>
      <trkpt lat="12.9399292" lon="77.5174217">
      </trkpt>
      <trkpt lat="12.9391109" lon="77.5162576">
      </trkpt>
      <trkpt lat="12.9390613" lon="77.5161879">
      </trkpt>
      <trkpt lat="12.9384995" lon="77.5153632">
      </trkpt>
      <trkpt lat="12.9381385" lon="77.5148333">
      </trkpt>
      <trkpt lat="12.9380862" lon="77.5147609">
      </trkpt>
      <trkpt lat="12.9370019" lon="77.5133174">
      </trkpt>
      <trkpt lat="12.936831" lon="77.5130942">
      </trkpt>
      <trkpt lat="12.9364332" lon="77.5125759">
      </trkpt>
      <trkpt lat="12.9362992" lon="77.5123942">
      </trkpt>
      <trkpt lat="12.9358204" lon="77.511757">
      </trkpt>
      <trkpt lat="12.9350588" lon="77.5107606">
      </trkpt>
      <trkpt lat="12.9346743" lon="77.5102473">
      </trkpt>
      <trkpt lat="12.9344377" lon="77.5099378">
      </trkpt>
      <trkpt lat="12.9341929" lon="77.509613">
      </trkpt>
      <trkpt lat="12.9340536" lon="77.5094329">
      </trkpt>
      <trkpt lat="12.9338722" lon="77.5092485">
      </trkpt>
      <trkpt lat="12.9335056" lon="77.5089564">
      </trkpt>
      <trkpt lat="12.9333657" lon="77.5088648">
      </trkpt>
      <trkpt lat="12.9330948" lon="77.508643">
      </trkpt>
      <trkpt lat="12.932968" lon="77.508526">
      </trkpt>
      <trkpt lat="12.9327901" lon="77.508338">
      </trkpt>
      <trkpt lat="12.9326422" lon="77.50815">
      </trkpt>
      <trkpt lat="12.9324365" lon="77.5078417">
      </trkpt>
      <trkpt lat="12.932273" lon="77.5075933">
      </trkpt>
      <trkpt lat="12.9318783" lon="77.5069709">
      </trkpt>
      <trkpt lat="12.9315863" lon="77.5064999">
      </trkpt>
      <trkpt lat="12.9314985" lon="77.5063591">
      </trkpt>
      <trkpt lat="12.9311987" lon="77.505886">
      </trkpt>
      <trkpt lat="12.9307505" lon="77.5051965">
      </trkpt>
      <trkpt lat="12.9303689" lon="77.5046119">
      </trkpt>
      <trkpt lat="12.9300574" lon="77.5041366">
      </trkpt>
      <trkpt lat="12.9298035" lon="77.5037477">
      </trkpt>
      <trkpt lat="12.9296097" lon="77.5034502">
      </trkpt>
      <trkpt lat="12.929467" lon="77.5032886">
      </trkpt>
      <trkpt lat="12.9292245" lon="77.5030606">
      </trkpt>
      <trkpt lat="12.928979" lon="77.5028697">
      </trkpt>
      <trkpt lat="12.928542" lon="77.5025432">
      </trkpt>
      <trkpt lat="12.9282435" lon="77.5023237">
      </trkpt>
      <trkpt lat="12.9280826" lon="77.5021731">
      </trkpt>
      <trkpt lat="12.9279291" lon="77.5020148">
      </trkpt>
      <trkpt lat="12.9277387" lon="77.501777">
      </trkpt>
      <trkpt lat="12.9275839" lon="77.5015403">
      </trkpt>
      <trkpt lat="12.9274111" lon="77.5012665">
      </trkpt>
      <trkpt lat="12.9271655" lon="77.5008694">
      </trkpt>
      <trkpt lat="12.9264233" lon="77.4996384">
      </trkpt>
      <trkpt lat="12.9258612" lon="77.4987246">
      </trkpt>
      <trkpt lat="12.925728" lon="77.4984932">
      </trkpt>
      <trkpt lat="12.9255947" lon="77.4982587">
      </trkpt>
      <trkpt lat="12.9254668" lon="77.4980155">
      </trkpt>
      <trkpt lat="12.9251033" lon="77.4972357">
      </trkpt>
      <trkpt lat="12.9243635" lon="77.4955905">
      </trkpt>
      <trkpt lat="12.9240828" lon="77.4949766">
      </trkpt>
      <trkpt lat="12.9236187" lon="77.4939522">
      </trkpt>
      <trkpt lat="12.9235784" lon="77.4938632">
      </trkpt>
      <trkpt lat="12.9232857" lon="77.4932205">
      </trkpt>
      <trkpt lat="12.9227559" lon="77.4920751">
      </trkpt>
      <trkpt lat="12.9225851" lon="77.4916898">
      </trkpt>
      <trkpt lat="12.9223462" lon="77.4911856">
      </trkpt>
      <trkpt lat="12.9220542" lon="77.490541">
      </trkpt>
      <trkpt lat="12.9217409" lon="77.4898534">
      </trkpt>
      <trkpt lat="12.9213704" lon="77.4890287">
      </trkpt>
      <trkpt lat="12.921187" lon="77.4886228">
      </trkpt>
      <trkpt lat="12.9211275" lon="77.4884848">
      </trkpt>
      <trkpt lat="12.9208207" lon="77.4878243">
      </trkpt>
      <trkpt lat="12.9205089" lon="77.4871088">
      </trkpt>
      <trkpt lat="12.9203584" lon="77.4867621">
      </trkpt>
      <trkpt lat="12.9202173" lon="77.4864679">
      </trkpt>
      <trkpt lat="12.9200671" lon="77.486169">
      </trkpt>
      <trkpt lat="12.9199351" lon="77.4859448">
      </trkpt>
      <trkpt lat="12.919819" lon="77.4857603">
      </trkpt>
      <trkpt lat="12.9196961" lon="77.4856086">
      </trkpt>
      <trkpt lat="12.9195596" lon="77.4854311">
      </trkpt>
      <trkpt lat="12.9194412" lon="77.4852863">
      </trkpt>
      <trkpt lat="12.9193274" lon="77.4851719">
      </trkpt>
      <trkpt lat="12.9192364" lon="77.4850762">
      </trkpt>
      <trkpt lat="12.919109" lon="77.4849524">
      </trkpt>
      <trkpt lat="12.9189679" lon="77.484831">
      </trkpt>
      <trkpt lat="12.9188427" lon="77.4847213">
      </trkpt>
      <trkpt lat="12.9186788" lon="77.4845952">
      </trkpt>
      <trkpt lat="12.9185605" lon="77.4845088">
      </trkpt>
      <trkpt lat="12.9183397" lon="77.4843664">
      </trkpt>
      <trkpt lat="12.9181667" lon="77.4842566">
      </trkpt>
      <trkpt lat="12.9179187" lon="77.4841165">
      </trkpt>
      <trkpt lat="12.9176023" lon="77.4839554">
      </trkpt>
      <trkpt lat="12.9172814" lon="77.4838106">
      </trkpt>
      <trkpt lat="12.9169127" lon="77.4836472">
      </trkpt>
      <trkpt lat="12.9160957" lon="77.4832969">
      </trkpt>
      <trkpt lat="12.91547" lon="77.4830241">
      </trkpt>
      <trkpt lat="12.9152012" lon="77.482907">
      </trkpt>
      <trkpt lat="12.9145685" lon="77.4826478">
      </trkpt>
      <trkpt lat="12.9142954" lon="77.4825264">
      </trkpt>
      <trkpt lat="12.9140906" lon="77.4824376">
      </trkpt>
      <trkpt lat="12.9139381" lon="77.4823746">
      </trkpt>
      <trkpt lat="12.9137697" lon="77.4823022">
      </trkpt>
      <trkpt lat="12.9135762" lon="77.4822205">
      </trkpt>
      <trkpt lat="12.913467" lon="77.4821808">
      </trkpt>
      <trkpt lat="12.9133577" lon="77.4821481">
      </trkpt>
      <trkpt lat="12.9132075" lon="77.4821154">
      </trkpt>
      <trkpt lat="12.9130869" lon="77.4820944">
      </trkpt>
      <trkpt lat="12.9129185" lon="77.4820734">
      </trkpt>
      <trkpt lat="12.9127273" lon="77.482057">
      </trkpt>
      <trkpt lat="12.9125498" lon="77.482043">
      </trkpt>
      <trkpt lat="12.912395" lon="77.482036">
      </trkpt>
      <trkpt lat="12.9122539" lon="77.4820197">
      </trkpt>
      <trkpt lat="12.9121333" lon="77.4820057">
      </trkpt>
      <trkpt lat="12.9120012" lon="77.48198">
      </trkpt>
      <trkpt lat="12.9118761" lon="77.4819426">
      </trkpt>
      <trkpt lat="12.9117281" lon="77.4818913">
      </trkpt>
      <trkpt lat="12.911587" lon="77.4818282">
      </trkpt>
      <trkpt lat="12.9114801" lon="77.4817582">
      </trkpt>
      <trkpt lat="12.9113503" lon="77.4816718">
      </trkpt>
      <trkpt lat="12.911257" lon="77.4815877">
      </trkpt>
      <trkpt lat="12.9111478" lon="77.4814826">
      </trkpt>
      <trkpt lat="12.9110203" lon="77.4813425">
      </trkpt>
      <trkpt lat="12.9109315" lon="77.4812281">
      </trkpt>
      <trkpt lat="12.9108542" lon="77.481102">
      </trkpt>
      <trkpt lat="12.9107722" lon="77.4809573">
      </trkpt>
      <trkpt lat="12.9107108" lon="77.4808218">
      </trkpt>
      <trkpt lat="12.9106539" lon="77.4806724">
      </trkpt>
      <trkpt lat="12.9106061" lon="77.4805089">
      </trkpt>
      <trkpt lat="12.9105788" lon="77.4803665">
      </trkpt>
      <trkpt lat="12.9105651" lon="77.4802264">
      </trkpt>
      <trkpt lat="12.9105742" lon="77.4800279">
      </trkpt>
      <trkpt lat="12.9105993" lon="77.4798061">
      </trkpt>
      <trkpt lat="12.9106493" lon="77.4794909">
      </trkpt>
      <trkpt lat="12.9107199" lon="77.4791103">
      </trkpt>
      <trkpt lat="12.9107608" lon="77.4788254">
      </trkpt>
      <trkpt lat="12.9108155" lon="77.4784355">
      </trkpt>
      <trkpt lat="12.9108428" lon="77.4782206">
      </trkpt>
      <trkpt lat="12.9108638" lon="77.4780206">
      </trkpt>
      <trkpt lat="12.9108775" lon="77.4778081">
      </trkpt>
      <trkpt lat="12.9108916" lon="77.4774724">
      </trkpt>
      <trkpt lat="12.9108896" lon="77.4771743">
      </trkpt>
      <trkpt lat="12.9108717" lon="77.476878">
      </trkpt>
      <trkpt lat="12.9108321" lon="77.4765393">
      </trkpt>
      <trkpt lat="12.910798" lon="77.4763339">
      </trkpt>
      <trkpt lat="12.910758" lon="77.4761655">
      </trkpt>
      <trkpt lat="12.9106586" lon="77.4757703">
      </trkpt>
      <trkpt lat="12.9105126" lon="77.4753433">
      </trkpt>
      <trkpt lat="12.9101674" lon="77.4745437">
      </trkpt>
      <trkpt lat="12.9094178" lon="77.4728167">
      </trkpt>
      <trkpt lat="12.909049" lon="77.471998">
      </trkpt>
      <trkpt lat="12.9088495" lon="77.4715877">
      </trkpt>
      <trkpt lat="12.9086936" lon="77.4713073">
      </trkpt>
      <trkpt lat="12.9085331" lon="77.4710455">
      </trkpt>
      <trkpt lat="12.907894" lon="77.4701443">
      </trkpt>
      <trkpt lat="12.9072235" lon="77.4692358">
      </trkpt>
      <trkpt lat="12.9070093" lon="77.4689424">
      </trkpt>
      <trkpt lat="12.9067713" lon="77.4685798">
      </trkpt>
      <trkpt lat="12.9066197" lon="77.4682981">
      </trkpt>
      <trkpt lat="12.9064798" lon="77.4680356">
      </trkpt>
      <trkpt lat="12.9063323" lon="77.4677348">
      </trkpt>
      <trkpt lat="12.9061687" lon="77.467375">
      </trkpt>
      <trkpt lat="12.9059682" lon="77.466887">
      </trkpt>
      <trkpt lat="12.9057202" lon="77.4662974">
      </trkpt>
      <trkpt lat="12.9055094" lon="77.4657819">
      </trkpt>
      <trkpt lat="12.9053613" lon="77.4654065">
      </trkpt>
      <trkpt lat="12.9051992" lon="77.4650896">
      </trkpt>
      <trkpt lat="12.9050212" lon="77.464789">
      </trkpt>
      <trkpt lat="12.9048836" lon="77.4645775">
      </trkpt>
      <trkpt lat="12.904746" lon="77.4643822">
      </trkpt>
      <trkpt lat="12.9044998" lon="77.4640788">
      </trkpt>
      <trkpt lat="12.9039961" lon="77.463494">
      </trkpt>
      <trkpt lat="12.9034123" lon="77.4628283">
      </trkpt>
      <trkpt lat="12.9028689" lon="77.4622211">
      </trkpt>
      <trkpt lat="12.9025478" lon="77.4619095">
      </trkpt>
      <trkpt lat="12.9022491" lon="77.4616607">
      </trkpt>
      <trkpt lat="12.9019491" lon="77.4614502">
      </trkpt>
      <trkpt lat="12.9016254" lon="77.4612397">
      </trkpt>
      <trkpt lat="12.9009738" lon="77.4608469">
      </trkpt>
      <trkpt lat="12.9004425" lon="77.4605043">
      </trkpt>
      <trkpt lat="12.9001514" lon="77.4602962">
      </trkpt>
      <trkpt lat="12.8999026" lon="77.460095">
      </trkpt>
      <trkpt lat="12.8996315" lon="77.4598267">
      </trkpt>
      <trkpt lat="12.8994225" lon="77.4596112">
      </trkpt>
      <trkpt lat="12.8992214" lon="77.4593795">
      </trkpt>
      <trkpt lat="12.8987722" lon="77.4588101">
      </trkpt>
      <trkpt lat="12.8983203" lon="77.4582153">
      </trkpt>
      <trkpt lat="12.8972046" lon="77.4567168">
      </trkpt>
      <trkpt lat="12.8969" lon="77.4562858">
      </trkpt>
      <trkpt lat="12.896725" lon="77.4560748">
      </trkpt>
      <trkpt lat="12.8965659" lon="77.4558801">
      </trkpt>
      <trkpt lat="12.8963823" lon="77.455674">
      </trkpt>
      <trkpt lat="12.896179" lon="77.4554598">
      </trkpt>
      <trkpt lat="12.8959265" lon="77.4552165">
      </trkpt>
      <trkpt lat="12.895853" lon="77.4551526">
      </trkpt>
      <trkpt lat="12.8956915" lon="77.4550124">
      </trkpt>
      <trkpt lat="12.8954422" lon="77.4548279">
      </trkpt>
      <trkpt lat="12.8948872" lon="77.454494">
      </trkpt>
      <trkpt lat="12.8944199" lon="77.454256">
      </trkpt>
      <trkpt lat="12.8928446" lon="77.4534539">
      </trkpt>
      <trkpt lat="12.8925727" lon="77.4533153">
      </trkpt>
      <trkpt lat="12.8923383" lon="77.4531842">
      </trkpt>
      <trkpt lat="12.8920975" lon="77.4530509">
      </trkpt>
      <trkpt lat="12.8918487" lon="77.4529054">
      </trkpt>
      <trkpt lat="12.8916181" lon="77.4527562">
      </trkpt>
      <trkpt lat="12.8913836" lon="77.4525867">
      </trkpt>
      <trkpt lat="12.8911489" lon="77.4524012">
      </trkpt>
      <trkpt lat="12.8909222" lon="77.4521913">
      </trkpt>
      <trkpt lat="12.8904782" lon="77.4518213">
      </trkpt>
      <trkpt lat="12.889266" lon="77.4507742">
      </trkpt>
      <trkpt lat="12.8886355" lon="77.4502318">
      </trkpt>
      <trkpt lat="12.8880932" lon="77.4497527">
      </trkpt>
      <trkpt lat="12.8878337" lon="77.4495275">
      </trkpt>
      <trkpt lat="12.8874596" lon="77.4491768">
      </trkpt>
      <trkpt lat="12.8872305" lon="77.4489567">
      </trkpt>
      <trkpt lat="12.8870093" lon="77.4487081">
      </trkpt>
      <trkpt lat="12.8868712" lon="77.4485558">
      </trkpt>
      <trkpt lat="12.8867409" lon="77.4483791">
      </trkpt>
      <trkpt lat="12.8865596" lon="77.4481273">
      </trkpt>
      <trkpt lat="12.8851478" lon="77.4459916">
      </trkpt>
      <trkpt lat="12.8830693" lon="77.4427973">
      </trkpt>
      <trkpt lat="12.8828239" lon="77.4424532">
      </trkpt>
      <trkpt lat="12.8825865" lon="77.4420766">
      </trkpt>
      <trkpt lat="12.8823907" lon="77.4417694">
      </trkpt>
      <trkpt lat="12.8822029" lon="77.4414459">
      </trkpt>
      <trkpt lat="12.88156" lon="77.4402819">
      </trkpt>
      <trkpt lat="12.8808865" lon="77.4390288">
      </trkpt>
      <trkpt lat="12.8801179" lon="77.4376085">
      </trkpt>
      <trkpt lat="12.8795229" lon="77.4365224">
      </trkpt>
      <trkpt lat="12.8791478" lon="77.4358236">
      </trkpt>
      <trkpt lat="12.8790529" lon="77.4356461">
      </trkpt>
      <trkpt lat="12.8790247" lon="77.4355934">
      </trkpt>
      <trkpt lat="12.8785675" lon="77.4347382">
      </trkpt>
      <trkpt lat="12.87838" lon="77.4344149">
      </trkpt>
      <trkpt lat="12.8781537" lon="77.4340589">
      </trkpt>
      <trkpt lat="12.8777643" lon="77.4335541">
      </trkpt>
      <trkpt lat="12.8774876" lon="77.4332421">
      </trkpt>
      <trkpt lat="12.8770433" lon="77.4327868">
      </trkpt>
      <trkpt lat="12.8767594" lon="77.4325268">
      </trkpt>
      <trkpt lat="12.8762585" lon="77.4321439">
      </trkpt>
      <trkpt lat="12.8759117" lon="77.4318844">
      </trkpt>
      <trkpt lat="12.8752654" lon="77.431517">
      </trkpt>
      <trkpt lat="12.8748772" lon="77.4313197">
      </trkpt>
      <trkpt lat="12.8744496" lon="77.4311221">
      </trkpt>
      <trkpt lat="12.8723745" lon="77.4301436">
      </trkpt>
      <trkpt lat="12.8698798" lon="77.4289896">
      </trkpt>
      <trkpt lat="12.8690555" lon="77.428617">
      </trkpt>
      <trkpt lat="12.8680179" lon="77.4281153">
      </trkpt>
      <trkpt lat="12.8674057" lon="77.4278279">
      </trkpt>
      <trkpt lat="12.866821" lon="77.4275543">
      </trkpt>
      <trkpt lat="12.8663358" lon="77.4273445">
      </trkpt>
      <trkpt lat="12.865806" lon="77.4271396">
      </trkpt>
      <trkpt lat="12.8643552" lon="77.4266497">
      </trkpt>
      <trkpt lat="12.8628559" lon="77.4261773">
      </trkpt>
      <trkpt lat="12.8620087" lon="77.4258993">
      </trkpt>
      <trkpt lat="12.8611458" lon="77.4256207">
      </trkpt>
      <trkpt lat="12.860249" lon="77.4253403">
      </trkpt>
      <trkpt lat="12.8582021" lon="77.4246675">
      </trkpt>
      <trkpt lat="12.8578225" lon="77.4245344">
      </trkpt>
      <trkpt lat="12.8574475" lon="77.424378">
      </trkpt>
      <trkpt lat="12.857014" lon="77.4241729">
      </trkpt>
      <trkpt lat="12.8564123" lon="77.423833">
      </trkpt>
      <trkpt lat="12.8559333" lon="77.4234983">
      </trkpt>
      <trkpt lat="12.8553717" lon="77.4230646">
      </trkpt>
      <trkpt lat="12.8548424" lon="77.4226284">
      </trkpt>
      <trkpt lat="12.8542585" lon="77.4221786">
      </trkpt>
      <trkpt lat="12.85387" lon="77.421876">
      </trkpt>
      <trkpt lat="12.8533779" lon="77.4215251">
      </trkpt>
      <trkpt lat="12.8522809" lon="77.4208908">
      </trkpt>
      <trkpt lat="12.8519192" lon="77.4206755">
      </trkpt>
      <trkpt lat="12.8518086" lon="77.4206097">
      </trkpt>
      <trkpt lat="12.8511544" lon="77.4202202">
      </trkpt>
      <trkpt lat="12.8506016" lon="77.4198849">
      </trkpt>
      <trkpt lat="12.8483597" lon="77.4185756">
      </trkpt>
      <trkpt lat="12.847669" lon="77.4181332">
      </trkpt>
      <trkpt lat="12.8469706" lon="77.4177669">
      </trkpt>
      <trkpt lat="12.8445858" lon="77.4163682">
      </trkpt>
      <trkpt lat="12.8445207" lon="77.4163302">
      </trkpt>
      <trkpt lat="12.8443944" lon="77.4162565">
      </trkpt>
      <trkpt lat="12.8424606" lon="77.4151277">
      </trkpt>
      <trkpt lat="12.8413016" lon="77.4144412">
      </trkpt>
      <trkpt lat="12.8402095" lon="77.4137952">
      </trkpt>
      <trkpt lat="12.8395539" lon="77.4134308">
      </trkpt>
      <trkpt lat="12.8390871" lon="77.4131766">
      </trkpt>
      <trkpt lat="12.8386294" lon="77.4129601">
      </trkpt>
      <trkpt lat="12.8377069" lon="77.4125573">
      </trkpt>
      <trkpt lat="12.836619" lon="77.4121711">
      </trkpt>
      <trkpt lat="12.8356155" lon="77.4119201">
      </trkpt>
      <trkpt lat="12.8350919" lon="77.4118056">
      </trkpt>
      <trkpt lat="12.8346355" lon="77.4117106">
      </trkpt>
      <trkpt lat="12.834188" lon="77.4116426">
      </trkpt>
      <trkpt lat="12.833792" lon="77.4116011">
      </trkpt>
      <trkpt lat="12.8327891" lon="77.4115296">
      </trkpt>
      <trkpt lat="12.8320427" lon="77.4114901">
      </trkpt>
      <trkpt lat="12.8312391" lon="77.4114441">
      </trkpt>
      <trkpt lat="12.8302361" lon="77.4113897">
      </trkpt>
      <trkpt lat="12.829447" lon="77.4113333">
      </trkpt>
      <trkpt lat="12.8289555" lon="77.4112459">
      </trkpt>
      <trkpt lat="12.8285348" lon="77.411144">
      </trkpt>
      <trkpt lat="12.8282163" lon="77.4110382">
      </trkpt>
      <trkpt lat="12.8278803" lon="77.4109121">
      </trkpt>
      <trkpt lat="12.8274062" lon="77.4106865">
      </trkpt>
      <trkpt lat="12.827062" lon="77.4104802">
      </trkpt>
      <trkpt lat="12.826575" lon="77.4101547">
      </trkpt>
      <trkpt lat="12.8263013" lon="77.4099322">
      </trkpt>
      <trkpt lat="12.8259523" lon="77.4096592">
      </trkpt>
      <trkpt lat="12.8255809" lon="77.4094184">
      </trkpt>
      <trkpt lat="12.8250336" lon="77.4090573">
      </trkpt>
      <trkpt lat="12.8247984" lon="77.4089532">
      </trkpt>
      <trkpt lat="12.8246767" lon="77.4089023">
      </trkpt>
      <trkpt lat="12.8244094" lon="77.4087865">
      </trkpt>
      <trkpt lat="12.824156" lon="77.4086946">
      </trkpt>
      <trkpt lat="12.8239389" lon="77.4086272">
      </trkpt>
      <trkpt lat="12.8236947" lon="77.4085635">
      </trkpt>
      <trkpt lat="12.8233689" lon="77.4084976">
      </trkpt>
      <trkpt lat="12.8231188" lon="77.4084652">
      </trkpt>
      <trkpt lat="12.8225208" lon="77.4084164">
      </trkpt>
      <trkpt lat="12.8212315" lon="77.4083363">
      </trkpt>
      <trkpt lat="12.8196841" lon="77.4082397">
      </trkpt>
      <trkpt lat="12.8184403" lon="77.4081555">
      </trkpt>
      <trkpt lat="12.8180115" lon="77.4080997">
      </trkpt>
      <trkpt lat="12.8176837" lon="77.4080338">
      </trkpt>
      <trkpt lat="12.8173916" lon="77.4079549">
      </trkpt>
      <trkpt lat="12.8169987" lon="77.4078167">
      </trkpt>
      <trkpt lat="12.8166531" lon="77.4076714">
      </trkpt>
      <trkpt lat="12.8163075" lon="77.4074886">
      </trkpt>
      <trkpt lat="12.8159988" lon="77.4072968">
      </trkpt>
      <trkpt lat="12.8156799" lon="77.4070632">
      </trkpt>
      <trkpt lat="12.8153612" lon="77.4067991">
      </trkpt>
      <trkpt lat="12.8150551" lon="77.4065054">
      </trkpt>
      <trkpt lat="12.8142094" lon="77.4056094">
      </trkpt>
      <trkpt lat="12.8138543" lon="77.4052209">
      </trkpt>
      <trkpt lat="12.8134876" lon="77.4048298">
      </trkpt>
      <trkpt lat="12.8132121" lon="77.4045447">
      </trkpt>
      <trkpt lat="12.8128698" lon="77.4042316">
      </trkpt>
      <trkpt lat="12.8124491" lon="77.4038871">
      </trkpt>
      <trkpt lat="12.811923" lon="77.4035019">
      </trkpt>
      <trkpt lat="12.8114112" lon="77.4031048">
      </trkpt>
      <trkpt lat="12.8100792" lon="77.4020947">
      </trkpt>
      <trkpt lat="12.8097931" lon="77.4018679">
      </trkpt>
      <trkpt lat="12.8095719" lon="77.4016837">
      </trkpt>
      <trkpt lat="12.8093906" lon="77.4015145">
      </trkpt>
      <trkpt lat="12.809205" lon="77.4013362">
      </trkpt>
      <trkpt lat="12.809016" lon="77.401134">
      </trkpt>
      <trkpt lat="12.80862" lon="77.4006366">
      </trkpt>
      <trkpt lat="12.8058481" lon="77.3970734">
      </trkpt>
      <trkpt lat="12.8056039" lon="77.396761">
      </trkpt>
      <trkpt lat="12.8051518" lon="77.3961829">
      </trkpt>
      <trkpt lat="12.8045738" lon="77.3954419">
      </trkpt>
      <trkpt lat="12.8032585" lon="77.3937643">
      </trkpt>
      <trkpt lat="12.8014759" lon="77.3914989">
      </trkpt>
      <trkpt lat="12.8008401" lon="77.3907078">
      </trkpt>
      <trkpt lat="12.8006391" lon="77.3904821">
      </trkpt>
      <trkpt lat="12.8004112" lon="77.3902359">
      </trkpt>
      <trkpt lat="12.8001354" lon="77.3899513">
      </trkpt>
      <trkpt lat="12.7998156" lon="77.3896667">
      </trkpt>
      <trkpt lat="12.7995857" lon="77.3894811">
      </trkpt>
      <trkpt lat="12.7988712" lon="77.3889265">
      </trkpt>
      <trkpt lat="12.798115" lon="77.3883629">
      </trkpt>
      <trkpt lat="12.7973408" lon="77.3877583">
      </trkpt>
      <trkpt lat="12.7971962" lon="77.3876454">
      </trkpt>
      <trkpt lat="12.7958737" lon="77.3866415">
      </trkpt>
      <trkpt lat="12.7951052" lon="77.3859379">
      </trkpt>
      <trkpt lat="12.7943792" lon="77.3852359">
      </trkpt>
      <trkpt lat="12.7941906" lon="77.3850385">
      </trkpt>
      <trkpt lat="12.79408" lon="77.3849247">
      </trkpt>
      <trkpt lat="12.7940172" lon="77.3848611">
      </trkpt>
      <trkpt lat="12.7934984" lon="77.384392">
      </trkpt>
      <trkpt lat="12.7932227" lon="77.3841095">
      </trkpt>
      <trkpt lat="12.792949" lon="77.3838413">
      </trkpt>
      <trkpt lat="12.7927001" lon="77.3835507">
      </trkpt>
      <trkpt lat="12.7924749" lon="77.3832648">
      </trkpt>
      <trkpt lat="12.7922559" lon="77.3829598">
      </trkpt>
      <trkpt lat="12.7917264" lon="77.3820267">
      </trkpt>
      <trkpt lat="12.7909957" lon="77.3806894">
      </trkpt>
      <trkpt lat="12.790546" lon="77.3798663">
      </trkpt>
      <trkpt lat="12.7896487" lon="77.3782335">
      </trkpt>
      <trkpt lat="12.7889988" lon="77.3770428">
      </trkpt>
      <trkpt lat="12.7887563" lon="77.3766379">
      </trkpt>
      <trkpt lat="12.7885261" lon="77.3762649">
      </trkpt>
      <trkpt lat="12.7881876" lon="77.3758341">
      </trkpt>
      <trkpt lat="12.7877612" lon="77.3753919">
      </trkpt>
      <trkpt lat="12.7873652" lon="77.3750437">
      </trkpt>
      <trkpt lat="12.7869319" lon="77.3747211">
      </trkpt>
      <trkpt lat="12.7861205" lon="77.3741003">
      </trkpt>
      <trkpt lat="12.7846402" lon="77.3729841">
      </trkpt>
      <trkpt lat="12.7820176" lon="77.3709717">
      </trkpt>
      <trkpt lat="12.7817342" lon="77.370741">
      </trkpt>
      <trkpt lat="12.7813389" lon="77.3703859">
      </trkpt>
      <trkpt lat="12.7810171" lon="77.3700721">
      </trkpt>
      <trkpt lat="12.7807534" lon="77.3697768">
      </trkpt>
      <trkpt lat="12.7805022" lon="77.3694752">
      </trkpt>
      <trkpt lat="12.7800169" lon="77.3688409">
      </trkpt>
      <trkpt lat="12.7796551" lon="77.3683889">
      </trkpt>
      <trkpt lat="12.7793238" lon="77.3679217">
      </trkpt>
      <trkpt lat="12.7790391" lon="77.3675055">
      </trkpt>
      <trkpt lat="12.7787822" lon="77.3670267">
      </trkpt>
      <trkpt lat="12.778437" lon="77.3663205">
      </trkpt>
      <trkpt lat="12.777401" lon="77.364218">
      </trkpt>
      <trkpt lat="12.776522" lon="77.3624187">
      </trkpt>
      <trkpt lat="12.7759689" lon="77.3612696">
      </trkpt>
      <trkpt lat="12.7756926" lon="77.360743">
      </trkpt>
      <trkpt lat="12.7754038" lon="77.3602306">
      </trkpt>
      <trkpt lat="12.7751241" lon="77.3598318">
      </trkpt>
      <trkpt lat="12.7748514" lon="77.3594727">
      </trkpt>
      <trkpt lat="12.7744045" lon="77.3589546">
      </trkpt>
      <trkpt lat="12.7739944" lon="77.3585313">
      </trkpt>
      <trkpt lat="12.7729352" lon="77.3574158">
      </trkpt>
      <trkpt lat="12.7717089" lon="77.3561355">
      </trkpt>
      <trkpt lat="12.7713772" lon="77.3557426">
      </trkpt>
      <trkpt lat="12.7711779" lon="77.3554751">
      </trkpt>
      <trkpt lat="12.7710022" lon="77.3552374">
      </trkpt>
      <trkpt lat="12.770735" lon="77.3547243">
      </trkpt>
      <trkpt lat="12.770495" lon="77.3541457">
      </trkpt>
      <trkpt lat="12.7700433" lon="77.3529251">
      </trkpt>
      <trkpt lat="12.7696035" lon="77.3516146">
      </trkpt>
      <trkpt lat="12.7691618" lon="77.3503649">
      </trkpt>
      <trkpt lat="12.7687857" lon="77.3492477">
      </trkpt>
      <trkpt lat="12.7684882" lon="77.348419">
      </trkpt>
      <trkpt lat="12.7682957" lon="77.3479154">
      </trkpt>
      <trkpt lat="12.7680454" lon="77.3473915">
      </trkpt>
      <trkpt lat="12.7678103" lon="77.3468749">
      </trkpt>
      <trkpt lat="12.7674219" lon="77.3460269">
      </trkpt>
      <trkpt lat="12.7671108" lon="77.3453675">
      </trkpt>
      <trkpt lat="12.7668306" lon="77.3448255">
      </trkpt>
      <trkpt lat="12.7666153" lon="77.3444056">
      </trkpt>
      <trkpt lat="12.7663138" lon="77.3439058">
      </trkpt>
      <trkpt lat="12.7659939" lon="77.3434551">
      </trkpt>
      <trkpt lat="12.7657012" lon="77.3430926">
      </trkpt>
      <trkpt lat="12.7653352" lon="77.3426975">
      </trkpt>
      <trkpt lat="12.7650345" lon="77.3423855">
      </trkpt>
      <trkpt lat="12.7635975" lon="77.3409135">
      </trkpt>
      <trkpt lat="12.7626722" lon="77.3399642">
      </trkpt>
      <trkpt lat="12.7621941" lon="77.3394845">
      </trkpt>
      <trkpt lat="12.7617584" lon="77.3389975">
      </trkpt>
      <trkpt lat="12.7612531" lon="77.3384032">
      </trkpt>
      <trkpt lat="12.7588954" lon="77.3356205">
      </trkpt>
      <trkpt lat="12.7572158" lon="77.3336309">
      </trkpt>
      <trkpt lat="12.7564215" lon="77.3326782">
      </trkpt>
      <trkpt lat="12.7553321" lon="77.3313938">
      </trkpt>
      <trkpt lat="12.7547307" lon="77.3306856">
      </trkpt>
      <trkpt lat="12.7541645" lon="77.3300483">
      </trkpt>
      <trkpt lat="12.7538158" lon="77.329637">
      </trkpt>
      <trkpt lat="12.7534676" lon="77.3292064">
      </trkpt>
      <trkpt lat="12.7531339" lon="77.3287459">
      </trkpt>
      <trkpt lat="12.7528521" lon="77.3282575">
      </trkpt>
      <trkpt lat="12.7526154" lon="77.3277399">
      </trkpt>
      <trkpt lat="12.7522889" lon="77.3270639">
      </trkpt>
      <trkpt lat="12.7518955" lon="77.3262512">
      </trkpt>
      <trkpt lat="12.7515188" lon="77.3254651">
      </trkpt>
      <trkpt lat="12.7510862" lon="77.3245162">
      </trkpt>
      <trkpt lat="12.7507216" lon="77.3237147">
      </trkpt>
      <trkpt lat="12.7503507" lon="77.3229056">
      </trkpt>
      <trkpt lat="12.7499955" lon="77.3221591">
      </trkpt>
      <trkpt lat="12.7498006" lon="77.321779">
      </trkpt>
      <trkpt lat="12.7495431" lon="77.3213429">
      </trkpt>
      <trkpt lat="12.7492311" lon="77.3209226">
      </trkpt>
      <trkpt lat="12.7488815" lon="77.3205166">
      </trkpt>
      <trkpt lat="12.748321" lon="77.31993">
      </trkpt>
      <trkpt lat="12.7478395" lon="77.3194578">
      </trkpt>
      <trkpt lat="12.7474062" lon="77.3189838">
      </trkpt>
      <trkpt lat="12.7470618" lon="77.3185469">
      </trkpt>
      <trkpt lat="12.7467401" lon="77.3180631">
      </trkpt>
      <trkpt lat="12.7461551" lon="77.3171215">
      </trkpt>
      <trkpt lat="12.7456802" lon="77.3163746">
      </trkpt>
      <trkpt lat="12.745326" lon="77.3157998">
      </trkpt>
      <trkpt lat="12.7450265" lon="77.3153772">
      </trkpt>
      <trkpt lat="12.7447168" lon="77.3149099">
      </trkpt>
      <trkpt lat="12.7443536" lon="77.3143339">
      </trkpt>
      <trkpt lat="12.7437243" lon="77.3133558">
      </trkpt>
      <trkpt lat="12.7436003" lon="77.3131632">
      </trkpt>
      <trkpt lat="12.7432066" lon="77.3125462">
      </trkpt>
      <trkpt lat="12.7427766" lon="77.3118744">
      </trkpt>
      <trkpt lat="12.7425196" lon="77.3114626">
      </trkpt>
      <trkpt lat="12.7422381" lon="77.3109517">
      </trkpt>
      <trkpt lat="12.7418914" lon="77.3101835">
      </trkpt>
      <trkpt lat="12.7415165" lon="77.3092972">
      </trkpt>
      <trkpt lat="12.7413421" lon="77.30894">
      </trkpt>
      <trkpt lat="12.7410832" lon="77.3084456">
      </trkpt>
      <trkpt lat="12.7408418" lon="77.3080518">
      </trkpt>
      <trkpt lat="12.7406269" lon="77.3077663">
      </trkpt>
      <trkpt lat="12.7404019" lon="77.307494">
      </trkpt>
      <trkpt lat="12.7401891" lon="77.3072649">
      </trkpt>
      <trkpt lat="12.7399719" lon="77.3070402">
      </trkpt>
      <trkpt lat="12.7392252" lon="77.3063035">
      </trkpt>
      <trkpt lat="12.7382872" lon="77.3053843">
      </trkpt>
      <trkpt lat="12.7375859" lon="77.3046955">
      </trkpt>
      <trkpt lat="12.7372597" lon="77.3043713">
      </trkpt>
      <trkpt lat="12.7369642" lon="77.3040381">
      </trkpt>
      <trkpt lat="12.7367068" lon="77.3037167">
      </trkpt>
      <trkpt lat="12.736467" lon="77.3033863">
      </trkpt>
      <trkpt lat="12.7359098" lon="77.3026209">
      </trkpt>
      <trkpt lat="12.7357341" lon="77.3023879">
      </trkpt>
      <trkpt lat="12.7352529" lon="77.3017497">
      </trkpt>
      <trkpt lat="12.7345111" lon="77.3007398">
      </trkpt>
      <trkpt lat="12.7341977" lon="77.3003215">
      </trkpt>
      <trkpt lat="12.7339062" lon="77.2998986">
      </trkpt>
      <trkpt lat="12.7337223" lon="77.2995828">
      </trkpt>
      <trkpt lat="12.7335119" lon="77.2991858">
      </trkpt>
      <trkpt lat="12.7330242" lon="77.2982903">
      </trkpt>
      <trkpt lat="12.7323957" lon="77.2971374">
      </trkpt>
      <trkpt lat="12.7321088" lon="77.2966017">
      </trkpt>
      <trkpt lat="12.7304299" lon="77.2935359">
      </trkpt>
      <trkpt lat="12.7295797" lon="77.2919871">
      </trkpt>
      <trkpt lat="12.7289077" lon="77.2907274">
      </trkpt>
      <trkpt lat="12.7286271" lon="77.2902132">
      </trkpt>
      <trkpt lat="12.7284658" lon="77.2899051">
      </trkpt>
      <trkpt lat="12.7282782" lon="77.289572">
      </trkpt>
      <trkpt lat="12.728046" lon="77.289205">
      </trkpt>
      <trkpt lat="12.7277633" lon="77.2888234">
      </trkpt>
      <trkpt lat="12.7272299" lon="77.2882428">
      </trkpt>
      <trkpt lat="12.7269949" lon="77.2880124">
      </trkpt>
      <trkpt lat="12.7267547" lon="77.2877713">
      </trkpt>
      <trkpt lat="12.7264118" lon="77.2874924">
      </trkpt>
      <trkpt lat="12.7260636" lon="77.2872135">
      </trkpt>
      <trkpt lat="12.7250672" lon="77.2865649">
      </trkpt>
      <trkpt lat="12.7244848" lon="77.2861734">
      </trkpt>
      <trkpt lat="12.7237784" lon="77.2857534">
      </trkpt>
      <trkpt lat="12.7231206" lon="77.285319">
      </trkpt>
      <trkpt lat="12.7225838" lon="77.2849823">
      </trkpt>
      <trkpt lat="12.721332" lon="77.284168">
      </trkpt>
      <trkpt lat="12.7201967" lon="77.2834154">
      </trkpt>
      <trkpt lat="12.7197074" lon="77.283095">
      </trkpt>
      <trkpt lat="12.7193627" lon="77.2828717">
      </trkpt>
      <trkpt lat="12.7188289" lon="77.2825259">
      </trkpt>
      <trkpt lat="12.7181049" lon="77.282105">
      </trkpt>
      <trkpt lat="12.7178048" lon="77.2819738">
      </trkpt>
      <trkpt lat="12.7174126" lon="77.2817995">
      </trkpt>
      <trkpt lat="12.7171048" lon="77.2817022">
      </trkpt>
      <trkpt lat="12.7167935" lon="77.2816178">
      </trkpt>
      <trkpt lat="12.7161402" lon="77.2814487">
      </trkpt>
      <trkpt lat="12.7156581" lon="77.2813213">
      </trkpt>
      <trkpt lat="12.7151373" lon="77.2811472">
      </trkpt>
      <trkpt lat="12.7148273" lon="77.281018">
      </trkpt>
      <trkpt lat="12.7145293" lon="77.2808841">
      </trkpt>
      <trkpt lat="12.7141468" lon="77.2806638">
      </trkpt>
      <trkpt lat="12.7138496" lon="77.2804648">
      </trkpt>
      <trkpt lat="12.7135734" lon="77.2802658">
      </trkpt>
      <trkpt lat="12.7132521" lon="77.2799901">
      </trkpt>
      <trkpt lat="12.7129551" lon="77.2797011">
      </trkpt>
      <trkpt lat="12.712653" lon="77.2793746">
      </trkpt>
      <trkpt lat="12.7124304" lon="77.2790755">
      </trkpt>
      <trkpt lat="12.7122051" lon="77.2787711">
      </trkpt>
      <trkpt lat="12.7117987" lon="77.2782365">
      </trkpt>
      <trkpt lat="12.7112868" lon="77.2775394">
      </trkpt>
      <trkpt lat="12.7105102" lon="77.276419">
      </trkpt>
      <trkpt lat="12.7102841" lon="77.2760188">
      </trkpt>
      <trkpt lat="12.7101243" lon="77.2756918">
      </trkpt>
      <trkpt lat="12.7099239" lon="77.2751963">
      </trkpt>
      <trkpt lat="12.709715" lon="77.2745672">
      </trkpt>
      <trkpt lat="12.709605" lon="77.2742011">
      </trkpt>
      <trkpt lat="12.7095107" lon="77.2738297">
      </trkpt>
      <trkpt lat="12.7093752" lon="77.2733697">
      </trkpt>
      <trkpt lat="12.7092271" lon="77.272949">
      </trkpt>
      <trkpt lat="12.7090903" lon="77.2725725">
      </trkpt>
      <trkpt lat="12.708879" lon="77.2721385">
      </trkpt>
      <trkpt lat="12.7085088" lon="77.2713749">
      </trkpt>
      <trkpt lat="12.7076023" lon="77.2695312">
      </trkpt>
      <trkpt lat="12.7065125" lon="77.267352">
      </trkpt>
      <trkpt lat="12.7054305" lon="77.2651611">
      </trkpt>
      <trkpt lat="12.7050434" lon="77.2643635">
      </trkpt>
      <trkpt lat="12.7046616" lon="77.2636303">
      </trkpt>
      <trkpt lat="12.7044644" lon="77.2632944">
      </trkpt>
      <trkpt lat="12.7042568" lon="77.2629638">
      </trkpt>
      <trkpt lat="12.7039249" lon="77.2624948">
      </trkpt>
      <trkpt lat="12.7035554" lon="77.261956">
      </trkpt>
      <trkpt lat="12.7029879" lon="77.2611519">
      </trkpt>
      <trkpt lat="12.7027699" lon="77.2608369">
      </trkpt>
      <trkpt lat="12.7021631" lon="77.2599475">
      </trkpt>
      <trkpt lat="12.7015536" lon="77.2590769">
      </trkpt>
      <trkpt lat="12.701144" lon="77.2584828">
      </trkpt>
      <trkpt lat="12.7007484" lon="77.2579277">
      </trkpt>
      <trkpt lat="12.7000088" lon="77.2568618">
      </trkpt>
      <trkpt lat="12.699585" lon="77.2562478">
      </trkpt>
      <trkpt lat="12.6991507" lon="77.2556257">
      </trkpt>
      <trkpt lat="12.6986865" lon="77.2548694">
      </trkpt>
      <trkpt lat="12.6974554" lon="77.2527983">
      </trkpt>
      <trkpt lat="12.6967554" lon="77.2516287">
      </trkpt>
      <trkpt lat="12.6956278" lon="77.2497431">
      </trkpt>
      <trkpt lat="12.6944574" lon="77.2477607">
      </trkpt>
      <trkpt lat="12.6938028" lon="77.2467006">
      </trkpt>
      <trkpt lat="12.6927861" lon="77.2451733">
      </trkpt>
      <trkpt lat="12.6923179" lon="77.2445083">
      </trkpt>
      <trkpt lat="12.691842" lon="77.243838">
      </trkpt>
      <trkpt lat="12.6912599" lon="77.2430489">
      </trkpt>
      <trkpt lat="12.6908192" lon="77.2424458">
      </trkpt>
      <trkpt lat="12.6901094" lon="77.2414792">
      </trkpt>
      <trkpt lat="12.6889253" lon="77.2398394">
      </trkpt>
      <trkpt lat="12.6883172" lon="77.2389207">
      </trkpt>
      <trkpt lat="12.687405" lon="77.2374631">
      </trkpt>
      <trkpt lat="12.6858797" lon="77.235019">
      </trkpt>
      <trkpt lat="12.6850748" lon="77.2337512">
      </trkpt>
      <trkpt lat="12.6840232" lon="77.2320855">
      </trkpt>
      <trkpt lat="12.6837653" lon="77.2316779">
      </trkpt>
      <trkpt lat="12.6834655" lon="77.2312811">
      </trkpt>
      <trkpt lat="12.6831723" lon="77.2309062">
      </trkpt>
      <trkpt lat="12.6829059" lon="77.2306377">
      </trkpt>
      <trkpt lat="12.6826582" lon="77.2303874">
      </trkpt>
      <trkpt lat="12.6819364" lon="77.2297316">
      </trkpt>
      <trkpt lat="12.6803461" lon="77.2282709">
      </trkpt>
      <trkpt lat="12.679477" lon="77.227509">
      </trkpt>
      <trkpt lat="12.6786551" lon="77.2268008">
      </trkpt>
      <trkpt lat="12.6784781" lon="77.2266533">
      </trkpt>
      <trkpt lat="12.6779141" lon="77.2262738">
      </trkpt>
      <trkpt lat="12.6771469" lon="77.2257476">
      </trkpt>
      <trkpt lat="12.6757833" lon="77.2247966">
      </trkpt>
      <trkpt lat="12.6750445" lon="77.2242603">
      </trkpt>
      <trkpt lat="12.6746724" lon="77.223952">
      </trkpt>
      <trkpt lat="12.674319" lon="77.2236054">
      </trkpt>
      <trkpt lat="12.6739379" lon="77.2231653">
      </trkpt>
      <trkpt lat="12.673501" lon="77.2226054">
      </trkpt>
      <trkpt lat="12.6731284" lon="77.2221092">
      </trkpt>
      <trkpt lat="12.6727386" lon="77.2215652">
      </trkpt>
      <trkpt lat="12.6723511" lon="77.2210535">
      </trkpt>
      <trkpt lat="12.6719434" lon="77.2205417">
      </trkpt>
      <trkpt lat="12.67118" lon="77.2196216">
      </trkpt>
      <trkpt lat="12.6687901" lon="77.216736">
      </trkpt>
      <trkpt lat="12.667879" lon="77.2156251">
      </trkpt>
      <trkpt lat="12.6661648" lon="77.2135636">
      </trkpt>
      <trkpt lat="12.6637903" lon="77.2106947">
      </trkpt>
      <trkpt lat="12.6624392" lon="77.2090302">
      </trkpt>
      <trkpt lat="12.6621047" lon="77.2085452">
      </trkpt>
      <trkpt lat="12.6615985" lon="77.2077739">
      </trkpt>
      <trkpt lat="12.6612795" lon="77.2072438">
      </trkpt>
      <trkpt lat="12.6609098" lon="77.2066258">
      </trkpt>
      <trkpt lat="12.6606435" lon="77.2061139">
      </trkpt>
      <trkpt lat="12.660609" lon="77.2060397">
      </trkpt>
      <trkpt lat="12.6601703" lon="77.2050966">
      </trkpt>
      <trkpt lat="12.6600471" lon="77.2047651">
      </trkpt>
      <trkpt lat="12.6593143" lon="77.2032133">
      </trkpt>
      <trkpt lat="12.6585925" lon="77.2017405">
      </trkpt>
      <trkpt lat="12.6583416" lon="77.201091">
      </trkpt>
      <trkpt lat="12.6580974" lon="77.2004324">
      </trkpt>
      <trkpt lat="12.6579257" lon="77.1999023">
      </trkpt>
      <trkpt lat="12.6577827" lon="77.1993994">
      </trkpt>
      <trkpt lat="12.6576522" lon="77.198856">
      </trkpt>
      <trkpt lat="12.6575325" lon="77.1983544">
      </trkpt>
      <trkpt lat="12.6571265" lon="77.1965599">
      </trkpt>
      <trkpt lat="12.6565351" lon="77.1941352">
      </trkpt>
      <trkpt lat="12.6561844" lon="77.192778">
      </trkpt>
      <trkpt lat="12.6558965" lon="77.191512">
      </trkpt>
      <trkpt lat="12.6554359" lon="77.1895701">
      </trkpt>
      <trkpt lat="12.6548392" lon="77.1870381">
      </trkpt>
      <trkpt lat="12.6546927" lon="77.1863782">
      </trkpt>
      <trkpt lat="12.6545409" lon="77.1857399">
      </trkpt>
      <trkpt lat="12.6542798" lon="77.1846435">
      </trkpt>
      <trkpt lat="12.6540062" lon="77.1835233">
      </trkpt>
      <trkpt lat="12.6526088" lon="77.1777525">
      </trkpt>
      <trkpt lat="12.6525895" lon="77.1776727">
      </trkpt>
      <trkpt lat="12.6518164" lon="77.1744828">
      </trkpt>
      <trkpt lat="12.6500786" lon="77.1672351">
      </trkpt>
      <trkpt lat="12.6491153" lon="77.1631608">
      </trkpt>
      <trkpt lat="12.6474949" lon="77.1565094">
      </trkpt>
      <trkpt lat="12.6469574" lon="77.1541835">
      </trkpt>
      <trkpt lat="12.6465943" lon="77.1527122">
      </trkpt>
      <trkpt lat="12.6462748" lon="77.1514681">
      </trkpt>
      <trkpt lat="12.6456432" lon="77.1488443">
      </trkpt>
      <trkpt lat="12.6452891" lon="77.1472012">
      </trkpt>
      <trkpt lat="12.645154" lon="77.1465326">
      </trkpt>
      <trkpt lat="12.6450555" lon="77.1458639">
      </trkpt>
      <trkpt lat="12.6448393" lon="77.1446307">
      </trkpt>
      <trkpt lat="12.6448125" lon="77.1444774">
      </trkpt>
      <trkpt lat="12.6445243" lon="77.1428337">
      </trkpt>
      <trkpt lat="12.6434525" lon="77.1367866">
      </trkpt>
      <trkpt lat="12.6433734" lon="77.1362593">
      </trkpt>
      <trkpt lat="12.6433098" lon="77.1356487">
      </trkpt>
      <trkpt lat="12.6432651" lon="77.1351905">
      </trkpt>
      <trkpt lat="12.643216" lon="77.1344247">
      </trkpt>
      <trkpt lat="12.6431974" lon="77.1335774">
      </trkpt>
      <trkpt lat="12.6431732" lon="77.1315015">
      </trkpt>
      <trkpt lat="12.6431626" lon="77.1302181">
      </trkpt>
      <trkpt lat="12.6431491" lon="77.1297207">
      </trkpt>
      <trkpt lat="12.6431091" lon="77.1292097">
      </trkpt>
      <trkpt lat="12.6430077" lon="77.128649">
      </trkpt>
      <trkpt lat="12.6428881" lon="77.1281811">
      </trkpt>
      <trkpt lat="12.6427201" lon="77.1277042">
      </trkpt>
      <trkpt lat="12.6425106" lon="77.1271994">
      </trkpt>
      <trkpt lat="12.6422438" lon="77.1266088">
      </trkpt>
      <trkpt lat="12.64175" lon="77.1255314">
      </trkpt>
      <trkpt lat="12.6412076" lon="77.1243345">
      </trkpt>
      <trkpt lat="12.6409343" lon="77.1236954">
      </trkpt>
      <trkpt lat="12.6406433" lon="77.1230924">
      </trkpt>
      <trkpt lat="12.639864" lon="77.1213547">
      </trkpt>
      <trkpt lat="12.6392322" lon="77.1199384">
      </trkpt>
      <trkpt lat="12.6388547" lon="77.1190647">
      </trkpt>
      <trkpt lat="12.6382785" lon="77.1175772">
      </trkpt>
      <trkpt lat="12.6380014" lon="77.1167546">
      </trkpt>
      <trkpt lat="12.6377112" lon="77.1160402">
      </trkpt>
      <trkpt lat="12.6371466" lon="77.114479">
      </trkpt>
      <trkpt lat="12.6369908" lon="77.1140345">
      </trkpt>
      <trkpt lat="12.6367407" lon="77.1133681">
      </trkpt>
      <trkpt lat="12.6362969" lon="77.1121376">
      </trkpt>
      <trkpt lat="12.63606" lon="77.111595">
      </trkpt>
      <trkpt lat="12.6359261" lon="77.1113305">
      </trkpt>
      <trkpt lat="12.6357613" lon="77.1110298">
      </trkpt>
      <trkpt lat="12.6355734" lon="77.1107306">
      </trkpt>
      <trkpt lat="12.6353766" lon="77.1104494">
      </trkpt>
      <trkpt lat="12.6349724" lon="77.1099403">
      </trkpt>
      <trkpt lat="12.6340753" lon="77.1089384">
      </trkpt>
      <trkpt lat="12.6329072" lon="77.1076522">
      </trkpt>
      <trkpt lat="12.6322869" lon="77.1069558">
      </trkpt>
      <trkpt lat="12.6310103" lon="77.105563">
      </trkpt>
      <trkpt lat="12.6301236" lon="77.1045421">
      </trkpt>
      <trkpt lat="12.629853" lon="77.1041978">
      </trkpt>
      <trkpt lat="12.6295619" lon="77.1037741">
      </trkpt>
      <trkpt lat="12.6293134" lon="77.1033764">
      </trkpt>
      <trkpt lat="12.6290957" lon="77.1029697">
      </trkpt>
      <trkpt lat="12.6288624" lon="77.1024676">
      </trkpt>
      <trkpt lat="12.6285829" lon="77.1017682">
      </trkpt>
      <trkpt lat="12.6284265" lon="77.1011044">
      </trkpt>
      <trkpt lat="12.6281717" lon="77.09991">
      </trkpt>
      <trkpt lat="12.6275618" lon="77.0971858">
      </trkpt>
      <trkpt lat="12.6273773" lon="77.0963328">
      </trkpt>
      <trkpt lat="12.6268478" lon="77.0941375">
      </trkpt>
      <trkpt lat="12.6265153" lon="77.0924193">
      </trkpt>
      <trkpt lat="12.6262915" lon="77.0915329">
      </trkpt>
      <trkpt lat="12.6260756" lon="77.090507">
      </trkpt>
      <trkpt lat="12.6255361" lon="77.0880843">
      </trkpt>
      <trkpt lat="12.6246559" lon="77.0842168">
      </trkpt>
      <trkpt lat="12.6239253" lon="77.0808619">
      </trkpt>
      <trkpt lat="12.6232523" lon="77.0779309">
      </trkpt>
      <trkpt lat="12.6225453" lon="77.0746597">
      </trkpt>
      <trkpt lat="12.6218582" lon="77.0716176">
      </trkpt>
      <trkpt lat="12.6216065" lon="77.0703831">
      </trkpt>
      <trkpt lat="12.6214153" lon="77.0695752">
      </trkpt>
      <trkpt lat="12.6212574" lon="77.0689509">
      </trkpt>
      <trkpt lat="12.6211927" lon="77.0686949">
      </trkpt>
      <trkpt lat="12.6210672" lon="77.068314">
      </trkpt>
      <trkpt lat="12.6209101" lon="77.0678915">
      </trkpt>
      <trkpt lat="12.62074" lon="77.0674905">
      </trkpt>
      <trkpt lat="12.6205895" lon="77.0671753">
      </trkpt>
      <trkpt lat="12.6204337" lon="77.0669031">
      </trkpt>
      <trkpt lat="12.6202047" lon="77.0665504">
      </trkpt>
      <trkpt lat="12.6199443" lon="77.0661521">
      </trkpt>
      <trkpt lat="12.619337" lon="77.0652992">
      </trkpt>
      <trkpt lat="12.6181448" lon="77.0637287">
      </trkpt>
      <trkpt lat="12.6180656" lon="77.0636208">
      </trkpt>
      <trkpt lat="12.6171102" lon="77.062357">
      </trkpt>
      <trkpt lat="12.6166832" lon="77.0617813">
      </trkpt>
      <trkpt lat="12.616287" lon="77.0611875">
      </trkpt>
      <trkpt lat="12.6159456" lon="77.0605588">
      </trkpt>
      <trkpt lat="12.6156307" lon="77.0599347">
      </trkpt>
      <trkpt lat="12.6147732" lon="77.0581241">
      </trkpt>
      <trkpt lat="12.6138827" lon="77.056345">
      </trkpt>
      <trkpt lat="12.6135996" lon="77.0558095">
      </trkpt>
      <trkpt lat="12.613413" lon="77.0554894">
      </trkpt>
      <trkpt lat="12.6130586" lon="77.0549629">
      </trkpt>
      <trkpt lat="12.6128571" lon="77.0547081">
      </trkpt>
      <trkpt lat="12.612561" lon="77.0543721">
      </trkpt>
      <trkpt lat="12.6122359" lon="77.0540151">
      </trkpt>
      <trkpt lat="12.6117729" lon="77.0535883">
      </trkpt>
      <trkpt lat="12.6114523" lon="77.0533393">
      </trkpt>
      <trkpt lat="12.6111009" lon="77.0530677">
      </trkpt>
      <trkpt lat="12.6107056" lon="77.0527999">
      </trkpt>
      <trkpt lat="12.6097936" lon="77.0522806">
      </trkpt>
      <trkpt lat="12.606972" lon="77.0507174">
      </trkpt>
      <trkpt lat="12.6068386" lon="77.0506435">
      </trkpt>
      <trkpt lat="12.6063412" lon="77.0503834">
      </trkpt>
      <trkpt lat="12.6037681" lon="77.0489404">
      </trkpt>
      <trkpt lat="12.6032866" lon="77.0486882">
      </trkpt>
      <trkpt lat="12.6028206" lon="77.0484682">
      </trkpt>
      <trkpt lat="12.6008115" lon="77.0476541">
      </trkpt>
      <trkpt lat="12.6006835" lon="77.0476013">
      </trkpt>
      <trkpt lat="12.6003339" lon="77.0474571">
      </trkpt>
      <trkpt lat="12.5997283" lon="77.0472115">
      </trkpt>
      <trkpt lat="12.5974859" lon="77.046293">
      </trkpt>
      <trkpt lat="12.5970959" lon="77.0461535">
      </trkpt>
      <trkpt lat="12.5951431" lon="77.0453918">
      </trkpt>
      <trkpt lat="12.5945358" lon="77.045137">
      </trkpt>
      <trkpt lat="12.593761" lon="77.0447025">
      </trkpt>
      <trkpt lat="12.5931712" lon="77.0443021">
      </trkpt>
      <trkpt lat="12.5926702" lon="77.043852">
      </trkpt>
      <trkpt lat="12.5922107" lon="77.0433949">
      </trkpt>
      <trkpt lat="12.5911736" lon="77.0422917">
      </trkpt>
      <trkpt lat="12.5911595" lon="77.0422767">
      </trkpt>
      <trkpt lat="12.5879537" lon="77.0389134">
      </trkpt>
      <trkpt lat="12.5873889" lon="77.0383243">
      </trkpt>
      <trkpt lat="12.5871598" lon="77.038079">
      </trkpt>
      <trkpt lat="12.5863709" lon="77.0372342">
      </trkpt>
      <trkpt lat="12.5848302" lon="77.0355845">
      </trkpt>
      <trkpt lat="12.5844162" lon="77.0350413">
      </trkpt>
      <trkpt lat="12.5839987" lon="77.0344486">
      </trkpt>
      <trkpt lat="12.5836268" lon="77.033861">
      </trkpt>
      <trkpt lat="12.5832481" lon="77.0331601">
      </trkpt>
      <trkpt lat="12.5829727" lon="77.032557">
      </trkpt>
      <trkpt lat="12.5827525" lon="77.0320105">
      </trkpt>
      <trkpt lat="12.5826182" lon="77.0316424">
      </trkpt>
      <trkpt lat="12.5825806" lon="77.0315395">
      </trkpt>
      <trkpt lat="12.5824087" lon="77.0310402">
      </trkpt>
      <trkpt lat="12.5821692" lon="77.0301756">
      </trkpt>
      <trkpt lat="12.5807007" lon="77.0231782">
      </trkpt>
      <trkpt lat="12.5787383" lon="77.0139366">
      </trkpt>
      <trkpt lat="12.5780252" lon="77.0104894">
      </trkpt>
      <trkpt lat="12.5777922" lon="77.0094929">
      </trkpt>
      <trkpt lat="12.57756" lon="77.008584">
      </trkpt>
      <trkpt lat="12.5773139" lon="77.0077177">
      </trkpt>
      <trkpt lat="12.5768328" lon="77.0063555">
      </trkpt>
      <trkpt lat="12.5768111" lon="77.0062941">
      </trkpt>
      <trkpt lat="12.5761176" lon="77.0044415">
      </trkpt>
      <trkpt lat="12.5742159" lon="76.9994343">
      </trkpt>
      <trkpt lat="12.5739298" lon="76.9986812">
      </trkpt>
      <trkpt lat="12.5733423" lon="76.9971187">
      </trkpt>
      <trkpt lat="12.573148" lon="76.9965005">
      </trkpt>
      <trkpt lat="12.5728961" lon="76.9956735">
      </trkpt>
      <trkpt lat="12.5722763" lon="76.9940178">
      </trkpt>
      <trkpt lat="12.5716289" lon="76.9923196">
      </trkpt>
      <trkpt lat="12.5713121" lon="76.9914811">
      </trkpt>
      <trkpt lat="12.5709457" lon="76.9906834">
      </trkpt>
      <trkpt lat="12.5705726" lon="76.9899509">
      </trkpt>
      <trkpt lat="12.5701299" lon="76.9891611">
      </trkpt>
      <trkpt lat="12.5685947" lon="76.9866777">
      </trkpt>
      <trkpt lat="12.56809" lon="76.9858612">
      </trkpt>
      <trkpt lat="12.5673732" lon="76.9846503">
      </trkpt>
      <trkpt lat="12.566941" lon="76.9839339">
      </trkpt>
      <trkpt lat="12.5666936" lon="76.9834519">
      </trkpt>
      <trkpt lat="12.5665312" lon="76.9830297">
      </trkpt>
      <trkpt lat="12.5658816" lon="76.9810178">
      </trkpt>
      <trkpt lat="12.5654666" lon="76.9797484">
      </trkpt>
      <trkpt lat="12.5651227" lon="76.9785969">
      </trkpt>
      <trkpt lat="12.5649945" lon="76.9781679">
      </trkpt>
      <trkpt lat="12.5646727" lon="76.9771788">
      </trkpt>
      <trkpt lat="12.5640807" lon="76.9752634">
      </trkpt>
      <trkpt lat="12.564034" lon="76.9751125">
      </trkpt>
      <trkpt lat="12.5629572" lon="76.9717028">
      </trkpt>
      <trkpt lat="12.5627593" lon="76.9709858">
      </trkpt>
      <trkpt lat="12.5617304" lon="76.9668431">
      </trkpt>
      <trkpt lat="12.5609448" lon="76.9637058">
      </trkpt>
      <trkpt lat="12.5605791" lon="76.9623131">
      </trkpt>
      <trkpt lat="12.5605435" lon="76.9621686">
      </trkpt>
      <trkpt lat="12.5603632" lon="76.9614362">
      </trkpt>
      <trkpt lat="12.5601288" lon="76.9606031">
      </trkpt>
      <trkpt lat="12.5601156" lon="76.9605593">
      </trkpt>
      <trkpt lat="12.5590976" lon="76.9571303">
      </trkpt>
      <trkpt lat="12.5584896" lon="76.9551968">
      </trkpt>
      <trkpt lat="12.5579177" lon="76.9532166">
      </trkpt>
      <trkpt lat="12.5577638" lon="76.9527871">
      </trkpt>
      <trkpt lat="12.5576446" lon="76.9524721">
      </trkpt>
      <trkpt lat="12.5574808" lon="76.9520933">
      </trkpt>
      <trkpt lat="12.5568609" lon="76.9507183">
      </trkpt>
      <trkpt lat="12.556589" lon="76.9501104">
      </trkpt>
      <trkpt lat="12.5565849" lon="76.9501011">
      </trkpt>
      <trkpt lat="12.555829" lon="76.9483869">
      </trkpt>
      <trkpt lat="12.554082" lon="76.9445124">
      </trkpt>
      <trkpt lat="12.5530187" lon="76.9420999">
      </trkpt>
      <trkpt lat="12.5523552" lon="76.9405944">
      </trkpt>
      <trkpt lat="12.5507592" lon="76.9370372">
      </trkpt>
      <trkpt lat="12.54915" lon="76.9334198">
      </trkpt>
      <trkpt lat="12.5477797" lon="76.9303295">
      </trkpt>
      <trkpt lat="12.5464387" lon="76.9273863">
      </trkpt>
      <trkpt lat="12.5458486" lon="76.926059">
      </trkpt>
      <trkpt lat="12.5453589" lon="76.9249154">
      </trkpt>
      <trkpt lat="12.5449146" lon="76.9239215">
      </trkpt>
      <trkpt lat="12.5446924" lon="76.9234859">
      </trkpt>
      <trkpt lat="12.5444552" lon="76.9230718">
      </trkpt>
      <trkpt lat="12.5441735" lon="76.9226297">
      </trkpt>
      <trkpt lat="12.5438667" lon="76.9222067">
      </trkpt>
      <trkpt lat="12.5432395" lon="76.9213121">
      </trkpt>
      <trkpt lat="12.5419864" lon="76.9195724">
      </trkpt>
      <trkpt lat="12.5401063" lon="76.9169827">
      </trkpt>
      <trkpt lat="12.5387038" lon="76.9150299">
      </trkpt>
      <trkpt lat="12.5383181" lon="76.9145053">
      </trkpt>
      <trkpt lat="12.5377036" lon="76.9137323">
      </trkpt>
      <trkpt lat="12.537061" lon="76.9128292">
      </trkpt>
      <trkpt lat="12.5363948" lon="76.9119153">
      </trkpt>
      <trkpt lat="12.5358776" lon="76.9111997">
      </trkpt>
      <trkpt lat="12.535799" lon="76.9110912">
      </trkpt>
      <trkpt lat="12.5355046" lon="76.9106596">
      </trkpt>
      <trkpt lat="12.5351014" lon="76.9101164">
      </trkpt>
      <trkpt lat="12.5347911" lon="76.9096859">
      </trkpt>
      <trkpt lat="12.5346536" lon="76.9094794">
      </trkpt>
      <trkpt lat="12.5344062" lon="76.9090784">
      </trkpt>
      <trkpt lat="12.5341522" lon="76.9086479">
      </trkpt>
      <trkpt lat="12.5331861" lon="76.9067422">
      </trkpt>
      <trkpt lat="12.532525" lon="76.9054748">
      </trkpt>
      <trkpt lat="12.5319489" lon="76.904359">
      </trkpt>
      <trkpt lat="12.5316629" lon="76.9037914">
      </trkpt>
      <trkpt lat="12.5315429" lon="76.9035534">
      </trkpt>
      <trkpt lat="12.531292" lon="76.9030823">
      </trkpt>
      <trkpt lat="12.5310705" lon="76.9026666">
      </trkpt>
      <trkpt lat="12.5307105" lon="76.9019904">
      </trkpt>
      <trkpt lat="12.5305797" lon="76.9017188">
      </trkpt>
      <trkpt lat="12.5304476" lon="76.9014352">
      </trkpt>
      <trkpt lat="12.5303521" lon="76.9012084">
      </trkpt>
      <trkpt lat="12.5302672" lon="76.9009735">
      </trkpt>
      <trkpt lat="12.5301356" lon="76.9005601">
      </trkpt>
      <trkpt lat="12.5300591" lon="76.9002767">
      </trkpt>
      <trkpt lat="12.5298627" lon="76.8995545">
      </trkpt>
      <trkpt lat="12.5295306" lon="76.8982279">
      </trkpt>
      <trkpt lat="12.5292107" lon="76.8968944">
      </trkpt>
      <trkpt lat="12.529022" lon="76.8961619">
      </trkpt>
      <trkpt lat="12.5288702" lon="76.8956463">
      </trkpt>
      <trkpt lat="12.528778" lon="76.8952366">
      </trkpt>
      <trkpt lat="12.5287341" lon="76.8950221">
      </trkpt>
      <trkpt lat="12.5286887" lon="76.8947457">
      </trkpt>
      <trkpt lat="12.5286718" lon="76.8945606">
      </trkpt>
      <trkpt lat="12.5286467" lon="76.894286">
      </trkpt>
      <trkpt lat="12.5286152" lon="76.8936742">
      </trkpt>
      <trkpt lat="12.5285904" lon="76.8927275">
      </trkpt>
      <trkpt lat="12.52859" lon="76.8925882">
      </trkpt>
      <trkpt lat="12.5285524" lon="76.8911676">
      </trkpt>
      <trkpt lat="12.5285441" lon="76.8906002">
      </trkpt>
      <trkpt lat="12.5285404" lon="76.890385">
      </trkpt>
      <trkpt lat="12.5285555" lon="76.8898467">
      </trkpt>
      <trkpt lat="12.5286017" lon="76.8893724">
      </trkpt>
      <trkpt lat="12.5286838" lon="76.8888385">
      </trkpt>
      <trkpt lat="12.5288677" lon="76.8876524">
      </trkpt>
      <trkpt lat="12.5291087" lon="76.8861205">
      </trkpt>
      <trkpt lat="12.5292207" lon="76.8853711">
      </trkpt>
      <trkpt lat="12.5293018" lon="76.8846984">
      </trkpt>
      <trkpt lat="12.5293299" lon="76.884231">
      </trkpt>
      <trkpt lat="12.5293269" lon="76.8839957">
      </trkpt>
      <trkpt lat="12.529324" lon="76.8837785">
      </trkpt>
      <trkpt lat="12.5293113" lon="76.8835081">
      </trkpt>
      <trkpt lat="12.529281" lon="76.8832468">
      </trkpt>
      <trkpt lat="12.5291552" lon="76.8825122">
      </trkpt>
      <trkpt lat="12.5290071" lon="76.8816609">
      </trkpt>
      <trkpt lat="12.5286538" lon="76.8796705">
      </trkpt>
      <trkpt lat="12.5281154" lon="76.8766925">
      </trkpt>
      <trkpt lat="12.5280181" lon="76.8761687">
      </trkpt>
      <trkpt lat="12.5279413" lon="76.8757177">
      </trkpt>
      <trkpt lat="12.527858" lon="76.8752358">
      </trkpt>
      <trkpt lat="12.5277633" lon="76.8747648">
      </trkpt>
      <trkpt lat="12.5276794" lon="76.8744254">
      </trkpt>
      <trkpt lat="12.527619" lon="76.874209">
      </trkpt>
      <trkpt lat="12.5275454" lon="76.8739927">
      </trkpt>
      <trkpt lat="12.5274438" lon="76.8737354">
      </trkpt>
      <trkpt lat="12.5273335" lon="76.8734961">
      </trkpt>
      <trkpt lat="12.527199" lon="76.8732213">
      </trkpt>
      <trkpt lat="12.527047" lon="76.8729646">
      </trkpt>
      <trkpt lat="12.5258108" lon="76.8709628">
      </trkpt>
      <trkpt lat="12.5235916" lon="76.8673857">
      </trkpt>
      <trkpt lat="12.5216085" lon="76.864252">
      </trkpt>
      <trkpt lat="12.5212299" lon="76.863662">
      </trkpt>
      <trkpt lat="12.5206331" lon="76.8626866">
      </trkpt>
      <trkpt lat="12.5200143" lon="76.8616661">
      </trkpt>
      <trkpt lat="12.5194719" lon="76.8607833">
      </trkpt>
      <trkpt lat="12.518998" lon="76.8600147">
      </trkpt>
      <trkpt lat="12.5180381" lon="76.8584825">
      </trkpt>
      <trkpt lat="12.5177948" lon="76.8580813">
      </trkpt>
      <trkpt lat="12.5175824" lon="76.857662">
      </trkpt>
      <trkpt lat="12.5165563" lon="76.8555186">
      </trkpt>
      <trkpt lat="12.5162694" lon="76.8549167">
      </trkpt>
      <trkpt lat="12.5160665" lon="76.8544268">
      </trkpt>
      <trkpt lat="12.5159547" lon="76.8541192">
      </trkpt>
      <trkpt lat="12.5158738" lon="76.853832">
      </trkpt>
      <trkpt lat="12.515764" lon="76.853429">
      </trkpt>
      <trkpt lat="12.5156642" lon="76.8529925">
      </trkpt>
      <trkpt lat="12.5154537" lon="76.8520768">
      </trkpt>
      <trkpt lat="12.5150126" lon="76.8499719">
      </trkpt>
      <trkpt lat="12.5145467" lon="76.847844">
      </trkpt>
      <trkpt lat="12.5141193" lon="76.8458243">
      </trkpt>
      <trkpt lat="12.514038" lon="76.84545">
      </trkpt>
      <trkpt lat="12.5139589" lon="76.8450983">
      </trkpt>
      <trkpt lat="12.5138763" lon="76.8447426">
      </trkpt>
      <trkpt lat="12.5137937" lon="76.8444095">
      </trkpt>
      <trkpt lat="12.5136933" lon="76.8440536">
      </trkpt>
      <trkpt lat="12.513375" lon="76.8430257">
      </trkpt>
      <trkpt lat="12.5121031" lon="76.8389639">
      </trkpt>
      <trkpt lat="12.5117046" lon="76.8376899">
      </trkpt>
      <trkpt lat="12.5115763" lon="76.8372844">
      </trkpt>
      <trkpt lat="12.5112648" lon="76.8362492">
      </trkpt>
      <trkpt lat="12.5111443" lon="76.8357825">
      </trkpt>
      <trkpt lat="12.5110642" lon="76.835453">
      </trkpt>
      <trkpt lat="12.5110391" lon="76.8353648">
      </trkpt>
      <trkpt lat="12.5108626" lon="76.8345634">
      </trkpt>
      <trkpt lat="12.5107282" lon="76.8338773">
      </trkpt>
      <trkpt lat="12.5105393" lon="76.8328028">
      </trkpt>
      <trkpt lat="12.5104166" lon="76.8319151">
      </trkpt>
      <trkpt lat="12.5101966" lon="76.8293979">
      </trkpt>
      <trkpt lat="12.5099633" lon="76.8267728">
      </trkpt>
      <trkpt lat="12.5099451" lon="76.8265578">
      </trkpt>
      <trkpt lat="12.5098248" lon="76.8252199">
      </trkpt>
      <trkpt lat="12.509555" lon="76.8223188">
      </trkpt>
      <trkpt lat="12.5094306" lon="76.8205716">
      </trkpt>
      <trkpt lat="12.5092828" lon="76.8188141">
      </trkpt>
      <trkpt lat="12.509254" lon="76.818497">
      </trkpt>
      <trkpt lat="12.5091324" lon="76.8171494">
      </trkpt>
      <trkpt lat="12.5090393" lon="76.8161883">
      </trkpt>
      <trkpt lat="12.5089273" lon="76.8148788">
      </trkpt>
      <trkpt lat="12.5087985" lon="76.8138623">
      </trkpt>
      <trkpt lat="12.5086951" lon="76.8132763">
      </trkpt>
      <trkpt lat="12.5085666" lon="76.8127996">
      </trkpt>
      <trkpt lat="12.5085257" lon="76.8126676">
      </trkpt>
      <trkpt lat="12.5084494" lon="76.8124224">
      </trkpt>
      <trkpt lat="12.5083228" lon="76.8120645">
      </trkpt>
      <trkpt lat="12.5081616" lon="76.8116689">
      </trkpt>
      <trkpt lat="12.5079941" lon="76.8113184">
      </trkpt>
      <trkpt lat="12.5072338" lon="76.8098106">
      </trkpt>
      <trkpt lat="12.5070263" lon="76.8093254">
      </trkpt>
      <trkpt lat="12.5068345" lon="76.808869">
      </trkpt>
      <trkpt lat="12.5067145" lon="76.8084958">
      </trkpt>
      <trkpt lat="12.5066102" lon="76.8081355">
      </trkpt>
      <trkpt lat="12.5065001" lon="76.807671">
      </trkpt>
      <trkpt lat="12.5064402" lon="76.8072644">
      </trkpt>
      <trkpt lat="12.5063877" lon="76.8067697">
      </trkpt>
      <trkpt lat="12.5063665" lon="76.8063747">
      </trkpt>
      <trkpt lat="12.5063664" lon="76.8059129">
      </trkpt>
      <trkpt lat="12.5063978" lon="76.8054833">
      </trkpt>
      <trkpt lat="12.5064462" lon="76.8050649">
      </trkpt>
      <trkpt lat="12.5065103" lon="76.8046754">
      </trkpt>
      <trkpt lat="12.5067247" lon="76.8037378">
      </trkpt>
      <trkpt lat="12.507204" lon="76.8016767">
      </trkpt>
      <trkpt lat="12.5075373" lon="76.8002771">
      </trkpt>
      <trkpt lat="12.5076626" lon="76.7997904">
      </trkpt>
      <trkpt lat="12.5077973" lon="76.7993358">
      </trkpt>
      <trkpt lat="12.5080012" lon="76.7988141">
      </trkpt>
      <trkpt lat="12.5081074" lon="76.7985557">
      </trkpt>
      <trkpt lat="12.5082262" lon="76.7983101">
      </trkpt>
      <trkpt lat="12.5084259" lon="76.7979464">
      </trkpt>
      <trkpt lat="12.5086168" lon="76.7976294">
      </trkpt>
      <trkpt lat="12.5088078" lon="76.7973317">
      </trkpt>
      <trkpt lat="12.5094175" lon="76.7964732">
      </trkpt>
      <trkpt lat="12.509929" lon="76.7957627">
      </trkpt>
      <trkpt lat="12.5102113" lon="76.7953259">
      </trkpt>
      <trkpt lat="12.5104874" lon="76.7948506">
      </trkpt>
      <trkpt lat="12.5107233" lon="76.7943709">
      </trkpt>
      <trkpt lat="12.5109057" lon="76.7939202">
      </trkpt>
      <trkpt lat="12.5110504" lon="76.7934383">
      </trkpt>
      <trkpt lat="12.5111637" lon="76.7930014">
      </trkpt>
      <trkpt lat="12.511268" lon="76.7924735">
      </trkpt>
      <trkpt lat="12.5113095" lon="76.7920871">
      </trkpt>
      <trkpt lat="12.5113367" lon="76.7917132">
      </trkpt>
      <trkpt lat="12.5113419" lon="76.7913619">
      </trkpt>
      <trkpt lat="12.5113261" lon="76.7909355">
      </trkpt>
      <trkpt lat="12.5112915" lon="76.7906055">
      </trkpt>
      <trkpt lat="12.51124" lon="76.7902147">
      </trkpt>
      <trkpt lat="12.5111298" lon="76.7897316">
      </trkpt>
      <trkpt lat="12.5109881" lon="76.789263">
      </trkpt>
      <trkpt lat="12.5108621" lon="76.7888845">
      </trkpt>
      <trkpt lat="12.510728" lon="76.7885499">
      </trkpt>
      <trkpt lat="12.5105342" lon="76.788151">
      </trkpt>
      <trkpt lat="12.5103722" lon="76.7878408">
      </trkpt>
      <trkpt lat="12.5101368" lon="76.7874599">
      </trkpt>
      <trkpt lat="12.5098261" lon="76.7870275">
      </trkpt>
      <trkpt lat="12.5094383" lon="76.7864676">
      </trkpt>
      <trkpt lat="12.5092468" lon="76.7861793">
      </trkpt>
      <trkpt lat="12.5090681" lon="76.7859402">
      </trkpt>
      <trkpt lat="12.508789" lon="76.7855671">
      </trkpt>
      <trkpt lat="12.5086114" lon="76.785314">
      </trkpt>
      <trkpt lat="12.5083913" lon="76.785014">
      </trkpt>
      <trkpt lat="12.5081304" lon="76.7846405">
      </trkpt>
      <trkpt lat="12.5079199" lon="76.7842966">
      </trkpt>
      <trkpt lat="12.5076564" lon="76.7838264">
      </trkpt>
      <trkpt lat="12.5074494" lon="76.7834077">
      </trkpt>
      <trkpt lat="12.507271" lon="76.7829602">
      </trkpt>
      <trkpt lat="12.5071181" lon="76.7824708">
      </trkpt>
      <trkpt lat="12.5070247" lon="76.7821692">
      </trkpt>
      <trkpt lat="12.5069304" lon="76.7817142">
      </trkpt>
      <trkpt lat="12.5068644" lon="76.7813388">
      </trkpt>
      <trkpt lat="12.506822" lon="76.7810096">
      </trkpt>
      <trkpt lat="12.5067952" lon="76.7806611">
      </trkpt>
      <trkpt lat="12.5067772" lon="76.7800624">
      </trkpt>
      <trkpt lat="12.5067941" lon="76.7796371">
      </trkpt>
      <trkpt lat="12.5068196" lon="76.7789369">
      </trkpt>
      <trkpt lat="12.5068695" lon="76.7782459">
      </trkpt>
      <trkpt lat="12.506922" lon="76.7772313">
      </trkpt>
      <trkpt lat="12.5069384" lon="76.7768312">
      </trkpt>
      <trkpt lat="12.5069422" lon="76.7764697">
      </trkpt>
      <trkpt lat="12.5069335" lon="76.7760566">
      </trkpt>
      <trkpt lat="12.506909" lon="76.7757335">
      </trkpt>
      <trkpt lat="12.5068643" lon="76.775411">
      </trkpt>
      <trkpt lat="12.5067998" lon="76.7751126">
      </trkpt>
      <trkpt lat="12.5067293" lon="76.7748143">
      </trkpt>
      <trkpt lat="12.50665" lon="76.7745011">
      </trkpt>
      <trkpt lat="12.506562" lon="76.7742087">
      </trkpt>
      <trkpt lat="12.5064455" lon="76.7739288">
      </trkpt>
      <trkpt lat="12.5063027" lon="76.773563">
      </trkpt>
      <trkpt lat="12.5061459" lon="76.7732247">
      </trkpt>
      <trkpt lat="12.5059848" lon="76.7729567">
      </trkpt>
      <trkpt lat="12.5057978" lon="76.7726777">
      </trkpt>
      <trkpt lat="12.5052255" lon="76.7718498">
      </trkpt>
      <trkpt lat="12.5046877" lon="76.7710927">
      </trkpt>
      <trkpt lat="12.5043501" lon="76.7705693">
      </trkpt>
      <trkpt lat="12.5041821" lon="76.7702518">
      </trkpt>
      <trkpt lat="12.5039066" lon="76.7696958">
      </trkpt>
      <trkpt lat="12.5037504" lon="76.7692843">
      </trkpt>
      <trkpt lat="12.5036163" lon="76.768847">
      </trkpt>
      <trkpt lat="12.5035076" lon="76.7684216">
      </trkpt>
      <trkpt lat="12.503424" lon="76.7680025">
      </trkpt>
      <trkpt lat="12.5033885" lon="76.7676958">
      </trkpt>
      <trkpt lat="12.503353" lon="76.7673008">
      </trkpt>
      <trkpt lat="12.5033488" lon="76.7668807">
      </trkpt>
      <trkpt lat="12.5033659" lon="76.7664709">
      </trkpt>
      <trkpt lat="12.5034105" lon="76.7660458">
      </trkpt>
      <trkpt lat="12.5034645" lon="76.7657043">
      </trkpt>
      <trkpt lat="12.5035736" lon="76.7651976">
      </trkpt>
      <trkpt lat="12.5036842" lon="76.7647763">
      </trkpt>
      <trkpt lat="12.5038927" lon="76.764013">
      </trkpt>
      <trkpt lat="12.5040513" lon="76.7634474">
      </trkpt>
      <trkpt lat="12.504192" lon="76.7629431">
      </trkpt>
      <trkpt lat="12.5043081" lon="76.7625414">
      </trkpt>
      <trkpt lat="12.5044164" lon="76.7621417">
      </trkpt>
      <trkpt lat="12.504493" lon="76.7618453">
      </trkpt>
      <trkpt lat="12.5045452" lon="76.7615909">
      </trkpt>
      <trkpt lat="12.5045956" lon="76.7613002">
      </trkpt>
      <trkpt lat="12.5046404" lon="76.7609713">
      </trkpt>
      <trkpt lat="12.5046628" lon="76.7606596">
      </trkpt>
      <trkpt lat="12.5046778" lon="76.760367">
      </trkpt>
      <trkpt lat="12.5046703" lon="76.7600668">
      </trkpt>
      <trkpt lat="12.5046554" lon="76.7597589">
      </trkpt>
      <trkpt lat="12.5046218" lon="76.7594567">
      </trkpt>
      <trkpt lat="12.504577" lon="76.7591756">
      </trkpt>
      <trkpt lat="12.5045135" lon="76.7588734">
      </trkpt>
      <trkpt lat="12.5044276" lon="76.7585139">
      </trkpt>
      <trkpt lat="12.5043268" lon="76.7581582">
      </trkpt>
      <trkpt lat="12.5041326" lon="76.7576266">
      </trkpt>
      <trkpt lat="12.5039379" lon="76.7571636">
      </trkpt>
      <trkpt lat="12.5038276" lon="76.7569193">
      </trkpt>
      <trkpt lat="12.503404" lon="76.7559694">
      </trkpt>
      <trkpt lat="12.5033541" lon="76.7558497">
      </trkpt>
      <trkpt lat="12.5027403" lon="76.7544972">
      </trkpt>
      <trkpt lat="12.5020612" lon="76.7529706">
      </trkpt>
      <trkpt lat="12.5016536" lon="76.7520666">
      </trkpt>
      <trkpt lat="12.5013455" lon="76.7514054">
      </trkpt>
      <trkpt lat="12.5001589" lon="76.7487857">
      </trkpt>
      <trkpt lat="12.4997429" lon="76.7478174">
      </trkpt>
      <trkpt lat="12.4996896" lon="76.7476908">
      </trkpt>
      <trkpt lat="12.4991797" lon="76.7465249">
      </trkpt>
      <trkpt lat="12.4990084" lon="76.7461379">
      </trkpt>
      <trkpt lat="12.4981566" lon="76.7442891">
      </trkpt>
      <trkpt lat="12.497903" lon="76.7437956">
      </trkpt>
      <trkpt lat="12.4977053" lon="76.743459">
      </trkpt>
      <trkpt lat="12.4974982" lon="76.7431148">
      </trkpt>
      <trkpt lat="12.496349" lon="76.7414205">
      </trkpt>
      <trkpt lat="12.4951866" lon="76.739732">
      </trkpt>
      <trkpt lat="12.4932128" lon="76.7368589">
      </trkpt>
      <trkpt lat="12.492805" lon="76.7362763">
      </trkpt>
      <trkpt lat="12.4925666" lon="76.7359946">
      </trkpt>
      <trkpt lat="12.4923125" lon="76.7357098">
      </trkpt>
      <trkpt lat="12.4921083" lon="76.7355055">
      </trkpt>
      <trkpt lat="12.491882" lon="76.7352755">
      </trkpt>
      <trkpt lat="12.4916513" lon="76.7350681">
      </trkpt>
      <trkpt lat="12.4914143" lon="76.7348735">
      </trkpt>
      <trkpt lat="12.491129" lon="76.7346658">
      </trkpt>
      <trkpt lat="12.4896488" lon="76.7335882">
      </trkpt>
      <trkpt lat="12.4877765" lon="76.7322474">
      </trkpt>
      <trkpt lat="12.4870938" lon="76.7317463">
      </trkpt>
      <trkpt lat="12.4864299" lon="76.7312324">
      </trkpt>
      <trkpt lat="12.4860136" lon="76.730871">
      </trkpt>
      <trkpt lat="12.485682" lon="76.7305578">
      </trkpt>
      <trkpt lat="12.485" lon="76.7298928">
      </trkpt>
      <trkpt lat="12.4841425" lon="76.729004">
      </trkpt>
      <trkpt lat="12.4837325" lon="76.7285872">
      </trkpt>
      <trkpt lat="12.4835276" lon="76.7283464">
      </trkpt>
      <trkpt lat="12.4833123" lon="76.7280743">
      </trkpt>
      <trkpt lat="12.4831486" lon="76.7278511">
      </trkpt>
      <trkpt lat="12.482999" lon="76.7276343">
      </trkpt>
      <trkpt lat="12.482838" lon="76.7273589">
      </trkpt>
      <trkpt lat="12.4827018" lon="76.727104">
      </trkpt>
      <trkpt lat="12.4825197" lon="76.7267153">
      </trkpt>
      <trkpt lat="12.4823293" lon="76.7262209">
      </trkpt>
      <trkpt lat="12.4821381" lon="76.7256544">
      </trkpt>
      <trkpt lat="12.4818662" lon="76.7248408">
      </trkpt>
      <trkpt lat="12.4807286" lon="76.7214304">
      </trkpt>
      <trkpt lat="12.48057" lon="76.7209136">
      </trkpt>
      <trkpt lat="12.4800031" lon="76.7192461">
      </trkpt>
      <trkpt lat="12.4794362" lon="76.7175467">
      </trkpt>
      <trkpt lat="12.4792566" lon="76.7169978">
      </trkpt>
      <trkpt lat="12.4777727" lon="76.7124616">
      </trkpt>
      <trkpt lat="12.4775635" lon="76.7118348">
      </trkpt>
      <trkpt lat="12.4774166" lon="76.7112762">
      </trkpt>
      <trkpt lat="12.4773947" lon="76.7111736">
      </trkpt>
      <trkpt lat="12.4772883" lon="76.7106757">
      </trkpt>
      <trkpt lat="12.4770684" lon="76.7093969">
      </trkpt>
      <trkpt lat="12.4769841" lon="76.7088206">
      </trkpt>
      <trkpt lat="12.4769149" lon="76.7083922">
      </trkpt>
      <trkpt lat="12.476844" lon="76.7079841">
      </trkpt>
      <trkpt lat="12.4767533" lon="76.707533">
      </trkpt>
      <trkpt lat="12.4766538" lon="76.7071092">
      </trkpt>
      <trkpt lat="12.4764811" lon="76.7064892">
      </trkpt>
      <trkpt lat="12.4762951" lon="76.7058737">
      </trkpt>
      <trkpt lat="12.4758826" lon="76.7045298">
      </trkpt>
      <trkpt lat="12.475466" lon="76.7031674">
      </trkpt>
      <trkpt lat="12.4748629" lon="76.7012069">
      </trkpt>
      <trkpt lat="12.4748215" lon="76.7010722">
      </trkpt>
      <trkpt lat="12.4746758" lon="76.7005841">
      </trkpt>
      <trkpt lat="12.4742563" lon="76.6992043">
      </trkpt>
      <trkpt lat="12.4739012" lon="76.6980436">
      </trkpt>
      <trkpt lat="12.4736973" lon="76.6973845">
      </trkpt>
      <trkpt lat="12.4735479" lon="76.696913">
      </trkpt>
      <trkpt lat="12.4733226" lon="76.6961891">
      </trkpt>
      <trkpt lat="12.4732905" lon="76.6960859">
      </trkpt>
      <trkpt lat="12.4729789" lon="76.695061">
      </trkpt>
      <trkpt lat="12.4728444" lon="76.6946188">
      </trkpt>
      <trkpt lat="12.472422" lon="76.6932346">
      </trkpt>
      <trkpt lat="12.472079" lon="76.6920943">
      </trkpt>
      <trkpt lat="12.4718813" lon="76.6914818">
      </trkpt>
      <trkpt lat="12.4716947" lon="76.6909101">
      </trkpt>
      <trkpt lat="12.4714983" lon="76.6903618">
      </trkpt>
      <trkpt lat="12.4712796" lon="76.6897998">
      </trkpt>
      <trkpt lat="12.4710786" lon="76.6893395">
      </trkpt>
      <trkpt lat="12.4708776" lon="76.6888883">
      </trkpt>
      <trkpt lat="12.4706799" lon="76.6884497">
      </trkpt>
      <trkpt lat="12.470511" lon="76.6881049">
      </trkpt>
      <trkpt lat="12.4700724" lon="76.6872495">
      </trkpt>
      <trkpt lat="12.4696292" lon="76.6864077">
      </trkpt>
      <trkpt lat="12.4693463" lon="76.685875">
      </trkpt>
      <trkpt lat="12.4683379" lon="76.6839832">
      </trkpt>
      <trkpt lat="12.468177" lon="76.6836847">
      </trkpt>
      <trkpt lat="12.4680036" lon="76.6834136">
      </trkpt>
      <trkpt lat="12.4677716" lon="76.6831083">
      </trkpt>
      <trkpt lat="12.4676081" lon="76.682905">
      </trkpt>
      <trkpt lat="12.4674158" lon="76.6826937">
      </trkpt>
      <trkpt lat="12.4671984" lon="76.6824872">
      </trkpt>
      <trkpt lat="12.4668973" lon="76.6822239">
      </trkpt>
      <trkpt lat="12.4665869" lon="76.6819927">
      </trkpt>
      <trkpt lat="12.4662009" lon="76.6817462">
      </trkpt>
      <trkpt lat="12.4657977" lon="76.6815318">
      </trkpt>
      <trkpt lat="12.4654467" lon="76.6813863">
      </trkpt>
      <trkpt lat="12.465066" lon="76.6812488">
      </trkpt>
      <trkpt lat="12.4648317" lon="76.6811726">
      </trkpt>
      <trkpt lat="12.4646178" lon="76.6811205">
      </trkpt>
      <trkpt lat="12.4644663" lon="76.6810832">
      </trkpt>
      <trkpt lat="12.4643164" lon="76.6810554">
      </trkpt>
      <trkpt lat="12.4641379" lon="76.6810263">
      </trkpt>
      <trkpt lat="12.4639468" lon="76.6809973">
      </trkpt>
      <trkpt lat="12.4637231" lon="76.6809767">
      </trkpt>
      <trkpt lat="12.4635449" lon="76.6809642">
      </trkpt>
      <trkpt lat="12.4633393" lon="76.6809585">
      </trkpt>
      <trkpt lat="12.462781" lon="76.6809837">
      </trkpt>
      <trkpt lat="12.4623225" lon="76.6809906">
      </trkpt>
      <trkpt lat="12.4618862" lon="76.6810279">
      </trkpt>
      <trkpt lat="12.4611138" lon="76.6810754">
      </trkpt>
      <trkpt lat="12.4608338" lon="76.6810919">
      </trkpt>
      <trkpt lat="12.4605622" lon="76.6811035">
      </trkpt>
      <trkpt lat="12.4599808" lon="76.6811361">
      </trkpt>
      <trkpt lat="12.4591339" lon="76.6811526">
      </trkpt>
      <trkpt lat="12.4586084" lon="76.681176">
      </trkpt>
      <trkpt lat="12.4579269" lon="76.6812058">
      </trkpt>
      <trkpt lat="12.4573852" lon="76.6812517">
      </trkpt>
      <trkpt lat="12.4563274" lon="76.6812852">
      </trkpt>
      <trkpt lat="12.4559433" lon="76.6812974">
      </trkpt>
      <trkpt lat="12.4556947" lon="76.6813051">
      </trkpt>
      <trkpt lat="12.4554084" lon="76.6812887">
      </trkpt>
      <trkpt lat="12.455099" lon="76.6812602">
      </trkpt>
      <trkpt lat="12.4544454" lon="76.6811418">
      </trkpt>
      <trkpt lat="12.4538482" lon="76.6810135">
      </trkpt>
      <trkpt lat="12.453475" lon="76.6809473">
      </trkpt>
      <trkpt lat="12.4531544" lon="76.6808963">
      </trkpt>
      <trkpt lat="12.4526878" lon="76.6808306">
      </trkpt>
      <trkpt lat="12.4523847" lon="76.680801">
      </trkpt>
      <trkpt lat="12.4521287" lon="76.6807906">
      </trkpt>
      <trkpt lat="12.4517592" lon="76.6807776">
      </trkpt>
      <trkpt lat="12.4513879" lon="76.6807795">
      </trkpt>
      <trkpt lat="12.4507198" lon="76.6807878">
      </trkpt>
      <trkpt lat="12.4485436" lon="76.6808041">
      </trkpt>
      <trkpt lat="12.4477995" lon="76.6808227">
      </trkpt>
      <trkpt lat="12.446468" lon="76.6808188">
      </trkpt>
      <trkpt lat="12.445824" lon="76.6808385">
      </trkpt>
      <trkpt lat="12.4453904" lon="76.680839">
      </trkpt>
      <trkpt lat="12.4450931" lon="76.6808328">
      </trkpt>
      <trkpt lat="12.4446816" lon="76.6807875">
      </trkpt>
      <trkpt lat="12.4444067" lon="76.6807486">
      </trkpt>
      <trkpt lat="12.443984" lon="76.6806652">
      </trkpt>
      <trkpt lat="12.4435143" lon="76.6805497">
      </trkpt>
      <trkpt lat="12.4431074" lon="76.6804444">
      </trkpt>
      <trkpt lat="12.4426868" lon="76.6803056">
      </trkpt>
      <trkpt lat="12.4421931" lon="76.6801469">
      </trkpt>
      <trkpt lat="12.4415345" lon="76.6799158">
      </trkpt>
      <trkpt lat="12.4405993" lon="76.6795821">
      </trkpt>
      <trkpt lat="12.4396939" lon="76.6792967">
      </trkpt>
      <trkpt lat="12.4388" lon="76.6789778">
      </trkpt>
      <trkpt lat="12.43818" lon="76.6787943">
      </trkpt>
      <trkpt lat="12.4373792" lon="76.6785252">
      </trkpt>
      <trkpt lat="12.4369892" lon="76.6783907">
      </trkpt>
      <trkpt lat="12.4366282" lon="76.6782454">
      </trkpt>
      <trkpt lat="12.4362578" lon="76.6781199">
      </trkpt>
      <trkpt lat="12.4358985" lon="76.6780135">
      </trkpt>
      <trkpt lat="12.4355896" lon="76.6779243">
      </trkpt>
      <trkpt lat="12.4348587" lon="76.6776668">
      </trkpt>
      <trkpt lat="12.4342593" lon="76.6774494">
      </trkpt>
      <trkpt lat="12.4338056" lon="76.6773085">
      </trkpt>
      <trkpt lat="12.433372" lon="76.6771792">
      </trkpt>
      <trkpt lat="12.432954" lon="76.6770402">
      </trkpt>
      <trkpt lat="12.4327317" lon="76.6769847">
      </trkpt>
      <trkpt lat="12.4325095" lon="76.676933">
      </trkpt>
      <trkpt lat="12.4322541" lon="76.6768958">
      </trkpt>
      <trkpt lat="12.4320221" lon="76.6768623">
      </trkpt>
      <trkpt lat="12.4317681" lon="76.6768418">
      </trkpt>
      <trkpt lat="12.4313654" lon="76.6768244">
      </trkpt>
      <trkpt lat="12.4309463" lon="76.6768624">
      </trkpt>
      <trkpt lat="12.4305894" lon="76.6769203">
      </trkpt>
      <trkpt lat="12.4299659" lon="76.6770285">
      </trkpt>
      <trkpt lat="12.429556" lon="76.677111">
      </trkpt>
      <trkpt lat="12.4264913" lon="76.6778578">
      </trkpt>
      <trkpt lat="12.4262716" lon="76.6778985">
      </trkpt>
      <trkpt lat="12.4260798" lon="76.6779268">
      </trkpt>
      <trkpt lat="12.4257135" lon="76.6779356">
      </trkpt>
      <trkpt lat="12.425425" lon="76.6779197">
      </trkpt>
      <trkpt lat="12.4251051" lon="76.677878">
      </trkpt>
      <trkpt lat="12.4248043" lon="76.6778029">
      </trkpt>
      <trkpt lat="12.4245731" lon="76.6777023">
      </trkpt>
      <trkpt lat="12.4243796" lon="76.6775663">
      </trkpt>
      <trkpt lat="12.4241224" lon="76.6773782">
      </trkpt>
      <trkpt lat="12.4239572" lon="76.6772124">
      </trkpt>
      <trkpt lat="12.4237741" lon="76.6770223">
      </trkpt>
      <trkpt lat="12.4233543" lon="76.6764986">
      </trkpt>
      <trkpt lat="12.4229593" lon="76.6759329">
      </trkpt>
      <trkpt lat="12.4206945" lon="76.67218">
      </trkpt>
      <trkpt lat="12.4205032" lon="76.6718599">
      </trkpt>
      <trkpt lat="12.4202766" lon="76.671522">
      </trkpt>
      <trkpt lat="12.4200419" lon="76.6711369">
      </trkpt>
      <trkpt lat="12.4197965" lon="76.6707098">
      </trkpt>
      <trkpt lat="12.419613" lon="76.6703697">
      </trkpt>
      <trkpt lat="12.4194384" lon="76.6699909">
      </trkpt>
      <trkpt lat="12.419347" lon="76.6697586">
      </trkpt>
      <trkpt lat="12.4192537" lon="76.6695293">
      </trkpt>
      <trkpt lat="12.4191844" lon="76.6693528">
      </trkpt>
      <trkpt lat="12.4189146" lon="76.6686653">
      </trkpt>
      <trkpt lat="12.4186222" lon="76.6679942">
      </trkpt>
      <trkpt lat="12.4184373" lon="76.6676462">
      </trkpt>
      <trkpt lat="12.418258" lon="76.6673478">
      </trkpt>
      <trkpt lat="12.4180437" lon="76.6670236">
      </trkpt>
      <trkpt lat="12.4178161" lon="76.6667243">
      </trkpt>
      <trkpt lat="12.4175961" lon="76.6664605">
      </trkpt>
      <trkpt lat="12.4174126" lon="76.6662559">
      </trkpt>
      <trkpt lat="12.417106" lon="76.6659233">
      </trkpt>
      <trkpt lat="12.4167164" lon="76.665503">
      </trkpt>
      <trkpt lat="12.4160914" lon="76.6648506">
      </trkpt>
      <trkpt lat="12.4154308" lon="76.6641915">
      </trkpt>
      <trkpt lat="12.4148547" lon="76.6635687">
      </trkpt>
      <trkpt lat="12.414306" lon="76.6630034">
      </trkpt>
      <trkpt lat="12.4137573" lon="76.6624267">
      </trkpt>
      <trkpt lat="12.4136814" lon="76.6623445">
      </trkpt>
      <trkpt lat="12.4136521" lon="76.6623127">
      </trkpt>
      <trkpt lat="12.413529" lon="76.6621854">
      </trkpt>
      <trkpt lat="12.413133" lon="76.6617692">
      </trkpt>
      <trkpt lat="12.4128499" lon="76.6614879">
      </trkpt>
      <trkpt lat="12.4126001" lon="76.6612704">
      </trkpt>
      <trkpt lat="12.4122751" lon="76.6609718">
      </trkpt>
      <trkpt lat="12.41196" lon="76.6607438">
      </trkpt>
      <trkpt lat="12.4116273" lon="76.6605178">
      </trkpt>
      <trkpt lat="12.411299" lon="76.6603371">
      </trkpt>
      <trkpt lat="12.4109554" lon="76.660163">
      </trkpt>
      <trkpt lat="12.4105863" lon="76.6599961">
      </trkpt>
      <trkpt lat="12.4095558" lon="76.6597154">
      </trkpt>
      <trkpt lat="12.4085546" lon="76.6594241">
      </trkpt>
      <trkpt lat="12.4080481" lon="76.6592508">
      </trkpt>
      <trkpt lat="12.4076124" lon="76.6591108">
      </trkpt>
      <trkpt lat="12.4072926" lon="76.6589574">
      </trkpt>
      <trkpt lat="12.4070737" lon="76.6588538">
      </trkpt>
      <trkpt lat="12.4067799" lon="76.6586969">
      </trkpt>
      <trkpt lat="12.4065443" lon="76.6585729">
      </trkpt>
      <trkpt lat="12.4063273" lon="76.6584222">
      </trkpt>
      <trkpt lat="12.4061376" lon="76.6582911">
      </trkpt>
      <trkpt lat="12.4059479" lon="76.658137">
      </trkpt>
      <trkpt lat="12.4057516" lon="76.6579485">
      </trkpt>
      <trkpt lat="12.4055479" lon="76.6577561">
      </trkpt>
      <trkpt lat="12.4053389" lon="76.6575225">
      </trkpt>
      <trkpt lat="12.4051298" lon="76.6572888">
      </trkpt>
      <trkpt lat="12.4049734" lon="76.6570803">
      </trkpt>
      <trkpt lat="12.4048127" lon="76.6568767">
      </trkpt>
      <trkpt lat="12.4046529" lon="76.656614">
      </trkpt>
      <trkpt lat="12.4044735" lon="76.656261">
      </trkpt>
      <trkpt lat="12.4042671" lon="76.6558022">
      </trkpt>
      <trkpt lat="12.403844" lon="76.6547123">
      </trkpt>
      <trkpt lat="12.4033972" lon="76.6535492">
      </trkpt>
      <trkpt lat="12.4032006" lon="76.6530974">
      </trkpt>
      <trkpt lat="12.4030569" lon="76.6528206">
      </trkpt>
      <trkpt lat="12.4028813" lon="76.6525172">
      </trkpt>
      <trkpt lat="12.4027251" lon="76.6522753">
      </trkpt>
      <trkpt lat="12.4026142" lon="76.6521134">
      </trkpt>
      <trkpt lat="12.402428" lon="76.6518829">
      </trkpt>
      <trkpt lat="12.4021718" lon="76.651591">
      </trkpt>
      <trkpt lat="12.401924" lon="76.6513301">
      </trkpt>
      <trkpt lat="12.401626" lon="76.6510614">
      </trkpt>
      <trkpt lat="12.4013558" lon="76.650857">
      </trkpt>
      <trkpt lat="12.4011099" lon="76.6506871">
      </trkpt>
      <trkpt lat="12.4008485" lon="76.6505232">
      </trkpt>
      <trkpt lat="12.4005534" lon="76.6503726">
      </trkpt>
      <trkpt lat="12.4002267" lon="76.6502129">
      </trkpt>
      <trkpt lat="12.3998751" lon="76.6500756">
      </trkpt>
      <trkpt lat="12.3986891" lon="76.6496857">
      </trkpt>
      <trkpt lat="12.3974147" lon="76.6492972">
      </trkpt>
      <trkpt lat="12.3971568" lon="76.6492348">
      </trkpt>
      <trkpt lat="12.3968777" lon="76.6491615">
      </trkpt>
      <trkpt lat="12.3966332" lon="76.6490994">
      </trkpt>
      <trkpt lat="12.3963543" lon="76.6490508">
      </trkpt>
      <trkpt lat="12.3961361" lon="76.6490121">
      </trkpt>
      <trkpt lat="12.3959388" lon="76.6489951">
      </trkpt>
      <trkpt lat="12.3957072" lon="76.6489833">
      </trkpt>
      <trkpt lat="12.3954598" lon="76.6489732">
      </trkpt>
      <trkpt lat="12.3951342" lon="76.6489818">
      </trkpt>
      <trkpt lat="12.3947646" lon="76.6490121">
      </trkpt>
      <trkpt lat="12.3943952" lon="76.649054">
      </trkpt>
      <trkpt lat="12.3939435" lon="76.6490895">
      </trkpt>
      <trkpt lat="12.3933753" lon="76.6491409">
      </trkpt>
      <trkpt lat="12.3888821" lon="76.6495747">
      </trkpt>
      <trkpt lat="12.3848179" lon="76.6499484">
      </trkpt>
      <trkpt lat="12.3842166" lon="76.6500132">
      </trkpt>
      <trkpt lat="12.3840784" lon="76.6500199">
      </trkpt>
      <trkpt lat="12.3822817" lon="76.6501875">
      </trkpt>
      <trkpt lat="12.3811731" lon="76.6502986">
      </trkpt>
      <trkpt lat="12.3805919" lon="76.6503425">
      </trkpt>
      <trkpt lat="12.3801825" lon="76.6503841">
      </trkpt>
      <trkpt lat="12.3796703" lon="76.6504368">
      </trkpt>
      <trkpt lat="12.3787654" lon="76.6505318">
      </trkpt>
      <trkpt lat="12.3778009" lon="76.6506755">
      </trkpt>
      <trkpt lat="12.3764757" lon="76.650862">
      </trkpt>
      <trkpt lat="12.3753549" lon="76.6510038">
      </trkpt>
      <trkpt lat="12.3751994" lon="76.6510261">
      </trkpt>
      <trkpt lat="12.3742916" lon="76.6511562">
      </trkpt>
      <trkpt lat="12.373141" lon="76.6513085">
      </trkpt>
      <trkpt lat="12.3726404" lon="76.6513853">
      </trkpt>
      <trkpt lat="12.3720816" lon="76.651471">
      </trkpt>
      <trkpt lat="12.3715069" lon="76.6515864">
      </trkpt>
      <trkpt lat="12.3702271" lon="76.6518624">
      </trkpt>
      <trkpt lat="12.3696919" lon="76.6519827">
      </trkpt>
      <trkpt lat="12.3691939" lon="76.6521002">
      </trkpt>
      <trkpt lat="12.3685214" lon="76.6522669">
      </trkpt>
      <trkpt lat="12.3680474" lon="76.6523729">
      </trkpt>
      <trkpt lat="12.3677204" lon="76.6524418">
      </trkpt>
      <trkpt lat="12.3673405" lon="76.6524945">
      </trkpt>
      <trkpt lat="12.3667884" lon="76.6525445">
      </trkpt>
      <trkpt lat="12.3662805" lon="76.6525665">
      </trkpt>
      <trkpt lat="12.3654541" lon="76.6526038">
      </trkpt>
      <trkpt lat="12.3644234" lon="76.6526369">
      </trkpt>
      <trkpt lat="12.3632695" lon="76.6526893">
      </trkpt>
      <trkpt lat="12.3630295" lon="76.6527095">
      </trkpt>
      <trkpt lat="12.3628148" lon="76.652749">
      </trkpt>
      <trkpt lat="12.3625324" lon="76.6527927">
      </trkpt>
      <trkpt lat="12.3622293" lon="76.6528696">
      </trkpt>
      <trkpt lat="12.3619588" lon="76.6529505">
      </trkpt>
      <trkpt lat="12.3616212" lon="76.6530801">
      </trkpt>
      <trkpt lat="12.3613809" lon="76.6531872">
      </trkpt>
      <trkpt lat="12.3611213" lon="76.6533237">
      </trkpt>
      <trkpt lat="12.3608681" lon="76.6534665">
      </trkpt>
      <trkpt lat="12.360157" lon="76.6538823">
      </trkpt>
      <trkpt lat="12.3601163" lon="76.6539109">
      </trkpt>
      <trkpt lat="12.3597986" lon="76.6541039">
      </trkpt>
      <trkpt lat="12.3590992" lon="76.6545234">
      </trkpt>
      <trkpt lat="12.3584154" lon="76.6549333">
      </trkpt>
      <trkpt lat="12.3581852" lon="76.655062">
      </trkpt>
      <trkpt lat="12.3580414" lon="76.6551316">
      </trkpt>
      <trkpt lat="12.3576675" lon="76.6552992">
      </trkpt>
      <trkpt lat="12.357389" lon="76.6554137">
      </trkpt>
      <trkpt lat="12.3571327" lon="76.6555021">
      </trkpt>
      <trkpt lat="12.3568228" lon="76.6555759">
      </trkpt>
      <trkpt lat="12.3566228" lon="76.6556143">
      </trkpt>
      <trkpt lat="12.3563328" lon="76.6556624">
      </trkpt>
      <trkpt lat="12.356033" lon="76.6556918">
      </trkpt>
      <trkpt lat="12.3556858" lon="76.6557058">
      </trkpt>
      <trkpt lat="12.3553334" lon="76.6556776">
      </trkpt>
      <trkpt lat="12.3550048" lon="76.6556412">
      </trkpt>
      <trkpt lat="12.3546794" lon="76.6555888">
      </trkpt>
      <trkpt lat="12.3543936" lon="76.6555187">
      </trkpt>
      <trkpt lat="12.3540732" lon="76.6554326">
      </trkpt>
      <trkpt lat="12.3537611" lon="76.6553129">
      </trkpt>
      <trkpt lat="12.3534943" lon="76.6551948">
      </trkpt>
      <trkpt lat="12.3531904" lon="76.6550384">
      </trkpt>
      <trkpt lat="12.3529848" lon="76.6549161">
      </trkpt>
      <trkpt lat="12.3527369" lon="76.6547617">
      </trkpt>
      <trkpt lat="12.3525136" lon="76.6545936">
      </trkpt>
      <trkpt lat="12.3522641" lon="76.6543855">
      </trkpt>
      <trkpt lat="12.3520237" lon="76.6541439">
      </trkpt>
      <trkpt lat="12.3517928" lon="76.6539074">
      </trkpt>
      <trkpt lat="12.3516154" lon="76.6536902">
      </trkpt>
      <trkpt lat="12.3514571" lon="76.6534657">
      </trkpt>
      <trkpt lat="12.3513064" lon="76.6532474">
      </trkpt>
      <trkpt lat="12.3511626" lon="76.6530032">
      </trkpt>
      <trkpt lat="12.3510369" lon="76.6527694">
      </trkpt>
      <trkpt lat="12.3508925" lon="76.6524841">
      </trkpt>
      <trkpt lat="12.3506323" lon="76.6518864">
      </trkpt>
      <trkpt lat="12.3503915" lon="76.6513418">
      </trkpt>
      <trkpt lat="12.3503055" lon="76.6511435">
      </trkpt>
      <trkpt lat="12.3502219" lon="76.6509506">
      </trkpt>
      <trkpt lat="12.3501383" lon="76.6507577">
      </trkpt>
      <trkpt lat="12.3497939" lon="76.6499837">
      </trkpt>
      <trkpt lat="12.3494805" lon="76.6492211">
      </trkpt>
      <trkpt lat="12.3491545" lon="76.6484907">
      </trkpt>
      <trkpt lat="12.3488732" lon="76.6478344">
      </trkpt>
      <trkpt lat="12.3486107" lon="76.6472295">
      </trkpt>
      <trkpt lat="12.3481637" lon="76.6462033">
      </trkpt>
      <trkpt lat="12.3480561" lon="76.646001">
      </trkpt>
      <trkpt lat="12.3479281" lon="76.645769">
      </trkpt>
      <trkpt lat="12.3477554" lon="76.6455125">
      </trkpt>
      <trkpt lat="12.3475839" lon="76.6452804">
      </trkpt>
      <trkpt lat="12.3473081" lon="76.6449505">
      </trkpt>
      <trkpt lat="12.3469989" lon="76.6446291">
      </trkpt>
      <trkpt lat="12.3466901" lon="76.6443425">
      </trkpt>
      <trkpt lat="12.3464408" lon="76.6441336">
      </trkpt>
      <trkpt lat="12.3462747" lon="76.6440026">
      </trkpt>
      <trkpt lat="12.3459358" lon="76.6437872">
      </trkpt>
      <trkpt lat="12.3456838" lon="76.643654">
      </trkpt>
      <trkpt lat="12.3454661" lon="76.6435438">
      </trkpt>
      <trkpt lat="12.3450416" lon="76.643352">
      </trkpt>
      <trkpt lat="12.344692" lon="76.643231">
      </trkpt>
      <trkpt lat="12.3443349" lon="76.6431467">
      </trkpt>
      <trkpt lat="12.3440162" lon="76.6430892">
      </trkpt>
      <trkpt lat="12.3437396" lon="76.6430442">
      </trkpt>
      <trkpt lat="12.3435033" lon="76.6430177">
      </trkpt>
      <trkpt lat="12.3432893" lon="76.6430048">
      </trkpt>
      <trkpt lat="12.3431401" lon="76.6429977">
      </trkpt>
      <trkpt lat="12.343063" lon="76.642994">
      </trkpt>
      <trkpt lat="12.3385546" lon="76.6430164">
      </trkpt>
      <trkpt lat="12.3377604" lon="76.643035">
      </trkpt>
      <trkpt lat="12.3358332" lon="76.6430446">
      </trkpt>
      <trkpt lat="12.3356153" lon="76.6430366">
      </trkpt>
      <trkpt lat="12.3353867" lon="76.6430265">
      </trkpt>
      <trkpt lat="12.3351801" lon="76.6429964">
      </trkpt>
      <trkpt lat="12.3326781" lon="76.6425909">
      </trkpt>
      <trkpt lat="12.3321169" lon="76.6424976">
      </trkpt>
      <trkpt lat="12.3318374" lon="76.642467">
      </trkpt>
      <trkpt lat="12.3315535" lon="76.6424501">
      </trkpt>
      <trkpt lat="12.3309816" lon="76.6424379">
      </trkpt>
      <trkpt lat="12.3301472" lon="76.6424517">
      </trkpt>
      <trkpt lat="12.3267058" lon="76.6425575">
      </trkpt>
      <trkpt lat="12.3254261" lon="76.6426247">
      </trkpt>
      <trkpt lat="12.3249813" lon="76.6426549">
      </trkpt>
      <trkpt lat="12.3245843" lon="76.6426893">
      </trkpt>
      <trkpt lat="12.3241617" lon="76.6427546">
      </trkpt>
      <trkpt lat="12.3239369" lon="76.6428025">
      </trkpt>
      <trkpt lat="12.3236823" lon="76.6428879">
      </trkpt>
      <trkpt lat="12.3233101" lon="76.6430249">
      </trkpt>
      <trkpt lat="12.3231066" lon="76.6431285">
      </trkpt>
      <trkpt lat="12.3229021" lon="76.6432285">
      </trkpt>
      <trkpt lat="12.3227086" lon="76.6433488">
      </trkpt>
      <trkpt lat="12.3224428" lon="76.643542">
      </trkpt>
      <trkpt lat="12.3222459" lon="76.6436851">
      </trkpt>
      <trkpt lat="12.3220483" lon="76.6438379">
      </trkpt>
      <trkpt lat="12.32181" lon="76.6440195">
      </trkpt>
      <trkpt lat="12.3217321" lon="76.6440803">
      </trkpt>
      <trkpt lat="12.3210604" lon="76.6446032">
      </trkpt>
      <trkpt lat="12.3205066" lon="76.6450351">
      </trkpt>
      <trkpt lat="12.3203125" lon="76.6451896">
      </trkpt>
      <trkpt lat="12.3200998" lon="76.6453464">
      </trkpt>
      <trkpt lat="12.3199838" lon="76.6454202">
      </trkpt>
      <trkpt lat="12.3198616" lon="76.6454971">
      </trkpt>
      <trkpt lat="12.3197028" lon="76.6455815">
      </trkpt>
      <trkpt lat="12.3195441" lon="76.6456596">
      </trkpt>
      <trkpt lat="12.3193527" lon="76.6457353">
      </trkpt>
      <trkpt lat="12.3191489" lon="76.6457983">
      </trkpt>
      <trkpt lat="12.3189549" lon="76.6458385">
      </trkpt>
      <trkpt lat="12.3187734" lon="76.6458692">
      </trkpt>
      <trkpt lat="12.3185652" lon="76.6458931">
      </trkpt>
      <trkpt lat="12.3183602" lon="76.6459074">
      </trkpt>
      <trkpt lat="12.3181462" lon="76.6458999">
      </trkpt>
      <trkpt lat="12.3179416" lon="76.6458797">
      </trkpt>
      <trkpt lat="12.3177634" lon="76.6458415">
      </trkpt>
      <trkpt lat="12.3175915" lon="76.6458001">
      </trkpt>
      <trkpt lat="12.3173541" lon="76.6457319">
      </trkpt>
      <trkpt lat="12.3171366" lon="76.6456488">
      </trkpt>
      <trkpt lat="12.3168565" lon="76.6455173">
      </trkpt>
      <trkpt lat="12.3161306" lon="76.6451144">
      </trkpt>
      <trkpt lat="12.3157802" lon="76.6449178">
      </trkpt>
      <trkpt lat="12.3161823" lon="76.6444919">
      </trkpt>
      <trkpt lat="12.3159246" lon="76.6443424">
      </trkpt>
      <trkpt lat="12.3158637" lon="76.6442766">
      </trkpt>
    </trkseg>
  </trk>
</gpx>