<?xml version="1.0" encoding="UTF-8"?>
<gpx xmlns="http://www.topografix.com/GPX/1/1" xmlns:xsi="http://www.w3.org/2001/XMLSchema-instance" xsi:schemaLocation="http://www.topografix.com/GPX/1/1 http://www.topografix.com/GPX/1/1/gpx.xsd" version="1.1" creator="gpx.py -- https://github.com/tkrajina/gpxpy">
  <wpt lat="30.6999898" lon="104.0611654">
    <name>Chengdu</name>
  </wpt>
  <wpt lat="30.5457254" lon="105.542489">
    <name>Suining</name>
  </wpt>
  <wpt lat="29.6110772" lon="106.5529327">
    <name>Chongqing North Station South Square</name>
  </wpt>
  <wpt lat="28.9372568" lon="106.7964659">
    <name>Guanba</name>
  </wpt>
  <wpt lat="28.135466" lon="106.828554">
    <name>Tongzi</name>
  </wpt>
  <wpt lat="27.6544403" lon="106.9395752">
    <name>Zunyi</name>
  </wpt>
  <wpt lat="26.5585009" lon="106.7022597">
    <name>Guiyang</name>
  </wpt>
  <wpt lat="26.2389522" lon="107.5110046">
    <name>Duyun</name>
  </wpt>
  <wpt lat="24.3131948" lon="109.3846086">
    <name>Liuzhou</name>
  </wpt>
  <wpt lat="25.2549309" lon="110.2786316">
    <name>Guilin</name>
  </wpt>
  <trk>
    <name>Chengdu - Guilin (Vies regionals)</name>
    <trkseg>
      <trkpt lat="30.6999898" lon="104.0611654">
      </trkpt>
      <trkpt lat="30.7000156" lon="104.0609983">
      </trkpt>
      <trkpt lat="30.7000476" lon="104.0608629">
      </trkpt>
      <trkpt lat="30.7001058" lon="104.0605524">
      </trkpt>
      <trkpt lat="30.7002778" lon="104.0599947">
      </trkpt>
      <trkpt lat="30.700668" lon="104.0592689">
      </trkpt>
      <trkpt lat="30.7008449" lon="104.058973">
      </trkpt>
      <trkpt lat="30.7012093" lon="104.0585227">
      </trkpt>
      <trkpt lat="30.7016714" lon="104.0581317">
      </trkpt>
      <trkpt lat="30.7021581" lon="104.0578665">
      </trkpt>
      <trkpt lat="30.7023237" lon="104.0577786">
      </trkpt>
      <trkpt lat="30.70282" lon="104.0575648">
      </trkpt>
      <trkpt lat="30.7034721" lon="104.0574436">
      </trkpt>
      <trkpt lat="30.7043492" lon="104.0575432">
      </trkpt>
      <trkpt lat="30.7051169" lon="104.0577904">
      </trkpt>
      <trkpt lat="30.7077332" lon="104.0588095">
      </trkpt>
      <trkpt lat="30.7086684" lon="104.0591515">
      </trkpt>
      <trkpt lat="30.7091606" lon="104.0592629">
      </trkpt>
      <trkpt lat="30.7126099" lon="104.0600516">
      </trkpt>
      <trkpt lat="30.7126946" lon="104.0600709">
      </trkpt>
      <trkpt lat="30.7127811" lon="104.0600907">
      </trkpt>
      <trkpt lat="30.7132352" lon="104.060207">
      </trkpt>
      <trkpt lat="30.715449" lon="104.0607">
      </trkpt>
      <trkpt lat="30.7163628" lon="104.0609091">
      </trkpt>
      <trkpt lat="30.7193257" lon="104.0615922">
      </trkpt>
      <trkpt lat="30.720203" lon="104.0617907">
      </trkpt>
      <trkpt lat="30.720835" lon="104.0619261">
      </trkpt>
      <trkpt lat="30.7210657" lon="104.0619886">
      </trkpt>
      <trkpt lat="30.7211965" lon="104.0620172">
      </trkpt>
      <trkpt lat="30.7213573" lon="104.0620551">
      </trkpt>
      <trkpt lat="30.7216525" lon="104.0621295">
      </trkpt>
      <trkpt lat="30.7220652" lon="104.0622267">
      </trkpt>
      <trkpt lat="30.7224445" lon="104.062308">
      </trkpt>
      <trkpt lat="30.7227486" lon="104.0623736">
      </trkpt>
      <trkpt lat="30.7245578" lon="104.0628387">
      </trkpt>
      <trkpt lat="30.7249787" lon="104.0629318">
      </trkpt>
      <trkpt lat="30.7252031" lon="104.0629705">
      </trkpt>
      <trkpt lat="30.7266039" lon="104.0632769">
      </trkpt>
      <trkpt lat="30.7277374" lon="104.063522">
      </trkpt>
      <trkpt lat="30.7278976" lon="104.0635554">
      </trkpt>
      <trkpt lat="30.7286484" lon="104.0637431">
      </trkpt>
      <trkpt lat="30.7289222" lon="104.0638039">
      </trkpt>
      <trkpt lat="30.7293059" lon="104.0639115">
      </trkpt>
      <trkpt lat="30.7299724" lon="104.0640711">
      </trkpt>
      <trkpt lat="30.7307225" lon="104.0642387">
      </trkpt>
      <trkpt lat="30.7318622" lon="104.0645015">
      </trkpt>
      <trkpt lat="30.7331229" lon="104.0647995">
      </trkpt>
      <trkpt lat="30.7335746" lon="104.0648999">
      </trkpt>
      <trkpt lat="30.7340327" lon="104.0650212">
      </trkpt>
      <trkpt lat="30.7351417" lon="104.0652982">
      </trkpt>
      <trkpt lat="30.7361991" lon="104.0655405">
      </trkpt>
      <trkpt lat="30.7371962" lon="104.0657787">
      </trkpt>
      <trkpt lat="30.738985" lon="104.0661999">
      </trkpt>
      <trkpt lat="30.7400501" lon="104.0664412">
      </trkpt>
      <trkpt lat="30.7405942" lon="104.0665611">
      </trkpt>
      <trkpt lat="30.7410042" lon="104.0666625">
      </trkpt>
      <trkpt lat="30.741543" lon="104.0668192">
      </trkpt>
      <trkpt lat="30.7420025" lon="104.0669881">
      </trkpt>
      <trkpt lat="30.7423055" lon="104.067123">
      </trkpt>
      <trkpt lat="30.7425572" lon="104.0672474">
      </trkpt>
      <trkpt lat="30.7428444" lon="104.067417">
      </trkpt>
      <trkpt lat="30.7432614" lon="104.0676955">
      </trkpt>
      <trkpt lat="30.7435524" lon="104.0679065">
      </trkpt>
      <trkpt lat="30.7438103" lon="104.0681101">
      </trkpt>
      <trkpt lat="30.7440472" lon="104.0683148">
      </trkpt>
      <trkpt lat="30.7443173" lon="104.0685843">
      </trkpt>
      <trkpt lat="30.7445481" lon="104.0688331">
      </trkpt>
      <trkpt lat="30.7447376" lon="104.0690464">
      </trkpt>
      <trkpt lat="30.7449503" lon="104.0693252">
      </trkpt>
      <trkpt lat="30.7451774" lon="104.0696433">
      </trkpt>
      <trkpt lat="30.745319" lon="104.0698345">
      </trkpt>
      <trkpt lat="30.7455116" lon="104.0701349">
      </trkpt>
      <trkpt lat="30.7457494" lon="104.0705656">
      </trkpt>
      <trkpt lat="30.7465856" lon="104.0721851">
      </trkpt>
      <trkpt lat="30.7508937" lon="104.0804182">
      </trkpt>
      <trkpt lat="30.7509512" lon="104.0805305">
      </trkpt>
      <trkpt lat="30.752121" lon="104.082769">
      </trkpt>
      <trkpt lat="30.7521698" lon="104.0828603">
      </trkpt>
      <trkpt lat="30.7574205" lon="104.092948">
      </trkpt>
      <trkpt lat="30.7576648" lon="104.0934136">
      </trkpt>
      <trkpt lat="30.7581041" lon="104.09427">
      </trkpt>
      <trkpt lat="30.7581752" lon="104.0943998">
      </trkpt>
      <trkpt lat="30.7586106" lon="104.0952502">
      </trkpt>
      <trkpt lat="30.7589384" lon="104.0958845">
      </trkpt>
      <trkpt lat="30.7595893" lon="104.0970673">
      </trkpt>
      <trkpt lat="30.7598791" lon="104.0976186">
      </trkpt>
      <trkpt lat="30.760085" lon="104.0980196">
      </trkpt>
      <trkpt lat="30.7604137" lon="104.0985992">
      </trkpt>
      <trkpt lat="30.7607051" lon="104.0990699">
      </trkpt>
      <trkpt lat="30.7610412" lon="104.0995322">
      </trkpt>
      <trkpt lat="30.7612195" lon="104.0997702">
      </trkpt>
      <trkpt lat="30.7613953" lon="104.0999695">
      </trkpt>
      <trkpt lat="30.7615274" lon="104.1001029">
      </trkpt>
      <trkpt lat="30.7619354" lon="104.1004928">
      </trkpt>
      <trkpt lat="30.7623781" lon="104.1008851">
      </trkpt>
      <trkpt lat="30.7633055" lon="104.1015952">
      </trkpt>
      <trkpt lat="30.7661633" lon="104.103737">
      </trkpt>
      <trkpt lat="30.7664721" lon="104.1039652">
      </trkpt>
      <trkpt lat="30.7704233" lon="104.1069247">
      </trkpt>
      <trkpt lat="30.7706514" lon="104.107088">
      </trkpt>
      <trkpt lat="30.7748336" lon="104.1101797">
      </trkpt>
      <trkpt lat="30.7783163" lon="104.1127608">
      </trkpt>
      <trkpt lat="30.7786593" lon="104.1130139">
      </trkpt>
      <trkpt lat="30.7860301" lon="104.1185075">
      </trkpt>
      <trkpt lat="30.7874384" lon="104.1194946">
      </trkpt>
      <trkpt lat="30.7882937" lon="104.1199495">
      </trkpt>
      <trkpt lat="30.7891417" lon="104.1203615">
      </trkpt>
      <trkpt lat="30.7893555" lon="104.1204559">
      </trkpt>
      <trkpt lat="30.7907269" lon="104.121091">
      </trkpt>
      <trkpt lat="30.791538" lon="104.1214344">
      </trkpt>
      <trkpt lat="30.7966917" lon="104.123726">
      </trkpt>
      <trkpt lat="30.799236" lon="104.12484">
      </trkpt>
      <trkpt lat="30.7993858" lon="104.1249011">
      </trkpt>
      <trkpt lat="30.801329" lon="104.1257774">
      </trkpt>
      <trkpt lat="30.8046762" lon="104.1272612">
      </trkpt>
      <trkpt lat="30.8052541" lon="104.1275218">
      </trkpt>
      <trkpt lat="30.8103588" lon="104.1298017">
      </trkpt>
      <trkpt lat="30.8106286" lon="104.1299183">
      </trkpt>
      <trkpt lat="30.8107428" lon="104.1299676">
      </trkpt>
      <trkpt lat="30.8159914" lon="104.1323046">
      </trkpt>
      <trkpt lat="30.8196946" lon="104.133963">
      </trkpt>
      <trkpt lat="30.8229972" lon="104.1354294">
      </trkpt>
      <trkpt lat="30.8239963" lon="104.1358835">
      </trkpt>
      <trkpt lat="30.8256036" lon="104.136724">
      </trkpt>
      <trkpt lat="30.8258565" lon="104.1368689">
      </trkpt>
      <trkpt lat="30.8275045" lon="104.137782">
      </trkpt>
      <trkpt lat="30.829888" lon="104.1390863">
      </trkpt>
      <trkpt lat="30.8308355" lon="104.1396067">
      </trkpt>
      <trkpt lat="30.834519" lon="104.1416875">
      </trkpt>
      <trkpt lat="30.8357827" lon="104.1423895">
      </trkpt>
      <trkpt lat="30.837114" lon="104.1431268">
      </trkpt>
      <trkpt lat="30.8385045" lon="104.1438634">
      </trkpt>
      <trkpt lat="30.8387522" lon="104.1439906">
      </trkpt>
      <trkpt lat="30.8388659" lon="104.1440546">
      </trkpt>
      <trkpt lat="30.8406953" lon="104.145084">
      </trkpt>
      <trkpt lat="30.8409401" lon="104.1452218">
      </trkpt>
      <trkpt lat="30.8418027" lon="104.1456816">
      </trkpt>
      <trkpt lat="30.842511" lon="104.1460636">
      </trkpt>
      <trkpt lat="30.8428933" lon="104.1462446">
      </trkpt>
      <trkpt lat="30.8432502" lon="104.146388">
      </trkpt>
      <trkpt lat="30.8442907" lon="104.1467931">
      </trkpt>
      <trkpt lat="30.8461518" lon="104.147519">
      </trkpt>
      <trkpt lat="30.8482744" lon="104.1483149">
      </trkpt>
      <trkpt lat="30.8495771" lon="104.1488214">
      </trkpt>
      <trkpt lat="30.8507445" lon="104.1492535">
      </trkpt>
      <trkpt lat="30.852418" lon="104.1498686">
      </trkpt>
      <trkpt lat="30.8528265" lon="104.1500293">
      </trkpt>
      <trkpt lat="30.8534214" lon="104.1503137">
      </trkpt>
      <trkpt lat="30.8536896" lon="104.1504496">
      </trkpt>
      <trkpt lat="30.854002" lon="104.1506235">
      </trkpt>
      <trkpt lat="30.8547035" lon="104.1510519">
      </trkpt>
      <trkpt lat="30.85527" lon="104.1514883">
      </trkpt>
      <trkpt lat="30.8555611" lon="104.1517485">
      </trkpt>
      <trkpt lat="30.856011" lon="104.1521383">
      </trkpt>
      <trkpt lat="30.8574266" lon="104.1536023">
      </trkpt>
      <trkpt lat="30.8577425" lon="104.1539241">
      </trkpt>
      <trkpt lat="30.8584684" lon="104.15471">
      </trkpt>
      <trkpt lat="30.8618208" lon="104.1582741">
      </trkpt>
      <trkpt lat="30.8638285" lon="104.1604092">
      </trkpt>
      <trkpt lat="30.8649318" lon="104.1615915">
      </trkpt>
      <trkpt lat="30.865278" lon="104.1619648">
      </trkpt>
      <trkpt lat="30.8669339" lon="104.1637415">
      </trkpt>
      <trkpt lat="30.8674533" lon="104.1643144">
      </trkpt>
      <trkpt lat="30.8678511" lon="104.164808">
      </trkpt>
      <trkpt lat="30.868225" lon="104.1652994">
      </trkpt>
      <trkpt lat="30.8686463" lon="104.1659397">
      </trkpt>
      <trkpt lat="30.8713781" lon="104.1703977">
      </trkpt>
      <trkpt lat="30.8770836" lon="104.1796913">
      </trkpt>
      <trkpt lat="30.877553" lon="104.1804412">
      </trkpt>
      <trkpt lat="30.8780052" lon="104.181192">
      </trkpt>
      <trkpt lat="30.8783815" lon="104.1818639">
      </trkpt>
      <trkpt lat="30.8788662" lon="104.1826753">
      </trkpt>
      <trkpt lat="30.8802453" lon="104.1848759">
      </trkpt>
      <trkpt lat="30.8805651" lon="104.1853757">
      </trkpt>
      <trkpt lat="30.8808735" lon="104.1859191">
      </trkpt>
      <trkpt lat="30.882408" lon="104.1887363">
      </trkpt>
      <trkpt lat="30.8829544" lon="104.1896303">
      </trkpt>
      <trkpt lat="30.8831497" lon="104.1899666">
      </trkpt>
      <trkpt lat="30.8832837" lon="104.1902474">
      </trkpt>
      <trkpt lat="30.8833861" lon="104.1905194">
      </trkpt>
      <trkpt lat="30.8834629" lon="104.1908195">
      </trkpt>
      <trkpt lat="30.8835141" lon="104.1911073">
      </trkpt>
      <trkpt lat="30.8835412" lon="104.1914179">
      </trkpt>
      <trkpt lat="30.8835458" lon="104.1917215">
      </trkpt>
      <trkpt lat="30.8835277" lon="104.1920269">
      </trkpt>
      <trkpt lat="30.8834915" lon="104.1922884">
      </trkpt>
      <trkpt lat="30.8834283" lon="104.1925604">
      </trkpt>
      <trkpt lat="30.88335" lon="104.1928254">
      </trkpt>
      <trkpt lat="30.883228" lon="104.1931149">
      </trkpt>
      <trkpt lat="30.8830789" lon="104.1933975">
      </trkpt>
      <trkpt lat="30.8829162" lon="104.1936467">
      </trkpt>
      <trkpt lat="30.8826737" lon="104.1939363">
      </trkpt>
      <trkpt lat="30.8823559" lon="104.1942697">
      </trkpt>
      <trkpt lat="30.8815302" lon="104.1951197">
      </trkpt>
      <trkpt lat="30.8814037" lon="104.1952366">
      </trkpt>
      <trkpt lat="30.8802783" lon="104.1962936">
      </trkpt>
      <trkpt lat="30.8799291" lon="104.1966448">
      </trkpt>
      <trkpt lat="30.879605" lon="104.1970439">
      </trkpt>
      <trkpt lat="30.8793496" lon="104.1974173">
      </trkpt>
      <trkpt lat="30.8791195" lon="104.1978132">
      </trkpt>
      <trkpt lat="30.8789457" lon="104.1982015">
      </trkpt>
      <trkpt lat="30.8787832" lon="104.198572">
      </trkpt>
      <trkpt lat="30.8786304" lon="104.1989373">
      </trkpt>
      <trkpt lat="30.8783983" lon="104.1994921">
      </trkpt>
      <trkpt lat="30.8764187" lon="104.2041878">
      </trkpt>
      <trkpt lat="30.8694635" lon="104.220858">
      </trkpt>
      <trkpt lat="30.8690334" lon="104.2218656">
      </trkpt>
      <trkpt lat="30.8687665" lon="104.2225113">
      </trkpt>
      <trkpt lat="30.8684417" lon="104.2233048">
      </trkpt>
      <trkpt lat="30.86814" lon="104.2240124">
      </trkpt>
      <trkpt lat="30.8677907" lon="104.2249414">
      </trkpt>
      <trkpt lat="30.8676242" lon="104.2254706">
      </trkpt>
      <trkpt lat="30.8674761" lon="104.2259488">
      </trkpt>
      <trkpt lat="30.8673424" lon="104.2264057">
      </trkpt>
      <trkpt lat="30.8672203" lon="104.2268599">
      </trkpt>
      <trkpt lat="30.8669898" lon="104.2278619">
      </trkpt>
      <trkpt lat="30.866847" lon="104.2286144">
      </trkpt>
      <trkpt lat="30.8666463" lon="104.2298066">
      </trkpt>
      <trkpt lat="30.8664249" lon="104.2312782">
      </trkpt>
      <trkpt lat="30.8661684" lon="104.2329459">
      </trkpt>
      <trkpt lat="30.8659664" lon="104.2342131">
      </trkpt>
      <trkpt lat="30.8657978" lon="104.2352983">
      </trkpt>
      <trkpt lat="30.8656659" lon="104.2361767">
      </trkpt>
      <trkpt lat="30.8655433" lon="104.2369934">
      </trkpt>
      <trkpt lat="30.8653737" lon="104.2378488">
      </trkpt>
      <trkpt lat="30.8652163" lon="104.2384599">
      </trkpt>
      <trkpt lat="30.8650145" lon="104.2390239">
      </trkpt>
      <trkpt lat="30.8647783" lon="104.2395854">
      </trkpt>
      <trkpt lat="30.8645154" lon="104.2401128">
      </trkpt>
      <trkpt lat="30.8641212" lon="104.2407535">
      </trkpt>
      <trkpt lat="30.8636188" lon="104.2414838">
      </trkpt>
      <trkpt lat="30.8632555" lon="104.2420089">
      </trkpt>
      <trkpt lat="30.8623322" lon="104.2432931">
      </trkpt>
      <trkpt lat="30.8608833" lon="104.2453573">
      </trkpt>
      <trkpt lat="30.8584517" lon="104.2488108">
      </trkpt>
      <trkpt lat="30.8565366" lon="104.2515325">
      </trkpt>
      <trkpt lat="30.8556819" lon="104.2527371">
      </trkpt>
      <trkpt lat="30.8554494" lon="104.2530649">
      </trkpt>
      <trkpt lat="30.8538966" lon="104.2552656">
      </trkpt>
      <trkpt lat="30.853549" lon="104.2557579">
      </trkpt>
      <trkpt lat="30.8523193" lon="104.2574995">
      </trkpt>
      <trkpt lat="30.8518785" lon="104.2581238">
      </trkpt>
      <trkpt lat="30.8509763" lon="104.2594105">
      </trkpt>
      <trkpt lat="30.8508721" lon="104.2595579">
      </trkpt>
      <trkpt lat="30.8498889" lon="104.2609498">
      </trkpt>
      <trkpt lat="30.849351" lon="104.2617291">
      </trkpt>
      <trkpt lat="30.8487073" lon="104.2626933">
      </trkpt>
      <trkpt lat="30.848284" lon="104.2633528">
      </trkpt>
      <trkpt lat="30.8479805" lon="104.2638986">
      </trkpt>
      <trkpt lat="30.8475553" lon="104.26466">
      </trkpt>
      <trkpt lat="30.8470931" lon="104.2655687">
      </trkpt>
      <trkpt lat="30.8458766" lon="104.2678849">
      </trkpt>
      <trkpt lat="30.8446999" lon="104.2701449">
      </trkpt>
      <trkpt lat="30.84395" lon="104.2716046">
      </trkpt>
      <trkpt lat="30.8433369" lon="104.2727013">
      </trkpt>
      <trkpt lat="30.8430798" lon="104.2732195">
      </trkpt>
      <trkpt lat="30.8426832" lon="104.2739319">
      </trkpt>
      <trkpt lat="30.8425133" lon="104.2742421">
      </trkpt>
      <trkpt lat="30.842345" lon="104.2744897">
      </trkpt>
      <trkpt lat="30.8421258" lon="104.2747855">
      </trkpt>
      <trkpt lat="30.8420141" lon="104.2749202">
      </trkpt>
      <trkpt lat="30.841906" lon="104.2750506">
      </trkpt>
      <trkpt lat="30.8417354" lon="104.27523">
      </trkpt>
      <trkpt lat="30.8408491" lon="104.2761198">
      </trkpt>
      <trkpt lat="30.8399416" lon="104.2770039">
      </trkpt>
      <trkpt lat="30.8393738" lon="104.2775616">
      </trkpt>
      <trkpt lat="30.8388886" lon="104.2780488">
      </trkpt>
      <trkpt lat="30.838469" lon="104.2784571">
      </trkpt>
      <trkpt lat="30.8382439" lon="104.2786711">
      </trkpt>
      <trkpt lat="30.8379804" lon="104.2789015">
      </trkpt>
      <trkpt lat="30.8378193" lon="104.2790577">
      </trkpt>
      <trkpt lat="30.8377241" lon="104.2791362">
      </trkpt>
      <trkpt lat="30.837571" lon="104.2792622">
      </trkpt>
      <trkpt lat="30.8374442" lon="104.2793482">
      </trkpt>
      <trkpt lat="30.8372972" lon="104.2794282">
      </trkpt>
      <trkpt lat="30.8370867" lon="104.2795341">
      </trkpt>
      <trkpt lat="30.8368182" lon="104.2796424">
      </trkpt>
      <trkpt lat="30.8365953" lon="104.2797198">
      </trkpt>
      <trkpt lat="30.8363883" lon="104.2797638">
      </trkpt>
      <trkpt lat="30.8361958" lon="104.2798009">
      </trkpt>
      <trkpt lat="30.8359525" lon="104.2798195">
      </trkpt>
      <trkpt lat="30.8357647" lon="104.279827">
      </trkpt>
      <trkpt lat="30.8354894" lon="104.2798625">
      </trkpt>
      <trkpt lat="30.8351998" lon="104.2798211">
      </trkpt>
      <trkpt lat="30.8349608" lon="104.2797757">
      </trkpt>
      <trkpt lat="30.8347404" lon="104.2797098">
      </trkpt>
      <trkpt lat="30.834549" lon="104.2796362">
      </trkpt>
      <trkpt lat="30.8343612" lon="104.2795619">
      </trkpt>
      <trkpt lat="30.8341451" lon="104.2794408">
      </trkpt>
      <trkpt lat="30.8339348" lon="104.2793086">
      </trkpt>
      <trkpt lat="30.8337335" lon="104.2791632">
      </trkpt>
      <trkpt lat="30.8334815" lon="104.2789558">
      </trkpt>
      <trkpt lat="30.8333075" lon="104.2787902">
      </trkpt>
      <trkpt lat="30.8330189" lon="104.278528">
      </trkpt>
      <trkpt lat="30.8322247" lon="104.2776778">
      </trkpt>
      <trkpt lat="30.8318307" lon="104.2772985">
      </trkpt>
      <trkpt lat="30.8298057" lon="104.2751977">
      </trkpt>
      <trkpt lat="30.8288806" lon="104.2742618">
      </trkpt>
      <trkpt lat="30.8284183" lon="104.2738017">
      </trkpt>
      <trkpt lat="30.8281437" lon="104.2735152">
      </trkpt>
      <trkpt lat="30.8278733" lon="104.2732544">
      </trkpt>
      <trkpt lat="30.8276758" lon="104.2730928">
      </trkpt>
      <trkpt lat="30.8274856" lon="104.2729604">
      </trkpt>
      <trkpt lat="30.8272532" lon="104.2727971">
      </trkpt>
      <trkpt lat="30.8269754" lon="104.2726294">
      </trkpt>
      <trkpt lat="30.8267415" lon="104.2724879">
      </trkpt>
      <trkpt lat="30.8262931" lon="104.2722533">
      </trkpt>
      <trkpt lat="30.8257538" lon="104.2719903">
      </trkpt>
      <trkpt lat="30.8247191" lon="104.2715423">
      </trkpt>
      <trkpt lat="30.8237407" lon="104.2711181">
      </trkpt>
      <trkpt lat="30.8225317" lon="104.2706">
      </trkpt>
      <trkpt lat="30.8214725" lon="104.2701278">
      </trkpt>
      <trkpt lat="30.8204672" lon="104.2696971">
      </trkpt>
      <trkpt lat="30.8191592" lon="104.2691305">
      </trkpt>
      <trkpt lat="30.8180184" lon="104.2686373">
      </trkpt>
      <trkpt lat="30.8169197" lon="104.268174">
      </trkpt>
      <trkpt lat="30.8162971" lon="104.267897">
      </trkpt>
      <trkpt lat="30.815809" lon="104.2677141">
      </trkpt>
      <trkpt lat="30.8155008" lon="104.2675868">
      </trkpt>
      <trkpt lat="30.8152251" lon="104.2675066">
      </trkpt>
      <trkpt lat="30.8150095" lon="104.2674368">
      </trkpt>
      <trkpt lat="30.8146441" lon="104.2673511">
      </trkpt>
      <trkpt lat="30.8143421" lon="104.2672804">
      </trkpt>
      <trkpt lat="30.8139128" lon="104.2672162">
      </trkpt>
      <trkpt lat="30.813026" lon="104.2670662">
      </trkpt>
      <trkpt lat="30.8091316" lon="104.2664267">
      </trkpt>
      <trkpt lat="30.8080717" lon="104.2662773">
      </trkpt>
      <trkpt lat="30.8071198" lon="104.2661185">
      </trkpt>
      <trkpt lat="30.8064202" lon="104.2660043">
      </trkpt>
      <trkpt lat="30.805767" lon="104.2658873">
      </trkpt>
      <trkpt lat="30.8051508" lon="104.2657469">
      </trkpt>
      <trkpt lat="30.8047682" lon="104.2656482">
      </trkpt>
      <trkpt lat="30.8045501" lon="104.265573">
      </trkpt>
      <trkpt lat="30.8042845" lon="104.2654767">
      </trkpt>
      <trkpt lat="30.8036971" lon="104.2652329">
      </trkpt>
      <trkpt lat="30.8032672" lon="104.2650177">
      </trkpt>
      <trkpt lat="30.8028406" lon="104.2647692">
      </trkpt>
      <trkpt lat="30.802561" lon="104.2645964">
      </trkpt>
      <trkpt lat="30.8022127" lon="104.2643415">
      </trkpt>
      <trkpt lat="30.8019195" lon="104.264134">
      </trkpt>
      <trkpt lat="30.8014238" lon="104.263736">
      </trkpt>
      <trkpt lat="30.8009496" lon="104.2633644">
      </trkpt>
      <trkpt lat="30.8004464" lon="104.2629757">
      </trkpt>
      <trkpt lat="30.7999181" lon="104.2625748">
      </trkpt>
      <trkpt lat="30.7993558" lon="104.2621449">
      </trkpt>
      <trkpt lat="30.7986993" lon="104.261638">
      </trkpt>
      <trkpt lat="30.7983268" lon="104.2613499">
      </trkpt>
      <trkpt lat="30.7974452" lon="104.2606801">
      </trkpt>
      <trkpt lat="30.7966794" lon="104.2600912">
      </trkpt>
      <trkpt lat="30.7950068" lon="104.2588554">
      </trkpt>
      <trkpt lat="30.7943901" lon="104.2583864">
      </trkpt>
      <trkpt lat="30.7932974" lon="104.2575465">
      </trkpt>
      <trkpt lat="30.7929849" lon="104.257291">
      </trkpt>
      <trkpt lat="30.792788" lon="104.2571137">
      </trkpt>
      <trkpt lat="30.7925741" lon="104.2569024">
      </trkpt>
      <trkpt lat="30.792387" lon="104.2566701">
      </trkpt>
      <trkpt lat="30.7922853" lon="104.2565424">
      </trkpt>
      <trkpt lat="30.7921775" lon="104.2564082">
      </trkpt>
      <trkpt lat="30.7920077" lon="104.25614">
      </trkpt>
      <trkpt lat="30.7918204" lon="104.2557776">
      </trkpt>
      <trkpt lat="30.79169" lon="104.255483">
      </trkpt>
      <trkpt lat="30.7915839" lon="104.255229">
      </trkpt>
      <trkpt lat="30.7914862" lon="104.2549107">
      </trkpt>
      <trkpt lat="30.7913823" lon="104.2545997">
      </trkpt>
      <trkpt lat="30.7912662" lon="104.2541571">
      </trkpt>
      <trkpt lat="30.7910431" lon="104.2533712">
      </trkpt>
      <trkpt lat="30.7906962" lon="104.2521311">
      </trkpt>
      <trkpt lat="30.7903805" lon="104.251013">
      </trkpt>
      <trkpt lat="30.7899724" lon="104.2493003">
      </trkpt>
      <trkpt lat="30.7898553" lon="104.2488835">
      </trkpt>
      <trkpt lat="30.7897409" lon="104.2485137">
      </trkpt>
      <trkpt lat="30.7896202" lon="104.2481959">
      </trkpt>
      <trkpt lat="30.7894935" lon="104.247918">
      </trkpt>
      <trkpt lat="30.7893392" lon="104.2476438">
      </trkpt>
      <trkpt lat="30.7891429" lon="104.2473691">
      </trkpt>
      <trkpt lat="30.7889224" lon="104.2470724">
      </trkpt>
      <trkpt lat="30.7886848" lon="104.2468259">
      </trkpt>
      <trkpt lat="30.7884483" lon="104.2466085">
      </trkpt>
      <trkpt lat="30.7882323" lon="104.2464481">
      </trkpt>
      <trkpt lat="30.7880309" lon="104.2463137">
      </trkpt>
      <trkpt lat="30.7877878" lon="104.2461794">
      </trkpt>
      <trkpt lat="30.7875242" lon="104.2460474">
      </trkpt>
      <trkpt lat="30.7863921" lon="104.2455328">
      </trkpt>
      <trkpt lat="30.7861801" lon="104.245408">
      </trkpt>
      <trkpt lat="30.7864021" lon="104.2454713">
      </trkpt>
      <trkpt lat="30.7875337" lon="104.2459974">
      </trkpt>
      <trkpt lat="30.7877911" lon="104.2461188">
      </trkpt>
      <trkpt lat="30.7880514" lon="104.2462568">
      </trkpt>
      <trkpt lat="30.7882802" lon="104.2463966">
      </trkpt>
      <trkpt lat="30.7885116" lon="104.2465614">
      </trkpt>
      <trkpt lat="30.7886911" lon="104.2467004">
      </trkpt>
      <trkpt lat="30.7889713" lon="104.2469367">
      </trkpt>
      <trkpt lat="30.7892339" lon="104.2471876">
      </trkpt>
      <trkpt lat="30.7894684" lon="104.2474363">
      </trkpt>
      <trkpt lat="30.7897136" lon="104.2477131">
      </trkpt>
      <trkpt lat="30.7899319" lon="104.2480128">
      </trkpt>
      <trkpt lat="30.7901366" lon="104.2483211">
      </trkpt>
      <trkpt lat="30.7903206" lon="104.2486369">
      </trkpt>
      <trkpt lat="30.7904947" lon="104.2489871">
      </trkpt>
      <trkpt lat="30.7906723" lon="104.2493954">
      </trkpt>
      <trkpt lat="30.7908081" lon="104.2497715">
      </trkpt>
      <trkpt lat="30.7909355" lon="104.2502032">
      </trkpt>
      <trkpt lat="30.7915669" lon="104.2528638">
      </trkpt>
      <trkpt lat="30.7916823" lon="104.2532993">
      </trkpt>
      <trkpt lat="30.7918185" lon="104.2538287">
      </trkpt>
      <trkpt lat="30.791916" lon="104.2542339">
      </trkpt>
      <trkpt lat="30.7919953" lon="104.2546809">
      </trkpt>
      <trkpt lat="30.7920472" lon="104.2550248">
      </trkpt>
      <trkpt lat="30.7920837" lon="104.2554085">
      </trkpt>
      <trkpt lat="30.792099" lon="104.2558462">
      </trkpt>
      <trkpt lat="30.7921328" lon="104.256351">
      </trkpt>
      <trkpt lat="30.7921493" lon="104.2567266">
      </trkpt>
      <trkpt lat="30.7921646" lon="104.2569972">
      </trkpt>
      <trkpt lat="30.7922113" lon="104.2573113">
      </trkpt>
      <trkpt lat="30.7922671" lon="104.2576432">
      </trkpt>
      <trkpt lat="30.7923539" lon="104.2579638">
      </trkpt>
      <trkpt lat="30.7924842" lon="104.2583613">
      </trkpt>
      <trkpt lat="30.7925889" lon="104.2586005">
      </trkpt>
      <trkpt lat="30.7927141" lon="104.258853">
      </trkpt>
      <trkpt lat="30.7928587" lon="104.2591055">
      </trkpt>
      <trkpt lat="30.7930243" lon="104.2593473">
      </trkpt>
      <trkpt lat="30.7932097" lon="104.2595718">
      </trkpt>
      <trkpt lat="30.7933712" lon="104.2597462">
      </trkpt>
      <trkpt lat="30.7935642" lon="104.2599354">
      </trkpt>
      <trkpt lat="30.7937565" lon="104.2600894">
      </trkpt>
      <trkpt lat="30.793931" lon="104.2602092">
      </trkpt>
      <trkpt lat="30.7942057" lon="104.2603789">
      </trkpt>
      <trkpt lat="30.7945194" lon="104.26053">
      </trkpt>
      <trkpt lat="30.7947674" lon="104.2606082">
      </trkpt>
      <trkpt lat="30.7950302" lon="104.2606878">
      </trkpt>
      <trkpt lat="30.7950346" lon="104.2606811">
      </trkpt>
      <trkpt lat="30.7952629" lon="104.2607193">
      </trkpt>
      <trkpt lat="30.7955365" lon="104.2607698">
      </trkpt>
      <trkpt lat="30.7961568" lon="104.260893">
      </trkpt>
      <trkpt lat="30.7967328" lon="104.2609784">
      </trkpt>
      <trkpt lat="30.7970474" lon="104.2610495">
      </trkpt>
      <trkpt lat="30.7973747" lon="104.2611778">
      </trkpt>
      <trkpt lat="30.7976826" lon="104.2612933">
      </trkpt>
      <trkpt lat="30.7978431" lon="104.261371">
      </trkpt>
      <trkpt lat="30.7980643" lon="104.2615054">
      </trkpt>
      <trkpt lat="30.7982326" lon="104.2616216">
      </trkpt>
      <trkpt lat="30.7984352" lon="104.2617576">
      </trkpt>
      <trkpt lat="30.7991671" lon="104.2622454">
      </trkpt>
      <trkpt lat="30.7996695" lon="104.2625672">
      </trkpt>
      <trkpt lat="30.7998201" lon="104.2626938">
      </trkpt>
      <trkpt lat="30.799909" lon="104.2627685">
      </trkpt>
      <trkpt lat="30.8005891" lon="104.2632158">
      </trkpt>
      <trkpt lat="30.8008971" lon="104.2634144">
      </trkpt>
      <trkpt lat="30.8011486" lon="104.263608">
      </trkpt>
      <trkpt lat="30.8015925" lon="104.2639564">
      </trkpt>
      <trkpt lat="30.8019324" lon="104.2642292">
      </trkpt>
      <trkpt lat="30.802364" lon="104.2645612">
      </trkpt>
      <trkpt lat="30.8028207" lon="104.264862">
      </trkpt>
      <trkpt lat="30.8031621" lon="104.2650614">
      </trkpt>
      <trkpt lat="30.8035773" lon="104.2652632">
      </trkpt>
      <trkpt lat="30.8042333" lon="104.2655517">
      </trkpt>
      <trkpt lat="30.804561" lon="104.2656677">
      </trkpt>
      <trkpt lat="30.8049739" lon="104.2658089">
      </trkpt>
      <trkpt lat="30.8054165" lon="104.2659059">
      </trkpt>
      <trkpt lat="30.8061707" lon="104.2660427">
      </trkpt>
      <trkpt lat="30.8080217" lon="104.2663594">
      </trkpt>
      <trkpt lat="30.809076" lon="104.2665206">
      </trkpt>
      <trkpt lat="30.8130266" lon="104.2671527">
      </trkpt>
      <trkpt lat="30.8140991" lon="104.267332">
      </trkpt>
      <trkpt lat="30.8146677" lon="104.267443">
      </trkpt>
      <trkpt lat="30.8150597" lon="104.2675485">
      </trkpt>
      <trkpt lat="30.8153683" lon="104.2676342">
      </trkpt>
      <trkpt lat="30.8157807" lon="104.2678016">
      </trkpt>
      <trkpt lat="30.8161168" lon="104.2679274">
      </trkpt>
      <trkpt lat="30.8166778" lon="104.26817">
      </trkpt>
      <trkpt lat="30.8175038" lon="104.2685188">
      </trkpt>
      <trkpt lat="30.8203009" lon="104.2697305">
      </trkpt>
      <trkpt lat="30.8216515" lon="104.2703455">
      </trkpt>
      <trkpt lat="30.8231707" lon="104.2710023">
      </trkpt>
      <trkpt lat="30.8242899" lon="104.2714753">
      </trkpt>
      <trkpt lat="30.8253913" lon="104.2719418">
      </trkpt>
      <trkpt lat="30.825869" lon="104.2721686">
      </trkpt>
      <trkpt lat="30.8262912" lon="104.2723742">
      </trkpt>
      <trkpt lat="30.8266847" lon="104.2725659">
      </trkpt>
      <trkpt lat="30.8272837" lon="104.2729218">
      </trkpt>
      <trkpt lat="30.8276343" lon="104.273181">
      </trkpt>
      <trkpt lat="30.8278697" lon="104.273378">
      </trkpt>
      <trkpt lat="30.8280878" lon="104.2735913">
      </trkpt>
      <trkpt lat="30.828675" lon="104.2741896">
      </trkpt>
      <trkpt lat="30.8297898" lon="104.2753447">
      </trkpt>
      <trkpt lat="30.8317755" lon="104.2773755">
      </trkpt>
      <trkpt lat="30.8321927" lon="104.2777993">
      </trkpt>
      <trkpt lat="30.8331343" lon="104.2787612">
      </trkpt>
      <trkpt lat="30.834198" lon="104.2798304">
      </trkpt>
      <trkpt lat="30.8348072" lon="104.2804527">
      </trkpt>
      <trkpt lat="30.8354946" lon="104.2811463">
      </trkpt>
      <trkpt lat="30.8357491" lon="104.2814288">
      </trkpt>
      <trkpt lat="30.8361015" lon="104.2818468">
      </trkpt>
      <trkpt lat="30.8363463" lon="104.2821607">
      </trkpt>
      <trkpt lat="30.8365552" lon="104.2824469">
      </trkpt>
      <trkpt lat="30.8367377" lon="104.2827362">
      </trkpt>
      <trkpt lat="30.8369248" lon="104.2830686">
      </trkpt>
      <trkpt lat="30.837082" lon="104.2833964">
      </trkpt>
      <trkpt lat="30.8372551" lon="104.2837642">
      </trkpt>
      <trkpt lat="30.8374388" lon="104.2842243">
      </trkpt>
      <trkpt lat="30.8375522" lon="104.2845388">
      </trkpt>
      <trkpt lat="30.8377217" lon="104.2851093">
      </trkpt>
      <trkpt lat="30.8378422" lon="104.2855761">
      </trkpt>
      <trkpt lat="30.8379068" lon="104.2859977">
      </trkpt>
      <trkpt lat="30.8379691" lon="104.2864142">
      </trkpt>
      <trkpt lat="30.838007" lon="104.2868798">
      </trkpt>
      <trkpt lat="30.8380212" lon="104.2873612">
      </trkpt>
      <trkpt lat="30.8380278" lon="104.2878264">
      </trkpt>
      <trkpt lat="30.837993" lon="104.2883493">
      </trkpt>
      <trkpt lat="30.8379614" lon="104.2887589">
      </trkpt>
      <trkpt lat="30.8379023" lon="104.2895842">
      </trkpt>
      <trkpt lat="30.8378485" lon="104.2900903">
      </trkpt>
      <trkpt lat="30.837839" lon="104.2901792">
      </trkpt>
      <trkpt lat="30.8377604" lon="104.2911056">
      </trkpt>
      <trkpt lat="30.8376235" lon="104.2924465">
      </trkpt>
      <trkpt lat="30.8375614" lon="104.2929906">
      </trkpt>
      <trkpt lat="30.8374144" lon="104.2944152">
      </trkpt>
      <trkpt lat="30.8372141" lon="104.2964081">
      </trkpt>
      <trkpt lat="30.8370759" lon="104.2977573">
      </trkpt>
      <trkpt lat="30.8369737" lon="104.2987712">
      </trkpt>
      <trkpt lat="30.836821" lon="104.30023">
      </trkpt>
      <trkpt lat="30.8367611" lon="104.3008026">
      </trkpt>
      <trkpt lat="30.836693" lon="104.3015218">
      </trkpt>
      <trkpt lat="30.8366489" lon="104.3021242">
      </trkpt>
      <trkpt lat="30.8366408" lon="104.3027874">
      </trkpt>
      <trkpt lat="30.8366809" lon="104.3036747">
      </trkpt>
      <trkpt lat="30.8367616" lon="104.3049118">
      </trkpt>
      <trkpt lat="30.8367692" lon="104.305029">
      </trkpt>
      <trkpt lat="30.8369175" lon="104.3067942">
      </trkpt>
      <trkpt lat="30.8369551" lon="104.3072808">
      </trkpt>
      <trkpt lat="30.8371305" lon="104.3095488">
      </trkpt>
      <trkpt lat="30.8372047" lon="104.3104851">
      </trkpt>
      <trkpt lat="30.8375976" lon="104.3155964">
      </trkpt>
      <trkpt lat="30.8378322" lon="104.3187393">
      </trkpt>
      <trkpt lat="30.8378956" lon="104.3195286">
      </trkpt>
      <trkpt lat="30.8379404" lon="104.3201472">
      </trkpt>
      <trkpt lat="30.8380051" lon="104.3210418">
      </trkpt>
      <trkpt lat="30.8380499" lon="104.3216194">
      </trkpt>
      <trkpt lat="30.8380962" lon="104.3222175">
      </trkpt>
      <trkpt lat="30.8382857" lon="104.3246644">
      </trkpt>
      <trkpt lat="30.8383817" lon="104.3259062">
      </trkpt>
      <trkpt lat="30.8384784" lon="104.3271239">
      </trkpt>
      <trkpt lat="30.838572" lon="104.3283179">
      </trkpt>
      <trkpt lat="30.8386296" lon="104.3291762">
      </trkpt>
      <trkpt lat="30.8387198" lon="104.3302495">
      </trkpt>
      <trkpt lat="30.8387472" lon="104.3306269">
      </trkpt>
      <trkpt lat="30.8387738" lon="104.330994">
      </trkpt>
      <trkpt lat="30.8388014" lon="104.3313577">
      </trkpt>
      <trkpt lat="30.8388582" lon="104.3321215">
      </trkpt>
      <trkpt lat="30.8389201" lon="104.3329454">
      </trkpt>
      <trkpt lat="30.8389752" lon="104.333632">
      </trkpt>
      <trkpt lat="30.8390397" lon="104.334484">
      </trkpt>
      <trkpt lat="30.8390762" lon="104.3349645">
      </trkpt>
      <trkpt lat="30.8391261" lon="104.3355854">
      </trkpt>
      <trkpt lat="30.8391283" lon="104.3358988">
      </trkpt>
      <trkpt lat="30.8391505" lon="104.3359894">
      </trkpt>
      <trkpt lat="30.8393427" lon="104.3384598">
      </trkpt>
      <trkpt lat="30.8394821" lon="104.3402801">
      </trkpt>
      <trkpt lat="30.8398871" lon="104.3453152">
      </trkpt>
      <trkpt lat="30.8400017" lon="104.3462512">
      </trkpt>
      <trkpt lat="30.8401667" lon="104.3472913">
      </trkpt>
      <trkpt lat="30.8403913" lon="104.3486415">
      </trkpt>
      <trkpt lat="30.8405563" lon="104.3496185">
      </trkpt>
      <trkpt lat="30.8407199" lon="104.3505868">
      </trkpt>
      <trkpt lat="30.84077" lon="104.3508869">
      </trkpt>
      <trkpt lat="30.8409527" lon="104.3520224">
      </trkpt>
      <trkpt lat="30.8411114" lon="104.3529774">
      </trkpt>
      <trkpt lat="30.8413003" lon="104.3542229">
      </trkpt>
      <trkpt lat="30.841386" lon="104.3550547">
      </trkpt>
      <trkpt lat="30.8414389" lon="104.3558851">
      </trkpt>
      <trkpt lat="30.8414678" lon="104.3565922">
      </trkpt>
      <trkpt lat="30.8414729" lon="104.3575619">
      </trkpt>
      <trkpt lat="30.8414855" lon="104.358646">
      </trkpt>
      <trkpt lat="30.8414968" lon="104.3596597">
      </trkpt>
      <trkpt lat="30.8415176" lon="104.3614955">
      </trkpt>
      <trkpt lat="30.8415723" lon="104.3628361">
      </trkpt>
      <trkpt lat="30.8416792" lon="104.3642495">
      </trkpt>
      <trkpt lat="30.8418278" lon="104.3658953">
      </trkpt>
      <trkpt lat="30.8419438" lon="104.3672404">
      </trkpt>
      <trkpt lat="30.8420963" lon="104.3688801">
      </trkpt>
      <trkpt lat="30.8422032" lon="104.3700932">
      </trkpt>
      <trkpt lat="30.8423258" lon="104.3712212">
      </trkpt>
      <trkpt lat="30.8424639" lon="104.3721807">
      </trkpt>
      <trkpt lat="30.8426438" lon="104.3734348">
      </trkpt>
      <trkpt lat="30.8428276" lon="104.3747131">
      </trkpt>
      <trkpt lat="30.8429645" lon="104.375662">
      </trkpt>
      <trkpt lat="30.8431587" lon="104.3769662">
      </trkpt>
      <trkpt lat="30.8433451" lon="104.378284">
      </trkpt>
      <trkpt lat="30.8435445" lon="104.3796717">
      </trkpt>
      <trkpt lat="30.8438039" lon="104.3814449">
      </trkpt>
      <trkpt lat="30.8440594" lon="104.3831939">
      </trkpt>
      <trkpt lat="30.8440972" lon="104.3834642">
      </trkpt>
      <trkpt lat="30.8441389" lon="104.3837299">
      </trkpt>
      <trkpt lat="30.8441598" lon="104.3838847">
      </trkpt>
      <trkpt lat="30.8441754" lon="104.383991">
      </trkpt>
      <trkpt lat="30.844225" lon="104.3843493">
      </trkpt>
      <trkpt lat="30.8443775" lon="104.3853787">
      </trkpt>
      <trkpt lat="30.8444609" lon="104.3860239">
      </trkpt>
      <trkpt lat="30.8445026" lon="104.3863898">
      </trkpt>
      <trkpt lat="30.8445547" lon="104.3869485">
      </trkpt>
      <trkpt lat="30.8445939" lon="104.3874207">
      </trkpt>
      <trkpt lat="30.8446356" lon="104.3881494">
      </trkpt>
      <trkpt lat="30.8446512" lon="104.3889647">
      </trkpt>
      <trkpt lat="30.8446538" lon="104.3895249">
      </trkpt>
      <trkpt lat="30.844659" lon="104.390949">
      </trkpt>
      <trkpt lat="30.8446551" lon="104.3924612">
      </trkpt>
      <trkpt lat="30.844659" lon="104.3944759">
      </trkpt>
      <trkpt lat="30.8446642" lon="104.3961429">
      </trkpt>
      <trkpt lat="30.8446655" lon="104.3981545">
      </trkpt>
      <trkpt lat="30.8446734" lon="104.398906">
      </trkpt>
      <trkpt lat="30.8446994" lon="104.3997304">
      </trkpt>
      <trkpt lat="30.8447516" lon="104.4016677">
      </trkpt>
      <trkpt lat="30.8448168" lon="104.4037268">
      </trkpt>
      <trkpt lat="30.8448741" lon="104.4056018">
      </trkpt>
      <trkpt lat="30.8449041" lon="104.4065515">
      </trkpt>
      <trkpt lat="30.8449171" lon="104.4070335">
      </trkpt>
      <trkpt lat="30.844925" lon="104.4073949">
      </trkpt>
      <trkpt lat="30.8451792" lon="104.4160997">
      </trkpt>
      <trkpt lat="30.8451957" lon="104.4180413">
      </trkpt>
      <trkpt lat="30.8452" lon="104.4182374">
      </trkpt>
      <trkpt lat="30.8452965" lon="104.420202">
      </trkpt>
      <trkpt lat="30.8453304" lon="104.4215714">
      </trkpt>
      <trkpt lat="30.8453395" lon="104.4223282">
      </trkpt>
      <trkpt lat="30.8452953" lon="104.4227791">
      </trkpt>
      <trkpt lat="30.8451967" lon="104.4232654">
      </trkpt>
      <trkpt lat="30.8450861" lon="104.4237056">
      </trkpt>
      <trkpt lat="30.844837" lon="104.4245609">
      </trkpt>
      <trkpt lat="30.8446948" lon="104.4250494">
      </trkpt>
      <trkpt lat="30.8446205" lon="104.4252802">
      </trkpt>
      <trkpt lat="30.8445071" lon="104.4255945">
      </trkpt>
      <trkpt lat="30.8444184" lon="104.4259254">
      </trkpt>
      <trkpt lat="30.8441564" lon="104.4269578">
      </trkpt>
      <trkpt lat="30.8437719" lon="104.4284426">
      </trkpt>
      <trkpt lat="30.8435346" lon="104.4293809">
      </trkpt>
      <trkpt lat="30.8432987" lon="104.4302888">
      </trkpt>
      <trkpt lat="30.8428216" lon="104.4321729">
      </trkpt>
      <trkpt lat="30.8425036" lon="104.43343">
      </trkpt>
      <trkpt lat="30.8423093" lon="104.4341785">
      </trkpt>
      <trkpt lat="30.8422298" lon="104.4345019">
      </trkpt>
      <trkpt lat="30.8421855" lon="104.4347706">
      </trkpt>
      <trkpt lat="30.8419997" lon="104.4356428">
      </trkpt>
      <trkpt lat="30.8417725" lon="104.4367089">
      </trkpt>
      <trkpt lat="30.8412711" lon="104.4386599">
      </trkpt>
      <trkpt lat="30.8410757" lon="104.4391472">
      </trkpt>
      <trkpt lat="30.8409153" lon="104.4394822">
      </trkpt>
      <trkpt lat="30.8407254" lon="104.4398171">
      </trkpt>
      <trkpt lat="30.8405411" lon="104.4400533">
      </trkpt>
      <trkpt lat="30.8403899" lon="104.4402294">
      </trkpt>
      <trkpt lat="30.8402166" lon="104.4404183">
      </trkpt>
      <trkpt lat="30.8400296" lon="104.4406272">
      </trkpt>
      <trkpt lat="30.8375445" lon="104.4416142">
      </trkpt>
      <trkpt lat="30.8347901" lon="104.4419526">
      </trkpt>
      <trkpt lat="30.8344066" lon="104.441921">
      </trkpt>
      <trkpt lat="30.8338487" lon="104.441815">
      </trkpt>
      <trkpt lat="30.8332792" lon="104.4416277">
      </trkpt>
      <trkpt lat="30.8324844" lon="104.4412447">
      </trkpt>
      <trkpt lat="30.8319857" lon="104.4410096">
      </trkpt>
      <trkpt lat="30.8314704" lon="104.4407691">
      </trkpt>
      <trkpt lat="30.8308251" lon="104.4404449">
      </trkpt>
      <trkpt lat="30.8299697" lon="104.4400284">
      </trkpt>
      <trkpt lat="30.8292654" lon="104.4396763">
      </trkpt>
      <trkpt lat="30.8288542" lon="104.4394916">
      </trkpt>
      <trkpt lat="30.8283896" lon="104.4393284">
      </trkpt>
      <trkpt lat="30.8278144" lon="104.4391459">
      </trkpt>
      <trkpt lat="30.8271691" lon="104.4390042">
      </trkpt>
      <trkpt lat="30.8265477" lon="104.4389097">
      </trkpt>
      <trkpt lat="30.8258379" lon="104.4388389">
      </trkpt>
      <trkpt lat="30.8252055" lon="104.4387852">
      </trkpt>
      <trkpt lat="30.8244735" lon="104.4387208">
      </trkpt>
      <trkpt lat="30.8236862" lon="104.4386671">
      </trkpt>
      <trkpt lat="30.82305" lon="104.4386392">
      </trkpt>
      <trkpt lat="30.8225596" lon="104.4386671">
      </trkpt>
      <trkpt lat="30.8221945" lon="104.4386864">
      </trkpt>
      <trkpt lat="30.8217243" lon="104.4387423">
      </trkpt>
      <trkpt lat="30.8212947" lon="104.4388239">
      </trkpt>
      <trkpt lat="30.820642" lon="104.4389591">
      </trkpt>
      <trkpt lat="30.820122" lon="104.4390643">
      </trkpt>
      <trkpt lat="30.8196205" lon="104.4391524">
      </trkpt>
      <trkpt lat="30.8191872" lon="104.4392297">
      </trkpt>
      <trkpt lat="30.8186321" lon="104.439337">
      </trkpt>
      <trkpt lat="30.8177047" lon="104.4395217">
      </trkpt>
      <trkpt lat="30.8167347" lon="104.4397235">
      </trkpt>
      <trkpt lat="30.8159603" lon="104.4398759">
      </trkpt>
      <trkpt lat="30.8152965" lon="104.4400048">
      </trkpt>
      <trkpt lat="30.8146437" lon="104.4401701">
      </trkpt>
      <trkpt lat="30.8141827" lon="104.4403139">
      </trkpt>
      <trkpt lat="30.8131021" lon="104.4406532">
      </trkpt>
      <trkpt lat="30.8120731" lon="104.4409924">
      </trkpt>
      <trkpt lat="30.8109907" lon="104.4413403">
      </trkpt>
      <trkpt lat="30.8099174" lon="104.4417053">
      </trkpt>
      <trkpt lat="30.8086059" lon="104.4421945">
      </trkpt>
      <trkpt lat="30.8075448" lon="104.4428833">
      </trkpt>
      <trkpt lat="30.8069226" lon="104.4435388">
      </trkpt>
      <trkpt lat="30.8065352" lon="104.4441432">
      </trkpt>
      <trkpt lat="30.8061993" lon="104.4447654">
      </trkpt>
      <trkpt lat="30.8056992" lon="104.4456564">
      </trkpt>
      <trkpt lat="30.8049721" lon="104.4469185">
      </trkpt>
      <trkpt lat="30.8048053" lon="104.4472105">
      </trkpt>
      <trkpt lat="30.8038327" lon="104.4489139">
      </trkpt>
      <trkpt lat="30.8032677" lon="104.449945">
      </trkpt>
      <trkpt lat="30.8030463" lon="104.4504205">
      </trkpt>
      <trkpt lat="30.802886" lon="104.450856">
      </trkpt>
      <trkpt lat="30.8027868" lon="104.4511715">
      </trkpt>
      <trkpt lat="30.8026761" lon="104.4516337">
      </trkpt>
      <trkpt lat="30.8025864" lon="104.4521737">
      </trkpt>
      <trkpt lat="30.8025425" lon="104.4526225">
      </trkpt>
      <trkpt lat="30.8025253" lon="104.4531069">
      </trkpt>
      <trkpt lat="30.8025329" lon="104.4535802">
      </trkpt>
      <trkpt lat="30.802573" lon="104.4539935">
      </trkpt>
      <trkpt lat="30.8026379" lon="104.4544312">
      </trkpt>
      <trkpt lat="30.8027123" lon="104.454769">
      </trkpt>
      <trkpt lat="30.802823" lon="104.4551956">
      </trkpt>
      <trkpt lat="30.8030788" lon="104.4560756">
      </trkpt>
      <trkpt lat="30.8032059" lon="104.4565184">
      </trkpt>
      <trkpt lat="30.803346" lon="104.4569821">
      </trkpt>
      <trkpt lat="30.8037143" lon="104.458202">
      </trkpt>
      <trkpt lat="30.8038556" lon="104.4586865">
      </trkpt>
      <trkpt lat="30.8039491" lon="104.4590464">
      </trkpt>
      <trkpt lat="30.8040312" lon="104.4594486">
      </trkpt>
      <trkpt lat="30.8040655" lon="104.459713">
      </trkpt>
      <trkpt lat="30.8040961" lon="104.4600663">
      </trkpt>
      <trkpt lat="30.8040999" lon="104.4604441">
      </trkpt>
      <trkpt lat="30.8040712" lon="104.4608041">
      </trkpt>
      <trkpt lat="30.8040312" lon="104.4611662">
      </trkpt>
      <trkpt lat="30.8039491" lon="104.4615618">
      </trkpt>
      <trkpt lat="30.8038861" lon="104.4617862">
      </trkpt>
      <trkpt lat="30.8037811" lon="104.4621106">
      </trkpt>
      <trkpt lat="30.803596" lon="104.4625372">
      </trkpt>
      <trkpt lat="30.8033842" lon="104.4629328">
      </trkpt>
      <trkpt lat="30.8032563" lon="104.463107">
      </trkpt>
      <trkpt lat="30.8030626" lon="104.4633783">
      </trkpt>
      <trkpt lat="30.8026674" lon="104.4638068">
      </trkpt>
      <trkpt lat="30.8022774" lon="104.4641399">
      </trkpt>
      <trkpt lat="30.8019832" lon="104.4643521">
      </trkpt>
      <trkpt lat="30.8014515" lon="104.4647024">
      </trkpt>
      <trkpt lat="30.8011931" lon="104.4648623">
      </trkpt>
      <trkpt lat="30.8008276" lon="104.465069">
      </trkpt>
      <trkpt lat="30.8004001" lon="104.4653579">
      </trkpt>
      <trkpt lat="30.8001023" lon="104.4656379">
      </trkpt>
      <trkpt lat="30.7998046" lon="104.4659845">
      </trkpt>
      <trkpt lat="30.7996557" lon="104.4662001">
      </trkpt>
      <trkpt lat="30.7994648" lon="104.4665011">
      </trkpt>
      <trkpt lat="30.7991938" lon="104.4670733">
      </trkpt>
      <trkpt lat="30.7990297" lon="104.4674911">
      </trkpt>
      <trkpt lat="30.7989371" lon="104.4678721">
      </trkpt>
      <trkpt lat="30.7988703" lon="104.4682932">
      </trkpt>
      <trkpt lat="30.7988378" lon="104.4686243">
      </trkpt>
      <trkpt lat="30.7987924" lon="104.4691861">
      </trkpt>
      <trkpt lat="30.7986874" lon="104.4705195">
      </trkpt>
      <trkpt lat="30.7986226" lon="104.4713431">
      </trkpt>
      <trkpt lat="30.7985935" lon="104.4721751">
      </trkpt>
      <trkpt lat="30.7986136" lon="104.4724818">
      </trkpt>
      <trkpt lat="30.7986632" lon="104.4728873">
      </trkpt>
      <trkpt lat="30.7987405" lon="104.4733395">
      </trkpt>
      <trkpt lat="30.7988474" lon="104.473905">
      </trkpt>
      <trkpt lat="30.798982" lon="104.4748438">
      </trkpt>
      <trkpt lat="30.7989955" lon="104.4750657">
      </trkpt>
      <trkpt lat="30.7990017" lon="104.4755253">
      </trkpt>
      <trkpt lat="30.7989745" lon="104.4759819">
      </trkpt>
      <trkpt lat="30.7988957" lon="104.4764905">
      </trkpt>
      <trkpt lat="30.7987562" lon="104.4772216">
      </trkpt>
      <trkpt lat="30.7985481" lon="104.4782903">
      </trkpt>
      <trkpt lat="30.7984227" lon="104.4790024">
      </trkpt>
      <trkpt lat="30.7982566" lon="104.4795807">
      </trkpt>
      <trkpt lat="30.7980862" lon="104.4800703">
      </trkpt>
      <trkpt lat="30.797617" lon="104.4813042">
      </trkpt>
      <trkpt lat="30.7971713" lon="104.4822379">
      </trkpt>
      <trkpt lat="30.7967993" lon="104.4830108">
      </trkpt>
      <trkpt lat="30.796375" lon="104.4839298">
      </trkpt>
      <trkpt lat="30.7958522" lon="104.4850742">
      </trkpt>
      <trkpt lat="30.7954597" lon="104.4859652">
      </trkpt>
      <trkpt lat="30.7951867" lon="104.4864705">
      </trkpt>
      <trkpt lat="30.7948637" lon="104.4869409">
      </trkpt>
      <trkpt lat="30.7945297" lon="104.4873343">
      </trkpt>
      <trkpt lat="30.7942233" lon="104.4875704">
      </trkpt>
      <trkpt lat="30.7938914" lon="104.4878126">
      </trkpt>
      <trkpt lat="30.7934812" lon="104.4880489">
      </trkpt>
      <trkpt lat="30.7930409" lon="104.4882201">
      </trkpt>
      <trkpt lat="30.7925597" lon="104.4882726">
      </trkpt>
      <trkpt lat="30.7920609" lon="104.4882838">
      </trkpt>
      <trkpt lat="30.79168" lon="104.4882547">
      </trkpt>
      <trkpt lat="30.7906622" lon="104.4880531">
      </trkpt>
      <trkpt lat="30.7897773" lon="104.4878475">
      </trkpt>
      <trkpt lat="30.7890114" lon="104.4877392">
      </trkpt>
      <trkpt lat="30.7883847" lon="104.4878152">
      </trkpt>
      <trkpt lat="30.7876386" lon="104.4879909">
      </trkpt>
      <trkpt lat="30.7870532" lon="104.4882098">
      </trkpt>
      <trkpt lat="30.7864372" lon="104.4885763">
      </trkpt>
      <trkpt lat="30.7854892" lon="104.4894134">
      </trkpt>
      <trkpt lat="30.7847864" lon="104.4900413">
      </trkpt>
      <trkpt lat="30.7830538" lon="104.49163">
      </trkpt>
      <trkpt lat="30.7825552" lon="104.4920866">
      </trkpt>
      <trkpt lat="30.7819341" lon="104.4924766">
      </trkpt>
      <trkpt lat="30.7805611" lon="104.4933994">
      </trkpt>
      <trkpt lat="30.7792044" lon="104.4944933">
      </trkpt>
      <trkpt lat="30.7772068" lon="104.4961827">
      </trkpt>
      <trkpt lat="30.7757356" lon="104.497153">
      </trkpt>
      <trkpt lat="30.7737576" lon="104.4980472">
      </trkpt>
      <trkpt lat="30.7713873" lon="104.4991317">
      </trkpt>
      <trkpt lat="30.7705536" lon="104.4996264">
      </trkpt>
      <trkpt lat="30.7667432" lon="104.5024525">
      </trkpt>
      <trkpt lat="30.7652888" lon="104.5034615">
      </trkpt>
      <trkpt lat="30.7619708" lon="104.5055736">
      </trkpt>
      <trkpt lat="30.7607265" lon="104.506421">
      </trkpt>
      <trkpt lat="30.7588815" lon="104.5081767">
      </trkpt>
      <trkpt lat="30.7571968" lon="104.5100256">
      </trkpt>
      <trkpt lat="30.7558494" lon="104.5116629">
      </trkpt>
      <trkpt lat="30.7546463" lon="104.5134122">
      </trkpt>
      <trkpt lat="30.753814" lon="104.5150678">
      </trkpt>
      <trkpt lat="30.7529573" lon="104.517289">
      </trkpt>
      <trkpt lat="30.7523572" lon="104.5190438">
      </trkpt>
      <trkpt lat="30.7510555" lon="104.5232522">
      </trkpt>
      <trkpt lat="30.7494485" lon="104.527999">
      </trkpt>
      <trkpt lat="30.7479554" lon="104.5321171">
      </trkpt>
      <trkpt lat="30.7470435" lon="104.5345743">
      </trkpt>
      <trkpt lat="30.7467784" lon="104.53516">
      </trkpt>
      <trkpt lat="30.7462261" lon="104.5365083">
      </trkpt>
      <trkpt lat="30.745984" lon="104.53721">
      </trkpt>
      <trkpt lat="30.745783" lon="104.5380024">
      </trkpt>
      <trkpt lat="30.7456369" lon="104.5386936">
      </trkpt>
      <trkpt lat="30.7455628" lon="104.5393149">
      </trkpt>
      <trkpt lat="30.7455228" lon="104.5399021">
      </trkpt>
      <trkpt lat="30.7454403" lon="104.5409572">
      </trkpt>
      <trkpt lat="30.7453876" lon="104.541971">
      </trkpt>
      <trkpt lat="30.7453114" lon="104.5429339">
      </trkpt>
      <trkpt lat="30.745287" lon="104.543228">
      </trkpt>
      <trkpt lat="30.745277" lon="104.5433534">
      </trkpt>
      <trkpt lat="30.7451645" lon="104.5447959">
      </trkpt>
      <trkpt lat="30.7450867" lon="104.5456511">
      </trkpt>
      <trkpt lat="30.7448933" lon="104.5465913">
      </trkpt>
      <trkpt lat="30.7446087" lon="104.54751">
      </trkpt>
      <trkpt lat="30.7431221" lon="104.552167">
      </trkpt>
      <trkpt lat="30.7422706" lon="104.5549007">
      </trkpt>
      <trkpt lat="30.7412894" lon="104.5581542">
      </trkpt>
      <trkpt lat="30.7405372" lon="104.5603231">
      </trkpt>
      <trkpt lat="30.7402032" lon="104.5611531">
      </trkpt>
      <trkpt lat="30.7396283" lon="104.5627255">
      </trkpt>
      <trkpt lat="30.7393885" lon="104.5633321">
      </trkpt>
      <trkpt lat="30.7392587" lon="104.5636897">
      </trkpt>
      <trkpt lat="30.7391294" lon="104.5640462">
      </trkpt>
      <trkpt lat="30.7390966" lon="104.5641366">
      </trkpt>
      <trkpt lat="30.7345694" lon="104.5766113">
      </trkpt>
      <trkpt lat="30.7342004" lon="104.5776715">
      </trkpt>
      <trkpt lat="30.7339786" lon="104.5784825">
      </trkpt>
      <trkpt lat="30.7338938" lon="104.5787923">
      </trkpt>
      <trkpt lat="30.7338333" lon="104.5790666">
      </trkpt>
      <trkpt lat="30.733755" lon="104.5795067">
      </trkpt>
      <trkpt lat="30.7336933" lon="104.5799993">
      </trkpt>
      <trkpt lat="30.7336539" lon="104.5804141">
      </trkpt>
      <trkpt lat="30.7336401" lon="104.5808236">
      </trkpt>
      <trkpt lat="30.733595" lon="104.5821101">
      </trkpt>
      <trkpt lat="30.7334781" lon="104.585129">
      </trkpt>
      <trkpt lat="30.7334459" lon="104.5862662">
      </trkpt>
      <trkpt lat="30.7333965" lon="104.5873803">
      </trkpt>
      <trkpt lat="30.7333318" lon="104.5879472">
      </trkpt>
      <trkpt lat="30.7332692" lon="104.5883839">
      </trkpt>
      <trkpt lat="30.7332042" lon="104.5887257">
      </trkpt>
      <trkpt lat="30.7331268" lon="104.5890674">
      </trkpt>
      <trkpt lat="30.7330066" lon="104.5895234">
      </trkpt>
      <trkpt lat="30.7318158" lon="104.5937565">
      </trkpt>
      <trkpt lat="30.7307855" lon="104.5974094">
      </trkpt>
      <trkpt lat="30.7298513" lon="104.600447">
      </trkpt>
      <trkpt lat="30.7294234" lon="104.6021018">
      </trkpt>
      <trkpt lat="30.7291112" lon="104.6035009">
      </trkpt>
      <trkpt lat="30.7289261" lon="104.6048463">
      </trkpt>
      <trkpt lat="30.7288683" lon="104.6059763">
      </trkpt>
      <trkpt lat="30.7288336" lon="104.6073351">
      </trkpt>
      <trkpt lat="30.7287411" lon="104.6087074">
      </trkpt>
      <trkpt lat="30.7286359" lon="104.6104747">
      </trkpt>
      <trkpt lat="30.7285377" lon="104.6127197">
      </trkpt>
      <trkpt lat="30.7284233" lon="104.614394">
      </trkpt>
      <trkpt lat="30.7280798" lon="104.6164488">
      </trkpt>
      <trkpt lat="30.7275892" lon="104.618123">
      </trkpt>
      <trkpt lat="30.7268205" lon="104.621053">
      </trkpt>
      <trkpt lat="30.7257574" lon="104.6250865">
      </trkpt>
      <trkpt lat="30.7234117" lon="104.6337033">
      </trkpt>
      <trkpt lat="30.7220701" lon="104.6385196">
      </trkpt>
      <trkpt lat="30.7206823" lon="104.6421251">
      </trkpt>
      <trkpt lat="30.7180916" lon="104.6483943">
      </trkpt>
      <trkpt lat="30.717097" lon="104.6507082">
      </trkpt>
      <trkpt lat="30.7163477" lon="104.651989">
      </trkpt>
      <trkpt lat="30.7148209" lon="104.6540658">
      </trkpt>
      <trkpt lat="30.713951" lon="104.6551478">
      </trkpt>
      <trkpt lat="30.7124937" lon="104.6575694">
      </trkpt>
      <trkpt lat="30.711684" lon="104.6591838">
      </trkpt>
      <trkpt lat="30.7101369" lon="104.6626763">
      </trkpt>
      <trkpt lat="30.7078299" lon="104.6676545">
      </trkpt>
      <trkpt lat="30.7061845" lon="104.6711308">
      </trkpt>
      <trkpt lat="30.7050163" lon="104.674138">
      </trkpt>
      <trkpt lat="30.7037992" lon="104.6772863">
      </trkpt>
      <trkpt lat="30.7021294" lon="104.681473">
      </trkpt>
      <trkpt lat="30.7018924" lon="104.6820639">
      </trkpt>
      <trkpt lat="30.701239" lon="104.6838571">
      </trkpt>
      <trkpt lat="30.7008895" lon="104.685267">
      </trkpt>
      <trkpt lat="30.7006811" lon="104.686833">
      </trkpt>
      <trkpt lat="30.7005102" lon="104.688216">
      </trkpt>
      <trkpt lat="30.7003347" lon="104.6901445">
      </trkpt>
      <trkpt lat="30.7003042" lon="104.6905776">
      </trkpt>
      <trkpt lat="30.7003263" lon="104.6916223">
      </trkpt>
      <trkpt lat="30.7003587" lon="104.6931597">
      </trkpt>
      <trkpt lat="30.7004638" lon="104.696092">
      </trkpt>
      <trkpt lat="30.7009498" lon="104.7007398">
      </trkpt>
      <trkpt lat="30.7015332" lon="104.703477">
      </trkpt>
      <trkpt lat="30.7017981" lon="104.7049105">
      </trkpt>
      <trkpt lat="30.7022317" lon="104.7070455">
      </trkpt>
      <trkpt lat="30.702373" lon="104.7077683">
      </trkpt>
      <trkpt lat="30.7024162" lon="104.7084832">
      </trkpt>
      <trkpt lat="30.702407" lon="104.7092128">
      </trkpt>
      <trkpt lat="30.7023076" lon="104.7102337">
      </trkpt>
      <trkpt lat="30.7022917" lon="104.7112405">
      </trkpt>
      <trkpt lat="30.7022896" lon="104.7120138">
      </trkpt>
      <trkpt lat="30.7026184" lon="104.7146477">
      </trkpt>
      <trkpt lat="30.70324" lon="104.7173113">
      </trkpt>
      <trkpt lat="30.7040253" lon="104.7209642">
      </trkpt>
      <trkpt lat="30.7044015" lon="104.722258">
      </trkpt>
      <trkpt lat="30.7055096" lon="104.7238883">
      </trkpt>
      <trkpt lat="30.7057999" lon="104.7248311">
      </trkpt>
      <trkpt lat="30.705917" lon="104.7257942">
      </trkpt>
      <trkpt lat="30.7059312" lon="104.7266939">
      </trkpt>
      <trkpt lat="30.7058663" lon="104.7273713">
      </trkpt>
      <trkpt lat="30.7057333" lon="104.7280565">
      </trkpt>
      <trkpt lat="30.7055528" lon="104.7294859">
      </trkpt>
      <trkpt lat="30.705524" lon="104.7305962">
      </trkpt>
      <trkpt lat="30.7058775" lon="104.7328253">
      </trkpt>
      <trkpt lat="30.7059355" lon="104.7335458">
      </trkpt>
      <trkpt lat="30.7058893" lon="104.7342982">
      </trkpt>
      <trkpt lat="30.7055009" lon="104.7365163">
      </trkpt>
      <trkpt lat="30.7051686" lon="104.7374665">
      </trkpt>
      <trkpt lat="30.7044342" lon="104.7387724">
      </trkpt>
      <trkpt lat="30.703829" lon="104.7400661">
      </trkpt>
      <trkpt lat="30.7031746" lon="104.7418355">
      </trkpt>
      <trkpt lat="30.702602" lon="104.7447275">
      </trkpt>
      <trkpt lat="30.7022258" lon="104.7475623">
      </trkpt>
      <trkpt lat="30.7022072" lon="104.749696">
      </trkpt>
      <trkpt lat="30.7021574" lon="104.7505555">
      </trkpt>
      <trkpt lat="30.70208" lon="104.7512964">
      </trkpt>
      <trkpt lat="30.7019555" lon="104.7520585">
      </trkpt>
      <trkpt lat="30.7017841" lon="104.7538218">
      </trkpt>
      <trkpt lat="30.7017042" lon="104.7547776">
      </trkpt>
      <trkpt lat="30.701695" lon="104.7578748">
      </trkpt>
      <trkpt lat="30.7017199" lon="104.7583454">
      </trkpt>
      <trkpt lat="30.701692" lon="104.7589356">
      </trkpt>
      <trkpt lat="30.7016359" lon="104.7593073">
      </trkpt>
      <trkpt lat="30.7014576" lon="104.7601991">
      </trkpt>
      <trkpt lat="30.7011839" lon="104.7611593">
      </trkpt>
      <trkpt lat="30.7008608" lon="104.7618169">
      </trkpt>
      <trkpt lat="30.7004263" lon="104.7626307">
      </trkpt>
      <trkpt lat="30.699782" lon="104.7636309">
      </trkpt>
      <trkpt lat="30.6988046" lon="104.765262">
      </trkpt>
      <trkpt lat="30.6982462" lon="104.7661551">
      </trkpt>
      <trkpt lat="30.697932" lon="104.7667898">
      </trkpt>
      <trkpt lat="30.6975449" lon="104.7677456">
      </trkpt>
      <trkpt lat="30.6971831" lon="104.7688343">
      </trkpt>
      <trkpt lat="30.6969039" lon="104.7696609">
      </trkpt>
      <trkpt lat="30.6966913" lon="104.7702144">
      </trkpt>
      <trkpt lat="30.6963422" lon="104.7709008">
      </trkpt>
      <trkpt lat="30.69599" lon="104.7714581">
      </trkpt>
      <trkpt lat="30.695533" lon="104.7721961">
      </trkpt>
      <trkpt lat="30.6951269" lon="104.7730006">
      </trkpt>
      <trkpt lat="30.6948032" lon="104.7738309">
      </trkpt>
      <trkpt lat="30.6945834" lon="104.774643">
      </trkpt>
      <trkpt lat="30.6943812" lon="104.7759778">
      </trkpt>
      <trkpt lat="30.6942383" lon="104.7768754">
      </trkpt>
      <trkpt lat="30.6941622" lon="104.7776836">
      </trkpt>
      <trkpt lat="30.69414" lon="104.778263">
      </trkpt>
      <trkpt lat="30.6941442" lon="104.7788796">
      </trkpt>
      <trkpt lat="30.6942007" lon="104.7797159">
      </trkpt>
      <trkpt lat="30.6942925" lon="104.7805285">
      </trkpt>
      <trkpt lat="30.6945019" lon="104.7827277">
      </trkpt>
      <trkpt lat="30.69487" lon="104.7856577">
      </trkpt>
      <trkpt lat="30.695087" lon="104.7873688">
      </trkpt>
      <trkpt lat="30.6957117" lon="104.7933689">
      </trkpt>
      <trkpt lat="30.6959893" lon="104.7942838">
      </trkpt>
      <trkpt lat="30.6977939" lon="104.7988175">
      </trkpt>
      <trkpt lat="30.6983145" lon="104.8004588">
      </trkpt>
      <trkpt lat="30.6986306" lon="104.8020008">
      </trkpt>
      <trkpt lat="30.6988971" lon="104.8036688">
      </trkpt>
      <trkpt lat="30.6990589" lon="104.804894">
      </trkpt>
      <trkpt lat="30.6990748" lon="104.8056357">
      </trkpt>
      <trkpt lat="30.6990367" lon="104.8063996">
      </trkpt>
      <trkpt lat="30.6989276" lon="104.8075083">
      </trkpt>
      <trkpt lat="30.6987607" lon="104.8086618">
      </trkpt>
      <trkpt lat="30.6987078" lon="104.809486">
      </trkpt>
      <trkpt lat="30.6987384" lon="104.8100678">
      </trkpt>
      <trkpt lat="30.6987733" lon="104.8105771">
      </trkpt>
      <trkpt lat="30.6989574" lon="104.811448">
      </trkpt>
      <trkpt lat="30.6991937" lon="104.8121901">
      </trkpt>
      <trkpt lat="30.7006859" lon="104.8161453">
      </trkpt>
      <trkpt lat="30.7008787" lon="104.8167524">
      </trkpt>
      <trkpt lat="30.7010437" lon="104.8174149">
      </trkpt>
      <trkpt lat="30.7011849" lon="104.8182968">
      </trkpt>
      <trkpt lat="30.7012759" lon="104.8191051">
      </trkpt>
      <trkpt lat="30.7012759" lon="104.8212576">
      </trkpt>
      <trkpt lat="30.7012296" lon="104.8243249">
      </trkpt>
      <trkpt lat="30.7015651" lon="104.827325">
      </trkpt>
      <trkpt lat="30.701727" lon="104.829639">
      </trkpt>
      <trkpt lat="30.7015188" lon="104.8314552">
      </trkpt>
      <trkpt lat="30.7013106" lon="104.8323834">
      </trkpt>
      <trkpt lat="30.7011411" lon="104.8331531">
      </trkpt>
      <trkpt lat="30.7007674" lon="104.8348528">
      </trkpt>
      <trkpt lat="30.700636" lon="104.8354948">
      </trkpt>
      <trkpt lat="30.7004416" lon="104.8364436">
      </trkpt>
      <trkpt lat="30.6995499" lon="104.8407685">
      </trkpt>
      <trkpt lat="30.6993143" lon="104.8418854">
      </trkpt>
      <trkpt lat="30.6990989" lon="104.8426082">
      </trkpt>
      <trkpt lat="30.6988274" lon="104.8432867">
      </trkpt>
      <trkpt lat="30.6985492" lon="104.8438373">
      </trkpt>
      <trkpt lat="30.6981228" lon="104.8444792">
      </trkpt>
      <trkpt lat="30.6974452" lon="104.8453559">
      </trkpt>
      <trkpt lat="30.6969673" lon="104.8459352">
      </trkpt>
      <trkpt lat="30.6965993" lon="104.8464911">
      </trkpt>
      <trkpt lat="30.6963121" lon="104.8470834">
      </trkpt>
      <trkpt lat="30.6960406" lon="104.8477227">
      </trkpt>
      <trkpt lat="30.695906" lon="104.8483255">
      </trkpt>
      <trkpt lat="30.6957601" lon="104.8492231">
      </trkpt>
      <trkpt lat="30.6953899" lon="104.8513446">
      </trkpt>
      <trkpt lat="30.695262" lon="104.8520753">
      </trkpt>
      <trkpt lat="30.6950243" lon="104.8529044">
      </trkpt>
      <trkpt lat="30.6947628" lon="104.853563">
      </trkpt>
      <trkpt lat="30.694534" lon="104.8540773">
      </trkpt>
      <trkpt lat="30.694269" lon="104.8545775">
      </trkpt>
      <trkpt lat="30.6938902" lon="104.8554045">
      </trkpt>
      <trkpt lat="30.6930046" lon="104.8573931">
      </trkpt>
      <trkpt lat="30.6921717" lon="104.8591555">
      </trkpt>
      <trkpt lat="30.6917761" lon="104.860042">
      </trkpt>
      <trkpt lat="30.6914175" lon="104.8611849">
      </trkpt>
      <trkpt lat="30.6912809" lon="104.861725">
      </trkpt>
      <trkpt lat="30.6908528" lon="104.8634201">
      </trkpt>
      <trkpt lat="30.6902628" lon="104.8656399">
      </trkpt>
      <trkpt lat="30.689881" lon="104.8672678">
      </trkpt>
      <trkpt lat="30.6896844" lon="104.868223">
      </trkpt>
      <trkpt lat="30.6896112" lon="104.869016">
      </trkpt>
      <trkpt lat="30.6895559" lon="104.8708099">
      </trkpt>
      <trkpt lat="30.689534" lon="104.8745257">
      </trkpt>
      <trkpt lat="30.6895129" lon="104.8753509">
      </trkpt>
      <trkpt lat="30.6894082" lon="104.8763541">
      </trkpt>
      <trkpt lat="30.6894238" lon="104.8764957">
      </trkpt>
      <trkpt lat="30.6892062" lon="104.8772312">
      </trkpt>
      <trkpt lat="30.6887338" lon="104.8791691">
      </trkpt>
      <trkpt lat="30.6872502" lon="104.8839259">
      </trkpt>
      <trkpt lat="30.686585" lon="104.8863238">
      </trkpt>
      <trkpt lat="30.6862713" lon="104.8879761">
      </trkpt>
      <trkpt lat="30.6861049" lon="104.8891285">
      </trkpt>
      <trkpt lat="30.6860591" lon="104.8896303">
      </trkpt>
      <trkpt lat="30.6860411" lon="104.8901261">
      </trkpt>
      <trkpt lat="30.6861017" lon="104.8908306">
      </trkpt>
      <trkpt lat="30.6862207" lon="104.8914751">
      </trkpt>
      <trkpt lat="30.6864383" lon="104.8922449">
      </trkpt>
      <trkpt lat="30.6865918" lon="104.8927404">
      </trkpt>
      <trkpt lat="30.6868418" lon="104.8934664">
      </trkpt>
      <trkpt lat="30.6871939" lon="104.8944563">
      </trkpt>
      <trkpt lat="30.6876193" lon="104.8955345">
      </trkpt>
      <trkpt lat="30.6878516" lon="104.8959067">
      </trkpt>
      <trkpt lat="30.6880981" lon="104.8963017">
      </trkpt>
      <trkpt lat="30.6890392" lon="104.8973531">
      </trkpt>
      <trkpt lat="30.6899065" lon="104.8980826">
      </trkpt>
      <trkpt lat="30.6916963" lon="104.8992843">
      </trkpt>
      <trkpt lat="30.6921576" lon="104.899692">
      </trkpt>
      <trkpt lat="30.6926743" lon="104.9004215">
      </trkpt>
      <trkpt lat="30.6945932" lon="104.9040908">
      </trkpt>
      <trkpt lat="30.695978" lon="104.9066067">
      </trkpt>
      <trkpt lat="30.696217" lon="104.9071378">
      </trkpt>
      <trkpt lat="30.6963461" lon="104.9082321">
      </trkpt>
      <trkpt lat="30.6961985" lon="104.9096698">
      </trkpt>
      <trkpt lat="30.6958304" lon="104.9119282">
      </trkpt>
      <trkpt lat="30.6956634" lon="104.9131459">
      </trkpt>
      <trkpt lat="30.6956884" lon="104.9139335">
      </trkpt>
      <trkpt lat="30.6958529" lon="104.9145838">
      </trkpt>
      <trkpt lat="30.6961487" lon="104.915632">
      </trkpt>
      <trkpt lat="30.6962723" lon="104.9164933">
      </trkpt>
      <trkpt lat="30.6963238" lon="104.9174587">
      </trkpt>
      <trkpt lat="30.6962564" lon="104.9182989">
      </trkpt>
      <trkpt lat="30.6960904" lon="104.9190974">
      </trkpt>
      <trkpt lat="30.695691" lon="104.9201673">
      </trkpt>
      <trkpt lat="30.6950134" lon="104.9218373">
      </trkpt>
      <trkpt lat="30.6947127" lon="104.9225888">
      </trkpt>
      <trkpt lat="30.6945287" lon="104.9233977">
      </trkpt>
      <trkpt lat="30.6944569" lon="104.9240501">
      </trkpt>
      <trkpt lat="30.6944524" lon="104.9248225">
      </trkpt>
      <trkpt lat="30.6945242" lon="104.925955">
      </trkpt>
      <trkpt lat="30.6946117" lon="104.926793">
      </trkpt>
      <trkpt lat="30.6947351" lon="104.9280686">
      </trkpt>
      <trkpt lat="30.6949623" lon="104.9300975">
      </trkpt>
      <trkpt lat="30.6949224" lon="104.9310515">
      </trkpt>
      <trkpt lat="30.6947489" lon="104.932161">
      </trkpt>
      <trkpt lat="30.6946495" lon="104.9324203">
      </trkpt>
      <trkpt lat="30.6943727" lon="104.9331498">
      </trkpt>
      <trkpt lat="30.6938376" lon="104.9341369">
      </trkpt>
      <trkpt lat="30.6918993" lon="104.9374146">
      </trkpt>
      <trkpt lat="30.6905892" lon="104.9396891">
      </trkpt>
      <trkpt lat="30.689316" lon="104.9413842">
      </trkpt>
      <trkpt lat="30.6870094" lon="104.9444312">
      </trkpt>
      <trkpt lat="30.6864198" lon="104.9453807">
      </trkpt>
      <trkpt lat="30.6861246" lon="104.9460245">
      </trkpt>
      <trkpt lat="30.6858838" lon="104.9468559">
      </trkpt>
      <trkpt lat="30.685773" lon="104.947607">
      </trkpt>
      <trkpt lat="30.6857915" lon="104.9485511">
      </trkpt>
      <trkpt lat="30.6860128" lon="104.9504134">
      </trkpt>
      <trkpt lat="30.6863091" lon="104.9526978">
      </trkpt>
      <trkpt lat="30.6864567" lon="104.9541569">
      </trkpt>
      <trkpt lat="30.6867141" lon="104.9551601">
      </trkpt>
      <trkpt lat="30.68773" lon="104.9571181">
      </trkpt>
      <trkpt lat="30.6886517" lon="104.9592799">
      </trkpt>
      <trkpt lat="30.688874" lon="104.9601865">
      </trkpt>
      <trkpt lat="30.6888731" lon="104.9613184">
      </trkpt>
      <trkpt lat="30.6886895" lon="104.9624825">
      </trkpt>
      <trkpt lat="30.6878398" lon="104.965095">
      </trkpt>
      <trkpt lat="30.6875454" lon="104.9661517">
      </trkpt>
      <trkpt lat="30.687496" lon="104.9670778">
      </trkpt>
      <trkpt lat="30.6875423" lon="104.9677285">
      </trkpt>
      <trkpt lat="30.6876046" lon="104.9682427">
      </trkpt>
      <trkpt lat="30.6879505" lon="104.9699444">
      </trkpt>
      <trkpt lat="30.688099" lon="104.970851">
      </trkpt>
      <trkpt lat="30.6881034" lon="104.9714172">
      </trkpt>
      <trkpt lat="30.6880424" lon="104.9720852">
      </trkpt>
      <trkpt lat="30.6879238" lon="104.9727159">
      </trkpt>
      <trkpt lat="30.6877394" lon="104.9733899">
      </trkpt>
      <trkpt lat="30.6873859" lon="104.9746386">
      </trkpt>
      <trkpt lat="30.6856263" lon="104.9808503">
      </trkpt>
      <trkpt lat="30.6854686" lon="104.9815839">
      </trkpt>
      <trkpt lat="30.6854593" lon="104.9818105">
      </trkpt>
      <trkpt lat="30.6854233" lon="104.9827171">
      </trkpt>
      <trkpt lat="30.6854409" lon="104.9835056">
      </trkpt>
      <trkpt lat="30.6854556" lon="104.9836895">
      </trkpt>
      <trkpt lat="30.6855033" lon="104.9843434">
      </trkpt>
      <trkpt lat="30.6854962" lon="104.9850291">
      </trkpt>
      <trkpt lat="30.6854431" lon="104.9854812">
      </trkpt>
      <trkpt lat="30.6854049" lon="104.985807">
      </trkpt>
      <trkpt lat="30.6851835" lon="104.9866653">
      </trkpt>
      <trkpt lat="30.6840015" lon="104.9897713">
      </trkpt>
      <trkpt lat="30.6832801" lon="104.9912197">
      </trkpt>
      <trkpt lat="30.6829733" lon="104.9917052">
      </trkpt>
      <trkpt lat="30.6825451" lon="104.9922541">
      </trkpt>
      <trkpt lat="30.6821764" lon="104.9926289">
      </trkpt>
      <trkpt lat="30.6816247" lon="104.9930465">
      </trkpt>
      <trkpt lat="30.6809001" lon="104.9935103">
      </trkpt>
      <trkpt lat="30.6797211" lon="104.9942828">
      </trkpt>
      <trkpt lat="30.678982" lon="104.9947495">
      </trkpt>
      <trkpt lat="30.678373" lon="104.9953932">
      </trkpt>
      <trkpt lat="30.6778748" lon="104.9961442">
      </trkpt>
      <trkpt lat="30.677156" lon="104.9972654">
      </trkpt>
      <trkpt lat="30.676343" lon="104.9986333">
      </trkpt>
      <trkpt lat="30.6755125" lon="104.9995989">
      </trkpt>
      <trkpt lat="30.6746082" lon="105.0001568">
      </trkpt>
      <trkpt lat="30.6731512" lon="105.0006771">
      </trkpt>
      <trkpt lat="30.670548" lon="105.0013799">
      </trkpt>
      <trkpt lat="30.669867" lon="105.0015123">
      </trkpt>
      <trkpt lat="30.6689335" lon="105.0016938">
      </trkpt>
      <trkpt lat="30.6670237" lon="105.0023294">
      </trkpt>
      <trkpt lat="30.6628515" lon="105.003869">
      </trkpt>
      <trkpt lat="30.6607852" lon="105.0046683">
      </trkpt>
      <trkpt lat="30.65977" lon="105.0052047">
      </trkpt>
      <trkpt lat="30.6588461" lon="105.0059074">
      </trkpt>
      <trkpt lat="30.6577949" lon="105.0070286">
      </trkpt>
      <trkpt lat="30.6534571" lon="105.0124359">
      </trkpt>
      <trkpt lat="30.6525768" lon="105.0135288">
      </trkpt>
      <trkpt lat="30.6519791" lon="105.014446">
      </trkpt>
      <trkpt lat="30.6516604" lon="105.0152228">
      </trkpt>
      <trkpt lat="30.6514213" lon="105.0159454">
      </trkpt>
      <trkpt lat="30.6513516" lon="105.0163841">
      </trkpt>
      <trkpt lat="30.6513376" lon="105.0168904">
      </trkpt>
      <trkpt lat="30.6513495" lon="105.0176408">
      </trkpt>
      <trkpt lat="30.6513376" lon="105.0183912">
      </trkpt>
      <trkpt lat="30.6513248" lon="105.0188996">
      </trkpt>
      <trkpt lat="30.6512778" lon="105.0194335">
      </trkpt>
      <trkpt lat="30.6511947" lon="105.0198836">
      </trkpt>
      <trkpt lat="30.6509775" lon="105.0205754">
      </trkpt>
      <trkpt lat="30.6505605" lon="105.0214902">
      </trkpt>
      <trkpt lat="30.6502377" lon="105.0220599">
      </trkpt>
      <trkpt lat="30.64964" lon="105.0230188">
      </trkpt>
      <trkpt lat="30.6482292" lon="105.0252422">
      </trkpt>
      <trkpt lat="30.6477988" lon="105.0257286">
      </trkpt>
      <trkpt lat="30.64695" lon="105.0265068">
      </trkpt>
      <trkpt lat="30.6465196" lon="105.0268542">
      </trkpt>
      <trkpt lat="30.6454197" lon="105.0275629">
      </trkpt>
      <trkpt lat="30.6448697" lon="105.0280215">
      </trkpt>
      <trkpt lat="30.6443437" lon="105.0287997">
      </trkpt>
      <trkpt lat="30.643973" lon="105.029439">
      </trkpt>
      <trkpt lat="30.6435665" lon="105.0303284">
      </trkpt>
      <trkpt lat="30.6433872" lon="105.0308008">
      </trkpt>
      <trkpt lat="30.6420959" lon="105.0347892">
      </trkpt>
      <trkpt lat="30.6419166" lon="105.0355952">
      </trkpt>
      <trkpt lat="30.6419644" lon="105.0361371">
      </trkpt>
      <trkpt lat="30.642072" lon="105.0368042">
      </trkpt>
      <trkpt lat="30.6422035" lon="105.0380826">
      </trkpt>
      <trkpt lat="30.6423111" lon="105.0398753">
      </trkpt>
      <trkpt lat="30.6423231" lon="105.0410426">
      </trkpt>
      <trkpt lat="30.6422155" lon="105.0419181">
      </trkpt>
      <trkpt lat="30.641809" lon="105.0434606">
      </trkpt>
      <trkpt lat="30.6415269" lon="105.0443244">
      </trkpt>
      <trkpt lat="30.6409684" lon="105.0461371">
      </trkpt>
      <trkpt lat="30.6406889" lon="105.047947">
      </trkpt>
      <trkpt lat="30.6405888" lon="105.0489677">
      </trkpt>
      <trkpt lat="30.6403503" lon="105.0498113">
      </trkpt>
      <trkpt lat="30.6401307" lon="105.050582">
      </trkpt>
      <trkpt lat="30.6399202" lon="105.0510052">
      </trkpt>
      <trkpt lat="30.6396477" lon="105.0513705">
      </trkpt>
      <trkpt lat="30.6393253" lon="105.0517292">
      </trkpt>
      <trkpt lat="30.6387334" lon="105.0522447">
      </trkpt>
      <trkpt lat="30.6381289" lon="105.052706">
      </trkpt>
      <trkpt lat="30.6369377" lon="105.0535801">
      </trkpt>
      <trkpt lat="30.6359981" lon="105.0543555">
      </trkpt>
      <trkpt lat="30.6325069" lon="105.056948">
      </trkpt>
      <trkpt lat="30.6315146" lon="105.0578248">
      </trkpt>
      <trkpt lat="30.6289779" lon="105.0604025">
      </trkpt>
      <trkpt lat="30.6275681" lon="105.0617762">
      </trkpt>
      <trkpt lat="30.6272224" lon="105.062141">
      </trkpt>
      <trkpt lat="30.626819" lon="105.0626176">
      </trkpt>
      <trkpt lat="30.6263125" lon="105.0635133">
      </trkpt>
      <trkpt lat="30.6260614" lon="105.0641803">
      </trkpt>
      <trkpt lat="30.6255592" lon="105.0661815">
      </trkpt>
      <trkpt lat="30.624746" lon="105.0700586">
      </trkpt>
      <trkpt lat="30.6243155" lon="105.0726433">
      </trkpt>
      <trkpt lat="30.6242557" lon="105.0735605">
      </trkpt>
      <trkpt lat="30.6242045" lon="105.0757557">
      </trkpt>
      <trkpt lat="30.624239" lon="105.077502">
      </trkpt>
      <trkpt lat="30.6242323" lon="105.0776095">
      </trkpt>
      <trkpt lat="30.6243036" lon="105.0794804">
      </trkpt>
      <trkpt lat="30.6242318" lon="105.0810924">
      </trkpt>
      <trkpt lat="30.624172" lon="105.081954">
      </trkpt>
      <trkpt lat="30.623885" lon="105.0840107">
      </trkpt>
      <trkpt lat="30.6237176" lon="105.0850669">
      </trkpt>
      <trkpt lat="30.6236046" lon="105.0855485">
      </trkpt>
      <trkpt lat="30.6234446" lon="105.0860472">
      </trkpt>
      <trkpt lat="30.6231615" lon="105.0866904">
      </trkpt>
      <trkpt lat="30.6225677" lon="105.087989">
      </trkpt>
      <trkpt lat="30.6216727" lon="105.089083">
      </trkpt>
      <trkpt lat="30.6200224" lon="105.0906672">
      </trkpt>
      <trkpt lat="30.6184342" lon="105.0921685">
      </trkpt>
      <trkpt lat="30.6175717" lon="105.0931904">
      </trkpt>
      <trkpt lat="30.616151" lon="105.0950771">
      </trkpt>
      <trkpt lat="30.6150009" lon="105.0961776">
      </trkpt>
      <trkpt lat="30.6141214" lon="105.0967476">
      </trkpt>
      <trkpt lat="30.6122271" lon="105.0976909">
      </trkpt>
      <trkpt lat="30.6083659" lon="105.0998382">
      </trkpt>
      <trkpt lat="30.6065809" lon="105.101292">
      </trkpt>
      <trkpt lat="30.6061841" lon="105.10174">
      </trkpt>
      <trkpt lat="30.6057312" lon="105.1022786">
      </trkpt>
      <trkpt lat="30.6052438" lon="105.1029422">
      </trkpt>
      <trkpt lat="30.6042714" lon="105.1043341">
      </trkpt>
      <trkpt lat="30.6031989" lon="105.1057074">
      </trkpt>
      <trkpt lat="30.60206" lon="105.1073376">
      </trkpt>
      <trkpt lat="30.601215" lon="105.1085999">
      </trkpt>
      <trkpt lat="30.6008193" lon="105.1094694">
      </trkpt>
      <trkpt lat="30.5999511" lon="105.1122321">
      </trkpt>
      <trkpt lat="30.5994774" lon="105.1140981">
      </trkpt>
      <trkpt lat="30.5992589" lon="105.115768">
      </trkpt>
      <trkpt lat="30.5992211" lon="105.1168026">
      </trkpt>
      <trkpt lat="30.5993872" lon="105.1177209">
      </trkpt>
      <trkpt lat="30.5996466" lon="105.1188354">
      </trkpt>
      <trkpt lat="30.6000798" lon="105.1203243">
      </trkpt>
      <trkpt lat="30.6005997" lon="105.1222361">
      </trkpt>
      <trkpt lat="30.6010545" lon="105.1236978">
      </trkpt>
      <trkpt lat="30.6023193" lon="105.1278953">
      </trkpt>
      <trkpt lat="30.6032509" lon="105.1308272">
      </trkpt>
      <trkpt lat="30.6034521" lon="105.1319375">
      </trkpt>
      <trkpt lat="30.6034657" lon="105.1328454">
      </trkpt>
      <trkpt lat="30.6033917" lon="105.1337831">
      </trkpt>
      <trkpt lat="30.6031647" lon="105.1349471">
      </trkpt>
      <trkpt lat="30.6028543" lon="105.1358181">
      </trkpt>
      <trkpt lat="30.6021365" lon="105.1368483">
      </trkpt>
      <trkpt lat="30.601033" lon="105.1387735">
      </trkpt>
      <trkpt lat="30.600644" lon="105.1398265">
      </trkpt>
      <trkpt lat="30.6003395" lon="105.1410729">
      </trkpt>
      <trkpt lat="30.600352" lon="105.1418678">
      </trkpt>
      <trkpt lat="30.6004313" lon="105.1430943">
      </trkpt>
      <trkpt lat="30.6007236" lon="105.1444729">
      </trkpt>
      <trkpt lat="30.6010151" lon="105.1459456">
      </trkpt>
      <trkpt lat="30.6011139" lon="105.1466524">
      </trkpt>
      <trkpt lat="30.6011146" lon="105.1472937">
      </trkpt>
      <trkpt lat="30.6010536" lon="105.1479338">
      </trkpt>
      <trkpt lat="30.6008975" lon="105.1486696">
      </trkpt>
      <trkpt lat="30.6006338" lon="105.1495858">
      </trkpt>
      <trkpt lat="30.598993" lon="105.1535806">
      </trkpt>
      <trkpt lat="30.598659" lon="105.15491">
      </trkpt>
      <trkpt lat="30.5978031" lon="105.1579783">
      </trkpt>
      <trkpt lat="30.5964412" lon="105.1634881">
      </trkpt>
      <trkpt lat="30.5953924" lon="105.1666915">
      </trkpt>
      <trkpt lat="30.5945296" lon="105.169207">
      </trkpt>
      <trkpt lat="30.594242" lon="105.1701307">
      </trkpt>
      <trkpt lat="30.5941067" lon="105.1708185">
      </trkpt>
      <trkpt lat="30.5940898" lon="105.1718994">
      </trkpt>
      <trkpt lat="30.5942589" lon="105.1730589">
      </trkpt>
      <trkpt lat="30.5943266" lon="105.1734913">
      </trkpt>
      <trkpt lat="30.5943181" lon="105.1738843">
      </trkpt>
      <trkpt lat="30.5941151" lon="105.17526">
      </trkpt>
      <trkpt lat="30.5939798" lon="105.1758103">
      </trkpt>
      <trkpt lat="30.593738" lon="105.1764743">
      </trkpt>
      <trkpt lat="30.5935586" lon="105.1768912">
      </trkpt>
      <trkpt lat="30.5933074" lon="105.1772039">
      </trkpt>
      <trkpt lat="30.5927751" lon="105.1777459">
      </trkpt>
      <trkpt lat="30.5923025" lon="105.1782114">
      </trkpt>
      <trkpt lat="30.5915628" lon="105.1789267">
      </trkpt>
      <trkpt lat="30.5906915" lon="105.1799093">
      </trkpt>
      <trkpt lat="30.5901178" lon="105.1806566">
      </trkpt>
      <trkpt lat="30.5892632" lon="105.1824116">
      </trkpt>
      <trkpt lat="30.5879153" lon="105.1855674">
      </trkpt>
      <trkpt lat="30.5861031" lon="105.1897163">
      </trkpt>
      <trkpt lat="30.5854543" lon="105.1913113">
      </trkpt>
      <trkpt lat="30.5838776" lon="105.195309">
      </trkpt>
      <trkpt lat="30.5830039" lon="105.1979487">
      </trkpt>
      <trkpt lat="30.5824164" lon="105.1997173">
      </trkpt>
      <trkpt lat="30.5820603" lon="105.2008674">
      </trkpt>
      <trkpt lat="30.5819757" lon="105.2015096">
      </trkpt>
      <trkpt lat="30.5819774" lon="105.2023992">
      </trkpt>
      <trkpt lat="30.5820273" lon="105.2048297">
      </trkpt>
      <trkpt lat="30.5820207" lon="105.2058132">
      </trkpt>
      <trkpt lat="30.5820508" lon="105.207091">
      </trkpt>
      <trkpt lat="30.5819584" lon="105.2082185">
      </trkpt>
      <trkpt lat="30.5817665" lon="105.2091547">
      </trkpt>
      <trkpt lat="30.5815343" lon="105.2098341">
      </trkpt>
      <trkpt lat="30.5812977" lon="105.2103417">
      </trkpt>
      <trkpt lat="30.5799833" lon="105.2131191">
      </trkpt>
      <trkpt lat="30.5798075" lon="105.2135626">
      </trkpt>
      <trkpt lat="30.5796699" lon="105.2140976">
      </trkpt>
      <trkpt lat="30.5794995" lon="105.2149974">
      </trkpt>
      <trkpt lat="30.5794725" lon="105.2153274">
      </trkpt>
      <trkpt lat="30.5795024" lon="105.2159771">
      </trkpt>
      <trkpt lat="30.5795294" lon="105.2166233">
      </trkpt>
      <trkpt lat="30.5798032" lon="105.2177927">
      </trkpt>
      <trkpt lat="30.5805463" lon="105.2205568">
      </trkpt>
      <trkpt lat="30.5807042" lon="105.2212861">
      </trkpt>
      <trkpt lat="30.5809933" lon="105.222252">
      </trkpt>
      <trkpt lat="30.5812429" lon="105.2231903">
      </trkpt>
      <trkpt lat="30.5813665" lon="105.2240961">
      </trkpt>
      <trkpt lat="30.5813896" lon="105.2252978">
      </trkpt>
      <trkpt lat="30.5812926" lon="105.2263138">
      </trkpt>
      <trkpt lat="30.5810557" lon="105.2273787">
      </trkpt>
      <trkpt lat="30.5806663" lon="105.2287423">
      </trkpt>
      <trkpt lat="30.5794484" lon="105.2326632">
      </trkpt>
      <trkpt lat="30.5791673" lon="105.2337314">
      </trkpt>
      <trkpt lat="30.5777101" lon="105.2387024">
      </trkpt>
      <trkpt lat="30.577629" lon="105.2390402">
      </trkpt>
      <trkpt lat="30.5772743" lon="105.2406183">
      </trkpt>
      <trkpt lat="30.5766888" lon="105.2436396">
      </trkpt>
      <trkpt lat="30.5765699" lon="105.2447867">
      </trkpt>
      <trkpt lat="30.5765327" lon="105.245381">
      </trkpt>
      <trkpt lat="30.5765659" lon="105.2468496">
      </trkpt>
      <trkpt lat="30.5772175" lon="105.2574293">
      </trkpt>
      <trkpt lat="30.5772559" lon="105.2578063">
      </trkpt>
      <trkpt lat="30.5773136" lon="105.2586394">
      </trkpt>
      <trkpt lat="30.5773439" lon="105.2590779">
      </trkpt>
      <trkpt lat="30.5775578" lon="105.2623332">
      </trkpt>
      <trkpt lat="30.5775732" lon="105.2627554">
      </trkpt>
      <trkpt lat="30.5775286" lon="105.2634181">
      </trkpt>
      <trkpt lat="30.5773854" lon="105.2642183">
      </trkpt>
      <trkpt lat="30.577134" lon="105.2650401">
      </trkpt>
      <trkpt lat="30.5766694" lon="105.2660821">
      </trkpt>
      <trkpt lat="30.5749559" lon="105.2696843">
      </trkpt>
      <trkpt lat="30.5741939" lon="105.2713247">
      </trkpt>
      <trkpt lat="30.5736952" lon="105.2724834">
      </trkpt>
      <trkpt lat="30.5734982" lon="105.2733719">
      </trkpt>
      <trkpt lat="30.5734025" lon="105.2742613">
      </trkpt>
      <trkpt lat="30.5734957" lon="105.2754143">
      </trkpt>
      <trkpt lat="30.5736753" lon="105.2760842">
      </trkpt>
      <trkpt lat="30.5739409" lon="105.2767482">
      </trkpt>
      <trkpt lat="30.5749703" lon="105.2788918">
      </trkpt>
      <trkpt lat="30.5754267" lon="105.2797414">
      </trkpt>
      <trkpt lat="30.5758323" lon="105.28066">
      </trkpt>
      <trkpt lat="30.5760881" lon="105.2813904">
      </trkpt>
      <trkpt lat="30.5766092" lon="105.2833286">
      </trkpt>
      <trkpt lat="30.5773695" lon="105.2859721">
      </trkpt>
      <trkpt lat="30.5780292" lon="105.2889832">
      </trkpt>
      <trkpt lat="30.5783642" lon="105.290345">
      </trkpt>
      <trkpt lat="30.5785474" lon="105.2919604">
      </trkpt>
      <trkpt lat="30.5783951" lon="105.2932771">
      </trkpt>
      <trkpt lat="30.5777183" lon="105.2956944">
      </trkpt>
      <trkpt lat="30.5769751" lon="105.2984663">
      </trkpt>
      <trkpt lat="30.5767586" lon="105.2996097">
      </trkpt>
      <trkpt lat="30.5766653" lon="105.3010266">
      </trkpt>
      <trkpt lat="30.5766631" lon="105.3016291">
      </trkpt>
      <trkpt lat="30.5767293" lon="105.3024796">
      </trkpt>
      <trkpt lat="30.576806" lon="105.3030748">
      </trkpt>
      <trkpt lat="30.5768972" lon="105.3036379">
      </trkpt>
      <trkpt lat="30.5774971" lon="105.3056729">
      </trkpt>
      <trkpt lat="30.577985" lon="105.3066939">
      </trkpt>
      <trkpt lat="30.5786037" lon="105.3077042">
      </trkpt>
      <trkpt lat="30.5790191" lon="105.3082698">
      </trkpt>
      <trkpt lat="30.5807934" lon="105.3105766">
      </trkpt>
      <trkpt lat="30.5818807" lon="105.3118983">
      </trkpt>
      <trkpt lat="30.5823353" lon="105.3126348">
      </trkpt>
      <trkpt lat="30.5826224" lon="105.3134547">
      </trkpt>
      <trkpt lat="30.5828617" lon="105.314219">
      </trkpt>
      <trkpt lat="30.5830547" lon="105.3153913">
      </trkpt>
      <trkpt lat="30.5830714" lon="105.3160246">
      </trkpt>
      <trkpt lat="30.5828976" lon="105.3172485">
      </trkpt>
      <trkpt lat="30.5827062" lon="105.3185547">
      </trkpt>
      <trkpt lat="30.5825195" lon="105.3199516">
      </trkpt>
      <trkpt lat="30.582101" lon="105.322576">
      </trkpt>
      <trkpt lat="30.5820294" lon="105.3235024">
      </trkpt>
      <trkpt lat="30.5820362" lon="105.3242245">
      </trkpt>
      <trkpt lat="30.5821678" lon="105.3252251">
      </trkpt>
      <trkpt lat="30.5825387" lon="105.3265731">
      </trkpt>
      <trkpt lat="30.5831608" lon="105.3284213">
      </trkpt>
      <trkpt lat="30.5833163" lon="105.3290188">
      </trkpt>
      <trkpt lat="30.5834359" lon="105.3297693">
      </trkpt>
      <trkpt lat="30.5835197" lon="105.3305197">
      </trkpt>
      <trkpt lat="30.5834957" lon="105.3311728">
      </trkpt>
      <trkpt lat="30.5834359" lon="105.3320483">
      </trkpt>
      <trkpt lat="30.5831847" lon="105.3347442">
      </trkpt>
      <trkpt lat="30.5830651" lon="105.3355641">
      </trkpt>
      <trkpt lat="30.5828052" lon="105.3364738">
      </trkpt>
      <trkpt lat="30.5822271" lon="105.3386422">
      </trkpt>
      <trkpt lat="30.5820294" lon="105.3399958">
      </trkpt>
      <trkpt lat="30.581983" lon="105.3407171">
      </trkpt>
      <trkpt lat="30.5819166" lon="105.3437353">
      </trkpt>
      <trkpt lat="30.5818653" lon="105.3451701">
      </trkpt>
      <trkpt lat="30.5818435" lon="105.3457794">
      </trkpt>
      <trkpt lat="30.5818259" lon="105.3482532">
      </trkpt>
      <trkpt lat="30.5817412" lon="105.3499742">
      </trkpt>
      <trkpt lat="30.5814561" lon="105.3513779">
      </trkpt>
      <trkpt lat="30.5810552" lon="105.3528653">
      </trkpt>
      <trkpt lat="30.580792" lon="105.3536991">
      </trkpt>
      <trkpt lat="30.5800981" lon="105.3556446">
      </trkpt>
      <trkpt lat="30.5795351" lon="105.3568316">
      </trkpt>
      <trkpt lat="30.5788354" lon="105.3586127">
      </trkpt>
      <trkpt lat="30.5785308" lon="105.3592855">
      </trkpt>
      <trkpt lat="30.5781839" lon="105.3598553">
      </trkpt>
      <trkpt lat="30.5769276" lon="105.3613978">
      </trkpt>
      <trkpt lat="30.5762696" lon="105.3621065">
      </trkpt>
      <trkpt lat="30.5755398" lon="105.3628291">
      </trkpt>
      <trkpt lat="30.5751091" lon="105.3635101">
      </trkpt>
      <trkpt lat="30.5749416" lon="105.3638992">
      </trkpt>
      <trkpt lat="30.5747262" lon="105.3647469">
      </trkpt>
      <trkpt lat="30.5745587" lon="105.3654834">
      </trkpt>
      <trkpt lat="30.5744151" lon="105.3664561">
      </trkpt>
      <trkpt lat="30.5744233" lon="105.3671514">
      </trkpt>
      <trkpt lat="30.5746048" lon="105.3700638">
      </trkpt>
      <trkpt lat="30.5746424" lon="105.3720287">
      </trkpt>
      <trkpt lat="30.5747023" lon="105.3731682">
      </trkpt>
      <trkpt lat="30.5746783" lon="105.3736545">
      </trkpt>
      <trkpt lat="30.5746185" lon="105.3746273">
      </trkpt>
      <trkpt lat="30.574463" lon="105.3752665">
      </trkpt>
      <trkpt lat="30.5739246" lon="105.3768369">
      </trkpt>
      <trkpt lat="30.5735334" lon="105.3777346">
      </trkpt>
      <trkpt lat="30.5733579" lon="105.3782469">
      </trkpt>
      <trkpt lat="30.5731947" lon="105.378838">
      </trkpt>
      <trkpt lat="30.5730333" lon="105.3795426">
      </trkpt>
      <trkpt lat="30.5729638" lon="105.3801142">
      </trkpt>
      <trkpt lat="30.5729159" lon="105.3813299">
      </trkpt>
      <trkpt lat="30.5729122" lon="105.3830815">
      </trkpt>
      <trkpt lat="30.5728997" lon="105.3845179">
      </trkpt>
      <trkpt lat="30.5728853" lon="105.3861654">
      </trkpt>
      <trkpt lat="30.5729226" lon="105.3868689">
      </trkpt>
      <trkpt lat="30.5729913" lon="105.387426">
      </trkpt>
      <trkpt lat="30.5730334" lon="105.3877057">
      </trkpt>
      <trkpt lat="30.573102" lon="105.3880123">
      </trkpt>
      <trkpt lat="30.5731812" lon="105.3882891">
      </trkpt>
      <trkpt lat="30.5733191" lon="105.3887515">
      </trkpt>
      <trkpt lat="30.574629" lon="105.3925661">
      </trkpt>
      <trkpt lat="30.5767841" lon="105.3989381">
      </trkpt>
      <trkpt lat="30.5772866" lon="105.4016618">
      </trkpt>
      <trkpt lat="30.5778608" lon="105.4051638">
      </trkpt>
      <trkpt lat="30.5779144" lon="105.4056674">
      </trkpt>
      <trkpt lat="30.5779022" lon="105.4068744">
      </trkpt>
      <trkpt lat="30.5777524" lon="105.4078639">
      </trkpt>
      <trkpt lat="30.5773474" lon="105.4093494">
      </trkpt>
      <trkpt lat="30.5771336" lon="105.409937">
      </trkpt>
      <trkpt lat="30.5763294" lon="105.4126401">
      </trkpt>
      <trkpt lat="30.5759219" lon="105.4140164">
      </trkpt>
      <trkpt lat="30.5756722" lon="105.4149269">
      </trkpt>
      <trkpt lat="30.5752698" lon="105.416216">
      </trkpt>
      <trkpt lat="30.5747728" lon="105.4180567">
      </trkpt>
      <trkpt lat="30.5744452" lon="105.4187701">
      </trkpt>
      <trkpt lat="30.5739662" lon="105.4197211">
      </trkpt>
      <trkpt lat="30.5725956" lon="105.421372">
      </trkpt>
      <trkpt lat="30.5701017" lon="105.4240802">
      </trkpt>
      <trkpt lat="30.5700217" lon="105.4241735">
      </trkpt>
      <trkpt lat="30.5684772" lon="105.4259748">
      </trkpt>
      <trkpt lat="30.5641501" lon="105.4308583">
      </trkpt>
      <trkpt lat="30.5637736" lon="105.431351">
      </trkpt>
      <trkpt lat="30.563388" lon="105.4319447">
      </trkpt>
      <trkpt lat="30.5631894" lon="105.4323149">
      </trkpt>
      <trkpt lat="30.5630011" lon="105.4328129">
      </trkpt>
      <trkpt lat="30.5628166" lon="105.433411">
      </trkpt>
      <trkpt lat="30.5626374" lon="105.4343829">
      </trkpt>
      <trkpt lat="30.5625035" lon="105.4353972">
      </trkpt>
      <trkpt lat="30.5622321" lon="105.4376777">
      </trkpt>
      <trkpt lat="30.5617898" lon="105.4400933">
      </trkpt>
      <trkpt lat="30.5616277" lon="105.440559">
      </trkpt>
      <trkpt lat="30.5614123" lon="105.4410139">
      </trkpt>
      <trkpt lat="30.5606419" lon="105.4423043">
      </trkpt>
      <trkpt lat="30.5599295" lon="105.44337">
      </trkpt>
      <trkpt lat="30.5552416" lon="105.4503827">
      </trkpt>
      <trkpt lat="30.553292" lon="105.4534248">
      </trkpt>
      <trkpt lat="30.5520565" lon="105.4554884">
      </trkpt>
      <trkpt lat="30.5517519" lon="105.456078">
      </trkpt>
      <trkpt lat="30.5514303" lon="105.456982">
      </trkpt>
      <trkpt lat="30.5507703" lon="105.4602443">
      </trkpt>
      <trkpt lat="30.5502964" lon="105.4623079">
      </trkpt>
      <trkpt lat="30.5501624" lon="105.4628252">
      </trkpt>
      <trkpt lat="30.5499709" lon="105.4632976">
      </trkpt>
      <trkpt lat="30.54881" lon="105.4656462">
      </trkpt>
      <trkpt lat="30.5476851" lon="105.4680086">
      </trkpt>
      <trkpt lat="30.5467037" lon="105.4702459">
      </trkpt>
      <trkpt lat="30.5461173" lon="105.4716634">
      </trkpt>
      <trkpt lat="30.5446811" lon="105.4755266">
      </trkpt>
      <trkpt lat="30.5436435" lon="105.4786353">
      </trkpt>
      <trkpt lat="30.5430055" lon="105.480849">
      </trkpt>
      <trkpt lat="30.5426584" lon="105.4815994">
      </trkpt>
      <trkpt lat="30.5416411" lon="105.4830724">
      </trkpt>
      <trkpt lat="30.5412298" lon="105.4836902">
      </trkpt>
      <trkpt lat="30.5407509" lon="105.4845569">
      </trkpt>
      <trkpt lat="30.5404168" lon="105.4853387">
      </trkpt>
      <trkpt lat="30.539957" lon="105.4867583">
      </trkpt>
      <trkpt lat="30.539508" lon="105.4882533">
      </trkpt>
      <trkpt lat="30.5390587" lon="105.489538">
      </trkpt>
      <trkpt lat="30.5383547" lon="105.4910924">
      </trkpt>
      <trkpt lat="30.5380077" lon="105.4919866">
      </trkpt>
      <trkpt lat="30.5370175" lon="105.4943056">
      </trkpt>
      <trkpt lat="30.5361881" lon="105.4963986">
      </trkpt>
      <trkpt lat="30.5360196" lon="105.4968169">
      </trkpt>
      <trkpt lat="30.5358847" lon="105.4971517">
      </trkpt>
      <trkpt lat="30.535401" lon="105.498413">
      </trkpt>
      <trkpt lat="30.5351478" lon="105.4991312">
      </trkpt>
      <trkpt lat="30.5350148" lon="105.5000072">
      </trkpt>
      <trkpt lat="30.5350713" lon="105.5010802">
      </trkpt>
      <trkpt lat="30.5352477" lon="105.5019707">
      </trkpt>
      <trkpt lat="30.5355346" lon="105.5026858">
      </trkpt>
      <trkpt lat="30.535818" lon="105.5032445">
      </trkpt>
      <trkpt lat="30.5361996" lon="105.5039229">
      </trkpt>
      <trkpt lat="30.5366521" lon="105.5046368">
      </trkpt>
      <trkpt lat="30.5370129" lon="105.5052526">
      </trkpt>
      <trkpt lat="30.5373091" lon="105.5058355">
      </trkpt>
      <trkpt lat="30.5375268" lon="105.5063435">
      </trkpt>
      <trkpt lat="30.5376945" lon="105.5068457">
      </trkpt>
      <trkpt lat="30.5378224" lon="105.5073353">
      </trkpt>
      <trkpt lat="30.5379529" lon="105.5079356">
      </trkpt>
      <trkpt lat="30.5386483" lon="105.5119866">
      </trkpt>
      <trkpt lat="30.5387825" lon="105.5125998">
      </trkpt>
      <trkpt lat="30.5389755" lon="105.5133534">
      </trkpt>
      <trkpt lat="30.5403416" lon="105.5183009">
      </trkpt>
      <trkpt lat="30.5404953" lon="105.5188053">
      </trkpt>
      <trkpt lat="30.5407688" lon="105.519557">
      </trkpt>
      <trkpt lat="30.5410647" lon="105.5202022">
      </trkpt>
      <trkpt lat="30.5414419" lon="105.5208187">
      </trkpt>
      <trkpt lat="30.5418632" lon="105.5213753">
      </trkpt>
      <trkpt lat="30.542293" lon="105.521882">
      </trkpt>
      <trkpt lat="30.5433851" lon="105.5230857">
      </trkpt>
      <trkpt lat="30.5436334" lon="105.5233666">
      </trkpt>
      <trkpt lat="30.5438984" lon="105.5237201">
      </trkpt>
      <trkpt lat="30.5441434" lon="105.5241112">
      </trkpt>
      <trkpt lat="30.5443326" lon="105.5244529">
      </trkpt>
      <trkpt lat="30.5444784" lon="105.5247974">
      </trkpt>
      <trkpt lat="30.5445982" lon="105.5251501">
      </trkpt>
      <trkpt lat="30.5446969" lon="105.5255622">
      </trkpt>
      <trkpt lat="30.5447586" lon="105.525986">
      </trkpt>
      <trkpt lat="30.5448071" lon="105.5265215">
      </trkpt>
      <trkpt lat="30.5448633" lon="105.5274965">
      </trkpt>
      <trkpt lat="30.544873" lon="105.527661">
      </trkpt>
      <trkpt lat="30.5450521" lon="105.5308032">
      </trkpt>
      <trkpt lat="30.5451039" lon="105.5317353">
      </trkpt>
      <trkpt lat="30.5457254" lon="105.542489">
      </trkpt>
      <trkpt lat="30.5451039" lon="105.5317353">
      </trkpt>
      <trkpt lat="30.5450521" lon="105.5308032">
      </trkpt>
      <trkpt lat="30.544873" lon="105.527661">
      </trkpt>
      <trkpt lat="30.5448633" lon="105.5274965">
      </trkpt>
      <trkpt lat="30.5448071" lon="105.5265215">
      </trkpt>
      <trkpt lat="30.5447586" lon="105.525986">
      </trkpt>
      <trkpt lat="30.5446969" lon="105.5255622">
      </trkpt>
      <trkpt lat="30.5445982" lon="105.5251501">
      </trkpt>
      <trkpt lat="30.5444784" lon="105.5247974">
      </trkpt>
      <trkpt lat="30.5443326" lon="105.5244529">
      </trkpt>
      <trkpt lat="30.5441434" lon="105.5241112">
      </trkpt>
      <trkpt lat="30.5438984" lon="105.5237201">
      </trkpt>
      <trkpt lat="30.5436334" lon="105.5233666">
      </trkpt>
      <trkpt lat="30.5433851" lon="105.5230857">
      </trkpt>
      <trkpt lat="30.542293" lon="105.521882">
      </trkpt>
      <trkpt lat="30.5418632" lon="105.5213753">
      </trkpt>
      <trkpt lat="30.5414419" lon="105.5208187">
      </trkpt>
      <trkpt lat="30.5410647" lon="105.5202022">
      </trkpt>
      <trkpt lat="30.5407688" lon="105.519557">
      </trkpt>
      <trkpt lat="30.5404953" lon="105.5188053">
      </trkpt>
      <trkpt lat="30.5403416" lon="105.5183009">
      </trkpt>
      <trkpt lat="30.5389755" lon="105.5133534">
      </trkpt>
      <trkpt lat="30.5387825" lon="105.5125998">
      </trkpt>
      <trkpt lat="30.5386483" lon="105.5119866">
      </trkpt>
      <trkpt lat="30.5379529" lon="105.5079356">
      </trkpt>
      <trkpt lat="30.5378224" lon="105.5073353">
      </trkpt>
      <trkpt lat="30.5376945" lon="105.5068457">
      </trkpt>
      <trkpt lat="30.5375268" lon="105.5063435">
      </trkpt>
      <trkpt lat="30.5373091" lon="105.5058355">
      </trkpt>
      <trkpt lat="30.5370129" lon="105.5052526">
      </trkpt>
      <trkpt lat="30.5366521" lon="105.5046368">
      </trkpt>
      <trkpt lat="30.5361996" lon="105.5039229">
      </trkpt>
      <trkpt lat="30.535818" lon="105.5032445">
      </trkpt>
      <trkpt lat="30.5355346" lon="105.5026858">
      </trkpt>
      <trkpt lat="30.5352477" lon="105.5019707">
      </trkpt>
      <trkpt lat="30.5350713" lon="105.5010802">
      </trkpt>
      <trkpt lat="30.5350148" lon="105.5000072">
      </trkpt>
      <trkpt lat="30.5351478" lon="105.4991312">
      </trkpt>
      <trkpt lat="30.535401" lon="105.498413">
      </trkpt>
      <trkpt lat="30.5358847" lon="105.4971517">
      </trkpt>
      <trkpt lat="30.5360196" lon="105.4968169">
      </trkpt>
      <trkpt lat="30.5361881" lon="105.4963986">
      </trkpt>
      <trkpt lat="30.5370175" lon="105.4943056">
      </trkpt>
      <trkpt lat="30.5380077" lon="105.4919866">
      </trkpt>
      <trkpt lat="30.5383547" lon="105.4910924">
      </trkpt>
      <trkpt lat="30.5390587" lon="105.489538">
      </trkpt>
      <trkpt lat="30.539508" lon="105.4882533">
      </trkpt>
      <trkpt lat="30.539957" lon="105.4867583">
      </trkpt>
      <trkpt lat="30.5404168" lon="105.4853387">
      </trkpt>
      <trkpt lat="30.5407509" lon="105.4845569">
      </trkpt>
      <trkpt lat="30.5412298" lon="105.4836902">
      </trkpt>
      <trkpt lat="30.5416411" lon="105.4830724">
      </trkpt>
      <trkpt lat="30.5426584" lon="105.4815994">
      </trkpt>
      <trkpt lat="30.5430055" lon="105.480849">
      </trkpt>
      <trkpt lat="30.5436435" lon="105.4786353">
      </trkpt>
      <trkpt lat="30.5446811" lon="105.4755266">
      </trkpt>
      <trkpt lat="30.5461173" lon="105.4716634">
      </trkpt>
      <trkpt lat="30.5467037" lon="105.4702459">
      </trkpt>
      <trkpt lat="30.5476851" lon="105.4680086">
      </trkpt>
      <trkpt lat="30.54881" lon="105.4656462">
      </trkpt>
      <trkpt lat="30.5499709" lon="105.4632976">
      </trkpt>
      <trkpt lat="30.5501624" lon="105.4628252">
      </trkpt>
      <trkpt lat="30.5502964" lon="105.4623079">
      </trkpt>
      <trkpt lat="30.5507703" lon="105.4602443">
      </trkpt>
      <trkpt lat="30.5514303" lon="105.456982">
      </trkpt>
      <trkpt lat="30.5517519" lon="105.456078">
      </trkpt>
      <trkpt lat="30.5520565" lon="105.4554884">
      </trkpt>
      <trkpt lat="30.553292" lon="105.4534248">
      </trkpt>
      <trkpt lat="30.5552416" lon="105.4503827">
      </trkpt>
      <trkpt lat="30.5599295" lon="105.44337">
      </trkpt>
      <trkpt lat="30.5606419" lon="105.4423043">
      </trkpt>
      <trkpt lat="30.5614123" lon="105.4410139">
      </trkpt>
      <trkpt lat="30.5616277" lon="105.440559">
      </trkpt>
      <trkpt lat="30.5617898" lon="105.4400933">
      </trkpt>
      <trkpt lat="30.5622321" lon="105.4376777">
      </trkpt>
      <trkpt lat="30.5625035" lon="105.4353972">
      </trkpt>
      <trkpt lat="30.5626374" lon="105.4343829">
      </trkpt>
      <trkpt lat="30.5628166" lon="105.433411">
      </trkpt>
      <trkpt lat="30.5630011" lon="105.4328129">
      </trkpt>
      <trkpt lat="30.5631894" lon="105.4323149">
      </trkpt>
      <trkpt lat="30.563388" lon="105.4319447">
      </trkpt>
      <trkpt lat="30.5637736" lon="105.431351">
      </trkpt>
      <trkpt lat="30.5641501" lon="105.4308583">
      </trkpt>
      <trkpt lat="30.5684772" lon="105.4259748">
      </trkpt>
      <trkpt lat="30.5700217" lon="105.4241735">
      </trkpt>
      <trkpt lat="30.5701017" lon="105.4240802">
      </trkpt>
      <trkpt lat="30.5725956" lon="105.421372">
      </trkpt>
      <trkpt lat="30.5739662" lon="105.4197211">
      </trkpt>
      <trkpt lat="30.5744452" lon="105.4187701">
      </trkpt>
      <trkpt lat="30.5747728" lon="105.4180567">
      </trkpt>
      <trkpt lat="30.5752698" lon="105.416216">
      </trkpt>
      <trkpt lat="30.5756722" lon="105.4149269">
      </trkpt>
      <trkpt lat="30.5759219" lon="105.4140164">
      </trkpt>
      <trkpt lat="30.5763294" lon="105.4126401">
      </trkpt>
      <trkpt lat="30.5771336" lon="105.409937">
      </trkpt>
      <trkpt lat="30.5773474" lon="105.4093494">
      </trkpt>
      <trkpt lat="30.5777524" lon="105.4078639">
      </trkpt>
      <trkpt lat="30.5779022" lon="105.4068744">
      </trkpt>
      <trkpt lat="30.5779144" lon="105.4056674">
      </trkpt>
      <trkpt lat="30.5778608" lon="105.4051638">
      </trkpt>
      <trkpt lat="30.5772866" lon="105.4016618">
      </trkpt>
      <trkpt lat="30.5767841" lon="105.3989381">
      </trkpt>
      <trkpt lat="30.574629" lon="105.3925661">
      </trkpt>
      <trkpt lat="30.5733191" lon="105.3887515">
      </trkpt>
      <trkpt lat="30.5731812" lon="105.3882891">
      </trkpt>
      <trkpt lat="30.573102" lon="105.3880123">
      </trkpt>
      <trkpt lat="30.5730334" lon="105.3877057">
      </trkpt>
      <trkpt lat="30.5729913" lon="105.387426">
      </trkpt>
      <trkpt lat="30.5729226" lon="105.3868689">
      </trkpt>
      <trkpt lat="30.5728853" lon="105.3861654">
      </trkpt>
      <trkpt lat="30.5728997" lon="105.3845179">
      </trkpt>
      <trkpt lat="30.5729122" lon="105.3830815">
      </trkpt>
      <trkpt lat="30.5729159" lon="105.3813299">
      </trkpt>
      <trkpt lat="30.5729638" lon="105.3801142">
      </trkpt>
      <trkpt lat="30.5730333" lon="105.3795426">
      </trkpt>
      <trkpt lat="30.5731947" lon="105.378838">
      </trkpt>
      <trkpt lat="30.5733579" lon="105.3782469">
      </trkpt>
      <trkpt lat="30.5735334" lon="105.3777346">
      </trkpt>
      <trkpt lat="30.5739246" lon="105.3768369">
      </trkpt>
      <trkpt lat="30.574463" lon="105.3752665">
      </trkpt>
      <trkpt lat="30.5746185" lon="105.3746273">
      </trkpt>
      <trkpt lat="30.5746783" lon="105.3736545">
      </trkpt>
      <trkpt lat="30.5747023" lon="105.3731682">
      </trkpt>
      <trkpt lat="30.5746424" lon="105.3720287">
      </trkpt>
      <trkpt lat="30.5746048" lon="105.3700638">
      </trkpt>
      <trkpt lat="30.5744233" lon="105.3671514">
      </trkpt>
      <trkpt lat="30.5744151" lon="105.3664561">
      </trkpt>
      <trkpt lat="30.5745587" lon="105.3654834">
      </trkpt>
      <trkpt lat="30.5747262" lon="105.3647469">
      </trkpt>
      <trkpt lat="30.5749416" lon="105.3638992">
      </trkpt>
      <trkpt lat="30.5751091" lon="105.3635101">
      </trkpt>
      <trkpt lat="30.5755398" lon="105.3628291">
      </trkpt>
      <trkpt lat="30.5762696" lon="105.3621065">
      </trkpt>
      <trkpt lat="30.5769276" lon="105.3613978">
      </trkpt>
      <trkpt lat="30.5781839" lon="105.3598553">
      </trkpt>
      <trkpt lat="30.5785308" lon="105.3592855">
      </trkpt>
      <trkpt lat="30.5788354" lon="105.3586127">
      </trkpt>
      <trkpt lat="30.5795351" lon="105.3568316">
      </trkpt>
      <trkpt lat="30.5800981" lon="105.3556446">
      </trkpt>
      <trkpt lat="30.580792" lon="105.3536991">
      </trkpt>
      <trkpt lat="30.5810552" lon="105.3528653">
      </trkpt>
      <trkpt lat="30.5814561" lon="105.3513779">
      </trkpt>
      <trkpt lat="30.5817412" lon="105.3499742">
      </trkpt>
      <trkpt lat="30.5818259" lon="105.3482532">
      </trkpt>
      <trkpt lat="30.5818435" lon="105.3457794">
      </trkpt>
      <trkpt lat="30.5818653" lon="105.3451701">
      </trkpt>
      <trkpt lat="30.5819166" lon="105.3437353">
      </trkpt>
      <trkpt lat="30.581983" lon="105.3407171">
      </trkpt>
      <trkpt lat="30.5820294" lon="105.3399958">
      </trkpt>
      <trkpt lat="30.5822271" lon="105.3386422">
      </trkpt>
      <trkpt lat="30.5828052" lon="105.3364738">
      </trkpt>
      <trkpt lat="30.5830651" lon="105.3355641">
      </trkpt>
      <trkpt lat="30.5831847" lon="105.3347442">
      </trkpt>
      <trkpt lat="30.5834359" lon="105.3320483">
      </trkpt>
      <trkpt lat="30.5834957" lon="105.3311728">
      </trkpt>
      <trkpt lat="30.5835197" lon="105.3305197">
      </trkpt>
      <trkpt lat="30.5834359" lon="105.3297693">
      </trkpt>
      <trkpt lat="30.5833163" lon="105.3290188">
      </trkpt>
      <trkpt lat="30.5831608" lon="105.3284213">
      </trkpt>
      <trkpt lat="30.5825387" lon="105.3265731">
      </trkpt>
      <trkpt lat="30.5821678" lon="105.3252251">
      </trkpt>
      <trkpt lat="30.5820362" lon="105.3242245">
      </trkpt>
      <trkpt lat="30.5820294" lon="105.3235024">
      </trkpt>
      <trkpt lat="30.582101" lon="105.322576">
      </trkpt>
      <trkpt lat="30.5825195" lon="105.3199516">
      </trkpt>
      <trkpt lat="30.5827062" lon="105.3185547">
      </trkpt>
      <trkpt lat="30.5828976" lon="105.3172485">
      </trkpt>
      <trkpt lat="30.5830714" lon="105.3160246">
      </trkpt>
      <trkpt lat="30.5830547" lon="105.3153913">
      </trkpt>
      <trkpt lat="30.5828617" lon="105.314219">
      </trkpt>
      <trkpt lat="30.5826224" lon="105.3134547">
      </trkpt>
      <trkpt lat="30.5823353" lon="105.3126348">
      </trkpt>
      <trkpt lat="30.5818807" lon="105.3118983">
      </trkpt>
      <trkpt lat="30.5807934" lon="105.3105766">
      </trkpt>
      <trkpt lat="30.5790191" lon="105.3082698">
      </trkpt>
      <trkpt lat="30.5786037" lon="105.3077042">
      </trkpt>
      <trkpt lat="30.577985" lon="105.3066939">
      </trkpt>
      <trkpt lat="30.5774971" lon="105.3056729">
      </trkpt>
      <trkpt lat="30.5768972" lon="105.3036379">
      </trkpt>
      <trkpt lat="30.576806" lon="105.3030748">
      </trkpt>
      <trkpt lat="30.5767293" lon="105.3024796">
      </trkpt>
      <trkpt lat="30.5766631" lon="105.3016291">
      </trkpt>
      <trkpt lat="30.5766653" lon="105.3010266">
      </trkpt>
      <trkpt lat="30.5767586" lon="105.2996097">
      </trkpt>
      <trkpt lat="30.5769751" lon="105.2984663">
      </trkpt>
      <trkpt lat="30.5777183" lon="105.2956944">
      </trkpt>
      <trkpt lat="30.5783951" lon="105.2932771">
      </trkpt>
      <trkpt lat="30.5785474" lon="105.2919604">
      </trkpt>
      <trkpt lat="30.5783642" lon="105.290345">
      </trkpt>
      <trkpt lat="30.5780292" lon="105.2889832">
      </trkpt>
      <trkpt lat="30.5773695" lon="105.2859721">
      </trkpt>
      <trkpt lat="30.5766092" lon="105.2833286">
      </trkpt>
      <trkpt lat="30.5760881" lon="105.2813904">
      </trkpt>
      <trkpt lat="30.5758323" lon="105.28066">
      </trkpt>
      <trkpt lat="30.5754267" lon="105.2797414">
      </trkpt>
      <trkpt lat="30.5749703" lon="105.2788918">
      </trkpt>
      <trkpt lat="30.5739409" lon="105.2767482">
      </trkpt>
      <trkpt lat="30.5736753" lon="105.2760842">
      </trkpt>
      <trkpt lat="30.5734957" lon="105.2754143">
      </trkpt>
      <trkpt lat="30.5734025" lon="105.2742613">
      </trkpt>
      <trkpt lat="30.5734982" lon="105.2733719">
      </trkpt>
      <trkpt lat="30.5736952" lon="105.2724834">
      </trkpt>
      <trkpt lat="30.5741939" lon="105.2713247">
      </trkpt>
      <trkpt lat="30.5749559" lon="105.2696843">
      </trkpt>
      <trkpt lat="30.5766694" lon="105.2660821">
      </trkpt>
      <trkpt lat="30.577134" lon="105.2650401">
      </trkpt>
      <trkpt lat="30.5773854" lon="105.2642183">
      </trkpt>
      <trkpt lat="30.5775286" lon="105.2634181">
      </trkpt>
      <trkpt lat="30.5775732" lon="105.2627554">
      </trkpt>
      <trkpt lat="30.5775578" lon="105.2623332">
      </trkpt>
      <trkpt lat="30.5773439" lon="105.2590779">
      </trkpt>
      <trkpt lat="30.5773136" lon="105.2586394">
      </trkpt>
      <trkpt lat="30.5772559" lon="105.2578063">
      </trkpt>
      <trkpt lat="30.5772175" lon="105.2574293">
      </trkpt>
      <trkpt lat="30.5765659" lon="105.2468496">
      </trkpt>
      <trkpt lat="30.5765327" lon="105.245381">
      </trkpt>
      <trkpt lat="30.5765699" lon="105.2447867">
      </trkpt>
      <trkpt lat="30.5766888" lon="105.2436396">
      </trkpt>
      <trkpt lat="30.5772743" lon="105.2406183">
      </trkpt>
      <trkpt lat="30.577629" lon="105.2390402">
      </trkpt>
      <trkpt lat="30.5777101" lon="105.2387024">
      </trkpt>
      <trkpt lat="30.5791673" lon="105.2337314">
      </trkpt>
      <trkpt lat="30.5794484" lon="105.2326632">
      </trkpt>
      <trkpt lat="30.5806663" lon="105.2287423">
      </trkpt>
      <trkpt lat="30.5810557" lon="105.2273787">
      </trkpt>
      <trkpt lat="30.5812926" lon="105.2263138">
      </trkpt>
      <trkpt lat="30.5813896" lon="105.2252978">
      </trkpt>
      <trkpt lat="30.5813665" lon="105.2240961">
      </trkpt>
      <trkpt lat="30.5812429" lon="105.2231903">
      </trkpt>
      <trkpt lat="30.5809933" lon="105.222252">
      </trkpt>
      <trkpt lat="30.5807042" lon="105.2212861">
      </trkpt>
      <trkpt lat="30.5805463" lon="105.2205568">
      </trkpt>
      <trkpt lat="30.5798032" lon="105.2177927">
      </trkpt>
      <trkpt lat="30.5795294" lon="105.2166233">
      </trkpt>
      <trkpt lat="30.5795024" lon="105.2159771">
      </trkpt>
      <trkpt lat="30.5794725" lon="105.2153274">
      </trkpt>
      <trkpt lat="30.5794995" lon="105.2149974">
      </trkpt>
      <trkpt lat="30.5796699" lon="105.2140976">
      </trkpt>
      <trkpt lat="30.5798075" lon="105.2135626">
      </trkpt>
      <trkpt lat="30.5799833" lon="105.2131191">
      </trkpt>
      <trkpt lat="30.5812977" lon="105.2103417">
      </trkpt>
      <trkpt lat="30.5815343" lon="105.2098341">
      </trkpt>
      <trkpt lat="30.5817665" lon="105.2091547">
      </trkpt>
      <trkpt lat="30.5819584" lon="105.2082185">
      </trkpt>
      <trkpt lat="30.5820508" lon="105.207091">
      </trkpt>
      <trkpt lat="30.5820207" lon="105.2058132">
      </trkpt>
      <trkpt lat="30.5820273" lon="105.2048297">
      </trkpt>
      <trkpt lat="30.5819774" lon="105.2023992">
      </trkpt>
      <trkpt lat="30.5819757" lon="105.2015096">
      </trkpt>
      <trkpt lat="30.5820603" lon="105.2008674">
      </trkpt>
      <trkpt lat="30.5824164" lon="105.1997173">
      </trkpt>
      <trkpt lat="30.5830039" lon="105.1979487">
      </trkpt>
      <trkpt lat="30.5838776" lon="105.195309">
      </trkpt>
      <trkpt lat="30.5854543" lon="105.1913113">
      </trkpt>
      <trkpt lat="30.5861031" lon="105.1897163">
      </trkpt>
      <trkpt lat="30.5879153" lon="105.1855674">
      </trkpt>
      <trkpt lat="30.5892632" lon="105.1824116">
      </trkpt>
      <trkpt lat="30.5901178" lon="105.1806566">
      </trkpt>
      <trkpt lat="30.5906915" lon="105.1799093">
      </trkpt>
      <trkpt lat="30.5915628" lon="105.1789267">
      </trkpt>
      <trkpt lat="30.5923025" lon="105.1782114">
      </trkpt>
      <trkpt lat="30.5927751" lon="105.1777459">
      </trkpt>
      <trkpt lat="30.5933074" lon="105.1772039">
      </trkpt>
      <trkpt lat="30.5935586" lon="105.1768912">
      </trkpt>
      <trkpt lat="30.593738" lon="105.1764743">
      </trkpt>
      <trkpt lat="30.5939798" lon="105.1758103">
      </trkpt>
      <trkpt lat="30.5941151" lon="105.17526">
      </trkpt>
      <trkpt lat="30.5943181" lon="105.1738843">
      </trkpt>
      <trkpt lat="30.5943266" lon="105.1734913">
      </trkpt>
      <trkpt lat="30.5942589" lon="105.1730589">
      </trkpt>
      <trkpt lat="30.5940898" lon="105.1718994">
      </trkpt>
      <trkpt lat="30.5941067" lon="105.1708185">
      </trkpt>
      <trkpt lat="30.594242" lon="105.1701307">
      </trkpt>
      <trkpt lat="30.5945296" lon="105.169207">
      </trkpt>
      <trkpt lat="30.5953924" lon="105.1666915">
      </trkpt>
      <trkpt lat="30.5964412" lon="105.1634881">
      </trkpt>
      <trkpt lat="30.5978031" lon="105.1579783">
      </trkpt>
      <trkpt lat="30.598659" lon="105.15491">
      </trkpt>
      <trkpt lat="30.598993" lon="105.1535806">
      </trkpt>
      <trkpt lat="30.6006338" lon="105.1495858">
      </trkpt>
      <trkpt lat="30.6008975" lon="105.1486696">
      </trkpt>
      <trkpt lat="30.6010536" lon="105.1479338">
      </trkpt>
      <trkpt lat="30.6011146" lon="105.1472937">
      </trkpt>
      <trkpt lat="30.6011139" lon="105.1466524">
      </trkpt>
      <trkpt lat="30.6010151" lon="105.1459456">
      </trkpt>
      <trkpt lat="30.6007236" lon="105.1444729">
      </trkpt>
      <trkpt lat="30.6004313" lon="105.1430943">
      </trkpt>
      <trkpt lat="30.600352" lon="105.1418678">
      </trkpt>
      <trkpt lat="30.6003395" lon="105.1410729">
      </trkpt>
      <trkpt lat="30.600644" lon="105.1398265">
      </trkpt>
      <trkpt lat="30.601033" lon="105.1387735">
      </trkpt>
      <trkpt lat="30.6021365" lon="105.1368483">
      </trkpt>
      <trkpt lat="30.6028543" lon="105.1358181">
      </trkpt>
      <trkpt lat="30.6031647" lon="105.1349471">
      </trkpt>
      <trkpt lat="30.6033917" lon="105.1337831">
      </trkpt>
      <trkpt lat="30.6034657" lon="105.1328454">
      </trkpt>
      <trkpt lat="30.6034521" lon="105.1319375">
      </trkpt>
      <trkpt lat="30.6032509" lon="105.1308272">
      </trkpt>
      <trkpt lat="30.6023193" lon="105.1278953">
      </trkpt>
      <trkpt lat="30.6010545" lon="105.1236978">
      </trkpt>
      <trkpt lat="30.6005997" lon="105.1222361">
      </trkpt>
      <trkpt lat="30.6000798" lon="105.1203243">
      </trkpt>
      <trkpt lat="30.5996466" lon="105.1188354">
      </trkpt>
      <trkpt lat="30.5993872" lon="105.1177209">
      </trkpt>
      <trkpt lat="30.5992211" lon="105.1168026">
      </trkpt>
      <trkpt lat="30.5992589" lon="105.115768">
      </trkpt>
      <trkpt lat="30.5994774" lon="105.1140981">
      </trkpt>
      <trkpt lat="30.5999511" lon="105.1122321">
      </trkpt>
      <trkpt lat="30.6008193" lon="105.1094694">
      </trkpt>
      <trkpt lat="30.601215" lon="105.1085999">
      </trkpt>
      <trkpt lat="30.60206" lon="105.1073376">
      </trkpt>
      <trkpt lat="30.6031989" lon="105.1057074">
      </trkpt>
      <trkpt lat="30.6042714" lon="105.1043341">
      </trkpt>
      <trkpt lat="30.6052438" lon="105.1029422">
      </trkpt>
      <trkpt lat="30.6057312" lon="105.1022786">
      </trkpt>
      <trkpt lat="30.6061841" lon="105.10174">
      </trkpt>
      <trkpt lat="30.6065809" lon="105.101292">
      </trkpt>
      <trkpt lat="30.6083659" lon="105.0998382">
      </trkpt>
      <trkpt lat="30.6122271" lon="105.0976909">
      </trkpt>
      <trkpt lat="30.6141214" lon="105.0967476">
      </trkpt>
      <trkpt lat="30.6150009" lon="105.0961776">
      </trkpt>
      <trkpt lat="30.616151" lon="105.0950771">
      </trkpt>
      <trkpt lat="30.6175717" lon="105.0931904">
      </trkpt>
      <trkpt lat="30.6184342" lon="105.0921685">
      </trkpt>
      <trkpt lat="30.6200224" lon="105.0906672">
      </trkpt>
      <trkpt lat="30.6216727" lon="105.089083">
      </trkpt>
      <trkpt lat="30.6225677" lon="105.087989">
      </trkpt>
      <trkpt lat="30.6231615" lon="105.0866904">
      </trkpt>
      <trkpt lat="30.6234446" lon="105.0860472">
      </trkpt>
      <trkpt lat="30.6236046" lon="105.0855485">
      </trkpt>
      <trkpt lat="30.6237176" lon="105.0850669">
      </trkpt>
      <trkpt lat="30.623885" lon="105.0840107">
      </trkpt>
      <trkpt lat="30.624172" lon="105.081954">
      </trkpt>
      <trkpt lat="30.6242318" lon="105.0810924">
      </trkpt>
      <trkpt lat="30.6243036" lon="105.0794804">
      </trkpt>
      <trkpt lat="30.6242323" lon="105.0776095">
      </trkpt>
      <trkpt lat="30.624239" lon="105.077502">
      </trkpt>
      <trkpt lat="30.6242045" lon="105.0757557">
      </trkpt>
      <trkpt lat="30.6242557" lon="105.0735605">
      </trkpt>
      <trkpt lat="30.6243155" lon="105.0726433">
      </trkpt>
      <trkpt lat="30.624746" lon="105.0700586">
      </trkpt>
      <trkpt lat="30.6255592" lon="105.0661815">
      </trkpt>
      <trkpt lat="30.6260614" lon="105.0641803">
      </trkpt>
      <trkpt lat="30.6263125" lon="105.0635133">
      </trkpt>
      <trkpt lat="30.626819" lon="105.0626176">
      </trkpt>
      <trkpt lat="30.6272224" lon="105.062141">
      </trkpt>
      <trkpt lat="30.6275681" lon="105.0617762">
      </trkpt>
      <trkpt lat="30.6289779" lon="105.0604025">
      </trkpt>
      <trkpt lat="30.6315146" lon="105.0578248">
      </trkpt>
      <trkpt lat="30.6325069" lon="105.056948">
      </trkpt>
      <trkpt lat="30.6359981" lon="105.0543555">
      </trkpt>
      <trkpt lat="30.6369377" lon="105.0535801">
      </trkpt>
      <trkpt lat="30.6381289" lon="105.052706">
      </trkpt>
      <trkpt lat="30.6387334" lon="105.0522447">
      </trkpt>
      <trkpt lat="30.6393253" lon="105.0517292">
      </trkpt>
      <trkpt lat="30.6396477" lon="105.0513705">
      </trkpt>
      <trkpt lat="30.6399202" lon="105.0510052">
      </trkpt>
      <trkpt lat="30.6401307" lon="105.050582">
      </trkpt>
      <trkpt lat="30.6403503" lon="105.0498113">
      </trkpt>
      <trkpt lat="30.6405888" lon="105.0489677">
      </trkpt>
      <trkpt lat="30.6406889" lon="105.047947">
      </trkpt>
      <trkpt lat="30.6409684" lon="105.0461371">
      </trkpt>
      <trkpt lat="30.6415269" lon="105.0443244">
      </trkpt>
      <trkpt lat="30.641809" lon="105.0434606">
      </trkpt>
      <trkpt lat="30.6422155" lon="105.0419181">
      </trkpt>
      <trkpt lat="30.6423231" lon="105.0410426">
      </trkpt>
      <trkpt lat="30.6423111" lon="105.0398753">
      </trkpt>
      <trkpt lat="30.6422035" lon="105.0380826">
      </trkpt>
      <trkpt lat="30.642072" lon="105.0368042">
      </trkpt>
      <trkpt lat="30.6419644" lon="105.0361371">
      </trkpt>
      <trkpt lat="30.6419166" lon="105.0355952">
      </trkpt>
      <trkpt lat="30.6420959" lon="105.0347892">
      </trkpt>
      <trkpt lat="30.6433872" lon="105.0308008">
      </trkpt>
      <trkpt lat="30.6435665" lon="105.0303284">
      </trkpt>
      <trkpt lat="30.643973" lon="105.029439">
      </trkpt>
      <trkpt lat="30.6443437" lon="105.0287997">
      </trkpt>
      <trkpt lat="30.6448697" lon="105.0280215">
      </trkpt>
      <trkpt lat="30.6454197" lon="105.0275629">
      </trkpt>
      <trkpt lat="30.6465196" lon="105.0268542">
      </trkpt>
      <trkpt lat="30.64695" lon="105.0265068">
      </trkpt>
      <trkpt lat="30.6477988" lon="105.0257286">
      </trkpt>
      <trkpt lat="30.6482292" lon="105.0252422">
      </trkpt>
      <trkpt lat="30.64964" lon="105.0230188">
      </trkpt>
      <trkpt lat="30.6502377" lon="105.0220599">
      </trkpt>
      <trkpt lat="30.6505605" lon="105.0214902">
      </trkpt>
      <trkpt lat="30.6509775" lon="105.0205754">
      </trkpt>
      <trkpt lat="30.6511947" lon="105.0198836">
      </trkpt>
      <trkpt lat="30.6512778" lon="105.0194335">
      </trkpt>
      <trkpt lat="30.6513248" lon="105.0188996">
      </trkpt>
      <trkpt lat="30.6513376" lon="105.0183912">
      </trkpt>
      <trkpt lat="30.6513495" lon="105.0176408">
      </trkpt>
      <trkpt lat="30.6513376" lon="105.0168904">
      </trkpt>
      <trkpt lat="30.6513516" lon="105.0163841">
      </trkpt>
      <trkpt lat="30.6514213" lon="105.0159454">
      </trkpt>
      <trkpt lat="30.6516604" lon="105.0152228">
      </trkpt>
      <trkpt lat="30.6519791" lon="105.014446">
      </trkpt>
      <trkpt lat="30.6525768" lon="105.0135288">
      </trkpt>
      <trkpt lat="30.6534571" lon="105.0124359">
      </trkpt>
      <trkpt lat="30.6577949" lon="105.0070286">
      </trkpt>
      <trkpt lat="30.6588461" lon="105.0059074">
      </trkpt>
      <trkpt lat="30.65977" lon="105.0052047">
      </trkpt>
      <trkpt lat="30.6607852" lon="105.0046683">
      </trkpt>
      <trkpt lat="30.6628515" lon="105.003869">
      </trkpt>
      <trkpt lat="30.6670237" lon="105.0023294">
      </trkpt>
      <trkpt lat="30.6689335" lon="105.0016938">
      </trkpt>
      <trkpt lat="30.669867" lon="105.0015123">
      </trkpt>
      <trkpt lat="30.670548" lon="105.0013799">
      </trkpt>
      <trkpt lat="30.6731512" lon="105.0006771">
      </trkpt>
      <trkpt lat="30.6746082" lon="105.0001568">
      </trkpt>
      <trkpt lat="30.6755125" lon="104.9995989">
      </trkpt>
      <trkpt lat="30.676343" lon="104.9986333">
      </trkpt>
      <trkpt lat="30.677156" lon="104.9972654">
      </trkpt>
      <trkpt lat="30.6778748" lon="104.9961442">
      </trkpt>
      <trkpt lat="30.678373" lon="104.9953932">
      </trkpt>
      <trkpt lat="30.678982" lon="104.9947495">
      </trkpt>
      <trkpt lat="30.6797211" lon="104.9942828">
      </trkpt>
      <trkpt lat="30.6809001" lon="104.9935103">
      </trkpt>
      <trkpt lat="30.6816247" lon="104.9930465">
      </trkpt>
      <trkpt lat="30.6821764" lon="104.9926289">
      </trkpt>
      <trkpt lat="30.6825451" lon="104.9922541">
      </trkpt>
      <trkpt lat="30.6829733" lon="104.9917052">
      </trkpt>
      <trkpt lat="30.6832801" lon="104.9912197">
      </trkpt>
      <trkpt lat="30.6840015" lon="104.9897713">
      </trkpt>
      <trkpt lat="30.6851835" lon="104.9866653">
      </trkpt>
      <trkpt lat="30.6854049" lon="104.985807">
      </trkpt>
      <trkpt lat="30.6854431" lon="104.9854812">
      </trkpt>
      <trkpt lat="30.6854962" lon="104.9850291">
      </trkpt>
      <trkpt lat="30.6855033" lon="104.9843434">
      </trkpt>
      <trkpt lat="30.6854556" lon="104.9836895">
      </trkpt>
      <trkpt lat="30.6854409" lon="104.9835056">
      </trkpt>
      <trkpt lat="30.6854233" lon="104.9827171">
      </trkpt>
      <trkpt lat="30.6854593" lon="104.9818105">
      </trkpt>
      <trkpt lat="30.6854686" lon="104.9815839">
      </trkpt>
      <trkpt lat="30.6856263" lon="104.9808503">
      </trkpt>
      <trkpt lat="30.6873859" lon="104.9746386">
      </trkpt>
      <trkpt lat="30.6877394" lon="104.9733899">
      </trkpt>
      <trkpt lat="30.6879238" lon="104.9727159">
      </trkpt>
      <trkpt lat="30.6880424" lon="104.9720852">
      </trkpt>
      <trkpt lat="30.6881034" lon="104.9714172">
      </trkpt>
      <trkpt lat="30.688099" lon="104.970851">
      </trkpt>
      <trkpt lat="30.6879505" lon="104.9699444">
      </trkpt>
      <trkpt lat="30.6876046" lon="104.9682427">
      </trkpt>
      <trkpt lat="30.6875423" lon="104.9677285">
      </trkpt>
      <trkpt lat="30.687496" lon="104.9670778">
      </trkpt>
      <trkpt lat="30.6875454" lon="104.9661517">
      </trkpt>
      <trkpt lat="30.6878398" lon="104.965095">
      </trkpt>
      <trkpt lat="30.6886895" lon="104.9624825">
      </trkpt>
      <trkpt lat="30.6888731" lon="104.9613184">
      </trkpt>
      <trkpt lat="30.688874" lon="104.9601865">
      </trkpt>
      <trkpt lat="30.6886517" lon="104.9592799">
      </trkpt>
      <trkpt lat="30.68773" lon="104.9571181">
      </trkpt>
      <trkpt lat="30.6867141" lon="104.9551601">
      </trkpt>
      <trkpt lat="30.6864567" lon="104.9541569">
      </trkpt>
      <trkpt lat="30.6863091" lon="104.9526978">
      </trkpt>
      <trkpt lat="30.6860128" lon="104.9504134">
      </trkpt>
      <trkpt lat="30.6857915" lon="104.9485511">
      </trkpt>
      <trkpt lat="30.685773" lon="104.947607">
      </trkpt>
      <trkpt lat="30.6858838" lon="104.9468559">
      </trkpt>
      <trkpt lat="30.6861246" lon="104.9460245">
      </trkpt>
      <trkpt lat="30.6864198" lon="104.9453807">
      </trkpt>
      <trkpt lat="30.6870094" lon="104.9444312">
      </trkpt>
      <trkpt lat="30.689316" lon="104.9413842">
      </trkpt>
      <trkpt lat="30.6905892" lon="104.9396891">
      </trkpt>
      <trkpt lat="30.6918993" lon="104.9374146">
      </trkpt>
      <trkpt lat="30.6938376" lon="104.9341369">
      </trkpt>
      <trkpt lat="30.6943727" lon="104.9331498">
      </trkpt>
      <trkpt lat="30.6946495" lon="104.9324203">
      </trkpt>
      <trkpt lat="30.6947489" lon="104.932161">
      </trkpt>
      <trkpt lat="30.6949224" lon="104.9310515">
      </trkpt>
      <trkpt lat="30.6949623" lon="104.9300975">
      </trkpt>
      <trkpt lat="30.6947351" lon="104.9280686">
      </trkpt>
      <trkpt lat="30.6946117" lon="104.926793">
      </trkpt>
      <trkpt lat="30.6945242" lon="104.925955">
      </trkpt>
      <trkpt lat="30.6944524" lon="104.9248225">
      </trkpt>
      <trkpt lat="30.6944569" lon="104.9240501">
      </trkpt>
      <trkpt lat="30.6945287" lon="104.9233977">
      </trkpt>
      <trkpt lat="30.6947127" lon="104.9225888">
      </trkpt>
      <trkpt lat="30.6950134" lon="104.9218373">
      </trkpt>
      <trkpt lat="30.695691" lon="104.9201673">
      </trkpt>
      <trkpt lat="30.6960904" lon="104.9190974">
      </trkpt>
      <trkpt lat="30.6962564" lon="104.9182989">
      </trkpt>
      <trkpt lat="30.6963238" lon="104.9174587">
      </trkpt>
      <trkpt lat="30.6962723" lon="104.9164933">
      </trkpt>
      <trkpt lat="30.6961487" lon="104.915632">
      </trkpt>
      <trkpt lat="30.6958529" lon="104.9145838">
      </trkpt>
      <trkpt lat="30.6956884" lon="104.9139335">
      </trkpt>
      <trkpt lat="30.6956634" lon="104.9131459">
      </trkpt>
      <trkpt lat="30.6958304" lon="104.9119282">
      </trkpt>
      <trkpt lat="30.6961985" lon="104.9096698">
      </trkpt>
      <trkpt lat="30.6963461" lon="104.9082321">
      </trkpt>
      <trkpt lat="30.696217" lon="104.9071378">
      </trkpt>
      <trkpt lat="30.695978" lon="104.9066067">
      </trkpt>
      <trkpt lat="30.6945932" lon="104.9040908">
      </trkpt>
      <trkpt lat="30.6926743" lon="104.9004215">
      </trkpt>
      <trkpt lat="30.6921576" lon="104.899692">
      </trkpt>
      <trkpt lat="30.6916963" lon="104.8992843">
      </trkpt>
      <trkpt lat="30.6899065" lon="104.8980826">
      </trkpt>
      <trkpt lat="30.6890392" lon="104.8973531">
      </trkpt>
      <trkpt lat="30.6880981" lon="104.8963017">
      </trkpt>
      <trkpt lat="30.6878516" lon="104.8959067">
      </trkpt>
      <trkpt lat="30.6876193" lon="104.8955345">
      </trkpt>
      <trkpt lat="30.6871939" lon="104.8944563">
      </trkpt>
      <trkpt lat="30.6868418" lon="104.8934664">
      </trkpt>
      <trkpt lat="30.6865918" lon="104.8927404">
      </trkpt>
      <trkpt lat="30.6864383" lon="104.8922449">
      </trkpt>
      <trkpt lat="30.6862207" lon="104.8914751">
      </trkpt>
      <trkpt lat="30.6861017" lon="104.8908306">
      </trkpt>
      <trkpt lat="30.6860411" lon="104.8901261">
      </trkpt>
      <trkpt lat="30.6860591" lon="104.8896303">
      </trkpt>
      <trkpt lat="30.6861049" lon="104.8891285">
      </trkpt>
      <trkpt lat="30.6862713" lon="104.8879761">
      </trkpt>
      <trkpt lat="30.686585" lon="104.8863238">
      </trkpt>
      <trkpt lat="30.6872502" lon="104.8839259">
      </trkpt>
      <trkpt lat="30.6887338" lon="104.8791691">
      </trkpt>
      <trkpt lat="30.6892062" lon="104.8772312">
      </trkpt>
      <trkpt lat="30.6894238" lon="104.8764957">
      </trkpt>
      <trkpt lat="30.6894082" lon="104.8763541">
      </trkpt>
      <trkpt lat="30.6895129" lon="104.8753509">
      </trkpt>
      <trkpt lat="30.689534" lon="104.8745257">
      </trkpt>
      <trkpt lat="30.6895559" lon="104.8708099">
      </trkpt>
      <trkpt lat="30.6896112" lon="104.869016">
      </trkpt>
      <trkpt lat="30.6896844" lon="104.868223">
      </trkpt>
      <trkpt lat="30.689881" lon="104.8672678">
      </trkpt>
      <trkpt lat="30.6902628" lon="104.8656399">
      </trkpt>
      <trkpt lat="30.6908528" lon="104.8634201">
      </trkpt>
      <trkpt lat="30.6912809" lon="104.861725">
      </trkpt>
      <trkpt lat="30.6914175" lon="104.8611849">
      </trkpt>
      <trkpt lat="30.6917761" lon="104.860042">
      </trkpt>
      <trkpt lat="30.6921717" lon="104.8591555">
      </trkpt>
      <trkpt lat="30.6930046" lon="104.8573931">
      </trkpt>
      <trkpt lat="30.6938902" lon="104.8554045">
      </trkpt>
      <trkpt lat="30.694269" lon="104.8545775">
      </trkpt>
      <trkpt lat="30.694534" lon="104.8540773">
      </trkpt>
      <trkpt lat="30.6947628" lon="104.853563">
      </trkpt>
      <trkpt lat="30.6950243" lon="104.8529044">
      </trkpt>
      <trkpt lat="30.695262" lon="104.8520753">
      </trkpt>
      <trkpt lat="30.6953899" lon="104.8513446">
      </trkpt>
      <trkpt lat="30.6957601" lon="104.8492231">
      </trkpt>
      <trkpt lat="30.695906" lon="104.8483255">
      </trkpt>
      <trkpt lat="30.6960406" lon="104.8477227">
      </trkpt>
      <trkpt lat="30.6963121" lon="104.8470834">
      </trkpt>
      <trkpt lat="30.6965993" lon="104.8464911">
      </trkpt>
      <trkpt lat="30.6969673" lon="104.8459352">
      </trkpt>
      <trkpt lat="30.6974452" lon="104.8453559">
      </trkpt>
      <trkpt lat="30.6981228" lon="104.8444792">
      </trkpt>
      <trkpt lat="30.6985492" lon="104.8438373">
      </trkpt>
      <trkpt lat="30.6988274" lon="104.8432867">
      </trkpt>
      <trkpt lat="30.6990989" lon="104.8426082">
      </trkpt>
      <trkpt lat="30.6993143" lon="104.8418854">
      </trkpt>
      <trkpt lat="30.6995499" lon="104.8407685">
      </trkpt>
      <trkpt lat="30.7004416" lon="104.8364436">
      </trkpt>
      <trkpt lat="30.700636" lon="104.8354948">
      </trkpt>
      <trkpt lat="30.7007674" lon="104.8348528">
      </trkpt>
      <trkpt lat="30.7011411" lon="104.8331531">
      </trkpt>
      <trkpt lat="30.7013106" lon="104.8323834">
      </trkpt>
      <trkpt lat="30.7015188" lon="104.8314552">
      </trkpt>
      <trkpt lat="30.701727" lon="104.829639">
      </trkpt>
      <trkpt lat="30.7015651" lon="104.827325">
      </trkpt>
      <trkpt lat="30.7012296" lon="104.8243249">
      </trkpt>
      <trkpt lat="30.7012759" lon="104.8212576">
      </trkpt>
      <trkpt lat="30.7012759" lon="104.8191051">
      </trkpt>
      <trkpt lat="30.7011849" lon="104.8182968">
      </trkpt>
      <trkpt lat="30.7010437" lon="104.8174149">
      </trkpt>
      <trkpt lat="30.7008787" lon="104.8167524">
      </trkpt>
      <trkpt lat="30.7006859" lon="104.8161453">
      </trkpt>
      <trkpt lat="30.6991937" lon="104.8121901">
      </trkpt>
      <trkpt lat="30.6989574" lon="104.811448">
      </trkpt>
      <trkpt lat="30.6987733" lon="104.8105771">
      </trkpt>
      <trkpt lat="30.6987384" lon="104.8100678">
      </trkpt>
      <trkpt lat="30.6987078" lon="104.809486">
      </trkpt>
      <trkpt lat="30.6987607" lon="104.8086618">
      </trkpt>
      <trkpt lat="30.6989276" lon="104.8075083">
      </trkpt>
      <trkpt lat="30.6990367" lon="104.8063996">
      </trkpt>
      <trkpt lat="30.6990748" lon="104.8056357">
      </trkpt>
      <trkpt lat="30.6990589" lon="104.804894">
      </trkpt>
      <trkpt lat="30.6988971" lon="104.8036688">
      </trkpt>
      <trkpt lat="30.6986306" lon="104.8020008">
      </trkpt>
      <trkpt lat="30.6983145" lon="104.8004588">
      </trkpt>
      <trkpt lat="30.6977939" lon="104.7988175">
      </trkpt>
      <trkpt lat="30.6959893" lon="104.7942838">
      </trkpt>
      <trkpt lat="30.6957117" lon="104.7933689">
      </trkpt>
      <trkpt lat="30.695087" lon="104.7873688">
      </trkpt>
      <trkpt lat="30.69487" lon="104.7856577">
      </trkpt>
      <trkpt lat="30.6945019" lon="104.7827277">
      </trkpt>
      <trkpt lat="30.6942925" lon="104.7805285">
      </trkpt>
      <trkpt lat="30.6942007" lon="104.7797159">
      </trkpt>
      <trkpt lat="30.6941442" lon="104.7788796">
      </trkpt>
      <trkpt lat="30.69414" lon="104.778263">
      </trkpt>
      <trkpt lat="30.6941622" lon="104.7776836">
      </trkpt>
      <trkpt lat="30.6942383" lon="104.7768754">
      </trkpt>
      <trkpt lat="30.6943812" lon="104.7759778">
      </trkpt>
      <trkpt lat="30.6945834" lon="104.774643">
      </trkpt>
      <trkpt lat="30.6948032" lon="104.7738309">
      </trkpt>
      <trkpt lat="30.6951269" lon="104.7730006">
      </trkpt>
      <trkpt lat="30.695533" lon="104.7721961">
      </trkpt>
      <trkpt lat="30.69599" lon="104.7714581">
      </trkpt>
      <trkpt lat="30.6963422" lon="104.7709008">
      </trkpt>
      <trkpt lat="30.6966913" lon="104.7702144">
      </trkpt>
      <trkpt lat="30.6969039" lon="104.7696609">
      </trkpt>
      <trkpt lat="30.6971831" lon="104.7688343">
      </trkpt>
      <trkpt lat="30.6975449" lon="104.7677456">
      </trkpt>
      <trkpt lat="30.697932" lon="104.7667898">
      </trkpt>
      <trkpt lat="30.6982462" lon="104.7661551">
      </trkpt>
      <trkpt lat="30.6988046" lon="104.765262">
      </trkpt>
      <trkpt lat="30.699782" lon="104.7636309">
      </trkpt>
      <trkpt lat="30.7004263" lon="104.7626307">
      </trkpt>
      <trkpt lat="30.7008608" lon="104.7618169">
      </trkpt>
      <trkpt lat="30.7011839" lon="104.7611593">
      </trkpt>
      <trkpt lat="30.7014576" lon="104.7601991">
      </trkpt>
      <trkpt lat="30.7016359" lon="104.7593073">
      </trkpt>
      <trkpt lat="30.701692" lon="104.7589356">
      </trkpt>
      <trkpt lat="30.7017199" lon="104.7583454">
      </trkpt>
      <trkpt lat="30.701695" lon="104.7578748">
      </trkpt>
      <trkpt lat="30.7017042" lon="104.7547776">
      </trkpt>
      <trkpt lat="30.7017841" lon="104.7538218">
      </trkpt>
      <trkpt lat="30.7019555" lon="104.7520585">
      </trkpt>
      <trkpt lat="30.70208" lon="104.7512964">
      </trkpt>
      <trkpt lat="30.7021574" lon="104.7505555">
      </trkpt>
      <trkpt lat="30.7022072" lon="104.749696">
      </trkpt>
      <trkpt lat="30.7022258" lon="104.7475623">
      </trkpt>
      <trkpt lat="30.702602" lon="104.7447275">
      </trkpt>
      <trkpt lat="30.7031746" lon="104.7418355">
      </trkpt>
      <trkpt lat="30.703829" lon="104.7400661">
      </trkpt>
      <trkpt lat="30.7044342" lon="104.7387724">
      </trkpt>
      <trkpt lat="30.7051686" lon="104.7374665">
      </trkpt>
      <trkpt lat="30.7055009" lon="104.7365163">
      </trkpt>
      <trkpt lat="30.7058893" lon="104.7342982">
      </trkpt>
      <trkpt lat="30.7059355" lon="104.7335458">
      </trkpt>
      <trkpt lat="30.7058775" lon="104.7328253">
      </trkpt>
      <trkpt lat="30.705524" lon="104.7305962">
      </trkpt>
      <trkpt lat="30.7055528" lon="104.7294859">
      </trkpt>
      <trkpt lat="30.7057333" lon="104.7280565">
      </trkpt>
      <trkpt lat="30.7058663" lon="104.7273713">
      </trkpt>
      <trkpt lat="30.7059312" lon="104.7266939">
      </trkpt>
      <trkpt lat="30.705917" lon="104.7257942">
      </trkpt>
      <trkpt lat="30.7057999" lon="104.7248311">
      </trkpt>
      <trkpt lat="30.7055096" lon="104.7238883">
      </trkpt>
      <trkpt lat="30.7044015" lon="104.722258">
      </trkpt>
      <trkpt lat="30.7040253" lon="104.7209642">
      </trkpt>
      <trkpt lat="30.70324" lon="104.7173113">
      </trkpt>
      <trkpt lat="30.7026184" lon="104.7146477">
      </trkpt>
      <trkpt lat="30.7022896" lon="104.7120138">
      </trkpt>
      <trkpt lat="30.7022917" lon="104.7112405">
      </trkpt>
      <trkpt lat="30.7023076" lon="104.7102337">
      </trkpt>
      <trkpt lat="30.702407" lon="104.7092128">
      </trkpt>
      <trkpt lat="30.7024162" lon="104.7084832">
      </trkpt>
      <trkpt lat="30.702373" lon="104.7077683">
      </trkpt>
      <trkpt lat="30.7022317" lon="104.7070455">
      </trkpt>
      <trkpt lat="30.7017981" lon="104.7049105">
      </trkpt>
      <trkpt lat="30.7015332" lon="104.703477">
      </trkpt>
      <trkpt lat="30.7009498" lon="104.7007398">
      </trkpt>
      <trkpt lat="30.7004638" lon="104.696092">
      </trkpt>
      <trkpt lat="30.7003587" lon="104.6931597">
      </trkpt>
      <trkpt lat="30.7003263" lon="104.6916223">
      </trkpt>
      <trkpt lat="30.7003042" lon="104.6905776">
      </trkpt>
      <trkpt lat="30.7003347" lon="104.6901445">
      </trkpt>
      <trkpt lat="30.7005102" lon="104.688216">
      </trkpt>
      <trkpt lat="30.7006811" lon="104.686833">
      </trkpt>
      <trkpt lat="30.7008895" lon="104.685267">
      </trkpt>
      <trkpt lat="30.701239" lon="104.6838571">
      </trkpt>
      <trkpt lat="30.7018924" lon="104.6820639">
      </trkpt>
      <trkpt lat="30.7021294" lon="104.681473">
      </trkpt>
      <trkpt lat="30.7037992" lon="104.6772863">
      </trkpt>
      <trkpt lat="30.7050163" lon="104.674138">
      </trkpt>
      <trkpt lat="30.7061845" lon="104.6711308">
      </trkpt>
      <trkpt lat="30.7078299" lon="104.6676545">
      </trkpt>
      <trkpt lat="30.7101369" lon="104.6626763">
      </trkpt>
      <trkpt lat="30.711684" lon="104.6591838">
      </trkpt>
      <trkpt lat="30.7124937" lon="104.6575694">
      </trkpt>
      <trkpt lat="30.713951" lon="104.6551478">
      </trkpt>
      <trkpt lat="30.7148209" lon="104.6540658">
      </trkpt>
      <trkpt lat="30.7163477" lon="104.651989">
      </trkpt>
      <trkpt lat="30.717097" lon="104.6507082">
      </trkpt>
      <trkpt lat="30.7180916" lon="104.6483943">
      </trkpt>
      <trkpt lat="30.7206823" lon="104.6421251">
      </trkpt>
      <trkpt lat="30.7220701" lon="104.6385196">
      </trkpt>
      <trkpt lat="30.7234117" lon="104.6337033">
      </trkpt>
      <trkpt lat="30.7257574" lon="104.6250865">
      </trkpt>
      <trkpt lat="30.7268205" lon="104.621053">
      </trkpt>
      <trkpt lat="30.7275892" lon="104.618123">
      </trkpt>
      <trkpt lat="30.7280798" lon="104.6164488">
      </trkpt>
      <trkpt lat="30.7284233" lon="104.614394">
      </trkpt>
      <trkpt lat="30.7285377" lon="104.6127197">
      </trkpt>
      <trkpt lat="30.7286359" lon="104.6104747">
      </trkpt>
      <trkpt lat="30.7287411" lon="104.6087074">
      </trkpt>
      <trkpt lat="30.7288336" lon="104.6073351">
      </trkpt>
      <trkpt lat="30.7288683" lon="104.6059763">
      </trkpt>
      <trkpt lat="30.7289261" lon="104.6048463">
      </trkpt>
      <trkpt lat="30.7291112" lon="104.6035009">
      </trkpt>
      <trkpt lat="30.7294234" lon="104.6021018">
      </trkpt>
      <trkpt lat="30.7298513" lon="104.600447">
      </trkpt>
      <trkpt lat="30.7307855" lon="104.5974094">
      </trkpt>
      <trkpt lat="30.7318158" lon="104.5937565">
      </trkpt>
      <trkpt lat="30.7330066" lon="104.5895234">
      </trkpt>
      <trkpt lat="30.7331268" lon="104.5890674">
      </trkpt>
      <trkpt lat="30.7332042" lon="104.5887257">
      </trkpt>
      <trkpt lat="30.7332692" lon="104.5883839">
      </trkpt>
      <trkpt lat="30.7333318" lon="104.5879472">
      </trkpt>
      <trkpt lat="30.7333965" lon="104.5873803">
      </trkpt>
      <trkpt lat="30.7334459" lon="104.5862662">
      </trkpt>
      <trkpt lat="30.7334781" lon="104.585129">
      </trkpt>
      <trkpt lat="30.733595" lon="104.5821101">
      </trkpt>
      <trkpt lat="30.7336401" lon="104.5808236">
      </trkpt>
      <trkpt lat="30.7336539" lon="104.5804141">
      </trkpt>
      <trkpt lat="30.7336933" lon="104.5799993">
      </trkpt>
      <trkpt lat="30.733755" lon="104.5795067">
      </trkpt>
      <trkpt lat="30.7338333" lon="104.5790666">
      </trkpt>
      <trkpt lat="30.7338938" lon="104.5787923">
      </trkpt>
      <trkpt lat="30.7339786" lon="104.5784825">
      </trkpt>
      <trkpt lat="30.7342004" lon="104.5776715">
      </trkpt>
      <trkpt lat="30.7345694" lon="104.5766113">
      </trkpt>
      <trkpt lat="30.7390966" lon="104.5641366">
      </trkpt>
      <trkpt lat="30.7391294" lon="104.5640462">
      </trkpt>
      <trkpt lat="30.7392587" lon="104.5636897">
      </trkpt>
      <trkpt lat="30.7393885" lon="104.5633321">
      </trkpt>
      <trkpt lat="30.7396283" lon="104.5627255">
      </trkpt>
      <trkpt lat="30.7402032" lon="104.5611531">
      </trkpt>
      <trkpt lat="30.7405372" lon="104.5603231">
      </trkpt>
      <trkpt lat="30.7412894" lon="104.5581542">
      </trkpt>
      <trkpt lat="30.7422706" lon="104.5549007">
      </trkpt>
      <trkpt lat="30.7431221" lon="104.552167">
      </trkpt>
      <trkpt lat="30.7446087" lon="104.54751">
      </trkpt>
      <trkpt lat="30.7448933" lon="104.5465913">
      </trkpt>
      <trkpt lat="30.7450867" lon="104.5456511">
      </trkpt>
      <trkpt lat="30.7451645" lon="104.5447959">
      </trkpt>
      <trkpt lat="30.745277" lon="104.5433534">
      </trkpt>
      <trkpt lat="30.745287" lon="104.543228">
      </trkpt>
      <trkpt lat="30.7453114" lon="104.5429339">
      </trkpt>
      <trkpt lat="30.7453876" lon="104.541971">
      </trkpt>
      <trkpt lat="30.7454403" lon="104.5409572">
      </trkpt>
      <trkpt lat="30.7455228" lon="104.5399021">
      </trkpt>
      <trkpt lat="30.7455628" lon="104.5393149">
      </trkpt>
      <trkpt lat="30.7456369" lon="104.5386936">
      </trkpt>
      <trkpt lat="30.745783" lon="104.5380024">
      </trkpt>
      <trkpt lat="30.745984" lon="104.53721">
      </trkpt>
      <trkpt lat="30.7462261" lon="104.5365083">
      </trkpt>
      <trkpt lat="30.7467784" lon="104.53516">
      </trkpt>
      <trkpt lat="30.7470435" lon="104.5345743">
      </trkpt>
      <trkpt lat="30.7479554" lon="104.5321171">
      </trkpt>
      <trkpt lat="30.7494485" lon="104.527999">
      </trkpt>
      <trkpt lat="30.7510555" lon="104.5232522">
      </trkpt>
      <trkpt lat="30.7523572" lon="104.5190438">
      </trkpt>
      <trkpt lat="30.7529573" lon="104.517289">
      </trkpt>
      <trkpt lat="30.753814" lon="104.5150678">
      </trkpt>
      <trkpt lat="30.7546463" lon="104.5134122">
      </trkpt>
      <trkpt lat="30.7558494" lon="104.5116629">
      </trkpt>
      <trkpt lat="30.7571968" lon="104.5100256">
      </trkpt>
      <trkpt lat="30.7588815" lon="104.5081767">
      </trkpt>
      <trkpt lat="30.7607265" lon="104.506421">
      </trkpt>
      <trkpt lat="30.7619708" lon="104.5055736">
      </trkpt>
      <trkpt lat="30.7652888" lon="104.5034615">
      </trkpt>
      <trkpt lat="30.7667432" lon="104.5024525">
      </trkpt>
      <trkpt lat="30.7705536" lon="104.4996264">
      </trkpt>
      <trkpt lat="30.7713873" lon="104.4991317">
      </trkpt>
      <trkpt lat="30.7737576" lon="104.4980472">
      </trkpt>
      <trkpt lat="30.7757356" lon="104.497153">
      </trkpt>
      <trkpt lat="30.7772068" lon="104.4961827">
      </trkpt>
      <trkpt lat="30.7792044" lon="104.4944933">
      </trkpt>
      <trkpt lat="30.7805611" lon="104.4933994">
      </trkpt>
      <trkpt lat="30.7819341" lon="104.4924766">
      </trkpt>
      <trkpt lat="30.7825552" lon="104.4920866">
      </trkpt>
      <trkpt lat="30.7830538" lon="104.49163">
      </trkpt>
      <trkpt lat="30.7847864" lon="104.4900413">
      </trkpt>
      <trkpt lat="30.7854892" lon="104.4894134">
      </trkpt>
      <trkpt lat="30.7864372" lon="104.4885763">
      </trkpt>
      <trkpt lat="30.7870532" lon="104.4882098">
      </trkpt>
      <trkpt lat="30.7876386" lon="104.4879909">
      </trkpt>
      <trkpt lat="30.7883847" lon="104.4878152">
      </trkpt>
      <trkpt lat="30.7890114" lon="104.4877392">
      </trkpt>
      <trkpt lat="30.7897773" lon="104.4878475">
      </trkpt>
      <trkpt lat="30.7906622" lon="104.4880531">
      </trkpt>
      <trkpt lat="30.79168" lon="104.4882547">
      </trkpt>
      <trkpt lat="30.7920609" lon="104.4882838">
      </trkpt>
      <trkpt lat="30.7925597" lon="104.4882726">
      </trkpt>
      <trkpt lat="30.7930409" lon="104.4882201">
      </trkpt>
      <trkpt lat="30.7934812" lon="104.4880489">
      </trkpt>
      <trkpt lat="30.7938914" lon="104.4878126">
      </trkpt>
      <trkpt lat="30.7942233" lon="104.4875704">
      </trkpt>
      <trkpt lat="30.7945297" lon="104.4873343">
      </trkpt>
      <trkpt lat="30.7948637" lon="104.4869409">
      </trkpt>
      <trkpt lat="30.7951867" lon="104.4864705">
      </trkpt>
      <trkpt lat="30.7954597" lon="104.4859652">
      </trkpt>
      <trkpt lat="30.7958522" lon="104.4850742">
      </trkpt>
      <trkpt lat="30.796375" lon="104.4839298">
      </trkpt>
      <trkpt lat="30.7967993" lon="104.4830108">
      </trkpt>
      <trkpt lat="30.7971713" lon="104.4822379">
      </trkpt>
      <trkpt lat="30.797617" lon="104.4813042">
      </trkpt>
      <trkpt lat="30.7980862" lon="104.4800703">
      </trkpt>
      <trkpt lat="30.7982566" lon="104.4795807">
      </trkpt>
      <trkpt lat="30.7984227" lon="104.4790024">
      </trkpt>
      <trkpt lat="30.7985481" lon="104.4782903">
      </trkpt>
      <trkpt lat="30.7987562" lon="104.4772216">
      </trkpt>
      <trkpt lat="30.7988957" lon="104.4764905">
      </trkpt>
      <trkpt lat="30.7989745" lon="104.4759819">
      </trkpt>
      <trkpt lat="30.7990017" lon="104.4755253">
      </trkpt>
      <trkpt lat="30.7989955" lon="104.4750657">
      </trkpt>
      <trkpt lat="30.798982" lon="104.4748438">
      </trkpt>
      <trkpt lat="30.7988474" lon="104.473905">
      </trkpt>
      <trkpt lat="30.7987405" lon="104.4733395">
      </trkpt>
      <trkpt lat="30.7986632" lon="104.4728873">
      </trkpt>
      <trkpt lat="30.7986136" lon="104.4724818">
      </trkpt>
      <trkpt lat="30.7985935" lon="104.4721751">
      </trkpt>
      <trkpt lat="30.7986226" lon="104.4713431">
      </trkpt>
      <trkpt lat="30.7986874" lon="104.4705195">
      </trkpt>
      <trkpt lat="30.7987924" lon="104.4691861">
      </trkpt>
      <trkpt lat="30.7988378" lon="104.4686243">
      </trkpt>
      <trkpt lat="30.7988703" lon="104.4682932">
      </trkpt>
      <trkpt lat="30.7989371" lon="104.4678721">
      </trkpt>
      <trkpt lat="30.7990297" lon="104.4674911">
      </trkpt>
      <trkpt lat="30.7991938" lon="104.4670733">
      </trkpt>
      <trkpt lat="30.7994648" lon="104.4665011">
      </trkpt>
      <trkpt lat="30.7996557" lon="104.4662001">
      </trkpt>
      <trkpt lat="30.7998046" lon="104.4659845">
      </trkpt>
      <trkpt lat="30.8001023" lon="104.4656379">
      </trkpt>
      <trkpt lat="30.8004001" lon="104.4653579">
      </trkpt>
      <trkpt lat="30.8008276" lon="104.465069">
      </trkpt>
      <trkpt lat="30.8011931" lon="104.4648623">
      </trkpt>
      <trkpt lat="30.8014515" lon="104.4647024">
      </trkpt>
      <trkpt lat="30.8019832" lon="104.4643521">
      </trkpt>
      <trkpt lat="30.8022774" lon="104.4641399">
      </trkpt>
      <trkpt lat="30.8026674" lon="104.4638068">
      </trkpt>
      <trkpt lat="30.8030626" lon="104.4633783">
      </trkpt>
      <trkpt lat="30.8032563" lon="104.463107">
      </trkpt>
      <trkpt lat="30.8033842" lon="104.4629328">
      </trkpt>
      <trkpt lat="30.803596" lon="104.4625372">
      </trkpt>
      <trkpt lat="30.8037811" lon="104.4621106">
      </trkpt>
      <trkpt lat="30.8038861" lon="104.4617862">
      </trkpt>
      <trkpt lat="30.8039491" lon="104.4615618">
      </trkpt>
      <trkpt lat="30.8040312" lon="104.4611662">
      </trkpt>
      <trkpt lat="30.8040712" lon="104.4608041">
      </trkpt>
      <trkpt lat="30.8040999" lon="104.4604441">
      </trkpt>
      <trkpt lat="30.8040961" lon="104.4600663">
      </trkpt>
      <trkpt lat="30.8040655" lon="104.459713">
      </trkpt>
      <trkpt lat="30.8040312" lon="104.4594486">
      </trkpt>
      <trkpt lat="30.8039491" lon="104.4590464">
      </trkpt>
      <trkpt lat="30.8038556" lon="104.4586865">
      </trkpt>
      <trkpt lat="30.8037143" lon="104.458202">
      </trkpt>
      <trkpt lat="30.803346" lon="104.4569821">
      </trkpt>
      <trkpt lat="30.8032059" lon="104.4565184">
      </trkpt>
      <trkpt lat="30.8030788" lon="104.4560756">
      </trkpt>
      <trkpt lat="30.802823" lon="104.4551956">
      </trkpt>
      <trkpt lat="30.8027123" lon="104.454769">
      </trkpt>
      <trkpt lat="30.8026379" lon="104.4544312">
      </trkpt>
      <trkpt lat="30.802573" lon="104.4539935">
      </trkpt>
      <trkpt lat="30.8025329" lon="104.4535802">
      </trkpt>
      <trkpt lat="30.8025253" lon="104.4531069">
      </trkpt>
      <trkpt lat="30.8025425" lon="104.4526225">
      </trkpt>
      <trkpt lat="30.8025864" lon="104.4521737">
      </trkpt>
      <trkpt lat="30.8026761" lon="104.4516337">
      </trkpt>
      <trkpt lat="30.8027868" lon="104.4511715">
      </trkpt>
      <trkpt lat="30.802886" lon="104.450856">
      </trkpt>
      <trkpt lat="30.8030463" lon="104.4504205">
      </trkpt>
      <trkpt lat="30.8032677" lon="104.449945">
      </trkpt>
      <trkpt lat="30.8038327" lon="104.4489139">
      </trkpt>
      <trkpt lat="30.8048053" lon="104.4472105">
      </trkpt>
      <trkpt lat="30.8049721" lon="104.4469185">
      </trkpt>
      <trkpt lat="30.8056992" lon="104.4456564">
      </trkpt>
      <trkpt lat="30.8061993" lon="104.4447654">
      </trkpt>
      <trkpt lat="30.8065352" lon="104.4441432">
      </trkpt>
      <trkpt lat="30.8069226" lon="104.4435388">
      </trkpt>
      <trkpt lat="30.8075448" lon="104.4428833">
      </trkpt>
      <trkpt lat="30.8086059" lon="104.4421945">
      </trkpt>
      <trkpt lat="30.8099174" lon="104.4417053">
      </trkpt>
      <trkpt lat="30.8109907" lon="104.4413403">
      </trkpt>
      <trkpt lat="30.8120731" lon="104.4409924">
      </trkpt>
      <trkpt lat="30.8131021" lon="104.4406532">
      </trkpt>
      <trkpt lat="30.8141827" lon="104.4403139">
      </trkpt>
      <trkpt lat="30.8146437" lon="104.4401701">
      </trkpt>
      <trkpt lat="30.8152965" lon="104.4400048">
      </trkpt>
      <trkpt lat="30.8159603" lon="104.4398759">
      </trkpt>
      <trkpt lat="30.8167347" lon="104.4397235">
      </trkpt>
      <trkpt lat="30.8177047" lon="104.4395217">
      </trkpt>
      <trkpt lat="30.8186321" lon="104.439337">
      </trkpt>
      <trkpt lat="30.8191872" lon="104.4392297">
      </trkpt>
      <trkpt lat="30.8196205" lon="104.4391524">
      </trkpt>
      <trkpt lat="30.820122" lon="104.4390643">
      </trkpt>
      <trkpt lat="30.820642" lon="104.4389591">
      </trkpt>
      <trkpt lat="30.8212947" lon="104.4388239">
      </trkpt>
      <trkpt lat="30.8217243" lon="104.4387423">
      </trkpt>
      <trkpt lat="30.8221945" lon="104.4386864">
      </trkpt>
      <trkpt lat="30.8225596" lon="104.4386671">
      </trkpt>
      <trkpt lat="30.82305" lon="104.4386392">
      </trkpt>
      <trkpt lat="30.8236862" lon="104.4386671">
      </trkpt>
      <trkpt lat="30.8244735" lon="104.4387208">
      </trkpt>
      <trkpt lat="30.8252055" lon="104.4387852">
      </trkpt>
      <trkpt lat="30.8258379" lon="104.4388389">
      </trkpt>
      <trkpt lat="30.8265477" lon="104.4389097">
      </trkpt>
      <trkpt lat="30.8271691" lon="104.4390042">
      </trkpt>
      <trkpt lat="30.8278144" lon="104.4391459">
      </trkpt>
      <trkpt lat="30.8283896" lon="104.4393284">
      </trkpt>
      <trkpt lat="30.8288542" lon="104.4394916">
      </trkpt>
      <trkpt lat="30.8292654" lon="104.4396763">
      </trkpt>
      <trkpt lat="30.8299697" lon="104.4400284">
      </trkpt>
      <trkpt lat="30.8308251" lon="104.4404449">
      </trkpt>
      <trkpt lat="30.8314704" lon="104.4407691">
      </trkpt>
      <trkpt lat="30.8319857" lon="104.4410096">
      </trkpt>
      <trkpt lat="30.8324844" lon="104.4412447">
      </trkpt>
      <trkpt lat="30.8332792" lon="104.4416277">
      </trkpt>
      <trkpt lat="30.8338487" lon="104.441815">
      </trkpt>
      <trkpt lat="30.8344066" lon="104.441921">
      </trkpt>
      <trkpt lat="30.8347901" lon="104.4419526">
      </trkpt>
      <trkpt lat="30.8375445" lon="104.4416142">
      </trkpt>
      <trkpt lat="30.8400296" lon="104.4406272">
      </trkpt>
      <trkpt lat="30.8402166" lon="104.4404183">
      </trkpt>
      <trkpt lat="30.8403899" lon="104.4402294">
      </trkpt>
      <trkpt lat="30.8405411" lon="104.4400533">
      </trkpt>
      <trkpt lat="30.8407254" lon="104.4398171">
      </trkpt>
      <trkpt lat="30.8409153" lon="104.4394822">
      </trkpt>
      <trkpt lat="30.8410757" lon="104.4391472">
      </trkpt>
      <trkpt lat="30.8412711" lon="104.4386599">
      </trkpt>
      <trkpt lat="30.8417725" lon="104.4367089">
      </trkpt>
      <trkpt lat="30.8419997" lon="104.4356428">
      </trkpt>
      <trkpt lat="30.8421855" lon="104.4347706">
      </trkpt>
      <trkpt lat="30.8422298" lon="104.4345019">
      </trkpt>
      <trkpt lat="30.8423093" lon="104.4341785">
      </trkpt>
      <trkpt lat="30.8425036" lon="104.43343">
      </trkpt>
      <trkpt lat="30.8428216" lon="104.4321729">
      </trkpt>
      <trkpt lat="30.8432987" lon="104.4302888">
      </trkpt>
      <trkpt lat="30.8435346" lon="104.4293809">
      </trkpt>
      <trkpt lat="30.8437719" lon="104.4284426">
      </trkpt>
      <trkpt lat="30.8441564" lon="104.4269578">
      </trkpt>
      <trkpt lat="30.8444184" lon="104.4259254">
      </trkpt>
      <trkpt lat="30.8445071" lon="104.4255945">
      </trkpt>
      <trkpt lat="30.8446205" lon="104.4252802">
      </trkpt>
      <trkpt lat="30.8446948" lon="104.4250494">
      </trkpt>
      <trkpt lat="30.844837" lon="104.4245609">
      </trkpt>
      <trkpt lat="30.8450861" lon="104.4237056">
      </trkpt>
      <trkpt lat="30.8451967" lon="104.4232654">
      </trkpt>
      <trkpt lat="30.8452953" lon="104.4227791">
      </trkpt>
      <trkpt lat="30.8453395" lon="104.4223282">
      </trkpt>
      <trkpt lat="30.8453304" lon="104.4215714">
      </trkpt>
      <trkpt lat="30.8452965" lon="104.420202">
      </trkpt>
      <trkpt lat="30.8452" lon="104.4182374">
      </trkpt>
      <trkpt lat="30.8451957" lon="104.4180413">
      </trkpt>
      <trkpt lat="30.8451792" lon="104.4160997">
      </trkpt>
      <trkpt lat="30.844925" lon="104.4073949">
      </trkpt>
      <trkpt lat="30.8449171" lon="104.4070335">
      </trkpt>
      <trkpt lat="30.8449041" lon="104.4065515">
      </trkpt>
      <trkpt lat="30.8448741" lon="104.4056018">
      </trkpt>
      <trkpt lat="30.8448168" lon="104.4037268">
      </trkpt>
      <trkpt lat="30.8447516" lon="104.4016677">
      </trkpt>
      <trkpt lat="30.8446994" lon="104.3997304">
      </trkpt>
      <trkpt lat="30.8446734" lon="104.398906">
      </trkpt>
      <trkpt lat="30.8446655" lon="104.3981545">
      </trkpt>
      <trkpt lat="30.8446642" lon="104.3961429">
      </trkpt>
      <trkpt lat="30.844659" lon="104.3944759">
      </trkpt>
      <trkpt lat="30.8446551" lon="104.3924612">
      </trkpt>
      <trkpt lat="30.844659" lon="104.390949">
      </trkpt>
      <trkpt lat="30.8446538" lon="104.3895249">
      </trkpt>
      <trkpt lat="30.8446512" lon="104.3889647">
      </trkpt>
      <trkpt lat="30.8446356" lon="104.3881494">
      </trkpt>
      <trkpt lat="30.8445939" lon="104.3874207">
      </trkpt>
      <trkpt lat="30.8445547" lon="104.3869485">
      </trkpt>
      <trkpt lat="30.8445026" lon="104.3863898">
      </trkpt>
      <trkpt lat="30.8444609" lon="104.3860239">
      </trkpt>
      <trkpt lat="30.8443775" lon="104.3853787">
      </trkpt>
      <trkpt lat="30.844225" lon="104.3843493">
      </trkpt>
      <trkpt lat="30.8441754" lon="104.383991">
      </trkpt>
      <trkpt lat="30.8441598" lon="104.3838847">
      </trkpt>
      <trkpt lat="30.8441389" lon="104.3837299">
      </trkpt>
      <trkpt lat="30.8440972" lon="104.3834642">
      </trkpt>
      <trkpt lat="30.8440594" lon="104.3831939">
      </trkpt>
      <trkpt lat="30.8438039" lon="104.3814449">
      </trkpt>
      <trkpt lat="30.8435445" lon="104.3796717">
      </trkpt>
      <trkpt lat="30.8433451" lon="104.378284">
      </trkpt>
      <trkpt lat="30.8431587" lon="104.3769662">
      </trkpt>
      <trkpt lat="30.8429645" lon="104.375662">
      </trkpt>
      <trkpt lat="30.8428276" lon="104.3747131">
      </trkpt>
      <trkpt lat="30.8426438" lon="104.3734348">
      </trkpt>
      <trkpt lat="30.8424639" lon="104.3721807">
      </trkpt>
      <trkpt lat="30.8423258" lon="104.3712212">
      </trkpt>
      <trkpt lat="30.8422032" lon="104.3700932">
      </trkpt>
      <trkpt lat="30.8420963" lon="104.3688801">
      </trkpt>
      <trkpt lat="30.8419438" lon="104.3672404">
      </trkpt>
      <trkpt lat="30.8418278" lon="104.3658953">
      </trkpt>
      <trkpt lat="30.8416792" lon="104.3642495">
      </trkpt>
      <trkpt lat="30.8415723" lon="104.3628361">
      </trkpt>
      <trkpt lat="30.8415176" lon="104.3614955">
      </trkpt>
      <trkpt lat="30.8414968" lon="104.3596597">
      </trkpt>
      <trkpt lat="30.8414855" lon="104.358646">
      </trkpt>
      <trkpt lat="30.8414729" lon="104.3575619">
      </trkpt>
      <trkpt lat="30.8414678" lon="104.3565922">
      </trkpt>
      <trkpt lat="30.8414389" lon="104.3558851">
      </trkpt>
      <trkpt lat="30.841386" lon="104.3550547">
      </trkpt>
      <trkpt lat="30.8413003" lon="104.3542229">
      </trkpt>
      <trkpt lat="30.8411114" lon="104.3529774">
      </trkpt>
      <trkpt lat="30.8409527" lon="104.3520224">
      </trkpt>
      <trkpt lat="30.84077" lon="104.3508869">
      </trkpt>
      <trkpt lat="30.8407199" lon="104.3505868">
      </trkpt>
      <trkpt lat="30.8405563" lon="104.3496185">
      </trkpt>
      <trkpt lat="30.8403913" lon="104.3486415">
      </trkpt>
      <trkpt lat="30.8401667" lon="104.3472913">
      </trkpt>
      <trkpt lat="30.8400017" lon="104.3462512">
      </trkpt>
      <trkpt lat="30.8398871" lon="104.3453152">
      </trkpt>
      <trkpt lat="30.8394821" lon="104.3402801">
      </trkpt>
      <trkpt lat="30.8393427" lon="104.3384598">
      </trkpt>
      <trkpt lat="30.8391505" lon="104.3359894">
      </trkpt>
      <trkpt lat="30.8391283" lon="104.3358988">
      </trkpt>
      <trkpt lat="30.8391261" lon="104.3355854">
      </trkpt>
      <trkpt lat="30.8390762" lon="104.3349645">
      </trkpt>
      <trkpt lat="30.8390397" lon="104.334484">
      </trkpt>
      <trkpt lat="30.8389752" lon="104.333632">
      </trkpt>
      <trkpt lat="30.8389201" lon="104.3329454">
      </trkpt>
      <trkpt lat="30.8388582" lon="104.3321215">
      </trkpt>
      <trkpt lat="30.8388014" lon="104.3313577">
      </trkpt>
      <trkpt lat="30.8387738" lon="104.330994">
      </trkpt>
      <trkpt lat="30.8387472" lon="104.3306269">
      </trkpt>
      <trkpt lat="30.8387198" lon="104.3302495">
      </trkpt>
      <trkpt lat="30.8386296" lon="104.3291762">
      </trkpt>
      <trkpt lat="30.838572" lon="104.3283179">
      </trkpt>
      <trkpt lat="30.8384784" lon="104.3271239">
      </trkpt>
      <trkpt lat="30.8383817" lon="104.3259062">
      </trkpt>
      <trkpt lat="30.8382857" lon="104.3246644">
      </trkpt>
      <trkpt lat="30.8380962" lon="104.3222175">
      </trkpt>
      <trkpt lat="30.8380499" lon="104.3216194">
      </trkpt>
      <trkpt lat="30.8380051" lon="104.3210418">
      </trkpt>
      <trkpt lat="30.8379404" lon="104.3201472">
      </trkpt>
      <trkpt lat="30.8378956" lon="104.3195286">
      </trkpt>
      <trkpt lat="30.8378322" lon="104.3187393">
      </trkpt>
      <trkpt lat="30.8375976" lon="104.3155964">
      </trkpt>
      <trkpt lat="30.8372047" lon="104.3104851">
      </trkpt>
      <trkpt lat="30.8371305" lon="104.3095488">
      </trkpt>
      <trkpt lat="30.8369551" lon="104.3072808">
      </trkpt>
      <trkpt lat="30.8369175" lon="104.3067942">
      </trkpt>
      <trkpt lat="30.8367692" lon="104.305029">
      </trkpt>
      <trkpt lat="30.8367616" lon="104.3049118">
      </trkpt>
      <trkpt lat="30.8366809" lon="104.3036747">
      </trkpt>
      <trkpt lat="30.8366408" lon="104.3027874">
      </trkpt>
      <trkpt lat="30.8366489" lon="104.3021242">
      </trkpt>
      <trkpt lat="30.836693" lon="104.3015218">
      </trkpt>
      <trkpt lat="30.8367611" lon="104.3008026">
      </trkpt>
      <trkpt lat="30.836821" lon="104.30023">
      </trkpt>
      <trkpt lat="30.8369737" lon="104.2987712">
      </trkpt>
      <trkpt lat="30.8370759" lon="104.2977573">
      </trkpt>
      <trkpt lat="30.8372141" lon="104.2964081">
      </trkpt>
      <trkpt lat="30.8374144" lon="104.2944152">
      </trkpt>
      <trkpt lat="30.8375614" lon="104.2929906">
      </trkpt>
      <trkpt lat="30.8376235" lon="104.2924465">
      </trkpt>
      <trkpt lat="30.8377604" lon="104.2911056">
      </trkpt>
      <trkpt lat="30.837839" lon="104.2901792">
      </trkpt>
      <trkpt lat="30.8378485" lon="104.2900903">
      </trkpt>
      <trkpt lat="30.8379023" lon="104.2895842">
      </trkpt>
      <trkpt lat="30.8379614" lon="104.2887589">
      </trkpt>
      <trkpt lat="30.837993" lon="104.2883493">
      </trkpt>
      <trkpt lat="30.8380278" lon="104.2878264">
      </trkpt>
      <trkpt lat="30.8380212" lon="104.2873612">
      </trkpt>
      <trkpt lat="30.838007" lon="104.2868798">
      </trkpt>
      <trkpt lat="30.8379691" lon="104.2864142">
      </trkpt>
      <trkpt lat="30.8379068" lon="104.2859977">
      </trkpt>
      <trkpt lat="30.8378422" lon="104.2855761">
      </trkpt>
      <trkpt lat="30.8377217" lon="104.2851093">
      </trkpt>
      <trkpt lat="30.8375522" lon="104.2845388">
      </trkpt>
      <trkpt lat="30.8374388" lon="104.2842243">
      </trkpt>
      <trkpt lat="30.8372551" lon="104.2837642">
      </trkpt>
      <trkpt lat="30.837082" lon="104.2833964">
      </trkpt>
      <trkpt lat="30.8369248" lon="104.2830686">
      </trkpt>
      <trkpt lat="30.8367377" lon="104.2827362">
      </trkpt>
      <trkpt lat="30.8365552" lon="104.2824469">
      </trkpt>
      <trkpt lat="30.8363463" lon="104.2821607">
      </trkpt>
      <trkpt lat="30.8361015" lon="104.2818468">
      </trkpt>
      <trkpt lat="30.8357491" lon="104.2814288">
      </trkpt>
      <trkpt lat="30.8354946" lon="104.2811463">
      </trkpt>
      <trkpt lat="30.8348072" lon="104.2804527">
      </trkpt>
      <trkpt lat="30.834198" lon="104.2798304">
      </trkpt>
      <trkpt lat="30.8331343" lon="104.2787612">
      </trkpt>
      <trkpt lat="30.8321927" lon="104.2777993">
      </trkpt>
      <trkpt lat="30.8317755" lon="104.2773755">
      </trkpt>
      <trkpt lat="30.8297898" lon="104.2753447">
      </trkpt>
      <trkpt lat="30.828675" lon="104.2741896">
      </trkpt>
      <trkpt lat="30.8280878" lon="104.2735913">
      </trkpt>
      <trkpt lat="30.8278697" lon="104.273378">
      </trkpt>
      <trkpt lat="30.8276343" lon="104.273181">
      </trkpt>
      <trkpt lat="30.8272837" lon="104.2729218">
      </trkpt>
      <trkpt lat="30.8266847" lon="104.2725659">
      </trkpt>
      <trkpt lat="30.8262912" lon="104.2723742">
      </trkpt>
      <trkpt lat="30.825869" lon="104.2721686">
      </trkpt>
      <trkpt lat="30.8253913" lon="104.2719418">
      </trkpt>
      <trkpt lat="30.8242899" lon="104.2714753">
      </trkpt>
      <trkpt lat="30.8231707" lon="104.2710023">
      </trkpt>
      <trkpt lat="30.8216515" lon="104.2703455">
      </trkpt>
      <trkpt lat="30.8203009" lon="104.2697305">
      </trkpt>
      <trkpt lat="30.8175038" lon="104.2685188">
      </trkpt>
      <trkpt lat="30.8166778" lon="104.26817">
      </trkpt>
      <trkpt lat="30.8161168" lon="104.2679274">
      </trkpt>
      <trkpt lat="30.8157807" lon="104.2678016">
      </trkpt>
      <trkpt lat="30.8153683" lon="104.2676342">
      </trkpt>
      <trkpt lat="30.8150597" lon="104.2675485">
      </trkpt>
      <trkpt lat="30.8146677" lon="104.267443">
      </trkpt>
      <trkpt lat="30.8140991" lon="104.267332">
      </trkpt>
      <trkpt lat="30.8130266" lon="104.2671527">
      </trkpt>
      <trkpt lat="30.809076" lon="104.2665206">
      </trkpt>
      <trkpt lat="30.8080217" lon="104.2663594">
      </trkpt>
      <trkpt lat="30.8061707" lon="104.2660427">
      </trkpt>
      <trkpt lat="30.8054165" lon="104.2659059">
      </trkpt>
      <trkpt lat="30.8049739" lon="104.2658089">
      </trkpt>
      <trkpt lat="30.804561" lon="104.2656677">
      </trkpt>
      <trkpt lat="30.8042333" lon="104.2655517">
      </trkpt>
      <trkpt lat="30.8035773" lon="104.2652632">
      </trkpt>
      <trkpt lat="30.8031621" lon="104.2650614">
      </trkpt>
      <trkpt lat="30.8028207" lon="104.264862">
      </trkpt>
      <trkpt lat="30.802364" lon="104.2645612">
      </trkpt>
      <trkpt lat="30.8019324" lon="104.2642292">
      </trkpt>
      <trkpt lat="30.8015925" lon="104.2639564">
      </trkpt>
      <trkpt lat="30.8011486" lon="104.263608">
      </trkpt>
      <trkpt lat="30.8008971" lon="104.2634144">
      </trkpt>
      <trkpt lat="30.8005891" lon="104.2632158">
      </trkpt>
      <trkpt lat="30.799909" lon="104.2627685">
      </trkpt>
      <trkpt lat="30.7998201" lon="104.2626938">
      </trkpt>
      <trkpt lat="30.7996695" lon="104.2625672">
      </trkpt>
      <trkpt lat="30.7987218" lon="104.2617708">
      </trkpt>
      <trkpt lat="30.7981955" lon="104.2613636">
      </trkpt>
      <trkpt lat="30.7974074" lon="104.2607448">
      </trkpt>
      <trkpt lat="30.7967611" lon="104.2602492">
      </trkpt>
      <trkpt lat="30.7953944" lon="104.2592474">
      </trkpt>
      <trkpt lat="30.7945882" lon="104.2586894">
      </trkpt>
      <trkpt lat="30.7930745" lon="104.2575079">
      </trkpt>
      <trkpt lat="30.7922535" lon="104.2568302">
      </trkpt>
      <trkpt lat="30.7918259" lon="104.2564904">
      </trkpt>
      <trkpt lat="30.7912464" lon="104.2560353">
      </trkpt>
      <trkpt lat="30.7907229" lon="104.2556141">
      </trkpt>
      <trkpt lat="30.7902488" lon="104.2552114">
      </trkpt>
      <trkpt lat="30.7898364" lon="104.2548983">
      </trkpt>
      <trkpt lat="30.7890583" lon="104.2542724">
      </trkpt>
      <trkpt lat="30.7867851" lon="104.2522913">
      </trkpt>
      <trkpt lat="30.7866576" lon="104.2521802">
      </trkpt>
      <trkpt lat="30.7853123" lon="104.2510079">
      </trkpt>
      <trkpt lat="30.7835325" lon="104.2494133">
      </trkpt>
      <trkpt lat="30.7832973" lon="104.2492168">
      </trkpt>
      <trkpt lat="30.7828248" lon="104.2487865">
      </trkpt>
      <trkpt lat="30.7824251" lon="104.2484429">
      </trkpt>
      <trkpt lat="30.7816004" lon="104.2477458">
      </trkpt>
      <trkpt lat="30.7813532" lon="104.2475317">
      </trkpt>
      <trkpt lat="30.7808784" lon="104.2471373">
      </trkpt>
      <trkpt lat="30.7807039" lon="104.2469876">
      </trkpt>
      <trkpt lat="30.7794118" lon="104.2458739">
      </trkpt>
      <trkpt lat="30.7792547" lon="104.2457438">
      </trkpt>
      <trkpt lat="30.7722858" lon="104.2397654">
      </trkpt>
      <trkpt lat="30.771754" lon="104.2393546">
      </trkpt>
      <trkpt lat="30.7715153" lon="104.2391565">
      </trkpt>
      <trkpt lat="30.7712699" lon="104.2389687">
      </trkpt>
      <trkpt lat="30.7710377" lon="104.2388117">
      </trkpt>
      <trkpt lat="30.7708321" lon="104.2386882">
      </trkpt>
      <trkpt lat="30.7706111" lon="104.2385673">
      </trkpt>
      <trkpt lat="30.769477" lon="104.2379891">
      </trkpt>
      <trkpt lat="30.7681624" lon="104.2372835">
      </trkpt>
      <trkpt lat="30.7679612" lon="104.2371616">
      </trkpt>
      <trkpt lat="30.7677435" lon="104.2370173">
      </trkpt>
      <trkpt lat="30.7675478" lon="104.2368729">
      </trkpt>
      <trkpt lat="30.7673411" lon="104.236703">
      </trkpt>
      <trkpt lat="30.7671427" lon="104.2365394">
      </trkpt>
      <trkpt lat="30.7669167" lon="104.2363245">
      </trkpt>
      <trkpt lat="30.7667045" lon="104.2361224">
      </trkpt>
      <trkpt lat="30.7645802" lon="104.23394">
      </trkpt>
      <trkpt lat="30.7643766" lon="104.2337399">
      </trkpt>
      <trkpt lat="30.7641922" lon="104.23357">
      </trkpt>
      <trkpt lat="30.7639847" lon="104.2333912">
      </trkpt>
      <trkpt lat="30.7637773" lon="104.2332153">
      </trkpt>
      <trkpt lat="30.7600202" lon="104.2300352">
      </trkpt>
      <trkpt lat="30.7599014" lon="104.2299283">
      </trkpt>
      <trkpt lat="30.7597708" lon="104.2297971">
      </trkpt>
      <trkpt lat="30.7589308" lon="104.2288971">
      </trkpt>
      <trkpt lat="30.7579626" lon="104.2278509">
      </trkpt>
      <trkpt lat="30.7577603" lon="104.2276304">
      </trkpt>
      <trkpt lat="30.7575759" lon="104.2274337">
      </trkpt>
      <trkpt lat="30.7573505" lon="104.2272131">
      </trkpt>
      <trkpt lat="30.7571328" lon="104.2270045">
      </trkpt>
      <trkpt lat="30.7569202" lon="104.2268167">
      </trkpt>
      <trkpt lat="30.7560837" lon="104.2260969">
      </trkpt>
      <trkpt lat="30.7560059" lon="104.2260299">
      </trkpt>
      <trkpt lat="30.7553058" lon="104.2254522">
      </trkpt>
      <trkpt lat="30.7552199" lon="104.2253846">
      </trkpt>
      <trkpt lat="30.7547718" lon="104.2250071">
      </trkpt>
      <trkpt lat="30.75412" lon="104.2244579">
      </trkpt>
      <trkpt lat="30.7536476" lon="104.22406">
      </trkpt>
      <trkpt lat="30.7513361" lon="104.2220595">
      </trkpt>
      <trkpt lat="30.7464549" lon="104.217889">
      </trkpt>
      <trkpt lat="30.7463672" lon="104.2178172">
      </trkpt>
      <trkpt lat="30.7462377" lon="104.2176874">
      </trkpt>
      <trkpt lat="30.7460902" lon="104.2175526">
      </trkpt>
      <trkpt lat="30.745928" lon="104.2173958">
      </trkpt>
      <trkpt lat="30.7455278" lon="104.2170036">
      </trkpt>
      <trkpt lat="30.7453782" lon="104.2168541">
      </trkpt>
      <trkpt lat="30.7452329" lon="104.2166996">
      </trkpt>
      <trkpt lat="30.7449379" lon="104.2163835">
      </trkpt>
      <trkpt lat="30.7447799" lon="104.2162217">
      </trkpt>
      <trkpt lat="30.7446156" lon="104.2160599">
      </trkpt>
      <trkpt lat="30.7444492" lon="104.215903">
      </trkpt>
      <trkpt lat="30.7442385" lon="104.215707">
      </trkpt>
      <trkpt lat="30.7435759" lon="104.2151536">
      </trkpt>
      <trkpt lat="30.7429383" lon="104.2146227">
      </trkpt>
      <trkpt lat="30.7427331" lon="104.2144369">
      </trkpt>
      <trkpt lat="30.742064" lon="104.2138917">
      </trkpt>
      <trkpt lat="30.741449" lon="104.2133746">
      </trkpt>
      <trkpt lat="30.7406887" lon="104.2127063">
      </trkpt>
      <trkpt lat="30.7403638" lon="104.2124396">
      </trkpt>
      <trkpt lat="30.7401116" lon="104.2122458">
      </trkpt>
      <trkpt lat="30.7398517" lon="104.2120619">
      </trkpt>
      <trkpt lat="30.7396767" lon="104.2119453">
      </trkpt>
      <trkpt lat="30.7394276" lon="104.2117857">
      </trkpt>
      <trkpt lat="30.7391181" lon="104.2116258">
      </trkpt>
      <trkpt lat="30.7388789" lon="104.2115063">
      </trkpt>
      <trkpt lat="30.738569" lon="104.2113663">
      </trkpt>
      <trkpt lat="30.738228" lon="104.211243">
      </trkpt>
      <trkpt lat="30.7380967" lon="104.2111885">
      </trkpt>
      <trkpt lat="30.7377152" lon="104.2110291">
      </trkpt>
      <trkpt lat="30.7356802" lon="104.2102372">
      </trkpt>
      <trkpt lat="30.7331207" lon="104.2092665">
      </trkpt>
      <trkpt lat="30.7315777" lon="104.2086245">
      </trkpt>
      <trkpt lat="30.7290334" lon="104.2076733">
      </trkpt>
      <trkpt lat="30.7276552" lon="104.2071255">
      </trkpt>
      <trkpt lat="30.7274337" lon="104.2070387">
      </trkpt>
      <trkpt lat="30.7266325" lon="104.2067283">
      </trkpt>
      <trkpt lat="30.726464" lon="104.2066727">
      </trkpt>
      <trkpt lat="30.7255029" lon="104.206389">
      </trkpt>
      <trkpt lat="30.7245437" lon="104.2062174">
      </trkpt>
      <trkpt lat="30.72036" lon="104.2057622">
      </trkpt>
      <trkpt lat="30.7150133" lon="104.2052528">
      </trkpt>
      <trkpt lat="30.7142477" lon="104.205167">
      </trkpt>
      <trkpt lat="30.7139428" lon="104.2051252">
      </trkpt>
      <trkpt lat="30.7136242" lon="104.2050566">
      </trkpt>
      <trkpt lat="30.713275" lon="104.2049353">
      </trkpt>
      <trkpt lat="30.713115" lon="104.2048516">
      </trkpt>
      <trkpt lat="30.712847" lon="104.2047169">
      </trkpt>
      <trkpt lat="30.7125422" lon="104.2045018">
      </trkpt>
      <trkpt lat="30.712354" lon="104.2043474">
      </trkpt>
      <trkpt lat="30.712081" lon="104.2040754">
      </trkpt>
      <trkpt lat="30.711914" lon="104.2038678">
      </trkpt>
      <trkpt lat="30.7117309" lon="104.2036382">
      </trkpt>
      <trkpt lat="30.7116125" lon="104.2034461">
      </trkpt>
      <trkpt lat="30.7114289" lon="104.2031559">
      </trkpt>
      <trkpt lat="30.7113052" lon="104.2028925">
      </trkpt>
      <trkpt lat="30.7111678" lon="104.2025653">
      </trkpt>
      <trkpt lat="30.7110673" lon="104.2022767">
      </trkpt>
      <trkpt lat="30.7109801" lon="104.2019167">
      </trkpt>
      <trkpt lat="30.7109436" lon="104.2016265">
      </trkpt>
      <trkpt lat="30.7109013" lon="104.2012253">
      </trkpt>
      <trkpt lat="30.7108902" lon="104.2007747">
      </trkpt>
      <trkpt lat="30.7109335" lon="104.2003466">
      </trkpt>
      <trkpt lat="30.7110258" lon="104.1994968">
      </trkpt>
      <trkpt lat="30.7110996" lon="104.1986815">
      </trkpt>
      <trkpt lat="30.7110813" lon="104.1980806">
      </trkpt>
      <trkpt lat="30.7110345" lon="104.1976372">
      </trkpt>
      <trkpt lat="30.7109898" lon="104.1973421">
      </trkpt>
      <trkpt lat="30.7108448" lon="104.1961002">
      </trkpt>
      <trkpt lat="30.7108234" lon="104.195784">
      </trkpt>
      <trkpt lat="30.7108012" lon="104.19543">
      </trkpt>
      <trkpt lat="30.7107872" lon="104.1950153">
      </trkpt>
      <trkpt lat="30.7107907" lon="104.194686">
      </trkpt>
      <trkpt lat="30.7108116" lon="104.1917508">
      </trkpt>
      <trkpt lat="30.7108431" lon="104.1887179">
      </trkpt>
      <trkpt lat="30.7108444" lon="104.188448">
      </trkpt>
      <trkpt lat="30.7108949" lon="104.1877908">
      </trkpt>
      <trkpt lat="30.7108929" lon="104.1884676">
      </trkpt>
      <trkpt lat="30.7108409" lon="104.1943448">
      </trkpt>
      <trkpt lat="30.7108461" lon="104.1950759">
      </trkpt>
      <trkpt lat="30.7108767" lon="104.1955594">
      </trkpt>
      <trkpt lat="30.7109003" lon="104.1960184">
      </trkpt>
      <trkpt lat="30.7109386" lon="104.1964819">
      </trkpt>
      <trkpt lat="30.7110048" lon="104.1969739">
      </trkpt>
      <trkpt lat="30.7115144" lon="104.199747">
      </trkpt>
      <trkpt lat="30.7115887" lon="104.2002054">
      </trkpt>
      <trkpt lat="30.7125606" lon="104.2059856">
      </trkpt>
      <trkpt lat="30.7132815" lon="104.2094524">
      </trkpt>
      <trkpt lat="30.7135815" lon="104.2108516">
      </trkpt>
      <trkpt lat="30.7140609" lon="104.2130392">
      </trkpt>
      <trkpt lat="30.7143999" lon="104.2146968">
      </trkpt>
      <trkpt lat="30.7145205" lon="104.215295">
      </trkpt>
      <trkpt lat="30.7145932" lon="104.2157579">
      </trkpt>
      <trkpt lat="30.7146323" lon="104.2160156">
      </trkpt>
      <trkpt lat="30.7146706" lon="104.2163543">
      </trkpt>
      <trkpt lat="30.7147043" lon="104.2167198">
      </trkpt>
      <trkpt lat="30.7147239" lon="104.2170868">
      </trkpt>
      <trkpt lat="30.7147432" lon="104.2176617">
      </trkpt>
      <trkpt lat="30.7147446" lon="104.2181496">
      </trkpt>
      <trkpt lat="30.7147363" lon="104.2184405">
      </trkpt>
      <trkpt lat="30.7147183" lon="104.2188028">
      </trkpt>
      <trkpt lat="30.7146864" lon="104.2192025">
      </trkpt>
      <trkpt lat="30.7146629" lon="104.2195297">
      </trkpt>
      <trkpt lat="30.7145702" lon="104.2201732">
      </trkpt>
      <trkpt lat="30.7144673" lon="104.2208226">
      </trkpt>
      <trkpt lat="30.7143607" lon="104.2215352">
      </trkpt>
      <trkpt lat="30.7141979" lon="104.222467">
      </trkpt>
      <trkpt lat="30.7139703" lon="104.2237993">
      </trkpt>
      <trkpt lat="30.7138204" lon="104.2247127">
      </trkpt>
      <trkpt lat="30.7137124" lon="104.225435">
      </trkpt>
      <trkpt lat="30.713649" lon="104.225864">
      </trkpt>
      <trkpt lat="30.713574" lon="104.2264506">
      </trkpt>
      <trkpt lat="30.7134948" lon="104.2271377">
      </trkpt>
      <trkpt lat="30.7134501" lon="104.2276623">
      </trkpt>
      <trkpt lat="30.713417" lon="104.2281064">
      </trkpt>
      <trkpt lat="30.7134112" lon="104.2289343">
      </trkpt>
      <trkpt lat="30.7134487" lon="104.2299348">
      </trkpt>
      <trkpt lat="30.7135467" lon="104.2309822">
      </trkpt>
      <trkpt lat="30.7137311" lon="104.2321939">
      </trkpt>
      <trkpt lat="30.7138752" lon="104.2329363">
      </trkpt>
      <trkpt lat="30.7139256" lon="104.2331844">
      </trkpt>
      <trkpt lat="30.7139732" lon="104.2333855">
      </trkpt>
      <trkpt lat="30.7141763" lon="104.2341949">
      </trkpt>
      <trkpt lat="30.7145106" lon="104.2351619">
      </trkpt>
      <trkpt lat="30.7148261" lon="104.2359747">
      </trkpt>
      <trkpt lat="30.7152007" lon="104.2367674">
      </trkpt>
      <trkpt lat="30.7156157" lon="104.2375937">
      </trkpt>
      <trkpt lat="30.7161747" lon="104.238559">
      </trkpt>
      <trkpt lat="30.7169095" lon="104.2396708">
      </trkpt>
      <trkpt lat="30.7173819" lon="104.2403213">
      </trkpt>
      <trkpt lat="30.7176093" lon="104.2406443">
      </trkpt>
      <trkpt lat="30.7176674" lon="104.240726">
      </trkpt>
      <trkpt lat="30.7179119" lon="104.2410697">
      </trkpt>
      <trkpt lat="30.7182715" lon="104.2415556">
      </trkpt>
      <trkpt lat="30.7186342" lon="104.2420497">
      </trkpt>
      <trkpt lat="30.7189693" lon="104.2425166">
      </trkpt>
      <trkpt lat="30.719278" lon="104.2429634">
      </trkpt>
      <trkpt lat="30.7195938" lon="104.2434801">
      </trkpt>
      <trkpt lat="30.7198689" lon="104.2439517">
      </trkpt>
      <trkpt lat="30.7201063" lon="104.2443961">
      </trkpt>
      <trkpt lat="30.7203049" lon="104.2447801">
      </trkpt>
      <trkpt lat="30.7205372" lon="104.2452802">
      </trkpt>
      <trkpt lat="30.7206778" lon="104.2456215">
      </trkpt>
      <trkpt lat="30.720853" lon="104.2460635">
      </trkpt>
      <trkpt lat="30.7210038" lon="104.2464818">
      </trkpt>
      <trkpt lat="30.7211627" lon="104.2469546">
      </trkpt>
      <trkpt lat="30.7213155" lon="104.2474523">
      </trkpt>
      <trkpt lat="30.7214255" lon="104.2478162">
      </trkpt>
      <trkpt lat="30.7215325" lon="104.2482037">
      </trkpt>
      <trkpt lat="30.7216313" lon="104.2486172">
      </trkpt>
      <trkpt lat="30.7217546" lon="104.2491102">
      </trkpt>
      <trkpt lat="30.7219033" lon="104.2497099">
      </trkpt>
      <trkpt lat="30.7220398" lon="104.2503818">
      </trkpt>
      <trkpt lat="30.7221988" lon="104.2511284">
      </trkpt>
      <trkpt lat="30.7223344" lon="104.2517148">
      </trkpt>
      <trkpt lat="30.7223949" lon="104.2520075">
      </trkpt>
      <trkpt lat="30.7225783" lon="104.2528299">
      </trkpt>
      <trkpt lat="30.7226975" lon="104.2533857">
      </trkpt>
      <trkpt lat="30.7228014" lon="104.253849">
      </trkpt>
      <trkpt lat="30.7229341" lon="104.2544648">
      </trkpt>
      <trkpt lat="30.7230441" lon="104.254972">
      </trkpt>
      <trkpt lat="30.723174" lon="104.2556293">
      </trkpt>
      <trkpt lat="30.7232518" lon="104.2560298">
      </trkpt>
      <trkpt lat="30.7233396" lon="104.256441">
      </trkpt>
      <trkpt lat="30.7234823" lon="104.2571063">
      </trkpt>
      <trkpt lat="30.7236321" lon="104.2578119">
      </trkpt>
      <trkpt lat="30.7238381" lon="104.2587789">
      </trkpt>
      <trkpt lat="30.7239894" lon="104.2594627">
      </trkpt>
      <trkpt lat="30.7241176" lon="104.2600509">
      </trkpt>
      <trkpt lat="30.7242292" lon="104.2605793">
      </trkpt>
      <trkpt lat="30.7244305" lon="104.2615332">
      </trkpt>
      <trkpt lat="30.7246139" lon="104.2624039">
      </trkpt>
      <trkpt lat="30.724836" lon="104.2634341">
      </trkpt>
      <trkpt lat="30.7250135" lon="104.2642406">
      </trkpt>
      <trkpt lat="30.7251775" lon="104.2650367">
      </trkpt>
      <trkpt lat="30.7253564" lon="104.2658969">
      </trkpt>
      <trkpt lat="30.7255515" lon="104.2667929">
      </trkpt>
      <trkpt lat="30.7256463" lon="104.2672483">
      </trkpt>
      <trkpt lat="30.7257762" lon="104.2678564">
      </trkpt>
      <trkpt lat="30.7258631" lon="104.2682505">
      </trkpt>
      <trkpt lat="30.725967" lon="104.2687168">
      </trkpt>
      <trkpt lat="30.726077" lon="104.2692113">
      </trkpt>
      <trkpt lat="30.7261719" lon="104.2696724">
      </trkpt>
      <trkpt lat="30.7263051" lon="104.2702845">
      </trkpt>
      <trkpt lat="30.7264248" lon="104.2708375">
      </trkpt>
      <trkpt lat="30.7264937" lon="104.2712302">
      </trkpt>
      <trkpt lat="30.7265467" lon="104.2717228">
      </trkpt>
      <trkpt lat="30.7265512" lon="104.2722758">
      </trkpt>
      <trkpt lat="30.7265185" lon="104.2727105">
      </trkpt>
      <trkpt lat="30.7264582" lon="104.2731441">
      </trkpt>
      <trkpt lat="30.7263385" lon="104.2736587">
      </trkpt>
      <trkpt lat="30.7262219" lon="104.2740302">
      </trkpt>
      <trkpt lat="30.7259297" lon="104.2748327">
      </trkpt>
      <trkpt lat="30.7256108" lon="104.2756393">
      </trkpt>
      <trkpt lat="30.7248676" lon="104.2774304">
      </trkpt>
      <trkpt lat="30.7244868" lon="104.278378">
      </trkpt>
      <trkpt lat="30.7243638" lon="104.2786995">
      </trkpt>
      <trkpt lat="30.7242196" lon="104.2790443">
      </trkpt>
      <trkpt lat="30.7238128" lon="104.2801459">
      </trkpt>
      <trkpt lat="30.7236344" lon="104.2806746">
      </trkpt>
      <trkpt lat="30.7234682" lon="104.2812245">
      </trkpt>
      <trkpt lat="30.7233559" lon="104.281658">
      </trkpt>
      <trkpt lat="30.7232315" lon="104.2821658">
      </trkpt>
      <trkpt lat="30.7231286" lon="104.2827144">
      </trkpt>
      <trkpt lat="30.7230762" lon="104.2831295">
      </trkpt>
      <trkpt lat="30.7230269" lon="104.2836261">
      </trkpt>
      <trkpt lat="30.7229769" lon="104.2842865">
      </trkpt>
      <trkpt lat="30.7222409" lon="104.2932142">
      </trkpt>
      <trkpt lat="30.7220049" lon="104.2959637">
      </trkpt>
      <trkpt lat="30.7216594" lon="104.3001099">
      </trkpt>
      <trkpt lat="30.721409" lon="104.302649">
      </trkpt>
      <trkpt lat="30.7212465" lon="104.3046184">
      </trkpt>
      <trkpt lat="30.7211431" lon="104.3059464">
      </trkpt>
      <trkpt lat="30.7210945" lon="104.3065331">
      </trkpt>
      <trkpt lat="30.721018" lon="104.3074808">
      </trkpt>
      <trkpt lat="30.7208705" lon="104.3091969">
      </trkpt>
      <trkpt lat="30.7206711" lon="104.3115285">
      </trkpt>
      <trkpt lat="30.7205097" lon="104.3135437">
      </trkpt>
      <trkpt lat="30.7204272" lon="104.3145704">
      </trkpt>
      <trkpt lat="30.7203281" lon="104.3158837">
      </trkpt>
      <trkpt lat="30.7202796" lon="104.316467">
      </trkpt>
      <trkpt lat="30.7201457" lon="104.3170911">
      </trkpt>
      <trkpt lat="30.7201445" lon="104.3172429">
      </trkpt>
      <trkpt lat="30.7199974" lon="104.3179253">
      </trkpt>
      <trkpt lat="30.7198059" lon="104.3186037">
      </trkpt>
      <trkpt lat="30.7196023" lon="104.3192225">
      </trkpt>
      <trkpt lat="30.719433" lon="104.3196661">
      </trkpt>
      <trkpt lat="30.7191594" lon="104.3203147">
      </trkpt>
      <trkpt lat="30.7189319" lon="104.3208022">
      </trkpt>
      <trkpt lat="30.7186867" lon="104.3212397">
      </trkpt>
      <trkpt lat="30.7186018" lon="104.3213911">
      </trkpt>
      <trkpt lat="30.7182682" lon="104.3219262">
      </trkpt>
      <trkpt lat="30.7177158" lon="104.3227738">
      </trkpt>
      <trkpt lat="30.7170778" lon="104.3238024">
      </trkpt>
      <trkpt lat="30.7164843" lon="104.3247056">
      </trkpt>
      <trkpt lat="30.7157779" lon="104.325782">
      </trkpt>
      <trkpt lat="30.7149056" lon="104.3271289">
      </trkpt>
      <trkpt lat="30.714336" lon="104.3279864">
      </trkpt>
      <trkpt lat="30.7137681" lon="104.3288737">
      </trkpt>
      <trkpt lat="30.7134895" lon="104.3293155">
      </trkpt>
      <trkpt lat="30.7133224" lon="104.329614">
      </trkpt>
      <trkpt lat="30.7132607" lon="104.3297364">
      </trkpt>
      <trkpt lat="30.7130065" lon="104.3301558">
      </trkpt>
      <trkpt lat="30.7128972" lon="104.3303338">
      </trkpt>
      <trkpt lat="30.712714" lon="104.3306255">
      </trkpt>
      <trkpt lat="30.7125856" lon="104.3308164">
      </trkpt>
      <trkpt lat="30.7122933" lon="104.331249">
      </trkpt>
      <trkpt lat="30.7117813" lon="104.331979">
      </trkpt>
      <trkpt lat="30.7115943" lon="104.3322476">
      </trkpt>
      <trkpt lat="30.7111419" lon="104.3329439">
      </trkpt>
      <trkpt lat="30.7106666" lon="104.333698">
      </trkpt>
      <trkpt lat="30.7101997" lon="104.3344113">
      </trkpt>
      <trkpt lat="30.7096687" lon="104.3352216">
      </trkpt>
      <trkpt lat="30.7091256" lon="104.3360755">
      </trkpt>
      <trkpt lat="30.7083443" lon="104.3372769">
      </trkpt>
      <trkpt lat="30.708187" lon="104.3375105">
      </trkpt>
      <trkpt lat="30.707662" lon="104.3383095">
      </trkpt>
      <trkpt lat="30.7073426" lon="104.3387935">
      </trkpt>
      <trkpt lat="30.7070233" lon="104.3392971">
      </trkpt>
      <trkpt lat="30.7069785" lon="104.3393688">
      </trkpt>
      <trkpt lat="30.706745" lon="104.3397412">
      </trkpt>
      <trkpt lat="30.706406" lon="104.3402722">
      </trkpt>
      <trkpt lat="30.7059599" lon="104.3410729">
      </trkpt>
      <trkpt lat="30.705741" lon="104.3415117">
      </trkpt>
      <trkpt lat="30.7055533" lon="104.3419563">
      </trkpt>
      <trkpt lat="30.7053515" lon="104.3424637">
      </trkpt>
      <trkpt lat="30.7051981" lon="104.3428329">
      </trkpt>
      <trkpt lat="30.705059" lon="104.343269">
      </trkpt>
      <trkpt lat="30.7049478" lon="104.3436544">
      </trkpt>
      <trkpt lat="30.704857" lon="104.3440202">
      </trkpt>
      <trkpt lat="30.7047238" lon="104.3446014">
      </trkpt>
      <trkpt lat="30.7045373" lon="104.3456519">
      </trkpt>
      <trkpt lat="30.7042346" lon="104.3474147">
      </trkpt>
      <trkpt lat="30.7040173" lon="104.3487138">
      </trkpt>
      <trkpt lat="30.7039283" lon="104.3495136">
      </trkpt>
      <trkpt lat="30.7039147" lon="104.3503512">
      </trkpt>
      <trkpt lat="30.7039797" lon="104.3512187">
      </trkpt>
      <trkpt lat="30.7040968" lon="104.351919">
      </trkpt>
      <trkpt lat="30.7040973" lon="104.3519287">
      </trkpt>
      <trkpt lat="30.7041319" lon="104.3520841">
      </trkpt>
      <trkpt lat="30.7043122" lon="104.3527775">
      </trkpt>
      <trkpt lat="30.7045901" lon="104.3535579">
      </trkpt>
      <trkpt lat="30.7048521" lon="104.3541138">
      </trkpt>
      <trkpt lat="30.7051088" lon="104.3545997">
      </trkpt>
      <trkpt lat="30.7054894" lon="104.3551762">
      </trkpt>
      <trkpt lat="30.7058134" lon="104.3555963">
      </trkpt>
      <trkpt lat="30.7061621" lon="104.356006">
      </trkpt>
      <trkpt lat="30.7065286" lon="104.3563581">
      </trkpt>
      <trkpt lat="30.7072172" lon="104.356984">
      </trkpt>
      <trkpt lat="30.708181" lon="104.3578213">
      </trkpt>
      <trkpt lat="30.7082623" lon="104.3578912">
      </trkpt>
      <trkpt lat="30.7084326" lon="104.3580382">
      </trkpt>
      <trkpt lat="30.7088331" lon="104.3583877">
      </trkpt>
      <trkpt lat="30.7091049" lon="104.358614">
      </trkpt>
      <trkpt lat="30.7091623" lon="104.3586716">
      </trkpt>
      <trkpt lat="30.7094328" lon="104.3589093">
      </trkpt>
      <trkpt lat="30.7095316" lon="104.3589904">
      </trkpt>
      <trkpt lat="30.7099134" lon="104.3593267">
      </trkpt>
      <trkpt lat="30.7103327" lon="104.3596907">
      </trkpt>
      <trkpt lat="30.710911" lon="104.3601974">
      </trkpt>
      <trkpt lat="30.7113504" lon="104.3605788">
      </trkpt>
      <trkpt lat="30.7116621" lon="104.3608613">
      </trkpt>
      <trkpt lat="30.7117497" lon="104.3609537">
      </trkpt>
      <trkpt lat="30.7118417" lon="104.3610578">
      </trkpt>
      <trkpt lat="30.712057" lon="104.3613178">
      </trkpt>
      <trkpt lat="30.7122138" lon="104.3615513">
      </trkpt>
      <trkpt lat="30.7124301" lon="104.361934">
      </trkpt>
      <trkpt lat="30.7126088" lon="104.3623288">
      </trkpt>
      <trkpt lat="30.7127747" lon="104.36282">
      </trkpt>
      <trkpt lat="30.7128615" lon="104.3631861">
      </trkpt>
      <trkpt lat="30.7129275" lon="104.3636864">
      </trkpt>
      <trkpt lat="30.7129482" lon="104.3642197">
      </trkpt>
      <trkpt lat="30.7129106" lon="104.3647216">
      </trkpt>
      <trkpt lat="30.712826" lon="104.3652169">
      </trkpt>
      <trkpt lat="30.7127138" lon="104.3656444">
      </trkpt>
      <trkpt lat="30.7125991" lon="104.3659408">
      </trkpt>
      <trkpt lat="30.7124047" lon="104.3663211">
      </trkpt>
      <trkpt lat="30.7122799" lon="104.3665627">
      </trkpt>
      <trkpt lat="30.7121462" lon="104.3667717">
      </trkpt>
      <trkpt lat="30.7120311" lon="104.3669543">
      </trkpt>
      <trkpt lat="30.7087834" lon="104.3722117">
      </trkpt>
      <trkpt lat="30.7081424" lon="104.373309">
      </trkpt>
      <trkpt lat="30.7076293" lon="104.374231">
      </trkpt>
      <trkpt lat="30.7072702" lon="104.3750868">
      </trkpt>
      <trkpt lat="30.707125" lon="104.3760544">
      </trkpt>
      <trkpt lat="30.7071152" lon="104.3773576">
      </trkpt>
      <trkpt lat="30.7071188" lon="104.3781934">
      </trkpt>
      <trkpt lat="30.7071347" lon="104.3785983">
      </trkpt>
      <trkpt lat="30.707104" lon="104.3793405">
      </trkpt>
      <trkpt lat="30.7069779" lon="104.3802613">
      </trkpt>
      <trkpt lat="30.7067888" lon="104.3808675">
      </trkpt>
      <trkpt lat="30.706449" lon="104.3815197">
      </trkpt>
      <trkpt lat="30.7058956" lon="104.3822157">
      </trkpt>
      <trkpt lat="30.7050577" lon="104.3828799">
      </trkpt>
      <trkpt lat="30.7041374" lon="104.3835805">
      </trkpt>
      <trkpt lat="30.7032544" lon="104.3842857">
      </trkpt>
      <trkpt lat="30.7023969" lon="104.3852328">
      </trkpt>
      <trkpt lat="30.701922" lon="104.3860544">
      </trkpt>
      <trkpt lat="30.7014844" lon="104.3871864">
      </trkpt>
      <trkpt lat="30.7010154" lon="104.388364">
      </trkpt>
      <trkpt lat="30.7005209" lon="104.3892495">
      </trkpt>
      <trkpt lat="30.6999459" lon="104.3898201">
      </trkpt>
      <trkpt lat="30.6973739" lon="104.3913624">
      </trkpt>
      <trkpt lat="30.697204" lon="104.3915418">
      </trkpt>
      <trkpt lat="30.6969849" lon="104.3917986">
      </trkpt>
      <trkpt lat="30.6967899" lon="104.3920706">
      </trkpt>
      <trkpt lat="30.6966685" lon="104.392286">
      </trkpt>
      <trkpt lat="30.6964271" lon="104.3928024">
      </trkpt>
      <trkpt lat="30.6962356" lon="104.3936254">
      </trkpt>
      <trkpt lat="30.6962911" lon="104.3949293">
      </trkpt>
      <trkpt lat="30.6968378" lon="104.3962236">
      </trkpt>
      <trkpt lat="30.6975039" lon="104.3975114">
      </trkpt>
      <trkpt lat="30.6980423" lon="104.39857">
      </trkpt>
      <trkpt lat="30.6984641" lon="104.3995608">
      </trkpt>
      <trkpt lat="30.6989525" lon="104.4008809">
      </trkpt>
      <trkpt lat="30.7000127" lon="104.4025269">
      </trkpt>
      <trkpt lat="30.7009063" lon="104.4033919">
      </trkpt>
      <trkpt lat="30.7013562" lon="104.4038071">
      </trkpt>
      <trkpt lat="30.7015389" lon="104.4040416">
      </trkpt>
      <trkpt lat="30.7017084" lon="104.4042833">
      </trkpt>
      <trkpt lat="30.7018298" lon="104.4045043">
      </trkpt>
      <trkpt lat="30.7019489" lon="104.4047546">
      </trkpt>
      <trkpt lat="30.7020531" lon="104.4050174">
      </trkpt>
      <trkpt lat="30.7021412" lon="104.4052962">
      </trkpt>
      <trkpt lat="30.7022263" lon="104.4056926">
      </trkpt>
      <trkpt lat="30.702271" lon="104.4060561">
      </trkpt>
      <trkpt lat="30.702279" lon="104.4061863">
      </trkpt>
      <trkpt lat="30.7022832" lon="104.4063347">
      </trkpt>
      <trkpt lat="30.7022805" lon="104.4065582">
      </trkpt>
      <trkpt lat="30.7022717" lon="104.4067191">
      </trkpt>
      <trkpt lat="30.7022399" lon="104.4069469">
      </trkpt>
      <trkpt lat="30.7020972" lon="104.407589">
      </trkpt>
      <trkpt lat="30.7013091" lon="104.4109747">
      </trkpt>
      <trkpt lat="30.7010732" lon="104.4120269">
      </trkpt>
      <trkpt lat="30.700764" lon="104.4133842">
      </trkpt>
      <trkpt lat="30.7007036" lon="104.4136493">
      </trkpt>
      <trkpt lat="30.7006174" lon="104.4140115">
      </trkpt>
      <trkpt lat="30.7005052" lon="104.414624">
      </trkpt>
      <trkpt lat="30.7004843" lon="104.4149465">
      </trkpt>
      <trkpt lat="30.7004863" lon="104.4152365">
      </trkpt>
      <trkpt lat="30.7004928" lon="104.4153092">
      </trkpt>
      <trkpt lat="30.7005167" lon="104.4155742">
      </trkpt>
      <trkpt lat="30.7005858" lon="104.4159096">
      </trkpt>
      <trkpt lat="30.7009594" lon="104.4169161">
      </trkpt>
      <trkpt lat="30.7013956" lon="104.4181484">
      </trkpt>
      <trkpt lat="30.7014311" lon="104.4182454">
      </trkpt>
      <trkpt lat="30.7015266" lon="104.4185062">
      </trkpt>
      <trkpt lat="30.7016198" lon="104.4187486">
      </trkpt>
      <trkpt lat="30.7016941" lon="104.418942">
      </trkpt>
      <trkpt lat="30.7018166" lon="104.4192097">
      </trkpt>
      <trkpt lat="30.7019342" lon="104.4195288">
      </trkpt>
      <trkpt lat="30.7021695" lon="104.4201833">
      </trkpt>
      <trkpt lat="30.7022802" lon="104.42054">
      </trkpt>
      <trkpt lat="30.7024946" lon="104.4214091">
      </trkpt>
      <trkpt lat="30.7025915" lon="104.4218704">
      </trkpt>
      <trkpt lat="30.7027391" lon="104.4227958">
      </trkpt>
      <trkpt lat="30.7027737" lon="104.4232303">
      </trkpt>
      <trkpt lat="30.7027806" lon="104.423933">
      </trkpt>
      <trkpt lat="30.7027737" lon="104.4243836">
      </trkpt>
      <trkpt lat="30.7027368" lon="104.4251347">
      </trkpt>
      <trkpt lat="30.7026616" lon="104.4257481">
      </trkpt>
      <trkpt lat="30.7026056" lon="104.4261255">
      </trkpt>
      <trkpt lat="30.7025496" lon="104.426533">
      </trkpt>
      <trkpt lat="30.7025094" lon="104.4267852">
      </trkpt>
      <trkpt lat="30.7024082" lon="104.4274365">
      </trkpt>
      <trkpt lat="30.702368" lon="104.4277088">
      </trkpt>
      <trkpt lat="30.7023321" lon="104.4279426">
      </trkpt>
      <trkpt lat="30.7022957" lon="104.4282519">
      </trkpt>
      <trkpt lat="30.7022577" lon="104.4284221">
      </trkpt>
      <trkpt lat="30.7017935" lon="104.4315237">
      </trkpt>
      <trkpt lat="30.7017442" lon="104.4319368">
      </trkpt>
      <trkpt lat="30.7017604" lon="104.4327351">
      </trkpt>
      <trkpt lat="30.7018782" lon="104.4334177">
      </trkpt>
      <trkpt lat="30.7022295" lon="104.4344357">
      </trkpt>
      <trkpt lat="30.7025108" lon="104.4352151">
      </trkpt>
      <trkpt lat="30.7029424" lon="104.4364588">
      </trkpt>
      <trkpt lat="30.7032425" lon="104.4372972">
      </trkpt>
      <trkpt lat="30.7035154" lon="104.4380804">
      </trkpt>
      <trkpt lat="30.7036389" lon="104.4385197">
      </trkpt>
      <trkpt lat="30.7037049" lon="104.4388721">
      </trkpt>
      <trkpt lat="30.7037322" lon="104.4393647">
      </trkpt>
      <trkpt lat="30.7036791" lon="104.4400345">
      </trkpt>
      <trkpt lat="30.7035326" lon="104.4406023">
      </trkpt>
      <trkpt lat="30.7032655" lon="104.4412169">
      </trkpt>
      <trkpt lat="30.7027873" lon="104.4420319">
      </trkpt>
      <trkpt lat="30.7023148" lon="104.4428168">
      </trkpt>
      <trkpt lat="30.7020528" lon="104.4432821">
      </trkpt>
      <trkpt lat="30.7017766" lon="104.4437545">
      </trkpt>
      <trkpt lat="30.700529" lon="104.4462638">
      </trkpt>
      <trkpt lat="30.7005092" lon="104.4462902">
      </trkpt>
      <trkpt lat="30.6996587" lon="104.4481811">
      </trkpt>
      <trkpt lat="30.6990039" lon="104.4493902">
      </trkpt>
      <trkpt lat="30.6982371" lon="104.450409">
      </trkpt>
      <trkpt lat="30.6973467" lon="104.4515213">
      </trkpt>
      <trkpt lat="30.6965281" lon="104.4525501">
      </trkpt>
      <trkpt lat="30.6956205" lon="104.453679">
      </trkpt>
      <trkpt lat="30.6947158" lon="104.4547913">
      </trkpt>
      <trkpt lat="30.6942275" lon="104.4554059">
      </trkpt>
      <trkpt lat="30.6938196" lon="104.4560773">
      </trkpt>
      <trkpt lat="30.6930068" lon="104.4575603">
      </trkpt>
      <trkpt lat="30.6925156" lon="104.4583954">
      </trkpt>
      <trkpt lat="30.6922169" lon="104.4588229">
      </trkpt>
      <trkpt lat="30.6917827" lon="104.4593548">
      </trkpt>
      <trkpt lat="30.6910657" lon="104.4600514">
      </trkpt>
      <trkpt lat="30.6907469" lon="104.4603437">
      </trkpt>
      <trkpt lat="30.6903016" lon="104.460694">
      </trkpt>
      <trkpt lat="30.6901476" lon="104.4607982">
      </trkpt>
      <trkpt lat="30.6900933" lon="104.4608345">
      </trkpt>
      <trkpt lat="30.6899358" lon="104.460914">
      </trkpt>
      <trkpt lat="30.6896058" lon="104.4610289">
      </trkpt>
      <trkpt lat="30.6892968" lon="104.4611426">
      </trkpt>
      <trkpt lat="30.6880714" lon="104.4616987">
      </trkpt>
      <trkpt lat="30.6878002" lon="104.4618258">
      </trkpt>
      <trkpt lat="30.6865506" lon="104.4623394">
      </trkpt>
      <trkpt lat="30.6859174" lon="104.4625641">
      </trkpt>
      <trkpt lat="30.6853659" lon="104.4627231">
      </trkpt>
      <trkpt lat="30.6848918" lon="104.4628718">
      </trkpt>
      <trkpt lat="30.6842928" lon="104.4631258">
      </trkpt>
      <trkpt lat="30.6834648" lon="104.463392">
      </trkpt>
      <trkpt lat="30.6831185" lon="104.4635044">
      </trkpt>
      <trkpt lat="30.682766" lon="104.4636476">
      </trkpt>
      <trkpt lat="30.6823961" lon="104.4638309">
      </trkpt>
      <trkpt lat="30.6818327" lon="104.4641463">
      </trkpt>
      <trkpt lat="30.681181" lon="104.4645178">
      </trkpt>
      <trkpt lat="30.6804894" lon="104.4649578">
      </trkpt>
      <trkpt lat="30.6797074" lon="104.465432">
      </trkpt>
      <trkpt lat="30.6792092" lon="104.4657253">
      </trkpt>
      <trkpt lat="30.6787299" lon="104.4658842">
      </trkpt>
      <trkpt lat="30.6782884" lon="104.465955">
      </trkpt>
      <trkpt lat="30.6775547" lon="104.4661384">
      </trkpt>
      <trkpt lat="30.6769451" lon="104.4662239">
      </trkpt>
      <trkpt lat="30.6762829" lon="104.4663388">
      </trkpt>
      <trkpt lat="30.6757279" lon="104.4665539">
      </trkpt>
      <trkpt lat="30.6750741" lon="104.4668594">
      </trkpt>
      <trkpt lat="30.6744055" lon="104.4672359">
      </trkpt>
      <trkpt lat="30.6739977" lon="104.4674632">
      </trkpt>
      <trkpt lat="30.6735667" lon="104.4676758">
      </trkpt>
      <trkpt lat="30.6721687" lon="104.4684311">
      </trkpt>
      <trkpt lat="30.6717152" lon="104.468679">
      </trkpt>
      <trkpt lat="30.6713193" lon="104.4689395">
      </trkpt>
      <trkpt lat="30.6710358" lon="104.4692034">
      </trkpt>
      <trkpt lat="30.6707462" lon="104.4695212">
      </trkpt>
      <trkpt lat="30.6704321" lon="104.4699368">
      </trkpt>
      <trkpt lat="30.669793" lon="104.4710221">
      </trkpt>
      <trkpt lat="30.6694491" lon="104.4715371">
      </trkpt>
      <trkpt lat="30.6684693" lon="104.4731688">
      </trkpt>
      <trkpt lat="30.6684326" lon="104.4732342">
      </trkpt>
      <trkpt lat="30.6683289" lon="104.4734188">
      </trkpt>
      <trkpt lat="30.668145" lon="104.4737402">
      </trkpt>
      <trkpt lat="30.667798" lon="104.4743441">
      </trkpt>
      <trkpt lat="30.6676242" lon="104.4746461">
      </trkpt>
      <trkpt lat="30.6674449" lon="104.4749711">
      </trkpt>
      <trkpt lat="30.667138" lon="104.475591">
      </trkpt>
      <trkpt lat="30.6668646" lon="104.4762422">
      </trkpt>
      <trkpt lat="30.6665716" lon="104.4771253">
      </trkpt>
      <trkpt lat="30.6664517" lon="104.477541">
      </trkpt>
      <trkpt lat="30.6663385" lon="104.4780183">
      </trkpt>
      <trkpt lat="30.6662083" lon="104.4787359">
      </trkpt>
      <trkpt lat="30.6661638" lon="104.4790491">
      </trkpt>
      <trkpt lat="30.666101" lon="104.4796237">
      </trkpt>
      <trkpt lat="30.6660618" lon="104.4802017">
      </trkpt>
      <trkpt lat="30.6659789" lon="104.4818837">
      </trkpt>
      <trkpt lat="30.6659615" lon="104.482074">
      </trkpt>
      <trkpt lat="30.6659499" lon="104.4823596">
      </trkpt>
      <trkpt lat="30.6659219" lon="104.4835582">
      </trkpt>
      <trkpt lat="30.6659026" lon="104.48496">
      </trkpt>
      <trkpt lat="30.665898" lon="104.4853824">
      </trkpt>
      <trkpt lat="30.6659323" lon="104.4857989">
      </trkpt>
      <trkpt lat="30.6659949" lon="104.4861227">
      </trkpt>
      <trkpt lat="30.6660999" lon="104.486517">
      </trkpt>
      <trkpt lat="30.6663392" lon="104.4870015">
      </trkpt>
      <trkpt lat="30.6673771" lon="104.4887943">
      </trkpt>
      <trkpt lat="30.66757" lon="104.48931">
      </trkpt>
      <trkpt lat="30.6676687" lon="104.4897115">
      </trkpt>
      <trkpt lat="30.6677139" lon="104.4901179">
      </trkpt>
      <trkpt lat="30.6677102" lon="104.490602">
      </trkpt>
      <trkpt lat="30.6674277" lon="104.4932215">
      </trkpt>
      <trkpt lat="30.6672765" lon="104.4938046">
      </trkpt>
      <trkpt lat="30.6671473" lon="104.4941103">
      </trkpt>
      <trkpt lat="30.6670138" lon="104.494354">
      </trkpt>
      <trkpt lat="30.6666929" lon="104.4947204">
      </trkpt>
      <trkpt lat="30.6662708" lon="104.4951946">
      </trkpt>
      <trkpt lat="30.6658647" lon="104.4955542">
      </trkpt>
      <trkpt lat="30.6652561" lon="104.4960848">
      </trkpt>
      <trkpt lat="30.6648471" lon="104.4964385">
      </trkpt>
      <trkpt lat="30.664644" lon="104.4965914">
      </trkpt>
      <trkpt lat="30.6642159" lon="104.4968248">
      </trkpt>
      <trkpt lat="30.663945" lon="104.4969267">
      </trkpt>
      <trkpt lat="30.6637432" lon="104.4969698">
      </trkpt>
      <trkpt lat="30.6634766" lon="104.4970071">
      </trkpt>
      <trkpt lat="30.6631083" lon="104.4970024">
      </trkpt>
      <trkpt lat="30.6622415" lon="104.4969522">
      </trkpt>
      <trkpt lat="30.6617113" lon="104.496899">
      </trkpt>
      <trkpt lat="30.66057" lon="104.49681">
      </trkpt>
      <trkpt lat="30.65855" lon="104.49667">
      </trkpt>
      <trkpt lat="30.6573138" lon="104.4963769">
      </trkpt>
      <trkpt lat="30.6567991" lon="104.4961622">
      </trkpt>
      <trkpt lat="30.6561483" lon="104.4959055">
      </trkpt>
      <trkpt lat="30.65471" lon="104.49529">
      </trkpt>
      <trkpt lat="30.65273" lon="104.49428">
      </trkpt>
      <trkpt lat="30.6512593" lon="104.4935471">
      </trkpt>
      <trkpt lat="30.6509041" lon="104.493415">
      </trkpt>
      <trkpt lat="30.6500739" lon="104.4932512">
      </trkpt>
      <trkpt lat="30.6495802" lon="104.4931712">
      </trkpt>
      <trkpt lat="30.6488591" lon="104.492981">
      </trkpt>
      <trkpt lat="30.64749" lon="104.49262">
      </trkpt>
      <trkpt lat="30.64656" lon="104.49218">
      </trkpt>
      <trkpt lat="30.64534" lon="104.49096">
      </trkpt>
      <trkpt lat="30.64378" lon="104.48917">
      </trkpt>
      <trkpt lat="30.6429936" lon="104.4883704">
      </trkpt>
      <trkpt lat="30.64232" lon="104.48787">
      </trkpt>
      <trkpt lat="30.6418454" lon="104.4877366">
      </trkpt>
      <trkpt lat="30.6411383" lon="104.4875818">
      </trkpt>
      <trkpt lat="30.64054" lon="104.4876">
      </trkpt>
      <trkpt lat="30.6401736" lon="104.4876784">
      </trkpt>
      <trkpt lat="30.63974" lon="104.4878511">
      </trkpt>
      <trkpt lat="30.638697" lon="104.4884745">
      </trkpt>
      <trkpt lat="30.63563" lon="104.49041">
      </trkpt>
      <trkpt lat="30.63462" lon="104.49138">
      </trkpt>
      <trkpt lat="30.6333" lon="104.49308">
      </trkpt>
      <trkpt lat="30.63205" lon="104.49494">
      </trkpt>
      <trkpt lat="30.63054" lon="104.49735">
      </trkpt>
      <trkpt lat="30.62933" lon="104.49898">
      </trkpt>
      <trkpt lat="30.62767" lon="104.50101">
      </trkpt>
      <trkpt lat="30.6272772" lon="104.5013416">
      </trkpt>
      <trkpt lat="30.6268285" lon="104.5015828">
      </trkpt>
      <trkpt lat="30.6265259" lon="104.5017023">
      </trkpt>
      <trkpt lat="30.6263159" lon="104.5017466">
      </trkpt>
      <trkpt lat="30.62598" lon="104.5017922">
      </trkpt>
      <trkpt lat="30.6257543" lon="104.5017923">
      </trkpt>
      <trkpt lat="30.6254019" lon="104.50176">
      </trkpt>
      <trkpt lat="30.6251422" lon="104.5016862">
      </trkpt>
      <trkpt lat="30.6245816" lon="104.501442">
      </trkpt>
      <trkpt lat="30.6242294" lon="104.5011927">
      </trkpt>
      <trkpt lat="30.6239755" lon="104.5009218">
      </trkpt>
      <trkpt lat="30.6237269" lon="104.5006261">
      </trkpt>
      <trkpt lat="30.6235092" lon="104.500262">
      </trkpt>
      <trkpt lat="30.623345" lon="104.4998763">
      </trkpt>
      <trkpt lat="30.6232426" lon="104.4995445">
      </trkpt>
      <trkpt lat="30.6231734" lon="104.4992548">
      </trkpt>
      <trkpt lat="30.6231434" lon="104.498996">
      </trkpt>
      <trkpt lat="30.6231376" lon="104.4987197">
      </trkpt>
      <trkpt lat="30.6231565" lon="104.4980224">
      </trkpt>
      <trkpt lat="30.6231723" lon="104.4975341">
      </trkpt>
      <trkpt lat="30.6232045" lon="104.4970044">
      </trkpt>
      <trkpt lat="30.6232253" lon="104.4964372">
      </trkpt>
      <trkpt lat="30.6232703" lon="104.4959276">
      </trkpt>
      <trkpt lat="30.623388" lon="104.4951738">
      </trkpt>
      <trkpt lat="30.6235" lon="104.49463">
      </trkpt>
      <trkpt lat="30.6242" lon="104.49153">
      </trkpt>
      <trkpt lat="30.6248608" lon="104.4885418">
      </trkpt>
      <trkpt lat="30.6249904" lon="104.4879411">
      </trkpt>
      <trkpt lat="30.6250277" lon="104.4877685">
      </trkpt>
      <trkpt lat="30.6251064" lon="104.4872881">
      </trkpt>
      <trkpt lat="30.6251445" lon="104.4869046">
      </trkpt>
      <trkpt lat="30.6251577" lon="104.4865849">
      </trkpt>
      <trkpt lat="30.6251537" lon="104.4862032">
      </trkpt>
      <trkpt lat="30.625114" lon="104.4858866">
      </trkpt>
      <trkpt lat="30.6249638" lon="104.4853461">
      </trkpt>
      <trkpt lat="30.6247453" lon="104.4848571">
      </trkpt>
      <trkpt lat="30.6244768" lon="104.4845001">
      </trkpt>
      <trkpt lat="30.6240715" lon="104.4840882">
      </trkpt>
      <trkpt lat="30.6233791" lon="104.4834246">
      </trkpt>
      <trkpt lat="30.6220946" lon="104.4822563">
      </trkpt>
      <trkpt lat="30.6218246" lon="104.4820363">
      </trkpt>
      <trkpt lat="30.6207539" lon="104.4813948">
      </trkpt>
      <trkpt lat="30.6192817" lon="104.4806392">
      </trkpt>
      <trkpt lat="30.6189125" lon="104.4805169">
      </trkpt>
      <trkpt lat="30.6184047" lon="104.4804418">
      </trkpt>
      <trkpt lat="30.6173" lon="104.48056">
      </trkpt>
      <trkpt lat="30.6154716" lon="104.4808433">
      </trkpt>
      <trkpt lat="30.6152585" lon="104.480889">
      </trkpt>
      <trkpt lat="30.6150429" lon="104.4809658">
      </trkpt>
      <trkpt lat="30.6147542" lon="104.4810995">
      </trkpt>
      <trkpt lat="30.6144095" lon="104.481287">
      </trkpt>
      <trkpt lat="30.6137223" lon="104.4816817">
      </trkpt>
      <trkpt lat="30.6133933" lon="104.4818661">
      </trkpt>
      <trkpt lat="30.6130773" lon="104.4820116">
      </trkpt>
      <trkpt lat="30.6128779" lon="104.4820743">
      </trkpt>
      <trkpt lat="30.612649" lon="104.4821091">
      </trkpt>
      <trkpt lat="30.6112423" lon="104.4822064">
      </trkpt>
      <trkpt lat="30.610118" lon="104.4821968">
      </trkpt>
      <trkpt lat="30.6092977" lon="104.4822486">
      </trkpt>
      <trkpt lat="30.6089334" lon="104.4822677">
      </trkpt>
      <trkpt lat="30.6087403" lon="104.4822998">
      </trkpt>
      <trkpt lat="30.6085715" lon="104.482349">
      </trkpt>
      <trkpt lat="30.6083701" lon="104.4824218">
      </trkpt>
      <trkpt lat="30.6081284" lon="104.4825366">
      </trkpt>
      <trkpt lat="30.6079799" lon="104.4826113">
      </trkpt>
      <trkpt lat="30.6078165" lon="104.4827181">
      </trkpt>
      <trkpt lat="30.6076597" lon="104.4828136">
      </trkpt>
      <trkpt lat="30.6064508" lon="104.483519">
      </trkpt>
      <trkpt lat="30.60489" lon="104.48456">
      </trkpt>
      <trkpt lat="30.6043406" lon="104.4850204">
      </trkpt>
      <trkpt lat="30.60378" lon="104.48565">
      </trkpt>
      <trkpt lat="30.6026" lon="104.48715">
      </trkpt>
      <trkpt lat="30.601998" lon="104.4878293">
      </trkpt>
      <trkpt lat="30.6014044" lon="104.4883233">
      </trkpt>
      <trkpt lat="30.6008568" lon="104.4886572">
      </trkpt>
      <trkpt lat="30.60027" lon="104.4889">
      </trkpt>
      <trkpt lat="30.59867" lon="104.4891247">
      </trkpt>
      <trkpt lat="30.5968687" lon="104.4893121">
      </trkpt>
      <trkpt lat="30.5965557" lon="104.4892851">
      </trkpt>
      <trkpt lat="30.5962763" lon="104.4892191">
      </trkpt>
      <trkpt lat="30.595317" lon="104.4888121">
      </trkpt>
      <trkpt lat="30.5945441" lon="104.4884152">
      </trkpt>
      <trkpt lat="30.5939" lon="104.48822">
      </trkpt>
      <trkpt lat="30.5935875" lon="104.4881631">
      </trkpt>
      <trkpt lat="30.5932134" lon="104.4881582">
      </trkpt>
      <trkpt lat="30.59279" lon="104.48822">
      </trkpt>
      <trkpt lat="30.59099" lon="104.48855">
      </trkpt>
      <trkpt lat="30.58909" lon="104.48885">
      </trkpt>
      <trkpt lat="30.5884232" lon="104.4888401">
      </trkpt>
      <trkpt lat="30.58769" lon="104.48865">
      </trkpt>
      <trkpt lat="30.58588" lon="104.48794">
      </trkpt>
      <trkpt lat="30.58361" lon="104.48697">
      </trkpt>
      <trkpt lat="30.5818823" lon="104.4864396">
      </trkpt>
      <trkpt lat="30.5816421" lon="104.4863684">
      </trkpt>
      <trkpt lat="30.5811" lon="104.48622">
      </trkpt>
      <trkpt lat="30.5788422" lon="104.4854787">
      </trkpt>
      <trkpt lat="30.5779769" lon="104.4852376">
      </trkpt>
      <trkpt lat="30.5774846" lon="104.4851719">
      </trkpt>
      <trkpt lat="30.5769642" lon="104.4851155">
      </trkpt>
      <trkpt lat="30.5759905" lon="104.4850633">
      </trkpt>
      <trkpt lat="30.575" lon="104.48505">
      </trkpt>
      <trkpt lat="30.5744697" lon="104.4850261">
      </trkpt>
      <trkpt lat="30.5741529" lon="104.4850119">
      </trkpt>
      <trkpt lat="30.5734145" lon="104.4849911">
      </trkpt>
      <trkpt lat="30.5723085" lon="104.484949">
      </trkpt>
      <trkpt lat="30.571291" lon="104.4849211">
      </trkpt>
      <trkpt lat="30.57088" lon="104.4849104">
      </trkpt>
      <trkpt lat="30.5704262" lon="104.4849432">
      </trkpt>
      <trkpt lat="30.5697945" lon="104.4850552">
      </trkpt>
      <trkpt lat="30.5684654" lon="104.485361">
      </trkpt>
      <trkpt lat="30.5671686" lon="104.4856969">
      </trkpt>
      <trkpt lat="30.5654019" lon="104.4862702">
      </trkpt>
      <trkpt lat="30.5647276" lon="104.4864982">
      </trkpt>
      <trkpt lat="30.5642864" lon="104.4866028">
      </trkpt>
      <trkpt lat="30.5635068" lon="104.4867624">
      </trkpt>
      <trkpt lat="30.5622402" lon="104.4870213">
      </trkpt>
      <trkpt lat="30.5613833" lon="104.487201">
      </trkpt>
      <trkpt lat="30.5607683" lon="104.487338">
      </trkpt>
      <trkpt lat="30.5602539" lon="104.4875041">
      </trkpt>
      <trkpt lat="30.5598959" lon="104.4876435">
      </trkpt>
      <trkpt lat="30.5594392" lon="104.4878354">
      </trkpt>
      <trkpt lat="30.5566392" lon="104.4890471">
      </trkpt>
      <trkpt lat="30.5547038" lon="104.4898855">
      </trkpt>
      <trkpt lat="30.5541701" lon="104.4901031">
      </trkpt>
      <trkpt lat="30.553722" lon="104.4903016">
      </trkpt>
      <trkpt lat="30.5532162" lon="104.4905645">
      </trkpt>
      <trkpt lat="30.5527695" lon="104.4908369">
      </trkpt>
      <trkpt lat="30.5520058" lon="104.4913343">
      </trkpt>
      <trkpt lat="30.5515138" lon="104.4916266">
      </trkpt>
      <trkpt lat="30.5512759" lon="104.491742">
      </trkpt>
      <trkpt lat="30.550916" lon="104.491869">
      </trkpt>
      <trkpt lat="30.5505506" lon="104.491978">
      </trkpt>
      <trkpt lat="30.5499541" lon="104.4920861">
      </trkpt>
      <trkpt lat="30.548931" lon="104.4921124">
      </trkpt>
      <trkpt lat="30.5480536" lon="104.4921416">
      </trkpt>
      <trkpt lat="30.5471777" lon="104.4922141">
      </trkpt>
      <trkpt lat="30.5454077" lon="104.4924024">
      </trkpt>
      <trkpt lat="30.544781" lon="104.4924429">
      </trkpt>
      <trkpt lat="30.5445148" lon="104.4924688">
      </trkpt>
      <trkpt lat="30.5442375" lon="104.4925332">
      </trkpt>
      <trkpt lat="30.5439858" lon="104.4926271">
      </trkpt>
      <trkpt lat="30.5437284" lon="104.4927535">
      </trkpt>
      <trkpt lat="30.5434752" lon="104.4929141">
      </trkpt>
      <trkpt lat="30.5432566" lon="104.493097">
      </trkpt>
      <trkpt lat="30.5428677" lon="104.4934773">
      </trkpt>
      <trkpt lat="30.5425346" lon="104.4938566">
      </trkpt>
      <trkpt lat="30.5418565" lon="104.4946942">
      </trkpt>
      <trkpt lat="30.5410517" lon="104.4957735">
      </trkpt>
      <trkpt lat="30.5406985" lon="104.4963312">
      </trkpt>
      <trkpt lat="30.5403165" lon="104.4970915">
      </trkpt>
      <trkpt lat="30.5394372" lon="104.4991529">
      </trkpt>
      <trkpt lat="30.5391623" lon="104.4996813">
      </trkpt>
      <trkpt lat="30.5388576" lon="104.5002468">
      </trkpt>
      <trkpt lat="30.5383491" lon="104.501017">
      </trkpt>
      <trkpt lat="30.5377377" lon="104.5018305">
      </trkpt>
      <trkpt lat="30.5363" lon="104.50365">
      </trkpt>
      <trkpt lat="30.5357178" lon="104.5043752">
      </trkpt>
      <trkpt lat="30.5354129" lon="104.504697">
      </trkpt>
      <trkpt lat="30.5347835" lon="104.5051812">
      </trkpt>
      <trkpt lat="30.5342277" lon="104.5055366">
      </trkpt>
      <trkpt lat="30.5336061" lon="104.5057878">
      </trkpt>
      <trkpt lat="30.5331373" lon="104.5059148">
      </trkpt>
      <trkpt lat="30.532703" lon="104.5059872">
      </trkpt>
      <trkpt lat="30.5322756" lon="104.5060202">
      </trkpt>
      <trkpt lat="30.5307507" lon="104.5059684">
      </trkpt>
      <trkpt lat="30.530262" lon="104.50595">
      </trkpt>
      <trkpt lat="30.52689" lon="104.50576">
      </trkpt>
      <trkpt lat="30.52402" lon="104.5056">
      </trkpt>
      <trkpt lat="30.52094" lon="104.50542">
      </trkpt>
      <trkpt lat="30.5173344" lon="104.5051684">
      </trkpt>
      <trkpt lat="30.5165307" lon="104.5051248">
      </trkpt>
      <trkpt lat="30.5157901" lon="104.5050806">
      </trkpt>
      <trkpt lat="30.5150461" lon="104.5050377">
      </trkpt>
      <trkpt lat="30.51439" lon="104.5049574">
      </trkpt>
      <trkpt lat="30.5138018" lon="104.5048499">
      </trkpt>
      <trkpt lat="30.5133627" lon="104.504748">
      </trkpt>
      <trkpt lat="30.5126613" lon="104.5045811">
      </trkpt>
      <trkpt lat="30.512458" lon="104.5045294">
      </trkpt>
      <trkpt lat="30.5121331" lon="104.504441">
      </trkpt>
      <trkpt lat="30.5119441" lon="104.5044025">
      </trkpt>
      <trkpt lat="30.5116088" lon="104.5043274">
      </trkpt>
      <trkpt lat="30.5114279" lon="104.5042847">
      </trkpt>
      <trkpt lat="30.5105312" lon="104.5040618">
      </trkpt>
      <trkpt lat="30.5062176" lon="104.5030107">
      </trkpt>
      <trkpt lat="30.5039009" lon="104.5024922">
      </trkpt>
      <trkpt lat="30.503346" lon="104.5023596">
      </trkpt>
      <trkpt lat="30.5030076" lon="104.502281">
      </trkpt>
      <trkpt lat="30.5026365" lon="104.5021899">
      </trkpt>
      <trkpt lat="30.5025322" lon="104.5021685">
      </trkpt>
      <trkpt lat="30.5014928" lon="104.5019478">
      </trkpt>
      <trkpt lat="30.50089" lon="104.50184">
      </trkpt>
      <trkpt lat="30.500454" lon="104.5018002">
      </trkpt>
      <trkpt lat="30.5000611" lon="104.5017976">
      </trkpt>
      <trkpt lat="30.4996532" lon="104.5018204">
      </trkpt>
      <trkpt lat="30.49928" lon="104.5018644">
      </trkpt>
      <trkpt lat="30.4985786" lon="104.5019934">
      </trkpt>
      <trkpt lat="30.497943" lon="104.5021912">
      </trkpt>
      <trkpt lat="30.4973514" lon="104.5024306">
      </trkpt>
      <trkpt lat="30.4967939" lon="104.502699">
      </trkpt>
      <trkpt lat="30.49437" lon="104.50398">
      </trkpt>
      <trkpt lat="30.49178" lon="104.50542">
      </trkpt>
      <trkpt lat="30.4895695" lon="104.5066416">
      </trkpt>
      <trkpt lat="30.4890066" lon="104.5068619">
      </trkpt>
      <trkpt lat="30.4885987" lon="104.506942">
      </trkpt>
      <trkpt lat="30.4881889" lon="104.5069693">
      </trkpt>
      <trkpt lat="30.4865093" lon="104.5069903">
      </trkpt>
      <trkpt lat="30.4860978" lon="104.5070708">
      </trkpt>
      <trkpt lat="30.4857827" lon="104.5071612">
      </trkpt>
      <trkpt lat="30.4854552" lon="104.5072907">
      </trkpt>
      <trkpt lat="30.4842932" lon="104.5080313">
      </trkpt>
      <trkpt lat="30.4837864" lon="104.5082778">
      </trkpt>
      <trkpt lat="30.4833739" lon="104.5083829">
      </trkpt>
      <trkpt lat="30.4830606" lon="104.5083904">
      </trkpt>
      <trkpt lat="30.4827277" lon="104.508385">
      </trkpt>
      <trkpt lat="30.4824319" lon="104.5083314">
      </trkpt>
      <trkpt lat="30.4821196" lon="104.5082259">
      </trkpt>
      <trkpt lat="30.4814936" lon="104.5079153">
      </trkpt>
      <trkpt lat="30.4800108" lon="104.5068868">
      </trkpt>
      <trkpt lat="30.4792651" lon="104.506427">
      </trkpt>
      <trkpt lat="30.4789322" lon="104.5062607">
      </trkpt>
      <trkpt lat="30.4784075" lon="104.5060654">
      </trkpt>
      <trkpt lat="30.4777256" lon="104.5058477">
      </trkpt>
      <trkpt lat="30.47712" lon="104.50572">
      </trkpt>
      <trkpt lat="30.4757" lon="104.50551">
      </trkpt>
      <trkpt lat="30.47436" lon="104.50534">
      </trkpt>
      <trkpt lat="30.47278" lon="104.50512">
      </trkpt>
      <trkpt lat="30.47134" lon="104.50487">
      </trkpt>
      <trkpt lat="30.46947" lon="104.50458">
      </trkpt>
      <trkpt lat="30.469344" lon="104.504572">
      </trkpt>
      <trkpt lat="30.46785" lon="104.50433">
      </trkpt>
      <trkpt lat="30.46614" lon="104.50403">
      </trkpt>
      <trkpt lat="30.46463" lon="104.50389">
      </trkpt>
      <trkpt lat="30.4638637" lon="104.5039365">
      </trkpt>
      <trkpt lat="30.4632824" lon="104.5041117">
      </trkpt>
      <trkpt lat="30.4625754" lon="104.504397">
      </trkpt>
      <trkpt lat="30.4617805" lon="104.5048754">
      </trkpt>
      <trkpt lat="30.460122" lon="104.5060792">
      </trkpt>
      <trkpt lat="30.46011" lon="104.50608">
      </trkpt>
      <trkpt lat="30.45833" lon="104.50753">
      </trkpt>
      <trkpt lat="30.45748" lon="104.50887">
      </trkpt>
      <trkpt lat="30.4569249" lon="104.5099631">
      </trkpt>
      <trkpt lat="30.45625" lon="104.51112">
      </trkpt>
      <trkpt lat="30.45497" lon="104.51347">
      </trkpt>
      <trkpt lat="30.45414" lon="104.51438">
      </trkpt>
      <trkpt lat="30.45348" lon="104.51472">
      </trkpt>
      <trkpt lat="30.4526664" lon="104.514798">
      </trkpt>
      <trkpt lat="30.4521683" lon="104.5147314">
      </trkpt>
      <trkpt lat="30.45107" lon="104.5142">
      </trkpt>
      <trkpt lat="30.4505788" lon="104.5138929">
      </trkpt>
      <trkpt lat="30.44897" lon="104.5128">
      </trkpt>
      <trkpt lat="30.44752" lon="104.51203">
      </trkpt>
      <trkpt lat="30.4461526" lon="104.5118704">
      </trkpt>
      <trkpt lat="30.445903" lon="104.5118483">
      </trkpt>
      <trkpt lat="30.4456813" lon="104.5118756">
      </trkpt>
      <trkpt lat="30.44386" lon="104.51192">
      </trkpt>
      <trkpt lat="30.44196" lon="104.51182">
      </trkpt>
      <trkpt lat="30.44037" lon="104.51117">
      </trkpt>
      <trkpt lat="30.4393951" lon="104.5106672">
      </trkpt>
      <trkpt lat="30.43898" lon="104.51028">
      </trkpt>
      <trkpt lat="30.4373" lon="104.50877">
      </trkpt>
      <trkpt lat="30.435996" lon="104.5083961">
      </trkpt>
      <trkpt lat="30.4351217" lon="104.5083011">
      </trkpt>
      <trkpt lat="30.4343222" lon="104.5082408">
      </trkpt>
      <trkpt lat="30.4336779" lon="104.5081974">
      </trkpt>
      <trkpt lat="30.4330979" lon="104.5082381">
      </trkpt>
      <trkpt lat="30.4327008" lon="104.5083324">
      </trkpt>
      <trkpt lat="30.4321377" lon="104.5085507">
      </trkpt>
      <trkpt lat="30.4315095" lon="104.5089862">
      </trkpt>
      <trkpt lat="30.4307518" lon="104.5098549">
      </trkpt>
      <trkpt lat="30.4302578" lon="104.5108566">
      </trkpt>
      <trkpt lat="30.4288112" lon="104.5138384">
      </trkpt>
      <trkpt lat="30.4286207" lon="104.5141553">
      </trkpt>
      <trkpt lat="30.4284347" lon="104.5144131">
      </trkpt>
      <trkpt lat="30.4281897" lon="104.514715">
      </trkpt>
      <trkpt lat="30.427937" lon="104.5149564">
      </trkpt>
      <trkpt lat="30.4276643" lon="104.5151801">
      </trkpt>
      <trkpt lat="30.4273466" lon="104.5153877">
      </trkpt>
      <trkpt lat="30.4270324" lon="104.515566">
      </trkpt>
      <trkpt lat="30.426395" lon="104.515881">
      </trkpt>
      <trkpt lat="30.4260312" lon="104.5160621">
      </trkpt>
      <trkpt lat="30.4257039" lon="104.5162038">
      </trkpt>
      <trkpt lat="30.4253994" lon="104.5163486">
      </trkpt>
      <trkpt lat="30.4238239" lon="104.5170975">
      </trkpt>
      <trkpt lat="30.4213047" lon="104.5183102">
      </trkpt>
      <trkpt lat="30.4192172" lon="104.519311">
      </trkpt>
      <trkpt lat="30.4179908" lon="104.519879">
      </trkpt>
      <trkpt lat="30.4178795" lon="104.5199299">
      </trkpt>
      <trkpt lat="30.4173534" lon="104.5201775">
      </trkpt>
      <trkpt lat="30.4172815" lon="104.5202179">
      </trkpt>
      <trkpt lat="30.4168201" lon="104.5204429">
      </trkpt>
      <trkpt lat="30.416477" lon="104.5206788">
      </trkpt>
      <trkpt lat="30.4161231" lon="104.5209556">
      </trkpt>
      <trkpt lat="30.4159356" lon="104.5211265">
      </trkpt>
      <trkpt lat="30.4157486" lon="104.5213128">
      </trkpt>
      <trkpt lat="30.41504" lon="104.52224">
      </trkpt>
      <trkpt lat="30.41383" lon="104.52429">
      </trkpt>
      <trkpt lat="30.41277" lon="104.52568">
      </trkpt>
      <trkpt lat="30.41173" lon="104.52672">
      </trkpt>
      <trkpt lat="30.41012" lon="104.52807">
      </trkpt>
      <trkpt lat="30.4081852" lon="104.5291005">
      </trkpt>
      <trkpt lat="30.4080861" lon="104.5291976">
      </trkpt>
      <trkpt lat="30.40728" lon="104.52985">
      </trkpt>
      <trkpt lat="30.4065" lon="104.53125">
      </trkpt>
      <trkpt lat="30.40558" lon="104.53245">
      </trkpt>
      <trkpt lat="30.40421" lon="104.53367">
      </trkpt>
      <trkpt lat="30.4033" lon="104.53507">
      </trkpt>
      <trkpt lat="30.4026349" lon="104.5361511">
      </trkpt>
      <trkpt lat="30.402345" lon="104.5366222">
      </trkpt>
      <trkpt lat="30.4022849" lon="104.5367199">
      </trkpt>
      <trkpt lat="30.40182" lon="104.53734">
      </trkpt>
      <trkpt lat="30.40079" lon="104.53816">
      </trkpt>
      <trkpt lat="30.39937" lon="104.53855">
      </trkpt>
      <trkpt lat="30.3976176" lon="104.5389227">
      </trkpt>
      <trkpt lat="30.3968731" lon="104.5391663">
      </trkpt>
      <trkpt lat="30.3964367" lon="104.5394263">
      </trkpt>
      <trkpt lat="30.3955464" lon="104.5403609">
      </trkpt>
      <trkpt lat="30.3949413" lon="104.5411142">
      </trkpt>
      <trkpt lat="30.3926975" lon="104.5439774">
      </trkpt>
      <trkpt lat="30.3916718" lon="104.5452565">
      </trkpt>
      <trkpt lat="30.3902847" lon="104.5469315">
      </trkpt>
      <trkpt lat="30.3899018" lon="104.5473533">
      </trkpt>
      <trkpt lat="30.3895329" lon="104.5476694">
      </trkpt>
      <trkpt lat="30.3891835" lon="104.5479336">
      </trkpt>
      <trkpt lat="30.3886562" lon="104.5482478">
      </trkpt>
      <trkpt lat="30.388243" lon="104.5484643">
      </trkpt>
      <trkpt lat="30.3877873" lon="104.5486638">
      </trkpt>
      <trkpt lat="30.3868663" lon="104.5489441">
      </trkpt>
      <trkpt lat="30.3866093" lon="104.5490207">
      </trkpt>
      <trkpt lat="30.3861298" lon="104.5491636">
      </trkpt>
      <trkpt lat="30.3843659" lon="104.5496892">
      </trkpt>
      <trkpt lat="30.3797691" lon="104.5510083">
      </trkpt>
      <trkpt lat="30.3782766" lon="104.5514559">
      </trkpt>
      <trkpt lat="30.3780527" lon="104.551523">
      </trkpt>
      <trkpt lat="30.3772833" lon="104.551761">
      </trkpt>
      <trkpt lat="30.3770616" lon="104.5518299">
      </trkpt>
      <trkpt lat="30.376618" lon="104.5519868">
      </trkpt>
      <trkpt lat="30.376048" lon="104.5522283">
      </trkpt>
      <trkpt lat="30.375403" lon="104.5525669">
      </trkpt>
      <trkpt lat="30.3749665" lon="104.5528909">
      </trkpt>
      <trkpt lat="30.37388" lon="104.5538">
      </trkpt>
      <trkpt lat="30.37293" lon="104.55509">
      </trkpt>
      <trkpt lat="30.372019" lon="104.5568258">
      </trkpt>
      <trkpt lat="30.37175" lon="104.55726">
      </trkpt>
      <trkpt lat="30.3713664" lon="104.5577645">
      </trkpt>
      <trkpt lat="30.37083" lon="104.55825">
      </trkpt>
      <trkpt lat="30.3699906" lon="104.5588628">
      </trkpt>
      <trkpt lat="30.36909" lon="104.55936">
      </trkpt>
      <trkpt lat="30.36758" lon="104.56058">
      </trkpt>
      <trkpt lat="30.36598" lon="104.56161">
      </trkpt>
      <trkpt lat="30.36426" lon="104.56248">
      </trkpt>
      <trkpt lat="30.36254" lon="104.56329">
      </trkpt>
      <trkpt lat="30.36033" lon="104.56457">
      </trkpt>
      <trkpt lat="30.35919" lon="104.56468">
      </trkpt>
      <trkpt lat="30.3589086" lon="104.564652">
      </trkpt>
      <trkpt lat="30.3586844" lon="104.564616">
      </trkpt>
      <trkpt lat="30.3579226" lon="104.564544">
      </trkpt>
      <trkpt lat="30.3575" lon="104.56443">
      </trkpt>
      <trkpt lat="30.35603" lon="104.56465">
      </trkpt>
      <trkpt lat="30.3547" lon="104.56547">
      </trkpt>
      <trkpt lat="30.3529835" lon="104.5668864">
      </trkpt>
      <trkpt lat="30.3528109" lon="104.5670039">
      </trkpt>
      <trkpt lat="30.35204" lon="104.56748">
      </trkpt>
      <trkpt lat="30.3514671" lon="104.5679984">
      </trkpt>
      <trkpt lat="30.3487702" lon="104.5699571">
      </trkpt>
      <trkpt lat="30.3460122" lon="104.5719534">
      </trkpt>
      <trkpt lat="30.3445256" lon="104.5730282">
      </trkpt>
      <trkpt lat="30.3427895" lon="104.5742934">
      </trkpt>
      <trkpt lat="30.3390901" lon="104.5769478">
      </trkpt>
      <trkpt lat="30.3388325" lon="104.5771469">
      </trkpt>
      <trkpt lat="30.3363084" lon="104.5790018">
      </trkpt>
      <trkpt lat="30.3344825" lon="104.5803136">
      </trkpt>
      <trkpt lat="30.3339829" lon="104.58067">
      </trkpt>
      <trkpt lat="30.3334552" lon="104.5810264">
      </trkpt>
      <trkpt lat="30.3325351" lon="104.5815537">
      </trkpt>
      <trkpt lat="30.3324572" lon="104.5815921">
      </trkpt>
      <trkpt lat="30.33097" lon="104.58229">
      </trkpt>
      <trkpt lat="30.32929" lon="104.58317">
      </trkpt>
      <trkpt lat="30.32915" lon="104.58322">
      </trkpt>
      <trkpt lat="30.3281356" lon="104.5838264">
      </trkpt>
      <trkpt lat="30.32756" lon="104.58407">
      </trkpt>
      <trkpt lat="30.32582" lon="104.58495">
      </trkpt>
      <trkpt lat="30.3245832" lon="104.5856757">
      </trkpt>
      <trkpt lat="30.32428" lon="104.58578">
      </trkpt>
      <trkpt lat="30.32311" lon="104.58682">
      </trkpt>
      <trkpt lat="30.32208" lon="104.58799">
      </trkpt>
      <trkpt lat="30.3200995" lon="104.5897211">
      </trkpt>
      <trkpt lat="30.31844" lon="104.59098">
      </trkpt>
      <trkpt lat="30.31642" lon="104.59246">
      </trkpt>
      <trkpt lat="30.31483" lon="104.59399">
      </trkpt>
      <trkpt lat="30.3138" lon="104.59546">
      </trkpt>
      <trkpt lat="30.31282" lon="104.59696">
      </trkpt>
      <trkpt lat="30.31183" lon="104.59841">
      </trkpt>
      <trkpt lat="30.31059" lon="104.60019">
      </trkpt>
      <trkpt lat="30.3100857" lon="104.6009267">
      </trkpt>
      <trkpt lat="30.30932" lon="104.60209">
      </trkpt>
      <trkpt lat="30.309148" lon="104.6022412">
      </trkpt>
      <trkpt lat="30.3087599" lon="104.602856">
      </trkpt>
      <trkpt lat="30.30812" lon="104.6038">
      </trkpt>
      <trkpt lat="30.30646" lon="104.60568">
      </trkpt>
      <trkpt lat="30.3060396" lon="104.6060083">
      </trkpt>
      <trkpt lat="30.30482" lon="104.60707">
      </trkpt>
      <trkpt lat="30.304375" lon="104.6073084">
      </trkpt>
      <trkpt lat="30.30315" lon="104.60815">
      </trkpt>
      <trkpt lat="30.30168" lon="104.60884">
      </trkpt>
      <trkpt lat="30.3012336" lon="104.6090266">
      </trkpt>
      <trkpt lat="30.3007826" lon="104.6092151">
      </trkpt>
      <trkpt lat="30.3003776" lon="104.6093891">
      </trkpt>
      <trkpt lat="30.29998" lon="104.60956">
      </trkpt>
      <trkpt lat="30.29752" lon="104.6106">
      </trkpt>
      <trkpt lat="30.2969476" lon="104.6109066">
      </trkpt>
      <trkpt lat="30.29599" lon="104.61155">
      </trkpt>
      <trkpt lat="30.294718" lon="104.6126701">
      </trkpt>
      <trkpt lat="30.2935524" lon="104.6137537">
      </trkpt>
      <trkpt lat="30.29304" lon="104.61423">
      </trkpt>
      <trkpt lat="30.2921" lon="104.61542">
      </trkpt>
      <trkpt lat="30.29047" lon="104.61809">
      </trkpt>
      <trkpt lat="30.28928" lon="104.61941">
      </trkpt>
      <trkpt lat="30.2887545" lon="104.6200991">
      </trkpt>
      <trkpt lat="30.2884265" lon="104.6207188">
      </trkpt>
      <trkpt lat="30.2882938" lon="104.6210396">
      </trkpt>
      <trkpt lat="30.28783" lon="104.62235">
      </trkpt>
      <trkpt lat="30.2874586" lon="104.6234537">
      </trkpt>
      <trkpt lat="30.28716" lon="104.62423">
      </trkpt>
      <trkpt lat="30.2866031" lon="104.6258967">
      </trkpt>
      <trkpt lat="30.2861743" lon="104.6267188">
      </trkpt>
      <trkpt lat="30.285719" lon="104.6272588">
      </trkpt>
      <trkpt lat="30.2851784" lon="104.6276736">
      </trkpt>
      <trkpt lat="30.28456" lon="104.62797">
      </trkpt>
      <trkpt lat="30.2837794" lon="104.6282422">
      </trkpt>
      <trkpt lat="30.28295" lon="104.62834">
      </trkpt>
      <trkpt lat="30.28119" lon="104.62828">
      </trkpt>
      <trkpt lat="30.2791542" lon="104.6281144">
      </trkpt>
      <trkpt lat="30.2780305" lon="104.6279472">
      </trkpt>
      <trkpt lat="30.2767472" lon="104.6277916">
      </trkpt>
      <trkpt lat="30.27605" lon="104.62751">
      </trkpt>
      <trkpt lat="30.27422" lon="104.62671">
      </trkpt>
      <trkpt lat="30.2736502" lon="104.6266329">
      </trkpt>
      <trkpt lat="30.2732608" lon="104.6266397">
      </trkpt>
      <trkpt lat="30.272777" lon="104.626731">
      </trkpt>
      <trkpt lat="30.27041" lon="104.62747">
      </trkpt>
      <trkpt lat="30.2699658" lon="104.627638">
      </trkpt>
      <trkpt lat="30.26845" lon="104.62813">
      </trkpt>
      <trkpt lat="30.26652" lon="104.6288">
      </trkpt>
      <trkpt lat="30.2647525" lon="104.6293673">
      </trkpt>
      <trkpt lat="30.2632972" lon="104.6298526">
      </trkpt>
      <trkpt lat="30.2628141" lon="104.6300288">
      </trkpt>
      <trkpt lat="30.26192" lon="104.63028">
      </trkpt>
      <trkpt lat="30.25924" lon="104.63118">
      </trkpt>
      <trkpt lat="30.2583791" lon="104.6314448">
      </trkpt>
      <trkpt lat="30.2575007" lon="104.6315388">
      </trkpt>
      <trkpt lat="30.25552" lon="104.63143">
      </trkpt>
      <trkpt lat="30.25297" lon="104.6313">
      </trkpt>
      <trkpt lat="30.2517305" lon="104.6310192">
      </trkpt>
      <trkpt lat="30.24803" lon="104.62959">
      </trkpt>
      <trkpt lat="30.2467662" lon="104.6291155">
      </trkpt>
      <trkpt lat="30.2457078" lon="104.6283549">
      </trkpt>
      <trkpt lat="30.24503" lon="104.62758">
      </trkpt>
      <trkpt lat="30.2444426" lon="104.6265364">
      </trkpt>
      <trkpt lat="30.2441234" lon="104.6256908">
      </trkpt>
      <trkpt lat="30.2439514" lon="104.6249324">
      </trkpt>
      <trkpt lat="30.2438276" lon="104.6239282">
      </trkpt>
      <trkpt lat="30.24378" lon="104.62155">
      </trkpt>
      <trkpt lat="30.24363" lon="104.61845">
      </trkpt>
      <trkpt lat="30.2434973" lon="104.6158612">
      </trkpt>
      <trkpt lat="30.2433451" lon="104.6149537">
      </trkpt>
      <trkpt lat="30.2430987" lon="104.6140641">
      </trkpt>
      <trkpt lat="30.2426676" lon="104.6132513">
      </trkpt>
      <trkpt lat="30.24193" lon="104.6121">
      </trkpt>
      <trkpt lat="30.2407651" lon="104.6103797">
      </trkpt>
      <trkpt lat="30.2401767" lon="104.6098718">
      </trkpt>
      <trkpt lat="30.23961" lon="104.60953">
      </trkpt>
      <trkpt lat="30.2388721" lon="104.6093059">
      </trkpt>
      <trkpt lat="30.23825" lon="104.60927">
      </trkpt>
      <trkpt lat="30.23642" lon="104.60945">
      </trkpt>
      <trkpt lat="30.2341301" lon="104.6094388">
      </trkpt>
      <trkpt lat="30.2335863" lon="104.6094775">
      </trkpt>
      <trkpt lat="30.233193" lon="104.6095693">
      </trkpt>
      <trkpt lat="30.2314368" lon="104.610601">
      </trkpt>
      <trkpt lat="30.2306819" lon="104.610832">
      </trkpt>
      <trkpt lat="30.2301403" lon="104.6109903">
      </trkpt>
      <trkpt lat="30.2296004" lon="104.6112156">
      </trkpt>
      <trkpt lat="30.2293524" lon="104.6113685">
      </trkpt>
      <trkpt lat="30.2291116" lon="104.6115575">
      </trkpt>
      <trkpt lat="30.2288611" lon="104.6117842">
      </trkpt>
      <trkpt lat="30.228678" lon="104.6119881">
      </trkpt>
      <trkpt lat="30.2284694" lon="104.6122804">
      </trkpt>
      <trkpt lat="30.2282761" lon="104.6126134">
      </trkpt>
      <trkpt lat="30.2280129" lon="104.6131334">
      </trkpt>
      <trkpt lat="30.227634" lon="104.6139495">
      </trkpt>
      <trkpt lat="30.2273269" lon="104.6146193">
      </trkpt>
      <trkpt lat="30.2269584" lon="104.6153489">
      </trkpt>
      <trkpt lat="30.2265969" lon="104.6159175">
      </trkpt>
      <trkpt lat="30.2262341" lon="104.616454">
      </trkpt>
      <trkpt lat="30.2260673" lon="104.6166927">
      </trkpt>
      <trkpt lat="30.225121" lon="104.6180578">
      </trkpt>
      <trkpt lat="30.2246362" lon="104.6187526">
      </trkpt>
      <trkpt lat="30.2241959" lon="104.6194205">
      </trkpt>
      <trkpt lat="30.2237949" lon="104.620024">
      </trkpt>
      <trkpt lat="30.223372" lon="104.6206993">
      </trkpt>
      <trkpt lat="30.2224781" lon="104.6226712">
      </trkpt>
      <trkpt lat="30.2214946" lon="104.6249418">
      </trkpt>
      <trkpt lat="30.2214742" lon="104.6249889">
      </trkpt>
      <trkpt lat="30.2213637" lon="104.6252441">
      </trkpt>
      <trkpt lat="30.2210022" lon="104.626075">
      </trkpt>
      <trkpt lat="30.2208539" lon="104.6264452">
      </trkpt>
      <trkpt lat="30.2206914" lon="104.6268262">
      </trkpt>
      <trkpt lat="30.2205804" lon="104.6271962">
      </trkpt>
      <trkpt lat="30.2205132" lon="104.6277326">
      </trkpt>
      <trkpt lat="30.2204946" lon="104.6281323">
      </trkpt>
      <trkpt lat="30.2205201" lon="104.6285159">
      </trkpt>
      <trkpt lat="30.2206322" lon="104.6292613">
      </trkpt>
      <trkpt lat="30.22087" lon="104.63049">
      </trkpt>
      <trkpt lat="30.2212803" lon="104.6319437">
      </trkpt>
      <trkpt lat="30.2213985" lon="104.6324533">
      </trkpt>
      <trkpt lat="30.2214472" lon="104.6327671">
      </trkpt>
      <trkpt lat="30.2214994" lon="104.6332588">
      </trkpt>
      <trkpt lat="30.221577" lon="104.6347493">
      </trkpt>
      <trkpt lat="30.22162" lon="104.63519">
      </trkpt>
      <trkpt lat="30.2217184" lon="104.6355996">
      </trkpt>
      <trkpt lat="30.2218111" lon="104.6358758">
      </trkpt>
      <trkpt lat="30.2218836" lon="104.6360821">
      </trkpt>
      <trkpt lat="30.2229756" lon="104.6383857">
      </trkpt>
      <trkpt lat="30.2231785" lon="104.6388423">
      </trkpt>
      <trkpt lat="30.2233059" lon="104.6392205">
      </trkpt>
      <trkpt lat="30.2233824" lon="104.6395424">
      </trkpt>
      <trkpt lat="30.2234242" lon="104.6399313">
      </trkpt>
      <trkpt lat="30.22345" lon="104.640667">
      </trkpt>
      <trkpt lat="30.22349" lon="104.64233">
      </trkpt>
      <trkpt lat="30.2236933" lon="104.6467482">
      </trkpt>
      <trkpt lat="30.2236652" lon="104.6474549">
      </trkpt>
      <trkpt lat="30.22353" lon="104.64814">
      </trkpt>
      <trkpt lat="30.22306" lon="104.64916">
      </trkpt>
      <trkpt lat="30.22206" lon="104.65011">
      </trkpt>
      <trkpt lat="30.21969" lon="104.65189">
      </trkpt>
      <trkpt lat="30.21747" lon="104.65361">
      </trkpt>
      <trkpt lat="30.21533" lon="104.65532">
      </trkpt>
      <trkpt lat="30.2138897" lon="104.6563704">
      </trkpt>
      <trkpt lat="30.2133339" lon="104.6569231">
      </trkpt>
      <trkpt lat="30.2131195" lon="104.6571927">
      </trkpt>
      <trkpt lat="30.2129062" lon="104.6575011">
      </trkpt>
      <trkpt lat="30.2127533" lon="104.6577586">
      </trkpt>
      <trkpt lat="30.2126084" lon="104.6580521">
      </trkpt>
      <trkpt lat="30.2123743" lon="104.658629">
      </trkpt>
      <trkpt lat="30.2117459" lon="104.6602539">
      </trkpt>
      <trkpt lat="30.211636" lon="104.6604945">
      </trkpt>
      <trkpt lat="30.2114877" lon="104.6607694">
      </trkpt>
      <trkpt lat="30.2112779" lon="104.6610926">
      </trkpt>
      <trkpt lat="30.211009" lon="104.6614035">
      </trkpt>
      <trkpt lat="30.2108433" lon="104.6615781">
      </trkpt>
      <trkpt lat="30.2106683" lon="104.6617109">
      </trkpt>
      <trkpt lat="30.21036" lon="104.6619496">
      </trkpt>
      <trkpt lat="30.2101016" lon="104.6621226">
      </trkpt>
      <trkpt lat="30.2097734" lon="104.662286">
      </trkpt>
      <trkpt lat="30.2090929" lon="104.662583">
      </trkpt>
      <trkpt lat="30.2088877" lon="104.6626767">
      </trkpt>
      <trkpt lat="30.2074846" lon="104.6633336">
      </trkpt>
      <trkpt lat="30.2067904" lon="104.6636192">
      </trkpt>
      <trkpt lat="30.2063532" lon="104.6637744">
      </trkpt>
      <trkpt lat="30.2058643" lon="104.6639049">
      </trkpt>
      <trkpt lat="30.2056163" lon="104.6639746">
      </trkpt>
      <trkpt lat="30.2053404" lon="104.6640376">
      </trkpt>
      <trkpt lat="30.2050275" lon="104.6640846">
      </trkpt>
      <trkpt lat="30.2047551" lon="104.6641248">
      </trkpt>
      <trkpt lat="30.2041726" lon="104.6642007">
      </trkpt>
      <trkpt lat="30.2012531" lon="104.664557">
      </trkpt>
      <trkpt lat="30.2008885" lon="104.6646015">
      </trkpt>
      <trkpt lat="30.1984152" lon="104.6649381">
      </trkpt>
      <trkpt lat="30.1961047" lon="104.6652293">
      </trkpt>
      <trkpt lat="30.1937982" lon="104.6655142">
      </trkpt>
      <trkpt lat="30.1934088" lon="104.6655598">
      </trkpt>
      <trkpt lat="30.1930031" lon="104.6656349">
      </trkpt>
      <trkpt lat="30.19243" lon="104.66577">
      </trkpt>
      <trkpt lat="30.19023" lon="104.66658">
      </trkpt>
      <trkpt lat="30.18709" lon="104.66782">
      </trkpt>
      <trkpt lat="30.1844322" lon="104.6688319">
      </trkpt>
      <trkpt lat="30.184009" lon="104.6689103">
      </trkpt>
      <trkpt lat="30.1835366" lon="104.6689117">
      </trkpt>
      <trkpt lat="30.1832285" lon="104.6688804">
      </trkpt>
      <trkpt lat="30.1828784" lon="104.6687973">
      </trkpt>
      <trkpt lat="30.182206" lon="104.6685773">
      </trkpt>
      <trkpt lat="30.1817084" lon="104.668455">
      </trkpt>
      <trkpt lat="30.1813991" lon="104.6683922">
      </trkpt>
      <trkpt lat="30.1810792" lon="104.6683734">
      </trkpt>
      <trkpt lat="30.1807917" lon="104.6683869">
      </trkpt>
      <trkpt lat="30.1804699" lon="104.6684266">
      </trkpt>
      <trkpt lat="30.17899" lon="104.66887">
      </trkpt>
      <trkpt lat="30.17715" lon="104.66947">
      </trkpt>
      <trkpt lat="30.1768546" lon="104.6695992">
      </trkpt>
      <trkpt lat="30.1764534" lon="104.6698245">
      </trkpt>
      <trkpt lat="30.17621" lon="104.6699962">
      </trkpt>
      <trkpt lat="30.1759194" lon="104.6702573">
      </trkpt>
      <trkpt lat="30.1756975" lon="104.6704978">
      </trkpt>
      <trkpt lat="30.174983" lon="104.6714144">
      </trkpt>
      <trkpt lat="30.17389" lon="104.67277">
      </trkpt>
      <trkpt lat="30.1729304" lon="104.6740035">
      </trkpt>
      <trkpt lat="30.17256" lon="104.67448">
      </trkpt>
      <trkpt lat="30.17132" lon="104.6761">
      </trkpt>
      <trkpt lat="30.1704941" lon="104.6771228">
      </trkpt>
      <trkpt lat="30.1701394" lon="104.6775681">
      </trkpt>
      <trkpt lat="30.1698067" lon="104.6779588">
      </trkpt>
      <trkpt lat="30.1691979" lon="104.6785873">
      </trkpt>
      <trkpt lat="30.16839" lon="104.67938">
      </trkpt>
      <trkpt lat="30.1673474" lon="104.6804069">
      </trkpt>
      <trkpt lat="30.1665222" lon="104.6812058">
      </trkpt>
      <trkpt lat="30.1646319" lon="104.6829915">
      </trkpt>
      <trkpt lat="30.1642469" lon="104.683308">
      </trkpt>
      <trkpt lat="30.1637414" lon="104.6836138">
      </trkpt>
      <trkpt lat="30.1633889" lon="104.6837425">
      </trkpt>
      <trkpt lat="30.1628741" lon="104.6838283">
      </trkpt>
      <trkpt lat="30.1623221" lon="104.683823">
      </trkpt>
      <trkpt lat="30.1610188" lon="104.6836191">
      </trkpt>
      <trkpt lat="30.1603045" lon="104.6834582">
      </trkpt>
      <trkpt lat="30.1596552" lon="104.6832597">
      </trkpt>
      <trkpt lat="30.1591032" lon="104.683013">
      </trkpt>
      <trkpt lat="30.1586023" lon="104.6827447">
      </trkpt>
      <trkpt lat="30.1574659" lon="104.6820581">
      </trkpt>
      <trkpt lat="30.1560419" lon="104.6810925">
      </trkpt>
      <trkpt lat="30.1551978" lon="104.6805131">
      </trkpt>
      <trkpt lat="30.1545716" lon="104.6799821">
      </trkpt>
      <trkpt lat="30.1539222" lon="104.6792525">
      </trkpt>
      <trkpt lat="30.1533145" lon="104.678421">
      </trkpt>
      <trkpt lat="30.1524286" lon="104.6771979">
      </trkpt>
      <trkpt lat="30.1518163" lon="104.676404">
      </trkpt>
      <trkpt lat="30.1506241" lon="104.6749878">
      </trkpt>
      <trkpt lat="30.1502252" lon="104.6745211">
      </trkpt>
      <trkpt lat="30.149882" lon="104.6741563">
      </trkpt>
      <trkpt lat="30.1495248" lon="104.6738398">
      </trkpt>
      <trkpt lat="30.1490702" lon="104.6734965">
      </trkpt>
      <trkpt lat="30.1485228" lon="104.6731746">
      </trkpt>
      <trkpt lat="30.1481888" lon="104.6730405">
      </trkpt>
      <trkpt lat="30.1471451" lon="104.6726167">
      </trkpt>
      <trkpt lat="30.1466255" lon="104.6723592">
      </trkpt>
      <trkpt lat="30.1461014" lon="104.6720213">
      </trkpt>
      <trkpt lat="30.1448952" lon="104.6712649">
      </trkpt>
      <trkpt lat="30.1444453" lon="104.6710181">
      </trkpt>
      <trkpt lat="30.1416081" lon="104.6695698">
      </trkpt>
      <trkpt lat="30.1410913" lon="104.6693176">
      </trkpt>
      <trkpt lat="30.1406088" lon="104.6689957">
      </trkpt>
      <trkpt lat="30.1395" lon="104.66807">
      </trkpt>
      <trkpt lat="30.13757" lon="104.66651">
      </trkpt>
      <trkpt lat="30.1367704" lon="104.66573">
      </trkpt>
      <trkpt lat="30.1364567" lon="104.6654552">
      </trkpt>
      <trkpt lat="30.1361237" lon="104.665253">
      </trkpt>
      <trkpt lat="30.13466" lon="104.66482">
      </trkpt>
      <trkpt lat="30.133716" lon="104.6645886">
      </trkpt>
      <trkpt lat="30.1334586" lon="104.6645123">
      </trkpt>
      <trkpt lat="30.13318" lon="104.66443">
      </trkpt>
      <trkpt lat="30.1321348" lon="104.6641649">
      </trkpt>
      <trkpt lat="30.1311628" lon="104.6638888">
      </trkpt>
      <trkpt lat="30.1306062" lon="104.6636518">
      </trkpt>
      <trkpt lat="30.12992" lon="104.66327">
      </trkpt>
      <trkpt lat="30.1297009" lon="104.6631204">
      </trkpt>
      <trkpt lat="30.1293984" lon="104.662884">
      </trkpt>
      <trkpt lat="30.1290693" lon="104.6625792">
      </trkpt>
      <trkpt lat="30.1285624" lon="104.6620398">
      </trkpt>
      <trkpt lat="30.1282154" lon="104.6615911">
      </trkpt>
      <trkpt lat="30.127855" lon="104.6610194">
      </trkpt>
      <trkpt lat="30.127625" lon="104.6605746">
      </trkpt>
      <trkpt lat="30.1275041" lon="104.660301">
      </trkpt>
      <trkpt lat="30.1273638" lon="104.6599281">
      </trkpt>
      <trkpt lat="30.1271556" lon="104.6593174">
      </trkpt>
      <trkpt lat="30.1270071" lon="104.6586985">
      </trkpt>
      <trkpt lat="30.1269398" lon="104.6583157">
      </trkpt>
      <trkpt lat="30.1269128" lon="104.6580531">
      </trkpt>
      <trkpt lat="30.1268757" lon="104.6576922">
      </trkpt>
      <trkpt lat="30.1268664" lon="104.6573136">
      </trkpt>
      <trkpt lat="30.1268831" lon="104.6566771">
      </trkpt>
      <trkpt lat="30.1269264" lon="104.6561765">
      </trkpt>
      <trkpt lat="30.126996" lon="104.6555626">
      </trkpt>
      <trkpt lat="30.1270425" lon="104.6551532">
      </trkpt>
      <trkpt lat="30.1270617" lon="104.654983">
      </trkpt>
      <trkpt lat="30.1271162" lon="104.6545008">
      </trkpt>
      <trkpt lat="30.1273457" lon="104.6523813">
      </trkpt>
      <trkpt lat="30.12754" lon="104.65068">
      </trkpt>
      <trkpt lat="30.1277432" lon="104.6488947">
      </trkpt>
      <trkpt lat="30.1279794" lon="104.6469339">
      </trkpt>
      <trkpt lat="30.1281464" lon="104.6454759">
      </trkpt>
      <trkpt lat="30.1284174" lon="104.6431297">
      </trkpt>
      <trkpt lat="30.1284826" lon="104.6425772">
      </trkpt>
      <trkpt lat="30.1285191" lon="104.6422672">
      </trkpt>
      <trkpt lat="30.1286267" lon="104.6413792">
      </trkpt>
      <trkpt lat="30.1286612" lon="104.6409899">
      </trkpt>
      <trkpt lat="30.1286656" lon="104.6404857">
      </trkpt>
      <trkpt lat="30.1286386" lon="104.6399789">
      </trkpt>
      <trkpt lat="30.1285303" lon="104.6392916">
      </trkpt>
      <trkpt lat="30.1284014" lon="104.6387048">
      </trkpt>
      <trkpt lat="30.128291" lon="104.6383864">
      </trkpt>
      <trkpt lat="30.1281788" lon="104.6380874">
      </trkpt>
      <trkpt lat="30.1279069" lon="104.6375139">
      </trkpt>
      <trkpt lat="30.1277379" lon="104.6372294">
      </trkpt>
      <trkpt lat="30.12737" lon="104.63661">
      </trkpt>
      <trkpt lat="30.1262618" lon="104.6353648">
      </trkpt>
      <trkpt lat="30.1256767" lon="104.6346151">
      </trkpt>
      <trkpt lat="30.1243562" lon="104.6329234">
      </trkpt>
      <trkpt lat="30.1233697" lon="104.6317276">
      </trkpt>
      <trkpt lat="30.123023" lon="104.6314316">
      </trkpt>
      <trkpt lat="30.1227158" lon="104.6311748">
      </trkpt>
      <trkpt lat="30.1219614" lon="104.6306371">
      </trkpt>
      <trkpt lat="30.12127" lon="104.63033">
      </trkpt>
      <trkpt lat="30.1205668" lon="104.6301771">
      </trkpt>
      <trkpt lat="30.1192048" lon="104.6301766">
      </trkpt>
      <trkpt lat="30.1186691" lon="104.6302244">
      </trkpt>
      <trkpt lat="30.1177572" lon="104.6302728">
      </trkpt>
      <trkpt lat="30.1171039" lon="104.6304765">
      </trkpt>
      <trkpt lat="30.11639" lon="104.6308">
      </trkpt>
      <trkpt lat="30.11525" lon="104.63179">
      </trkpt>
      <trkpt lat="30.11421" lon="104.63338">
      </trkpt>
      <trkpt lat="30.11275" lon="104.63554">
      </trkpt>
      <trkpt lat="30.11165" lon="104.63678">
      </trkpt>
      <trkpt lat="30.10968" lon="104.63868">
      </trkpt>
      <trkpt lat="30.1085908" lon="104.6396871">
      </trkpt>
      <trkpt lat="30.108127" lon="104.6400145">
      </trkpt>
      <trkpt lat="30.10666" lon="104.64105">
      </trkpt>
      <trkpt lat="30.10559" lon="104.64227">
      </trkpt>
      <trkpt lat="30.1041" lon="104.64404">
      </trkpt>
      <trkpt lat="30.10164" lon="104.64632">
      </trkpt>
      <trkpt lat="30.09983" lon="104.64783">
      </trkpt>
      <trkpt lat="30.09809" lon="104.64867">
      </trkpt>
      <trkpt lat="30.09592" lon="104.64949">
      </trkpt>
      <trkpt lat="30.09422" lon="104.6506">
      </trkpt>
      <trkpt lat="30.0925565" lon="104.6516834">
      </trkpt>
      <trkpt lat="30.0920397" lon="104.651801">
      </trkpt>
      <trkpt lat="30.0916075" lon="104.6518457">
      </trkpt>
      <trkpt lat="30.0911944" lon="104.6518296">
      </trkpt>
      <trkpt lat="30.0907526" lon="104.6517488">
      </trkpt>
      <trkpt lat="30.08983" lon="104.65136">
      </trkpt>
      <trkpt lat="30.08743" lon="104.64991">
      </trkpt>
      <trkpt lat="30.0865157" lon="104.6494612">
      </trkpt>
      <trkpt lat="30.0855758" lon="104.6490706">
      </trkpt>
      <trkpt lat="30.0849352" lon="104.6488658">
      </trkpt>
      <trkpt lat="30.0839451" lon="104.6484973">
      </trkpt>
      <trkpt lat="30.0814605" lon="104.6475794">
      </trkpt>
      <trkpt lat="30.0812009" lon="104.6474843">
      </trkpt>
      <trkpt lat="30.0810733" lon="104.6474334">
      </trkpt>
      <trkpt lat="30.0806324" lon="104.6472577">
      </trkpt>
      <trkpt lat="30.0805474" lon="104.6472257">
      </trkpt>
      <trkpt lat="30.0799196" lon="104.6469896">
      </trkpt>
      <trkpt lat="30.0792616" lon="104.6466717">
      </trkpt>
      <trkpt lat="30.0788247" lon="104.6464223">
      </trkpt>
      <trkpt lat="30.0781673" lon="104.6459904">
      </trkpt>
      <trkpt lat="30.077426" lon="104.6455189">
      </trkpt>
      <trkpt lat="30.0759281" lon="104.6445705">
      </trkpt>
      <trkpt lat="30.0741693" lon="104.6434432">
      </trkpt>
      <trkpt lat="30.0736789" lon="104.6431358">
      </trkpt>
      <trkpt lat="30.0730811" lon="104.6427507">
      </trkpt>
      <trkpt lat="30.0725305" lon="104.6423882">
      </trkpt>
      <trkpt lat="30.0719643" lon="104.6420344">
      </trkpt>
      <trkpt lat="30.0715985" lon="104.6418236">
      </trkpt>
      <trkpt lat="30.0713896" lon="104.6417472">
      </trkpt>
      <trkpt lat="30.0711981" lon="104.6416922">
      </trkpt>
      <trkpt lat="30.0709318" lon="104.6416285">
      </trkpt>
      <trkpt lat="30.0706585" lon="104.6415715">
      </trkpt>
      <trkpt lat="30.0704252" lon="104.641542">
      </trkpt>
      <trkpt lat="30.0701861" lon="104.641546">
      </trkpt>
      <trkpt lat="30.0700167" lon="104.6415514">
      </trkpt>
      <trkpt lat="30.0698071" lon="104.6415842">
      </trkpt>
      <trkpt lat="30.0689102" lon="104.6418045">
      </trkpt>
      <trkpt lat="30.068343" lon="104.6419363">
      </trkpt>
      <trkpt lat="30.068109" lon="104.6419794">
      </trkpt>
      <trkpt lat="30.0679159" lon="104.641998">
      </trkpt>
      <trkpt lat="30.0676942" lon="104.6420033">
      </trkpt>
      <trkpt lat="30.0674598" lon="104.6419846">
      </trkpt>
      <trkpt lat="30.0672346" lon="104.6419483">
      </trkpt>
      <trkpt lat="30.0670188" lon="104.6418921">
      </trkpt>
      <trkpt lat="30.0667901" lon="104.6418156">
      </trkpt>
      <trkpt lat="30.0665951" lon="104.641723">
      </trkpt>
      <trkpt lat="30.0663781" lon="104.641605">
      </trkpt>
      <trkpt lat="30.0661527" lon="104.6414619">
      </trkpt>
      <trkpt lat="30.0651478" lon="104.640744">
      </trkpt>
      <trkpt lat="30.0650027" lon="104.6406555">
      </trkpt>
      <trkpt lat="30.0648286" lon="104.640567">
      </trkpt>
      <trkpt lat="30.0645091" lon="104.640427">
      </trkpt>
      <trkpt lat="30.0642761" lon="104.6403605">
      </trkpt>
      <trkpt lat="30.0640463" lon="104.6403283">
      </trkpt>
      <trkpt lat="30.0637724" lon="104.6403256">
      </trkpt>
      <trkpt lat="30.0635301" lon="104.6403371">
      </trkpt>
      <trkpt lat="30.0633023" lon="104.6403779">
      </trkpt>
      <trkpt lat="30.0630168" lon="104.6404611">
      </trkpt>
      <trkpt lat="30.0625711" lon="104.6406233">
      </trkpt>
      <trkpt lat="30.0589871" lon="104.6420629">
      </trkpt>
      <trkpt lat="30.0583553" lon="104.6423614">
      </trkpt>
      <trkpt lat="30.05763" lon="104.64302">
      </trkpt>
      <trkpt lat="30.05637" lon="104.64441">
      </trkpt>
      <trkpt lat="30.0558029" lon="104.6454938">
      </trkpt>
      <trkpt lat="30.0555648" lon="104.6463418">
      </trkpt>
      <trkpt lat="30.0554779" lon="104.6474444">
      </trkpt>
      <trkpt lat="30.0553696" lon="104.6513708">
      </trkpt>
      <trkpt lat="30.0552979" lon="104.6522588">
      </trkpt>
      <trkpt lat="30.0551052" lon="104.6528274">
      </trkpt>
      <trkpt lat="30.0548912" lon="104.6533594">
      </trkpt>
      <trkpt lat="30.0544783" lon="104.6538788">
      </trkpt>
      <trkpt lat="30.0537046" lon="104.6544723">
      </trkpt>
      <trkpt lat="30.05314" lon="104.65468">
      </trkpt>
      <trkpt lat="30.0516" lon="104.6547">
      </trkpt>
      <trkpt lat="30.04984" lon="104.65481">
      </trkpt>
      <trkpt lat="30.04787" lon="104.655">
      </trkpt>
      <trkpt lat="30.04666" lon="104.65544">
      </trkpt>
      <trkpt lat="30.04578" lon="104.6563">
      </trkpt>
      <trkpt lat="30.04527" lon="104.65752">
      </trkpt>
      <trkpt lat="30.045186" lon="104.6585866">
      </trkpt>
      <trkpt lat="30.04516" lon="104.6589">
      </trkpt>
      <trkpt lat="30.04511" lon="104.66161">
      </trkpt>
      <trkpt lat="30.0451173" lon="104.6632182">
      </trkpt>
      <trkpt lat="30.0449349" lon="104.6639422">
      </trkpt>
      <trkpt lat="30.04486" lon="104.66427">
      </trkpt>
      <trkpt lat="30.04408" lon="104.66596">
      </trkpt>
      <trkpt lat="30.04301" lon="104.66719">
      </trkpt>
      <trkpt lat="30.04162" lon="104.66808">
      </trkpt>
      <trkpt lat="30.04021" lon="104.66837">
      </trkpt>
      <trkpt lat="30.03841" lon="104.66849">
      </trkpt>
      <trkpt lat="30.03713" lon="104.66882">
      </trkpt>
      <trkpt lat="30.03607" lon="104.66969">
      </trkpt>
      <trkpt lat="30.03443" lon="104.67125">
      </trkpt>
      <trkpt lat="30.03277" lon="104.67247">
      </trkpt>
      <trkpt lat="30.03263" lon="104.67252">
      </trkpt>
      <trkpt lat="30.03137" lon="104.67253">
      </trkpt>
      <trkpt lat="30.03019" lon="104.6721">
      </trkpt>
      <trkpt lat="30.02903" lon="104.6713">
      </trkpt>
      <trkpt lat="30.0273512" lon="104.6700923">
      </trkpt>
      <trkpt lat="30.02628" lon="104.66956">
      </trkpt>
      <trkpt lat="30.0248" lon="104.66914">
      </trkpt>
      <trkpt lat="30.02299" lon="104.66859">
      </trkpt>
      <trkpt lat="30.02161" lon="104.66799">
      </trkpt>
      <trkpt lat="30.02069" lon="104.66706">
      </trkpt>
      <trkpt lat="30.01999" lon="104.66588">
      </trkpt>
      <trkpt lat="30.01933" lon="104.66389">
      </trkpt>
      <trkpt lat="30.0186" lon="104.66252">
      </trkpt>
      <trkpt lat="30.01732" lon="104.66128">
      </trkpt>
      <trkpt lat="30.01547" lon="104.66007">
      </trkpt>
      <trkpt lat="30.01414" lon="104.65976">
      </trkpt>
      <trkpt lat="30.01275" lon="104.66">
      </trkpt>
      <trkpt lat="30.0115755" lon="104.6605334">
      </trkpt>
      <trkpt lat="30.0104049" lon="104.6610081">
      </trkpt>
      <trkpt lat="30.009954" lon="104.6611607">
      </trkpt>
      <trkpt lat="30.0096105" lon="104.661212">
      </trkpt>
      <trkpt lat="30.0094108" lon="104.6612334">
      </trkpt>
      <trkpt lat="30.0089253" lon="104.6612254">
      </trkpt>
      <trkpt lat="30.0080557" lon="104.6611834">
      </trkpt>
      <trkpt lat="30.0076499" lon="104.6611488">
      </trkpt>
      <trkpt lat="30.00579" lon="104.66099">
      </trkpt>
      <trkpt lat="30.0041151" lon="104.6608895">
      </trkpt>
      <trkpt lat="30.00121" lon="104.66069">
      </trkpt>
      <trkpt lat="30.0001369" lon="104.6606082">
      </trkpt>
      <trkpt lat="29.9996613" lon="104.6605891">
      </trkpt>
      <trkpt lat="29.9993149" lon="104.6605642">
      </trkpt>
      <trkpt lat="29.9990786" lon="104.6605501">
      </trkpt>
      <trkpt lat="29.9987795" lon="104.6605052">
      </trkpt>
      <trkpt lat="29.9985205" lon="104.6604475">
      </trkpt>
      <trkpt lat="29.9981686" lon="104.6603416">
      </trkpt>
      <trkpt lat="29.9979316" lon="104.660237">
      </trkpt>
      <trkpt lat="29.9977244" lon="104.660126">
      </trkpt>
      <trkpt lat="29.9975449" lon="104.6600144">
      </trkpt>
      <trkpt lat="29.9973706" lon="104.6598963">
      </trkpt>
      <trkpt lat="29.9971964" lon="104.6597542">
      </trkpt>
      <trkpt lat="29.9968828" lon="104.6594511">
      </trkpt>
      <trkpt lat="29.9966274" lon="104.6591445">
      </trkpt>
      <trkpt lat="29.9964415" lon="104.6588543">
      </trkpt>
      <trkpt lat="29.9962603" lon="104.6585204">
      </trkpt>
      <trkpt lat="29.9961279" lon="104.6582293">
      </trkpt>
      <trkpt lat="29.995992" lon="104.6578673">
      </trkpt>
      <trkpt lat="29.9957489" lon="104.6570902">
      </trkpt>
      <trkpt lat="29.9952261" lon="104.6554474">
      </trkpt>
      <trkpt lat="29.99439" lon="104.65273">
      </trkpt>
      <trkpt lat="29.99349" lon="104.64985">
      </trkpt>
      <trkpt lat="29.9933483" lon="104.6493523">
      </trkpt>
      <trkpt lat="29.9931936" lon="104.6486505">
      </trkpt>
      <trkpt lat="29.9931637" lon="104.6482784">
      </trkpt>
      <trkpt lat="29.9931454" lon="104.6478861">
      </trkpt>
      <trkpt lat="29.9931463" lon="104.6475126">
      </trkpt>
      <trkpt lat="29.9931591" lon="104.6471491">
      </trkpt>
      <trkpt lat="29.9931701" lon="104.6467666">
      </trkpt>
      <trkpt lat="29.993193" lon="104.6458955">
      </trkpt>
      <trkpt lat="29.9931812" lon="104.6456712">
      </trkpt>
      <trkpt lat="29.993151" lon="104.6454124">
      </trkpt>
      <trkpt lat="29.9930926" lon="104.6450666">
      </trkpt>
      <trkpt lat="29.993022" lon="104.6447727">
      </trkpt>
      <trkpt lat="29.9929266" lon="104.6444823">
      </trkpt>
      <trkpt lat="29.9928257" lon="104.6442389">
      </trkpt>
      <trkpt lat="29.9927142" lon="104.6440123">
      </trkpt>
      <trkpt lat="29.992571" lon="104.643766">
      </trkpt>
      <trkpt lat="29.9924146" lon="104.6435161">
      </trkpt>
      <trkpt lat="29.9922482" lon="104.6433016">
      </trkpt>
      <trkpt lat="29.9920367" lon="104.6430594">
      </trkpt>
      <trkpt lat="29.9918675" lon="104.6428899">
      </trkpt>
      <trkpt lat="29.9917467" lon="104.6427745">
      </trkpt>
      <trkpt lat="29.991598" lon="104.6426645">
      </trkpt>
      <trkpt lat="29.991325" lon="104.6424616">
      </trkpt>
      <trkpt lat="29.9911183" lon="104.6423399">
      </trkpt>
      <trkpt lat="29.9907662" lon="104.6422081">
      </trkpt>
      <trkpt lat="29.9903956" lon="104.6421042">
      </trkpt>
      <trkpt lat="29.9900598" lon="104.6420585">
      </trkpt>
      <trkpt lat="29.9897715" lon="104.6420351">
      </trkpt>
      <trkpt lat="29.9891918" lon="104.6421081">
      </trkpt>
      <trkpt lat="29.9867439" lon="104.6424848">
      </trkpt>
      <trkpt lat="29.9855197" lon="104.6427107">
      </trkpt>
      <trkpt lat="29.9851223" lon="104.642812">
      </trkpt>
      <trkpt lat="29.9846951" lon="104.6429961">
      </trkpt>
      <trkpt lat="29.9840606" lon="104.6433055">
      </trkpt>
      <trkpt lat="29.9834774" lon="104.6435684">
      </trkpt>
      <trkpt lat="29.9827886" lon="104.6438234">
      </trkpt>
      <trkpt lat="29.9818256" lon="104.6440431">
      </trkpt>
      <trkpt lat="29.9813377" lon="104.6442041">
      </trkpt>
      <trkpt lat="29.980843" lon="104.6444346">
      </trkpt>
      <trkpt lat="29.9804153" lon="104.6447378">
      </trkpt>
      <trkpt lat="29.9801196" lon="104.645001">
      </trkpt>
      <trkpt lat="29.979906" lon="104.6452832">
      </trkpt>
      <trkpt lat="29.97973" lon="104.6455666">
      </trkpt>
      <trkpt lat="29.9795882" lon="104.6458456">
      </trkpt>
      <trkpt lat="29.9794581" lon="104.6461621">
      </trkpt>
      <trkpt lat="29.9793373" lon="104.6465539">
      </trkpt>
      <trkpt lat="29.97847" lon="104.64913">
      </trkpt>
      <trkpt lat="29.9781902" lon="104.6503823">
      </trkpt>
      <trkpt lat="29.9780261" lon="104.6507973">
      </trkpt>
      <trkpt lat="29.97785" lon="104.65104">
      </trkpt>
      <trkpt lat="29.976" lon="104.65321">
      </trkpt>
      <trkpt lat="29.97483" lon="104.654">
      </trkpt>
      <trkpt lat="29.97331" lon="104.65422">
      </trkpt>
      <trkpt lat="29.97068" lon="104.65452">
      </trkpt>
      <trkpt lat="29.96916" lon="104.65432">
      </trkpt>
      <trkpt lat="29.96796" lon="104.65365">
      </trkpt>
      <trkpt lat="29.9662586" lon="104.6523973">
      </trkpt>
      <trkpt lat="29.9654418" lon="104.651805">
      </trkpt>
      <trkpt lat="29.96346" lon="104.65034">
      </trkpt>
      <trkpt lat="29.9622453" lon="104.6494612">
      </trkpt>
      <trkpt lat="29.9617681" lon="104.64918">
      </trkpt>
      <trkpt lat="29.9614204" lon="104.6490696">
      </trkpt>
      <trkpt lat="29.9610672" lon="104.649016">
      </trkpt>
      <trkpt lat="29.9605515" lon="104.6490031">
      </trkpt>
      <trkpt lat="29.9600191" lon="104.6489999">
      </trkpt>
      <trkpt lat="29.95888" lon="104.6490163">
      </trkpt>
      <trkpt lat="29.9584157" lon="104.6489999">
      </trkpt>
      <trkpt lat="29.9578022" lon="104.6490052">
      </trkpt>
      <trkpt lat="29.9572914" lon="104.6491053">
      </trkpt>
      <trkpt lat="29.9555293" lon="104.6497127">
      </trkpt>
      <trkpt lat="29.9544" lon="104.65035">
      </trkpt>
      <trkpt lat="29.95293" lon="104.65195">
      </trkpt>
      <trkpt lat="29.9519669" lon="104.6528462">
      </trkpt>
      <trkpt lat="29.951088" lon="104.6534924">
      </trkpt>
      <trkpt lat="29.9499913" lon="104.6541272">
      </trkpt>
      <trkpt lat="29.9491248" lon="104.6546332">
      </trkpt>
      <trkpt lat="29.9488713" lon="104.65478">
      </trkpt>
      <trkpt lat="29.9478928" lon="104.655405">
      </trkpt>
      <trkpt lat="29.9473139" lon="104.6558176">
      </trkpt>
      <trkpt lat="29.9469539" lon="104.656105">
      </trkpt>
      <trkpt lat="29.9465774" lon="104.6564269">
      </trkpt>
      <trkpt lat="29.9463357" lon="104.6566683">
      </trkpt>
      <trkpt lat="29.9460405" lon="104.6569714">
      </trkpt>
      <trkpt lat="29.945613" lon="104.6574361">
      </trkpt>
      <trkpt lat="29.9450272" lon="104.6582025">
      </trkpt>
      <trkpt lat="29.9446739" lon="104.6587309">
      </trkpt>
      <trkpt lat="29.9443621" lon="104.6592692">
      </trkpt>
      <trkpt lat="29.9437117" lon="104.6606487">
      </trkpt>
      <trkpt lat="29.9429243" lon="104.6623269">
      </trkpt>
      <trkpt lat="29.9428093" lon="104.6625809">
      </trkpt>
      <trkpt lat="29.9427161" lon="104.6627869">
      </trkpt>
      <trkpt lat="29.9423521" lon="104.6635911">
      </trkpt>
      <trkpt lat="29.9421561" lon="104.6641962">
      </trkpt>
      <trkpt lat="29.9420616" lon="104.664613">
      </trkpt>
      <trkpt lat="29.9419941" lon="104.6650824">
      </trkpt>
      <trkpt lat="29.9419663" lon="104.6654552">
      </trkpt>
      <trkpt lat="29.9419929" lon="104.6660455">
      </trkpt>
      <trkpt lat="29.9420789" lon="104.6665812">
      </trkpt>
      <trkpt lat="29.942201" lon="104.6670645">
      </trkpt>
      <trkpt lat="29.9423622" lon="104.6675207">
      </trkpt>
      <trkpt lat="29.9425066" lon="104.667841">
      </trkpt>
      <trkpt lat="29.9426449" lon="104.6680999">
      </trkpt>
      <trkpt lat="29.9427948" lon="104.6683372">
      </trkpt>
      <trkpt lat="29.9430551" lon="104.6687128">
      </trkpt>
      <trkpt lat="29.9433782" lon="104.6690775">
      </trkpt>
      <trkpt lat="29.9436071" lon="104.6692827">
      </trkpt>
      <trkpt lat="29.9439961" lon="104.6696002">
      </trkpt>
      <trkpt lat="29.9452663" lon="104.6705635">
      </trkpt>
      <trkpt lat="29.9460033" lon="104.6711053">
      </trkpt>
      <trkpt lat="29.9462939" lon="104.6713413">
      </trkpt>
      <trkpt lat="29.9465627" lon="104.6715687">
      </trkpt>
      <trkpt lat="29.9467622" lon="104.6717691">
      </trkpt>
      <trkpt lat="29.9469028" lon="104.671918">
      </trkpt>
      <trkpt lat="29.9470422" lon="104.6720763">
      </trkpt>
      <trkpt lat="29.9472549" lon="104.6723445">
      </trkpt>
      <trkpt lat="29.9474931" lon="104.6726851">
      </trkpt>
      <trkpt lat="29.9476267" lon="104.672889">
      </trkpt>
      <trkpt lat="29.9477565" lon="104.6731163">
      </trkpt>
      <trkpt lat="29.9484704" lon="104.6744192">
      </trkpt>
      <trkpt lat="29.9486633" lon="104.6747518">
      </trkpt>
      <trkpt lat="29.9488236" lon="104.6749972">
      </trkpt>
      <trkpt lat="29.9490302" lon="104.6752282">
      </trkpt>
      <trkpt lat="29.949199" lon="104.6754035">
      </trkpt>
      <trkpt lat="29.9494383" lon="104.6756141">
      </trkpt>
      <trkpt lat="29.9496347" lon="104.6757522">
      </trkpt>
      <trkpt lat="29.9498578" lon="104.675889">
      </trkpt>
      <trkpt lat="29.950017" lon="104.6759755">
      </trkpt>
      <trkpt lat="29.9502762" lon="104.6760929">
      </trkpt>
      <trkpt lat="29.9505213" lon="104.6761787">
      </trkpt>
      <trkpt lat="29.9510837" lon="104.6763302">
      </trkpt>
      <trkpt lat="29.9519675" lon="104.6765434">
      </trkpt>
      <trkpt lat="29.9521911" lon="104.6766078">
      </trkpt>
      <trkpt lat="29.9524828" lon="104.6767178">
      </trkpt>
      <trkpt lat="29.9527907" lon="104.6768627">
      </trkpt>
      <trkpt lat="29.9530986" lon="104.6770115">
      </trkpt>
      <trkpt lat="29.9534" lon="104.67719">
      </trkpt>
      <trkpt lat="29.9538005" lon="104.6774688">
      </trkpt>
      <trkpt lat="29.9541735" lon="104.6777679">
      </trkpt>
      <trkpt lat="29.9543664" lon="104.6779449">
      </trkpt>
      <trkpt lat="29.9545358" lon="104.6781194">
      </trkpt>
      <trkpt lat="29.9548497" lon="104.6784478">
      </trkpt>
      <trkpt lat="29.9551983" lon="104.6789199">
      </trkpt>
      <trkpt lat="29.955411" lon="104.6792579">
      </trkpt>
      <trkpt lat="29.95561" lon="104.67963">
      </trkpt>
      <trkpt lat="29.9558769" lon="104.6801631">
      </trkpt>
      <trkpt lat="29.9560651" lon="104.6806312">
      </trkpt>
      <trkpt lat="29.9561733" lon="104.6810229">
      </trkpt>
      <trkpt lat="29.95627" lon="104.68135">
      </trkpt>
      <trkpt lat="29.95647" lon="104.68309">
      </trkpt>
      <trkpt lat="29.95626" lon="104.6852">
      </trkpt>
      <trkpt lat="29.9557237" lon="104.6864626">
      </trkpt>
      <trkpt lat="29.9554842" lon="104.6869062">
      </trkpt>
      <trkpt lat="29.955354" lon="104.6870993">
      </trkpt>
      <trkpt lat="29.95511" lon="104.6874145">
      </trkpt>
      <trkpt lat="29.9548461" lon="104.6876954">
      </trkpt>
      <trkpt lat="29.9545592" lon="104.6879308">
      </trkpt>
      <trkpt lat="29.9543338" lon="104.6880917">
      </trkpt>
      <trkpt lat="29.9540259" lon="104.6882674">
      </trkpt>
      <trkpt lat="29.9535637" lon="104.6884513">
      </trkpt>
      <trkpt lat="29.952561" lon="104.6887676">
      </trkpt>
      <trkpt lat="29.9519784" lon="104.6889556">
      </trkpt>
      <trkpt lat="29.9483784" lon="104.6900604">
      </trkpt>
      <trkpt lat="29.9453718" lon="104.6909732">
      </trkpt>
      <trkpt lat="29.9449522" lon="104.6911192">
      </trkpt>
      <trkpt lat="29.9442602" lon="104.6913305">
      </trkpt>
      <trkpt lat="29.9438907" lon="104.6914753">
      </trkpt>
      <trkpt lat="29.9436132" lon="104.6916436">
      </trkpt>
      <trkpt lat="29.9434642" lon="104.691761">
      </trkpt>
      <trkpt lat="29.943305" lon="104.6918803">
      </trkpt>
      <trkpt lat="29.9430517" lon="104.6921271">
      </trkpt>
      <trkpt lat="29.9428293" lon="104.6924045">
      </trkpt>
      <trkpt lat="29.9426775" lon="104.6926421">
      </trkpt>
      <trkpt lat="29.9425549" lon="104.6928727">
      </trkpt>
      <trkpt lat="29.9424265" lon="104.6931732">
      </trkpt>
      <trkpt lat="29.9422916" lon="104.6936023">
      </trkpt>
      <trkpt lat="29.9421137" lon="104.6941756">
      </trkpt>
      <trkpt lat="29.9408798" lon="104.6984283">
      </trkpt>
      <trkpt lat="29.9403165" lon="104.7002728">
      </trkpt>
      <trkpt lat="29.9401771" lon="104.7008491">
      </trkpt>
      <trkpt lat="29.9401185" lon="104.701319">
      </trkpt>
      <trkpt lat="29.9401293" lon="104.7017964">
      </trkpt>
      <trkpt lat="29.9403121" lon="104.7029601">
      </trkpt>
      <trkpt lat="29.9403567" lon="104.7034273">
      </trkpt>
      <trkpt lat="29.9403828" lon="104.7039704">
      </trkpt>
      <trkpt lat="29.9403535" lon="104.7044459">
      </trkpt>
      <trkpt lat="29.9402626" lon="104.704813">
      </trkpt>
      <trkpt lat="29.9401521" lon="104.7051649">
      </trkpt>
      <trkpt lat="29.9400003" lon="104.7055361">
      </trkpt>
      <trkpt lat="29.9397529" lon="104.7059819">
      </trkpt>
      <trkpt lat="29.9395104" lon="104.7063786">
      </trkpt>
      <trkpt lat="29.9393073" lon="104.706674">
      </trkpt>
      <trkpt lat="29.9383851" lon="104.7082034">
      </trkpt>
      <trkpt lat="29.9379034" lon="104.7089982">
      </trkpt>
      <trkpt lat="29.9373762" lon="104.7098012">
      </trkpt>
      <trkpt lat="29.9370295" lon="104.710224">
      </trkpt>
      <trkpt lat="29.9366928" lon="104.7105561">
      </trkpt>
      <trkpt lat="29.9362457" lon="104.7108327">
      </trkpt>
      <trkpt lat="29.9357042" lon="104.7110724">
      </trkpt>
      <trkpt lat="29.9351652" lon="104.7112313">
      </trkpt>
      <trkpt lat="29.9346749" lon="104.71127">
      </trkpt>
      <trkpt lat="29.9342603" lon="104.7112554">
      </trkpt>
      <trkpt lat="29.9334365" lon="104.7111353">
      </trkpt>
      <trkpt lat="29.9329802" lon="104.711089">
      </trkpt>
      <trkpt lat="29.9325713" lon="104.7111037">
      </trkpt>
      <trkpt lat="29.9321863" lon="104.7111826">
      </trkpt>
      <trkpt lat="29.93148" lon="104.7114248">
      </trkpt>
      <trkpt lat="29.9307665" lon="104.7116467">
      </trkpt>
      <trkpt lat="29.9296554" lon="104.7121534">
      </trkpt>
      <trkpt lat="29.928347" lon="104.7126785">
      </trkpt>
      <trkpt lat="29.9275111" lon="104.7131138">
      </trkpt>
      <trkpt lat="29.9266931" lon="104.7138728">
      </trkpt>
      <trkpt lat="29.92592" lon="104.71551">
      </trkpt>
      <trkpt lat="29.92522" lon="104.71754">
      </trkpt>
      <trkpt lat="29.92452" lon="104.7195">
      </trkpt>
      <trkpt lat="29.92396" lon="104.72168">
      </trkpt>
      <trkpt lat="29.9237" lon="104.72413">
      </trkpt>
      <trkpt lat="29.9234042" lon="104.7256234">
      </trkpt>
      <trkpt lat="29.923143" lon="104.7265425">
      </trkpt>
      <trkpt lat="29.9227763" lon="104.7275508">
      </trkpt>
      <trkpt lat="29.9223456" lon="104.7284254">
      </trkpt>
      <trkpt lat="29.92165" lon="104.72963">
      </trkpt>
      <trkpt lat="29.9207304" lon="104.7308676">
      </trkpt>
      <trkpt lat="29.9203417" lon="104.7313893">
      </trkpt>
      <trkpt lat="29.9199395" lon="104.7318104">
      </trkpt>
      <trkpt lat="29.919415" lon="104.7321371">
      </trkpt>
      <trkpt lat="29.9190966" lon="104.7322671">
      </trkpt>
      <trkpt lat="29.91864" lon="104.7323683">
      </trkpt>
      <trkpt lat="29.9182973" lon="104.7323932">
      </trkpt>
      <trkpt lat="29.917903" lon="104.7323656">
      </trkpt>
      <trkpt lat="29.9175842" lon="104.7322881">
      </trkpt>
      <trkpt lat="29.9171301" lon="104.7321075">
      </trkpt>
      <trkpt lat="29.916006" lon="104.7316816">
      </trkpt>
      <trkpt lat="29.9155806" lon="104.7314429">
      </trkpt>
      <trkpt lat="29.91507" lon="104.73104">
      </trkpt>
      <trkpt lat="29.9147659" lon="104.730749">
      </trkpt>
      <trkpt lat="29.9146446" lon="104.7306329">
      </trkpt>
      <trkpt lat="29.9142741" lon="104.7302643">
      </trkpt>
      <trkpt lat="29.9137574" lon="104.7297924">
      </trkpt>
      <trkpt lat="29.9131813" lon="104.7292891">
      </trkpt>
      <trkpt lat="29.9127396" lon="104.7289592">
      </trkpt>
      <trkpt lat="29.9119695" lon="104.7284531">
      </trkpt>
      <trkpt lat="29.909957" lon="104.7273454">
      </trkpt>
      <trkpt lat="29.9079509" lon="104.7262744">
      </trkpt>
      <trkpt lat="29.9078333" lon="104.7261861">
      </trkpt>
      <trkpt lat="29.9069295" lon="104.7256735">
      </trkpt>
      <trkpt lat="29.90637" lon="104.72527">
      </trkpt>
      <trkpt lat="29.906039" lon="104.7250164">
      </trkpt>
      <trkpt lat="29.9057228" lon="104.7246864">
      </trkpt>
      <trkpt lat="29.90517" lon="104.72402">
      </trkpt>
      <trkpt lat="29.90387" lon="104.72203">
      </trkpt>
      <trkpt lat="29.90289" lon="104.71962">
      </trkpt>
      <trkpt lat="29.902044" lon="104.7176336">
      </trkpt>
      <trkpt lat="29.9018282" lon="104.7172621">
      </trkpt>
      <trkpt lat="29.9015957" lon="104.7169617">
      </trkpt>
      <trkpt lat="29.90115" lon="104.71649">
      </trkpt>
      <trkpt lat="29.9005354" lon="104.716039">
      </trkpt>
      <trkpt lat="29.89988" lon="104.71565">
      </trkpt>
      <trkpt lat="29.899124" lon="104.7151807">
      </trkpt>
      <trkpt lat="29.898931" lon="104.7151029">
      </trkpt>
      <trkpt lat="29.8986307" lon="104.7150324">
      </trkpt>
      <trkpt lat="29.8982428" lon="104.7149903">
      </trkpt>
      <trkpt lat="29.8978498" lon="104.7150063">
      </trkpt>
      <trkpt lat="29.897401" lon="104.7151244">
      </trkpt>
      <trkpt lat="29.8970487" lon="104.7152883">
      </trkpt>
      <trkpt lat="29.8963467" lon="104.7156944">
      </trkpt>
      <trkpt lat="29.8956826" lon="104.7161597">
      </trkpt>
      <trkpt lat="29.8952059" lon="104.7165084">
      </trkpt>
      <trkpt lat="29.89482" lon="104.71684">
      </trkpt>
      <trkpt lat="29.894506" lon="104.7172058">
      </trkpt>
      <trkpt lat="29.8942828" lon="104.7175571">
      </trkpt>
      <trkpt lat="29.8940286" lon="104.7180222">
      </trkpt>
      <trkpt lat="29.8935042" lon="104.7194435">
      </trkpt>
      <trkpt lat="29.8933178" lon="104.7199014">
      </trkpt>
      <trkpt lat="29.8931062" lon="104.7202688">
      </trkpt>
      <trkpt lat="29.8927946" lon="104.7207114">
      </trkpt>
      <trkpt lat="29.8924969" lon="104.7211084">
      </trkpt>
      <trkpt lat="29.8921853" lon="104.7215134">
      </trkpt>
      <trkpt lat="29.8919528" lon="104.7218084">
      </trkpt>
      <trkpt lat="29.8917947" lon="104.7221008">
      </trkpt>
      <trkpt lat="29.891604" lon="104.7225997">
      </trkpt>
      <trkpt lat="29.8914993" lon="104.7229511">
      </trkpt>
      <trkpt lat="29.8914366" lon="104.7232783">
      </trkpt>
      <trkpt lat="29.8912947" lon="104.7250593">
      </trkpt>
      <trkpt lat="29.8912435" lon="104.725467">
      </trkpt>
      <trkpt lat="29.8911784" lon="104.7257942">
      </trkpt>
      <trkpt lat="29.8910831" lon="104.726159">
      </trkpt>
      <trkpt lat="29.8903366" lon="104.7291228">
      </trkpt>
      <trkpt lat="29.890139" lon="104.7298953">
      </trkpt>
      <trkpt lat="29.889946" lon="104.7309145">
      </trkpt>
      <trkpt lat="29.8897809" lon="104.7317192">
      </trkpt>
      <trkpt lat="29.889625" lon="104.7323602">
      </trkpt>
      <trkpt lat="29.8894204" lon="104.7330469">
      </trkpt>
      <trkpt lat="29.8892344" lon="104.733637">
      </trkpt>
      <trkpt lat="29.8889739" lon="104.7343183">
      </trkpt>
      <trkpt lat="29.8885181" lon="104.7355065">
      </trkpt>
      <trkpt lat="29.8879647" lon="104.7369146">
      </trkpt>
      <trkpt lat="29.8878042" lon="104.7373089">
      </trkpt>
      <trkpt lat="29.887581" lon="104.7377166">
      </trkpt>
      <trkpt lat="29.8873833" lon="104.7380224">
      </trkpt>
      <trkpt lat="29.8871763" lon="104.7383228">
      </trkpt>
      <trkpt lat="29.8869345" lon="104.7386393">
      </trkpt>
      <trkpt lat="29.8866717" lon="104.7389263">
      </trkpt>
      <trkpt lat="29.8863252" lon="104.7392374">
      </trkpt>
      <trkpt lat="29.8860508" lon="104.7394574">
      </trkpt>
      <trkpt lat="29.8857368" lon="104.7396827">
      </trkpt>
      <trkpt lat="29.8853345" lon="104.7399053">
      </trkpt>
      <trkpt lat="29.8849857" lon="104.7400528">
      </trkpt>
      <trkpt lat="29.8846159" lon="104.7401816">
      </trkpt>
      <trkpt lat="29.8829462" lon="104.7406724">
      </trkpt>
      <trkpt lat="29.882481" lon="104.7407985">
      </trkpt>
      <trkpt lat="29.8821299" lon="104.7408628">
      </trkpt>
      <trkpt lat="29.8816764" lon="104.7409058">
      </trkpt>
      <trkpt lat="29.8811778" lon="104.7408971">
      </trkpt>
      <trkpt lat="29.8805647" lon="104.740828">
      </trkpt>
      <trkpt lat="29.8795368" lon="104.7406724">
      </trkpt>
      <trkpt lat="29.8789554" lon="104.7405946">
      </trkpt>
      <trkpt lat="29.8768808" lon="104.7402728">
      </trkpt>
      <trkpt lat="29.8764296" lon="104.7402218">
      </trkpt>
      <trkpt lat="29.8760738" lon="104.7402057">
      </trkpt>
      <trkpt lat="29.8757854" lon="104.7402111">
      </trkpt>
      <trkpt lat="29.8754644" lon="104.740254">
      </trkpt>
      <trkpt lat="29.8751388" lon="104.7403318">
      </trkpt>
      <trkpt lat="29.8747155" lon="104.7404954">
      </trkpt>
      <trkpt lat="29.8705686" lon="104.7421986">
      </trkpt>
      <trkpt lat="29.8701127" lon="104.7424266">
      </trkpt>
      <trkpt lat="29.869801" lon="104.7426143">
      </trkpt>
      <trkpt lat="29.8695963" lon="104.7427618">
      </trkpt>
      <trkpt lat="29.8693893" lon="104.7429442">
      </trkpt>
      <trkpt lat="29.869173" lon="104.7431561">
      </trkpt>
      <trkpt lat="29.8688753" lon="104.7435048">
      </trkpt>
      <trkpt lat="29.8685008" lon="104.7439876">
      </trkpt>
      <trkpt lat="29.8680543" lon="104.7445831">
      </trkpt>
      <trkpt lat="29.8677496" lon="104.7450149">
      </trkpt>
      <trkpt lat="29.8675053" lon="104.7452778">
      </trkpt>
      <trkpt lat="29.8670983" lon="104.7456264">
      </trkpt>
      <trkpt lat="29.8667238" lon="104.7458813">
      </trkpt>
      <trkpt lat="29.8661655" lon="104.7461568">
      </trkpt>
      <trkpt lat="29.8657236" lon="104.7463265">
      </trkpt>
      <trkpt lat="29.8650119" lon="104.7466457">
      </trkpt>
      <trkpt lat="29.8642908" lon="104.7469702">
      </trkpt>
      <trkpt lat="29.8637884" lon="104.7471929">
      </trkpt>
      <trkpt lat="29.8633581" lon="104.7473511">
      </trkpt>
      <trkpt lat="29.8630975" lon="104.7474316">
      </trkpt>
      <trkpt lat="29.8628463" lon="104.7474718">
      </trkpt>
      <trkpt lat="29.8625137" lon="104.7475067">
      </trkpt>
      <trkpt lat="29.8622811" lon="104.7475255">
      </trkpt>
      <trkpt lat="29.8619648" lon="104.7475281">
      </trkpt>
      <trkpt lat="29.8616135" lon="104.7474986">
      </trkpt>
      <trkpt lat="29.8613414" lon="104.7474503">
      </trkpt>
      <trkpt lat="29.8609576" lon="104.7473404">
      </trkpt>
      <trkpt lat="29.8606272" lon="104.747217">
      </trkpt>
      <trkpt lat="29.8603435" lon="104.7470829">
      </trkpt>
      <trkpt lat="29.8600318" lon="104.7469193">
      </trkpt>
      <trkpt lat="29.8597852" lon="104.7467557">
      </trkpt>
      <trkpt lat="29.8595991" lon="104.7466189">
      </trkpt>
      <trkpt lat="29.8591757" lon="104.7462085">
      </trkpt>
      <trkpt lat="29.8589699" lon="104.7459751">
      </trkpt>
      <trkpt lat="29.858814" lon="104.7457699">
      </trkpt>
      <trkpt lat="29.8579173" lon="104.7445831">
      </trkpt>
      <trkpt lat="29.8576102" lon="104.7441968">
      </trkpt>
      <trkpt lat="29.8572962" lon="104.743832">
      </trkpt>
      <trkpt lat="29.857031" lon="104.743596">
      </trkpt>
      <trkpt lat="29.856703" lon="104.7433895">
      </trkpt>
      <trkpt lat="29.856489" lon="104.7432795">
      </trkpt>
      <trkpt lat="29.8561168" lon="104.7431293">
      </trkpt>
      <trkpt lat="29.8556236" lon="104.7430408">
      </trkpt>
      <trkpt lat="29.8551956" lon="104.7430301">
      </trkpt>
      <trkpt lat="29.8548397" lon="104.7430757">
      </trkpt>
      <trkpt lat="29.8544675" lon="104.7431642">
      </trkpt>
      <trkpt lat="29.8542232" lon="104.74325">
      </trkpt>
      <trkpt lat="29.8538952" lon="104.7434109">
      </trkpt>
      <trkpt lat="29.8536626" lon="104.7435558">
      </trkpt>
      <trkpt lat="29.8533672" lon="104.7437704">
      </trkpt>
      <trkpt lat="29.8531508" lon="104.7439796">
      </trkpt>
      <trkpt lat="29.8528973" lon="104.7442532">
      </trkpt>
      <trkpt lat="29.8526693" lon="104.7445455">
      </trkpt>
      <trkpt lat="29.8524483" lon="104.7449398">
      </trkpt>
      <trkpt lat="29.852318" lon="104.7452563">
      </trkpt>
      <trkpt lat="29.8521877" lon="104.7456238">
      </trkpt>
      <trkpt lat="29.85209" lon="104.7460046">
      </trkpt>
      <trkpt lat="29.8520412" lon="104.7462916">
      </trkpt>
      <trkpt lat="29.8520223" lon="104.7466922">
      </trkpt>
      <trkpt lat="29.85196" lon="104.74773">
      </trkpt>
      <trkpt lat="29.8519407" lon="104.7480874">
      </trkpt>
      <trkpt lat="29.8518737" lon="104.7487941">
      </trkpt>
      <trkpt lat="29.8517737" lon="104.749403">
      </trkpt>
      <trkpt lat="29.8516269" lon="104.7500152">
      </trkpt>
      <trkpt lat="29.8514891" lon="104.7503913">
      </trkpt>
      <trkpt lat="29.8513272" lon="104.7507484">
      </trkpt>
      <trkpt lat="29.8511642" lon="104.7510425">
      </trkpt>
      <trkpt lat="29.8509983" lon="104.7512919">
      </trkpt>
      <trkpt lat="29.8507648" lon="104.7516154">
      </trkpt>
      <trkpt lat="29.8496358" lon="104.7529995">
      </trkpt>
      <trkpt lat="29.848707" lon="104.7541241">
      </trkpt>
      <trkpt lat="29.8482938" lon="104.7546197">
      </trkpt>
      <trkpt lat="29.8481448" lon="104.7547999">
      </trkpt>
      <trkpt lat="29.847908" lon="104.7550869">
      </trkpt>
      <trkpt lat="29.847042" lon="104.7561364">
      </trkpt>
      <trkpt lat="29.8458119" lon="104.7576324">
      </trkpt>
      <trkpt lat="29.8455103" lon="104.7580162">
      </trkpt>
      <trkpt lat="29.8450228" lon="104.7586993">
      </trkpt>
      <trkpt lat="29.8448292" lon="104.7589925">
      </trkpt>
      <trkpt lat="29.8446515" lon="104.7592916">
      </trkpt>
      <trkpt lat="29.8444949" lon="104.7595809">
      </trkpt>
      <trkpt lat="29.844297" lon="104.7599749">
      </trkpt>
      <trkpt lat="29.8440973" lon="104.7604036">
      </trkpt>
      <trkpt lat="29.843944" lon="104.7607743">
      </trkpt>
      <trkpt lat="29.8437908" lon="104.7611775">
      </trkpt>
      <trkpt lat="29.8436169" lon="104.7616852">
      </trkpt>
      <trkpt lat="29.8434634" lon="104.7622051">
      </trkpt>
      <trkpt lat="29.8431102" lon="104.7637436">
      </trkpt>
      <trkpt lat="29.8430507" lon="104.7640116">
      </trkpt>
      <trkpt lat="29.8429768" lon="104.7643859">
      </trkpt>
      <trkpt lat="29.8429259" lon="104.7647767">
      </trkpt>
      <trkpt lat="29.8429047" lon="104.7650115">
      </trkpt>
      <trkpt lat="29.8429039" lon="104.7652761">
      </trkpt>
      <trkpt lat="29.8429144" lon="104.765548">
      </trkpt>
      <trkpt lat="29.8429416" lon="104.7658326">
      </trkpt>
      <trkpt lat="29.8429652" lon="104.7660356">
      </trkpt>
      <trkpt lat="29.8430038" lon="104.7662495">
      </trkpt>
      <trkpt lat="29.8431296" lon="104.7668352">
      </trkpt>
      <trkpt lat="29.8432226" lon="104.7672629">
      </trkpt>
      <trkpt lat="29.8432923" lon="104.7675839">
      </trkpt>
      <trkpt lat="29.843391" lon="104.7681157">
      </trkpt>
      <trkpt lat="29.8434399" lon="104.7684799">
      </trkpt>
      <trkpt lat="29.8434657" lon="104.7687392">
      </trkpt>
      <trkpt lat="29.8434797" lon="104.7690465">
      </trkpt>
      <trkpt lat="29.8434841" lon="104.7692874">
      </trkpt>
      <trkpt lat="29.8434794" lon="104.769525">
      </trkpt>
      <trkpt lat="29.8434582" lon="104.7698312">
      </trkpt>
      <trkpt lat="29.8434291" lon="104.7700851">
      </trkpt>
      <trkpt lat="29.843394" lon="104.7703214">
      </trkpt>
      <trkpt lat="29.843249" lon="104.7711102">
      </trkpt>
      <trkpt lat="29.8431147" lon="104.7718644">
      </trkpt>
      <trkpt lat="29.8430273" lon="104.7724117">
      </trkpt>
      <trkpt lat="29.8429613" lon="104.7727325">
      </trkpt>
      <trkpt lat="29.8428638" lon="104.7730443">
      </trkpt>
      <trkpt lat="29.8427375" lon="104.7733626">
      </trkpt>
      <trkpt lat="29.8426198" lon="104.7736008">
      </trkpt>
      <trkpt lat="29.8424694" lon="104.7738481">
      </trkpt>
      <trkpt lat="29.8423402" lon="104.7740304">
      </trkpt>
      <trkpt lat="29.842172" lon="104.7742226">
      </trkpt>
      <trkpt lat="29.8418874" lon="104.7744908">
      </trkpt>
      <trkpt lat="29.8416272" lon="104.7746936">
      </trkpt>
      <trkpt lat="29.8410924" lon="104.7749925">
      </trkpt>
      <trkpt lat="29.84015" lon="104.7755244">
      </trkpt>
      <trkpt lat="29.8389781" lon="104.7762144">
      </trkpt>
      <trkpt lat="29.83857" lon="104.77652">
      </trkpt>
      <trkpt lat="29.8382817" lon="104.7767856">
      </trkpt>
      <trkpt lat="29.83808" lon="104.77707">
      </trkpt>
      <trkpt lat="29.8379194" lon="104.7773516">
      </trkpt>
      <trkpt lat="29.8377636" lon="104.7776601">
      </trkpt>
      <trkpt lat="29.837607" lon="104.7780705">
      </trkpt>
      <trkpt lat="29.8372624" lon="104.7800441">
      </trkpt>
      <trkpt lat="29.8369934" lon="104.781678">
      </trkpt>
      <trkpt lat="29.8369631" lon="104.7820598">
      </trkpt>
      <trkpt lat="29.8369562" lon="104.7824961">
      </trkpt>
      <trkpt lat="29.8370097" lon="104.7832981">
      </trkpt>
      <trkpt lat="29.8371514" lon="104.784827">
      </trkpt>
      <trkpt lat="29.8372028" lon="104.7853902">
      </trkpt>
      <trkpt lat="29.837261" lon="104.7857603">
      </trkpt>
      <trkpt lat="29.8373564" lon="104.7861707">
      </trkpt>
      <trkpt lat="29.8378062" lon="104.7874447">
      </trkpt>
      <trkpt lat="29.8379241" lon="104.7878417">
      </trkpt>
      <trkpt lat="29.8380032" lon="104.7881475">
      </trkpt>
      <trkpt lat="29.8380456" lon="104.788462">
      </trkpt>
      <trkpt lat="29.8380683" lon="104.7888288">
      </trkpt>
      <trkpt lat="29.8380474" lon="104.7892901">
      </trkpt>
      <trkpt lat="29.8380133" lon="104.789971">
      </trkpt>
      <trkpt lat="29.8379497" lon="104.7907707">
      </trkpt>
      <trkpt lat="29.837945" lon="104.7912186">
      </trkpt>
      <trkpt lat="29.837959" lon="104.7916049">
      </trkpt>
      <trkpt lat="29.8380182" lon="104.7920697">
      </trkpt>
      <trkpt lat="29.8381102" lon="104.7924685">
      </trkpt>
      <trkpt lat="29.8386145" lon="104.7939355">
      </trkpt>
      <trkpt lat="29.8387803" lon="104.7943327">
      </trkpt>
      <trkpt lat="29.8389687" lon="104.7946867">
      </trkpt>
      <trkpt lat="29.8393043" lon="104.795228">
      </trkpt>
      <trkpt lat="29.8399203" lon="104.7961619">
      </trkpt>
      <trkpt lat="29.8402158" lon="104.7965857">
      </trkpt>
      <trkpt lat="29.8405" lon="104.79691">
      </trkpt>
      <trkpt lat="29.8411534" lon="104.7975969">
      </trkpt>
      <trkpt lat="29.8415489" lon="104.7980368">
      </trkpt>
      <trkpt lat="29.84184" lon="104.79847">
      </trkpt>
      <trkpt lat="29.8420352" lon="104.798812">
      </trkpt>
      <trkpt lat="29.8422004" lon="104.799225">
      </trkpt>
      <trkpt lat="29.8423097" lon="104.7995818">
      </trkpt>
      <trkpt lat="29.8423789" lon="104.799909">
      </trkpt>
      <trkpt lat="29.842447" lon="104.8003113">
      </trkpt>
      <trkpt lat="29.8424703" lon="104.8007271">
      </trkpt>
      <trkpt lat="29.8424191" lon="104.8013976">
      </trkpt>
      <trkpt lat="29.8423495" lon="104.8017414">
      </trkpt>
      <trkpt lat="29.8422306" lon="104.8021647">
      </trkpt>
      <trkpt lat="29.8421073" lon="104.8024678">
      </trkpt>
      <trkpt lat="29.84193" lon="104.80284">
      </trkpt>
      <trkpt lat="29.8416978" lon="104.8032081">
      </trkpt>
      <trkpt lat="29.84096" lon="104.80425">
      </trkpt>
      <trkpt lat="29.83958" lon="104.80618">
      </trkpt>
      <trkpt lat="29.83844" lon="104.80796">
      </trkpt>
      <trkpt lat="29.8381414" lon="104.8086107">
      </trkpt>
      <trkpt lat="29.83751" lon="104.80989">
      </trkpt>
      <trkpt lat="29.8363242" lon="104.8123942">
      </trkpt>
      <trkpt lat="29.8361256" lon="104.8128962">
      </trkpt>
      <trkpt lat="29.8360232" lon="104.8133281">
      </trkpt>
      <trkpt lat="29.8358635" lon="104.8141178">
      </trkpt>
      <trkpt lat="29.8356695" lon="104.8151493">
      </trkpt>
      <trkpt lat="29.8355625" lon="104.8155811">
      </trkpt>
      <trkpt lat="29.8354165" lon="104.8159649">
      </trkpt>
      <trkpt lat="29.8350739" lon="104.8167345">
      </trkpt>
      <trkpt lat="29.8348831" lon="104.8171985">
      </trkpt>
      <trkpt lat="29.8347598" lon="104.8175123">
      </trkpt>
      <trkpt lat="29.8346609" lon="104.817879">
      </trkpt>
      <trkpt lat="29.8344066" lon="104.819347">
      </trkpt>
      <trkpt lat="29.8343201" lon="104.8199129">
      </trkpt>
      <trkpt lat="29.8342042" lon="104.8203933">
      </trkpt>
      <trkpt lat="29.8340967" lon="104.8207068">
      </trkpt>
      <trkpt lat="29.8339982" lon="104.8209559">
      </trkpt>
      <trkpt lat="29.8337109" lon="104.8215167">
      </trkpt>
      <trkpt lat="29.8334333" lon="104.821849">
      </trkpt>
      <trkpt lat="29.833038" lon="104.8221618">
      </trkpt>
      <trkpt lat="29.832689" lon="104.8223591">
      </trkpt>
      <trkpt lat="29.8324037" lon="104.82248">
      </trkpt>
      <trkpt lat="29.8321771" lon="104.8225415">
      </trkpt>
      <trkpt lat="29.8319654" lon="104.822579">
      </trkpt>
      <trkpt lat="29.8317018" lon="104.8225977">
      </trkpt>
      <trkpt lat="29.8314175" lon="104.8226089">
      </trkpt>
      <trkpt lat="29.831137" lon="104.8225629">
      </trkpt>
      <trkpt lat="29.8307923" lon="104.8224797">
      </trkpt>
      <trkpt lat="29.8305134" lon="104.8223698">
      </trkpt>
      <trkpt lat="29.8302333" lon="104.822194">
      </trkpt>
      <trkpt lat="29.8299992" lon="104.8220104">
      </trkpt>
      <trkpt lat="29.8297976" lon="104.8218118">
      </trkpt>
      <trkpt lat="29.829626" lon="104.8216119">
      </trkpt>
      <trkpt lat="29.8294757" lon="104.821423">
      </trkpt>
      <trkpt lat="29.8293549" lon="104.8212146">
      </trkpt>
      <trkpt lat="29.8290926" lon="104.8206724">
      </trkpt>
      <trkpt lat="29.8286008" lon="104.8193336">
      </trkpt>
      <trkpt lat="29.828485" lon="104.8190546">
      </trkpt>
      <trkpt lat="29.8282471" lon="104.8185691">
      </trkpt>
      <trkpt lat="29.8279981" lon="104.8182338">
      </trkpt>
      <trkpt lat="29.827805" lon="104.8179844">
      </trkpt>
      <trkpt lat="29.82761" lon="104.8178046">
      </trkpt>
      <trkpt lat="29.8273024" lon="104.8175231">
      </trkpt>
      <trkpt lat="29.8268859" lon="104.817228">
      </trkpt>
      <trkpt lat="29.82629" lon="104.81685">
      </trkpt>
      <trkpt lat="29.82434" lon="104.81569">
      </trkpt>
      <trkpt lat="29.82293" lon="104.8153">
      </trkpt>
      <trkpt lat="29.82126" lon="104.81515">
      </trkpt>
      <trkpt lat="29.81934" lon="104.8151">
      </trkpt>
      <trkpt lat="29.8188283" lon="104.8150616">
      </trkpt>
      <trkpt lat="29.8182243" lon="104.8150026">
      </trkpt>
      <trkpt lat="29.8177601" lon="104.8149135">
      </trkpt>
      <trkpt lat="29.8172081" lon="104.8146843">
      </trkpt>
      <trkpt lat="29.8167887" lon="104.8145159">
      </trkpt>
      <trkpt lat="29.8161464" lon="104.814264">
      </trkpt>
      <trkpt lat="29.8158829" lon="104.8141573">
      </trkpt>
      <trkpt lat="29.8134921" lon="104.8131893">
      </trkpt>
      <trkpt lat="29.8124008" lon="104.8128496">
      </trkpt>
      <trkpt lat="29.8117608" lon="104.8127091">
      </trkpt>
      <trkpt lat="29.8114535" lon="104.8126526">
      </trkpt>
      <trkpt lat="29.8109779" lon="104.8125958">
      </trkpt>
      <trkpt lat="29.81024" lon="104.81258">
      </trkpt>
      <trkpt lat="29.8093939" lon="104.8126254">
      </trkpt>
      <trkpt lat="29.8088601" lon="104.8126817">
      </trkpt>
      <trkpt lat="29.8084992" lon="104.8127322">
      </trkpt>
      <trkpt lat="29.8083064" lon="104.8127591">
      </trkpt>
      <trkpt lat="29.8076242" lon="104.8128721">
      </trkpt>
      <trkpt lat="29.8073799" lon="104.8129258">
      </trkpt>
      <trkpt lat="29.8071588" lon="104.8129928">
      </trkpt>
      <trkpt lat="29.8068616" lon="104.8131071">
      </trkpt>
      <trkpt lat="29.8066188" lon="104.8132838">
      </trkpt>
      <trkpt lat="29.806321" lon="104.8135097">
      </trkpt>
      <trkpt lat="29.8060561" lon="104.8137808">
      </trkpt>
      <trkpt lat="29.8058019" lon="104.814122">
      </trkpt>
      <trkpt lat="29.8056382" lon="104.814398">
      </trkpt>
      <trkpt lat="29.8055378" lon="104.8146383">
      </trkpt>
      <trkpt lat="29.8054305" lon="104.814946">
      </trkpt>
      <trkpt lat="29.8053336" lon="104.8154103">
      </trkpt>
      <trkpt lat="29.8051191" lon="104.8170113">
      </trkpt>
      <trkpt lat="29.8050256" lon="104.8174792">
      </trkpt>
      <trkpt lat="29.80486" lon="104.81788">
      </trkpt>
      <trkpt lat="29.8047127" lon="104.8181856">
      </trkpt>
      <trkpt lat="29.8045013" lon="104.8185053">
      </trkpt>
      <trkpt lat="29.8042914" lon="104.8187703">
      </trkpt>
      <trkpt lat="29.8041238" lon="104.8189259">
      </trkpt>
      <trkpt lat="29.8039057" lon="104.8191144">
      </trkpt>
      <trkpt lat="29.8036909" lon="104.8192719">
      </trkpt>
      <trkpt lat="29.8029941" lon="104.8197713">
      </trkpt>
      <trkpt lat="29.8026759" lon="104.8199968">
      </trkpt>
      <trkpt lat="29.8024644" lon="104.8201999">
      </trkpt>
      <trkpt lat="29.8022909" lon="104.820381">
      </trkpt>
      <trkpt lat="29.8020897" lon="104.8206344">
      </trkpt>
      <trkpt lat="29.8018719" lon="104.8209999">
      </trkpt>
      <trkpt lat="29.8014979" lon="104.8217725">
      </trkpt>
      <trkpt lat="29.8001556" lon="104.8243015">
      </trkpt>
      <trkpt lat="29.7999065" lon="104.8246363">
      </trkpt>
      <trkpt lat="29.799684" lon="104.8248659">
      </trkpt>
      <trkpt lat="29.7995015" lon="104.8250306">
      </trkpt>
      <trkpt lat="29.7993222" lon="104.8251674">
      </trkpt>
      <trkpt lat="29.7990988" lon="104.8252961">
      </trkpt>
      <trkpt lat="29.7988491" lon="104.8254022">
      </trkpt>
      <trkpt lat="29.7985937" lon="104.8254865">
      </trkpt>
      <trkpt lat="29.7983129" lon="104.8255542">
      </trkpt>
      <trkpt lat="29.7980444" lon="104.8255777">
      </trkpt>
      <trkpt lat="29.7978466" lon="104.8255804">
      </trkpt>
      <trkpt lat="29.7975579" lon="104.8255482">
      </trkpt>
      <trkpt lat="29.7972331" lon="104.8254712">
      </trkpt>
      <trkpt lat="29.7969411" lon="104.8253578">
      </trkpt>
      <trkpt lat="29.7967037" lon="104.825221">
      </trkpt>
      <trkpt lat="29.7964384" lon="104.8250413">
      </trkpt>
      <trkpt lat="29.7960915" lon="104.8247485">
      </trkpt>
      <trkpt lat="29.7955166" lon="104.824183">
      </trkpt>
      <trkpt lat="29.7953002" lon="104.8239496">
      </trkpt>
      <trkpt lat="29.7950441" lon="104.8237163">
      </trkpt>
      <trkpt lat="29.7946787" lon="104.8234668">
      </trkpt>
      <trkpt lat="29.7944116" lon="104.8233432">
      </trkpt>
      <trkpt lat="29.7941014" lon="104.8232496">
      </trkpt>
      <trkpt lat="29.7938105" lon="104.8232013">
      </trkpt>
      <trkpt lat="29.793573" lon="104.8231798">
      </trkpt>
      <trkpt lat="29.79333" lon="104.8231873">
      </trkpt>
      <trkpt lat="29.7930633" lon="104.8232174">
      </trkpt>
      <trkpt lat="29.7927502" lon="104.8232928">
      </trkpt>
      <trkpt lat="29.7924674" lon="104.8233917">
      </trkpt>
      <trkpt lat="29.7921916" lon="104.8235266">
      </trkpt>
      <trkpt lat="29.79018" lon="104.82464">
      </trkpt>
      <trkpt lat="29.78815" lon="104.8258">
      </trkpt>
      <trkpt lat="29.78585" lon="104.82712">
      </trkpt>
      <trkpt lat="29.7838033" lon="104.8282573">
      </trkpt>
      <trkpt lat="29.7832487" lon="104.8285824">
      </trkpt>
      <trkpt lat="29.7823111" lon="104.8291826">
      </trkpt>
      <trkpt lat="29.78129" lon="104.82995">
      </trkpt>
      <trkpt lat="29.7798" lon="104.83157">
      </trkpt>
      <trkpt lat="29.77791" lon="104.83368">
      </trkpt>
      <trkpt lat="29.77641" lon="104.83537">
      </trkpt>
      <trkpt lat="29.7760059" lon="104.8358665">
      </trkpt>
      <trkpt lat="29.7757782" lon="104.8362096">
      </trkpt>
      <trkpt lat="29.7755801" lon="104.8365851">
      </trkpt>
      <trkpt lat="29.77451" lon="104.83882">
      </trkpt>
      <trkpt lat="29.7739709" lon="104.8401628">
      </trkpt>
      <trkpt lat="29.7738937" lon="104.8404831">
      </trkpt>
      <trkpt lat="29.773855" lon="104.8410003">
      </trkpt>
      <trkpt lat="29.7739202" lon="104.8416309">
      </trkpt>
      <trkpt lat="29.7741234" lon="104.8434386">
      </trkpt>
      <trkpt lat="29.7741112" lon="104.8438287">
      </trkpt>
      <trkpt lat="29.7740629" lon="104.8442995">
      </trkpt>
      <trkpt lat="29.77383" lon="104.84518">
      </trkpt>
      <trkpt lat="29.7734288" lon="104.8466892">
      </trkpt>
      <trkpt lat="29.7730247" lon="104.8505146">
      </trkpt>
      <trkpt lat="29.772971" lon="104.8513806">
      </trkpt>
      <trkpt lat="29.7729705" lon="104.8522732">
      </trkpt>
      <trkpt lat="29.7730338" lon="104.85369">
      </trkpt>
      <trkpt lat="29.7730478" lon="104.8544383">
      </trkpt>
      <trkpt lat="29.7730219" lon="104.8550729">
      </trkpt>
      <trkpt lat="29.772943" lon="104.8558062">
      </trkpt>
      <trkpt lat="29.772815" lon="104.8563936">
      </trkpt>
      <trkpt lat="29.7726159" lon="104.8570196">
      </trkpt>
      <trkpt lat="29.7725206" lon="104.8572462">
      </trkpt>
      <trkpt lat="29.7723447" lon="104.8576622">
      </trkpt>
      <trkpt lat="29.7722148" lon="104.8580242">
      </trkpt>
      <trkpt lat="29.7711548" lon="104.860979">
      </trkpt>
      <trkpt lat="29.7709064" lon="104.8616739">
      </trkpt>
      <trkpt lat="29.7701298" lon="104.8638502">
      </trkpt>
      <trkpt lat="29.7692427" lon="104.8663431">
      </trkpt>
      <trkpt lat="29.7685367" lon="104.86832">
      </trkpt>
      <trkpt lat="29.7682771" lon="104.8690313">
      </trkpt>
      <trkpt lat="29.7678349" lon="104.8702767">
      </trkpt>
      <trkpt lat="29.7675448" lon="104.8710724">
      </trkpt>
      <trkpt lat="29.7673623" lon="104.8714945">
      </trkpt>
      <trkpt lat="29.767169" lon="104.8718968">
      </trkpt>
      <trkpt lat="29.7669829" lon="104.8722582">
      </trkpt>
      <trkpt lat="29.7665662" lon="104.8729386">
      </trkpt>
      <trkpt lat="29.7661713" lon="104.8735802">
      </trkpt>
      <trkpt lat="29.7654128" lon="104.8747732">
      </trkpt>
      <trkpt lat="29.7646" lon="104.87611">
      </trkpt>
      <trkpt lat="29.76298" lon="104.87885">
      </trkpt>
      <trkpt lat="29.7616804" lon="104.8807639">
      </trkpt>
      <trkpt lat="29.76099" lon="104.8816233">
      </trkpt>
      <trkpt lat="29.75961" lon="104.88305">
      </trkpt>
      <trkpt lat="29.7578627" lon="104.8848125">
      </trkpt>
      <trkpt lat="29.7571755" lon="104.8855224">
      </trkpt>
      <trkpt lat="29.7568518" lon="104.8858952">
      </trkpt>
      <trkpt lat="29.7566446" lon="104.8861849">
      </trkpt>
      <trkpt lat="29.7564234" lon="104.8865283">
      </trkpt>
      <trkpt lat="29.7561715" lon="104.8869739">
      </trkpt>
      <trkpt lat="29.7559391" lon="104.887518">
      </trkpt>
      <trkpt lat="29.7558203" lon="104.887872">
      </trkpt>
      <trkpt lat="29.7557325" lon="104.8881771">
      </trkpt>
      <trkpt lat="29.7549356" lon="104.8916309">
      </trkpt>
      <trkpt lat="29.7543438" lon="104.8941446">
      </trkpt>
      <trkpt lat="29.7541484" lon="104.8949879">
      </trkpt>
      <trkpt lat="29.7539528" lon="104.8955753">
      </trkpt>
      <trkpt lat="29.7537549" lon="104.8960233">
      </trkpt>
      <trkpt lat="29.7535374" lon="104.8964541">
      </trkpt>
      <trkpt lat="29.7529259" lon="104.8974743">
      </trkpt>
      <trkpt lat="29.75232" lon="104.89844">
      </trkpt>
      <trkpt lat="29.7517522" lon="104.899431">
      </trkpt>
      <trkpt lat="29.7514507" lon="104.8998173">
      </trkpt>
      <trkpt lat="29.7512632" lon="104.9000077">
      </trkpt>
      <trkpt lat="29.7510814" lon="104.9001772">
      </trkpt>
      <trkpt lat="29.750709" lon="104.9004422">
      </trkpt>
      <trkpt lat="29.7504086" lon="104.9006112">
      </trkpt>
      <trkpt lat="29.7501955" lon="104.9007078">
      </trkpt>
      <trkpt lat="29.7497286" lon="104.90085">
      </trkpt>
      <trkpt lat="29.7493421" lon="104.9009183">
      </trkpt>
      <trkpt lat="29.7487641" lon="104.9009929">
      </trkpt>
      <trkpt lat="29.7479471" lon="104.9010712">
      </trkpt>
      <trkpt lat="29.7475722" lon="104.9011248">
      </trkpt>
      <trkpt lat="29.7471693" lon="104.901216">
      </trkpt>
      <trkpt lat="29.74671" lon="104.90136">
      </trkpt>
      <trkpt lat="29.74525" lon="104.90223">
      </trkpt>
      <trkpt lat="29.7437556" lon="104.903272">
      </trkpt>
      <trkpt lat="29.7433999" lon="104.9036062">
      </trkpt>
      <trkpt lat="29.7431615" lon="104.9038634">
      </trkpt>
      <trkpt lat="29.7429565" lon="104.9041396">
      </trkpt>
      <trkpt lat="29.742809" lon="104.9043457">
      </trkpt>
      <trkpt lat="29.742162" lon="104.9053807">
      </trkpt>
      <trkpt lat="29.741987" lon="104.9056656">
      </trkpt>
      <trkpt lat="29.7411386" lon="104.9070463">
      </trkpt>
      <trkpt lat="29.7409677" lon="104.907361">
      </trkpt>
      <trkpt lat="29.7407394" lon="104.9078357">
      </trkpt>
      <trkpt lat="29.7405307" lon="104.9083135">
      </trkpt>
      <trkpt lat="29.7402862" lon="104.9089834">
      </trkpt>
      <trkpt lat="29.7401316" lon="104.9094236">
      </trkpt>
      <trkpt lat="29.7399895" lon="104.9099064">
      </trkpt>
      <trkpt lat="29.7394819" lon="104.9119708">
      </trkpt>
      <trkpt lat="29.7390907" lon="104.9135596">
      </trkpt>
      <trkpt lat="29.7388651" lon="104.9143801">
      </trkpt>
      <trkpt lat="29.7388018" lon="104.9146485">
      </trkpt>
      <trkpt lat="29.7386737" lon="104.9151742">
      </trkpt>
      <trkpt lat="29.738214" lon="104.9170914">
      </trkpt>
      <trkpt lat="29.737836" lon="104.9185453">
      </trkpt>
      <trkpt lat="29.7376303" lon="104.9193183">
      </trkpt>
      <trkpt lat="29.7374719" lon="104.9197957">
      </trkpt>
      <trkpt lat="29.7371878" lon="104.9205306">
      </trkpt>
      <trkpt lat="29.7369601" lon="104.9210831">
      </trkpt>
      <trkpt lat="29.7365586" lon="104.9218238">
      </trkpt>
      <trkpt lat="29.7359288" lon="104.9229124">
      </trkpt>
      <trkpt lat="29.7352081" lon="104.9240068">
      </trkpt>
      <trkpt lat="29.7346543" lon="104.9249258">
      </trkpt>
      <trkpt lat="29.7333359" lon="104.9270371">
      </trkpt>
      <trkpt lat="29.7330281" lon="104.927499">
      </trkpt>
      <trkpt lat="29.7328255" lon="104.9277377">
      </trkpt>
      <trkpt lat="29.7325274" lon="104.9280703">
      </trkpt>
      <trkpt lat="29.7321679" lon="104.9283836">
      </trkpt>
      <trkpt lat="29.7316889" lon="104.9288052">
      </trkpt>
      <trkpt lat="29.7312184" lon="104.92917">
      </trkpt>
      <trkpt lat="29.7306276" lon="104.9296527">
      </trkpt>
      <trkpt lat="29.7302006" lon="104.9299881">
      </trkpt>
      <trkpt lat="29.7298255" lon="104.9302312">
      </trkpt>
      <trkpt lat="29.7295461" lon="104.9304065">
      </trkpt>
      <trkpt lat="29.7291618" lon="104.9305943">
      </trkpt>
      <trkpt lat="29.7288054" lon="104.9307257">
      </trkpt>
      <trkpt lat="29.7283978" lon="104.9308383">
      </trkpt>
      <trkpt lat="29.7278714" lon="104.9309108">
      </trkpt>
      <trkpt lat="29.7274863" lon="104.930918">
      </trkpt>
      <trkpt lat="29.7265246" lon="104.930896">
      </trkpt>
      <trkpt lat="29.7262802" lon="104.9308817">
      </trkpt>
      <trkpt lat="29.7256354" lon="104.9308813">
      </trkpt>
      <trkpt lat="29.725286" lon="104.9309027">
      </trkpt>
      <trkpt lat="29.7250088" lon="104.9309537">
      </trkpt>
      <trkpt lat="29.7247198" lon="104.9310302">
      </trkpt>
      <trkpt lat="29.724501" lon="104.9311092">
      </trkpt>
      <trkpt lat="29.7242844" lon="104.9312299">
      </trkpt>
      <trkpt lat="29.7240468" lon="104.9313909">
      </trkpt>
      <trkpt lat="29.7237663" lon="104.9316162">
      </trkpt>
      <trkpt lat="29.72356" lon="104.9318442">
      </trkpt>
      <trkpt lat="29.7233596" lon="104.9321538">
      </trkpt>
      <trkpt lat="29.7231803" lon="104.9324638">
      </trkpt>
      <trkpt lat="29.7230471" lon="104.9327656">
      </trkpt>
      <trkpt lat="29.7229427" lon="104.9331129">
      </trkpt>
      <trkpt lat="29.7227996" lon="104.9336652">
      </trkpt>
      <trkpt lat="29.7226096" lon="104.9344003">
      </trkpt>
      <trkpt lat="29.7224582" lon="104.9349019">
      </trkpt>
      <trkpt lat="29.7223301" lon="104.9352613">
      </trkpt>
      <trkpt lat="29.7221648" lon="104.935617">
      </trkpt>
      <trkpt lat="29.7220459" lon="104.9358353">
      </trkpt>
      <trkpt lat="29.7218637" lon="104.9360994">
      </trkpt>
      <trkpt lat="29.7212959" lon="104.9369055">
      </trkpt>
      <trkpt lat="29.7209767" lon="104.9373615">
      </trkpt>
      <trkpt lat="29.7207937" lon="104.9376196">
      </trkpt>
      <trkpt lat="29.7205559" lon="104.9379708">
      </trkpt>
      <trkpt lat="29.7203105" lon="104.9383083">
      </trkpt>
      <trkpt lat="29.7199937" lon="104.9386731">
      </trkpt>
      <trkpt lat="29.7196373" lon="104.9390325">
      </trkpt>
      <trkpt lat="29.7192073" lon="104.9393768">
      </trkpt>
      <trkpt lat="29.7187916" lon="104.9396515">
      </trkpt>
      <trkpt lat="29.7175753" lon="104.9403773">
      </trkpt>
      <trkpt lat="29.7161924" lon="104.9412091">
      </trkpt>
      <trkpt lat="29.7150407" lon="104.9418966">
      </trkpt>
      <trkpt lat="29.714689" lon="104.9421173">
      </trkpt>
      <trkpt lat="29.714431" lon="104.9422511">
      </trkpt>
      <trkpt lat="29.7141771" lon="104.9423504">
      </trkpt>
      <trkpt lat="29.7139278" lon="104.9424228">
      </trkpt>
      <trkpt lat="29.7136767" lon="104.9424641">
      </trkpt>
      <trkpt lat="29.7134469" lon="104.9424854">
      </trkpt>
      <trkpt lat="29.7131924" lon="104.9424768">
      </trkpt>
      <trkpt lat="29.7130231" lon="104.9424595">
      </trkpt>
      <trkpt lat="29.7128351" lon="104.94241">
      </trkpt>
      <trkpt lat="29.7125114" lon="104.9423305">
      </trkpt>
      <trkpt lat="29.7111416" lon="104.9418688">
      </trkpt>
      <trkpt lat="29.7108947" lon="104.9418166">
      </trkpt>
      <trkpt lat="29.7106421" lon="104.9417849">
      </trkpt>
      <trkpt lat="29.7104824" lon="104.9417952">
      </trkpt>
      <trkpt lat="29.7102494" lon="104.9418139">
      </trkpt>
      <trkpt lat="29.7100491" lon="104.9418434">
      </trkpt>
      <trkpt lat="29.7098328" lon="104.9419001">
      </trkpt>
      <trkpt lat="29.7094996" lon="104.9420262">
      </trkpt>
      <trkpt lat="29.7093106" lon="104.9421331">
      </trkpt>
      <trkpt lat="29.7091349" lon="104.9422602">
      </trkpt>
      <trkpt lat="29.707739" lon="104.9433817">
      </trkpt>
      <trkpt lat="29.7071239" lon="104.9438553">
      </trkpt>
      <trkpt lat="29.7065364" lon="104.9441747">
      </trkpt>
      <trkpt lat="29.7050508" lon="104.9448917">
      </trkpt>
      <trkpt lat="29.7042363" lon="104.9452512">
      </trkpt>
      <trkpt lat="29.7027841" lon="104.9457093">
      </trkpt>
      <trkpt lat="29.7017087" lon="104.9460626">
      </trkpt>
      <trkpt lat="29.7012101" lon="104.946253">
      </trkpt>
      <trkpt lat="29.7008146" lon="104.9464111">
      </trkpt>
      <trkpt lat="29.7003897" lon="104.9466316">
      </trkpt>
      <trkpt lat="29.6987451" lon="104.947594">
      </trkpt>
      <trkpt lat="29.6961113" lon="104.9493351">
      </trkpt>
      <trkpt lat="29.6936527" lon="104.9509268">
      </trkpt>
      <trkpt lat="29.6921034" lon="104.9519053">
      </trkpt>
      <trkpt lat="29.6908694" lon="104.952721">
      </trkpt>
      <trkpt lat="29.6904295" lon="104.9530275">
      </trkpt>
      <trkpt lat="29.6885021" lon="104.9542621">
      </trkpt>
      <trkpt lat="29.6872395" lon="104.9550614">
      </trkpt>
      <trkpt lat="29.6868248" lon="104.9553269">
      </trkpt>
      <trkpt lat="29.6865252" lon="104.9555695">
      </trkpt>
      <trkpt lat="29.6862515" lon="104.9558151">
      </trkpt>
      <trkpt lat="29.6859057" lon="104.956178">
      </trkpt>
      <trkpt lat="29.6854085" lon="104.956995">
      </trkpt>
      <trkpt lat="29.6848628" lon="104.9578643">
      </trkpt>
      <trkpt lat="29.6846297" lon="104.9582612">
      </trkpt>
      <trkpt lat="29.6844317" lon="104.9585965">
      </trkpt>
      <trkpt lat="29.6842251" lon="104.959078">
      </trkpt>
      <trkpt lat="29.6840322" lon="104.9597639">
      </trkpt>
      <trkpt lat="29.683954" lon="104.9601334">
      </trkpt>
      <trkpt lat="29.6839205" lon="104.9606031">
      </trkpt>
      <trkpt lat="29.683945" lon="104.9613318">
      </trkpt>
      <trkpt lat="29.6840252" lon="104.9620924">
      </trkpt>
      <trkpt lat="29.6843702" lon="104.9643785">
      </trkpt>
      <trkpt lat="29.6846233" lon="104.9651999">
      </trkpt>
      <trkpt lat="29.6851771" lon="104.9664967">
      </trkpt>
      <trkpt lat="29.6853655" lon="104.9671731">
      </trkpt>
      <trkpt lat="29.6854504" lon="104.9677283">
      </trkpt>
      <trkpt lat="29.6853984" lon="104.9683753">
      </trkpt>
      <trkpt lat="29.6852783" lon="104.9691153">
      </trkpt>
      <trkpt lat="29.6852725" lon="104.969129">
      </trkpt>
      <trkpt lat="29.6849864" lon="104.969776">
      </trkpt>
      <trkpt lat="29.6847569" lon="104.9703025">
      </trkpt>
      <trkpt lat="29.6843929" lon="104.9711372">
      </trkpt>
      <trkpt lat="29.6840681" lon="104.9717939">
      </trkpt>
      <trkpt lat="29.6837373" lon="104.9723831">
      </trkpt>
      <trkpt lat="29.6835485" lon="104.9726969">
      </trkpt>
      <trkpt lat="29.6833248" lon="104.9730188">
      </trkpt>
      <trkpt lat="29.6831195" lon="104.9733227">
      </trkpt>
      <trkpt lat="29.6827586" lon="104.973802">
      </trkpt>
      <trkpt lat="29.6824603" lon="104.9741292">
      </trkpt>
      <trkpt lat="29.682123" lon="104.9745101">
      </trkpt>
      <trkpt lat="29.6817527" lon="104.9748622">
      </trkpt>
      <trkpt lat="29.6814956" lon="104.975127">
      </trkpt>
      <trkpt lat="29.6812122" lon="104.9753584">
      </trkpt>
      <trkpt lat="29.6803467" lon="104.9760175">
      </trkpt>
      <trkpt lat="29.6797038" lon="104.9764639">
      </trkpt>
      <trkpt lat="29.6790825" lon="104.9768803">
      </trkpt>
      <trkpt lat="29.6787258" lon="104.9770957">
      </trkpt>
      <trkpt lat="29.6778631" lon="104.9776681">
      </trkpt>
      <trkpt lat="29.677252" lon="104.9780667">
      </trkpt>
      <trkpt lat="29.676761" lon="104.9784489">
      </trkpt>
      <trkpt lat="29.6763475" lon="104.9788871">
      </trkpt>
      <trkpt lat="29.6762499" lon="104.9789832">
      </trkpt>
      <trkpt lat="29.6754864" lon="104.9798995">
      </trkpt>
      <trkpt lat="29.6743507" lon="104.9813122">
      </trkpt>
      <trkpt lat="29.6738753" lon="104.9819747">
      </trkpt>
      <trkpt lat="29.6734331" lon="104.9826618">
      </trkpt>
      <trkpt lat="29.6730596" lon="104.9833426">
      </trkpt>
      <trkpt lat="29.6724327" lon="104.9846435">
      </trkpt>
      <trkpt lat="29.6721507" lon="104.9852335">
      </trkpt>
      <trkpt lat="29.6719666" lon="104.9855903">
      </trkpt>
      <trkpt lat="29.6716906" lon="104.9860226">
      </trkpt>
      <trkpt lat="29.671342" lon="104.9864566">
      </trkpt>
      <trkpt lat="29.6711229" lon="104.9867061">
      </trkpt>
      <trkpt lat="29.6702484" lon="104.9876358">
      </trkpt>
      <trkpt lat="29.6700113" lon="104.9879211">
      </trkpt>
      <trkpt lat="29.6697852" lon="104.988243">
      </trkpt>
      <trkpt lat="29.6695545" lon="104.9886614">
      </trkpt>
      <trkpt lat="29.6693447" lon="104.9891549">
      </trkpt>
      <trkpt lat="29.6690697" lon="104.9897236">
      </trkpt>
      <trkpt lat="29.6688437" lon="104.9901554">
      </trkpt>
      <trkpt lat="29.6685818" lon="104.9905449">
      </trkpt>
      <trkpt lat="29.6676324" lon="104.991664">
      </trkpt>
      <trkpt lat="29.6672146" lon="104.9922261">
      </trkpt>
      <trkpt lat="29.6669675" lon="104.9926338">
      </trkpt>
      <trkpt lat="29.6667624" lon="104.9930468">
      </trkpt>
      <trkpt lat="29.6665224" lon="104.9936852">
      </trkpt>
      <trkpt lat="29.6659698" lon="104.9954069">
      </trkpt>
      <trkpt lat="29.6658069" lon="104.9958792">
      </trkpt>
      <trkpt lat="29.6656531" lon="104.9962494">
      </trkpt>
      <trkpt lat="29.6654437" lon="104.9965797">
      </trkpt>
      <trkpt lat="29.6651963" lon="104.9968931">
      </trkpt>
      <trkpt lat="29.6649595" lon="104.9971369">
      </trkpt>
      <trkpt lat="29.6646485" lon="104.9973759">
      </trkpt>
      <trkpt lat="29.6643805" lon="104.9975261">
      </trkpt>
      <trkpt lat="29.66398" lon="104.9976718">
      </trkpt>
      <trkpt lat="29.6615567" lon="104.9981238">
      </trkpt>
      <trkpt lat="29.6609684" lon="104.9982342">
      </trkpt>
      <trkpt lat="29.6605931" lon="104.9983281">
      </trkpt>
      <trkpt lat="29.6601835" lon="104.9984583">
      </trkpt>
      <trkpt lat="29.6596608" lon="104.9987009">
      </trkpt>
      <trkpt lat="29.6586606" lon="104.9992802">
      </trkpt>
      <trkpt lat="29.6576889" lon="104.9998704">
      </trkpt>
      <trkpt lat="29.6573598" lon="105.000039">
      </trkpt>
      <trkpt lat="29.6569687" lon="105.0001976">
      </trkpt>
      <trkpt lat="29.6566121" lon="105.0002888">
      </trkpt>
      <trkpt lat="29.6562904" lon="105.0003371">
      </trkpt>
      <trkpt lat="29.6559424" lon="105.0003581">
      </trkpt>
      <trkpt lat="29.654139" lon="105.0002968">
      </trkpt>
      <trkpt lat="29.6526845" lon="105.0001937">
      </trkpt>
      <trkpt lat="29.6514455" lon="105.0001111">
      </trkpt>
      <trkpt lat="29.6465778" lon="104.9998155">
      </trkpt>
      <trkpt lat="29.645111" lon="104.9997282">
      </trkpt>
      <trkpt lat="29.6444855" lon="104.9996707">
      </trkpt>
      <trkpt lat="29.6441855" lon="104.9996102">
      </trkpt>
      <trkpt lat="29.6438871" lon="104.9995244">
      </trkpt>
      <trkpt lat="29.6433592" lon="104.9993117">
      </trkpt>
      <trkpt lat="29.6428888" lon="104.9991046">
      </trkpt>
      <trkpt lat="29.6425935" lon="104.9989867">
      </trkpt>
      <trkpt lat="29.6411599" lon="104.99825">
      </trkpt>
      <trkpt lat="29.6403232" lon="104.9978525">
      </trkpt>
      <trkpt lat="29.6388648" lon="104.9971142">
      </trkpt>
      <trkpt lat="29.6383246" lon="104.9968462">
      </trkpt>
      <trkpt lat="29.6379802" lon="104.9966445">
      </trkpt>
      <trkpt lat="29.6375064" lon="104.9963166">
      </trkpt>
      <trkpt lat="29.6364675" lon="104.9955534">
      </trkpt>
      <trkpt lat="29.6356369" lon="104.9949412">
      </trkpt>
      <trkpt lat="29.6353872" lon="104.9947278">
      </trkpt>
      <trkpt lat="29.6340273" lon="104.9937422">
      </trkpt>
      <trkpt lat="29.6336459" lon="104.9935457">
      </trkpt>
      <trkpt lat="29.6332353" lon="104.9933604">
      </trkpt>
      <trkpt lat="29.6326989" lon="104.9932028">
      </trkpt>
      <trkpt lat="29.6322926" lon="104.9931161">
      </trkpt>
      <trkpt lat="29.6320475" lon="104.9930622">
      </trkpt>
      <trkpt lat="29.6300939" lon="104.9926149">
      </trkpt>
      <trkpt lat="29.6285857" lon="104.992313">
      </trkpt>
      <trkpt lat="29.6282136" lon="104.9922931">
      </trkpt>
      <trkpt lat="29.6278153" lon="104.992315">
      </trkpt>
      <trkpt lat="29.6254732" lon="104.9927857">
      </trkpt>
      <trkpt lat="29.6251383" lon="104.9927866">
      </trkpt>
      <trkpt lat="29.6246708" lon="104.9927377">
      </trkpt>
      <trkpt lat="29.6226598" lon="104.9921107">
      </trkpt>
      <trkpt lat="29.6222342" lon="104.9920637">
      </trkpt>
      <trkpt lat="29.6218157" lon="104.9920893">
      </trkpt>
      <trkpt lat="29.6214063" lon="104.9921652">
      </trkpt>
      <trkpt lat="29.6199015" lon="104.9926658">
      </trkpt>
      <trkpt lat="29.6189198" lon="104.9930116">
      </trkpt>
      <trkpt lat="29.6177655" lon="104.9933687">
      </trkpt>
      <trkpt lat="29.617239" lon="104.9935971">
      </trkpt>
      <trkpt lat="29.6169326" lon="104.9937708">
      </trkpt>
      <trkpt lat="29.6166929" lon="104.9939802">
      </trkpt>
      <trkpt lat="29.6164568" lon="104.9942393">
      </trkpt>
      <trkpt lat="29.616223" lon="104.9945409">
      </trkpt>
      <trkpt lat="29.6160116" lon="104.994891">
      </trkpt>
      <trkpt lat="29.6154405" lon="104.9962392">
      </trkpt>
      <trkpt lat="29.6152588" lon="104.9965927">
      </trkpt>
      <trkpt lat="29.6150868" lon="104.9968841">
      </trkpt>
      <trkpt lat="29.6148258" lon="104.9972442">
      </trkpt>
      <trkpt lat="29.614722" lon="104.997376">
      </trkpt>
      <trkpt lat="29.6145496" lon="104.9975659">
      </trkpt>
      <trkpt lat="29.6142725" lon="104.997827">
      </trkpt>
      <trkpt lat="29.6139668" lon="104.9980634">
      </trkpt>
      <trkpt lat="29.6132405" lon="104.9984824">
      </trkpt>
      <trkpt lat="29.6124749" lon="104.9988397">
      </trkpt>
      <trkpt lat="29.60992" lon="105.000075">
      </trkpt>
      <trkpt lat="29.6093737" lon="105.0003851">
      </trkpt>
      <trkpt lat="29.6090038" lon="105.0007184">
      </trkpt>
      <trkpt lat="29.6088029" lon="105.0009439">
      </trkpt>
      <trkpt lat="29.6085845" lon="105.0011813">
      </trkpt>
      <trkpt lat="29.608327" lon="105.0016396">
      </trkpt>
      <trkpt lat="29.6081654" lon="105.0019769">
      </trkpt>
      <trkpt lat="29.6079763" lon="105.0024211">
      </trkpt>
      <trkpt lat="29.6075978" lon="105.0034085">
      </trkpt>
      <trkpt lat="29.6075136" lon="105.0036336">
      </trkpt>
      <trkpt lat="29.6064589" lon="105.006186">
      </trkpt>
      <trkpt lat="29.6060949" lon="105.0073552">
      </trkpt>
      <trkpt lat="29.6060017" lon="105.0082699">
      </trkpt>
      <trkpt lat="29.6059929" lon="105.0092305">
      </trkpt>
      <trkpt lat="29.606107" lon="105.0127623">
      </trkpt>
      <trkpt lat="29.6060698" lon="105.013812">
      </trkpt>
      <trkpt lat="29.6059789" lon="105.014758">
      </trkpt>
      <trkpt lat="29.6057791" lon="105.0160816">
      </trkpt>
      <trkpt lat="29.605639" lon="105.0167548">
      </trkpt>
      <trkpt lat="29.605277" lon="105.0182006">
      </trkpt>
      <trkpt lat="29.6049097" lon="105.0197643">
      </trkpt>
      <trkpt lat="29.604425" lon="105.0218664">
      </trkpt>
      <trkpt lat="29.60416" lon="105.0226651">
      </trkpt>
      <trkpt lat="29.6038616" lon="105.0232412">
      </trkpt>
      <trkpt lat="29.6036213" lon="105.0235824">
      </trkpt>
      <trkpt lat="29.6032923" lon="105.0239463">
      </trkpt>
      <trkpt lat="29.6031147" lon="105.02413">
      </trkpt>
      <trkpt lat="29.6028343" lon="105.0243216">
      </trkpt>
      <trkpt lat="29.6025823" lon="105.0244877">
      </trkpt>
      <trkpt lat="29.6022739" lon="105.0246514">
      </trkpt>
      <trkpt lat="29.60168" lon="105.0248412">
      </trkpt>
      <trkpt lat="29.6008555" lon="105.0250018">
      </trkpt>
      <trkpt lat="29.6001083" lon="105.0251966">
      </trkpt>
      <trkpt lat="29.5984031" lon="105.0255713">
      </trkpt>
      <trkpt lat="29.5979445" lon="105.025678">
      </trkpt>
      <trkpt lat="29.5975448" lon="105.0258207">
      </trkpt>
      <trkpt lat="29.5972183" lon="105.025987">
      </trkpt>
      <trkpt lat="29.5968871" lon="105.0262231">
      </trkpt>
      <trkpt lat="29.5964992" lon="105.0266378">
      </trkpt>
      <trkpt lat="29.5963766" lon="105.0267789">
      </trkpt>
      <trkpt lat="29.5950778" lon="105.0282093">
      </trkpt>
      <trkpt lat="29.5945827" lon="105.0287602">
      </trkpt>
      <trkpt lat="29.593952" lon="105.029557">
      </trkpt>
      <trkpt lat="29.5936733" lon="105.0298588">
      </trkpt>
      <trkpt lat="29.5926307" lon="105.0310457">
      </trkpt>
      <trkpt lat="29.5885265" lon="105.0357644">
      </trkpt>
      <trkpt lat="29.5877199" lon="105.0366888">
      </trkpt>
      <trkpt lat="29.5875678" lon="105.0368599">
      </trkpt>
      <trkpt lat="29.5873525" lon="105.0371021">
      </trkpt>
      <trkpt lat="29.5864102" lon="105.0381938">
      </trkpt>
      <trkpt lat="29.5860638" lon="105.0385944">
      </trkpt>
      <trkpt lat="29.5857784" lon="105.0389176">
      </trkpt>
      <trkpt lat="29.5853092" lon="105.039449">
      </trkpt>
      <trkpt lat="29.584623" lon="105.0402496">
      </trkpt>
      <trkpt lat="29.5840216" lon="105.0409658">
      </trkpt>
      <trkpt lat="29.5838266" lon="105.041198">
      </trkpt>
      <trkpt lat="29.5836096" lon="105.0414343">
      </trkpt>
      <trkpt lat="29.583399" lon="105.0416637">
      </trkpt>
      <trkpt lat="29.583346" lon="105.0417215">
      </trkpt>
      <trkpt lat="29.5824504" lon="105.0427882">
      </trkpt>
      <trkpt lat="29.5821654" lon="105.0431502">
      </trkpt>
      <trkpt lat="29.5819635" lon="105.0434753">
      </trkpt>
      <trkpt lat="29.5818294" lon="105.04373">
      </trkpt>
      <trkpt lat="29.5816954" lon="105.0440093">
      </trkpt>
      <trkpt lat="29.581484" lon="105.044662">
      </trkpt>
      <trkpt lat="29.5814206" lon="105.0449927">
      </trkpt>
      <trkpt lat="29.5813756" lon="105.045321">
      </trkpt>
      <trkpt lat="29.5813413" lon="105.0459711">
      </trkpt>
      <trkpt lat="29.5814004" lon="105.0466042">
      </trkpt>
      <trkpt lat="29.581462" lon="105.0470833">
      </trkpt>
      <trkpt lat="29.5815374" lon="105.047488">
      </trkpt>
      <trkpt lat="29.5817732" lon="105.0482836">
      </trkpt>
      <trkpt lat="29.5819729" lon="105.0487055">
      </trkpt>
      <trkpt lat="29.5822819" lon="105.049148">
      </trkpt>
      <trkpt lat="29.5836577" lon="105.0507907">
      </trkpt>
      <trkpt lat="29.5838542" lon="105.0511117">
      </trkpt>
      <trkpt lat="29.5840072" lon="105.0514666">
      </trkpt>
      <trkpt lat="29.5841838" lon="105.0519637">
      </trkpt>
      <trkpt lat="29.5842929" lon="105.0524352">
      </trkpt>
      <trkpt lat="29.5843824" lon="105.0529752">
      </trkpt>
      <trkpt lat="29.5843729" lon="105.0535441">
      </trkpt>
      <trkpt lat="29.5843037" lon="105.0541361">
      </trkpt>
      <trkpt lat="29.5840174" lon="105.0561008">
      </trkpt>
      <trkpt lat="29.5839148" lon="105.056666">
      </trkpt>
      <trkpt lat="29.5838467" lon="105.0569209">
      </trkpt>
      <trkpt lat="29.58376" lon="105.0571758">
      </trkpt>
      <trkpt lat="29.5834565" lon="105.0577519">
      </trkpt>
      <trkpt lat="29.5831144" lon="105.0581782">
      </trkpt>
      <trkpt lat="29.5826861" lon="105.05854">
      </trkpt>
      <trkpt lat="29.5822386" lon="105.0587862">
      </trkpt>
      <trkpt lat="29.5816016" lon="105.0590584">
      </trkpt>
      <trkpt lat="29.5790243" lon="105.0601856">
      </trkpt>
      <trkpt lat="29.5786178" lon="105.0603765">
      </trkpt>
      <trkpt lat="29.5782446" lon="105.0606038">
      </trkpt>
      <trkpt lat="29.5776765" lon="105.0609412">
      </trkpt>
      <trkpt lat="29.5769832" lon="105.0615102">
      </trkpt>
      <trkpt lat="29.5765663" lon="105.0617527">
      </trkpt>
      <trkpt lat="29.5751231" lon="105.062779">
      </trkpt>
      <trkpt lat="29.5746592" lon="105.063005">
      </trkpt>
      <trkpt lat="29.5743509" lon="105.0631252">
      </trkpt>
      <trkpt lat="29.5735454" lon="105.0632412">
      </trkpt>
      <trkpt lat="29.5720269" lon="105.0631615">
      </trkpt>
      <trkpt lat="29.5658761" lon="105.0624925">
      </trkpt>
      <trkpt lat="29.5650171" lon="105.0624853">
      </trkpt>
      <trkpt lat="29.5641986" lon="105.0626088">
      </trkpt>
      <trkpt lat="29.5638737" lon="105.0626987">
      </trkpt>
      <trkpt lat="29.5623391" lon="105.0630658">
      </trkpt>
      <trkpt lat="29.5617935" lon="105.0632488">
      </trkpt>
      <trkpt lat="29.5612748" lon="105.0635179">
      </trkpt>
      <trkpt lat="29.5607893" lon="105.0638468">
      </trkpt>
      <trkpt lat="29.5589347" lon="105.0650617">
      </trkpt>
      <trkpt lat="29.5578056" lon="105.0657831">
      </trkpt>
      <trkpt lat="29.5572217" lon="105.0659496">
      </trkpt>
      <trkpt lat="29.5556895" lon="105.0657741">
      </trkpt>
      <trkpt lat="29.5504471" lon="105.0643767">
      </trkpt>
      <trkpt lat="29.5494936" lon="105.0641535">
      </trkpt>
      <trkpt lat="29.5488634" lon="105.0640549">
      </trkpt>
      <trkpt lat="29.548213" lon="105.0640766">
      </trkpt>
      <trkpt lat="29.5475193" lon="105.0643025">
      </trkpt>
      <trkpt lat="29.5467775" lon="105.0647351">
      </trkpt>
      <trkpt lat="29.5432855" lon="105.0674642">
      </trkpt>
      <trkpt lat="29.5421036" lon="105.0686354">
      </trkpt>
      <trkpt lat="29.541533" lon="105.069303">
      </trkpt>
      <trkpt lat="29.5407382" lon="105.0699472">
      </trkpt>
      <trkpt lat="29.5382655" lon="105.0713731">
      </trkpt>
      <trkpt lat="29.5373891" lon="105.0722632">
      </trkpt>
      <trkpt lat="29.536523" lon="105.0736101">
      </trkpt>
      <trkpt lat="29.5348374" lon="105.0777781">
      </trkpt>
      <trkpt lat="29.5345222" lon="105.0785379">
      </trkpt>
      <trkpt lat="29.5341889" lon="105.0792502">
      </trkpt>
      <trkpt lat="29.5336989" lon="105.0799396">
      </trkpt>
      <trkpt lat="29.5336663" lon="105.0799696">
      </trkpt>
      <trkpt lat="29.5332007" lon="105.0803977">
      </trkpt>
      <trkpt lat="29.5329784" lon="105.0806021">
      </trkpt>
      <trkpt lat="29.5322001" lon="105.0810514">
      </trkpt>
      <trkpt lat="29.5312922" lon="105.0812999">
      </trkpt>
      <trkpt lat="29.530849" lon="105.0813413">
      </trkpt>
      <trkpt lat="29.5292007" lon="105.081275">
      </trkpt>
      <trkpt lat="29.5284945" lon="105.0812647">
      </trkpt>
      <trkpt lat="29.5274604" lon="105.0813827">
      </trkpt>
      <trkpt lat="29.5267218" lon="105.0816125">
      </trkpt>
      <trkpt lat="29.5252716" lon="105.0821053">
      </trkpt>
      <trkpt lat="29.5231727" lon="105.0828092">
      </trkpt>
      <trkpt lat="29.5230127" lon="105.0828636">
      </trkpt>
      <trkpt lat="29.5215552" lon="105.0833588">
      </trkpt>
      <trkpt lat="29.5211495" lon="105.0834966">
      </trkpt>
      <trkpt lat="29.5209859" lon="105.0835772">
      </trkpt>
      <trkpt lat="29.520228" lon="105.0838853">
      </trkpt>
      <trkpt lat="29.5201411" lon="105.0839932">
      </trkpt>
      <trkpt lat="29.519036" lon="105.0846952">
      </trkpt>
      <trkpt lat="29.5184648" lon="105.085089">
      </trkpt>
      <trkpt lat="29.5172188" lon="105.0861932">
      </trkpt>
      <trkpt lat="29.5170338" lon="105.0863006">
      </trkpt>
      <trkpt lat="29.5167252" lon="105.0865425">
      </trkpt>
      <trkpt lat="29.5162038" lon="105.0870596">
      </trkpt>
      <trkpt lat="29.5135588" lon="105.089246">
      </trkpt>
      <trkpt lat="29.5114989" lon="105.0909331">
      </trkpt>
      <trkpt lat="29.5113488" lon="105.0910561">
      </trkpt>
      <trkpt lat="29.5093704" lon="105.0927533">
      </trkpt>
      <trkpt lat="29.5085499" lon="105.0932452">
      </trkpt>
      <trkpt lat="29.5065647" lon="105.0940644">
      </trkpt>
      <trkpt lat="29.5061087" lon="105.094188">
      </trkpt>
      <trkpt lat="29.5045943" lon="105.0943338">
      </trkpt>
      <trkpt lat="29.5044636" lon="105.0943464">
      </trkpt>
      <trkpt lat="29.5042841" lon="105.0943637">
      </trkpt>
      <trkpt lat="29.5026399" lon="105.0944005">
      </trkpt>
      <trkpt lat="29.4994739" lon="105.0945024">
      </trkpt>
      <trkpt lat="29.4986914" lon="105.0945211">
      </trkpt>
      <trkpt lat="29.4975865" lon="105.0945346">
      </trkpt>
      <trkpt lat="29.497207" lon="105.0946194">
      </trkpt>
      <trkpt lat="29.4968769" lon="105.0947554">
      </trkpt>
      <trkpt lat="29.4964133" lon="105.0950539">
      </trkpt>
      <trkpt lat="29.4957188" lon="105.0956195">
      </trkpt>
      <trkpt lat="29.4956011" lon="105.0957175">
      </trkpt>
      <trkpt lat="29.4954258" lon="105.0958663">
      </trkpt>
      <trkpt lat="29.4951329" lon="105.0961141">
      </trkpt>
      <trkpt lat="29.4948181" lon="105.096367">
      </trkpt>
      <trkpt lat="29.4942725" lon="105.0966847">
      </trkpt>
      <trkpt lat="29.4937483" lon="105.0969095">
      </trkpt>
      <trkpt lat="29.4932367" lon="105.0970849">
      </trkpt>
      <trkpt lat="29.4923736" lon="105.0973268">
      </trkpt>
      <trkpt lat="29.4914223" lon="105.0976359">
      </trkpt>
      <trkpt lat="29.490446" lon="105.0980714">
      </trkpt>
      <trkpt lat="29.4892865" lon="105.0987262">
      </trkpt>
      <trkpt lat="29.4876776" lon="105.099986">
      </trkpt>
      <trkpt lat="29.4874701" lon="105.1001678">
      </trkpt>
      <trkpt lat="29.4859487" lon="105.1015009">
      </trkpt>
      <trkpt lat="29.485025" lon="105.1020591">
      </trkpt>
      <trkpt lat="29.484936" lon="105.1020847">
      </trkpt>
      <trkpt lat="29.4840469" lon="105.1022758">
      </trkpt>
      <trkpt lat="29.4825145" lon="105.1024106">
      </trkpt>
      <trkpt lat="29.4819402" lon="105.1024018">
      </trkpt>
      <trkpt lat="29.4814477" lon="105.1024568">
      </trkpt>
      <trkpt lat="29.480976" lon="105.1025775">
      </trkpt>
      <trkpt lat="29.4807952" lon="105.1026453">
      </trkpt>
      <trkpt lat="29.4804016" lon="105.1028752">
      </trkpt>
      <trkpt lat="29.4800697" lon="105.1031106">
      </trkpt>
      <trkpt lat="29.4795597" lon="105.1035996">
      </trkpt>
      <trkpt lat="29.4778065" lon="105.1056259">
      </trkpt>
      <trkpt lat="29.477048" lon="105.1063903">
      </trkpt>
      <trkpt lat="29.4765006" lon="105.1067273">
      </trkpt>
      <trkpt lat="29.4756052" lon="105.107135">
      </trkpt>
      <trkpt lat="29.4750115" lon="105.1073888">
      </trkpt>
      <trkpt lat="29.4748691" lon="105.1074581">
      </trkpt>
      <trkpt lat="29.4740651" lon="105.1078622">
      </trkpt>
      <trkpt lat="29.4718925" lon="105.1088493">
      </trkpt>
      <trkpt lat="29.4716082" lon="105.108976">
      </trkpt>
      <trkpt lat="29.4714222" lon="105.1090588">
      </trkpt>
      <trkpt lat="29.4713583" lon="105.1090893">
      </trkpt>
      <trkpt lat="29.4707698" lon="105.1093705">
      </trkpt>
      <trkpt lat="29.4695031" lon="105.1100404">
      </trkpt>
      <trkpt lat="29.4679823" lon="105.1113104">
      </trkpt>
      <trkpt lat="29.4671961" lon="105.1120117">
      </trkpt>
      <trkpt lat="29.4670591" lon="105.1122187">
      </trkpt>
      <trkpt lat="29.465635" lon="105.1142285">
      </trkpt>
      <trkpt lat="29.4650248" lon="105.1149378">
      </trkpt>
      <trkpt lat="29.4630892" lon="105.1164723">
      </trkpt>
      <trkpt lat="29.4624844" lon="105.1169285">
      </trkpt>
      <trkpt lat="29.4620201" lon="105.1173609">
      </trkpt>
      <trkpt lat="29.461829" lon="105.1175388">
      </trkpt>
      <trkpt lat="29.4612698" lon="105.1182479">
      </trkpt>
      <trkpt lat="29.4606724" lon="105.119437">
      </trkpt>
      <trkpt lat="29.4605208" lon="105.1197388">
      </trkpt>
      <trkpt lat="29.4603069" lon="105.1201938">
      </trkpt>
      <trkpt lat="29.4589792" lon="105.1230178">
      </trkpt>
      <trkpt lat="29.4580523" lon="105.1249334">
      </trkpt>
      <trkpt lat="29.4575406" lon="105.1260482">
      </trkpt>
      <trkpt lat="29.4570873" lon="105.127042">
      </trkpt>
      <trkpt lat="29.4562975" lon="105.1287335">
      </trkpt>
      <trkpt lat="29.456114" lon="105.1290517">
      </trkpt>
      <trkpt lat="29.4553746" lon="105.1306736">
      </trkpt>
      <trkpt lat="29.454936" lon="105.131657">
      </trkpt>
      <trkpt lat="29.4542503" lon="105.1331567">
      </trkpt>
      <trkpt lat="29.4540056" lon="105.133532">
      </trkpt>
      <trkpt lat="29.4535038" lon="105.1343017">
      </trkpt>
      <trkpt lat="29.4531407" lon="105.1346592">
      </trkpt>
      <trkpt lat="29.4529638" lon="105.1348511">
      </trkpt>
      <trkpt lat="29.4526871" lon="105.1351271">
      </trkpt>
      <trkpt lat="29.4515601" lon="105.1361822">
      </trkpt>
      <trkpt lat="29.4508239" lon="105.1368479">
      </trkpt>
      <trkpt lat="29.4503008" lon="105.1373265">
      </trkpt>
      <trkpt lat="29.4499841" lon="105.1375881">
      </trkpt>
      <trkpt lat="29.4494477" lon="105.1380241">
      </trkpt>
      <trkpt lat="29.4492035" lon="105.1382109">
      </trkpt>
      <trkpt lat="29.4483162" lon="105.1388899">
      </trkpt>
      <trkpt lat="29.4477018" lon="105.1393731">
      </trkpt>
      <trkpt lat="29.4467207" lon="105.1401228">
      </trkpt>
      <trkpt lat="29.4445685" lon="105.1418408">
      </trkpt>
      <trkpt lat="29.442813" lon="105.14315">
      </trkpt>
      <trkpt lat="29.4424569" lon="105.1434156">
      </trkpt>
      <trkpt lat="29.4419888" lon="105.1437824">
      </trkpt>
      <trkpt lat="29.4414822" lon="105.1442359">
      </trkpt>
      <trkpt lat="29.4410548" lon="105.1446808">
      </trkpt>
      <trkpt lat="29.4404078" lon="105.1453432">
      </trkpt>
      <trkpt lat="29.4401246" lon="105.1456391">
      </trkpt>
      <trkpt lat="29.439939" lon="105.1458151">
      </trkpt>
      <trkpt lat="29.4395808" lon="105.1460675">
      </trkpt>
      <trkpt lat="29.4394152" lon="105.1461646">
      </trkpt>
      <trkpt lat="29.4392428" lon="105.1462423">
      </trkpt>
      <trkpt lat="29.4388618" lon="105.1463739">
      </trkpt>
      <trkpt lat="29.4386316" lon="105.146446">
      </trkpt>
      <trkpt lat="29.4381052" lon="105.1465942">
      </trkpt>
      <trkpt lat="29.4375838" lon="105.1467627">
      </trkpt>
      <trkpt lat="29.4373266" lon="105.146867">
      </trkpt>
      <trkpt lat="29.4370849" lon="105.1469634">
      </trkpt>
      <trkpt lat="29.4367998" lon="105.1471433">
      </trkpt>
      <trkpt lat="29.4363847" lon="105.1474726">
      </trkpt>
      <trkpt lat="29.4360517" lon="105.1478046">
      </trkpt>
      <trkpt lat="29.4358438" lon="105.1480331">
      </trkpt>
      <trkpt lat="29.4356279" lon="105.1483333">
      </trkpt>
      <trkpt lat="29.4353441" lon="105.1487466">
      </trkpt>
      <trkpt lat="29.435173" lon="105.1490055">
      </trkpt>
      <trkpt lat="29.4349494" lon="105.1494156">
      </trkpt>
      <trkpt lat="29.4348057" lon="105.1497157">
      </trkpt>
      <trkpt lat="29.4346743" lon="105.1500839">
      </trkpt>
      <trkpt lat="29.4345674" lon="105.1505287">
      </trkpt>
      <trkpt lat="29.434517" lon="105.1507996">
      </trkpt>
      <trkpt lat="29.4345163" lon="105.1508106">
      </trkpt>
      <trkpt lat="29.4344507" lon="105.1516864">
      </trkpt>
      <trkpt lat="29.434349" lon="105.1536727">
      </trkpt>
      <trkpt lat="29.4343055" lon="105.1541146">
      </trkpt>
      <trkpt lat="29.4342555" lon="105.1544188">
      </trkpt>
      <trkpt lat="29.4341762" lon="105.154814">
      </trkpt>
      <trkpt lat="29.4340533" lon="105.1552457">
      </trkpt>
      <trkpt lat="29.4339394" lon="105.155568">
      </trkpt>
      <trkpt lat="29.4338675" lon="105.1557419">
      </trkpt>
      <trkpt lat="29.4337888" lon="105.1559144">
      </trkpt>
      <trkpt lat="29.433545" lon="105.1564011">
      </trkpt>
      <trkpt lat="29.4333683" lon="105.1566941">
      </trkpt>
      <trkpt lat="29.4331501" lon="105.1570033">
      </trkpt>
      <trkpt lat="29.4329698" lon="105.1572209">
      </trkpt>
      <trkpt lat="29.4321837" lon="105.1580792">
      </trkpt>
      <trkpt lat="29.4310365" lon="105.1593089">
      </trkpt>
      <trkpt lat="29.4302815" lon="105.1601148">
      </trkpt>
      <trkpt lat="29.4297205" lon="105.1607155">
      </trkpt>
      <trkpt lat="29.4293393" lon="105.1610689">
      </trkpt>
      <trkpt lat="29.4289563" lon="105.16141">
      </trkpt>
      <trkpt lat="29.4286136" lon="105.1616672">
      </trkpt>
      <trkpt lat="29.4282474" lon="105.1619121">
      </trkpt>
      <trkpt lat="29.4279502" lon="105.162097">
      </trkpt>
      <trkpt lat="29.4276473" lon="105.1622424">
      </trkpt>
      <trkpt lat="29.4272676" lon="105.1623999">
      </trkpt>
      <trkpt lat="29.4268128" lon="105.1625814">
      </trkpt>
      <trkpt lat="29.425041" lon="105.1632852">
      </trkpt>
      <trkpt lat="29.4244494" lon="105.1635199">
      </trkpt>
      <trkpt lat="29.4238076" lon="105.163801">
      </trkpt>
      <trkpt lat="29.4232866" lon="105.1640565">
      </trkpt>
      <trkpt lat="29.4228448" lon="105.164325">
      </trkpt>
      <trkpt lat="29.4221993" lon="105.164755">
      </trkpt>
      <trkpt lat="29.4218731" lon="105.1650023">
      </trkpt>
      <trkpt lat="29.4214785" lon="105.1653246">
      </trkpt>
      <trkpt lat="29.4208206" lon="105.165971">
      </trkpt>
      <trkpt lat="29.4205922" lon="105.1661678">
      </trkpt>
      <trkpt lat="29.4202886" lon="105.1665645">
      </trkpt>
      <trkpt lat="29.4202475" lon="105.1666104">
      </trkpt>
      <trkpt lat="29.4198291" lon="105.167135">
      </trkpt>
      <trkpt lat="29.4194639" lon="105.1676712">
      </trkpt>
      <trkpt lat="29.4192785" lon="105.1679614">
      </trkpt>
      <trkpt lat="29.4185959" lon="105.1691669">
      </trkpt>
      <trkpt lat="29.41746" lon="105.1712777">
      </trkpt>
      <trkpt lat="29.4167016" lon="105.1726463">
      </trkpt>
      <trkpt lat="29.4164059" lon="105.173178">
      </trkpt>
      <trkpt lat="29.4161136" lon="105.1736955">
      </trkpt>
      <trkpt lat="29.4146559" lon="105.1763241">
      </trkpt>
      <trkpt lat="29.4144882" lon="105.176651">
      </trkpt>
      <trkpt lat="29.4144453" lon="105.1767228">
      </trkpt>
      <trkpt lat="29.4143331" lon="105.1769129">
      </trkpt>
      <trkpt lat="29.4141332" lon="105.1772182">
      </trkpt>
      <trkpt lat="29.4136403" lon="105.1779264">
      </trkpt>
      <trkpt lat="29.4120733" lon="105.1796608">
      </trkpt>
      <trkpt lat="29.4119845" lon="105.1798046">
      </trkpt>
      <trkpt lat="29.4109894" lon="105.1808793">
      </trkpt>
      <trkpt lat="29.4104682" lon="105.1814959">
      </trkpt>
      <trkpt lat="29.4097399" lon="105.1822871">
      </trkpt>
      <trkpt lat="29.4093774" lon="105.1826863">
      </trkpt>
      <trkpt lat="29.4086709" lon="105.1834995">
      </trkpt>
      <trkpt lat="29.4081947" lon="105.1839536">
      </trkpt>
      <trkpt lat="29.4070007" lon="105.18494">
      </trkpt>
      <trkpt lat="29.4062828" lon="105.1855339">
      </trkpt>
      <trkpt lat="29.4058672" lon="105.185912">
      </trkpt>
      <trkpt lat="29.4054826" lon="105.1863251">
      </trkpt>
      <trkpt lat="29.4041416" lon="105.1879591">
      </trkpt>
      <trkpt lat="29.4040862" lon="105.1880266">
      </trkpt>
      <trkpt lat="29.4036082" lon="105.1886451">
      </trkpt>
      <trkpt lat="29.4035269" lon="105.1887632">
      </trkpt>
      <trkpt lat="29.4034525" lon="105.1888992">
      </trkpt>
      <trkpt lat="29.4031795" lon="105.1894355">
      </trkpt>
      <trkpt lat="29.4028746" lon="105.1901971">
      </trkpt>
      <trkpt lat="29.4020219" lon="105.19414">
      </trkpt>
      <trkpt lat="29.4019241" lon="105.1945113">
      </trkpt>
      <trkpt lat="29.4017402" lon="105.1949704">
      </trkpt>
      <trkpt lat="29.4015189" lon="105.1954966">
      </trkpt>
      <trkpt lat="29.4012671" lon="105.1959678">
      </trkpt>
      <trkpt lat="29.4004617" lon="105.1975888">
      </trkpt>
      <trkpt lat="29.3991165" lon="105.2003946">
      </trkpt>
      <trkpt lat="29.3984549" lon="105.2017057">
      </trkpt>
      <trkpt lat="29.3981628" lon="105.2022213">
      </trkpt>
      <trkpt lat="29.3978708" lon="105.2027193">
      </trkpt>
      <trkpt lat="29.3964667" lon="105.2049568">
      </trkpt>
      <trkpt lat="29.3963709" lon="105.2051086">
      </trkpt>
      <trkpt lat="29.3949075" lon="105.2074369">
      </trkpt>
      <trkpt lat="29.3947737" lon="105.207651">
      </trkpt>
      <trkpt lat="29.393992" lon="105.2089008">
      </trkpt>
      <trkpt lat="29.3939143" lon="105.2090261">
      </trkpt>
      <trkpt lat="29.3929216" lon="105.2106056">
      </trkpt>
      <trkpt lat="29.3917704" lon="105.212394">
      </trkpt>
      <trkpt lat="29.3913888" lon="105.2130293">
      </trkpt>
      <trkpt lat="29.3910035" lon="105.213616">
      </trkpt>
      <trkpt lat="29.3906151" lon="105.2142303">
      </trkpt>
      <trkpt lat="29.3903782" lon="105.2145981">
      </trkpt>
      <trkpt lat="29.3900386" lon="105.2151075">
      </trkpt>
      <trkpt lat="29.3899696" lon="105.2152147">
      </trkpt>
      <trkpt lat="29.3898668" lon="105.2153747">
      </trkpt>
      <trkpt lat="29.3895061" lon="105.2159527">
      </trkpt>
      <trkpt lat="29.3890663" lon="105.2166004">
      </trkpt>
      <trkpt lat="29.3885877" lon="105.2172542">
      </trkpt>
      <trkpt lat="29.3881187" lon="105.2179317">
      </trkpt>
      <trkpt lat="29.3876122" lon="105.2186726">
      </trkpt>
      <trkpt lat="29.3873716" lon="105.2190404">
      </trkpt>
      <trkpt lat="29.3870276" lon="105.2197555">
      </trkpt>
      <trkpt lat="29.3868811" lon="105.2200897">
      </trkpt>
      <trkpt lat="29.3863431" lon="105.2217395">
      </trkpt>
      <trkpt lat="29.3837766" lon="105.229507">
      </trkpt>
      <trkpt lat="29.3832526" lon="105.2310929">
      </trkpt>
      <trkpt lat="29.3830335" lon="105.2318634">
      </trkpt>
      <trkpt lat="29.382863" lon="105.2327954">
      </trkpt>
      <trkpt lat="29.3826655" lon="105.2339327">
      </trkpt>
      <trkpt lat="29.3822536" lon="105.2361848">
      </trkpt>
      <trkpt lat="29.3820686" lon="105.2371688">
      </trkpt>
      <trkpt lat="29.381752" lon="105.2382761">
      </trkpt>
      <trkpt lat="29.3810672" lon="105.2401785">
      </trkpt>
      <trkpt lat="29.3805539" lon="105.2418055">
      </trkpt>
      <trkpt lat="29.3798925" lon="105.2435201">
      </trkpt>
      <trkpt lat="29.3793699" lon="105.2447659">
      </trkpt>
      <trkpt lat="29.3791755" lon="105.2451475">
      </trkpt>
      <trkpt lat="29.3789904" lon="105.2454472">
      </trkpt>
      <trkpt lat="29.3786652" lon="105.2458947">
      </trkpt>
      <trkpt lat="29.3783816" lon="105.2462427">
      </trkpt>
      <trkpt lat="29.3778674" lon="105.2466066">
      </trkpt>
      <trkpt lat="29.3758444" lon="105.2479334">
      </trkpt>
      <trkpt lat="29.3755767" lon="105.2480928">
      </trkpt>
      <trkpt lat="29.3736052" lon="105.2493585">
      </trkpt>
      <trkpt lat="29.3700744" lon="105.2518781">
      </trkpt>
      <trkpt lat="29.3679133" lon="105.253449">
      </trkpt>
      <trkpt lat="29.3675242" lon="105.2537927">
      </trkpt>
      <trkpt lat="29.3670983" lon="105.2542093">
      </trkpt>
      <trkpt lat="29.3665019" lon="105.2548507">
      </trkpt>
      <trkpt lat="29.365853" lon="105.2556599">
      </trkpt>
      <trkpt lat="29.3652647" lon="105.2566151">
      </trkpt>
      <trkpt lat="29.3648703" lon="105.2574203">
      </trkpt>
      <trkpt lat="29.3645188" lon="105.2582395">
      </trkpt>
      <trkpt lat="29.3642288" lon="105.2591101">
      </trkpt>
      <trkpt lat="29.363742" lon="105.2610235">
      </trkpt>
      <trkpt lat="29.3635411" lon="105.2618567">
      </trkpt>
      <trkpt lat="29.3633376" lon="105.262573">
      </trkpt>
      <trkpt lat="29.3631618" lon="105.2633023">
      </trkpt>
      <trkpt lat="29.3630014" lon="105.2639202">
      </trkpt>
      <trkpt lat="29.3628943" lon="105.264345">
      </trkpt>
      <trkpt lat="29.362761" lon="105.2648229">
      </trkpt>
      <trkpt lat="29.3626243" lon="105.2653419">
      </trkpt>
      <trkpt lat="29.3623086" lon="105.2663536">
      </trkpt>
      <trkpt lat="29.3618212" lon="105.2680281">
      </trkpt>
      <trkpt lat="29.3611653" lon="105.2702721">
      </trkpt>
      <trkpt lat="29.3609631" lon="105.2709469">
      </trkpt>
      <trkpt lat="29.3607548" lon="105.2716304">
      </trkpt>
      <trkpt lat="29.3606572" lon="105.271961">
      </trkpt>
      <trkpt lat="29.3605021" lon="105.2725387">
      </trkpt>
      <trkpt lat="29.3604247" lon="105.2727738">
      </trkpt>
      <trkpt lat="29.3603043" lon="105.2731821">
      </trkpt>
      <trkpt lat="29.3601897" lon="105.2735576">
      </trkpt>
      <trkpt lat="29.3600106" lon="105.2741447">
      </trkpt>
      <trkpt lat="29.3599133" lon="105.2744639">
      </trkpt>
      <trkpt lat="29.3598042" lon="105.2748003">
      </trkpt>
      <trkpt lat="29.3596929" lon="105.2751213">
      </trkpt>
      <trkpt lat="29.3595792" lon="105.2754285">
      </trkpt>
      <trkpt lat="29.3581349" lon="105.279273">
      </trkpt>
      <trkpt lat="29.3578643" lon="105.2799815">
      </trkpt>
      <trkpt lat="29.3575919" lon="105.2807136">
      </trkpt>
      <trkpt lat="29.3573742" lon="105.2813303">
      </trkpt>
      <trkpt lat="29.3573317" lon="105.2814463">
      </trkpt>
      <trkpt lat="29.3570203" lon="105.2822681">
      </trkpt>
      <trkpt lat="29.3568912" lon="105.2825987">
      </trkpt>
      <trkpt lat="29.3567731" lon="105.2828836">
      </trkpt>
      <trkpt lat="29.3566919" lon="105.2830721">
      </trkpt>
      <trkpt lat="29.3566115" lon="105.2832522">
      </trkpt>
      <trkpt lat="29.3565563" lon="105.2833662">
      </trkpt>
      <trkpt lat="29.3564634" lon="105.2835555">
      </trkpt>
      <trkpt lat="29.3563659" lon="105.283737">
      </trkpt>
      <trkpt lat="29.3562243" lon="105.2840035">
      </trkpt>
      <trkpt lat="29.3560806" lon="105.284261">
      </trkpt>
      <trkpt lat="29.3558643" lon="105.2846123">
      </trkpt>
      <trkpt lat="29.355641" lon="105.2849536">
      </trkpt>
      <trkpt lat="29.3554417" lon="105.2852359">
      </trkpt>
      <trkpt lat="29.3553254" lon="105.2853969">
      </trkpt>
      <trkpt lat="29.3552091" lon="105.2855484">
      </trkpt>
      <trkpt lat="29.3550923" lon="105.2856926">
      </trkpt>
      <trkpt lat="29.3548801" lon="105.2859413">
      </trkpt>
      <trkpt lat="29.3547454" lon="105.2860936">
      </trkpt>
      <trkpt lat="29.35461" lon="105.2862424">
      </trkpt>
      <trkpt lat="29.3543307" lon="105.2865341">
      </trkpt>
      <trkpt lat="29.3540759" lon="105.2867829">
      </trkpt>
      <trkpt lat="29.3538869" lon="105.2869604">
      </trkpt>
      <trkpt lat="29.3532459" lon="105.2875121">
      </trkpt>
      <trkpt lat="29.3525944" lon="105.2880856">
      </trkpt>
      <trkpt lat="29.3523915" lon="105.2882554">
      </trkpt>
      <trkpt lat="29.3521506" lon="105.2884492">
      </trkpt>
      <trkpt lat="29.3519297" lon="105.2886155">
      </trkpt>
      <trkpt lat="29.3517813" lon="105.2887201">
      </trkpt>
      <trkpt lat="29.3516512" lon="105.2888057">
      </trkpt>
      <trkpt lat="29.3515288" lon="105.2888807">
      </trkpt>
      <trkpt lat="29.3513914" lon="105.2889555">
      </trkpt>
      <trkpt lat="29.351295" lon="105.2890058">
      </trkpt>
      <trkpt lat="29.3511621" lon="105.2890702">
      </trkpt>
      <trkpt lat="29.3509683" lon="105.2891557">
      </trkpt>
      <trkpt lat="29.3508026" lon="105.2892224">
      </trkpt>
      <trkpt lat="29.3506307" lon="105.2892824">
      </trkpt>
      <trkpt lat="29.3505147" lon="105.2893209">
      </trkpt>
      <trkpt lat="29.3504014" lon="105.2893565">
      </trkpt>
      <trkpt lat="29.3501284" lon="105.2894396">
      </trkpt>
      <trkpt lat="29.3498595" lon="105.2895114">
      </trkpt>
      <trkpt lat="29.3495961" lon="105.2895711">
      </trkpt>
      <trkpt lat="29.3492685" lon="105.2896404">
      </trkpt>
      <trkpt lat="29.3490938" lon="105.2896834">
      </trkpt>
      <trkpt lat="29.3466845" lon="105.2902972">
      </trkpt>
      <trkpt lat="29.3463356" lon="105.2904002">
      </trkpt>
      <trkpt lat="29.3461474" lon="105.2904562">
      </trkpt>
      <trkpt lat="29.3459638" lon="105.2905199">
      </trkpt>
      <trkpt lat="29.3458382" lon="105.2905668">
      </trkpt>
      <trkpt lat="29.3457242" lon="105.2906145">
      </trkpt>
      <trkpt lat="29.3455611" lon="105.2906835">
      </trkpt>
      <trkpt lat="29.345382" lon="105.2907661">
      </trkpt>
      <trkpt lat="29.3451695" lon="105.2908726">
      </trkpt>
      <trkpt lat="29.3449521" lon="105.2909901">
      </trkpt>
      <trkpt lat="29.3448071" lon="105.2910731">
      </trkpt>
      <trkpt lat="29.3446995" lon="105.2911408">
      </trkpt>
      <trkpt lat="29.3445868" lon="105.2912226">
      </trkpt>
      <trkpt lat="29.344483" lon="105.2913019">
      </trkpt>
      <trkpt lat="29.3443892" lon="105.2913829">
      </trkpt>
      <trkpt lat="29.3443103" lon="105.291456">
      </trkpt>
      <trkpt lat="29.3441624" lon="105.2915988">
      </trkpt>
      <trkpt lat="29.3440736" lon="105.2916867">
      </trkpt>
      <trkpt lat="29.3439058" lon="105.291861">
      </trkpt>
      <trkpt lat="29.3437906" lon="105.2919884">
      </trkpt>
      <trkpt lat="29.3436871" lon="105.2921148">
      </trkpt>
      <trkpt lat="29.3435264" lon="105.2923036">
      </trkpt>
      <trkpt lat="29.3433832" lon="105.2924987">
      </trkpt>
      <trkpt lat="29.3432471" lon="105.2927005">
      </trkpt>
      <trkpt lat="29.3431576" lon="105.2928474">
      </trkpt>
      <trkpt lat="29.342936" lon="105.2932294">
      </trkpt>
      <trkpt lat="29.3403709" lon="105.2976754">
      </trkpt>
      <trkpt lat="29.3395242" lon="105.2991204">
      </trkpt>
      <trkpt lat="29.3393766" lon="105.2993472">
      </trkpt>
      <trkpt lat="29.3392173" lon="105.299559">
      </trkpt>
      <trkpt lat="29.3390378" lon="105.2997909">
      </trkpt>
      <trkpt lat="29.3388856" lon="105.2999678">
      </trkpt>
      <trkpt lat="29.3387847" lon="105.3000746">
      </trkpt>
      <trkpt lat="29.3386497" lon="105.3002074">
      </trkpt>
      <trkpt lat="29.3384819" lon="105.3003602">
      </trkpt>
      <trkpt lat="29.3383183" lon="105.3005044">
      </trkpt>
      <trkpt lat="29.3381376" lon="105.3006425">
      </trkpt>
      <trkpt lat="29.3379416" lon="105.300786">
      </trkpt>
      <trkpt lat="29.336142" lon="105.301985">
      </trkpt>
      <trkpt lat="29.3359011" lon="105.3021231">
      </trkpt>
      <trkpt lat="29.3357128" lon="105.3022142">
      </trkpt>
      <trkpt lat="29.3354452" lon="105.302335">
      </trkpt>
      <trkpt lat="29.33514" lon="105.3024504">
      </trkpt>
      <trkpt lat="29.3348746" lon="105.3025348">
      </trkpt>
      <trkpt lat="29.3346022" lon="105.3026086">
      </trkpt>
      <trkpt lat="29.334413" lon="105.3026551">
      </trkpt>
      <trkpt lat="29.3341579" lon="105.3027039">
      </trkpt>
      <trkpt lat="29.3339925" lon="105.302732">
      </trkpt>
      <trkpt lat="29.3338204" lon="105.3027517">
      </trkpt>
      <trkpt lat="29.3336494" lon="105.3027608">
      </trkpt>
      <trkpt lat="29.3334892" lon="105.3027581">
      </trkpt>
      <trkpt lat="29.333294" lon="105.3027461">
      </trkpt>
      <trkpt lat="29.3330893" lon="105.3027239">
      </trkpt>
      <trkpt lat="29.3328894" lon="105.3026918">
      </trkpt>
      <trkpt lat="29.3327433" lon="105.3026602">
      </trkpt>
      <trkpt lat="29.3326063" lon="105.3026276">
      </trkpt>
      <trkpt lat="29.33232" lon="105.3025429">
      </trkpt>
      <trkpt lat="29.3319972" lon="105.3024411">
      </trkpt>
      <trkpt lat="29.3317658" lon="105.3023444">
      </trkpt>
      <trkpt lat="29.331553" lon="105.3022479">
      </trkpt>
      <trkpt lat="29.331145" lon="105.3020293">
      </trkpt>
      <trkpt lat="29.3303116" lon="105.3015612">
      </trkpt>
      <trkpt lat="29.32923" lon="105.3010606">
      </trkpt>
      <trkpt lat="29.3282357" lon="105.3010214">
      </trkpt>
      <trkpt lat="29.3275109" lon="105.301239">
      </trkpt>
      <trkpt lat="29.3244141" lon="105.3031978">
      </trkpt>
      <trkpt lat="29.3235375" lon="105.3038159">
      </trkpt>
      <trkpt lat="29.3227177" lon="105.3047475">
      </trkpt>
      <trkpt lat="29.3223747" lon="105.3053377">
      </trkpt>
      <trkpt lat="29.3221267" lon="105.3059092">
      </trkpt>
      <trkpt lat="29.3217879" lon="105.3068151">
      </trkpt>
      <trkpt lat="29.3214312" lon="105.308887">
      </trkpt>
      <trkpt lat="29.3212452" lon="105.3098838">
      </trkpt>
      <trkpt lat="29.320934" lon="105.31065">
      </trkpt>
      <trkpt lat="29.3203951" lon="105.311329">
      </trkpt>
      <trkpt lat="29.3197423" lon="105.3118035">
      </trkpt>
      <trkpt lat="29.3180002" lon="105.3124477">
      </trkpt>
      <trkpt lat="29.3169945" lon="105.3129787">
      </trkpt>
      <trkpt lat="29.3160684" lon="105.3136534">
      </trkpt>
      <trkpt lat="29.3151598" lon="105.3146337">
      </trkpt>
      <trkpt lat="29.3147974" lon="105.3151774">
      </trkpt>
      <trkpt lat="29.3146068" lon="105.3154725">
      </trkpt>
      <trkpt lat="29.3145308" lon="105.3155905">
      </trkpt>
      <trkpt lat="29.3144606" lon="105.3157179">
      </trkpt>
      <trkpt lat="29.314387" lon="105.315856">
      </trkpt>
      <trkpt lat="29.3142483" lon="105.3161461">
      </trkpt>
      <trkpt lat="29.3137709" lon="105.3171679">
      </trkpt>
      <trkpt lat="29.3130872" lon="105.3186744">
      </trkpt>
      <trkpt lat="29.3128901" lon="105.319094">
      </trkpt>
      <trkpt lat="29.3126879" lon="105.3194719">
      </trkpt>
      <trkpt lat="29.3126081" lon="105.3196258">
      </trkpt>
      <trkpt lat="29.3125271" lon="105.3197821">
      </trkpt>
      <trkpt lat="29.3124561" lon="105.3199281">
      </trkpt>
      <trkpt lat="29.3123166" lon="105.3202401">
      </trkpt>
      <trkpt lat="29.3121817" lon="105.3205821">
      </trkpt>
      <trkpt lat="29.3119927" lon="105.3210692">
      </trkpt>
      <trkpt lat="29.3118141" lon="105.3215698">
      </trkpt>
      <trkpt lat="29.3116681" lon="105.3220586">
      </trkpt>
      <trkpt lat="29.3115968" lon="105.3223094">
      </trkpt>
      <trkpt lat="29.3115307" lon="105.3225775">
      </trkpt>
      <trkpt lat="29.3114751" lon="105.3228378">
      </trkpt>
      <trkpt lat="29.3113691" lon="105.3233627">
      </trkpt>
      <trkpt lat="29.3101754" lon="105.329734">
      </trkpt>
      <trkpt lat="29.310098" lon="105.3301675">
      </trkpt>
      <trkpt lat="29.3100521" lon="105.3304168">
      </trkpt>
      <trkpt lat="29.3098907" lon="105.3312924">
      </trkpt>
      <trkpt lat="29.3097234" lon="105.3321759">
      </trkpt>
      <trkpt lat="29.3096704" lon="105.3324155">
      </trkpt>
      <trkpt lat="29.3096135" lon="105.3326339">
      </trkpt>
      <trkpt lat="29.3095152" lon="105.3329685">
      </trkpt>
      <trkpt lat="29.3094385" lon="105.3331943">
      </trkpt>
      <trkpt lat="29.3093923" lon="105.3333146">
      </trkpt>
      <trkpt lat="29.3091995" lon="105.3337598">
      </trkpt>
      <trkpt lat="29.3090222" lon="105.3341377">
      </trkpt>
      <trkpt lat="29.3088063" lon="105.3345634">
      </trkpt>
      <trkpt lat="29.3073076" lon="105.3375188">
      </trkpt>
      <trkpt lat="29.3062093" lon="105.3396777">
      </trkpt>
      <trkpt lat="29.3056336" lon="105.3408095">
      </trkpt>
      <trkpt lat="29.3056005" lon="105.3408601">
      </trkpt>
      <trkpt lat="29.30492" lon="105.3419021">
      </trkpt>
      <trkpt lat="29.3042107" lon="105.3426903">
      </trkpt>
      <trkpt lat="29.3031101" lon="105.3437269">
      </trkpt>
      <trkpt lat="29.3026088" lon="105.3443423">
      </trkpt>
      <trkpt lat="29.3023253" lon="105.3447323">
      </trkpt>
      <trkpt lat="29.3015725" lon="105.3460207">
      </trkpt>
      <trkpt lat="29.3008649" lon="105.3473367">
      </trkpt>
      <trkpt lat="29.3003271" lon="105.3481691">
      </trkpt>
      <trkpt lat="29.2999888" lon="105.3486246">
      </trkpt>
      <trkpt lat="29.2987971" lon="105.3498743">
      </trkpt>
      <trkpt lat="29.2983139" lon="105.3505391">
      </trkpt>
      <trkpt lat="29.2979113" lon="105.3514994">
      </trkpt>
      <trkpt lat="29.2978093" lon="105.3520719">
      </trkpt>
      <trkpt lat="29.2978132" lon="105.3526203">
      </trkpt>
      <trkpt lat="29.2978916" lon="105.3531562">
      </trkpt>
      <trkpt lat="29.2980079" lon="105.3535678">
      </trkpt>
      <trkpt lat="29.29833" lon="105.3542203">
      </trkpt>
      <trkpt lat="29.2988975" lon="105.354883">
      </trkpt>
      <trkpt lat="29.2989152" lon="105.3549036">
      </trkpt>
      <trkpt lat="29.2999016" lon="105.3559526">
      </trkpt>
      <trkpt lat="29.3005052" lon="105.3566403">
      </trkpt>
      <trkpt lat="29.30065" lon="105.3568458">
      </trkpt>
      <trkpt lat="29.3018207" lon="105.3585073">
      </trkpt>
      <trkpt lat="29.3023242" lon="105.359222">
      </trkpt>
      <trkpt lat="29.3038911" lon="105.3614459">
      </trkpt>
      <trkpt lat="29.3040911" lon="105.3617355">
      </trkpt>
      <trkpt lat="29.3047817" lon="105.3627354">
      </trkpt>
      <trkpt lat="29.3068891" lon="105.3657871">
      </trkpt>
      <trkpt lat="29.3075745" lon="105.3668715">
      </trkpt>
      <trkpt lat="29.3080528" lon="105.3683689">
      </trkpt>
      <trkpt lat="29.3081489" lon="105.3692937">
      </trkpt>
      <trkpt lat="29.3081952" lon="105.3697393">
      </trkpt>
      <trkpt lat="29.3082274" lon="105.3700491">
      </trkpt>
      <trkpt lat="29.3083249" lon="105.3711841">
      </trkpt>
      <trkpt lat="29.3084002" lon="105.3720607">
      </trkpt>
      <trkpt lat="29.3086774" lon="105.3752868">
      </trkpt>
      <trkpt lat="29.308736" lon="105.375969">
      </trkpt>
      <trkpt lat="29.3088035" lon="105.3763111">
      </trkpt>
      <trkpt lat="29.309226" lon="105.3784538">
      </trkpt>
      <trkpt lat="29.3094999" lon="105.3797792">
      </trkpt>
      <trkpt lat="29.3099868" lon="105.3821353">
      </trkpt>
      <trkpt lat="29.3101859" lon="105.383099">
      </trkpt>
      <trkpt lat="29.310728" lon="105.3844535">
      </trkpt>
      <trkpt lat="29.3112078" lon="105.3852634">
      </trkpt>
      <trkpt lat="29.3138389" lon="105.3897048">
      </trkpt>
      <trkpt lat="29.3140744" lon="105.3901024">
      </trkpt>
      <trkpt lat="29.3143428" lon="105.3905688">
      </trkpt>
      <trkpt lat="29.3146862" lon="105.3911653">
      </trkpt>
      <trkpt lat="29.3147147" lon="105.3912148">
      </trkpt>
      <trkpt lat="29.3158581" lon="105.3932014">
      </trkpt>
      <trkpt lat="29.3174587" lon="105.3959917">
      </trkpt>
      <trkpt lat="29.3186032" lon="105.3979998">
      </trkpt>
      <trkpt lat="29.3188362" lon="105.3984085">
      </trkpt>
      <trkpt lat="29.3196338" lon="105.3999513">
      </trkpt>
      <trkpt lat="29.3210799" lon="105.4029792">
      </trkpt>
      <trkpt lat="29.3225821" lon="105.4062114">
      </trkpt>
      <trkpt lat="29.3237393" lon="105.4088751">
      </trkpt>
      <trkpt lat="29.3244442" lon="105.4102177">
      </trkpt>
      <trkpt lat="29.3273373" lon="105.4138831">
      </trkpt>
      <trkpt lat="29.3282049" lon="105.414908">
      </trkpt>
      <trkpt lat="29.3294705" lon="105.4164715">
      </trkpt>
      <trkpt lat="29.3304686" lon="105.418946">
      </trkpt>
      <trkpt lat="29.3307562" lon="105.4196807">
      </trkpt>
      <trkpt lat="29.3326955" lon="105.4246516">
      </trkpt>
      <trkpt lat="29.3329295" lon="105.4251843">
      </trkpt>
      <trkpt lat="29.3355797" lon="105.4301236">
      </trkpt>
      <trkpt lat="29.3368075" lon="105.432356">
      </trkpt>
      <trkpt lat="29.3379283" lon="105.4341997">
      </trkpt>
      <trkpt lat="29.3385732" lon="105.4358469">
      </trkpt>
      <trkpt lat="29.3389297" lon="105.4382734">
      </trkpt>
      <trkpt lat="29.3392016" lon="105.4396362">
      </trkpt>
      <trkpt lat="29.3399746" lon="105.4408841">
      </trkpt>
      <trkpt lat="29.3407764" lon="105.4422188">
      </trkpt>
      <trkpt lat="29.3414345" lon="105.4433143">
      </trkpt>
      <trkpt lat="29.341553" lon="105.4436502">
      </trkpt>
      <trkpt lat="29.3428229" lon="105.4465818">
      </trkpt>
      <trkpt lat="29.3438678" lon="105.4496523">
      </trkpt>
      <trkpt lat="29.3443687" lon="105.4515077">
      </trkpt>
      <trkpt lat="29.345113" lon="105.4559903">
      </trkpt>
      <trkpt lat="29.3453161" lon="105.4567276">
      </trkpt>
      <trkpt lat="29.3463868" lon="105.4604565">
      </trkpt>
      <trkpt lat="29.3468784" lon="105.4622622">
      </trkpt>
      <trkpt lat="29.3478038" lon="105.4656616">
      </trkpt>
      <trkpt lat="29.3487484" lon="105.4691261">
      </trkpt>
      <trkpt lat="29.3491868" lon="105.4720073">
      </trkpt>
      <trkpt lat="29.3493372" lon="105.473022">
      </trkpt>
      <trkpt lat="29.3493757" lon="105.4732435">
      </trkpt>
      <trkpt lat="29.3493935" lon="105.4733462">
      </trkpt>
      <trkpt lat="29.3494762" lon="105.4738219">
      </trkpt>
      <trkpt lat="29.3495025" lon="105.4739735">
      </trkpt>
      <trkpt lat="29.3497932" lon="105.4749551">
      </trkpt>
      <trkpt lat="29.3504608" lon="105.4762729">
      </trkpt>
      <trkpt lat="29.3509811" lon="105.477024">
      </trkpt>
      <trkpt lat="29.3530563" lon="105.4800617">
      </trkpt>
      <trkpt lat="29.3542884" lon="105.4828341">
      </trkpt>
      <trkpt lat="29.3548684" lon="105.4839715">
      </trkpt>
      <trkpt lat="29.3570867" lon="105.4890414">
      </trkpt>
      <trkpt lat="29.3575638" lon="105.4902602">
      </trkpt>
      <trkpt lat="29.3579003" lon="105.4915614">
      </trkpt>
      <trkpt lat="29.3582277" lon="105.4929198">
      </trkpt>
      <trkpt lat="29.3586447" lon="105.4942123">
      </trkpt>
      <trkpt lat="29.359074" lon="105.4951381">
      </trkpt>
      <trkpt lat="29.3607729" lon="105.4988735">
      </trkpt>
      <trkpt lat="29.3608903" lon="105.4990373">
      </trkpt>
      <trkpt lat="29.3615309" lon="105.5005088">
      </trkpt>
      <trkpt lat="29.3622836" lon="105.5021834">
      </trkpt>
      <trkpt lat="29.3633776" lon="105.5046176">
      </trkpt>
      <trkpt lat="29.3634786" lon="105.5048423">
      </trkpt>
      <trkpt lat="29.3638172" lon="105.5055957">
      </trkpt>
      <trkpt lat="29.3641372" lon="105.5063077">
      </trkpt>
      <trkpt lat="29.3655996" lon="105.5095181">
      </trkpt>
      <trkpt lat="29.3670534" lon="105.5126918">
      </trkpt>
      <trkpt lat="29.3682293" lon="105.5153784">
      </trkpt>
      <trkpt lat="29.3682783" lon="105.5154889">
      </trkpt>
      <trkpt lat="29.3683893" lon="105.5157338">
      </trkpt>
      <trkpt lat="29.3686495" lon="105.516308">
      </trkpt>
      <trkpt lat="29.368933" lon="105.5169335">
      </trkpt>
      <trkpt lat="29.3728446" lon="105.5255655">
      </trkpt>
      <trkpt lat="29.3730443" lon="105.5260063">
      </trkpt>
      <trkpt lat="29.3733105" lon="105.5265881">
      </trkpt>
      <trkpt lat="29.3735024" lon="105.5270249">
      </trkpt>
      <trkpt lat="29.37371" lon="105.52753">
      </trkpt>
      <trkpt lat="29.3739457" lon="105.5281441">
      </trkpt>
      <trkpt lat="29.3742771" lon="105.5289938">
      </trkpt>
      <trkpt lat="29.3746273" lon="105.5298536">
      </trkpt>
      <trkpt lat="29.3751116" lon="105.531097">
      </trkpt>
      <trkpt lat="29.3754389" lon="105.5319485">
      </trkpt>
      <trkpt lat="29.3756582" lon="105.5325068">
      </trkpt>
      <trkpt lat="29.3758934" lon="105.5330619">
      </trkpt>
      <trkpt lat="29.3759917" lon="105.5332878">
      </trkpt>
      <trkpt lat="29.376142" lon="105.533611">
      </trkpt>
      <trkpt lat="29.3762694" lon="105.5338796">
      </trkpt>
      <trkpt lat="29.376404" lon="105.5341559">
      </trkpt>
      <trkpt lat="29.3769727" lon="105.5352866">
      </trkpt>
      <trkpt lat="29.3777594" lon="105.5368719">
      </trkpt>
      <trkpt lat="29.378143" lon="105.5376395">
      </trkpt>
      <trkpt lat="29.3784641" lon="105.5382654">
      </trkpt>
      <trkpt lat="29.3789219" lon="105.539166">
      </trkpt>
      <trkpt lat="29.3796156" lon="105.5405704">
      </trkpt>
      <trkpt lat="29.380356" lon="105.5420687">
      </trkpt>
      <trkpt lat="29.3810173" lon="105.5433949">
      </trkpt>
      <trkpt lat="29.3818744" lon="105.5451416">
      </trkpt>
      <trkpt lat="29.3826939" lon="105.5465314">
      </trkpt>
      <trkpt lat="29.3837173" lon="105.5480467">
      </trkpt>
      <trkpt lat="29.3852037" lon="105.5502052">
      </trkpt>
      <trkpt lat="29.3858763" lon="105.5516442">
      </trkpt>
      <trkpt lat="29.3864879" lon="105.5530251">
      </trkpt>
      <trkpt lat="29.3876153" lon="105.5560731">
      </trkpt>
      <trkpt lat="29.3883282" lon="105.5579804">
      </trkpt>
      <trkpt lat="29.3890764" lon="105.5603709">
      </trkpt>
      <trkpt lat="29.3892495" lon="105.5615369">
      </trkpt>
      <trkpt lat="29.389582" lon="105.5636435">
      </trkpt>
      <trkpt lat="29.3897731" lon="105.5644473">
      </trkpt>
      <trkpt lat="29.389986" lon="105.5649623">
      </trkpt>
      <trkpt lat="29.3901895" lon="105.5653001">
      </trkpt>
      <trkpt lat="29.3906097" lon="105.5657269">
      </trkpt>
      <trkpt lat="29.3920104" lon="105.5671071">
      </trkpt>
      <trkpt lat="29.3925375" lon="105.5678102">
      </trkpt>
      <trkpt lat="29.3928984" lon="105.5684913">
      </trkpt>
      <trkpt lat="29.3932675" lon="105.5693037">
      </trkpt>
      <trkpt lat="29.3950455" lon="105.5727093">
      </trkpt>
      <trkpt lat="29.3981197" lon="105.5788144">
      </trkpt>
      <trkpt lat="29.4004047" lon="105.5832569">
      </trkpt>
      <trkpt lat="29.4009911" lon="105.5850324">
      </trkpt>
      <trkpt lat="29.4010113" lon="105.5868312">
      </trkpt>
      <trkpt lat="29.400799" lon="105.5878059">
      </trkpt>
      <trkpt lat="29.4011225" lon="105.589303">
      </trkpt>
      <trkpt lat="29.4018403" lon="105.5907768">
      </trkpt>
      <trkpt lat="29.4024166" lon="105.5919837">
      </trkpt>
      <trkpt lat="29.4026289" lon="105.5933878">
      </trkpt>
      <trkpt lat="29.4027805" lon="105.5949777">
      </trkpt>
      <trkpt lat="29.4030838" lon="105.5970201">
      </trkpt>
      <trkpt lat="29.4038962" lon="105.601511">
      </trkpt>
      <trkpt lat="29.4039787" lon="105.6019669">
      </trkpt>
      <trkpt lat="29.4050047" lon="105.6076384">
      </trkpt>
      <trkpt lat="29.4053022" lon="105.6092541">
      </trkpt>
      <trkpt lat="29.4055544" lon="105.6098552">
      </trkpt>
      <trkpt lat="29.4058807" lon="105.6103925">
      </trkpt>
      <trkpt lat="29.4061604" lon="105.6107736">
      </trkpt>
      <trkpt lat="29.4065204" lon="105.6111335">
      </trkpt>
      <trkpt lat="29.4071663" lon="105.6115625">
      </trkpt>
      <trkpt lat="29.4113534" lon="105.6136074">
      </trkpt>
      <trkpt lat="29.4128776" lon="105.6145139">
      </trkpt>
      <trkpt lat="29.4139336" lon="105.6156417">
      </trkpt>
      <trkpt lat="29.4146865" lon="105.6171174">
      </trkpt>
      <trkpt lat="29.4159481" lon="105.6204608">
      </trkpt>
      <trkpt lat="29.4160949" lon="105.62085">
      </trkpt>
      <trkpt lat="29.4164126" lon="105.621692">
      </trkpt>
      <trkpt lat="29.4177164" lon="105.6251283">
      </trkpt>
      <trkpt lat="29.4185428" lon="105.6269413">
      </trkpt>
      <trkpt lat="29.41992" lon="105.6283326">
      </trkpt>
      <trkpt lat="29.4212998" lon="105.6294562">
      </trkpt>
      <trkpt lat="29.4224415" lon="105.6313871">
      </trkpt>
      <trkpt lat="29.4225268" lon="105.6315923">
      </trkpt>
      <trkpt lat="29.4244463" lon="105.6364173">
      </trkpt>
      <trkpt lat="29.4261539" lon="105.6405808">
      </trkpt>
      <trkpt lat="29.4281857" lon="105.6442317">
      </trkpt>
      <trkpt lat="29.428254" lon="105.6443544">
      </trkpt>
      <trkpt lat="29.4283931" lon="105.6446197">
      </trkpt>
      <trkpt lat="29.4285429" lon="105.6449343">
      </trkpt>
      <trkpt lat="29.4288273" lon="105.6456409">
      </trkpt>
      <trkpt lat="29.4289935" lon="105.6464962">
      </trkpt>
      <trkpt lat="29.4290143" lon="105.6465758">
      </trkpt>
      <trkpt lat="29.4291023" lon="105.6473864">
      </trkpt>
      <trkpt lat="29.4293419" lon="105.6494533">
      </trkpt>
      <trkpt lat="29.4304563" lon="105.6590644">
      </trkpt>
      <trkpt lat="29.4307054" lon="105.6604266">
      </trkpt>
      <trkpt lat="29.4307717" lon="105.6609304">
      </trkpt>
      <trkpt lat="29.4307803" lon="105.6609958">
      </trkpt>
      <trkpt lat="29.4308208" lon="105.6617026">
      </trkpt>
      <trkpt lat="29.4308012" lon="105.6623367">
      </trkpt>
      <trkpt lat="29.4303596" lon="105.6729404">
      </trkpt>
      <trkpt lat="29.430342" lon="105.6732561">
      </trkpt>
      <trkpt lat="29.4301788" lon="105.676883">
      </trkpt>
      <trkpt lat="29.4302126" lon="105.6778857">
      </trkpt>
      <trkpt lat="29.4303563" lon="105.6786796">
      </trkpt>
      <trkpt lat="29.4306458" lon="105.6796025">
      </trkpt>
      <trkpt lat="29.4319781" lon="105.6822333">
      </trkpt>
      <trkpt lat="29.4332519" lon="105.6843405">
      </trkpt>
      <trkpt lat="29.4333821" lon="105.6845539">
      </trkpt>
      <trkpt lat="29.4345356" lon="105.6864641">
      </trkpt>
      <trkpt lat="29.4354428" lon="105.6879992">
      </trkpt>
      <trkpt lat="29.4359121" lon="105.6888645">
      </trkpt>
      <trkpt lat="29.4361604" lon="105.6896579">
      </trkpt>
      <trkpt lat="29.4365125" lon="105.6917904">
      </trkpt>
      <trkpt lat="29.4367981" lon="105.6928958">
      </trkpt>
      <trkpt lat="29.4368198" lon="105.6929492">
      </trkpt>
      <trkpt lat="29.4372517" lon="105.6939283">
      </trkpt>
      <trkpt lat="29.446529" lon="105.7102597">
      </trkpt>
      <trkpt lat="29.4470082" lon="105.7111517">
      </trkpt>
      <trkpt lat="29.4472938" lon="105.711991">
      </trkpt>
      <trkpt lat="29.4473362" lon="105.7127503">
      </trkpt>
      <trkpt lat="29.4472321" lon="105.7134219">
      </trkpt>
      <trkpt lat="29.4468404" lon="105.7153365">
      </trkpt>
      <trkpt lat="29.4457029" lon="105.7209969">
      </trkpt>
      <trkpt lat="29.4446766" lon="105.7258152">
      </trkpt>
      <trkpt lat="29.4444669" lon="105.7267925">
      </trkpt>
      <trkpt lat="29.4442292" lon="105.7274987">
      </trkpt>
      <trkpt lat="29.4438161" lon="105.7282471">
      </trkpt>
      <trkpt lat="29.4431277" lon="105.728869">
      </trkpt>
      <trkpt lat="29.4423968" lon="105.7291393">
      </trkpt>
      <trkpt lat="29.4414929" lon="105.7292184">
      </trkpt>
      <trkpt lat="29.4369499" lon="105.7281101">
      </trkpt>
      <trkpt lat="29.4361329" lon="105.7280784">
      </trkpt>
      <trkpt lat="29.4350038" lon="105.7284052">
      </trkpt>
      <trkpt lat="29.4330117" lon="105.7292274">
      </trkpt>
      <trkpt lat="29.4322497" lon="105.7300074">
      </trkpt>
      <trkpt lat="29.4317724" lon="105.7309982">
      </trkpt>
      <trkpt lat="29.4316438" lon="105.7322209">
      </trkpt>
      <trkpt lat="29.4314878" lon="105.7350774">
      </trkpt>
      <trkpt lat="29.4316163" lon="105.7375544">
      </trkpt>
      <trkpt lat="29.4329566" lon="105.7434361">
      </trkpt>
      <trkpt lat="29.4337736" lon="105.7469567">
      </trkpt>
      <trkpt lat="29.4341408" lon="105.7477367">
      </trkpt>
      <trkpt lat="29.4352149" lon="105.748738">
      </trkpt>
      <trkpt lat="29.4365327" lon="105.7494342">
      </trkpt>
      <trkpt lat="29.4370016" lon="105.7497089">
      </trkpt>
      <trkpt lat="29.4374089" lon="105.7500872">
      </trkpt>
      <trkpt lat="29.437755" lon="105.7506611">
      </trkpt>
      <trkpt lat="29.4378911" lon="105.7509575">
      </trkpt>
      <trkpt lat="29.437978" lon="105.7512256">
      </trkpt>
      <trkpt lat="29.4383819" lon="105.7530175">
      </trkpt>
      <trkpt lat="29.4387767" lon="105.7552837">
      </trkpt>
      <trkpt lat="29.4389842" lon="105.7562241">
      </trkpt>
      <trkpt lat="29.4391917" lon="105.7567278">
      </trkpt>
      <trkpt lat="29.4409269" lon="105.7602456">
      </trkpt>
      <trkpt lat="29.4410865" lon="105.7605261">
      </trkpt>
      <trkpt lat="29.4412152" lon="105.7607326">
      </trkpt>
      <trkpt lat="29.4413927" lon="105.7609628">
      </trkpt>
      <trkpt lat="29.4415804" lon="105.7611817">
      </trkpt>
      <trkpt lat="29.4418029" lon="105.7613997">
      </trkpt>
      <trkpt lat="29.4446423" lon="105.7638533">
      </trkpt>
      <trkpt lat="29.4519175" lon="105.7700813">
      </trkpt>
      <trkpt lat="29.452391" lon="105.7705164">
      </trkpt>
      <trkpt lat="29.4543625" lon="105.7724333">
      </trkpt>
      <trkpt lat="29.4559404" lon="105.7738244">
      </trkpt>
      <trkpt lat="29.4574872" lon="105.7749169">
      </trkpt>
      <trkpt lat="29.4577848" lon="105.7751342">
      </trkpt>
      <trkpt lat="29.4580586" lon="105.7753854">
      </trkpt>
      <trkpt lat="29.458295" lon="105.7756619">
      </trkpt>
      <trkpt lat="29.4585139" lon="105.7759598">
      </trkpt>
      <trkpt lat="29.4587039" lon="105.7762657">
      </trkpt>
      <trkpt lat="29.4590002" lon="105.776773">
      </trkpt>
      <trkpt lat="29.4600068" lon="105.7784683">
      </trkpt>
      <trkpt lat="29.4602023" lon="105.7788112">
      </trkpt>
      <trkpt lat="29.4603608" lon="105.7791283">
      </trkpt>
      <trkpt lat="29.4605103" lon="105.7794995">
      </trkpt>
      <trkpt lat="29.4606153" lon="105.7798572">
      </trkpt>
      <trkpt lat="29.4606807" lon="105.7802238">
      </trkpt>
      <trkpt lat="29.4607085" lon="105.7805787">
      </trkpt>
      <trkpt lat="29.4606984" lon="105.7809574">
      </trkpt>
      <trkpt lat="29.4606545" lon="105.7812936">
      </trkpt>
      <trkpt lat="29.4605858" lon="105.7816502">
      </trkpt>
      <trkpt lat="29.4604749" lon="105.7820041">
      </trkpt>
      <trkpt lat="29.4603339" lon="105.782352">
      </trkpt>
      <trkpt lat="29.4601942" lon="105.7826255">
      </trkpt>
      <trkpt lat="29.4600143" lon="105.7828787">
      </trkpt>
      <trkpt lat="29.4598448" lon="105.7830775">
      </trkpt>
      <trkpt lat="29.4596111" lon="105.7833019">
      </trkpt>
      <trkpt lat="29.4593575" lon="105.783486">
      </trkpt>
      <trkpt lat="29.4591303" lon="105.7836241">
      </trkpt>
      <trkpt lat="29.4588697" lon="105.7837485">
      </trkpt>
      <trkpt lat="29.458655" lon="105.7838376">
      </trkpt>
      <trkpt lat="29.4583985" lon="105.7839191">
      </trkpt>
      <trkpt lat="29.458133" lon="105.7839684">
      </trkpt>
      <trkpt lat="29.4578634" lon="105.7839778">
      </trkpt>
      <trkpt lat="29.4576049" lon="105.7839563">
      </trkpt>
      <trkpt lat="29.4573571" lon="105.7839096">
      </trkpt>
      <trkpt lat="29.4570247" lon="105.7838225">
      </trkpt>
      <trkpt lat="29.4551558" lon="105.7832108">
      </trkpt>
      <trkpt lat="29.4544795" lon="105.7830746">
      </trkpt>
      <trkpt lat="29.4532682" lon="105.7829639">
      </trkpt>
      <trkpt lat="29.4525925" lon="105.7829045">
      </trkpt>
      <trkpt lat="29.4518786" lon="105.782771">
      </trkpt>
      <trkpt lat="29.4511557" lon="105.7825333">
      </trkpt>
      <trkpt lat="29.4496781" lon="105.7818284">
      </trkpt>
      <trkpt lat="29.4491078" lon="105.7816388">
      </trkpt>
      <trkpt lat="29.4484978" lon="105.7814962">
      </trkpt>
      <trkpt lat="29.4475958" lon="105.7813435">
      </trkpt>
      <trkpt lat="29.4471803" lon="105.7812698">
      </trkpt>
      <trkpt lat="29.4466649" lon="105.7811206">
      </trkpt>
      <trkpt lat="29.4426482" lon="105.779832">
      </trkpt>
      <trkpt lat="29.4418525" lon="105.7796221">
      </trkpt>
      <trkpt lat="29.4409987" lon="105.7794492">
      </trkpt>
      <trkpt lat="29.4363427" lon="105.7788359">
      </trkpt>
      <trkpt lat="29.4356741" lon="105.7786966">
      </trkpt>
      <trkpt lat="29.435102" lon="105.7785499">
      </trkpt>
      <trkpt lat="29.4330604" lon="105.7778772">
      </trkpt>
      <trkpt lat="29.432711" lon="105.7778097">
      </trkpt>
      <trkpt lat="29.4322774" lon="105.7777585">
      </trkpt>
      <trkpt lat="29.4318161" lon="105.7777764">
      </trkpt>
      <trkpt lat="29.4306216" lon="105.778004">
      </trkpt>
      <trkpt lat="29.4301492" lon="105.7780534">
      </trkpt>
      <trkpt lat="29.4295956" lon="105.778016">
      </trkpt>
      <trkpt lat="29.4291143" lon="105.7778394">
      </trkpt>
      <trkpt lat="29.4286606" lon="105.7775372">
      </trkpt>
      <trkpt lat="29.4275425" lon="105.7764713">
      </trkpt>
      <trkpt lat="29.4271867" lon="105.7761612">
      </trkpt>
      <trkpt lat="29.4266992" lon="105.7758799">
      </trkpt>
      <trkpt lat="29.4248835" lon="105.7752908">
      </trkpt>
      <trkpt lat="29.4232803" lon="105.7746774">
      </trkpt>
      <trkpt lat="29.422509" lon="105.7745866">
      </trkpt>
      <trkpt lat="29.4214871" lon="105.7749045">
      </trkpt>
      <trkpt lat="29.421031" lon="105.7751589">
      </trkpt>
      <trkpt lat="29.4206648" lon="105.7754916">
      </trkpt>
      <trkpt lat="29.4203889" lon="105.7758617">
      </trkpt>
      <trkpt lat="29.420168" lon="105.776299">
      </trkpt>
      <trkpt lat="29.4199894" lon="105.7766525">
      </trkpt>
      <trkpt lat="29.419496" lon="105.7776294">
      </trkpt>
      <trkpt lat="29.4189355" lon="105.7787723">
      </trkpt>
      <trkpt lat="29.4181444" lon="105.7796201">
      </trkpt>
      <trkpt lat="29.4172213" lon="105.7800061">
      </trkpt>
      <trkpt lat="29.4160016" lon="105.7798698">
      </trkpt>
      <trkpt lat="29.4140776" lon="105.7794326">
      </trkpt>
      <trkpt lat="29.4138687" lon="105.7793972">
      </trkpt>
      <trkpt lat="29.4132639" lon="105.7792946">
      </trkpt>
      <trkpt lat="29.4128301" lon="105.7793022">
      </trkpt>
      <trkpt lat="29.4125068" lon="105.7793727">
      </trkpt>
      <trkpt lat="29.4121048" lon="105.7795444">
      </trkpt>
      <trkpt lat="29.4115996" lon="105.7798784">
      </trkpt>
      <trkpt lat="29.4111554" lon="105.7803543">
      </trkpt>
      <trkpt lat="29.4108038" lon="105.7809321">
      </trkpt>
      <trkpt lat="29.4105615" lon="105.7816078">
      </trkpt>
      <trkpt lat="29.4104878" lon="105.7823831">
      </trkpt>
      <trkpt lat="29.4105445" lon="105.7832675">
      </trkpt>
      <trkpt lat="29.4106263" lon="105.7843696">
      </trkpt>
      <trkpt lat="29.4106604" lon="105.7849488">
      </trkpt>
      <trkpt lat="29.4106307" lon="105.7854974">
      </trkpt>
      <trkpt lat="29.4106037" lon="105.7857643">
      </trkpt>
      <trkpt lat="29.4105594" lon="105.7862029">
      </trkpt>
      <trkpt lat="29.4104728" lon="105.7870608">
      </trkpt>
      <trkpt lat="29.4104371" lon="105.787617">
      </trkpt>
      <trkpt lat="29.4104716" lon="105.788129">
      </trkpt>
      <trkpt lat="29.4105521" lon="105.7886228">
      </trkpt>
      <trkpt lat="29.410823" lon="105.7891978">
      </trkpt>
      <trkpt lat="29.4110415" lon="105.7896453">
      </trkpt>
      <trkpt lat="29.4113999" lon="105.7903218">
      </trkpt>
      <trkpt lat="29.4115111" lon="105.7906701">
      </trkpt>
      <trkpt lat="29.4115956" lon="105.7908396">
      </trkpt>
      <trkpt lat="29.4117155" lon="105.7914479">
      </trkpt>
      <trkpt lat="29.4117282" lon="105.7920081">
      </trkpt>
      <trkpt lat="29.4116641" lon="105.7925346">
      </trkpt>
      <trkpt lat="29.4116277" lon="105.792698">
      </trkpt>
      <trkpt lat="29.4114708" lon="105.7934033">
      </trkpt>
      <trkpt lat="29.4110466" lon="105.7953099">
      </trkpt>
      <trkpt lat="29.4109121" lon="105.7958936">
      </trkpt>
      <trkpt lat="29.4107281" lon="105.796401">
      </trkpt>
      <trkpt lat="29.4104449" lon="105.797009">
      </trkpt>
      <trkpt lat="29.4081528" lon="105.8019275">
      </trkpt>
      <trkpt lat="29.4077587" lon="105.8026287">
      </trkpt>
      <trkpt lat="29.4074437" lon="105.8030281">
      </trkpt>
      <trkpt lat="29.4069372" lon="105.8034256">
      </trkpt>
      <trkpt lat="29.4065047" lon="105.8036572">
      </trkpt>
      <trkpt lat="29.4021285" lon="105.8057064">
      </trkpt>
      <trkpt lat="29.40178" lon="105.8058826">
      </trkpt>
      <trkpt lat="29.4013121" lon="105.8062691">
      </trkpt>
      <trkpt lat="29.4008833" lon="105.8068127">
      </trkpt>
      <trkpt lat="29.4005919" lon="105.8074296">
      </trkpt>
      <trkpt lat="29.400438" lon="105.8080643">
      </trkpt>
      <trkpt lat="29.4003625" lon="105.8089124">
      </trkpt>
      <trkpt lat="29.4001518" lon="105.8118015">
      </trkpt>
      <trkpt lat="29.4001262" lon="105.8128039">
      </trkpt>
      <trkpt lat="29.4001835" lon="105.8138147">
      </trkpt>
      <trkpt lat="29.4003993" lon="105.8149067">
      </trkpt>
      <trkpt lat="29.4011527" lon="105.8182575">
      </trkpt>
      <trkpt lat="29.401519" lon="105.8196226">
      </trkpt>
      <trkpt lat="29.4016001" lon="105.8200029">
      </trkpt>
      <trkpt lat="29.4016525" lon="105.8203018">
      </trkpt>
      <trkpt lat="29.4016934" lon="105.8205633">
      </trkpt>
      <trkpt lat="29.4017182" lon="105.8208062">
      </trkpt>
      <trkpt lat="29.4017319" lon="105.8210984">
      </trkpt>
      <trkpt lat="29.4017343" lon="105.8214189">
      </trkpt>
      <trkpt lat="29.401748" lon="105.8218433">
      </trkpt>
      <trkpt lat="29.4018449" lon="105.8244735">
      </trkpt>
      <trkpt lat="29.4018616" lon="105.8249541">
      </trkpt>
      <trkpt lat="29.4018766" lon="105.8253629">
      </trkpt>
      <trkpt lat="29.4018722" lon="105.8256058">
      </trkpt>
      <trkpt lat="29.4018546" lon="105.8259626">
      </trkpt>
      <trkpt lat="29.4018097" lon="105.8263656">
      </trkpt>
      <trkpt lat="29.4017355" lon="105.8269308">
      </trkpt>
      <trkpt lat="29.4016505" lon="105.8274988">
      </trkpt>
      <trkpt lat="29.401538" lon="105.8281378">
      </trkpt>
      <trkpt lat="29.4014209" lon="105.8289096">
      </trkpt>
      <trkpt lat="29.4013779" lon="105.829181">
      </trkpt>
      <trkpt lat="29.400379" lon="105.8354794">
      </trkpt>
      <trkpt lat="29.400303" lon="105.8359377">
      </trkpt>
      <trkpt lat="29.4002423" lon="105.8362529">
      </trkpt>
      <trkpt lat="29.4001828" lon="105.8365193">
      </trkpt>
      <trkpt lat="29.4001056" lon="105.8368523">
      </trkpt>
      <trkpt lat="29.400032" lon="105.8370991">
      </trkpt>
      <trkpt lat="29.3999533" lon="105.8373343">
      </trkpt>
      <trkpt lat="29.399741" lon="105.8378944">
      </trkpt>
      <trkpt lat="29.3996392" lon="105.8381392">
      </trkpt>
      <trkpt lat="29.3994594" lon="105.8385716">
      </trkpt>
      <trkpt lat="29.3992994" lon="105.838982">
      </trkpt>
      <trkpt lat="29.399215" lon="105.8392093">
      </trkpt>
      <trkpt lat="29.3991164" lon="105.8395599">
      </trkpt>
      <trkpt lat="29.3990684" lon="105.8398617">
      </trkpt>
      <trkpt lat="29.3990319" lon="105.8401823">
      </trkpt>
      <trkpt lat="29.3990012" lon="105.8407316">
      </trkpt>
      <trkpt lat="29.3990284" lon="105.842258">
      </trkpt>
      <trkpt lat="29.3990803" lon="105.8429033">
      </trkpt>
      <trkpt lat="29.3990447" lon="105.8436572">
      </trkpt>
      <trkpt lat="29.3989698" lon="105.844061">
      </trkpt>
      <trkpt lat="29.3989305" lon="105.8443582">
      </trkpt>
      <trkpt lat="29.3986609" lon="105.8450549">
      </trkpt>
      <trkpt lat="29.3983013" lon="105.8456103">
      </trkpt>
      <trkpt lat="29.3977752" lon="105.8461617">
      </trkpt>
      <trkpt lat="29.3972715" lon="105.8465126">
      </trkpt>
      <trkpt lat="29.3966625" lon="105.8467622">
      </trkpt>
      <trkpt lat="29.3959703" lon="105.8469075">
      </trkpt>
      <trkpt lat="29.3947222" lon="105.8470466">
      </trkpt>
      <trkpt lat="29.3940837" lon="105.8471285">
      </trkpt>
      <trkpt lat="29.3935125" lon="105.8472833">
      </trkpt>
      <trkpt lat="29.393175" lon="105.8474368">
      </trkpt>
      <trkpt lat="29.3927812" lon="105.8476726">
      </trkpt>
      <trkpt lat="29.3922304" lon="105.8481704">
      </trkpt>
      <trkpt lat="29.3918011" lon="105.8487251">
      </trkpt>
      <trkpt lat="29.391314" lon="105.8493812">
      </trkpt>
      <trkpt lat="29.389718" lon="105.8517591">
      </trkpt>
      <trkpt lat="29.3893429" lon="105.852274">
      </trkpt>
      <trkpt lat="29.3888837" lon="105.8527574">
      </trkpt>
      <trkpt lat="29.3882761" lon="105.8532217">
      </trkpt>
      <trkpt lat="29.3874947" lon="105.8535722">
      </trkpt>
      <trkpt lat="29.3868334" lon="105.8537413">
      </trkpt>
      <trkpt lat="29.3861895" lon="105.8537415">
      </trkpt>
      <trkpt lat="29.3856383" lon="105.8536132">
      </trkpt>
      <trkpt lat="29.3851012" lon="105.853353">
      </trkpt>
      <trkpt lat="29.3818329" lon="105.8515513">
      </trkpt>
      <trkpt lat="29.3796678" lon="105.8508431">
      </trkpt>
      <trkpt lat="29.3775128" lon="105.8500187">
      </trkpt>
      <trkpt lat="29.3759142" lon="105.8483817">
      </trkpt>
      <trkpt lat="29.3743966" lon="105.8465008">
      </trkpt>
      <trkpt lat="29.3736158" lon="105.8460995">
      </trkpt>
      <trkpt lat="29.373251" lon="105.845961">
      </trkpt>
      <trkpt lat="29.3729011" lon="105.8458889">
      </trkpt>
      <trkpt lat="29.3725395" lon="105.8458618">
      </trkpt>
      <trkpt lat="29.3721746" lon="105.8458975">
      </trkpt>
      <trkpt lat="29.3716157" lon="105.8460603">
      </trkpt>
      <trkpt lat="29.3711518" lon="105.8463354">
      </trkpt>
      <trkpt lat="29.3694669" lon="105.8472908">
      </trkpt>
      <trkpt lat="29.3682206" lon="105.8480908">
      </trkpt>
      <trkpt lat="29.3677115" lon="105.8485347">
      </trkpt>
      <trkpt lat="29.3673422" lon="105.8490068">
      </trkpt>
      <trkpt lat="29.3670711" lon="105.8495754">
      </trkpt>
      <trkpt lat="29.3669385" lon="105.8500863">
      </trkpt>
      <trkpt lat="29.3668586" lon="105.8504716">
      </trkpt>
      <trkpt lat="29.3669699" lon="105.8522828">
      </trkpt>
      <trkpt lat="29.3670609" lon="105.8555686">
      </trkpt>
      <trkpt lat="29.3666562" lon="105.8605843">
      </trkpt>
      <trkpt lat="29.3663425" lon="105.8634173">
      </trkpt>
      <trkpt lat="29.3657442" lon="105.8645493">
      </trkpt>
      <trkpt lat="29.3656241" lon="105.8647409">
      </trkpt>
      <trkpt lat="29.3640051" lon="105.8660645">
      </trkpt>
      <trkpt lat="29.3626954" lon="105.8669522">
      </trkpt>
      <trkpt lat="29.3615935" lon="105.867806">
      </trkpt>
      <trkpt lat="29.3609496" lon="105.8686762">
      </trkpt>
      <trkpt lat="29.3606743" lon="105.8692238">
      </trkpt>
      <trkpt lat="29.3605635" lon="105.8694039">
      </trkpt>
      <trkpt lat="29.3600635" lon="105.8705525">
      </trkpt>
      <trkpt lat="29.3585732" lon="105.8739246">
      </trkpt>
      <trkpt lat="29.3585508" lon="105.8740846">
      </trkpt>
      <trkpt lat="29.3584255" lon="105.874321">
      </trkpt>
      <trkpt lat="29.3580635" lon="105.8750014">
      </trkpt>
      <trkpt lat="29.355968" lon="105.877814">
      </trkpt>
      <trkpt lat="29.3553889" lon="105.8789871">
      </trkpt>
      <trkpt lat="29.3553201" lon="105.8791194">
      </trkpt>
      <trkpt lat="29.3550538" lon="105.8795917">
      </trkpt>
      <trkpt lat="29.3530292" lon="105.8849777">
      </trkpt>
      <trkpt lat="29.35252" lon="105.8859065">
      </trkpt>
      <trkpt lat="29.3520166" lon="105.8864907">
      </trkpt>
      <trkpt lat="29.3513472" lon="105.8870355">
      </trkpt>
      <trkpt lat="29.3496394" lon="105.8883876">
      </trkpt>
      <trkpt lat="29.3486009" lon="105.8894444">
      </trkpt>
      <trkpt lat="29.3470046" lon="105.8917713">
      </trkpt>
      <trkpt lat="29.3466499" lon="105.8924178">
      </trkpt>
      <trkpt lat="29.3462952" lon="105.8930151">
      </trkpt>
      <trkpt lat="29.3446502" lon="105.8956637">
      </trkpt>
      <trkpt lat="29.3423015" lon="105.9000877">
      </trkpt>
      <trkpt lat="29.3397209" lon="105.9050237">
      </trkpt>
      <trkpt lat="29.3360328" lon="105.9123681">
      </trkpt>
      <trkpt lat="29.3355679" lon="105.9133545">
      </trkpt>
      <trkpt lat="29.3343827" lon="105.9157685">
      </trkpt>
      <trkpt lat="29.3338567" lon="105.916669">
      </trkpt>
      <trkpt lat="29.3330394" lon="105.9173559">
      </trkpt>
      <trkpt lat="29.3327544" lon="105.9174991">
      </trkpt>
      <trkpt lat="29.3295919" lon="105.9183306">
      </trkpt>
      <trkpt lat="29.3290603" lon="105.9186496">
      </trkpt>
      <trkpt lat="29.3269968" lon="105.9206461">
      </trkpt>
      <trkpt lat="29.3253623" lon="105.9223812">
      </trkpt>
      <trkpt lat="29.3246194" lon="105.9229862">
      </trkpt>
      <trkpt lat="29.3240563" lon="105.9232782">
      </trkpt>
      <trkpt lat="29.3234817" lon="105.9234082">
      </trkpt>
      <trkpt lat="29.3230123" lon="105.9234268">
      </trkpt>
      <trkpt lat="29.3222672" lon="105.9232917">
      </trkpt>
      <trkpt lat="29.3220042" lon="105.9231803">
      </trkpt>
      <trkpt lat="29.321555" lon="105.92299">
      </trkpt>
      <trkpt lat="29.3146656" lon="105.9202582">
      </trkpt>
      <trkpt lat="29.3118365" lon="105.9191783">
      </trkpt>
      <trkpt lat="29.3108571" lon="105.9190762">
      </trkpt>
      <trkpt lat="29.3098858" lon="105.9192062">
      </trkpt>
      <trkpt lat="29.309303" lon="105.9194568">
      </trkpt>
      <trkpt lat="29.305347" lon="105.9216912">
      </trkpt>
      <trkpt lat="29.3048731" lon="105.9219588">
      </trkpt>
      <trkpt lat="29.3030539" lon="105.92291">
      </trkpt>
      <trkpt lat="29.2975067" lon="105.9260702">
      </trkpt>
      <trkpt lat="29.2957793" lon="105.9278393">
      </trkpt>
      <trkpt lat="29.2938539" lon="105.9307425">
      </trkpt>
      <trkpt lat="29.2927726" lon="105.9322546">
      </trkpt>
      <trkpt lat="29.2919375" lon="105.9328692">
      </trkpt>
      <trkpt lat="29.2914125" lon="105.9331671">
      </trkpt>
      <trkpt lat="29.2899025" lon="105.9341042">
      </trkpt>
      <trkpt lat="29.2894533" lon="105.9344765">
      </trkpt>
      <trkpt lat="29.2886198" lon="105.9354446">
      </trkpt>
      <trkpt lat="29.2873479" lon="105.9370519">
      </trkpt>
      <trkpt lat="29.2867525" lon="105.9375359">
      </trkpt>
      <trkpt lat="29.2860922" lon="105.9377841">
      </trkpt>
      <trkpt lat="29.2853344" lon="105.9378276">
      </trkpt>
      <trkpt lat="29.2824711" lon="105.9372567">
      </trkpt>
      <trkpt lat="29.2811721" lon="105.9370891">
      </trkpt>
      <trkpt lat="29.2798243" lon="105.9371263">
      </trkpt>
      <trkpt lat="29.2774534" lon="105.9374925">
      </trkpt>
      <trkpt lat="29.2766902" lon="105.9374987">
      </trkpt>
      <trkpt lat="29.2756617" lon="105.9373063">
      </trkpt>
      <trkpt lat="29.2737942" lon="105.9365864">
      </trkpt>
      <trkpt lat="29.272966" lon="105.9363941">
      </trkpt>
      <trkpt lat="29.2722839" lon="105.936363">
      </trkpt>
      <trkpt lat="29.2712987" lon="105.936481">
      </trkpt>
      <trkpt lat="29.2700428" lon="105.9369464">
      </trkpt>
      <trkpt lat="29.2687869" lon="105.9376911">
      </trkpt>
      <trkpt lat="29.2660693" lon="105.9393542">
      </trkpt>
      <trkpt lat="29.2655658" lon="105.9396707">
      </trkpt>
      <trkpt lat="29.2624291" lon="105.942084">
      </trkpt>
      <trkpt lat="29.2579973" lon="105.9455909">
      </trkpt>
      <trkpt lat="29.2573422" lon="105.9459881">
      </trkpt>
      <trkpt lat="29.2551781" lon="105.9469284">
      </trkpt>
      <trkpt lat="29.2501359" lon="105.9491778">
      </trkpt>
      <trkpt lat="29.2493333" lon="105.9495069">
      </trkpt>
      <trkpt lat="29.2482383" lon="105.9499962">
      </trkpt>
      <trkpt lat="29.2455283" lon="105.9511663">
      </trkpt>
      <trkpt lat="29.245393" lon="105.9512284">
      </trkpt>
      <trkpt lat="29.2449977" lon="105.9513742">
      </trkpt>
      <trkpt lat="29.2445943" lon="105.9514766">
      </trkpt>
      <trkpt lat="29.2439581" lon="105.9515014">
      </trkpt>
      <trkpt lat="29.243376" lon="105.9514207">
      </trkpt>
      <trkpt lat="29.2414781" lon="105.9505799">
      </trkpt>
      <trkpt lat="29.2385335" lon="105.9491102">
      </trkpt>
      <trkpt lat="29.2367779" lon="105.9482714">
      </trkpt>
      <trkpt lat="29.2331578" lon="105.9465187">
      </trkpt>
      <trkpt lat="29.2284599" lon="105.9442315">
      </trkpt>
      <trkpt lat="29.2268244" lon="105.9434433">
      </trkpt>
      <trkpt lat="29.2264967" lon="105.9433161">
      </trkpt>
      <trkpt lat="29.2261447" lon="105.9432416">
      </trkpt>
      <trkpt lat="29.2257521" lon="105.9431827">
      </trkpt>
      <trkpt lat="29.2254542" lon="105.9431765">
      </trkpt>
      <trkpt lat="29.2250263" lon="105.9431889">
      </trkpt>
      <trkpt lat="29.2246922" lon="105.9432466">
      </trkpt>
      <trkpt lat="29.2244414" lon="105.9432913">
      </trkpt>
      <trkpt lat="29.2239053" lon="105.9434775">
      </trkpt>
      <trkpt lat="29.2233772" lon="105.9437567">
      </trkpt>
      <trkpt lat="29.2233394" lon="105.9438119">
      </trkpt>
      <trkpt lat="29.222925" lon="105.9441135">
      </trkpt>
      <trkpt lat="29.2218906" lon="105.9449482">
      </trkpt>
      <trkpt lat="29.2210565" lon="105.9456805">
      </trkpt>
      <trkpt lat="29.2204915" lon="105.9461765">
      </trkpt>
      <trkpt lat="29.2197567" lon="105.9467541">
      </trkpt>
      <trkpt lat="29.2189749" lon="105.9473451">
      </trkpt>
      <trkpt lat="29.2156485" lon="105.9501104">
      </trkpt>
      <trkpt lat="29.2142468" lon="105.9512425">
      </trkpt>
      <trkpt lat="29.2134463" lon="105.9517252">
      </trkpt>
      <trkpt lat="29.2124237" lon="105.9521596">
      </trkpt>
      <trkpt lat="29.2107691" lon="105.9525896">
      </trkpt>
      <trkpt lat="29.2060006" lon="105.9537174">
      </trkpt>
      <trkpt lat="29.2052882" lon="105.9539192">
      </trkpt>
      <trkpt lat="29.2046639" lon="105.9541957">
      </trkpt>
      <trkpt lat="29.2040127" lon="105.954595">
      </trkpt>
      <trkpt lat="29.2035224" lon="105.9549592">
      </trkpt>
      <trkpt lat="29.2028713" lon="105.9555955">
      </trkpt>
      <trkpt lat="29.2015919" lon="105.9572498">
      </trkpt>
      <trkpt lat="29.2010825" lon="105.9577412">
      </trkpt>
      <trkpt lat="29.2004007" lon="105.9581713">
      </trkpt>
      <trkpt lat="29.1997495" lon="105.958417">
      </trkpt>
      <trkpt lat="29.1990868" lon="105.9585662">
      </trkpt>
      <trkpt lat="29.1963212" lon="105.9586408">
      </trkpt>
      <trkpt lat="29.1957121" lon="105.9586496">
      </trkpt>
      <trkpt lat="29.1952793" lon="105.9585662">
      </trkpt>
      <trkpt lat="29.1946242" lon="105.9583731">
      </trkpt>
      <trkpt lat="29.1940573" lon="105.9580967">
      </trkpt>
      <trkpt lat="29.1932988" lon="105.9575174">
      </trkpt>
      <trkpt lat="29.1893799" lon="105.9543449">
      </trkpt>
      <trkpt lat="29.188711" lon="105.9538715">
      </trkpt>
      <trkpt lat="29.1883992" lon="105.9536559">
      </trkpt>
      <trkpt lat="29.1873266" lon="105.9531118">
      </trkpt>
      <trkpt lat="29.1853728" lon="105.9523527">
      </trkpt>
      <trkpt lat="29.1832044" lon="105.9515321">
      </trkpt>
      <trkpt lat="29.1814064" lon="105.9508836">
      </trkpt>
      <trkpt lat="29.1780055" lon="105.9496101">
      </trkpt>
      <trkpt lat="29.1778476" lon="105.9495517">
      </trkpt>
      <trkpt lat="29.1774347" lon="105.9493991">
      </trkpt>
      <trkpt lat="29.1737412" lon="105.9478812">
      </trkpt>
      <trkpt lat="29.1709825" lon="105.9462796">
      </trkpt>
      <trkpt lat="29.1673986" lon="105.944078">
      </trkpt>
      <trkpt lat="29.1639591" lon="105.9419354">
      </trkpt>
      <trkpt lat="29.1626884" lon="105.9411804">
      </trkpt>
      <trkpt lat="29.1624781" lon="105.9410554">
      </trkpt>
      <trkpt lat="29.162251" lon="105.9409205">
      </trkpt>
      <trkpt lat="29.1536593" lon="105.9354774">
      </trkpt>
      <trkpt lat="29.1524853" lon="105.9346041">
      </trkpt>
      <trkpt lat="29.1506968" lon="105.9326803">
      </trkpt>
      <trkpt lat="29.148155" lon="105.9298381">
      </trkpt>
      <trkpt lat="29.1474179" lon="105.9291555">
      </trkpt>
      <trkpt lat="29.1463935" lon="105.9284481">
      </trkpt>
      <trkpt lat="29.1441442" lon="105.9272628">
      </trkpt>
      <trkpt lat="29.1428651" lon="105.926605">
      </trkpt>
      <trkpt lat="29.142258" lon="105.9263816">
      </trkpt>
      <trkpt lat="29.1413583" lon="105.9261333">
      </trkpt>
      <trkpt lat="29.1402255" lon="105.9259596">
      </trkpt>
      <trkpt lat="29.1391089" lon="105.9259472">
      </trkpt>
      <trkpt lat="29.137808" lon="105.9261333">
      </trkpt>
      <trkpt lat="29.1357346" lon="105.9266558">
      </trkpt>
      <trkpt lat="29.1347326" lon="105.9269122">
      </trkpt>
      <trkpt lat="29.1329079" lon="105.9273062">
      </trkpt>
      <trkpt lat="29.1322791" lon="105.9273559">
      </trkpt>
      <trkpt lat="29.1313467" lon="105.9272876">
      </trkpt>
      <trkpt lat="29.1305987" lon="105.9270766">
      </trkpt>
      <trkpt lat="29.122979" lon="105.9241954">
      </trkpt>
      <trkpt lat="29.1221984" lon="105.9239844">
      </trkpt>
      <trkpt lat="29.1213093" lon="105.9238727">
      </trkpt>
      <trkpt lat="29.1207889" lon="105.9239161">
      </trkpt>
      <trkpt lat="29.119092" lon="105.9243877">
      </trkpt>
      <trkpt lat="29.117294" lon="105.9249238">
      </trkpt>
      <trkpt lat="29.1153187" lon="105.9254799">
      </trkpt>
      <trkpt lat="29.1146844" lon="105.9258461">
      </trkpt>
      <trkpt lat="29.1140988" lon="105.9265783">
      </trkpt>
      <trkpt lat="29.1137464" lon="105.927323">
      </trkpt>
      <trkpt lat="29.1133692" lon="105.9287315">
      </trkpt>
      <trkpt lat="29.1120542" lon="105.9340893">
      </trkpt>
      <trkpt lat="29.1111878" lon="105.9376085">
      </trkpt>
      <trkpt lat="29.1108696" lon="105.938982">
      </trkpt>
      <trkpt lat="29.1108159" lon="105.9395042">
      </trkpt>
      <trkpt lat="29.1108619" lon="105.9401229">
      </trkpt>
      <trkpt lat="29.1110038" lon="105.940746">
      </trkpt>
      <trkpt lat="29.1112491" lon="105.9412726">
      </trkpt>
      <trkpt lat="29.111552" lon="105.9417202">
      </trkpt>
      <trkpt lat="29.1146841" lon="105.9451648">
      </trkpt>
      <trkpt lat="29.1153052" lon="105.9459459">
      </trkpt>
      <trkpt lat="29.1156502" lon="105.9465558">
      </trkpt>
      <trkpt lat="29.115884" lon="105.9472492">
      </trkpt>
      <trkpt lat="29.1163479" lon="105.9493247">
      </trkpt>
      <trkpt lat="29.1164744" lon="105.950176">
      </trkpt>
      <trkpt lat="29.1164591" lon="105.9509659">
      </trkpt>
      <trkpt lat="29.1163249" lon="105.9517338">
      </trkpt>
      <trkpt lat="29.1159761" lon="105.9525675">
      </trkpt>
      <trkpt lat="29.1151672" lon="105.9537479">
      </trkpt>
      <trkpt lat="29.1143201" lon="105.9549182">
      </trkpt>
      <trkpt lat="29.1142601" lon="105.9550371">
      </trkpt>
      <trkpt lat="29.1139529" lon="105.9555323">
      </trkpt>
      <trkpt lat="29.1136839" lon="105.9562264">
      </trkpt>
      <trkpt lat="29.1134784" lon="105.9572234">
      </trkpt>
      <trkpt lat="29.1128327" lon="105.9599871">
      </trkpt>
      <trkpt lat="29.1126966" lon="105.9605882">
      </trkpt>
      <trkpt lat="29.1126124" lon="105.9609604">
      </trkpt>
      <trkpt lat="29.1125174" lon="105.9613354">
      </trkpt>
      <trkpt lat="29.1123366" lon="105.9618891">
      </trkpt>
      <trkpt lat="29.11193" lon="105.9626245">
      </trkpt>
      <trkpt lat="29.111377" lon="105.9632265">
      </trkpt>
      <trkpt lat="29.1107426" lon="105.9636267">
      </trkpt>
      <trkpt lat="29.1088911" lon="105.9644273">
      </trkpt>
      <trkpt lat="29.1083679" lon="105.9645793">
      </trkpt>
      <trkpt lat="29.1070124" lon="105.9646414">
      </trkpt>
      <trkpt lat="29.1063807" lon="105.9646476">
      </trkpt>
      <trkpt lat="29.1058114" lon="105.9646289">
      </trkpt>
      <trkpt lat="29.1051714" lon="105.9645882">
      </trkpt>
      <trkpt lat="29.1044085" lon="105.9643688">
      </trkpt>
      <trkpt lat="29.1037797" lon="105.9639958">
      </trkpt>
      <trkpt lat="29.1006242" lon="105.9612138">
      </trkpt>
      <trkpt lat="29.1001258" lon="105.9608671">
      </trkpt>
      <trkpt lat="29.0971274" lon="105.9591514">
      </trkpt>
      <trkpt lat="29.0952524" lon="105.9580894">
      </trkpt>
      <trkpt lat="29.0931205" lon="105.9570495">
      </trkpt>
      <trkpt lat="29.0916828" lon="105.9561858">
      </trkpt>
      <trkpt lat="29.091032" lon="105.955649">
      </trkpt>
      <trkpt lat="29.0906579" lon="105.9552766">
      </trkpt>
      <trkpt lat="29.0902554" lon="105.9547991">
      </trkpt>
      <trkpt lat="29.0882959" lon="105.9519557">
      </trkpt>
      <trkpt lat="29.0877322" lon="105.9510254">
      </trkpt>
      <trkpt lat="29.0873411" lon="105.9500381">
      </trkpt>
      <trkpt lat="29.0869384" lon="105.9485505">
      </trkpt>
      <trkpt lat="29.0866815" lon="105.9479055">
      </trkpt>
      <trkpt lat="29.0863632" lon="105.9474447">
      </trkpt>
      <trkpt lat="29.0858225" lon="105.9469708">
      </trkpt>
      <trkpt lat="29.0852933" lon="105.9466812">
      </trkpt>
      <trkpt lat="29.0847411" lon="105.9465144">
      </trkpt>
      <trkpt lat="29.0841237" lon="105.9465276">
      </trkpt>
      <trkpt lat="29.0836559" lon="105.9466066">
      </trkpt>
      <trkpt lat="29.0827777" lon="105.9468435">
      </trkpt>
      <trkpt lat="29.0823252" lon="105.9469269">
      </trkpt>
      <trkpt lat="29.0816695" lon="105.9468348">
      </trkpt>
      <trkpt lat="29.0811096" lon="105.9466505">
      </trkpt>
      <trkpt lat="29.0806072" lon="105.946317">
      </trkpt>
      <trkpt lat="29.080216" lon="105.9459396">
      </trkpt>
      <trkpt lat="29.0798709" lon="105.9454745">
      </trkpt>
      <trkpt lat="29.0796994" lon="105.9452033">
      </trkpt>
      <trkpt lat="29.0794744" lon="105.9448139">
      </trkpt>
      <trkpt lat="29.0793089" lon="105.9446029">
      </trkpt>
      <trkpt lat="29.0786893" lon="105.9442507">
      </trkpt>
      <trkpt lat="29.0783056" lon="105.9440754">
      </trkpt>
      <trkpt lat="29.0779642" lon="105.9439685">
      </trkpt>
      <trkpt lat="29.0773025" lon="105.9437978">
      </trkpt>
      <trkpt lat="29.0767357" lon="105.943593">
      </trkpt>
      <trkpt lat="29.076169" lon="105.94332">
      </trkpt>
      <trkpt lat="29.0756646" lon="105.9430376">
      </trkpt>
      <trkpt lat="29.075209" lon="105.9427863">
      </trkpt>
      <trkpt lat="29.0734788" lon="105.9417344">
      </trkpt>
      <trkpt lat="29.0722585" lon="105.9408408">
      </trkpt>
      <trkpt lat="29.0719141" lon="105.9406267">
      </trkpt>
      <trkpt lat="29.0715263" lon="105.9404406">
      </trkpt>
      <trkpt lat="29.0684482" lon="105.9392149">
      </trkpt>
      <trkpt lat="29.0681634" lon="105.9391281">
      </trkpt>
      <trkpt lat="29.0673525" lon="105.9389729">
      </trkpt>
      <trkpt lat="29.0667749" lon="105.9388581">
      </trkpt>
      <trkpt lat="29.0660941" lon="105.9388953">
      </trkpt>
      <trkpt lat="29.0657497" lon="105.9389977">
      </trkpt>
      <trkpt lat="29.0654351" lon="105.9391467">
      </trkpt>
      <trkpt lat="29.0648574" lon="105.9395687">
      </trkpt>
      <trkpt lat="29.0645293" lon="105.9399224">
      </trkpt>
      <trkpt lat="29.0642363" lon="105.9404312">
      </trkpt>
      <trkpt lat="29.06401" lon="105.9410763">
      </trkpt>
      <trkpt lat="29.0639733" lon="105.9411728">
      </trkpt>
      <trkpt lat="29.0638973" lon="105.9419206">
      </trkpt>
      <trkpt lat="29.063969" lon="105.9425463">
      </trkpt>
      <trkpt lat="29.0640832" lon="105.9438742">
      </trkpt>
      <trkpt lat="29.0641116" lon="105.9442043">
      </trkpt>
      <trkpt lat="29.0643212" lon="105.946479">
      </trkpt>
      <trkpt lat="29.0657478" lon="105.9523434">
      </trkpt>
      <trkpt lat="29.0662468" lon="105.9543044">
      </trkpt>
      <trkpt lat="29.0663807" lon="105.9555783">
      </trkpt>
      <trkpt lat="29.0663911" lon="105.9567553">
      </trkpt>
      <trkpt lat="29.0663947" lon="105.9577717">
      </trkpt>
      <trkpt lat="29.0663769" lon="105.9590229">
      </trkpt>
      <trkpt lat="29.0663769" lon="105.9625597">
      </trkpt>
      <trkpt lat="29.066304" lon="105.9632662">
      </trkpt>
      <trkpt lat="29.0658106" lon="105.9651824">
      </trkpt>
      <trkpt lat="29.065778" lon="105.965713">
      </trkpt>
      <trkpt lat="29.0658268" lon="105.9661381">
      </trkpt>
      <trkpt lat="29.0661469" lon="105.9673854">
      </trkpt>
      <trkpt lat="29.0664105" lon="105.968494">
      </trkpt>
      <trkpt lat="29.0664336" lon="105.9692839">
      </trkpt>
      <trkpt lat="29.0661651" lon="105.9702142">
      </trkpt>
      <trkpt lat="29.065335" lon="105.9715456">
      </trkpt>
      <trkpt lat="29.0646792" lon="105.9725856">
      </trkpt>
      <trkpt lat="29.0644912" lon="105.9730814">
      </trkpt>
      <trkpt lat="29.0643493" lon="105.9736606">
      </trkpt>
      <trkpt lat="29.0643071" lon="105.9743276">
      </trkpt>
      <trkpt lat="29.0643838" lon="105.9748586">
      </trkpt>
      <trkpt lat="29.0647141" lon="105.976146">
      </trkpt>
      <trkpt lat="29.0647789" lon="105.9763988">
      </trkpt>
      <trkpt lat="29.0648441" lon="105.9768815">
      </trkpt>
      <trkpt lat="29.0648326" lon="105.977509">
      </trkpt>
      <trkpt lat="29.0647099" lon="105.978097">
      </trkpt>
      <trkpt lat="29.0644682" lon="105.9789132">
      </trkpt>
      <trkpt lat="29.0643033" lon="105.9797469">
      </trkpt>
      <trkpt lat="29.0642956" lon="105.9804709">
      </trkpt>
      <trkpt lat="29.0643915" lon="105.9810019">
      </trkpt>
      <trkpt lat="29.0647099" lon="105.9822657">
      </trkpt>
      <trkpt lat="29.0648556" lon="105.9833671">
      </trkpt>
      <trkpt lat="29.0648748" lon="105.9846089">
      </trkpt>
      <trkpt lat="29.0648594" lon="105.9862369">
      </trkpt>
      <trkpt lat="29.0648671" lon="105.9875796">
      </trkpt>
      <trkpt lat="29.0649668" lon="105.9884528">
      </trkpt>
      <trkpt lat="29.0651202" lon="105.9892339">
      </trkpt>
      <trkpt lat="29.0655498" lon="105.9909804">
      </trkpt>
      <trkpt lat="29.0656534" lon="105.9918448">
      </trkpt>
      <trkpt lat="29.0658068" lon="105.9935386">
      </trkpt>
      <trkpt lat="29.0660484" lon="105.9944206">
      </trkpt>
      <trkpt lat="29.0664013" lon="105.9951973">
      </trkpt>
      <trkpt lat="29.0669804" lon="105.9960091">
      </trkpt>
      <trkpt lat="29.0675711" lon="105.9965489">
      </trkpt>
      <trkpt lat="29.0683267" lon="105.9970052">
      </trkpt>
      <trkpt lat="29.0694274" lon="105.9973124">
      </trkpt>
      <trkpt lat="29.0711686" lon="105.9976941">
      </trkpt>
      <trkpt lat="29.0717017" lon="105.9977161">
      </trkpt>
      <trkpt lat="29.0723997" lon="105.9975932">
      </trkpt>
      <trkpt lat="29.0732051" lon="105.997172">
      </trkpt>
      <trkpt lat="29.0736653" lon="105.9967858">
      </trkpt>
      <trkpt lat="29.0752608" lon="105.9953158">
      </trkpt>
      <trkpt lat="29.0758207" lon="105.9949735">
      </trkpt>
      <trkpt lat="29.0764036" lon="105.9947497">
      </trkpt>
      <trkpt lat="29.0782636" lon="105.9943855">
      </trkpt>
      <trkpt lat="29.0798973" lon="105.9939467">
      </trkpt>
      <trkpt lat="29.0807448" lon="105.9938677">
      </trkpt>
      <trkpt lat="29.0823171" lon="105.9937229">
      </trkpt>
      <trkpt lat="29.0830112" lon="105.9935869">
      </trkpt>
      <trkpt lat="29.0847905" lon="105.9929419">
      </trkpt>
      <trkpt lat="29.0853964" lon="105.9928365">
      </trkpt>
      <trkpt lat="29.0862708" lon="105.9928892">
      </trkpt>
      <trkpt lat="29.0868383" lon="105.993091">
      </trkpt>
      <trkpt lat="29.0888591" lon="105.9941003">
      </trkpt>
      <trkpt lat="29.0892042" lon="105.9944119">
      </trkpt>
      <trkpt lat="29.089603" lon="105.9949735">
      </trkpt>
      <trkpt lat="29.0901859" lon="105.9964304">
      </trkpt>
      <trkpt lat="29.090462" lon="105.9969745">
      </trkpt>
      <trkpt lat="29.0911714" lon="105.99776">
      </trkpt>
      <trkpt lat="29.0920495" lon="105.9983743">
      </trkpt>
      <trkpt lat="29.0926668" lon="105.9988965">
      </trkpt>
      <trkpt lat="29.0930924" lon="105.9993265">
      </trkpt>
      <trkpt lat="29.093798" lon="106.0002787">
      </trkpt>
      <trkpt lat="29.0943616" lon="106.0008931">
      </trkpt>
      <trkpt lat="29.095025" lon="106.0013055">
      </trkpt>
      <trkpt lat="29.0957343" lon="106.0016522">
      </trkpt>
      <trkpt lat="29.0963057" lon="106.0021305">
      </trkpt>
      <trkpt lat="29.0967006" lon="106.0027009">
      </trkpt>
      <trkpt lat="29.0971896" lon="106.003836">
      </trkpt>
      <trkpt lat="29.0981494" lon="106.006008">
      </trkpt>
      <trkpt lat="29.09835" lon="106.0066782">
      </trkpt>
      <trkpt lat="29.0986231" lon="106.0077233">
      </trkpt>
      <trkpt lat="29.0987296" lon="106.0082358">
      </trkpt>
      <trkpt lat="29.0989899" lon="106.0087881">
      </trkpt>
      <trkpt lat="29.0994128" lon="106.0094211">
      </trkpt>
      <trkpt lat="29.100584" lon="106.0110284">
      </trkpt>
      <trkpt lat="29.1009527" lon="106.0118599">
      </trkpt>
      <trkpt lat="29.1012022" lon="106.0130142">
      </trkpt>
      <trkpt lat="29.1019992" lon="106.0174699">
      </trkpt>
      <trkpt lat="29.1020318" lon="106.0192819">
      </trkpt>
      <trkpt lat="29.1015655" lon="106.0225772">
      </trkpt>
      <trkpt lat="29.1010992" lon="106.0257607">
      </trkpt>
      <trkpt lat="29.1008172" lon="106.0268342">
      </trkpt>
      <trkpt lat="29.100237" lon="106.0290373">
      </trkpt>
      <trkpt lat="29.1001394" lon="106.0297819">
      </trkpt>
      <trkpt lat="29.100237" lon="106.0340328">
      </trkpt>
      <trkpt lat="29.1004268" lon="106.0348582">
      </trkpt>
      <trkpt lat="29.1009582" lon="106.0357642">
      </trkpt>
      <trkpt lat="29.1019887" lon="106.0369401">
      </trkpt>
      <trkpt lat="29.1022773" lon="106.0374508">
      </trkpt>
      <trkpt lat="29.1025188" lon="106.0382143">
      </trkpt>
      <trkpt lat="29.1025917" lon="106.0391621">
      </trkpt>
      <trkpt lat="29.1026453" lon="106.0418959">
      </trkpt>
      <trkpt lat="29.1025687" lon="106.0427647">
      </trkpt>
      <trkpt lat="29.1023578" lon="106.0435765">
      </trkpt>
      <trkpt lat="29.1017347" lon="106.0450827">
      </trkpt>
      <trkpt lat="29.1009455" lon="106.0471447">
      </trkpt>
      <trkpt lat="29.1009047" lon="106.0472537">
      </trkpt>
      <trkpt lat="29.1006324" lon="106.0482981">
      </trkpt>
      <trkpt lat="29.0994704" lon="106.0527799">
      </trkpt>
      <trkpt lat="29.0991371" lon="106.0540201">
      </trkpt>
      <trkpt lat="29.0979136" lon="106.0585918">
      </trkpt>
      <trkpt lat="29.0977513" lon="106.0593262">
      </trkpt>
      <trkpt lat="29.097496" lon="106.0603741">
      </trkpt>
      <trkpt lat="29.0971396" lon="106.0615568">
      </trkpt>
      <trkpt lat="29.097" lon="106.0622111">
      </trkpt>
      <trkpt lat="29.0962729" lon="106.0650079">
      </trkpt>
      <trkpt lat="29.0959738" lon="106.0656091">
      </trkpt>
      <trkpt lat="29.095552" lon="106.0661093">
      </trkpt>
      <trkpt lat="29.09495" lon="106.0666008">
      </trkpt>
      <trkpt lat="29.094141" lon="106.066886">
      </trkpt>
      <trkpt lat="29.0930597" lon="106.0673248">
      </trkpt>
      <trkpt lat="29.0921087" lon="106.0678601">
      </trkpt>
      <trkpt lat="29.0915144" lon="106.0683867">
      </trkpt>
      <trkpt lat="29.0908549" lon="106.0692073">
      </trkpt>
      <trkpt lat="29.0888954" lon="106.0716251">
      </trkpt>
      <trkpt lat="29.0883774" lon="106.072831">
      </trkpt>
      <trkpt lat="29.0882455" lon="106.0735161">
      </trkpt>
      <trkpt lat="29.0880574" lon="106.074674">
      </trkpt>
      <trkpt lat="29.0873145" lon="106.0761882">
      </trkpt>
      <trkpt lat="29.0868543" lon="106.0768998">
      </trkpt>
      <trkpt lat="29.0857934" lon="106.078594">
      </trkpt>
      <trkpt lat="29.0856376" lon="106.0788187">
      </trkpt>
      <trkpt lat="29.0841968" lon="106.0810531">
      </trkpt>
      <trkpt lat="29.0834531" lon="106.0822277">
      </trkpt>
      <trkpt lat="29.0832832" lon="106.0825139">
      </trkpt>
      <trkpt lat="29.0831543" lon="106.0826945">
      </trkpt>
      <trkpt lat="29.0822311" lon="106.0841571">
      </trkpt>
      <trkpt lat="29.0812379" lon="106.0857285">
      </trkpt>
      <trkpt lat="29.0801927" lon="106.0873909">
      </trkpt>
      <trkpt lat="29.0790115" lon="106.089245">
      </trkpt>
      <trkpt lat="29.078539" lon="106.0899562">
      </trkpt>
      <trkpt lat="29.0779547" lon="106.0908835">
      </trkpt>
      <trkpt lat="29.0769939" lon="106.0924075">
      </trkpt>
      <trkpt lat="29.0768788" lon="106.0925899">
      </trkpt>
      <trkpt lat="29.076793" lon="106.0927297">
      </trkpt>
      <trkpt lat="29.0760276" lon="106.093911">
      </trkpt>
      <trkpt lat="29.0745198" lon="106.096482">
      </trkpt>
      <trkpt lat="29.0737343" lon="106.0978336">
      </trkpt>
      <trkpt lat="29.0733004" lon="106.0986528">
      </trkpt>
      <trkpt lat="29.0730889" lon="106.0994161">
      </trkpt>
      <trkpt lat="29.0728251" lon="106.1018111">
      </trkpt>
      <trkpt lat="29.0727616" lon="106.1023324">
      </trkpt>
      <trkpt lat="29.0724796" lon="106.1039121">
      </trkpt>
      <trkpt lat="29.0723025" lon="106.104753">
      </trkpt>
      <trkpt lat="29.072254" lon="106.1050488">
      </trkpt>
      <trkpt lat="29.0721173" lon="106.1055918">
      </trkpt>
      <trkpt lat="29.0719452" lon="106.1060367">
      </trkpt>
      <trkpt lat="29.0717142" lon="106.1064671">
      </trkpt>
      <trkpt lat="29.0716264" lon="106.1065928">
      </trkpt>
      <trkpt lat="29.0712665" lon="106.1071856">
      </trkpt>
      <trkpt lat="29.0708489" lon="106.1079365">
      </trkpt>
      <trkpt lat="29.070556" lon="106.1087556">
      </trkpt>
      <trkpt lat="29.070301" lon="106.1104684">
      </trkpt>
      <trkpt lat="29.0702956" lon="106.1114427">
      </trkpt>
      <trkpt lat="29.0706699" lon="106.1126032">
      </trkpt>
      <trkpt lat="29.0711621" lon="106.1140924">
      </trkpt>
      <trkpt lat="29.0714756" lon="106.1150681">
      </trkpt>
      <trkpt lat="29.0715414" lon="106.1153697">
      </trkpt>
      <trkpt lat="29.0715922" lon="106.1158296">
      </trkpt>
      <trkpt lat="29.071608" lon="106.1162469">
      </trkpt>
      <trkpt lat="29.0715602" lon="106.1176304">
      </trkpt>
      <trkpt lat="29.0715503" lon="106.1180706">
      </trkpt>
      <trkpt lat="29.0715804" lon="106.1199369">
      </trkpt>
      <trkpt lat="29.071857" lon="106.1211382">
      </trkpt>
      <trkpt lat="29.0740381" lon="106.1253683">
      </trkpt>
      <trkpt lat="29.0752555" lon="106.126801">
      </trkpt>
      <trkpt lat="29.076686" lon="106.1280121">
      </trkpt>
      <trkpt lat="29.0781893" lon="106.1288327">
      </trkpt>
      <trkpt lat="29.0800301" lon="106.1297586">
      </trkpt>
      <trkpt lat="29.0819667" lon="106.1309916">
      </trkpt>
      <trkpt lat="29.084003" lon="106.1317946">
      </trkpt>
      <trkpt lat="29.0848006" lon="106.1322554">
      </trkpt>
      <trkpt lat="29.0868029" lon="106.1334991">
      </trkpt>
      <trkpt lat="29.0928439" lon="106.1363854">
      </trkpt>
      <trkpt lat="29.0944892" lon="106.1367796">
      </trkpt>
      <trkpt lat="29.0965672" lon="106.1368455">
      </trkpt>
      <trkpt lat="29.1013226" lon="106.1364445">
      </trkpt>
      <trkpt lat="29.1038123" lon="106.1348201">
      </trkpt>
      <trkpt lat="29.105483" lon="106.1337425">
      </trkpt>
      <trkpt lat="29.1076433" lon="106.1323011">
      </trkpt>
      <trkpt lat="29.1077445" lon="106.1322065">
      </trkpt>
      <trkpt lat="29.1080492" lon="106.1320093">
      </trkpt>
      <trkpt lat="29.1083134" lon="106.1318233">
      </trkpt>
      <trkpt lat="29.1093133" lon="106.1311367">
      </trkpt>
      <trkpt lat="29.1100492" lon="106.1306283">
      </trkpt>
      <trkpt lat="29.1115315" lon="106.1296261">
      </trkpt>
      <trkpt lat="29.11248" lon="106.1289697">
      </trkpt>
      <trkpt lat="29.1137716" lon="106.1281049">
      </trkpt>
      <trkpt lat="29.1156405" lon="106.1268424">
      </trkpt>
      <trkpt lat="29.115714" lon="106.1267708">
      </trkpt>
      <trkpt lat="29.1169791" lon="106.1256283">
      </trkpt>
      <trkpt lat="29.1173416" lon="106.1251518">
      </trkpt>
      <trkpt lat="29.1182059" lon="106.1240399">
      </trkpt>
      <trkpt lat="29.1185351" lon="106.1235532">
      </trkpt>
      <trkpt lat="29.1206683" lon="106.120655">
      </trkpt>
      <trkpt lat="29.121962" lon="106.1189005">
      </trkpt>
      <trkpt lat="29.1222003" lon="106.1185899">
      </trkpt>
      <trkpt lat="29.1227676" lon="106.1180633">
      </trkpt>
      <trkpt lat="29.1237259" lon="106.1173173">
      </trkpt>
      <trkpt lat="29.1245187" lon="106.1167579">
      </trkpt>
      <trkpt lat="29.1268023" lon="106.1151592">
      </trkpt>
      <trkpt lat="29.1271685" lon="106.1148975">
      </trkpt>
      <trkpt lat="29.1275299" lon="106.1146156">
      </trkpt>
      <trkpt lat="29.1278519" lon="106.1144024">
      </trkpt>
      <trkpt lat="29.1302255" lon="106.1128024">
      </trkpt>
      <trkpt lat="29.131043" lon="106.1121853">
      </trkpt>
      <trkpt lat="29.1325026" lon="106.1111585">
      </trkpt>
      <trkpt lat="29.1337526" lon="106.1102704">
      </trkpt>
      <trkpt lat="29.1339829" lon="106.1101324">
      </trkpt>
      <trkpt lat="29.1345849" lon="106.1097019">
      </trkpt>
      <trkpt lat="29.1357352" lon="106.1089238">
      </trkpt>
      <trkpt lat="29.136426" lon="106.1084087">
      </trkpt>
      <trkpt lat="29.1369665" lon="106.1080418">
      </trkpt>
      <trkpt lat="29.1372136" lon="106.1078135">
      </trkpt>
      <trkpt lat="29.137508" lon="106.1076226">
      </trkpt>
      <trkpt lat="29.1383068" lon="106.1071019">
      </trkpt>
      <trkpt lat="29.1392956" lon="106.1066543">
      </trkpt>
      <trkpt lat="29.1400622" lon="106.1064788">
      </trkpt>
      <trkpt lat="29.1438269" lon="106.1060425">
      </trkpt>
      <trkpt lat="29.1454671" lon="106.1058651">
      </trkpt>
      <trkpt lat="29.1459618" lon="106.1058017">
      </trkpt>
      <trkpt lat="29.1485523" lon="106.1055018">
      </trkpt>
      <trkpt lat="29.1489479" lon="106.105482">
      </trkpt>
      <trkpt lat="29.1505104" lon="106.1053398">
      </trkpt>
      <trkpt lat="29.1505676" lon="106.1053183">
      </trkpt>
      <trkpt lat="29.1508585" lon="106.1053719">
      </trkpt>
      <trkpt lat="29.15149" lon="106.1055293">
      </trkpt>
      <trkpt lat="29.1517945" lon="106.1056453">
      </trkpt>
      <trkpt lat="29.1519784" lon="106.1057278">
      </trkpt>
      <trkpt lat="29.1527936" lon="106.1062769">
      </trkpt>
      <trkpt lat="29.1559044" lon="106.1082909">
      </trkpt>
      <trkpt lat="29.1572761" lon="106.1091838">
      </trkpt>
      <trkpt lat="29.1601895" lon="106.1112179">
      </trkpt>
      <trkpt lat="29.1602496" lon="106.1112735">
      </trkpt>
      <trkpt lat="29.1607336" lon="106.1119551">
      </trkpt>
      <trkpt lat="29.1610632" lon="106.1129731">
      </trkpt>
      <trkpt lat="29.1613161" lon="106.1150531">
      </trkpt>
      <trkpt lat="29.1616763" lon="106.115957">
      </trkpt>
      <trkpt lat="29.1623047" lon="106.1168697">
      </trkpt>
      <trkpt lat="29.1628258" lon="106.1176859">
      </trkpt>
      <trkpt lat="29.1637608" lon="106.1207576">
      </trkpt>
      <trkpt lat="29.1640903" lon="106.1213456">
      </trkpt>
      <trkpt lat="29.164757" lon="106.1224075">
      </trkpt>
      <trkpt lat="29.1656" lon="106.1243558">
      </trkpt>
      <trkpt lat="29.1661518" lon="106.1249701">
      </trkpt>
      <trkpt lat="29.1673594" lon="106.1256839">
      </trkpt>
      <trkpt lat="29.1685731" lon="106.1264248">
      </trkpt>
      <trkpt lat="29.1687286" lon="106.1265572">
      </trkpt>
      <trkpt lat="29.1692287" lon="106.1269398">
      </trkpt>
      <trkpt lat="29.1709763" lon="106.1283782">
      </trkpt>
      <trkpt lat="29.1720139" lon="106.1293104">
      </trkpt>
      <trkpt lat="29.1726316" lon="106.1302413">
      </trkpt>
      <trkpt lat="29.1732818" lon="106.1322767">
      </trkpt>
      <trkpt lat="29.1737113" lon="106.1336872">
      </trkpt>
      <trkpt lat="29.1742218" lon="106.1354254">
      </trkpt>
      <trkpt lat="29.1757955" lon="106.1376757">
      </trkpt>
      <trkpt lat="29.179669" lon="106.1433962">
      </trkpt>
      <trkpt lat="29.1812659" lon="106.1452278">
      </trkpt>
      <trkpt lat="29.1828782" lon="106.1468637">
      </trkpt>
      <trkpt lat="29.1843944" lon="106.1481783">
      </trkpt>
      <trkpt lat="29.1850799" lon="106.1484949">
      </trkpt>
      <trkpt lat="29.1871051" lon="106.1492506">
      </trkpt>
      <trkpt lat="29.1882756" lon="106.1496291">
      </trkpt>
      <trkpt lat="29.1887734" lon="106.149754">
      </trkpt>
      <trkpt lat="29.1889838" lon="106.1498606">
      </trkpt>
      <trkpt lat="29.1904535" lon="106.150183">
      </trkpt>
      <trkpt lat="29.1911024" lon="106.1502309">
      </trkpt>
      <trkpt lat="29.1912468" lon="106.1502217">
      </trkpt>
      <trkpt lat="29.1930016" lon="106.1501631">
      </trkpt>
      <trkpt lat="29.1942135" lon="106.1501098">
      </trkpt>
      <trkpt lat="29.1950265" lon="106.1500158">
      </trkpt>
      <trkpt lat="29.1959138" lon="106.1498233">
      </trkpt>
      <trkpt lat="29.196684" lon="106.1494959">
      </trkpt>
      <trkpt lat="29.1967541" lon="106.149483">
      </trkpt>
      <trkpt lat="29.1978251" lon="106.1488472">
      </trkpt>
      <trkpt lat="29.1985325" lon="106.1483681">
      </trkpt>
      <trkpt lat="29.199025" lon="106.1480099">
      </trkpt>
      <trkpt lat="29.1994762" lon="106.1476817">
      </trkpt>
      <trkpt lat="29.2014248" lon="106.1462323">
      </trkpt>
      <trkpt lat="29.2028044" lon="106.1451577">
      </trkpt>
      <trkpt lat="29.2060089" lon="106.1429251">
      </trkpt>
      <trkpt lat="29.2067461" lon="106.1424227">
      </trkpt>
      <trkpt lat="29.2068424" lon="106.1423519">
      </trkpt>
      <trkpt lat="29.2077092" lon="106.1418021">
      </trkpt>
      <trkpt lat="29.2085556" lon="106.1414662">
      </trkpt>
      <trkpt lat="29.2098268" lon="106.1414126">
      </trkpt>
      <trkpt lat="29.2124409" lon="106.1414984">
      </trkpt>
      <trkpt lat="29.2125546" lon="106.1415345">
      </trkpt>
      <trkpt lat="29.213027" lon="106.1417014">
      </trkpt>
      <trkpt lat="29.2133684" lon="106.1418884">
      </trkpt>
      <trkpt lat="29.2137475" lon="106.1421751">
      </trkpt>
      <trkpt lat="29.2141827" lon="106.1426373">
      </trkpt>
      <trkpt lat="29.2147927" lon="106.1435905">
      </trkpt>
      <trkpt lat="29.2155325" lon="106.1445669">
      </trkpt>
      <trkpt lat="29.2162984" lon="106.1451461">
      </trkpt>
      <trkpt lat="29.2168416" lon="106.1453566">
      </trkpt>
      <trkpt lat="29.2172598" lon="106.1454103">
      </trkpt>
      <trkpt lat="29.2176967" lon="106.1454267">
      </trkpt>
      <trkpt lat="29.2191935" lon="106.1455638">
      </trkpt>
      <trkpt lat="29.2195144" lon="106.1455946">
      </trkpt>
      <trkpt lat="29.2197021" lon="106.1456118">
      </trkpt>
      <trkpt lat="29.2199802" lon="106.1456223">
      </trkpt>
      <trkpt lat="29.2212158" lon="106.1457264">
      </trkpt>
      <trkpt lat="29.2236566" lon="106.1459207">
      </trkpt>
      <trkpt lat="29.2241529" lon="106.1459879">
      </trkpt>
      <trkpt lat="29.2247468" lon="106.146167">
      </trkpt>
      <trkpt lat="29.2252118" lon="106.1464535">
      </trkpt>
      <trkpt lat="29.2256143" lon="106.1468028">
      </trkpt>
      <trkpt lat="29.225867" lon="106.1471555">
      </trkpt>
      <trkpt lat="29.2259302" lon="106.1472689">
      </trkpt>
      <trkpt lat="29.2261522" lon="106.1477018">
      </trkpt>
      <trkpt lat="29.2263046" lon="106.1482614">
      </trkpt>
      <trkpt lat="29.2263632" lon="106.1489599">
      </trkpt>
      <trkpt lat="29.2262538" lon="106.1506166">
      </trkpt>
      <trkpt lat="29.226332" lon="106.15123">
      </trkpt>
      <trkpt lat="29.2265" lon="106.1517494">
      </trkpt>
      <trkpt lat="29.2267028" lon="106.1523572">
      </trkpt>
      <trkpt lat="29.2269962" lon="106.1531374">
      </trkpt>
      <trkpt lat="29.227848" lon="106.1559358">
      </trkpt>
      <trkpt lat="29.2280512" lon="106.1564149">
      </trkpt>
      <trkpt lat="29.2286295" lon="106.1575253">
      </trkpt>
      <trkpt lat="29.228989" lon="106.158085">
      </trkpt>
      <trkpt lat="29.2304699" lon="106.1600192">
      </trkpt>
      <trkpt lat="29.2308958" lon="106.1606282">
      </trkpt>
      <trkpt lat="29.2311341" lon="106.1611386">
      </trkpt>
      <trkpt lat="29.2313139" lon="106.1617341">
      </trkpt>
      <trkpt lat="29.2316108" lon="106.1645997">
      </trkpt>
      <trkpt lat="29.2317515" lon="106.1651817">
      </trkpt>
      <trkpt lat="29.232064" lon="106.1658354">
      </trkpt>
      <trkpt lat="29.2328338" lon="106.1671339">
      </trkpt>
      <trkpt lat="29.2331229" lon="106.1678906">
      </trkpt>
      <trkpt lat="29.2332173" lon="106.1685894">
      </trkpt>
      <trkpt lat="29.2330451" lon="106.1727901">
      </trkpt>
      <trkpt lat="29.2330092" lon="106.1734581">
      </trkpt>
      <trkpt lat="29.23307" lon="106.1740185">
      </trkpt>
      <trkpt lat="29.2331639" lon="106.1744396">
      </trkpt>
      <trkpt lat="29.2337248" lon="106.1757693">
      </trkpt>
      <trkpt lat="29.233885" lon="106.1763804">
      </trkpt>
      <trkpt lat="29.233932" lon="106.1769249">
      </trkpt>
      <trkpt lat="29.2338878" lon="106.1774695">
      </trkpt>
      <trkpt lat="29.233797" lon="106.1776789">
      </trkpt>
      <trkpt lat="29.2336813" lon="106.1780119">
      </trkpt>
      <trkpt lat="29.2331998" lon="106.1793564">
      </trkpt>
      <trkpt lat="29.2329539" lon="106.1800973">
      </trkpt>
      <trkpt lat="29.2328979" lon="106.1805234">
      </trkpt>
      <trkpt lat="29.2328901" lon="106.1812264">
      </trkpt>
      <trkpt lat="29.2328823" lon="106.1820547">
      </trkpt>
      <trkpt lat="29.2328862" lon="106.1831039">
      </trkpt>
      <trkpt lat="29.2328393" lon="106.1836501">
      </trkpt>
      <trkpt lat="29.2325892" lon="106.184465">
      </trkpt>
      <trkpt lat="29.2322649" lon="106.1850381">
      </trkpt>
      <trkpt lat="29.2313311" lon="106.1861306">
      </trkpt>
      <trkpt lat="29.2310576" lon="106.1866321">
      </trkpt>
      <trkpt lat="29.2305731" lon="106.1883962">
      </trkpt>
      <trkpt lat="29.2303829" lon="106.1888489">
      </trkpt>
      <trkpt lat="29.2301336" lon="106.1891979">
      </trkpt>
      <trkpt lat="29.2293951" lon="106.1900531">
      </trkpt>
      <trkpt lat="29.2291665" lon="106.190371">
      </trkpt>
      <trkpt lat="29.2282313" lon="106.1918703">
      </trkpt>
      <trkpt lat="29.2263948" lon="106.1940508">
      </trkpt>
      <trkpt lat="29.2260627" lon="106.194521">
      </trkpt>
      <trkpt lat="29.2258204" lon="106.1950314">
      </trkpt>
      <trkpt lat="29.2256641" lon="106.1956269">
      </trkpt>
      <trkpt lat="29.2256133" lon="106.1962761">
      </trkpt>
      <trkpt lat="29.2255547" lon="106.1985999">
      </trkpt>
      <trkpt lat="29.2250233" lon="106.2008789">
      </trkpt>
      <trkpt lat="29.2238235" lon="106.2055694">
      </trkpt>
      <trkpt lat="29.2237364" lon="106.2063073">
      </trkpt>
      <trkpt lat="29.2237364" lon="106.2065347">
      </trkpt>
      <trkpt lat="29.2237021" lon="106.2074726">
      </trkpt>
      <trkpt lat="29.2236834" lon="106.2082423">
      </trkpt>
      <trkpt lat="29.2236554" lon="106.2091552">
      </trkpt>
      <trkpt lat="29.2236398" lon="106.2099965">
      </trkpt>
      <trkpt lat="29.2236273" lon="106.2109064">
      </trkpt>
      <trkpt lat="29.2236211" lon="106.2110061">
      </trkpt>
      <trkpt lat="29.2236117" lon="106.2119658">
      </trkpt>
      <trkpt lat="29.2236304" lon="106.2122493">
      </trkpt>
      <trkpt lat="29.223699" lon="106.2126481">
      </trkpt>
      <trkpt lat="29.2238049" lon="106.2130719">
      </trkpt>
      <trkpt lat="29.2239327" lon="106.2133928">
      </trkpt>
      <trkpt lat="29.2240885" lon="106.2136951">
      </trkpt>
      <trkpt lat="29.2242754" lon="106.2139973">
      </trkpt>
      <trkpt lat="29.2244998" lon="106.214312">
      </trkpt>
      <trkpt lat="29.2256541" lon="106.2159641">
      </trkpt>
      <trkpt lat="29.2258052" lon="106.2161742">
      </trkpt>
      <trkpt lat="29.2260552" lon="106.2164354">
      </trkpt>
      <trkpt lat="29.2262902" lon="106.2166778">
      </trkpt>
      <trkpt lat="29.2264954" lon="106.2168084">
      </trkpt>
      <trkpt lat="29.2267602" lon="106.2169614">
      </trkpt>
      <trkpt lat="29.2277824" lon="106.2174836">
      </trkpt>
      <trkpt lat="29.2287971" lon="106.2180097">
      </trkpt>
      <trkpt lat="29.2300767" lon="106.2186401">
      </trkpt>
      <trkpt lat="29.2302284" lon="106.2187173">
      </trkpt>
      <trkpt lat="29.2317473" lon="106.2194904">
      </trkpt>
      <trkpt lat="29.2325745" lon="106.219924">
      </trkpt>
      <trkpt lat="29.2333674" lon="106.220329">
      </trkpt>
      <trkpt lat="29.233858" lon="106.2205743">
      </trkpt>
      <trkpt lat="29.2350503" lon="106.2211619">
      </trkpt>
      <trkpt lat="29.2366533" lon="106.2219834">
      </trkpt>
      <trkpt lat="29.2371211" lon="106.2222116">
      </trkpt>
      <trkpt lat="29.2375376" lon="106.2223998">
      </trkpt>
      <trkpt lat="29.2384617" lon="106.2227364">
      </trkpt>
      <trkpt lat="29.2397225" lon="106.22313">
      </trkpt>
      <trkpt lat="29.2421869" lon="106.2239173">
      </trkpt>
      <trkpt lat="29.2443718" lon="106.224619">
      </trkpt>
      <trkpt lat="29.2457809" lon="106.2250811">
      </trkpt>
      <trkpt lat="29.2461574" lon="106.2252408">
      </trkpt>
      <trkpt lat="29.2465282" lon="106.225469">
      </trkpt>
      <trkpt lat="29.2468363" lon="106.2257599">
      </trkpt>
      <trkpt lat="29.2470892" lon="106.2260947">
      </trkpt>
      <trkpt lat="29.2476763" lon="106.2270994">
      </trkpt>
      <trkpt lat="29.2479041" lon="106.2274879">
      </trkpt>
      <trkpt lat="29.2481991" lon="106.2280166">
      </trkpt>
      <trkpt lat="29.2483845" lon="106.2284658">
      </trkpt>
      <trkpt lat="29.2485556" lon="106.2289864">
      </trkpt>
      <trkpt lat="29.2488052" lon="106.231582">
      </trkpt>
      <trkpt lat="29.2488195" lon="106.2320384">
      </trkpt>
      <trkpt lat="29.2487624" lon="106.2324663">
      </trkpt>
      <trkpt lat="29.2486269" lon="106.2330225">
      </trkpt>
      <trkpt lat="29.2479566" lon="106.234848">
      </trkpt>
      <trkpt lat="29.2478497" lon="106.2352758">
      </trkpt>
      <trkpt lat="29.2477784" lon="106.2356538">
      </trkpt>
      <trkpt lat="29.2477926" lon="106.236046">
      </trkpt>
      <trkpt lat="29.2478283" lon="106.2364524">
      </trkpt>
      <trkpt lat="29.2479923" lon="106.2372654">
      </trkpt>
      <trkpt lat="29.2481207" lon="106.2380212">
      </trkpt>
      <trkpt lat="29.2481349" lon="106.2385489">
      </trkpt>
      <trkpt lat="29.2481064" lon="106.2391764">
      </trkpt>
      <trkpt lat="29.2480137" lon="106.2396899">
      </trkpt>
      <trkpt lat="29.2478568" lon="106.2401249">
      </trkpt>
      <trkpt lat="29.2475787" lon="106.2407666">
      </trkpt>
      <trkpt lat="29.2467586" lon="106.242421">
      </trkpt>
      <trkpt lat="29.2465305" lon="106.2429558">
      </trkpt>
      <trkpt lat="29.2463451" lon="106.2434906">
      </trkpt>
      <trkpt lat="29.2462452" lon="106.244054">
      </trkpt>
      <trkpt lat="29.2461525" lon="106.2450238">
      </trkpt>
      <trkpt lat="29.2460598" lon="106.2456014">
      </trkpt>
      <trkpt lat="29.2458459" lon="106.2468208">
      </trkpt>
      <trkpt lat="29.2457461" lon="106.2474055">
      </trkpt>
      <trkpt lat="29.2456462" lon="106.248525">
      </trkpt>
      <trkpt lat="29.2455963" lon="106.2496446">
      </trkpt>
      <trkpt lat="29.2456106" lon="106.2504575">
      </trkpt>
      <trkpt lat="29.2457247" lon="106.2513489">
      </trkpt>
      <trkpt lat="29.2458602" lon="106.2520121">
      </trkpt>
      <trkpt lat="29.2463308" lon="106.2535024">
      </trkpt>
      <trkpt lat="29.2466303" lon="106.2543225">
      </trkpt>
      <trkpt lat="29.2469654" lon="106.2550712">
      </trkpt>
      <trkpt lat="29.2472792" lon="106.255549">
      </trkpt>
      <trkpt lat="29.2476571" lon="106.2560553">
      </trkpt>
      <trkpt lat="29.2481207" lon="106.2565045">
      </trkpt>
      <trkpt lat="29.2489122" lon="106.2571891">
      </trkpt>
      <trkpt lat="29.2494042" lon="106.2575456">
      </trkpt>
      <trkpt lat="29.2497465" lon="106.2577025">
      </trkpt>
      <trkpt lat="29.2500959" lon="106.2578166">
      </trkpt>
      <trkpt lat="29.2505166" lon="106.2578737">
      </trkpt>
      <trkpt lat="29.2510158" lon="106.257838">
      </trkpt>
      <trkpt lat="29.2514009" lon="106.2577382">
      </trkpt>
      <trkpt lat="29.2517717" lon="106.2575456">
      </trkpt>
      <trkpt lat="29.2520569" lon="106.2573602">
      </trkpt>
      <trkpt lat="29.252335" lon="106.2570964">
      </trkpt>
      <trkpt lat="29.2526202" lon="106.2567684">
      </trkpt>
      <trkpt lat="29.2528627" lon="106.2563619">
      </trkpt>
      <trkpt lat="29.2530196" lon="106.2559269">
      </trkpt>
      <trkpt lat="29.2531979" lon="106.2551354">
      </trkpt>
      <trkpt lat="29.2534118" lon="106.2539231">
      </trkpt>
      <trkpt lat="29.2535315" lon="106.2534843">
      </trkpt>
      <trkpt lat="29.2535615" lon="106.2533741">
      </trkpt>
      <trkpt lat="29.2537612" lon="106.2527822">
      </trkpt>
      <trkpt lat="29.2539751" lon="106.252333">
      </trkpt>
      <trkpt lat="29.2543317" lon="106.2517411">
      </trkpt>
      <trkpt lat="29.2547524" lon="106.2510637">
      </trkpt>
      <trkpt lat="29.2551089" lon="106.2504932">
      </trkpt>
      <trkpt lat="29.25617" lon="106.2487613">
      </trkpt>
      <trkpt lat="29.2570428" lon="106.2473807">
      </trkpt>
      <trkpt lat="29.2579727" lon="106.2458918">
      </trkpt>
      <trkpt lat="29.2587294" lon="106.2447257">
      </trkpt>
      <trkpt lat="29.2589272" lon="106.2444026">
      </trkpt>
      <trkpt lat="29.2594958" lon="106.2434506">
      </trkpt>
      <trkpt lat="29.2598818" lon="106.2428412">
      </trkpt>
      <trkpt lat="29.2603119" lon="106.2421621">
      </trkpt>
      <trkpt lat="29.260443" lon="106.2419529">
      </trkpt>
      <trkpt lat="29.2605059" lon="106.2418526">
      </trkpt>
      <trkpt lat="29.2606659" lon="106.241587">
      </trkpt>
      <trkpt lat="29.2609783" lon="106.2411015">
      </trkpt>
      <trkpt lat="29.2614136" lon="106.2404242">
      </trkpt>
      <trkpt lat="29.2619447" lon="106.2396048">
      </trkpt>
      <trkpt lat="29.2621354" lon="106.2393433">
      </trkpt>
      <trkpt lat="29.2626479" lon="106.238713">
      </trkpt>
      <trkpt lat="29.2629313" lon="106.2384144">
      </trkpt>
      <trkpt lat="29.2633577" lon="106.2380003">
      </trkpt>
      <trkpt lat="29.2636555" lon="106.2377222">
      </trkpt>
      <trkpt lat="29.2642437" lon="106.2372391">
      </trkpt>
      <trkpt lat="29.2659774" lon="106.235937">
      </trkpt>
      <trkpt lat="29.2666319" lon="106.2354353">
      </trkpt>
      <trkpt lat="29.2676169" lon="106.2346795">
      </trkpt>
      <trkpt lat="29.2680616" lon="106.2343383">
      </trkpt>
      <trkpt lat="29.2682851" lon="106.2341668">
      </trkpt>
      <trkpt lat="29.2686026" lon="106.2339308">
      </trkpt>
      <trkpt lat="29.2691054" lon="106.233557">
      </trkpt>
      <trkpt lat="29.2696731" lon="106.2331758">
      </trkpt>
      <trkpt lat="29.2700254" lon="106.2329609">
      </trkpt>
      <trkpt lat="29.2707161" lon="106.2325823">
      </trkpt>
      <trkpt lat="29.2712982" lon="106.2323239">
      </trkpt>
      <trkpt lat="29.2719405" lon="106.2320892">
      </trkpt>
      <trkpt lat="29.2737116" lon="106.2314187">
      </trkpt>
      <trkpt lat="29.2744393" lon="106.2311317">
      </trkpt>
      <trkpt lat="29.2746861" lon="106.2310392">
      </trkpt>
      <trkpt lat="29.2758173" lon="106.2306033">
      </trkpt>
      <trkpt lat="29.2770881" lon="106.2301403">
      </trkpt>
      <trkpt lat="29.2783721" lon="106.2296352">
      </trkpt>
      <trkpt lat="29.2786029" lon="106.2295459">
      </trkpt>
      <trkpt lat="29.2799654" lon="106.2290295">
      </trkpt>
      <trkpt lat="29.2803304" lon="106.2289082">
      </trkpt>
      <trkpt lat="29.2805316" lon="106.2288532">
      </trkpt>
      <trkpt lat="29.2808567" lon="106.2287955">
      </trkpt>
      <trkpt lat="29.2811925" lon="106.2287687">
      </trkpt>
      <trkpt lat="29.2814943" lon="106.22877">
      </trkpt>
      <trkpt lat="29.2817329" lon="106.2287975">
      </trkpt>
      <trkpt lat="29.2819984" lon="106.2288444">
      </trkpt>
      <trkpt lat="29.2822435" lon="106.2289175">
      </trkpt>
      <trkpt lat="29.2826873" lon="106.2290938">
      </trkpt>
      <trkpt lat="29.2830336" lon="106.229285">
      </trkpt>
      <trkpt lat="29.2835267" lon="106.2296384">
      </trkpt>
      <trkpt lat="29.2853193" lon="106.2310439">
      </trkpt>
      <trkpt lat="29.2855912" lon="106.2312658">
      </trkpt>
      <trkpt lat="29.2857485" lon="106.2314127">
      </trkpt>
      <trkpt lat="29.2859351" lon="106.2316192">
      </trkpt>
      <trkpt lat="29.286072" lon="106.2318002">
      </trkpt>
      <trkpt lat="29.2861848" lon="106.2319726">
      </trkpt>
      <trkpt lat="29.286303" lon="106.2321845">
      </trkpt>
      <trkpt lat="29.2864527" lon="106.2325251">
      </trkpt>
      <trkpt lat="29.2865036" lon="106.2326726">
      </trkpt>
      <trkpt lat="29.286551" lon="106.2328336">
      </trkpt>
      <trkpt lat="29.2866486" lon="106.233262">
      </trkpt>
      <trkpt lat="29.2868048" lon="106.2340225">
      </trkpt>
      <trkpt lat="29.2869247" lon="106.2344825">
      </trkpt>
      <trkpt lat="29.2870294" lon="106.2347634">
      </trkpt>
      <trkpt lat="29.2871463" lon="106.2350202">
      </trkpt>
      <trkpt lat="29.2873534" lon="106.2353615">
      </trkpt>
      <trkpt lat="29.2876136" lon="106.2356821">
      </trkpt>
      <trkpt lat="29.2878674" lon="106.2359255">
      </trkpt>
      <trkpt lat="29.2883265" lon="106.2362567">
      </trkpt>
      <trkpt lat="29.2886564" lon="106.2364852">
      </trkpt>
      <trkpt lat="29.2903781" lon="106.2376133">
      </trkpt>
      <trkpt lat="29.2907635" lon="106.2378748">
      </trkpt>
      <trkpt lat="29.2912074" lon="106.2382221">
      </trkpt>
      <trkpt lat="29.2916138" lon="106.2385876">
      </trkpt>
      <trkpt lat="29.2919536" lon="106.2389296">
      </trkpt>
      <trkpt lat="29.2946835" lon="106.2417707">
      </trkpt>
      <trkpt lat="29.2951022" lon="106.2422374">
      </trkpt>
      <trkpt lat="29.2953554" lon="106.2425888">
      </trkpt>
      <trkpt lat="29.2955724" lon="106.2429703">
      </trkpt>
      <trkpt lat="29.2958332" lon="106.2435644">
      </trkpt>
      <trkpt lat="29.2961086" lon="106.244247">
      </trkpt>
      <trkpt lat="29.2963437" lon="106.2448056">
      </trkpt>
      <trkpt lat="29.2965747" lon="106.2452542">
      </trkpt>
      <trkpt lat="29.2968367" lon="106.2456854">
      </trkpt>
      <trkpt lat="29.2971834" lon="106.2461669">
      </trkpt>
      <trkpt lat="29.2982326" lon="106.2475736">
      </trkpt>
      <trkpt lat="29.2985699" lon="106.248047">
      </trkpt>
      <trkpt lat="29.2987407" lon="106.2483273">
      </trkpt>
      <trkpt lat="29.2988699" lon="106.248568">
      </trkpt>
      <trkpt lat="29.2990302" lon="106.2489221">
      </trkpt>
      <trkpt lat="29.2991677" lon="106.2492916">
      </trkpt>
      <trkpt lat="29.299287" lon="106.2496751">
      </trkpt>
      <trkpt lat="29.2993746" lon="106.2499776">
      </trkpt>
      <trkpt lat="29.2999074" lon="106.2518605">
      </trkpt>
      <trkpt lat="29.2999805" lon="106.252234">
      </trkpt>
      <trkpt lat="29.3000295" lon="106.2525746">
      </trkpt>
      <trkpt lat="29.3000652" lon="106.252867">
      </trkpt>
      <trkpt lat="29.3000927" lon="106.2532378">
      </trkpt>
      <trkpt lat="29.3000968" lon="106.2536153">
      </trkpt>
      <trkpt lat="29.300077" lon="106.2558664">
      </trkpt>
      <trkpt lat="29.3000642" lon="106.2566939">
      </trkpt>
      <trkpt lat="29.300053" lon="106.2579405">
      </trkpt>
      <trkpt lat="29.3000155" lon="106.2614668">
      </trkpt>
      <trkpt lat="29.299974" lon="106.26225">
      </trkpt>
      <trkpt lat="29.2998869" lon="106.2629333">
      </trkpt>
      <trkpt lat="29.2994775" lon="106.2652621">
      </trkpt>
      <trkpt lat="29.2993337" lon="106.2659602">
      </trkpt>
      <trkpt lat="29.2992337" lon="106.2662874">
      </trkpt>
      <trkpt lat="29.2989679" lon="106.2669348">
      </trkpt>
      <trkpt lat="29.2984589" lon="106.268061">
      </trkpt>
      <trkpt lat="29.2982016" lon="106.2686069">
      </trkpt>
      <trkpt lat="29.2979624" lon="106.2690327">
      </trkpt>
      <trkpt lat="29.2976928" lon="106.269443">
      </trkpt>
      <trkpt lat="29.2973343" lon="106.2699071">
      </trkpt>
      <trkpt lat="29.2968624" lon="106.2705002">
      </trkpt>
      <trkpt lat="29.2952765" lon="106.2724719">
      </trkpt>
      <trkpt lat="29.2950349" lon="106.2727717">
      </trkpt>
      <trkpt lat="29.2947028" lon="106.2732156">
      </trkpt>
      <trkpt lat="29.2944864" lon="106.2735341">
      </trkpt>
      <trkpt lat="29.293325" lon="106.2752299">
      </trkpt>
      <trkpt lat="29.2930472" lon="106.2756312">
      </trkpt>
      <trkpt lat="29.2927952" lon="106.2759762">
      </trkpt>
      <trkpt lat="29.2924969" lon="106.2763537">
      </trkpt>
      <trkpt lat="29.2922618" lon="106.2766468">
      </trkpt>
      <trkpt lat="29.2919583" lon="106.2770323">
      </trkpt>
      <trkpt lat="29.2915296" lon="106.2776258">
      </trkpt>
      <trkpt lat="29.2911395" lon="106.2782467">
      </trkpt>
      <trkpt lat="29.2908951" lon="106.2786839">
      </trkpt>
      <trkpt lat="29.2903957" lon="106.2795831">
      </trkpt>
      <trkpt lat="29.2901518" lon="106.2800129">
      </trkpt>
      <trkpt lat="29.2898787" lon="106.2804756">
      </trkpt>
      <trkpt lat="29.2896015" lon="106.2809366">
      </trkpt>
      <trkpt lat="29.2893342" lon="106.2813517">
      </trkpt>
      <trkpt lat="29.2890196" lon="106.2818422">
      </trkpt>
      <trkpt lat="29.2888055" lon="106.2821768">
      </trkpt>
      <trkpt lat="29.2886561" lon="106.2824361">
      </trkpt>
      <trkpt lat="29.2884458" lon="106.2827796">
      </trkpt>
      <trkpt lat="29.2882487" lon="106.2831377">
      </trkpt>
      <trkpt lat="29.2876475" lon="106.2842368">
      </trkpt>
      <trkpt lat="29.2874528" lon="106.2845881">
      </trkpt>
      <trkpt lat="29.2873083" lon="106.2848483">
      </trkpt>
      <trkpt lat="29.2870843" lon="106.2852198">
      </trkpt>
      <trkpt lat="29.2869217" lon="106.2854746">
      </trkpt>
      <trkpt lat="29.2865131" lon="106.2860595">
      </trkpt>
      <trkpt lat="29.2860983" lon="106.2865756">
      </trkpt>
      <trkpt lat="29.2856515" lon="106.2870744">
      </trkpt>
      <trkpt lat="29.285259" lon="106.2874648">
      </trkpt>
      <trkpt lat="29.284766" lon="106.2879141">
      </trkpt>
      <trkpt lat="29.2842987" lon="106.2883238">
      </trkpt>
      <trkpt lat="29.2839741" lon="106.2886061">
      </trkpt>
      <trkpt lat="29.28377" lon="106.2887844">
      </trkpt>
      <trkpt lat="29.2836021" lon="106.2889065">
      </trkpt>
      <trkpt lat="29.2834559" lon="106.288999">
      </trkpt>
      <trkpt lat="29.2832921" lon="106.2890862">
      </trkpt>
      <trkpt lat="29.2831565" lon="106.2891573">
      </trkpt>
      <trkpt lat="29.2829787" lon="106.2892176">
      </trkpt>
      <trkpt lat="29.2826968" lon="106.2893008">
      </trkpt>
      <trkpt lat="29.2824511" lon="106.289337">
      </trkpt>
      <trkpt lat="29.2821329" lon="106.2893437">
      </trkpt>
      <trkpt lat="29.281982" lon="106.2893356">
      </trkpt>
      <trkpt lat="29.2815972" lon="106.2892793">
      </trkpt>
      <trkpt lat="29.2801876" lon="106.2890553">
      </trkpt>
      <trkpt lat="29.2798192" lon="106.2890017">
      </trkpt>
      <trkpt lat="29.2796589" lon="106.2889896">
      </trkpt>
      <trkpt lat="29.2793056" lon="106.288991">
      </trkpt>
      <trkpt lat="29.2791255" lon="106.2890124">
      </trkpt>
      <trkpt lat="29.2789395" lon="106.2890446">
      </trkpt>
      <trkpt lat="29.2787582" lon="106.2890956">
      </trkpt>
      <trkpt lat="29.2786131" lon="106.2891372">
      </trkpt>
      <trkpt lat="29.27824" lon="106.2892833">
      </trkpt>
      <trkpt lat="29.2775802" lon="106.2895556">
      </trkpt>
      <trkpt lat="29.2764183" lon="106.2900202">
      </trkpt>
      <trkpt lat="29.2756167" lon="106.2903173">
      </trkpt>
      <trkpt lat="29.2753669" lon="106.2904159">
      </trkpt>
      <trkpt lat="29.275209" lon="106.2904856">
      </trkpt>
      <trkpt lat="29.2750628" lon="106.2905634">
      </trkpt>
      <trkpt lat="29.2748926" lon="106.2906667">
      </trkpt>
      <trkpt lat="29.2747528" lon="106.2907673">
      </trkpt>
      <trkpt lat="29.2746235" lon="106.2908719">
      </trkpt>
      <trkpt lat="29.2744896" lon="106.2909966">
      </trkpt>
      <trkpt lat="29.2743615" lon="106.2911341">
      </trkpt>
      <trkpt lat="29.2740006" lon="106.2915967">
      </trkpt>
      <trkpt lat="29.2733917" lon="106.2924369">
      </trkpt>
      <trkpt lat="29.2731016" lon="106.2928285">
      </trkpt>
      <trkpt lat="29.2728846" lon="106.2930874">
      </trkpt>
      <trkpt lat="29.2726611" lon="106.2933261">
      </trkpt>
      <trkpt lat="29.2724704" lon="106.2935138">
      </trkpt>
      <trkpt lat="29.2722563" lon="106.293711">
      </trkpt>
      <trkpt lat="29.269823" lon="106.295964">
      </trkpt>
      <trkpt lat="29.2695469" lon="106.2962195">
      </trkpt>
      <trkpt lat="29.2691538" lon="106.2966185">
      </trkpt>
      <trkpt lat="29.2688906" lon="106.2968921">
      </trkpt>
      <trkpt lat="29.2683793" lon="106.2974382">
      </trkpt>
      <trkpt lat="29.2660819" lon="106.299887">
      </trkpt>
      <trkpt lat="29.265694" lon="106.3003038">
      </trkpt>
      <trkpt lat="29.2652241" lon="106.3008053">
      </trkpt>
      <trkpt lat="29.2646266" lon="106.3014411">
      </trkpt>
      <trkpt lat="29.2643385" lon="106.3017543">
      </trkpt>
      <trkpt lat="29.2640632" lon="106.3020875">
      </trkpt>
      <trkpt lat="29.2638488" lon="106.3023866">
      </trkpt>
      <trkpt lat="29.2636494" lon="106.3027085">
      </trkpt>
      <trkpt lat="29.2634926" lon="106.3030015">
      </trkpt>
      <trkpt lat="29.2634157" lon="106.3031577">
      </trkpt>
      <trkpt lat="29.2633692" lon="106.303259">
      </trkpt>
      <trkpt lat="29.2632975" lon="106.3034206">
      </trkpt>
      <trkpt lat="29.2631755" lon="106.3037364">
      </trkpt>
      <trkpt lat="29.2630486" lon="106.3041374">
      </trkpt>
      <trkpt lat="29.2629515" lon="106.3045196">
      </trkpt>
      <trkpt lat="29.2628836" lon="106.3048878">
      </trkpt>
      <trkpt lat="29.262845" lon="106.3051841">
      </trkpt>
      <trkpt lat="29.2628035" lon="106.3056978">
      </trkpt>
      <trkpt lat="29.2628035" lon="106.3061162">
      </trkpt>
      <trkpt lat="29.2628222" lon="106.3064602">
      </trkpt>
      <trkpt lat="29.2628655" lon="106.3068733">
      </trkpt>
      <trkpt lat="29.2629474" lon="106.3073266">
      </trkpt>
      <trkpt lat="29.2630258" lon="106.3076585">
      </trkpt>
      <trkpt lat="29.2631422" lon="106.308036">
      </trkpt>
      <trkpt lat="29.2632978" lon="106.3084517">
      </trkpt>
      <trkpt lat="29.2634598" lon="106.3088232">
      </trkpt>
      <trkpt lat="29.2643385" lon="106.3108081">
      </trkpt>
      <trkpt lat="29.2644385" lon="106.3110421">
      </trkpt>
      <trkpt lat="29.2645362" lon="106.3112701">
      </trkpt>
      <trkpt lat="29.2646824" lon="106.3116704">
      </trkpt>
      <trkpt lat="29.2647912" lon="106.3120258">
      </trkpt>
      <trkpt lat="29.2648913" lon="106.3124194">
      </trkpt>
      <trkpt lat="29.2668298" lon="106.3207155">
      </trkpt>
      <trkpt lat="29.2669509" lon="106.3212144">
      </trkpt>
      <trkpt lat="29.2670814" lon="106.3216697">
      </trkpt>
      <trkpt lat="29.2673212" lon="106.3223764">
      </trkpt>
      <trkpt lat="29.2675593" lon="106.3229437">
      </trkpt>
      <trkpt lat="29.2678219" lon="106.3234748">
      </trkpt>
      <trkpt lat="29.2681232" lon="106.3240032">
      </trkpt>
      <trkpt lat="29.2684203" lon="106.3244504">
      </trkpt>
      <trkpt lat="29.2687069" lon="106.3248548">
      </trkpt>
      <trkpt lat="29.270195" lon="106.3268758">
      </trkpt>
      <trkpt lat="29.2709865" lon="106.3279521">
      </trkpt>
      <trkpt lat="29.2747823" lon="106.3331136">
      </trkpt>
      <trkpt lat="29.2750815" lon="106.3335103">
      </trkpt>
      <trkpt lat="29.2753307" lon="106.3338087">
      </trkpt>
      <trkpt lat="29.2756477" lon="106.3341205">
      </trkpt>
      <trkpt lat="29.2758518" lon="106.3342955">
      </trkpt>
      <trkpt lat="29.2762131" lon="106.3345792">
      </trkpt>
      <trkpt lat="29.2764256" lon="106.3347106">
      </trkpt>
      <trkpt lat="29.2767701" lon="106.3349151">
      </trkpt>
      <trkpt lat="29.2786365" lon="106.3360101">
      </trkpt>
      <trkpt lat="29.2789734" lon="106.3362213">
      </trkpt>
      <trkpt lat="29.2791764" lon="106.3363769">
      </trkpt>
      <trkpt lat="29.2793413" lon="106.3365237">
      </trkpt>
      <trkpt lat="29.2795039" lon="106.3366981">
      </trkpt>
      <trkpt lat="29.2796308" lon="106.3368537">
      </trkpt>
      <trkpt lat="29.2797361" lon="106.3370039">
      </trkpt>
      <trkpt lat="29.2798297" lon="106.337152">
      </trkpt>
      <trkpt lat="29.2799209" lon="106.337319">
      </trkpt>
      <trkpt lat="29.2800291" lon="106.3375544">
      </trkpt>
      <trkpt lat="29.2800946" lon="106.3377327">
      </trkpt>
      <trkpt lat="29.2801479" lon="106.337895">
      </trkpt>
      <trkpt lat="29.2801952" lon="106.3380781">
      </trkpt>
      <trkpt lat="29.2802397" lon="106.3382953">
      </trkpt>
      <trkpt lat="29.2802672" lon="106.3385046">
      </trkpt>
      <trkpt lat="29.2802836" lon="106.3387211">
      </trkpt>
      <trkpt lat="29.2802824" lon="106.3389706">
      </trkpt>
      <trkpt lat="29.2802724" lon="106.3391959">
      </trkpt>
      <trkpt lat="29.2802046" lon="106.339682">
      </trkpt>
      <trkpt lat="29.2797741" lon="106.3422811">
      </trkpt>
      <trkpt lat="29.2797028" lon="106.3427263">
      </trkpt>
      <trkpt lat="29.2796729" lon="106.3430496">
      </trkpt>
      <trkpt lat="29.2796712" lon="106.343295">
      </trkpt>
      <trkpt lat="29.2796864" lon="106.3435572">
      </trkpt>
      <trkpt lat="29.2797209" lon="106.3438066">
      </trkpt>
      <trkpt lat="29.2798028" lon="106.3441768">
      </trkpt>
      <trkpt lat="29.2799474" lon="106.3445938">
      </trkpt>
      <trkpt lat="29.2806713" lon="106.3463205">
      </trkpt>
      <trkpt lat="29.2808386" lon="106.3467235">
      </trkpt>
      <trkpt lat="29.2809866" lon="106.3470051">
      </trkpt>
      <trkpt lat="29.2812083" lon="106.3473438">
      </trkpt>
      <trkpt lat="29.281458" lon="106.3476321">
      </trkpt>
      <trkpt lat="29.2816382" lon="106.3478048">
      </trkpt>
      <trkpt lat="29.2820031" lon="106.3480968">
      </trkpt>
      <trkpt lat="29.2823043" lon="106.3483275">
      </trkpt>
      <trkpt lat="29.2825616" lon="106.3485327">
      </trkpt>
      <trkpt lat="29.282726" lon="106.3486741">
      </trkpt>
      <trkpt lat="29.2829061" lon="106.3488565">
      </trkpt>
      <trkpt lat="29.2830278" lon="106.3489974">
      </trkpt>
      <trkpt lat="29.2832635" lon="106.3493407">
      </trkpt>
      <trkpt lat="29.2834278" lon="106.3496511">
      </trkpt>
      <trkpt lat="29.283574" lon="106.3500313">
      </trkpt>
      <trkpt lat="29.2836752" lon="106.350431">
      </trkpt>
      <trkpt lat="29.2837168" lon="106.3507019">
      </trkpt>
      <trkpt lat="29.2837489" lon="106.351292">
      </trkpt>
      <trkpt lat="29.2837571" lon="106.3514724">
      </trkpt>
      <trkpt lat="29.2837729" lon="106.3519116">
      </trkpt>
      <trkpt lat="29.2837998" lon="106.3523159">
      </trkpt>
      <trkpt lat="29.28386" lon="106.3527136">
      </trkpt>
      <trkpt lat="29.2839554" lon="106.353134">
      </trkpt>
      <trkpt lat="29.2840454" lon="106.3534129">
      </trkpt>
      <trkpt lat="29.2842104" lon="106.3538951">
      </trkpt>
      <trkpt lat="29.2844625" lon="106.3546347">
      </trkpt>
      <trkpt lat="29.2845752" lon="106.3549726">
      </trkpt>
      <trkpt lat="29.2846455" lon="106.3552087">
      </trkpt>
      <trkpt lat="29.2847736" lon="106.3557317">
      </trkpt>
      <trkpt lat="29.284873" lon="106.3562366">
      </trkpt>
      <trkpt lat="29.2849257" lon="106.3568485">
      </trkpt>
      <trkpt lat="29.2854567" lon="106.362975">
      </trkpt>
      <trkpt lat="29.2854988" lon="106.3635886">
      </trkpt>
      <trkpt lat="29.2855006" lon="106.3640915">
      </trkpt>
      <trkpt lat="29.2854549" lon="106.3646822">
      </trkpt>
      <trkpt lat="29.2853965" lon="106.3651">
      </trkpt>
      <trkpt lat="29.285338" lon="106.365391">
      </trkpt>
      <trkpt lat="29.2851625" lon="106.3661601">
      </trkpt>
      <trkpt lat="29.2850298" lon="106.3667656">
      </trkpt>
      <trkpt lat="29.2849561" lon="106.367347">
      </trkpt>
      <trkpt lat="29.2849081" lon="106.3679586">
      </trkpt>
      <trkpt lat="29.2848648" lon="106.3686707">
      </trkpt>
      <trkpt lat="29.2848544" lon="106.3689369">
      </trkpt>
      <trkpt lat="29.284852" lon="106.3693915">
      </trkpt>
      <trkpt lat="29.284873" lon="106.3696517">
      </trkpt>
      <trkpt lat="29.2849227" lon="106.3699407">
      </trkpt>
      <trkpt lat="29.2849777" lon="106.3701667">
      </trkpt>
      <trkpt lat="29.2850496" lon="106.3704034">
      </trkpt>
      <trkpt lat="29.2852178" lon="106.3708349">
      </trkpt>
      <trkpt lat="29.2854626" lon="106.3714448">
      </trkpt>
      <trkpt lat="29.2856421" lon="106.3719148">
      </trkpt>
      <trkpt lat="29.2857637" lon="106.372287">
      </trkpt>
      <trkpt lat="29.2858942" lon="106.3727758">
      </trkpt>
      <trkpt lat="29.2861147" lon="106.3736536">
      </trkpt>
      <trkpt lat="29.2863001" lon="106.3742913">
      </trkpt>
      <trkpt lat="29.2864018" lon="106.3745441">
      </trkpt>
      <trkpt lat="29.2865235" lon="106.3747865">
      </trkpt>
      <trkpt lat="29.2868791" lon="106.3753242">
      </trkpt>
      <trkpt lat="29.2872686" lon="106.3758731">
      </trkpt>
      <trkpt lat="29.2874885" lon="106.3761936">
      </trkpt>
      <trkpt lat="29.2876139" lon="106.3763847">
      </trkpt>
      <trkpt lat="29.2877537" lon="106.3766026">
      </trkpt>
      <trkpt lat="29.2881397" lon="106.3772527">
      </trkpt>
      <trkpt lat="29.2884435" lon="106.3777708">
      </trkpt>
      <trkpt lat="29.2885318" lon="106.3779216">
      </trkpt>
      <trkpt lat="29.2886783" lon="106.3781456">
      </trkpt>
      <trkpt lat="29.2887646" lon="106.378269">
      </trkpt>
      <trkpt lat="29.2890658" lon="106.3786726">
      </trkpt>
      <trkpt lat="29.2911045" lon="106.3811396">
      </trkpt>
      <trkpt lat="29.2914693" lon="106.3815741">
      </trkpt>
      <trkpt lat="29.2916875" lon="106.3817887">
      </trkpt>
      <trkpt lat="29.2919548" lon="106.3819959">
      </trkpt>
      <trkpt lat="29.2924092" lon="106.3822688">
      </trkpt>
      <trkpt lat="29.2927112" lon="106.3824364">
      </trkpt>
      <trkpt lat="29.2936682" lon="106.3829707">
      </trkpt>
      <trkpt lat="29.2943361" lon="106.3832847">
      </trkpt>
      <trkpt lat="29.2948414" lon="106.3834664">
      </trkpt>
      <trkpt lat="29.2958205" lon="106.3837316">
      </trkpt>
      <trkpt lat="29.2960364" lon="106.3837665">
      </trkpt>
      <trkpt lat="29.2964507" lon="106.383846">
      </trkpt>
      <trkpt lat="29.2968508" lon="106.383909">
      </trkpt>
      <trkpt lat="29.2973574" lon="106.3839572">
      </trkpt>
      <trkpt lat="29.2982861" lon="106.3839827">
      </trkpt>
      <trkpt lat="29.2987756" lon="106.3839434">
      </trkpt>
      <trkpt lat="29.2991466" lon="106.3839036">
      </trkpt>
      <trkpt lat="29.2995513" lon="106.3838452">
      </trkpt>
      <trkpt lat="29.2998237" lon="106.383797">
      </trkpt>
      <trkpt lat="29.3001489" lon="106.3837333">
      </trkpt>
      <trkpt lat="29.3011503" lon="106.3835304">
      </trkpt>
      <trkpt lat="29.3016825" lon="106.3834274">
      </trkpt>
      <trkpt lat="29.302116" lon="106.3833363">
      </trkpt>
      <trkpt lat="29.3025557" lon="106.3832425">
      </trkpt>
      <trkpt lat="29.3028411" lon="106.3831633">
      </trkpt>
      <trkpt lat="29.30313" lon="106.3830601">
      </trkpt>
      <trkpt lat="29.3036808" lon="106.3828053">
      </trkpt>
      <trkpt lat="29.3040024" lon="106.3826242">
      </trkpt>
      <trkpt lat="29.3044503" lon="106.3823614">
      </trkpt>
      <trkpt lat="29.3048573" lon="106.3821186">
      </trkpt>
      <trkpt lat="29.3054502" lon="106.3818021">
      </trkpt>
      <trkpt lat="29.3057824" lon="106.3816479">
      </trkpt>
      <trkpt lat="29.3089071" lon="106.3801874">
      </trkpt>
      <trkpt lat="29.3092404" lon="106.3800272">
      </trkpt>
      <trkpt lat="29.3096269" lon="106.3798287">
      </trkpt>
      <trkpt lat="29.3099538" lon="106.3796456">
      </trkpt>
      <trkpt lat="29.3106589" lon="106.379246">
      </trkpt>
      <trkpt lat="29.3111524" lon="106.3789831">
      </trkpt>
      <trkpt lat="29.3115547" lon="106.3788021">
      </trkpt>
      <trkpt lat="29.3119745" lon="106.3786626">
      </trkpt>
      <trkpt lat="29.3125042" lon="106.3785298">
      </trkpt>
      <trkpt lat="29.3136467" lon="106.3782656">
      </trkpt>
      <trkpt lat="29.31418" lon="106.378157">
      </trkpt>
      <trkpt lat="29.3145121" lon="106.3781114">
      </trkpt>
      <trkpt lat="29.3148559" lon="106.3780926">
      </trkpt>
      <trkpt lat="29.3153961" lon="106.3780966">
      </trkpt>
      <trkpt lat="29.3171636" lon="106.378159">
      </trkpt>
      <trkpt lat="29.318002" lon="106.3781845">
      </trkpt>
      <trkpt lat="29.318237" lon="106.3781925">
      </trkpt>
      <trkpt lat="29.3186089" lon="106.3782334">
      </trkpt>
      <trkpt lat="29.3187761" lon="106.378269">
      </trkpt>
      <trkpt lat="29.3189059" lon="106.3783038">
      </trkpt>
      <trkpt lat="29.3191017" lon="106.3783763">
      </trkpt>
      <trkpt lat="29.3192304" lon="106.3784359">
      </trkpt>
      <trkpt lat="29.3193695" lon="106.378507">
      </trkpt>
      <trkpt lat="29.3195087" lon="106.3785942">
      </trkpt>
      <trkpt lat="29.3196659" lon="106.3787089">
      </trkpt>
      <trkpt lat="29.3197592" lon="106.3787803">
      </trkpt>
      <trkpt lat="29.3200249" lon="106.3790026">
      </trkpt>
      <trkpt lat="29.3203474" lon="106.3792802">
      </trkpt>
      <trkpt lat="29.3205605" lon="106.3794585">
      </trkpt>
      <trkpt lat="29.3207528" lon="106.3796107">
      </trkpt>
      <trkpt lat="29.3209054" lon="106.3797147">
      </trkpt>
      <trkpt lat="29.3210463" lon="106.3797998">
      </trkpt>
      <trkpt lat="29.321189" lon="106.3798723">
      </trkpt>
      <trkpt lat="29.3213538" lon="106.3799467">
      </trkpt>
      <trkpt lat="29.3214766" lon="106.3799856">
      </trkpt>
      <trkpt lat="29.3216742" lon="106.3800392">
      </trkpt>
      <trkpt lat="29.3218519" lon="106.3800721">
      </trkpt>
      <trkpt lat="29.322039" lon="106.3800902">
      </trkpt>
      <trkpt lat="29.3221957" lon="106.3800969">
      </trkpt>
      <trkpt lat="29.3223863" lon="106.3800882">
      </trkpt>
      <trkpt lat="29.3225798" lon="106.3800607">
      </trkpt>
      <trkpt lat="29.3230095" lon="106.3799688">
      </trkpt>
      <trkpt lat="29.323341" lon="106.3798924">
      </trkpt>
      <trkpt lat="29.3238076" lon="106.3797958">
      </trkpt>
      <trkpt lat="29.3239613" lon="106.3797784">
      </trkpt>
      <trkpt lat="29.324249" lon="106.3797663">
      </trkpt>
      <trkpt lat="29.3245313" lon="106.3797965">
      </trkpt>
      <trkpt lat="29.3247465" lon="106.3798381">
      </trkpt>
      <trkpt lat="29.3251329" lon="106.3799407">
      </trkpt>
      <trkpt lat="29.3259444" lon="106.3801774">
      </trkpt>
      <trkpt lat="29.3253393" lon="106.3799742">
      </trkpt>
      <trkpt lat="29.324742" lon="106.3797584">
      </trkpt>
      <trkpt lat="29.3244103" lon="106.3796382">
      </trkpt>
      <trkpt lat="29.323327" lon="106.3792493">
      </trkpt>
      <trkpt lat="29.3231037" lon="106.3791521">
      </trkpt>
      <trkpt lat="29.3228148" lon="106.3790032">
      </trkpt>
      <trkpt lat="29.3225541" lon="106.3788101">
      </trkpt>
      <trkpt lat="29.3223868" lon="106.378661">
      </trkpt>
      <trkpt lat="29.3222536" lon="106.3785345">
      </trkpt>
      <trkpt lat="29.3220145" lon="106.3782489">
      </trkpt>
      <trkpt lat="29.3217467" lon="106.377813">
      </trkpt>
      <trkpt lat="29.3215924" lon="106.3774475">
      </trkpt>
      <trkpt lat="29.3214995" lon="106.3771514">
      </trkpt>
      <trkpt lat="29.3214335" lon="106.3768383">
      </trkpt>
      <trkpt lat="29.3213943" lon="106.3765293">
      </trkpt>
      <trkpt lat="29.3213955" lon="106.3760607">
      </trkpt>
      <trkpt lat="29.321427" lon="106.3757261">
      </trkpt>
      <trkpt lat="29.3215065" lon="106.3753762">
      </trkpt>
      <trkpt lat="29.3216082" lon="106.3750464">
      </trkpt>
      <trkpt lat="29.3217655" lon="106.3746924">
      </trkpt>
      <trkpt lat="29.3219484" lon="106.374386">
      </trkpt>
      <trkpt lat="29.3221881" lon="106.3740756">
      </trkpt>
      <trkpt lat="29.3223895" lon="106.3738529">
      </trkpt>
      <trkpt lat="29.3227473" lon="106.3734979">
      </trkpt>
      <trkpt lat="29.3230327" lon="106.3732051">
      </trkpt>
      <trkpt lat="29.3234632" lon="106.3727768">
      </trkpt>
      <trkpt lat="29.3230113" lon="106.3731687">
      </trkpt>
      <trkpt lat="29.3234165" lon="106.3727366">
      </trkpt>
      <trkpt lat="29.323624" lon="106.3725357">
      </trkpt>
      <trkpt lat="29.3243795" lon="106.3718798">
      </trkpt>
      <trkpt lat="29.3248209" lon="106.3714824">
      </trkpt>
      <trkpt lat="29.3254052" lon="106.3710285">
      </trkpt>
      <trkpt lat="29.3256415" lon="106.3708651">
      </trkpt>
      <trkpt lat="29.3260272" lon="106.3706316">
      </trkpt>
      <trkpt lat="29.3264941" lon="106.3704087">
      </trkpt>
      <trkpt lat="29.3275201" lon="106.3700018">
      </trkpt>
      <trkpt lat="29.3278476" lon="106.3699258">
      </trkpt>
      <trkpt lat="29.3281081" lon="106.3698716">
      </trkpt>
      <trkpt lat="29.3285993" lon="106.3698206">
      </trkpt>
      <trkpt lat="29.3292892" lon="106.3698">
      </trkpt>
      <trkpt lat="29.3299359" lon="106.3698677">
      </trkpt>
      <trkpt lat="29.3304325" lon="106.3699534">
      </trkpt>
      <trkpt lat="29.3307785" lon="106.3700436">
      </trkpt>
      <trkpt lat="29.3313423" lon="106.3702321">
      </trkpt>
      <trkpt lat="29.3353033" lon="106.3717592">
      </trkpt>
      <trkpt lat="29.3354174" lon="106.3717963">
      </trkpt>
      <trkpt lat="29.3355816" lon="106.3718498">
      </trkpt>
      <trkpt lat="29.3363808" lon="106.3721102">
      </trkpt>
      <trkpt lat="29.3375214" lon="106.3723727">
      </trkpt>
      <trkpt lat="29.3395195" lon="106.3727633">
      </trkpt>
      <trkpt lat="29.3405159" lon="106.3729541">
      </trkpt>
      <trkpt lat="29.3421104" lon="106.3732736">
      </trkpt>
      <trkpt lat="29.3431092" lon="106.3735752">
      </trkpt>
      <trkpt lat="29.3437679" lon="106.3738178">
      </trkpt>
      <trkpt lat="29.344683" lon="106.3742195">
      </trkpt>
      <trkpt lat="29.3451084" lon="106.3744456">
      </trkpt>
      <trkpt lat="29.3460477" lon="106.3750038">
      </trkpt>
      <trkpt lat="29.3469532" lon="106.3755814">
      </trkpt>
      <trkpt lat="29.3505323" lon="106.377763">
      </trkpt>
      <trkpt lat="29.3512048" lon="106.3781542">
      </trkpt>
      <trkpt lat="29.3519499" lon="106.3785885">
      </trkpt>
      <trkpt lat="29.3554391" lon="106.3806367">
      </trkpt>
      <trkpt lat="29.3562004" lon="106.3809153">
      </trkpt>
      <trkpt lat="29.3568246" lon="106.3810461">
      </trkpt>
      <trkpt lat="29.3571846" lon="106.3811101">
      </trkpt>
      <trkpt lat="29.3581206" lon="106.3811615">
      </trkpt>
      <trkpt lat="29.3588036" lon="106.3811168">
      </trkpt>
      <trkpt lat="29.3593289" lon="106.3810402">
      </trkpt>
      <trkpt lat="29.3596359" lon="106.3809718">
      </trkpt>
      <trkpt lat="29.3599704" lon="106.3808793">
      </trkpt>
      <trkpt lat="29.3636549" lon="106.3799069">
      </trkpt>
      <trkpt lat="29.3639772" lon="106.3798123">
      </trkpt>
      <trkpt lat="29.3646239" lon="106.3796412">
      </trkpt>
      <trkpt lat="29.3655956" lon="106.3793433">
      </trkpt>
      <trkpt lat="29.3660509" lon="106.3792176">
      </trkpt>
      <trkpt lat="29.3671524" lon="106.3788463">
      </trkpt>
      <trkpt lat="29.3676388" lon="106.3786517">
      </trkpt>
      <trkpt lat="29.3681671" lon="106.378473">
      </trkpt>
      <trkpt lat="29.3689154" lon="106.3782402">
      </trkpt>
      <trkpt lat="29.3697025" lon="106.37807">
      </trkpt>
      <trkpt lat="29.3701577" lon="106.3780015">
      </trkpt>
      <trkpt lat="29.370737" lon="106.3779771">
      </trkpt>
      <trkpt lat="29.3719085" lon="106.3779787">
      </trkpt>
      <trkpt lat="29.3732737" lon="106.3779978">
      </trkpt>
      <trkpt lat="29.3746199" lon="106.3780538">
      </trkpt>
      <trkpt lat="29.3752824" lon="106.3779697">
      </trkpt>
      <trkpt lat="29.3759291" lon="106.3778842">
      </trkpt>
      <trkpt lat="29.3763834" lon="106.3778208">
      </trkpt>
      <trkpt lat="29.3769039" lon="106.3776848">
      </trkpt>
      <trkpt lat="29.3771818" lon="106.377571">
      </trkpt>
      <trkpt lat="29.3781592" lon="106.3771606">
      </trkpt>
      <trkpt lat="29.3784318" lon="106.3771058">
      </trkpt>
      <trkpt lat="29.3785635" lon="106.3770521">
      </trkpt>
      <trkpt lat="29.3818024" lon="106.3757456">
      </trkpt>
      <trkpt lat="29.3829254" lon="106.3752336">
      </trkpt>
      <trkpt lat="29.3861127" lon="106.3738648">
      </trkpt>
      <trkpt lat="29.3875778" lon="106.3733037">
      </trkpt>
      <trkpt lat="29.3888788" lon="106.3727264">
      </trkpt>
      <trkpt lat="29.3923969" lon="106.3712257">
      </trkpt>
      <trkpt lat="29.3926357" lon="106.3711448">
      </trkpt>
      <trkpt lat="29.3930382" lon="106.3710452">
      </trkpt>
      <trkpt lat="29.3938852" lon="106.3708534">
      </trkpt>
      <trkpt lat="29.3952886" lon="106.3706631">
      </trkpt>
      <trkpt lat="29.396657" lon="106.3705569">
      </trkpt>
      <trkpt lat="29.3979021" lon="106.3703209">
      </trkpt>
      <trkpt lat="29.3987051" lon="106.3701794">
      </trkpt>
      <trkpt lat="29.3995019" lon="106.3700019">
      </trkpt>
      <trkpt lat="29.4007165" lon="106.3696886">
      </trkpt>
      <trkpt lat="29.4019457" lon="106.3693316">
      </trkpt>
      <trkpt lat="29.4034472" lon="106.3689681">
      </trkpt>
      <trkpt lat="29.4045773" lon="106.3687213">
      </trkpt>
      <trkpt lat="29.4047781" lon="106.3686803">
      </trkpt>
      <trkpt lat="29.4074641" lon="106.3684059">
      </trkpt>
      <trkpt lat="29.4097462" lon="106.3683135">
      </trkpt>
      <trkpt lat="29.4101399" lon="106.3682734">
      </trkpt>
      <trkpt lat="29.4114794" lon="106.3681001">
      </trkpt>
      <trkpt lat="29.4135148" lon="106.3679366">
      </trkpt>
      <trkpt lat="29.4152316" lon="106.367847">
      </trkpt>
      <trkpt lat="29.4157064" lon="106.3677607">
      </trkpt>
      <trkpt lat="29.4162237" lon="106.3676667">
      </trkpt>
      <trkpt lat="29.4168542" lon="106.367503">
      </trkpt>
      <trkpt lat="29.4172861" lon="106.3673336">
      </trkpt>
      <trkpt lat="29.417797" lon="106.3671147">
      </trkpt>
      <trkpt lat="29.418634" lon="106.3666608">
      </trkpt>
      <trkpt lat="29.4189186" lon="106.3664771">
      </trkpt>
      <trkpt lat="29.4192119" lon="106.3662787">
      </trkpt>
      <trkpt lat="29.4195027" lon="106.3660352">
      </trkpt>
      <trkpt lat="29.4199388" lon="106.3656171">
      </trkpt>
      <trkpt lat="29.4205114" lon="106.3650548">
      </trkpt>
      <trkpt lat="29.4223614" lon="106.3631594">
      </trkpt>
      <trkpt lat="29.423165" lon="106.3623616">
      </trkpt>
      <trkpt lat="29.423668" lon="106.3619525">
      </trkpt>
      <trkpt lat="29.4244293" lon="106.361478">
      </trkpt>
      <trkpt lat="29.4247631" lon="106.3613064">
      </trkpt>
      <trkpt lat="29.4253918" lon="106.3610717">
      </trkpt>
      <trkpt lat="29.4258891" lon="106.3609098">
      </trkpt>
      <trkpt lat="29.4271855" lon="106.3606975">
      </trkpt>
      <trkpt lat="29.4311382" lon="106.3610108">
      </trkpt>
      <trkpt lat="29.4340447" lon="106.3613687">
      </trkpt>
      <trkpt lat="29.4359902" lon="106.3618976">
      </trkpt>
      <trkpt lat="29.4367425" lon="106.362104">
      </trkpt>
      <trkpt lat="29.4381246" lon="106.3624937">
      </trkpt>
      <trkpt lat="29.4406059" lon="106.3632409">
      </trkpt>
      <trkpt lat="29.4425854" lon="106.3637933">
      </trkpt>
      <trkpt lat="29.4469747" lon="106.3650465">
      </trkpt>
      <trkpt lat="29.4499762" lon="106.3660975">
      </trkpt>
      <trkpt lat="29.4508093" lon="106.3662515">
      </trkpt>
      <trkpt lat="29.4537668" lon="106.366616">
      </trkpt>
      <trkpt lat="29.4543674" lon="106.3667469">
      </trkpt>
      <trkpt lat="29.4550371" lon="106.366925">
      </trkpt>
      <trkpt lat="29.4570897" lon="106.367574">
      </trkpt>
      <trkpt lat="29.4577452" lon="106.3677647">
      </trkpt>
      <trkpt lat="29.4583094" lon="106.36789">
      </trkpt>
      <trkpt lat="29.4604003" lon="106.3682122">
      </trkpt>
      <trkpt lat="29.4611627" lon="106.368323">
      </trkpt>
      <trkpt lat="29.4615602" lon="106.368408">
      </trkpt>
      <trkpt lat="29.461877" lon="106.3684918">
      </trkpt>
      <trkpt lat="29.4621334" lon="106.3685814">
      </trkpt>
      <trkpt lat="29.4628822" lon="106.3687619">
      </trkpt>
      <trkpt lat="29.4632375" lon="106.3688781">
      </trkpt>
      <trkpt lat="29.4641271" lon="106.3691689">
      </trkpt>
      <trkpt lat="29.464579" lon="106.3693344">
      </trkpt>
      <trkpt lat="29.4650053" lon="106.3694945">
      </trkpt>
      <trkpt lat="29.4653689" lon="106.3695972">
      </trkpt>
      <trkpt lat="29.4657171" lon="106.3696609">
      </trkpt>
      <trkpt lat="29.4663211" lon="106.3697387">
      </trkpt>
      <trkpt lat="29.4672486" lon="106.3699051">
      </trkpt>
      <trkpt lat="29.4681031" lon="106.3700485">
      </trkpt>
      <trkpt lat="29.4688724" lon="106.3701776">
      </trkpt>
      <trkpt lat="29.4702189" lon="106.3704183">
      </trkpt>
      <trkpt lat="29.4708321" lon="106.3705315">
      </trkpt>
      <trkpt lat="29.4710968" lon="106.3705731">
      </trkpt>
      <trkpt lat="29.4717565" lon="106.3706766">
      </trkpt>
      <trkpt lat="29.4725792" lon="106.3707969">
      </trkpt>
      <trkpt lat="29.4730296" lon="106.3708734">
      </trkpt>
      <trkpt lat="29.4737254" lon="106.3709916">
      </trkpt>
      <trkpt lat="29.4758637" lon="106.3713526">
      </trkpt>
      <trkpt lat="29.4789108" lon="106.3718764">
      </trkpt>
      <trkpt lat="29.480134" lon="106.3720746">
      </trkpt>
      <trkpt lat="29.4814988" lon="106.3723117">
      </trkpt>
      <trkpt lat="29.4825694" lon="106.3724905">
      </trkpt>
      <trkpt lat="29.4832364" lon="106.3726019">
      </trkpt>
      <trkpt lat="29.4840498" lon="106.3727577">
      </trkpt>
      <trkpt lat="29.4843916" lon="106.3728122">
      </trkpt>
      <trkpt lat="29.4851373" lon="106.3729311">
      </trkpt>
      <trkpt lat="29.4860184" lon="106.3730585">
      </trkpt>
      <trkpt lat="29.4873185" lon="106.3732779">
      </trkpt>
      <trkpt lat="29.4873718" lon="106.3732871">
      </trkpt>
      <trkpt lat="29.4885539" lon="106.3734903">
      </trkpt>
      <trkpt lat="29.4893518" lon="106.3736283">
      </trkpt>
      <trkpt lat="29.4897615" lon="106.373738">
      </trkpt>
      <trkpt lat="29.4903622" lon="106.3739185">
      </trkpt>
      <trkpt lat="29.4908336" lon="106.3740919">
      </trkpt>
      <trkpt lat="29.4912803" lon="106.3743255">
      </trkpt>
      <trkpt lat="29.4921022" lon="106.3748334">
      </trkpt>
      <trkpt lat="29.492739" lon="106.3752387">
      </trkpt>
      <trkpt lat="29.4933029" lon="106.3756092">
      </trkpt>
      <trkpt lat="29.4945456" lon="106.3763883">
      </trkpt>
      <trkpt lat="29.4953128" lon="106.3767788">
      </trkpt>
      <trkpt lat="29.4961422" lon="106.3770879">
      </trkpt>
      <trkpt lat="29.497143" lon="106.3772847">
      </trkpt>
      <trkpt lat="29.4979761" lon="106.3773117">
      </trkpt>
      <trkpt lat="29.4983935" lon="106.3772817">
      </trkpt>
      <trkpt lat="29.498908" lon="106.3772183">
      </trkpt>
      <trkpt lat="29.4992278" lon="106.3771593">
      </trkpt>
      <trkpt lat="29.5018573" lon="106.3764922">
      </trkpt>
      <trkpt lat="29.5027609" lon="106.3763355">
      </trkpt>
      <trkpt lat="29.5032923" lon="106.3762799">
      </trkpt>
      <trkpt lat="29.5035319" lon="106.3762649">
      </trkpt>
      <trkpt lat="29.50364" lon="106.3762607">
      </trkpt>
      <trkpt lat="29.5081362" lon="106.3760852">
      </trkpt>
      <trkpt lat="29.5090185" lon="106.3760341">
      </trkpt>
      <trkpt lat="29.5097237" lon="106.3759353">
      </trkpt>
      <trkpt lat="29.5103625" lon="106.3757929">
      </trkpt>
      <trkpt lat="29.5106203" lon="106.375714">
      </trkpt>
      <trkpt lat="29.5109188" lon="106.3756069">
      </trkpt>
      <trkpt lat="29.5115408" lon="106.3753124">
      </trkpt>
      <trkpt lat="29.512232" lon="106.3748992">
      </trkpt>
      <trkpt lat="29.5149147" lon="106.3729084">
      </trkpt>
      <trkpt lat="29.5174942" lon="106.370864">
      </trkpt>
      <trkpt lat="29.5181348" lon="106.3704409">
      </trkpt>
      <trkpt lat="29.519757" lon="106.3695299">
      </trkpt>
      <trkpt lat="29.5204679" lon="106.3691777">
      </trkpt>
      <trkpt lat="29.5213734" lon="106.3687942">
      </trkpt>
      <trkpt lat="29.5217731" lon="106.3686596">
      </trkpt>
      <trkpt lat="29.5219186" lon="106.3686199">
      </trkpt>
      <trkpt lat="29.5223297" lon="106.3685235">
      </trkpt>
      <trkpt lat="29.5227999" lon="106.3684449">
      </trkpt>
      <trkpt lat="29.5231733" lon="106.3684191">
      </trkpt>
      <trkpt lat="29.5237187" lon="106.3684128">
      </trkpt>
      <trkpt lat="29.5254147" lon="106.368532">
      </trkpt>
      <trkpt lat="29.526042" lon="106.3685835">
      </trkpt>
      <trkpt lat="29.5325177" lon="106.3690687">
      </trkpt>
      <trkpt lat="29.5336922" lon="106.369172">
      </trkpt>
      <trkpt lat="29.535697" lon="106.3693117">
      </trkpt>
      <trkpt lat="29.5595521" lon="106.3711433">
      </trkpt>
      <trkpt lat="29.5641523" lon="106.3714915">
      </trkpt>
      <trkpt lat="29.5646102" lon="106.3715153">
      </trkpt>
      <trkpt lat="29.5650533" lon="106.3715007">
      </trkpt>
      <trkpt lat="29.5655382" lon="106.3714799">
      </trkpt>
      <trkpt lat="29.5674724" lon="106.371323">
      </trkpt>
      <trkpt lat="29.5680717" lon="106.3713163">
      </trkpt>
      <trkpt lat="29.5685228" lon="106.3713417">
      </trkpt>
      <trkpt lat="29.5692958" lon="106.3714308">
      </trkpt>
      <trkpt lat="29.5725447" lon="106.3718833">
      </trkpt>
      <trkpt lat="29.5736988" lon="106.3719976">
      </trkpt>
      <trkpt lat="29.5746666" lon="106.3721308">
      </trkpt>
      <trkpt lat="29.5760373" lon="106.3723264">
      </trkpt>
      <trkpt lat="29.5851345" lon="106.3736233">
      </trkpt>
      <trkpt lat="29.5861896" lon="106.3737849">
      </trkpt>
      <trkpt lat="29.5891925" lon="106.3742042">
      </trkpt>
      <trkpt lat="29.5907121" lon="106.3743955">
      </trkpt>
      <trkpt lat="29.5912791" lon="106.3744649">
      </trkpt>
      <trkpt lat="29.5934677" lon="106.3747333">
      </trkpt>
      <trkpt lat="29.5973849" lon="106.3752097">
      </trkpt>
      <trkpt lat="29.598064" lon="106.3752783">
      </trkpt>
      <trkpt lat="29.6005169" lon="106.375589">
      </trkpt>
      <trkpt lat="29.6040826" lon="106.3760098">
      </trkpt>
      <trkpt lat="29.6049539" lon="106.3760467">
      </trkpt>
      <trkpt lat="29.6054967" lon="106.3760353">
      </trkpt>
      <trkpt lat="29.6062126" lon="106.3759369">
      </trkpt>
      <trkpt lat="29.6068532" lon="106.3758173">
      </trkpt>
      <trkpt lat="29.6076104" lon="106.3755905">
      </trkpt>
      <trkpt lat="29.6105415" lon="106.3743599">
      </trkpt>
      <trkpt lat="29.6111745" lon="106.3741156">
      </trkpt>
      <trkpt lat="29.611921" lon="106.3738857">
      </trkpt>
      <trkpt lat="29.612911" lon="106.3737625">
      </trkpt>
      <trkpt lat="29.6137271" lon="106.3737701">
      </trkpt>
      <trkpt lat="29.6141513" lon="106.3738232">
      </trkpt>
      <trkpt lat="29.6146562" lon="106.3739335">
      </trkpt>
      <trkpt lat="29.6171186" lon="106.3746953">
      </trkpt>
      <trkpt lat="29.6178387" lon="106.3748715">
      </trkpt>
      <trkpt lat="29.6183558" lon="106.374934">
      </trkpt>
      <trkpt lat="29.6188379" lon="106.3749503">
      </trkpt>
      <trkpt lat="29.6192824" lon="106.3749449">
      </trkpt>
      <trkpt lat="29.6268858" lon="106.374326">
      </trkpt>
      <trkpt lat="29.6285815" lon="106.3741794">
      </trkpt>
      <trkpt lat="29.6299891" lon="106.3740724">
      </trkpt>
      <trkpt lat="29.6326069" lon="106.3738056">
      </trkpt>
      <trkpt lat="29.6332635" lon="106.3737917">
      </trkpt>
      <trkpt lat="29.6340392" lon="106.373823">
      </trkpt>
      <trkpt lat="29.6346137" lon="106.3739082">
      </trkpt>
      <trkpt lat="29.6352382" lon="106.3740331">
      </trkpt>
      <trkpt lat="29.6368351" lon="106.374473">
      </trkpt>
      <trkpt lat="29.6423109" lon="106.375999">
      </trkpt>
      <trkpt lat="29.6455443" lon="106.3768671">
      </trkpt>
      <trkpt lat="29.6455982" lon="106.3768816">
      </trkpt>
      <trkpt lat="29.6460794" lon="106.3770136">
      </trkpt>
      <trkpt lat="29.6470551" lon="106.3772812">
      </trkpt>
      <trkpt lat="29.6478687" lon="106.3775012">
      </trkpt>
      <trkpt lat="29.64854" lon="106.3776755">
      </trkpt>
      <trkpt lat="29.64923" lon="106.3778123">
      </trkpt>
      <trkpt lat="29.6499153" lon="106.3778874">
      </trkpt>
      <trkpt lat="29.6524507" lon="106.3781191">
      </trkpt>
      <trkpt lat="29.6591098" lon="106.3787388">
      </trkpt>
      <trkpt lat="29.664504" lon="106.3792366">
      </trkpt>
      <trkpt lat="29.6651613" lon="106.3792902">
      </trkpt>
      <trkpt lat="29.6661239" lon="106.379301">
      </trkpt>
      <trkpt lat="29.6688289" lon="106.3793342">
      </trkpt>
      <trkpt lat="29.6695498" lon="106.3793399">
      </trkpt>
      <trkpt lat="29.6739162" lon="106.3793747">
      </trkpt>
      <trkpt lat="29.6746004" lon="106.3794502">
      </trkpt>
      <trkpt lat="29.6747752" lon="106.379476">
      </trkpt>
      <trkpt lat="29.6750924" lon="106.3795227">
      </trkpt>
      <trkpt lat="29.681683" lon="106.3805403">
      </trkpt>
      <trkpt lat="29.6819546" lon="106.3805917">
      </trkpt>
      <trkpt lat="29.682401" lon="106.3806579">
      </trkpt>
      <trkpt lat="29.6835144" lon="106.3808">
      </trkpt>
      <trkpt lat="29.6842409" lon="106.3808619">
      </trkpt>
      <trkpt lat="29.6851488" lon="106.3809173">
      </trkpt>
      <trkpt lat="29.689586" lon="106.3810068">
      </trkpt>
      <trkpt lat="29.6902477" lon="106.3810551">
      </trkpt>
      <trkpt lat="29.6912648" lon="106.3812281">
      </trkpt>
      <trkpt lat="29.6985378" lon="106.3823479">
      </trkpt>
      <trkpt lat="29.6993859" lon="106.3825089">
      </trkpt>
      <trkpt lat="29.7002665" lon="106.3827449">
      </trkpt>
      <trkpt lat="29.7024612" lon="106.3835013">
      </trkpt>
      <trkpt lat="29.7031276" lon="106.3837051">
      </trkpt>
      <trkpt lat="29.7038405" lon="106.3838607">
      </trkpt>
      <trkpt lat="29.7050409" lon="106.3840197">
      </trkpt>
      <trkpt lat="29.70521" lon="106.3840451">
      </trkpt>
      <trkpt lat="29.7056481" lon="106.3841176">
      </trkpt>
      <trkpt lat="29.7088637" lon="106.3846439">
      </trkpt>
      <trkpt lat="29.7182671" lon="106.3861286">
      </trkpt>
      <trkpt lat="29.7186147" lon="106.3861818">
      </trkpt>
      <trkpt lat="29.7189335" lon="106.386246">
      </trkpt>
      <trkpt lat="29.7203606" lon="106.3866096">
      </trkpt>
      <trkpt lat="29.7206276" lon="106.386683">
      </trkpt>
      <trkpt lat="29.7237989" lon="106.3874915">
      </trkpt>
      <trkpt lat="29.7307433" lon="106.3892533">
      </trkpt>
      <trkpt lat="29.7309514" lon="106.3893038">
      </trkpt>
      <trkpt lat="29.7340969" lon="106.390151">
      </trkpt>
      <trkpt lat="29.7354175" lon="106.3906205">
      </trkpt>
      <trkpt lat="29.7366562" lon="106.3911222">
      </trkpt>
      <trkpt lat="29.7412106" lon="106.3932222">
      </trkpt>
      <trkpt lat="29.7417823" lon="106.3935034">
      </trkpt>
      <trkpt lat="29.7424265" lon="106.3938888">
      </trkpt>
      <trkpt lat="29.7431496" lon="106.3944601">
      </trkpt>
      <trkpt lat="29.7440085" lon="106.3953384">
      </trkpt>
      <trkpt lat="29.7466484" lon="106.3982864">
      </trkpt>
      <trkpt lat="29.7473964" lon="106.3990912">
      </trkpt>
      <trkpt lat="29.7479815" lon="106.3996169">
      </trkpt>
      <trkpt lat="29.748481" lon="106.3999167">
      </trkpt>
      <trkpt lat="29.7487215" lon="106.4000611">
      </trkpt>
      <trkpt lat="29.7495973" lon="106.4004311">
      </trkpt>
      <trkpt lat="29.7513884" lon="106.4009351">
      </trkpt>
      <trkpt lat="29.751867" lon="106.4010523">
      </trkpt>
      <trkpt lat="29.752699" lon="106.4012867">
      </trkpt>
      <trkpt lat="29.753489" lon="106.4015827">
      </trkpt>
      <trkpt lat="29.7603779" lon="106.4043031">
      </trkpt>
      <trkpt lat="29.7612388" lon="106.4046239">
      </trkpt>
      <trkpt lat="29.7620422" lon="106.4048497">
      </trkpt>
      <trkpt lat="29.7631692" lon="106.4050291">
      </trkpt>
      <trkpt lat="29.7665619" lon="106.4055067">
      </trkpt>
      <trkpt lat="29.7672525" lon="106.4056661">
      </trkpt>
      <trkpt lat="29.7681553" lon="106.4060345">
      </trkpt>
      <trkpt lat="29.7697871" lon="106.4069282">
      </trkpt>
      <trkpt lat="29.7716294" lon="106.4079456">
      </trkpt>
      <trkpt lat="29.7735971" lon="106.4090065">
      </trkpt>
      <trkpt lat="29.774501" lon="106.4094214">
      </trkpt>
      <trkpt lat="29.7754701" lon="106.4097367">
      </trkpt>
      <trkpt lat="29.7778912" lon="106.4105033">
      </trkpt>
      <trkpt lat="29.7792471" lon="106.41106">
      </trkpt>
      <trkpt lat="29.7808641" lon="106.4118416">
      </trkpt>
      <trkpt lat="29.782112" lon="106.4124546">
      </trkpt>
      <trkpt lat="29.783077" lon="106.412826">
      </trkpt>
      <trkpt lat="29.7846386" lon="106.4132561">
      </trkpt>
      <trkpt lat="29.7854202" lon="106.413482">
      </trkpt>
      <trkpt lat="29.7862054" lon="106.4137479">
      </trkpt>
      <trkpt lat="29.787117" lon="106.4141723">
      </trkpt>
      <trkpt lat="29.7897563" lon="106.4156632">
      </trkpt>
      <trkpt lat="29.7913921" lon="106.4165481">
      </trkpt>
      <trkpt lat="29.7923193" lon="106.4171587">
      </trkpt>
      <trkpt lat="29.7933688" lon="106.4180401">
      </trkpt>
      <trkpt lat="29.7939223" lon="106.4186014">
      </trkpt>
      <trkpt lat="29.7962027" lon="106.4208231">
      </trkpt>
      <trkpt lat="29.7975615" lon="106.4220263">
      </trkpt>
      <trkpt lat="29.801702" lon="106.4253046">
      </trkpt>
      <trkpt lat="29.8022621" lon="106.4257481">
      </trkpt>
      <trkpt lat="29.802286" lon="106.4257674">
      </trkpt>
      <trkpt lat="29.8076708" lon="106.4301205">
      </trkpt>
      <trkpt lat="29.8086707" lon="106.4308999">
      </trkpt>
      <trkpt lat="29.8108632" lon="106.4326089">
      </trkpt>
      <trkpt lat="29.8113378" lon="106.4330193">
      </trkpt>
      <trkpt lat="29.8117712" lon="106.4334627">
      </trkpt>
      <trkpt lat="29.8122155" lon="106.4340291">
      </trkpt>
      <trkpt lat="29.8125768" lon="106.434576">
      </trkpt>
      <trkpt lat="29.8128784" lon="106.4350977">
      </trkpt>
      <trkpt lat="29.8131498" lon="106.4356773">
      </trkpt>
      <trkpt lat="29.8133773" lon="106.4362814">
      </trkpt>
      <trkpt lat="29.8135483" lon="106.4368866">
      </trkpt>
      <trkpt lat="29.8137351" lon="106.4377912">
      </trkpt>
      <trkpt lat="29.8138448" lon="106.4386024">
      </trkpt>
      <trkpt lat="29.8141642" lon="106.4425757">
      </trkpt>
      <trkpt lat="29.8143762" lon="106.4438803">
      </trkpt>
      <trkpt lat="29.8147158" lon="106.4450043">
      </trkpt>
      <trkpt lat="29.81512" lon="106.4459762">
      </trkpt>
      <trkpt lat="29.8155786" lon="106.4468981">
      </trkpt>
      <trkpt lat="29.8161117" lon="106.4477107">
      </trkpt>
      <trkpt lat="29.8164499" lon="106.4482404">
      </trkpt>
      <trkpt lat="29.818972" lon="106.450617">
      </trkpt>
      <trkpt lat="29.8193724" lon="106.4509919">
      </trkpt>
      <trkpt lat="29.8202068" lon="106.451591">
      </trkpt>
      <trkpt lat="29.8211047" lon="106.4519904">
      </trkpt>
      <trkpt lat="29.8220405" lon="106.4521332">
      </trkpt>
      <trkpt lat="29.8230704" lon="106.4521046">
      </trkpt>
      <trkpt lat="29.8263856" lon="106.4516983">
      </trkpt>
      <trkpt lat="29.8267791" lon="106.451684">
      </trkpt>
      <trkpt lat="29.827084" lon="106.4516962">
      </trkpt>
      <trkpt lat="29.8274421" lon="106.4517361">
      </trkpt>
      <trkpt lat="29.8280197" lon="106.451849">
      </trkpt>
      <trkpt lat="29.8295404" lon="106.4521509">
      </trkpt>
      <trkpt lat="29.8300121" lon="106.4522154">
      </trkpt>
      <trkpt lat="29.8305199" lon="106.4522591">
      </trkpt>
      <trkpt lat="29.8310221" lon="106.452258">
      </trkpt>
      <trkpt lat="29.8324974" lon="106.4521111">
      </trkpt>
      <trkpt lat="29.8354873" lon="106.4519582">
      </trkpt>
      <trkpt lat="29.8395965" lon="106.4516894">
      </trkpt>
      <trkpt lat="29.8398728" lon="106.4516795">
      </trkpt>
      <trkpt lat="29.8403875" lon="106.451654">
      </trkpt>
      <trkpt lat="29.841734" lon="106.4515873">
      </trkpt>
      <trkpt lat="29.8425274" lon="106.451548">
      </trkpt>
      <trkpt lat="29.8431938" lon="106.4514577">
      </trkpt>
      <trkpt lat="29.8437793" lon="106.4513378">
      </trkpt>
      <trkpt lat="29.8443343" lon="106.4511748">
      </trkpt>
      <trkpt lat="29.844941" lon="106.4509804">
      </trkpt>
      <trkpt lat="29.8455603" lon="106.4507812">
      </trkpt>
      <trkpt lat="29.8462067" lon="106.4504888">
      </trkpt>
      <trkpt lat="29.8470697" lon="106.4500105">
      </trkpt>
      <trkpt lat="29.8475321" lon="106.4497071">
      </trkpt>
      <trkpt lat="29.8486813" lon="106.4487932">
      </trkpt>
      <trkpt lat="29.8498312" lon="106.4478538">
      </trkpt>
      <trkpt lat="29.8510478" lon="106.4469463">
      </trkpt>
      <trkpt lat="29.8498566" lon="106.4478908">
      </trkpt>
      <trkpt lat="29.847553" lon="106.449778">
      </trkpt>
      <trkpt lat="29.8451831" lon="106.4516095">
      </trkpt>
      <trkpt lat="29.8441983" lon="106.4524267">
      </trkpt>
      <trkpt lat="29.8433916" lon="106.4530268">
      </trkpt>
      <trkpt lat="29.84295" lon="106.4532728">
      </trkpt>
      <trkpt lat="29.8423002" lon="106.4536346">
      </trkpt>
      <trkpt lat="29.8419583" lon="106.4538417">
      </trkpt>
      <trkpt lat="29.8415987" lon="106.4540331">
      </trkpt>
      <trkpt lat="29.8412194" lon="106.454234">
      </trkpt>
      <trkpt lat="29.8403182" lon="106.4547032">
      </trkpt>
      <trkpt lat="29.8391592" lon="106.4551008">
      </trkpt>
      <trkpt lat="29.8387753" lon="106.4552304">
      </trkpt>
      <trkpt lat="29.8384807" lon="106.4553058">
      </trkpt>
      <trkpt lat="29.8370587" lon="106.4557216">
      </trkpt>
      <trkpt lat="29.8357944" lon="106.4559512">
      </trkpt>
      <trkpt lat="29.8355991" lon="106.4559867">
      </trkpt>
      <trkpt lat="29.8341366" lon="106.4561044">
      </trkpt>
      <trkpt lat="29.8294408" lon="106.4562911">
      </trkpt>
      <trkpt lat="29.8243518" lon="106.4562964">
      </trkpt>
      <trkpt lat="29.8224437" lon="106.4562455">
      </trkpt>
      <trkpt lat="29.8203098" lon="106.4560175">
      </trkpt>
      <trkpt lat="29.8177291" lon="106.4554167">
      </trkpt>
      <trkpt lat="29.8166249" lon="106.455005">
      </trkpt>
      <trkpt lat="29.8127257" lon="106.4534158">
      </trkpt>
      <trkpt lat="29.811981" lon="106.4531261">
      </trkpt>
      <trkpt lat="29.8114106" lon="106.4529321">
      </trkpt>
      <trkpt lat="29.810419" lon="106.4526386">
      </trkpt>
      <trkpt lat="29.8093932" lon="106.452426">
      </trkpt>
      <trkpt lat="29.808424" lon="106.4523109">
      </trkpt>
      <trkpt lat="29.8067336" lon="106.4522632">
      </trkpt>
      <trkpt lat="29.76791" lon="106.452971">
      </trkpt>
      <trkpt lat="29.7670752" lon="106.4529104">
      </trkpt>
      <trkpt lat="29.7659236" lon="106.4527168">
      </trkpt>
      <trkpt lat="29.765274" lon="106.4525928">
      </trkpt>
      <trkpt lat="29.7644526" lon="106.4524314">
      </trkpt>
      <trkpt lat="29.7610558" lon="106.4517948">
      </trkpt>
      <trkpt lat="29.7589467" lon="106.4513917">
      </trkpt>
      <trkpt lat="29.75557" lon="106.4506886">
      </trkpt>
      <trkpt lat="29.7470215" lon="106.4490173">
      </trkpt>
      <trkpt lat="29.7460087" lon="106.4488196">
      </trkpt>
      <trkpt lat="29.744925" lon="106.4486722">
      </trkpt>
      <trkpt lat="29.7397815" lon="106.4482813">
      </trkpt>
      <trkpt lat="29.7375568" lon="106.4480797">
      </trkpt>
      <trkpt lat="29.7354262" lon="106.4479007">
      </trkpt>
      <trkpt lat="29.7337609" lon="106.4476772">
      </trkpt>
      <trkpt lat="29.7318369" lon="106.4472829">
      </trkpt>
      <trkpt lat="29.7280676" lon="106.4462926">
      </trkpt>
      <trkpt lat="29.7233405" lon="106.4450253">
      </trkpt>
      <trkpt lat="29.7223282" lon="106.4447801">
      </trkpt>
      <trkpt lat="29.7212788" lon="106.4446149">
      </trkpt>
      <trkpt lat="29.7202101" lon="106.4445692">
      </trkpt>
      <trkpt lat="29.7191805" lon="106.4445908">
      </trkpt>
      <trkpt lat="29.7180054" lon="106.444693">
      </trkpt>
      <trkpt lat="29.7167626" lon="106.4449429">
      </trkpt>
      <trkpt lat="29.7153079" lon="106.4453769">
      </trkpt>
      <trkpt lat="29.7133655" lon="106.4458966">
      </trkpt>
      <trkpt lat="29.7121921" lon="106.4461718">
      </trkpt>
      <trkpt lat="29.7111782" lon="106.4463668">
      </trkpt>
      <trkpt lat="29.7101483" lon="106.4464674">
      </trkpt>
      <trkpt lat="29.7088038" lon="106.4464349">
      </trkpt>
      <trkpt lat="29.7076776" lon="106.4462996">
      </trkpt>
      <trkpt lat="29.7063281" lon="106.4460022">
      </trkpt>
      <trkpt lat="29.7048098" lon="106.4455429">
      </trkpt>
      <trkpt lat="29.7026328" lon="106.4448474">
      </trkpt>
      <trkpt lat="29.700053" lon="106.4441072">
      </trkpt>
      <trkpt lat="29.6973542" lon="106.4432576">
      </trkpt>
      <trkpt lat="29.6966551" lon="106.4430624">
      </trkpt>
      <trkpt lat="29.6960016" lon="106.4429054">
      </trkpt>
      <trkpt lat="29.6953027" lon="106.4427747">
      </trkpt>
      <trkpt lat="29.6904699" lon="106.4419494">
      </trkpt>
      <trkpt lat="29.6870686" lon="106.4413686">
      </trkpt>
      <trkpt lat="29.6850643" lon="106.4411406">
      </trkpt>
      <trkpt lat="29.6844837" lon="106.4410841">
      </trkpt>
      <trkpt lat="29.6837581" lon="106.4410723">
      </trkpt>
      <trkpt lat="29.6830655" lon="106.441091">
      </trkpt>
      <trkpt lat="29.6822814" lon="106.4411328">
      </trkpt>
      <trkpt lat="29.6804158" lon="106.4413084">
      </trkpt>
      <trkpt lat="29.678935" lon="106.441472">
      </trkpt>
      <trkpt lat="29.6772042" lon="106.4416319">
      </trkpt>
      <trkpt lat="29.6766799" lon="106.4416565">
      </trkpt>
      <trkpt lat="29.6762372" lon="106.4416591">
      </trkpt>
      <trkpt lat="29.6758746" lon="106.4416266">
      </trkpt>
      <trkpt lat="29.6754897" lon="106.4415694">
      </trkpt>
      <trkpt lat="29.6751229" lon="106.4414975">
      </trkpt>
      <trkpt lat="29.6747244" lon="106.4413944">
      </trkpt>
      <trkpt lat="29.6743323" lon="106.4412601">
      </trkpt>
      <trkpt lat="29.6739495" lon="106.4411004">
      </trkpt>
      <trkpt lat="29.6736686" lon="106.440966">
      </trkpt>
      <trkpt lat="29.6731601" lon="106.4406885">
      </trkpt>
      <trkpt lat="29.6726616" lon="106.4403502">
      </trkpt>
      <trkpt lat="29.672197" lon="106.4399715">
      </trkpt>
      <trkpt lat="29.6717206" lon="106.4395554">
      </trkpt>
      <trkpt lat="29.6704223" lon="106.4383858">
      </trkpt>
      <trkpt lat="29.6688628" lon="106.4369888">
      </trkpt>
      <trkpt lat="29.6683535" lon="106.4366222">
      </trkpt>
      <trkpt lat="29.6677753" lon="106.4363003">
      </trkpt>
      <trkpt lat="29.6674327" lon="106.4361179">
      </trkpt>
      <trkpt lat="29.6670904" lon="106.4359529">
      </trkpt>
      <trkpt lat="29.666741" lon="106.4358127">
      </trkpt>
      <trkpt lat="29.6663391" lon="106.4356965">
      </trkpt>
      <trkpt lat="29.6659412" lon="106.4356045">
      </trkpt>
      <trkpt lat="29.6655029" lon="106.4355092">
      </trkpt>
      <trkpt lat="29.6648726" lon="106.4354384">
      </trkpt>
      <trkpt lat="29.6644358" lon="106.4354334">
      </trkpt>
      <trkpt lat="29.6638228" lon="106.4354365">
      </trkpt>
      <trkpt lat="29.6632754" lon="106.4354942">
      </trkpt>
      <trkpt lat="29.6624958" lon="106.4356251">
      </trkpt>
      <trkpt lat="29.6618717" lon="106.4357922">
      </trkpt>
      <trkpt lat="29.6610506" lon="106.4360857">
      </trkpt>
      <trkpt lat="29.6604773" lon="106.4363581">
      </trkpt>
      <trkpt lat="29.6599684" lon="106.4366549">
      </trkpt>
      <trkpt lat="29.659287" lon="106.4371117">
      </trkpt>
      <trkpt lat="29.6583684" lon="106.4378868">
      </trkpt>
      <trkpt lat="29.6576196" lon="106.4386908">
      </trkpt>
      <trkpt lat="29.6571303" lon="106.4393471">
      </trkpt>
      <trkpt lat="29.6568113" lon="106.4399178">
      </trkpt>
      <trkpt lat="29.6564343" lon="106.4406201">
      </trkpt>
      <trkpt lat="29.6560782" lon="106.4413855">
      </trkpt>
      <trkpt lat="29.6557213" lon="106.4422987">
      </trkpt>
      <trkpt lat="29.6553274" lon="106.443908">
      </trkpt>
      <trkpt lat="29.6552038" lon="106.4449063">
      </trkpt>
      <trkpt lat="29.6552048" lon="106.4458322">
      </trkpt>
      <trkpt lat="29.6553194" lon="106.4471835">
      </trkpt>
      <trkpt lat="29.6555995" lon="106.4495683">
      </trkpt>
      <trkpt lat="29.6559744" lon="106.4531031">
      </trkpt>
      <trkpt lat="29.656025" lon="106.4541071">
      </trkpt>
      <trkpt lat="29.6559952" lon="106.4548058">
      </trkpt>
      <trkpt lat="29.6559179" lon="106.4555681">
      </trkpt>
      <trkpt lat="29.6558099" lon="106.4561908">
      </trkpt>
      <trkpt lat="29.6555166" lon="106.4570716">
      </trkpt>
      <trkpt lat="29.6552392" lon="106.4577904">
      </trkpt>
      <trkpt lat="29.6547077" lon="106.4588821">
      </trkpt>
      <trkpt lat="29.6543768" lon="106.4595553">
      </trkpt>
      <trkpt lat="29.6540574" lon="106.4601991">
      </trkpt>
      <trkpt lat="29.6533234" lon="106.4617873">
      </trkpt>
      <trkpt lat="29.6529533" lon="106.4626835">
      </trkpt>
      <trkpt lat="29.6524188" lon="106.4642844">
      </trkpt>
      <trkpt lat="29.6520474" lon="106.4654154">
      </trkpt>
      <trkpt lat="29.6503498" lon="106.4705854">
      </trkpt>
      <trkpt lat="29.6486773" lon="106.4757205">
      </trkpt>
      <trkpt lat="29.6483979" lon="106.476588">
      </trkpt>
      <trkpt lat="29.6479838" lon="106.477558">
      </trkpt>
      <trkpt lat="29.6474265" lon="106.4786185">
      </trkpt>
      <trkpt lat="29.6468807" lon="106.4794429">
      </trkpt>
      <trkpt lat="29.6443613" lon="106.4826045">
      </trkpt>
      <trkpt lat="29.6432555" lon="106.4839438">
      </trkpt>
      <trkpt lat="29.6422942" lon="106.4850971">
      </trkpt>
      <trkpt lat="29.6414159" lon="106.4862529">
      </trkpt>
      <trkpt lat="29.6359748" lon="106.4944754">
      </trkpt>
      <trkpt lat="29.6351327" lon="106.4957931">
      </trkpt>
      <trkpt lat="29.6134649" lon="106.5308342">
      </trkpt>
      <trkpt lat="29.612973" lon="106.5316836">
      </trkpt>
      <trkpt lat="29.6125371" lon="106.5325831">
      </trkpt>
      <trkpt lat="29.6122293" lon="106.5335801">
      </trkpt>
      <trkpt lat="29.6121057" lon="106.5340283">
      </trkpt>
      <trkpt lat="29.6119873" lon="106.5347886">
      </trkpt>
      <trkpt lat="29.6118916" lon="106.5359178">
      </trkpt>
      <trkpt lat="29.6118419" lon="106.5367595">
      </trkpt>
      <trkpt lat="29.611661" lon="106.5410263">
      </trkpt>
      <trkpt lat="29.6116447" lon="106.5413565">
      </trkpt>
      <trkpt lat="29.6115075" lon="106.5439226">
      </trkpt>
      <trkpt lat="29.611213" lon="106.5500099">
      </trkpt>
      <trkpt lat="29.6111536" lon="106.551268">
      </trkpt>
      <trkpt lat="29.6111292" lon="106.5518831">
      </trkpt>
      <trkpt lat="29.6110772" lon="106.5529327">
      </trkpt>
      <trkpt lat="29.6113311" lon="106.5529156">
      </trkpt>
      <trkpt lat="29.6112267" lon="106.5539018">
      </trkpt>
      <trkpt lat="29.6111029" lon="106.5564163">
      </trkpt>
      <trkpt lat="29.6110433" lon="106.5575994">
      </trkpt>
      <trkpt lat="29.6110337" lon="106.5581587">
      </trkpt>
      <trkpt lat="29.6110597" lon="106.5587017">
      </trkpt>
      <trkpt lat="29.6111326" lon="106.5593302">
      </trkpt>
      <trkpt lat="29.6112436" lon="106.5599611">
      </trkpt>
      <trkpt lat="29.6114091" lon="106.5606027">
      </trkpt>
      <trkpt lat="29.6115908" lon="106.5610808">
      </trkpt>
      <trkpt lat="29.6118374" lon="106.5616409">
      </trkpt>
      <trkpt lat="29.6120732" lon="106.5621211">
      </trkpt>
      <trkpt lat="29.6123853" lon="106.5625832">
      </trkpt>
      <trkpt lat="29.6127049" lon="106.5629724">
      </trkpt>
      <trkpt lat="29.6130402" lon="106.5633258">
      </trkpt>
      <trkpt lat="29.6133432" lon="106.5636628">
      </trkpt>
      <trkpt lat="29.6136629" lon="106.5639637">
      </trkpt>
      <trkpt lat="29.6140044" lon="106.564234">
      </trkpt>
      <trkpt lat="29.6143355" lon="106.5644734">
      </trkpt>
      <trkpt lat="29.6147876" lon="106.5647392">
      </trkpt>
      <trkpt lat="29.6151866" lon="106.5649303">
      </trkpt>
      <trkpt lat="29.6155594" lon="106.5650594">
      </trkpt>
      <trkpt lat="29.6159763" lon="106.5651809">
      </trkpt>
      <trkpt lat="29.6170119" lon="106.5654861">
      </trkpt>
      <trkpt lat="29.6173176" lon="106.5656019">
      </trkpt>
      <trkpt lat="29.6176149" lon="106.5657668">
      </trkpt>
      <trkpt lat="29.6179029" lon="106.5659331">
      </trkpt>
      <trkpt lat="29.6181765" lon="106.5661585">
      </trkpt>
      <trkpt lat="29.6184756" lon="106.5664054">
      </trkpt>
      <trkpt lat="29.6187971" lon="106.5667485">
      </trkpt>
      <trkpt lat="29.6190783" lon="106.5671184">
      </trkpt>
      <trkpt lat="29.6192879" lon="106.5674217">
      </trkpt>
      <trkpt lat="29.6194884" lon="106.5677584">
      </trkpt>
      <trkpt lat="29.619653" lon="106.5680744">
      </trkpt>
      <trkpt lat="29.6201926" lon="106.5691642">
      </trkpt>
      <trkpt lat="29.6211228" lon="106.5710506">
      </trkpt>
      <trkpt lat="29.6214813" lon="106.5716894">
      </trkpt>
      <trkpt lat="29.6217675" lon="106.5721343">
      </trkpt>
      <trkpt lat="29.622152" lon="106.5726984">
      </trkpt>
      <trkpt lat="29.6225059" lon="106.5731189">
      </trkpt>
      <trkpt lat="29.6228933" lon="106.573512">
      </trkpt>
      <trkpt lat="29.6232416" lon="106.5738134">
      </trkpt>
      <trkpt lat="29.6235728" lon="106.5740604">
      </trkpt>
      <trkpt lat="29.628256" lon="106.5776738">
      </trkpt>
      <trkpt lat="29.628706" lon="106.578049">
      </trkpt>
      <trkpt lat="29.6291906" lon="106.5785015">
      </trkpt>
      <trkpt lat="29.6296255" lon="106.5789742">
      </trkpt>
      <trkpt lat="29.6300414" lon="106.5794826">
      </trkpt>
      <trkpt lat="29.6304465" lon="106.5800193">
      </trkpt>
      <trkpt lat="29.6308329" lon="106.5806094">
      </trkpt>
      <trkpt lat="29.6311478" lon="106.5811444">
      </trkpt>
      <trkpt lat="29.6314415" lon="106.5817063">
      </trkpt>
      <trkpt lat="29.6316879" lon="106.5822447">
      </trkpt>
      <trkpt lat="29.631917" lon="106.5828401">
      </trkpt>
      <trkpt lat="29.6323505" lon="106.5841281">
      </trkpt>
      <trkpt lat="29.6331714" lon="106.5865721">
      </trkpt>
      <trkpt lat="29.6342137" lon="106.5897595">
      </trkpt>
      <trkpt lat="29.6345385" lon="106.5908754">
      </trkpt>
      <trkpt lat="29.6346783" lon="106.5913792">
      </trkpt>
      <trkpt lat="29.6348288" lon="106.5919845">
      </trkpt>
      <trkpt lat="29.634955" lon="106.5926364">
      </trkpt>
      <trkpt lat="29.6350531" lon="106.5933099">
      </trkpt>
      <trkpt lat="29.6351478" lon="106.5942994">
      </trkpt>
      <trkpt lat="29.6353575" lon="106.5968481">
      </trkpt>
      <trkpt lat="29.6359403" lon="106.6022608">
      </trkpt>
      <trkpt lat="29.6361828" lon="106.6037468">
      </trkpt>
      <trkpt lat="29.6372312" lon="106.608084">
      </trkpt>
      <trkpt lat="29.6373973" lon="106.6087865">
      </trkpt>
      <trkpt lat="29.6376865" lon="106.6103024">
      </trkpt>
      <trkpt lat="29.6377454" lon="106.6111281">
      </trkpt>
      <trkpt lat="29.6378525" lon="106.6130876">
      </trkpt>
      <trkpt lat="29.6378344" lon="106.6161075">
      </trkpt>
      <trkpt lat="29.6374588" lon="106.6203307">
      </trkpt>
      <trkpt lat="29.6373507" lon="106.6211996">
      </trkpt>
      <trkpt lat="29.6370657" lon="106.6222596">
      </trkpt>
      <trkpt lat="29.6367727" lon="106.6230433">
      </trkpt>
      <trkpt lat="29.6365242" lon="106.6235881">
      </trkpt>
      <trkpt lat="29.6361749" lon="106.624284">
      </trkpt>
      <trkpt lat="29.6358184" lon="106.6249441">
      </trkpt>
      <trkpt lat="29.6351343" lon="106.6259382">
      </trkpt>
      <trkpt lat="29.6340096" lon="106.6275034">
      </trkpt>
      <trkpt lat="29.6335006" lon="106.6281294">
      </trkpt>
      <trkpt lat="29.6327878" lon="106.6288265">
      </trkpt>
      <trkpt lat="29.632007" lon="106.62945">
      </trkpt>
      <trkpt lat="29.6311209" lon="106.6301224">
      </trkpt>
      <trkpt lat="29.6306453" lon="106.6304241">
      </trkpt>
      <trkpt lat="29.629989" lon="106.6307876">
      </trkpt>
      <trkpt lat="29.6294341" lon="106.6310249">
      </trkpt>
      <trkpt lat="29.6286076" lon="106.6313428">
      </trkpt>
      <trkpt lat="29.6275339" lon="106.6317357">
      </trkpt>
      <trkpt lat="29.6266185" lon="106.6321005">
      </trkpt>
      <trkpt lat="29.6260802" lon="106.6323151">
      </trkpt>
      <trkpt lat="29.6244633" lon="106.6329816">
      </trkpt>
      <trkpt lat="29.6234373" lon="106.6334845">
      </trkpt>
      <trkpt lat="29.6227099" lon="106.6338238">
      </trkpt>
      <trkpt lat="29.6219416" lon="106.634194">
      </trkpt>
      <trkpt lat="29.6210089" lon="106.6346727">
      </trkpt>
      <trkpt lat="29.6202616" lon="106.6350751">
      </trkpt>
      <trkpt lat="29.6198139" lon="106.6353071">
      </trkpt>
      <trkpt lat="29.6186994" lon="106.6357735">
      </trkpt>
      <trkpt lat="29.6179736" lon="106.6361602">
      </trkpt>
      <trkpt lat="29.6168576" lon="106.6367842">
      </trkpt>
      <trkpt lat="29.6156844" lon="106.6376097">
      </trkpt>
      <trkpt lat="29.6151061" lon="106.6380791">
      </trkpt>
      <trkpt lat="29.6131998" lon="106.6400143">
      </trkpt>
      <trkpt lat="29.6122892" lon="106.6408887">
      </trkpt>
      <trkpt lat="29.61122" lon="106.642116">
      </trkpt>
      <trkpt lat="29.6106784" lon="106.642688">
      </trkpt>
      <trkpt lat="29.6102733" lon="106.6431901">
      </trkpt>
      <trkpt lat="29.6098774" lon="106.6437369">
      </trkpt>
      <trkpt lat="29.6096301" lon="106.6441366">
      </trkpt>
      <trkpt lat="29.6094246" lon="106.6445293">
      </trkpt>
      <trkpt lat="29.6092084" lon="106.6450189">
      </trkpt>
      <trkpt lat="29.6090184" lon="106.6454642">
      </trkpt>
      <trkpt lat="29.6088773" lon="106.6458811">
      </trkpt>
      <trkpt lat="29.608757" lon="106.646346">
      </trkpt>
      <trkpt lat="29.6086205" lon="106.6469355">
      </trkpt>
      <trkpt lat="29.6085435" lon="106.6474936">
      </trkpt>
      <trkpt lat="29.6084761" lon="106.648149">
      </trkpt>
      <trkpt lat="29.608472" lon="106.6488069">
      </trkpt>
      <trkpt lat="29.6085088" lon="106.6494177">
      </trkpt>
      <trkpt lat="29.6085755" lon="106.6500105">
      </trkpt>
      <trkpt lat="29.608703" lon="106.6506968">
      </trkpt>
      <trkpt lat="29.6089446" lon="106.6515174">
      </trkpt>
      <trkpt lat="29.6091459" lon="106.6521363">
      </trkpt>
      <trkpt lat="29.6095756" lon="106.6530529">
      </trkpt>
      <trkpt lat="29.6098174" lon="106.6534714">
      </trkpt>
      <trkpt lat="29.6101983" lon="106.6540396">
      </trkpt>
      <trkpt lat="29.6106714" lon="106.6545944">
      </trkpt>
      <trkpt lat="29.6110587" lon="106.6549736">
      </trkpt>
      <trkpt lat="29.6119177" lon="106.6556785">
      </trkpt>
      <trkpt lat="29.6125176" lon="106.6561172">
      </trkpt>
      <trkpt lat="29.6137373" lon="106.6569997">
      </trkpt>
      <trkpt lat="29.6147692" lon="106.6577597">
      </trkpt>
      <trkpt lat="29.615444" lon="106.6582987">
      </trkpt>
      <trkpt lat="29.6165247" lon="106.6593158">
      </trkpt>
      <trkpt lat="29.6173239" lon="106.6601491">
      </trkpt>
      <trkpt lat="29.6184835" lon="106.6614025">
      </trkpt>
      <trkpt lat="29.6205186" lon="106.6636604">
      </trkpt>
      <trkpt lat="29.6211311" lon="106.6642976">
      </trkpt>
      <trkpt lat="29.622022" lon="106.6653411">
      </trkpt>
      <trkpt lat="29.6225548" lon="106.6661847">
      </trkpt>
      <trkpt lat="29.623273" lon="106.6675043">
      </trkpt>
      <trkpt lat="29.623667" lon="106.668435">
      </trkpt>
      <trkpt lat="29.624082" lon="106.6697493">
      </trkpt>
      <trkpt lat="29.6243455" lon="106.6708034">
      </trkpt>
      <trkpt lat="29.6244551" lon="106.6716">
      </trkpt>
      <trkpt lat="29.6245041" lon="106.6725951">
      </trkpt>
      <trkpt lat="29.6244691" lon="106.6741616">
      </trkpt>
      <trkpt lat="29.6243502" lon="106.6755187">
      </trkpt>
      <trkpt lat="29.624187" lon="106.6764575">
      </trkpt>
      <trkpt lat="29.6239958" lon="106.6773266">
      </trkpt>
      <trkpt lat="29.6174686" lon="106.705543">
      </trkpt>
      <trkpt lat="29.6172312" lon="106.7065693">
      </trkpt>
      <trkpt lat="29.6163665" lon="106.710307">
      </trkpt>
      <trkpt lat="29.61604" lon="106.7117876">
      </trkpt>
      <trkpt lat="29.6158814" lon="106.7131233">
      </trkpt>
      <trkpt lat="29.615762" lon="106.7153742">
      </trkpt>
      <trkpt lat="29.6157865" lon="106.7161578">
      </trkpt>
      <trkpt lat="29.6158789" lon="106.7168232">
      </trkpt>
      <trkpt lat="29.6159713" lon="106.7174462">
      </trkpt>
      <trkpt lat="29.6160245" lon="106.7177921">
      </trkpt>
      <trkpt lat="29.616348" lon="106.7192591">
      </trkpt>
      <trkpt lat="29.6173369" lon="106.7239246">
      </trkpt>
      <trkpt lat="29.6174109" lon="106.7242317">
      </trkpt>
      <trkpt lat="29.6175272" lon="106.7247764">
      </trkpt>
      <trkpt lat="29.6177725" lon="106.7258249">
      </trkpt>
      <trkpt lat="29.6179167" lon="106.7265003">
      </trkpt>
      <trkpt lat="29.6201372" lon="106.7369047">
      </trkpt>
      <trkpt lat="29.6202042" lon="106.737216">
      </trkpt>
      <trkpt lat="29.6203772" lon="106.7380195">
      </trkpt>
      <trkpt lat="29.620526" lon="106.738711">
      </trkpt>
      <trkpt lat="29.6207174" lon="106.7396007">
      </trkpt>
      <trkpt lat="29.6208515" lon="106.7402512">
      </trkpt>
      <trkpt lat="29.6210206" lon="106.740962">
      </trkpt>
      <trkpt lat="29.6212042" lon="106.7416753">
      </trkpt>
      <trkpt lat="29.6220898" lon="106.7440278">
      </trkpt>
      <trkpt lat="29.6226654" lon="106.7455064">
      </trkpt>
      <trkpt lat="29.6229342" lon="106.7463806">
      </trkpt>
      <trkpt lat="29.623168" lon="106.7473272">
      </trkpt>
      <trkpt lat="29.623321" lon="106.7482028">
      </trkpt>
      <trkpt lat="29.6234201" lon="106.7491432">
      </trkpt>
      <trkpt lat="29.62346" lon="106.7500588">
      </trkpt>
      <trkpt lat="29.6234352" lon="106.7509436">
      </trkpt>
      <trkpt lat="29.6233755" lon="106.751631">
      </trkpt>
      <trkpt lat="29.6232659" lon="106.752397">
      </trkpt>
      <trkpt lat="29.6231767" lon="106.7528979">
      </trkpt>
      <trkpt lat="29.6229998" lon="106.7536885">
      </trkpt>
      <trkpt lat="29.6226502" lon="106.7548612">
      </trkpt>
      <trkpt lat="29.6222805" lon="106.7559522">
      </trkpt>
      <trkpt lat="29.6212914" lon="106.7588954">
      </trkpt>
      <trkpt lat="29.6208376" lon="106.7607046">
      </trkpt>
      <trkpt lat="29.6206509" lon="106.7619128">
      </trkpt>
      <trkpt lat="29.6205393" lon="106.7636052">
      </trkpt>
      <trkpt lat="29.6205548" lon="106.7645084">
      </trkpt>
      <trkpt lat="29.6206161" lon="106.7654549">
      </trkpt>
      <trkpt lat="29.6207431" lon="106.7663652">
      </trkpt>
      <trkpt lat="29.6209728" lon="106.7675792">
      </trkpt>
      <trkpt lat="29.6218881" lon="106.7717234">
      </trkpt>
      <trkpt lat="29.6220395" lon="106.7727517">
      </trkpt>
      <trkpt lat="29.6220983" lon="106.7733852">
      </trkpt>
      <trkpt lat="29.6221275" lon="106.773954">
      </trkpt>
      <trkpt lat="29.6221256" lon="106.7745845">
      </trkpt>
      <trkpt lat="29.6220914" lon="106.7752734">
      </trkpt>
      <trkpt lat="29.6220614" lon="106.7758948">
      </trkpt>
      <trkpt lat="29.621967" lon="106.7765439">
      </trkpt>
      <trkpt lat="29.6217399" lon="106.7778165">
      </trkpt>
      <trkpt lat="29.6211732" lon="106.7823461">
      </trkpt>
      <trkpt lat="29.6211339" lon="106.7827498">
      </trkpt>
      <trkpt lat="29.6211059" lon="106.7831632">
      </trkpt>
      <trkpt lat="29.6210806" lon="106.78368">
      </trkpt>
      <trkpt lat="29.6210914" lon="106.7841754">
      </trkpt>
      <trkpt lat="29.6211072" lon="106.7845639">
      </trkpt>
      <trkpt lat="29.6211485" lon="106.7851342">
      </trkpt>
      <trkpt lat="29.6212114" lon="106.7856183">
      </trkpt>
      <trkpt lat="29.6212904" lon="106.7861301">
      </trkpt>
      <trkpt lat="29.6213816" lon="106.7865834">
      </trkpt>
      <trkpt lat="29.6226032" lon="106.7917463">
      </trkpt>
      <trkpt lat="29.6227956" lon="106.792558">
      </trkpt>
      <trkpt lat="29.6228961" lon="106.7930837">
      </trkpt>
      <trkpt lat="29.622955" lon="106.7935555">
      </trkpt>
      <trkpt lat="29.6230102" lon="106.7941303">
      </trkpt>
      <trkpt lat="29.6230319" lon="106.7947609">
      </trkpt>
      <trkpt lat="29.6230665" lon="106.7952789">
      </trkpt>
      <trkpt lat="29.6230985" lon="106.7958575">
      </trkpt>
      <trkpt lat="29.6231018" lon="106.7964057">
      </trkpt>
      <trkpt lat="29.6230609" lon="106.7968881">
      </trkpt>
      <trkpt lat="29.6229716" lon="106.7973319">
      </trkpt>
      <trkpt lat="29.6228513" lon="106.7977279">
      </trkpt>
      <trkpt lat="29.6226934" lon="106.7981223">
      </trkpt>
      <trkpt lat="29.6224869" lon="106.798512">
      </trkpt>
      <trkpt lat="29.6222688" lon="106.7988505">
      </trkpt>
      <trkpt lat="29.6220578" lon="106.7991227">
      </trkpt>
      <trkpt lat="29.6218163" lon="106.799371">
      </trkpt>
      <trkpt lat="29.6215423" lon="106.7996166">
      </trkpt>
      <trkpt lat="29.6212937" lon="106.7997962">
      </trkpt>
      <trkpt lat="29.6210294" lon="106.7999511">
      </trkpt>
      <trkpt lat="29.6208373" lon="106.8000457">
      </trkpt>
      <trkpt lat="29.6206368" lon="106.8001279">
      </trkpt>
      <trkpt lat="29.6203846" lon="106.8002113">
      </trkpt>
      <trkpt lat="29.6202201" lon="106.8002565">
      </trkpt>
      <trkpt lat="29.6199488" lon="106.8003069">
      </trkpt>
      <trkpt lat="29.6197963" lon="106.8003232">
      </trkpt>
      <trkpt lat="29.6195226" lon="106.8003366">
      </trkpt>
      <trkpt lat="29.6192213" lon="106.8003335">
      </trkpt>
      <trkpt lat="29.6189357" lon="106.8002891">
      </trkpt>
      <trkpt lat="29.6187185" lon="106.8002394">
      </trkpt>
      <trkpt lat="29.6183705" lon="106.8001208">
      </trkpt>
      <trkpt lat="29.6174681" lon="106.7998009">
      </trkpt>
      <trkpt lat="29.6170289" lon="106.7996492">
      </trkpt>
      <trkpt lat="29.6166275" lon="106.7995469">
      </trkpt>
      <trkpt lat="29.6162819" lon="106.7994912">
      </trkpt>
      <trkpt lat="29.6158362" lon="106.7994685">
      </trkpt>
      <trkpt lat="29.6153922" lon="106.7994852">
      </trkpt>
      <trkpt lat="29.6150917" lon="106.7994954">
      </trkpt>
      <trkpt lat="29.6141137" lon="106.799544">
      </trkpt>
      <trkpt lat="29.6129213" lon="106.7996797">
      </trkpt>
      <trkpt lat="29.6122346" lon="106.7997777">
      </trkpt>
      <trkpt lat="29.6114038" lon="106.7999277">
      </trkpt>
      <trkpt lat="29.6101911" lon="106.8002023">
      </trkpt>
      <trkpt lat="29.608258" lon="106.8007067">
      </trkpt>
      <trkpt lat="29.6074224" lon="106.8008869">
      </trkpt>
      <trkpt lat="29.6069218" lon="106.8009439">
      </trkpt>
      <trkpt lat="29.6064284" lon="106.800968">
      </trkpt>
      <trkpt lat="29.6058835" lon="106.8009481">
      </trkpt>
      <trkpt lat="29.605209" lon="106.8008538">
      </trkpt>
      <trkpt lat="29.6046113" lon="106.8007047">
      </trkpt>
      <trkpt lat="29.6039849" lon="106.8004896">
      </trkpt>
      <trkpt lat="29.6032291" lon="106.8001232">
      </trkpt>
      <trkpt lat="29.602766" lon="106.7998397">
      </trkpt>
      <trkpt lat="29.6022934" lon="106.7995012">
      </trkpt>
      <trkpt lat="29.6017201" lon="106.798995">
      </trkpt>
      <trkpt lat="29.6011781" lon="106.7984146">
      </trkpt>
      <trkpt lat="29.6007705" lon="106.7978894">
      </trkpt>
      <trkpt lat="29.6004613" lon="106.797422">
      </trkpt>
      <trkpt lat="29.6001317" lon="106.7968502">
      </trkpt>
      <trkpt lat="29.5999208" lon="106.7964557">
      </trkpt>
      <trkpt lat="29.5996812" lon="106.7960187">
      </trkpt>
      <trkpt lat="29.5950012" lon="106.7873026">
      </trkpt>
      <trkpt lat="29.5943918" lon="106.7861812">
      </trkpt>
      <trkpt lat="29.5939785" lon="106.7854468">
      </trkpt>
      <trkpt lat="29.5935603" lon="106.7847688">
      </trkpt>
      <trkpt lat="29.592981" lon="106.7839393">
      </trkpt>
      <trkpt lat="29.5923848" lon="106.7831869">
      </trkpt>
      <trkpt lat="29.5917817" lon="106.7825134">
      </trkpt>
      <trkpt lat="29.5911439" lon="106.7818717">
      </trkpt>
      <trkpt lat="29.5901265" lon="106.781003">
      </trkpt>
      <trkpt lat="29.5890551" lon="106.7802052">
      </trkpt>
      <trkpt lat="29.5879635" lon="106.7794197">
      </trkpt>
      <trkpt lat="29.5703886" lon="106.766763">
      </trkpt>
      <trkpt lat="29.5689887" lon="106.7657202">
      </trkpt>
      <trkpt lat="29.5680223" lon="106.7648812">
      </trkpt>
      <trkpt lat="29.567013" lon="106.7638666">
      </trkpt>
      <trkpt lat="29.5661679" lon="106.7628921">
      </trkpt>
      <trkpt lat="29.5655893" lon="106.7621429">
      </trkpt>
      <trkpt lat="29.5647914" lon="106.7609837">
      </trkpt>
      <trkpt lat="29.5579366" lon="106.7502931">
      </trkpt>
      <trkpt lat="29.5574199" lon="106.7495071">
      </trkpt>
      <trkpt lat="29.5568735" lon="106.7487265">
      </trkpt>
      <trkpt lat="29.5563191" lon="106.7479997">
      </trkpt>
      <trkpt lat="29.5554066" lon="106.7469454">
      </trkpt>
      <trkpt lat="29.5544207" lon="106.7459665">
      </trkpt>
      <trkpt lat="29.5534117" lon="106.7450955">
      </trkpt>
      <trkpt lat="29.5523321" lon="106.7442721">
      </trkpt>
      <trkpt lat="29.5512605" lon="106.7434981">
      </trkpt>
      <trkpt lat="29.5496813" lon="106.7423417">
      </trkpt>
      <trkpt lat="29.5485054" lon="106.7414879">
      </trkpt>
      <trkpt lat="29.5473766" lon="106.7406744">
      </trkpt>
      <trkpt lat="29.546594" lon="106.7400879">
      </trkpt>
      <trkpt lat="29.5440295" lon="106.7382181">
      </trkpt>
      <trkpt lat="29.5425775" lon="106.7371553">
      </trkpt>
      <trkpt lat="29.5413805" lon="106.7362811">
      </trkpt>
      <trkpt lat="29.5391149" lon="106.7346268">
      </trkpt>
      <trkpt lat="29.5386923" lon="106.7343142">
      </trkpt>
      <trkpt lat="29.5369747" lon="106.733068">
      </trkpt>
      <trkpt lat="29.5333302" lon="106.7304429">
      </trkpt>
      <trkpt lat="29.5317276" lon="106.7293942">
      </trkpt>
      <trkpt lat="29.5300605" lon="106.7282645">
      </trkpt>
      <trkpt lat="29.5269976" lon="106.7262777">
      </trkpt>
      <trkpt lat="29.5121007" lon="106.7164481">
      </trkpt>
      <trkpt lat="29.5116184" lon="106.7160744">
      </trkpt>
      <trkpt lat="29.5111685" lon="106.7156847">
      </trkpt>
      <trkpt lat="29.5107277" lon="106.7152427">
      </trkpt>
      <trkpt lat="29.5103098" lon="106.7147273">
      </trkpt>
      <trkpt lat="29.509878" lon="106.7141213">
      </trkpt>
      <trkpt lat="29.5095073" lon="106.7134727">
      </trkpt>
      <trkpt lat="29.5092085" lon="106.7128284">
      </trkpt>
      <trkpt lat="29.5089608" lon="106.7121623">
      </trkpt>
      <trkpt lat="29.5087625" lon="106.7114867">
      </trkpt>
      <trkpt lat="29.508621" lon="106.7108716">
      </trkpt>
      <trkpt lat="29.5071808" lon="106.7020268">
      </trkpt>
      <trkpt lat="29.5069893" lon="106.7010738">
      </trkpt>
      <trkpt lat="29.5067902" lon="106.7002106">
      </trkpt>
      <trkpt lat="29.5065595" lon="106.6994058">
      </trkpt>
      <trkpt lat="29.506309" lon="106.6986442">
      </trkpt>
      <trkpt lat="29.5060307" lon="106.6979412">
      </trkpt>
      <trkpt lat="29.5057534" lon="106.6973569">
      </trkpt>
      <trkpt lat="29.5047008" lon="106.6954592">
      </trkpt>
      <trkpt lat="29.5033629" lon="106.6932096">
      </trkpt>
      <trkpt lat="29.5026771" lon="106.6920485">
      </trkpt>
      <trkpt lat="29.5010709" lon="106.689422">
      </trkpt>
      <trkpt lat="29.499086" lon="106.6861501">
      </trkpt>
      <trkpt lat="29.4985598" lon="106.6853674">
      </trkpt>
      <trkpt lat="29.4980391" lon="106.6846937">
      </trkpt>
      <trkpt lat="29.4974582" lon="106.6841132">
      </trkpt>
      <trkpt lat="29.4968536" lon="106.6836005">
      </trkpt>
      <trkpt lat="29.4961197" lon="106.6830904">
      </trkpt>
      <trkpt lat="29.4953905" lon="106.6826554">
      </trkpt>
      <trkpt lat="29.4946495" lon="106.6822951">
      </trkpt>
      <trkpt lat="29.4937763" lon="106.6819481">
      </trkpt>
      <trkpt lat="29.4860208" lon="106.6791958">
      </trkpt>
      <trkpt lat="29.4851173" lon="106.6788098">
      </trkpt>
      <trkpt lat="29.4843473" lon="106.6784363">
      </trkpt>
      <trkpt lat="29.4834225" lon="106.6779131">
      </trkpt>
      <trkpt lat="29.4825843" lon="106.677392">
      </trkpt>
      <trkpt lat="29.4817597" lon="106.6768268">
      </trkpt>
      <trkpt lat="29.4593866" lon="106.6610642">
      </trkpt>
      <trkpt lat="29.436973" lon="106.6452764">
      </trkpt>
      <trkpt lat="29.4360954" lon="106.6446807">
      </trkpt>
      <trkpt lat="29.4352648" lon="106.6441425">
      </trkpt>
      <trkpt lat="29.4344531" lon="106.6436601">
      </trkpt>
      <trkpt lat="29.4335743" lon="106.6431998">
      </trkpt>
      <trkpt lat="29.43276" lon="106.6428208">
      </trkpt>
      <trkpt lat="29.4319414" lon="106.6424866">
      </trkpt>
      <trkpt lat="29.4311395" lon="106.642223">
      </trkpt>
      <trkpt lat="29.43042" lon="106.6420275">
      </trkpt>
      <trkpt lat="29.4296512" lon="106.6418411">
      </trkpt>
      <trkpt lat="29.4288761" lon="106.641677">
      </trkpt>
      <trkpt lat="29.4281185" lon="106.6415249">
      </trkpt>
      <trkpt lat="29.4273366" lon="106.6413976">
      </trkpt>
      <trkpt lat="29.4229559" lon="106.6410856">
      </trkpt>
      <trkpt lat="29.4216468" lon="106.6410374">
      </trkpt>
      <trkpt lat="29.4205762" lon="106.6410417">
      </trkpt>
      <trkpt lat="29.419575" lon="106.6410743">
      </trkpt>
      <trkpt lat="29.4184888" lon="106.6411525">
      </trkpt>
      <trkpt lat="29.4177483" lon="106.6412224">
      </trkpt>
      <trkpt lat="29.3852062" lon="106.6445386">
      </trkpt>
      <trkpt lat="29.3846039" lon="106.6446038">
      </trkpt>
      <trkpt lat="29.3837319" lon="106.6446975">
      </trkpt>
      <trkpt lat="29.3830944" lon="106.6447381">
      </trkpt>
      <trkpt lat="29.3823087" lon="106.6447491">
      </trkpt>
      <trkpt lat="29.3816126" lon="106.6447205">
      </trkpt>
      <trkpt lat="29.3809673" lon="106.6446577">
      </trkpt>
      <trkpt lat="29.3803265" lon="106.6445594">
      </trkpt>
      <trkpt lat="29.3796624" lon="106.6444463">
      </trkpt>
      <trkpt lat="29.3789357" lon="106.6442861">
      </trkpt>
      <trkpt lat="29.3782372" lon="106.6440818">
      </trkpt>
      <trkpt lat="29.3774549" lon="106.6438139">
      </trkpt>
      <trkpt lat="29.376648" lon="106.6434248">
      </trkpt>
      <trkpt lat="29.3759985" lon="106.6430739">
      </trkpt>
      <trkpt lat="29.3751942" lon="106.6425819">
      </trkpt>
      <trkpt lat="29.3744465" lon="106.6420559">
      </trkpt>
      <trkpt lat="29.3736961" lon="106.6414614">
      </trkpt>
      <trkpt lat="29.3730493" lon="106.6408865">
      </trkpt>
      <trkpt lat="29.3724899" lon="106.640339">
      </trkpt>
      <trkpt lat="29.3718303" lon="106.6395768">
      </trkpt>
      <trkpt lat="29.3713448" lon="106.6389685">
      </trkpt>
      <trkpt lat="29.3708859" lon="106.6383356">
      </trkpt>
      <trkpt lat="29.3704134" lon="106.6376047">
      </trkpt>
      <trkpt lat="29.3699676" lon="106.6368187">
      </trkpt>
      <trkpt lat="29.3696158" lon="106.6361145">
      </trkpt>
      <trkpt lat="29.3692222" lon="106.6352135">
      </trkpt>
      <trkpt lat="29.3688856" lon="106.6342915">
      </trkpt>
      <trkpt lat="29.3684889" lon="106.632988">
      </trkpt>
      <trkpt lat="29.3682163" lon="106.6318274">
      </trkpt>
      <trkpt lat="29.3679705" lon="106.6303605">
      </trkpt>
      <trkpt lat="29.3662314" lon="106.6185198">
      </trkpt>
      <trkpt lat="29.3659633" lon="106.6166556">
      </trkpt>
      <trkpt lat="29.3656271" lon="106.6144136">
      </trkpt>
      <trkpt lat="29.3654337" lon="106.6130858">
      </trkpt>
      <trkpt lat="29.3646347" lon="106.6075622">
      </trkpt>
      <trkpt lat="29.3642104" lon="106.6046294">
      </trkpt>
      <trkpt lat="29.3641814" lon="106.6044289">
      </trkpt>
      <trkpt lat="29.3639367" lon="106.602787">
      </trkpt>
      <trkpt lat="29.3623206" lon="106.5919441">
      </trkpt>
      <trkpt lat="29.3622566" lon="106.5915153">
      </trkpt>
      <trkpt lat="29.3619716" lon="106.5896031">
      </trkpt>
      <trkpt lat="29.3614964" lon="106.5864149">
      </trkpt>
      <trkpt lat="29.3614519" lon="106.5861165">
      </trkpt>
      <trkpt lat="29.3610918" lon="106.5835719">
      </trkpt>
      <trkpt lat="29.3609562" lon="106.5827957">
      </trkpt>
      <trkpt lat="29.3608043" lon="106.582118">
      </trkpt>
      <trkpt lat="29.3606274" lon="106.5814456">
      </trkpt>
      <trkpt lat="29.3604087" lon="106.5808041">
      </trkpt>
      <trkpt lat="29.3601798" lon="106.5802253">
      </trkpt>
      <trkpt lat="29.3597475" lon="106.57931">
      </trkpt>
      <trkpt lat="29.3592131" lon="106.5783571">
      </trkpt>
      <trkpt lat="29.3586212" lon="106.5774931">
      </trkpt>
      <trkpt lat="29.3580726" lon="106.5767909">
      </trkpt>
      <trkpt lat="29.3572351" lon="106.5759253">
      </trkpt>
      <trkpt lat="29.3564973" lon="106.5753194">
      </trkpt>
      <trkpt lat="29.3557313" lon="106.5747664">
      </trkpt>
      <trkpt lat="29.355149" lon="106.5744009">
      </trkpt>
      <trkpt lat="29.3545855" lon="106.5740949">
      </trkpt>
      <trkpt lat="29.3528614" lon="106.5731955">
      </trkpt>
      <trkpt lat="29.3503961" lon="106.5718798">
      </trkpt>
      <trkpt lat="29.3498828" lon="106.5716059">
      </trkpt>
      <trkpt lat="29.3468451" lon="106.5700564">
      </trkpt>
      <trkpt lat="29.3459336" lon="106.5696357">
      </trkpt>
      <trkpt lat="29.3450313" lon="106.5692948">
      </trkpt>
      <trkpt lat="29.3441242" lon="106.5690252">
      </trkpt>
      <trkpt lat="29.3432334" lon="106.5688007">
      </trkpt>
      <trkpt lat="29.3422663" lon="106.5686">
      </trkpt>
      <trkpt lat="29.341295" lon="106.5684412">
      </trkpt>
      <trkpt lat="29.3403119" lon="106.5683069">
      </trkpt>
      <trkpt lat="29.3115804" lon="106.5651202">
      </trkpt>
      <trkpt lat="29.3094167" lon="106.5649443">
      </trkpt>
      <trkpt lat="29.3056301" lon="106.5646163">
      </trkpt>
      <trkpt lat="29.3049011" lon="106.5645384">
      </trkpt>
      <trkpt lat="29.304187" lon="106.5644281">
      </trkpt>
      <trkpt lat="29.3034767" lon="106.5642705">
      </trkpt>
      <trkpt lat="29.3028328" lon="106.5640829">
      </trkpt>
      <trkpt lat="29.3022395" lon="106.5638503">
      </trkpt>
      <trkpt lat="29.301654" lon="106.5635917">
      </trkpt>
      <trkpt lat="29.3010507" lon="106.5632948">
      </trkpt>
      <trkpt lat="29.3004849" lon="106.562974">
      </trkpt>
      <trkpt lat="29.2988838" lon="106.5620221">
      </trkpt>
      <trkpt lat="29.298204" lon="106.5615752">
      </trkpt>
      <trkpt lat="29.297584" lon="106.5611134">
      </trkpt>
      <trkpt lat="29.2970645" lon="106.5606408">
      </trkpt>
      <trkpt lat="29.2965597" lon="106.5601213">
      </trkpt>
      <trkpt lat="29.2960661" lon="106.5595156">
      </trkpt>
      <trkpt lat="29.2955974" lon="106.5588734">
      </trkpt>
      <trkpt lat="29.2951273" lon="106.5581713">
      </trkpt>
      <trkpt lat="29.2946911" lon="106.5573699">
      </trkpt>
      <trkpt lat="29.2942501" lon="106.5564545">
      </trkpt>
      <trkpt lat="29.2934704" lon="106.5547577">
      </trkpt>
      <trkpt lat="29.2931353" lon="106.5538881">
      </trkpt>
      <trkpt lat="29.2928354" lon="106.5529889">
      </trkpt>
      <trkpt lat="29.2926115" lon="106.5521635">
      </trkpt>
      <trkpt lat="29.2924324" lon="106.5512417">
      </trkpt>
      <trkpt lat="29.292291" lon="106.5503046">
      </trkpt>
      <trkpt lat="29.29218" lon="106.5493653">
      </trkpt>
      <trkpt lat="29.2921244" lon="106.5483662">
      </trkpt>
      <trkpt lat="29.2921148" lon="106.5474271">
      </trkpt>
      <trkpt lat="29.2921516" lon="106.5464697">
      </trkpt>
      <trkpt lat="29.2922263" lon="106.5455491">
      </trkpt>
      <trkpt lat="29.2928564" lon="106.5396161">
      </trkpt>
      <trkpt lat="29.2928893" lon="106.5393324">
      </trkpt>
      <trkpt lat="29.2933918" lon="106.5355304">
      </trkpt>
      <trkpt lat="29.2935131" lon="106.5348944">
      </trkpt>
      <trkpt lat="29.2936355" lon="106.5340155">
      </trkpt>
      <trkpt lat="29.2937303" lon="106.5331683">
      </trkpt>
      <trkpt lat="29.2938099" lon="106.5322787">
      </trkpt>
      <trkpt lat="29.2938577" lon="106.531487">
      </trkpt>
      <trkpt lat="29.293874" lon="106.530791">
      </trkpt>
      <trkpt lat="29.2938629" lon="106.5301266">
      </trkpt>
      <trkpt lat="29.2938366" lon="106.5294002">
      </trkpt>
      <trkpt lat="29.2937653" lon="106.5284031">
      </trkpt>
      <trkpt lat="29.2936663" lon="106.5275456">
      </trkpt>
      <trkpt lat="29.2935261" lon="106.5268149">
      </trkpt>
      <trkpt lat="29.2933513" lon="106.5260517">
      </trkpt>
      <trkpt lat="29.2931427" lon="106.5253238">
      </trkpt>
      <trkpt lat="29.2929043" lon="106.5245596">
      </trkpt>
      <trkpt lat="29.292624" lon="106.5237868">
      </trkpt>
      <trkpt lat="29.2922662" lon="106.5228763">
      </trkpt>
      <trkpt lat="29.2919052" lon="106.5220196">
      </trkpt>
      <trkpt lat="29.2902977" lon="106.5184009">
      </trkpt>
      <trkpt lat="29.2892445" lon="106.5160197">
      </trkpt>
      <trkpt lat="29.2860423" lon="106.5086315">
      </trkpt>
      <trkpt lat="29.2856985" lon="106.5079071">
      </trkpt>
      <trkpt lat="29.2853532" lon="106.5072169">
      </trkpt>
      <trkpt lat="29.2849793" lon="106.5065416">
      </trkpt>
      <trkpt lat="29.2845825" lon="106.5058801">
      </trkpt>
      <trkpt lat="29.2841753" lon="106.5052815">
      </trkpt>
      <trkpt lat="29.2837484" lon="106.5047156">
      </trkpt>
      <trkpt lat="29.2832837" lon="106.5041537">
      </trkpt>
      <trkpt lat="29.2827974" lon="106.5036121">
      </trkpt>
      <trkpt lat="29.2822868" lon="106.5030967">
      </trkpt>
      <trkpt lat="29.2816155" lon="106.5024908">
      </trkpt>
      <trkpt lat="29.2809173" lon="106.5019564">
      </trkpt>
      <trkpt lat="29.2801887" lon="106.5014255">
      </trkpt>
      <trkpt lat="29.2794361" lon="106.500902">
      </trkpt>
      <trkpt lat="29.2602272" lon="106.4884399">
      </trkpt>
      <trkpt lat="29.2596302" lon="106.4880262">
      </trkpt>
      <trkpt lat="29.2589445" lon="106.4875136">
      </trkpt>
      <trkpt lat="29.2582087" lon="106.4869249">
      </trkpt>
      <trkpt lat="29.2575194" lon="106.4863184">
      </trkpt>
      <trkpt lat="29.256911" lon="106.4857303">
      </trkpt>
      <trkpt lat="29.2563735" lon="106.4851574">
      </trkpt>
      <trkpt lat="29.2556742" lon="106.4843314">
      </trkpt>
      <trkpt lat="29.2551249" lon="106.4835975">
      </trkpt>
      <trkpt lat="29.2545087" lon="106.4826693">
      </trkpt>
      <trkpt lat="29.2538721" lon="106.4815702">
      </trkpt>
      <trkpt lat="29.2532396" lon="106.4803237">
      </trkpt>
      <trkpt lat="29.252741" lon="106.4791719">
      </trkpt>
      <trkpt lat="29.2504356" lon="106.4732466">
      </trkpt>
      <trkpt lat="29.2500347" lon="106.4720764">
      </trkpt>
      <trkpt lat="29.2497091" lon="106.4709545">
      </trkpt>
      <trkpt lat="29.2494161" lon="106.4697126">
      </trkpt>
      <trkpt lat="29.2491918" lon="106.468503">
      </trkpt>
      <trkpt lat="29.249043" lon="106.4672883">
      </trkpt>
      <trkpt lat="29.2489419" lon="106.4660267">
      </trkpt>
      <trkpt lat="29.2489013" lon="106.4645486">
      </trkpt>
      <trkpt lat="29.2489303" lon="106.4631319">
      </trkpt>
      <trkpt lat="29.2490138" lon="106.461809">
      </trkpt>
      <trkpt lat="29.2491583" lon="106.4606681">
      </trkpt>
      <trkpt lat="29.249379" lon="106.4594774">
      </trkpt>
      <trkpt lat="29.2497141" lon="106.4583254">
      </trkpt>
      <trkpt lat="29.250142" lon="106.4571777">
      </trkpt>
      <trkpt lat="29.2505378" lon="106.4562749">
      </trkpt>
      <trkpt lat="29.2509459" lon="106.4554987">
      </trkpt>
      <trkpt lat="29.251422" lon="106.4547721">
      </trkpt>
      <trkpt lat="29.2520022" lon="106.4540047">
      </trkpt>
      <trkpt lat="29.2525774" lon="106.4533444">
      </trkpt>
      <trkpt lat="29.2531397" lon="106.4527473">
      </trkpt>
      <trkpt lat="29.2536596" lon="106.4522483">
      </trkpt>
      <trkpt lat="29.2542525" lon="106.451693">
      </trkpt>
      <trkpt lat="29.2548641" lon="106.4511698">
      </trkpt>
      <trkpt lat="29.2555051" lon="106.4506712">
      </trkpt>
      <trkpt lat="29.2561414" lon="106.450226">
      </trkpt>
      <trkpt lat="29.2568426" lon="106.4497805">
      </trkpt>
      <trkpt lat="29.2598438" lon="106.4481284">
      </trkpt>
      <trkpt lat="29.2629834" lon="106.4463826">
      </trkpt>
      <trkpt lat="29.2655094" lon="106.4450619">
      </trkpt>
      <trkpt lat="29.2661038" lon="106.4447864">
      </trkpt>
      <trkpt lat="29.2667968" lon="106.4445035">
      </trkpt>
      <trkpt lat="29.2673865" lon="106.4442792">
      </trkpt>
      <trkpt lat="29.2680391" lon="106.4440523">
      </trkpt>
      <trkpt lat="29.2686645" lon="106.4438555">
      </trkpt>
      <trkpt lat="29.2694017" lon="106.4436515">
      </trkpt>
      <trkpt lat="29.2761465" lon="106.4424185">
      </trkpt>
      <trkpt lat="29.2767758" lon="106.4423295">
      </trkpt>
      <trkpt lat="29.2773721" lon="106.4422874">
      </trkpt>
      <trkpt lat="29.2780839" lon="106.4423014">
      </trkpt>
      <trkpt lat="29.2792427" lon="106.4423713">
      </trkpt>
      <trkpt lat="29.2796489" lon="106.4423791">
      </trkpt>
      <trkpt lat="29.280121" lon="106.4423471">
      </trkpt>
      <trkpt lat="29.2806351" lon="106.4422523">
      </trkpt>
      <trkpt lat="29.2810665" lon="106.4421325">
      </trkpt>
      <trkpt lat="29.2815023" lon="106.4419804">
      </trkpt>
      <trkpt lat="29.281986" lon="106.4417385">
      </trkpt>
      <trkpt lat="29.2825186" lon="106.4413839">
      </trkpt>
      <trkpt lat="29.2856731" lon="106.4391092">
      </trkpt>
      <trkpt lat="29.2862132" lon="106.4387436">
      </trkpt>
      <trkpt lat="29.2867113" lon="106.4384426">
      </trkpt>
      <trkpt lat="29.2872414" lon="106.4382092">
      </trkpt>
      <trkpt lat="29.2878083" lon="106.4380253">
      </trkpt>
      <trkpt lat="29.2883874" lon="106.4379044">
      </trkpt>
      <trkpt lat="29.2887794" lon="106.4378609">
      </trkpt>
      <trkpt lat="29.2893415" lon="106.4378576">
      </trkpt>
      <trkpt lat="29.2898776" lon="106.4378992">
      </trkpt>
      <trkpt lat="29.2915023" lon="106.4381421">
      </trkpt>
      <trkpt lat="29.2940132" lon="106.4385153">
      </trkpt>
      <trkpt lat="29.2944056" lon="106.4385556">
      </trkpt>
      <trkpt lat="29.2948128" lon="106.4385802">
      </trkpt>
      <trkpt lat="29.2951611" lon="106.4386003">
      </trkpt>
      <trkpt lat="29.2955467" lon="106.4385827">
      </trkpt>
      <trkpt lat="29.2959912" lon="106.438518">
      </trkpt>
      <trkpt lat="29.2969291" lon="106.4383404">
      </trkpt>
      <trkpt lat="29.2994557" lon="106.4377215">
      </trkpt>
      <trkpt lat="29.2999045" lon="106.4376318">
      </trkpt>
      <trkpt lat="29.3055643" lon="106.4366259">
      </trkpt>
      <trkpt lat="29.3060222" lon="106.4365638">
      </trkpt>
      <trkpt lat="29.3082084" lon="106.4363126">
      </trkpt>
      <trkpt lat="29.3095493" lon="106.4361578">
      </trkpt>
      <trkpt lat="29.3108801" lon="106.4359222">
      </trkpt>
      <trkpt lat="29.3114098" lon="106.4358241">
      </trkpt>
      <trkpt lat="29.3117368" lon="106.4357503">
      </trkpt>
      <trkpt lat="29.3120274" lon="106.4356741">
      </trkpt>
      <trkpt lat="29.312398" lon="106.4355558">
      </trkpt>
      <trkpt lat="29.3127952" lon="106.4353967">
      </trkpt>
      <trkpt lat="29.3132128" lon="106.4351893">
      </trkpt>
      <trkpt lat="29.3134747" lon="106.4350513">
      </trkpt>
      <trkpt lat="29.3143574" lon="106.4345859">
      </trkpt>
      <trkpt lat="29.3148191" lon="106.4343743">
      </trkpt>
      <trkpt lat="29.3152584" lon="106.4341972">
      </trkpt>
      <trkpt lat="29.3156824" lon="106.4340576">
      </trkpt>
      <trkpt lat="29.316904" lon="106.4337301">
      </trkpt>
      <trkpt lat="29.3130083" lon="106.4345571">
      </trkpt>
      <trkpt lat="29.3052957" lon="106.4361142">
      </trkpt>
      <trkpt lat="29.3048439" lon="106.4361987">
      </trkpt>
      <trkpt lat="29.3043895" lon="106.4363073">
      </trkpt>
      <trkpt lat="29.2983274" lon="106.4373742">
      </trkpt>
      <trkpt lat="29.2976788" lon="106.437462">
      </trkpt>
      <trkpt lat="29.2970827" lon="106.4375237">
      </trkpt>
      <trkpt lat="29.2964865" lon="106.4375448">
      </trkpt>
      <trkpt lat="29.2957841" lon="106.4375827">
      </trkpt>
      <trkpt lat="29.2951197" lon="106.4375612">
      </trkpt>
      <trkpt lat="29.2943946" lon="106.437525">
      </trkpt>
      <trkpt lat="29.2936344" lon="106.4374378">
      </trkpt>
      <trkpt lat="29.2928624" lon="106.4373171">
      </trkpt>
      <trkpt lat="29.2921489" lon="106.4371562">
      </trkpt>
      <trkpt lat="29.2914191" lon="106.4369711">
      </trkpt>
      <trkpt lat="29.2907898" lon="106.4367834">
      </trkpt>
      <trkpt lat="29.2900816" lon="106.4365313">
      </trkpt>
      <trkpt lat="29.2889249" lon="106.4361412">
      </trkpt>
      <trkpt lat="29.2868308" lon="106.4353636">
      </trkpt>
      <trkpt lat="29.2863489" lon="106.4352056">
      </trkpt>
      <trkpt lat="29.2857997" lon="106.4350537">
      </trkpt>
      <trkpt lat="29.2852328" lon="106.4349312">
      </trkpt>
      <trkpt lat="29.2846847" lon="106.4348364">
      </trkpt>
      <trkpt lat="29.2841852" lon="106.4347849">
      </trkpt>
      <trkpt lat="29.2836669" lon="106.4347241">
      </trkpt>
      <trkpt lat="29.2787688" lon="106.4341761">
      </trkpt>
      <trkpt lat="29.2780013" lon="106.4341256">
      </trkpt>
      <trkpt lat="29.2772279" lon="106.434096">
      </trkpt>
      <trkpt lat="29.2765964" lon="106.4340949">
      </trkpt>
      <trkpt lat="29.2748956" lon="106.4341285">
      </trkpt>
      <trkpt lat="29.2742688" lon="106.434179">
      </trkpt>
      <trkpt lat="29.2732962" lon="106.4342981">
      </trkpt>
      <trkpt lat="29.2727955" lon="106.4343315">
      </trkpt>
      <trkpt lat="29.2722476" lon="106.4343229">
      </trkpt>
      <trkpt lat="29.2716078" lon="106.4342694">
      </trkpt>
      <trkpt lat="29.2707927" lon="106.4341807">
      </trkpt>
      <trkpt lat="29.2706643" lon="106.4341668">
      </trkpt>
      <trkpt lat="29.2699069" lon="106.4340843">
      </trkpt>
      <trkpt lat="29.2653655" lon="106.43359">
      </trkpt>
      <trkpt lat="29.2648842" lon="106.4335555">
      </trkpt>
      <trkpt lat="29.2644435" lon="106.4335401">
      </trkpt>
      <trkpt lat="29.264025" lon="106.4335496">
      </trkpt>
      <trkpt lat="29.2635946" lon="106.4335782">
      </trkpt>
      <trkpt lat="29.2613411" lon="106.4337745">
      </trkpt>
      <trkpt lat="29.2611649" lon="106.4337898">
      </trkpt>
      <trkpt lat="29.2603506" lon="106.4338765">
      </trkpt>
      <trkpt lat="29.259865" lon="106.4339376">
      </trkpt>
      <trkpt lat="29.2594546" lon="106.4340063">
      </trkpt>
      <trkpt lat="29.2590386" lon="106.4341057">
      </trkpt>
      <trkpt lat="29.2586125" lon="106.4342324">
      </trkpt>
      <trkpt lat="29.2572737" lon="106.4346657">
      </trkpt>
      <trkpt lat="29.2568855" lon="106.4347608">
      </trkpt>
      <trkpt lat="29.2565375" lon="106.4348221">
      </trkpt>
      <trkpt lat="29.2561587" lon="106.434854">
      </trkpt>
      <trkpt lat="29.2557951" lon="106.4348569">
      </trkpt>
      <trkpt lat="29.2553831" lon="106.4348318">
      </trkpt>
      <trkpt lat="29.2538867" lon="106.4346913">
      </trkpt>
      <trkpt lat="29.2522692" lon="106.4345394">
      </trkpt>
      <trkpt lat="29.251881" lon="106.434503">
      </trkpt>
      <trkpt lat="29.2510729" lon="106.4344016">
      </trkpt>
      <trkpt lat="29.2498532" lon="106.4342811">
      </trkpt>
      <trkpt lat="29.2487263" lon="106.4341036">
      </trkpt>
      <trkpt lat="29.2476188" lon="106.4338219">
      </trkpt>
      <trkpt lat="29.2465245" lon="106.4334427">
      </trkpt>
      <trkpt lat="29.2450402" lon="106.4328418">
      </trkpt>
      <trkpt lat="29.2410244" lon="106.4312334">
      </trkpt>
      <trkpt lat="29.2403349" lon="106.431152">
      </trkpt>
      <trkpt lat="29.2396435" lon="106.4311402">
      </trkpt>
      <trkpt lat="29.2339505" lon="106.4314266">
      </trkpt>
      <trkpt lat="29.2252847" lon="106.4320078">
      </trkpt>
      <trkpt lat="29.2243586" lon="106.4319993">
      </trkpt>
      <trkpt lat="29.2234429" lon="106.4318464">
      </trkpt>
      <trkpt lat="29.2224393" lon="106.4316499">
      </trkpt>
      <trkpt lat="29.2191451" lon="106.4310464">
      </trkpt>
      <trkpt lat="29.2185755" lon="106.4308555">
      </trkpt>
      <trkpt lat="29.2180256" lon="106.430621">
      </trkpt>
      <trkpt lat="29.2168629" lon="106.4301881">
      </trkpt>
      <trkpt lat="29.2159683" lon="106.430014">
      </trkpt>
      <trkpt lat="29.2152439" lon="106.4300018">
      </trkpt>
      <trkpt lat="29.2128867" lon="106.4303199">
      </trkpt>
      <trkpt lat="29.2119566" lon="106.4303353">
      </trkpt>
      <trkpt lat="29.2107734" lon="106.4301998">
      </trkpt>
      <trkpt lat="29.2059561" lon="106.4293427">
      </trkpt>
      <trkpt lat="29.2047897" lon="106.4293483">
      </trkpt>
      <trkpt lat="29.204099" lon="106.429536">
      </trkpt>
      <trkpt lat="29.2034589" lon="106.4297659">
      </trkpt>
      <trkpt lat="29.2027598" lon="106.4301127">
      </trkpt>
      <trkpt lat="29.2025003" lon="106.4302925">
      </trkpt>
      <trkpt lat="29.2015103" lon="106.4311342">
      </trkpt>
      <trkpt lat="29.2011545" lon="106.4314532">
      </trkpt>
      <trkpt lat="29.2003656" lon="106.4322063">
      </trkpt>
      <trkpt lat="29.1997391" lon="106.4329949">
      </trkpt>
      <trkpt lat="29.1992155" lon="106.4339158">
      </trkpt>
      <trkpt lat="29.1959331" lon="106.442903">
      </trkpt>
      <trkpt lat="29.1957233" lon="106.4434438">
      </trkpt>
      <trkpt lat="29.1952627" lon="106.4442465">
      </trkpt>
      <trkpt lat="29.1948686" lon="106.4447563">
      </trkpt>
      <trkpt lat="29.1941292" lon="106.4454865">
      </trkpt>
      <trkpt lat="29.1916489" lon="106.4477781">
      </trkpt>
      <trkpt lat="29.1908283" lon="106.4483835">
      </trkpt>
      <trkpt lat="29.1885101" lon="106.4496527">
      </trkpt>
      <trkpt lat="29.187671" lon="106.4500165">
      </trkpt>
      <trkpt lat="29.1868828" lon="106.450205">
      </trkpt>
      <trkpt lat="29.1862916" lon="106.4502688">
      </trkpt>
      <trkpt lat="29.1858373" lon="106.4502555">
      </trkpt>
      <trkpt lat="29.1852368" lon="106.4501679">
      </trkpt>
      <trkpt lat="29.1836419" lon="106.4497643">
      </trkpt>
      <trkpt lat="29.1830855" lon="106.4496713">
      </trkpt>
      <trkpt lat="29.182448" lon="106.4496262">
      </trkpt>
      <trkpt lat="29.1820631" lon="106.4496209">
      </trkpt>
      <trkpt lat="29.1816667" lon="106.449658">
      </trkpt>
      <trkpt lat="29.1816127" lon="106.4496679">
      </trkpt>
      <trkpt lat="29.1809457" lon="106.44982">
      </trkpt>
      <trkpt lat="29.1801899" lon="106.4501094">
      </trkpt>
      <trkpt lat="29.1795142" lon="106.450471">
      </trkpt>
      <trkpt lat="29.1793921" lon="106.4505462">
      </trkpt>
      <trkpt lat="29.1759705" lon="106.4527303">
      </trkpt>
      <trkpt lat="29.1753947" lon="106.4531011">
      </trkpt>
      <trkpt lat="29.1752069" lon="106.4532111">
      </trkpt>
      <trkpt lat="29.1740693" lon="106.4540473">
      </trkpt>
      <trkpt lat="29.173178" lon="106.4546425">
      </trkpt>
      <trkpt lat="29.1722202" lon="106.4553424">
      </trkpt>
      <trkpt lat="29.1695477" lon="106.4573691">
      </trkpt>
      <trkpt lat="29.1692676" lon="106.4576028">
      </trkpt>
      <trkpt lat="29.1652054" lon="106.4607972">
      </trkpt>
      <trkpt lat="29.1642422" lon="106.4614235">
      </trkpt>
      <trkpt lat="29.1638905" lon="106.4616522">
      </trkpt>
      <trkpt lat="29.1637534" lon="106.4617413">
      </trkpt>
      <trkpt lat="29.1634911" lon="106.4618808">
      </trkpt>
      <trkpt lat="29.1581746" lon="106.4648561">
      </trkpt>
      <trkpt lat="29.1570711" lon="106.4655263">
      </trkpt>
      <trkpt lat="29.1557725" lon="106.466469">
      </trkpt>
      <trkpt lat="29.1555777" lon="106.4666182">
      </trkpt>
      <trkpt lat="29.1521758" lon="106.4695252">
      </trkpt>
      <trkpt lat="29.1516773" lon="106.4698996">
      </trkpt>
      <trkpt lat="29.1511833" lon="106.4701785">
      </trkpt>
      <trkpt lat="29.1506847" lon="106.4704121">
      </trkpt>
      <trkpt lat="29.149989" lon="106.4706086">
      </trkpt>
      <trkpt lat="29.1492353" lon="106.4707387">
      </trkpt>
      <trkpt lat="29.1483124" lon="106.4708449">
      </trkpt>
      <trkpt lat="29.1475981" lon="106.4710202">
      </trkpt>
      <trkpt lat="29.1471575" lon="106.4711901">
      </trkpt>
      <trkpt lat="29.1467481" lon="106.4713626">
      </trkpt>
      <trkpt lat="29.1463017" lon="106.4716415">
      </trkpt>
      <trkpt lat="29.1444557" lon="106.4728364">
      </trkpt>
      <trkpt lat="29.1439654" lon="106.4731274">
      </trkpt>
      <trkpt lat="29.1433992" lon="106.4733848">
      </trkpt>
      <trkpt lat="29.1432849" lon="106.4734503">
      </trkpt>
      <trkpt lat="29.1395802" lon="106.4749674">
      </trkpt>
      <trkpt lat="29.1393573" lon="106.475041">
      </trkpt>
      <trkpt lat="29.1384911" lon="106.4754601">
      </trkpt>
      <trkpt lat="29.1368382" lon="106.4763305">
      </trkpt>
      <trkpt lat="29.1354657" lon="106.476987">
      </trkpt>
      <trkpt lat="29.1346831" lon="106.4774214">
      </trkpt>
      <trkpt lat="29.1341467" lon="106.4777644">
      </trkpt>
      <trkpt lat="29.1337153" lon="106.478099">
      </trkpt>
      <trkpt lat="29.1325022" lon="106.4791346">
      </trkpt>
      <trkpt lat="29.1320383" lon="106.4794692">
      </trkpt>
      <trkpt lat="29.1314724" lon="106.4798037">
      </trkpt>
      <trkpt lat="29.1301526" lon="106.4804543">
      </trkpt>
      <trkpt lat="29.129364" lon="106.480826">
      </trkpt>
      <trkpt lat="29.1279445" lon="106.481389">
      </trkpt>
      <trkpt lat="29.1248293" lon="106.4824378">
      </trkpt>
      <trkpt lat="29.1235332" lon="106.482846">
      </trkpt>
      <trkpt lat="29.1212895" lon="106.4836035">
      </trkpt>
      <trkpt lat="29.1207838" lon="106.4838212">
      </trkpt>
      <trkpt lat="29.1202689" lon="106.4841001">
      </trkpt>
      <trkpt lat="29.1197353" lon="106.4844904">
      </trkpt>
      <trkpt lat="29.1192088" lon="106.4849896">
      </trkpt>
      <trkpt lat="29.1187425" lon="106.4855313">
      </trkpt>
      <trkpt lat="29.1183945" lon="106.4860305">
      </trkpt>
      <trkpt lat="29.1178454" lon="106.4870888">
      </trkpt>
      <trkpt lat="29.1173483" lon="106.4879397">
      </trkpt>
      <trkpt lat="29.1168472" lon="106.4887097">
      </trkpt>
      <trkpt lat="29.1126809" lon="106.4939801">
      </trkpt>
      <trkpt lat="29.1121659" lon="106.4945245">
      </trkpt>
      <trkpt lat="29.1115488" lon="106.4949998">
      </trkpt>
      <trkpt lat="29.1112228" lon="106.4951553">
      </trkpt>
      <trkpt lat="29.110716" lon="106.4954512">
      </trkpt>
      <trkpt lat="29.1084703" lon="106.4965638">
      </trkpt>
      <trkpt lat="29.1076073" lon="106.4969116">
      </trkpt>
      <trkpt lat="29.1070806" lon="106.4970789">
      </trkpt>
      <trkpt lat="29.0991738" lon="106.4990279">
      </trkpt>
      <trkpt lat="29.0985496" lon="106.4992032">
      </trkpt>
      <trkpt lat="29.0978536" lon="106.4994395">
      </trkpt>
      <trkpt lat="29.0929787" lon="106.5014841">
      </trkpt>
      <trkpt lat="29.0928975" lon="106.5015069">
      </trkpt>
      <trkpt lat="29.0923477" lon="106.5016911">
      </trkpt>
      <trkpt lat="29.0918766" lon="106.5018585">
      </trkpt>
      <trkpt lat="29.0879276" lon="106.5030142">
      </trkpt>
      <trkpt lat="29.0843422" lon="106.5039479">
      </trkpt>
      <trkpt lat="29.0829613" lon="106.5043143">
      </trkpt>
      <trkpt lat="29.0822513" lon="106.5045639">
      </trkpt>
      <trkpt lat="29.0698062" lon="106.5099267">
      </trkpt>
      <trkpt lat="29.0679116" lon="106.5107787">
      </trkpt>
      <trkpt lat="29.0668537" lon="106.5113054">
      </trkpt>
      <trkpt lat="29.0663455" lon="106.5115268">
      </trkpt>
      <trkpt lat="29.0653401" lon="106.5119647">
      </trkpt>
      <trkpt lat="29.0618888" lon="106.5136084">
      </trkpt>
      <trkpt lat="29.0586393" lon="106.5158043">
      </trkpt>
      <trkpt lat="29.058026" lon="106.516151">
      </trkpt>
      <trkpt lat="29.057575" lon="106.516341">
      </trkpt>
      <trkpt lat="29.055426" lon="106.517101">
      </trkpt>
      <trkpt lat="29.054771" lon="106.517214">
      </trkpt>
      <trkpt lat="29.05248" lon="106.517383">
      </trkpt>
      <trkpt lat="29.052016" lon="106.517483">
      </trkpt>
      <trkpt lat="29.051573" lon="106.517674">
      </trkpt>
      <trkpt lat="29.051166" lon="106.517973">
      </trkpt>
      <trkpt lat="29.050926" lon="106.518224">
      </trkpt>
      <trkpt lat="29.049914" lon="106.519684">
      </trkpt>
      <trkpt lat="29.049051" lon="106.520616">
      </trkpt>
      <trkpt lat="29.046678" lon="106.522376">
      </trkpt>
      <trkpt lat="29.046261" lon="106.522638">
      </trkpt>
      <trkpt lat="29.045654" lon="106.522928">
      </trkpt>
      <trkpt lat="29.04516" lon="106.523063">
      </trkpt>
      <trkpt lat="29.042221" lon="106.52327">
      </trkpt>
      <trkpt lat="29.04176" lon="106.523426">
      </trkpt>
      <trkpt lat="29.041148" lon="106.523766">
      </trkpt>
      <trkpt lat="29.040688" lon="106.524251">
      </trkpt>
      <trkpt lat="29.040341" lon="106.524849">
      </trkpt>
      <trkpt lat="29.0401312" lon="106.5254084">
      </trkpt>
      <trkpt lat="29.0400972" lon="106.5256651">
      </trkpt>
      <trkpt lat="29.040053" lon="106.526248">
      </trkpt>
      <trkpt lat="29.040061" lon="106.526616">
      </trkpt>
      <trkpt lat="29.040208" lon="106.527325">
      </trkpt>
      <trkpt lat="29.04096" lon="106.529001">
      </trkpt>
      <trkpt lat="29.041158" lon="106.529769">
      </trkpt>
      <trkpt lat="29.041196" lon="106.530318">
      </trkpt>
      <trkpt lat="29.041084" lon="106.530993">
      </trkpt>
      <trkpt lat="29.0403712" lon="106.5333747">
      </trkpt>
      <trkpt lat="29.0402947" lon="106.5335769">
      </trkpt>
      <trkpt lat="29.0401845" lon="106.534146">
      </trkpt>
      <trkpt lat="29.040159" lon="106.53452">
      </trkpt>
      <trkpt lat="29.040099" lon="106.53561">
      </trkpt>
      <trkpt lat="29.0401154" lon="106.5365051">
      </trkpt>
      <trkpt lat="29.0401916" lon="106.5370739">
      </trkpt>
      <trkpt lat="29.0403967" lon="106.5383895">
      </trkpt>
      <trkpt lat="29.040866" lon="106.541143">
      </trkpt>
      <trkpt lat="29.041003" lon="106.541636">
      </trkpt>
      <trkpt lat="29.041121" lon="106.541973">
      </trkpt>
      <trkpt lat="29.041361" lon="106.542448">
      </trkpt>
      <trkpt lat="29.04268" lon="106.544786">
      </trkpt>
      <trkpt lat="29.042993" lon="106.545204">
      </trkpt>
      <trkpt lat="29.043349" lon="106.54556">
      </trkpt>
      <trkpt lat="29.043876" lon="106.545888">
      </trkpt>
      <trkpt lat="29.044481" lon="106.54607">
      </trkpt>
      <trkpt lat="29.045131" lon="106.546076">
      </trkpt>
      <trkpt lat="29.04869" lon="106.545553">
      </trkpt>
      <trkpt lat="29.049344" lon="106.545388">
      </trkpt>
      <trkpt lat="29.04979" lon="106.545136">
      </trkpt>
      <trkpt lat="29.050215" lon="106.544815">
      </trkpt>
      <trkpt lat="29.051158" lon="106.543771">
      </trkpt>
      <trkpt lat="29.051669" lon="106.543294">
      </trkpt>
      <trkpt lat="29.052131" lon="106.542998">
      </trkpt>
      <trkpt lat="29.052596" lon="106.542808">
      </trkpt>
      <trkpt lat="29.05325" lon="106.542701">
      </trkpt>
      <trkpt lat="29.05473" lon="106.542739">
      </trkpt>
      <trkpt lat="29.055208" lon="106.542831">
      </trkpt>
      <trkpt lat="29.055664" lon="106.543031">
      </trkpt>
      <trkpt lat="29.056086" lon="106.543315">
      </trkpt>
      <trkpt lat="29.056441" lon="106.5437">
      </trkpt>
      <trkpt lat="29.056743" lon="106.54414">
      </trkpt>
      <trkpt lat="29.056958" lon="106.544663">
      </trkpt>
      <trkpt lat="29.057099" lon="106.545196">
      </trkpt>
      <trkpt lat="29.057171" lon="106.545736">
      </trkpt>
      <trkpt lat="29.0571744" lon="106.5460651">
      </trkpt>
      <trkpt lat="29.0571674" lon="106.5465776">
      </trkpt>
      <trkpt lat="29.057169" lon="106.5468781">
      </trkpt>
      <trkpt lat="29.0571712" lon="106.5472668">
      </trkpt>
      <trkpt lat="29.0571735" lon="106.547854">
      </trkpt>
      <trkpt lat="29.057295" lon="106.548551">
      </trkpt>
      <trkpt lat="29.057446" lon="106.549053">
      </trkpt>
      <trkpt lat="29.057582" lon="106.5495254">
      </trkpt>
      <trkpt lat="29.0579609" lon="106.550099">
      </trkpt>
      <trkpt lat="29.0582305" lon="106.5510378">
      </trkpt>
      <trkpt lat="29.0583198" lon="106.5519034">
      </trkpt>
      <trkpt lat="29.0582679" lon="106.5526239">
      </trkpt>
      <trkpt lat="29.0580384" lon="106.5531896">
      </trkpt>
      <trkpt lat="29.0577654" lon="106.5537082">
      </trkpt>
      <trkpt lat="29.0576957" lon="106.5538179">
      </trkpt>
      <trkpt lat="29.0575659" lon="106.5539732">
      </trkpt>
      <trkpt lat="29.0572281" lon="106.5543114">
      </trkpt>
      <trkpt lat="29.0569601" lon="106.5544844">
      </trkpt>
      <trkpt lat="29.0533501" lon="106.5563044">
      </trkpt>
      <trkpt lat="29.0528131" lon="106.5566314">
      </trkpt>
      <trkpt lat="29.0505761" lon="106.5584374">
      </trkpt>
      <trkpt lat="29.0499751" lon="106.5589954">
      </trkpt>
      <trkpt lat="29.0496001" lon="106.5595144">
      </trkpt>
      <trkpt lat="29.0493851" lon="106.5599624">
      </trkpt>
      <trkpt lat="29.0485231" lon="106.5630444">
      </trkpt>
      <trkpt lat="29.0482951" lon="106.5636644">
      </trkpt>
      <trkpt lat="29.0480651" lon="106.5641094">
      </trkpt>
      <trkpt lat="29.0473251" lon="106.5652224">
      </trkpt>
      <trkpt lat="29.0471081" lon="106.5656894">
      </trkpt>
      <trkpt lat="29.0469601" lon="106.5661994">
      </trkpt>
      <trkpt lat="29.0466981" lon="106.5674389">
      </trkpt>
      <trkpt lat="29.0465358" lon="106.5679574">
      </trkpt>
      <trkpt lat="29.0462858" lon="106.568367">
      </trkpt>
      <trkpt lat="29.0460077" lon="106.5687199">
      </trkpt>
      <trkpt lat="29.045516" lon="106.569181">
      </trkpt>
      <trkpt lat="29.043521" lon="106.570606">
      </trkpt>
      <trkpt lat="29.043106" lon="106.570873">
      </trkpt>
      <trkpt lat="29.04198" lon="106.571428">
      </trkpt>
      <trkpt lat="29.04158" lon="106.571689">
      </trkpt>
      <trkpt lat="29.041334" lon="106.571903">
      </trkpt>
      <trkpt lat="29.040693" lon="106.572645">
      </trkpt>
      <trkpt lat="29.039875" lon="106.573426">
      </trkpt>
      <trkpt lat="29.039169" lon="106.57381">
      </trkpt>
      <trkpt lat="29.038438" lon="106.57399">
      </trkpt>
      <trkpt lat="29.026151" lon="106.57582">
      </trkpt>
      <trkpt lat="29.025379" lon="106.57601">
      </trkpt>
      <trkpt lat="29.024508" lon="106.576368">
      </trkpt>
      <trkpt lat="29.023681" lon="106.576948">
      </trkpt>
      <trkpt lat="29.022438" lon="106.578115">
      </trkpt>
      <trkpt lat="29.022029" lon="106.578424">
      </trkpt>
      <trkpt lat="29.021293" lon="106.578829">
      </trkpt>
      <trkpt lat="29.01951" lon="106.579688">
      </trkpt>
      <trkpt lat="29.019091" lon="106.579966">
      </trkpt>
      <trkpt lat="29.018606" lon="106.58045">
      </trkpt>
      <trkpt lat="29.017975" lon="106.58131">
      </trkpt>
      <trkpt lat="29.01749" lon="106.581833">
      </trkpt>
      <trkpt lat="29.015351" lon="106.583408">
      </trkpt>
      <trkpt lat="29.014681" lon="106.583951">
      </trkpt>
      <trkpt lat="29.01366" lon="106.584623">
      </trkpt>
      <trkpt lat="29.011813" lon="106.585476">
      </trkpt>
      <trkpt lat="29.011261" lon="106.585849">
      </trkpt>
      <trkpt lat="29.010696" lon="106.586521">
      </trkpt>
      <trkpt lat="29.010403" lon="106.587161">
      </trkpt>
      <trkpt lat="29.010273" lon="106.587861">
      </trkpt>
      <trkpt lat="29.010258" lon="106.588408">
      </trkpt>
      <trkpt lat="29.01031" lon="106.588753">
      </trkpt>
      <trkpt lat="29.0103828" lon="106.5891301">
      </trkpt>
      <trkpt lat="29.0109303" lon="106.5904755">
      </trkpt>
      <trkpt lat="29.0142109" lon="106.5983354">
      </trkpt>
      <trkpt lat="29.0146425" lon="106.5992367">
      </trkpt>
      <trkpt lat="29.0155714" lon="106.6003954">
      </trkpt>
      <trkpt lat="29.0172784" lon="106.6024231">
      </trkpt>
      <trkpt lat="29.0183517" lon="106.603672">
      </trkpt>
      <trkpt lat="29.0187983" lon="106.6043543">
      </trkpt>
      <trkpt lat="29.0190648" lon="106.6051955">
      </trkpt>
      <trkpt lat="29.019783" lon="106.607531">
      </trkpt>
      <trkpt lat="29.0199333" lon="106.6080196">
      </trkpt>
      <trkpt lat="29.0199664" lon="106.6081181">
      </trkpt>
      <trkpt lat="29.0200367" lon="106.6084527">
      </trkpt>
      <trkpt lat="29.0204533" lon="106.609487">
      </trkpt>
      <trkpt lat="29.0211851" lon="106.6106243">
      </trkpt>
      <trkpt lat="29.022217" lon="106.6119332">
      </trkpt>
      <trkpt lat="29.0234742" lon="106.6132206">
      </trkpt>
      <trkpt lat="29.0248401" lon="106.6145253">
      </trkpt>
      <trkpt lat="29.0252904" lon="106.6151904">
      </trkpt>
      <trkpt lat="29.0255381" lon="106.6157741">
      </trkpt>
      <trkpt lat="29.025722" lon="106.6165637">
      </trkpt>
      <trkpt lat="29.0257032" lon="106.6173362">
      </trkpt>
      <trkpt lat="29.0256094" lon="106.6183018">
      </trkpt>
      <trkpt lat="29.0256094" lon="106.6192674">
      </trkpt>
      <trkpt lat="29.0257032" lon="106.620233">
      </trkpt>
      <trkpt lat="29.0262135" lon="106.6219754">
      </trkpt>
      <trkpt lat="29.0267351" lon="106.6239452">
      </trkpt>
      <trkpt lat="29.0276357" lon="106.6259193">
      </trkpt>
      <trkpt lat="29.0285213" lon="106.6280479">
      </trkpt>
      <trkpt lat="29.0292155" lon="106.6292924">
      </trkpt>
      <trkpt lat="29.0298497" lon="106.6299104">
      </trkpt>
      <trkpt lat="29.0308253" lon="106.6305112">
      </trkpt>
      <trkpt lat="29.0330767" lon="106.6312408">
      </trkpt>
      <trkpt lat="29.0336434" lon="106.6315105">
      </trkpt>
      <trkpt lat="29.0339826" lon="106.6317673">
      </trkpt>
      <trkpt lat="29.034317" lon="106.6321499">
      </trkpt>
      <trkpt lat="29.0345603" lon="106.6325065">
      </trkpt>
      <trkpt lat="29.0347775" lon="106.633">
      </trkpt>
      <trkpt lat="29.0349549" lon="106.6337408">
      </trkpt>
      <trkpt lat="29.0349528" lon="106.634438">
      </trkpt>
      <trkpt lat="29.0348753" lon="106.6348886">
      </trkpt>
      <trkpt lat="29.0347126" lon="106.6353864">
      </trkpt>
      <trkpt lat="29.0344535" lon="106.6359501">
      </trkpt>
      <trkpt lat="29.0341697" lon="106.6363232">
      </trkpt>
      <trkpt lat="29.0338986" lon="106.6365648">
      </trkpt>
      <trkpt lat="29.0334556" lon="106.6369099">
      </trkpt>
      <trkpt lat="29.0323862" lon="106.6377467">
      </trkpt>
      <trkpt lat="29.0319735" lon="106.6384119">
      </trkpt>
      <trkpt lat="29.031632" lon="106.6393518">
      </trkpt>
      <trkpt lat="29.031557" lon="106.6403603">
      </trkpt>
      <trkpt lat="29.0317446" lon="106.6412615">
      </trkpt>
      <trkpt lat="29.0322887" lon="106.6421413">
      </trkpt>
      <trkpt lat="29.0332267" lon="106.6431069">
      </trkpt>
      <trkpt lat="29.0336359" lon="106.6435652">
      </trkpt>
      <trkpt lat="29.0340748" lon="106.644463">
      </trkpt>
      <trkpt lat="29.0342692" lon="106.6453326">
      </trkpt>
      <trkpt lat="29.0345063" lon="106.6463513">
      </trkpt>
      <trkpt lat="29.0346526" lon="106.6470122">
      </trkpt>
      <trkpt lat="29.034646" lon="106.6473314">
      </trkpt>
      <trkpt lat="29.0346393" lon="106.6475594">
      </trkpt>
      <trkpt lat="29.0345995" lon="106.6478634">
      </trkpt>
      <trkpt lat="29.0344134" lon="106.6485017">
      </trkpt>
      <trkpt lat="29.0341676" lon="106.6490185">
      </trkpt>
      <trkpt lat="29.0336692" lon="106.6497557">
      </trkpt>
      <trkpt lat="29.0325662" lon="106.6512224">
      </trkpt>
      <trkpt lat="29.0323137" lon="106.6515036">
      </trkpt>
      <trkpt lat="29.0319483" lon="106.6518227">
      </trkpt>
      <trkpt lat="29.0316094" lon="106.6520203">
      </trkpt>
      <trkpt lat="29.0300877" lon="106.6525219">
      </trkpt>
      <trkpt lat="29.0299415" lon="106.6525675">
      </trkpt>
      <trkpt lat="29.0296425" lon="106.6526967">
      </trkpt>
      <trkpt lat="29.0289913" lon="106.6530235">
      </trkpt>
      <trkpt lat="29.0278484" lon="106.6537758">
      </trkpt>
      <trkpt lat="29.0274032" lon="106.6541178">
      </trkpt>
      <trkpt lat="29.0268583" lon="106.6546194">
      </trkpt>
      <trkpt lat="29.0262628" lon="106.6552224">
      </trkpt>
      <trkpt lat="29.0241896" lon="106.6574007">
      </trkpt>
      <trkpt lat="29.0237032" lon="106.6579046">
      </trkpt>
      <trkpt lat="29.0233405" lon="106.6582804">
      </trkpt>
      <trkpt lat="29.0225724" lon="106.6589585">
      </trkpt>
      <trkpt lat="29.0219677" lon="106.6594297">
      </trkpt>
      <trkpt lat="29.02127" lon="106.6598704">
      </trkpt>
      <trkpt lat="29.020672" lon="106.6601972">
      </trkpt>
      <trkpt lat="29.0200541" lon="106.6604479">
      </trkpt>
      <trkpt lat="29.0180539" lon="106.6612914">
      </trkpt>
      <trkpt lat="29.0167249" lon="106.6618993">
      </trkpt>
      <trkpt lat="29.0155753" lon="106.662416">
      </trkpt>
      <trkpt lat="29.0125651" lon="106.6636926">
      </trkpt>
      <trkpt lat="29.0117145" lon="106.6640726">
      </trkpt>
      <trkpt lat="29.0112028" lon="106.6642169">
      </trkpt>
      <trkpt lat="29.0107509" lon="106.6642169">
      </trkpt>
      <trkpt lat="29.0101727" lon="106.6641486">
      </trkpt>
      <trkpt lat="29.0095813" lon="106.6638294">
      </trkpt>
      <trkpt lat="29.006737" lon="106.6623172">
      </trkpt>
      <trkpt lat="29.0061456" lon="106.6619981">
      </trkpt>
      <trkpt lat="29.0055875" lon="106.6618538">
      </trkpt>
      <trkpt lat="29.0051091" lon="106.6618158">
      </trkpt>
      <trkpt lat="29.0046373" lon="106.661869">
      </trkpt>
      <trkpt lat="29.0041655" lon="106.6620513">
      </trkpt>
      <trkpt lat="29.003707" lon="106.6623172">
      </trkpt>
      <trkpt lat="29.0033349" lon="106.6626363">
      </trkpt>
      <trkpt lat="29.0030226" lon="106.6630238">
      </trkpt>
      <trkpt lat="29.0027967" lon="106.6633961">
      </trkpt>
      <trkpt lat="29.0026439" lon="106.6637912">
      </trkpt>
      <trkpt lat="29.0023847" lon="106.6647029">
      </trkpt>
      <trkpt lat="29.0022385" lon="106.6651207">
      </trkpt>
      <trkpt lat="29.001986" lon="106.6657285">
      </trkpt>
      <trkpt lat="29.001501" lon="106.6666402">
      </trkpt>
      <trkpt lat="29.0013216" lon="106.6670733">
      </trkpt>
      <trkpt lat="29.0011953" lon="106.6675367">
      </trkpt>
      <trkpt lat="29.0011156" lon="106.6680838">
      </trkpt>
      <trkpt lat="29.0010624" lon="106.6702339">
      </trkpt>
      <trkpt lat="29.0009362" lon="106.6710468">
      </trkpt>
      <trkpt lat="29.0007036" lon="106.6719433">
      </trkpt>
      <trkpt lat="29.0004378" lon="106.6727942">
      </trkpt>
      <trkpt lat="28.9998929" lon="106.674139">
      </trkpt>
      <trkpt lat="28.9995739" lon="106.6746708">
      </trkpt>
      <trkpt lat="28.9990889" lon="106.6751723">
      </trkpt>
      <trkpt lat="28.9987433" lon="106.6754534">
      </trkpt>
      <trkpt lat="28.9978462" lon="106.6760308">
      </trkpt>
      <trkpt lat="28.9973146" lon="106.676441">
      </trkpt>
      <trkpt lat="28.9969624" lon="106.6768893">
      </trkpt>
      <trkpt lat="28.9966501" lon="106.6774591">
      </trkpt>
      <trkpt lat="28.9964109" lon="106.6781809">
      </trkpt>
      <trkpt lat="28.9961318" lon="106.6790014">
      </trkpt>
      <trkpt lat="28.9959391" lon="106.6794117">
      </trkpt>
      <trkpt lat="28.99564" lon="106.6797764">
      </trkpt>
      <trkpt lat="28.9946034" lon="106.6807337">
      </trkpt>
      <trkpt lat="28.9941848" lon="106.681273">
      </trkpt>
      <trkpt lat="28.993919" lon="106.6817972">
      </trkpt>
      <trkpt lat="28.9937795" lon="106.6823593">
      </trkpt>
      <trkpt lat="28.993713" lon="106.6828379">
      </trkpt>
      <trkpt lat="28.993733" lon="106.6833773">
      </trkpt>
      <trkpt lat="28.9938193" lon="106.6839015">
      </trkpt>
      <trkpt lat="28.9939057" lon="106.6842737">
      </trkpt>
      <trkpt lat="28.9957928" lon="106.690898">
      </trkpt>
      <trkpt lat="28.9959495" lon="106.6916497">
      </trkpt>
      <trkpt lat="28.9960026" lon="106.6922118">
      </trkpt>
      <trkpt lat="28.9960292" lon="106.692736">
      </trkpt>
      <trkpt lat="28.9959893" lon="106.6936324">
      </trkpt>
      <trkpt lat="28.9958299" lon="106.6970585">
      </trkpt>
      <trkpt lat="28.9958033" lon="106.6973699">
      </trkpt>
      <trkpt lat="28.9957634" lon="106.697613">
      </trkpt>
      <trkpt lat="28.9956571" lon="106.6980005">
      </trkpt>
      <trkpt lat="28.9954644" lon="106.6984563">
      </trkpt>
      <trkpt lat="28.9950791" lon="106.6991324">
      </trkpt>
      <trkpt lat="28.9938299" lon="106.7011683">
      </trkpt>
      <trkpt lat="28.9935176" lon="106.7016089">
      </trkpt>
      <trkpt lat="28.9932452" lon="106.7019127">
      </trkpt>
      <trkpt lat="28.9929129" lon="106.7021786">
      </trkpt>
      <trkpt lat="28.9924611" lon="106.7023913">
      </trkpt>
      <trkpt lat="28.9919893" lon="106.7025129">
      </trkpt>
      <trkpt lat="28.9915043" lon="106.7025433">
      </trkpt>
      <trkpt lat="28.9910059" lon="106.7024901">
      </trkpt>
      <trkpt lat="28.9888131" lon="106.7022318">
      </trkpt>
      <trkpt lat="28.9880357" lon="106.7021254">
      </trkpt>
      <trkpt lat="28.9853976" lon="106.7015785">
      </trkpt>
      <trkpt lat="28.9835104" lon="106.7012062">
      </trkpt>
      <trkpt lat="28.9829787" lon="106.7009859">
      </trkpt>
      <trkpt lat="28.9826132" lon="106.7007277">
      </trkpt>
      <trkpt lat="28.9823076" lon="106.7004542">
      </trkpt>
      <trkpt lat="28.9819753" lon="106.7000136">
      </trkpt>
      <trkpt lat="28.9817759" lon="106.6996565">
      </trkpt>
      <trkpt lat="28.9815899" lon="106.6991552">
      </trkpt>
      <trkpt lat="28.9815101" lon="106.6986842">
      </trkpt>
      <trkpt lat="28.9813706" lon="106.6972636">
      </trkpt>
      <trkpt lat="28.9812975" lon="106.6968002">
      </trkpt>
      <trkpt lat="28.9811048" lon="106.6962532">
      </trkpt>
      <trkpt lat="28.9800814" lon="106.6939742">
      </trkpt>
      <trkpt lat="28.9798421" lon="106.6935792">
      </trkpt>
      <trkpt lat="28.9795497" lon="106.6932374">
      </trkpt>
      <trkpt lat="28.9791443" lon="106.6929259">
      </trkpt>
      <trkpt lat="28.9787456" lon="106.6926904">
      </trkpt>
      <trkpt lat="28.9783137" lon="106.6925613">
      </trkpt>
      <trkpt lat="28.9779149" lon="106.6925005">
      </trkpt>
      <trkpt lat="28.9774962" lon="106.6925233">
      </trkpt>
      <trkpt lat="28.9761605" lon="106.69266">
      </trkpt>
      <trkpt lat="28.9757019" lon="106.6926372">
      </trkpt>
      <trkpt lat="28.9750839" lon="106.6925689">
      </trkpt>
      <trkpt lat="28.974519" lon="106.6924169">
      </trkpt>
      <trkpt lat="28.9716413" lon="106.691285">
      </trkpt>
      <trkpt lat="28.971103" lon="106.6909964">
      </trkpt>
      <trkpt lat="28.9705713" lon="106.6906393">
      </trkpt>
      <trkpt lat="28.9681255" lon="106.6888921">
      </trkpt>
      <trkpt lat="28.9676135" lon="106.6885805">
      </trkpt>
      <trkpt lat="28.9671128" lon="106.6883501">
      </trkpt>
      <trkpt lat="28.9666078" lon="106.688173">
      </trkpt>
      <trkpt lat="28.966025" lon="106.6880211">
      </trkpt>
      <trkpt lat="28.9645455" lon="106.6876995">
      </trkpt>
      <trkpt lat="28.9641711" lon="106.687649">
      </trkpt>
      <trkpt lat="28.963746" lon="106.6876363">
      </trkpt>
      <trkpt lat="28.9613339" lon="106.6877469">
      </trkpt>
      <trkpt lat="28.9609187" lon="106.6877502">
      </trkpt>
      <trkpt lat="28.9605071" lon="106.6877073">
      </trkpt>
      <trkpt lat="28.9601734" lon="106.687633">
      </trkpt>
      <trkpt lat="28.9598528" lon="106.6874932">
      </trkpt>
      <trkpt lat="28.9596067" lon="106.6873372">
      </trkpt>
      <trkpt lat="28.9593233" lon="106.6871069">
      </trkpt>
      <trkpt lat="28.9589666" lon="106.6867194">
      </trkpt>
      <trkpt lat="28.9583285" lon="106.6860028">
      </trkpt>
      <trkpt lat="28.9580051" lon="106.6857142">
      </trkpt>
      <trkpt lat="28.9576997" lon="106.6855016">
      </trkpt>
      <trkpt lat="28.9573798" lon="106.6853548">
      </trkpt>
      <trkpt lat="28.9571055" lon="106.6852761">
      </trkpt>
      <trkpt lat="28.9567" lon="106.6852154">
      </trkpt>
      <trkpt lat="28.9562592" lon="106.6852104">
      </trkpt>
      <trkpt lat="28.955845" lon="106.6852939">
      </trkpt>
      <trkpt lat="28.9555148" lon="106.6854002">
      </trkpt>
      <trkpt lat="28.9552222" lon="106.6855548">
      </trkpt>
      <trkpt lat="28.9549163" lon="106.6857656">
      </trkpt>
      <trkpt lat="28.9546273" lon="106.6860086">
      </trkpt>
      <trkpt lat="28.9543878" lon="106.6862749">
      </trkpt>
      <trkpt lat="28.9541474" lon="106.6866183">
      </trkpt>
      <trkpt lat="28.9538822" lon="106.6871829">
      </trkpt>
      <trkpt lat="28.9523466" lon="106.6907777">
      </trkpt>
      <trkpt lat="28.9518099" lon="106.6919908">
      </trkpt>
      <trkpt lat="28.9516915" lon="106.6923582">
      </trkpt>
      <trkpt lat="28.9513927" lon="106.6930615">
      </trkpt>
      <trkpt lat="28.950514" lon="106.6950495">
      </trkpt>
      <trkpt lat="28.9503219" lon="106.6956797">
      </trkpt>
      <trkpt lat="28.9501867" lon="106.6964318">
      </trkpt>
      <trkpt lat="28.9501405" lon="106.6969969">
      </trkpt>
      <trkpt lat="28.9501938" lon="106.6980621">
      </trkpt>
      <trkpt lat="28.9503575" lon="106.6988467">
      </trkpt>
      <trkpt lat="28.9517733" lon="106.7019852">
      </trkpt>
      <trkpt lat="28.9523567" lon="106.7032903">
      </trkpt>
      <trkpt lat="28.952531" lon="106.7039123">
      </trkpt>
      <trkpt lat="28.952588" lon="106.7043513">
      </trkpt>
      <trkpt lat="28.9526848" lon="106.7061495">
      </trkpt>
      <trkpt lat="28.9527694" lon="106.7077216">
      </trkpt>
      <trkpt lat="28.9528441" lon="106.7086933">
      </trkpt>
      <trkpt lat="28.9527872" lon="106.7092706">
      </trkpt>
      <trkpt lat="28.9526235" lon="106.7098885">
      </trkpt>
      <trkpt lat="28.952371" lon="106.7104089">
      </trkpt>
      <trkpt lat="28.9511828" lon="106.7121692">
      </trkpt>
      <trkpt lat="28.9508271" lon="106.7126124">
      </trkpt>
      <trkpt lat="28.9504784" lon="106.7129579">
      </trkpt>
      <trkpt lat="28.9500729" lon="106.7132181">
      </trkpt>
      <trkpt lat="28.9497456" lon="106.7133686">
      </trkpt>
      <trkpt lat="28.9494361" lon="106.7134255">
      </trkpt>
      <trkpt lat="28.948753" lon="106.7134661">
      </trkpt>
      <trkpt lat="28.9482191" lon="106.7133832">
      </trkpt>
      <trkpt lat="28.9469919" lon="106.7129397">
      </trkpt>
      <trkpt lat="28.9462416" lon="106.7128555">
      </trkpt>
      <trkpt lat="28.9457253" lon="106.712877">
      </trkpt>
      <trkpt lat="28.9450998" lon="106.7130364">
      </trkpt>
      <trkpt lat="28.9445052" lon="106.7134117">
      </trkpt>
      <trkpt lat="28.944101" lon="106.7138426">
      </trkpt>
      <trkpt lat="28.9437793" lon="106.7143232">
      </trkpt>
      <trkpt lat="28.9435358" lon="106.7148872">
      </trkpt>
      <trkpt lat="28.9434238" lon="106.715538">
      </trkpt>
      <trkpt lat="28.9434044" lon="106.7163413">
      </trkpt>
      <trkpt lat="28.9434674" lon="106.7205007">
      </trkpt>
      <trkpt lat="28.9434491" lon="106.7211573">
      </trkpt>
      <trkpt lat="28.9434006" lon="106.7216395">
      </trkpt>
      <trkpt lat="28.9432913" lon="106.7221472">
      </trkpt>
      <trkpt lat="28.9424211" lon="106.7251516">
      </trkpt>
      <trkpt lat="28.9421289" lon="106.7260946">
      </trkpt>
      <trkpt lat="28.9418869" lon="106.72673">
      </trkpt>
      <trkpt lat="28.9414998" lon="106.7275661">
      </trkpt>
      <trkpt lat="28.9411865" lon="106.7282104">
      </trkpt>
      <trkpt lat="28.9404228" lon="106.729485">
      </trkpt>
      <trkpt lat="28.9401346" lon="106.7299405">
      </trkpt>
      <trkpt lat="28.939714" lon="106.730607">
      </trkpt>
      <trkpt lat="28.939555" lon="106.7308564">
      </trkpt>
      <trkpt lat="28.9386375" lon="106.7323061">
      </trkpt>
      <trkpt lat="28.9379229" lon="106.7336736">
      </trkpt>
      <trkpt lat="28.9374286" lon="106.7348535">
      </trkpt>
      <trkpt lat="28.9371839" lon="106.7355601">
      </trkpt>
      <trkpt lat="28.9369527" lon="106.7364007">
      </trkpt>
      <trkpt lat="28.9360018" lon="106.7405159">
      </trkpt>
      <trkpt lat="28.9357511" lon="106.7416008">
      </trkpt>
      <trkpt lat="28.9352286" lon="106.7438622">
      </trkpt>
      <trkpt lat="28.9350809" lon="106.7444368">
      </trkpt>
      <trkpt lat="28.9349614" lon="106.7450333">
      </trkpt>
      <trkpt lat="28.934868" lon="106.7456513">
      </trkpt>
      <trkpt lat="28.9343935" lon="106.750027">
      </trkpt>
      <trkpt lat="28.9343024" lon="106.7508209">
      </trkpt>
      <trkpt lat="28.9340437" lon="106.7529352">
      </trkpt>
      <trkpt lat="28.9337262" lon="106.7552239">
      </trkpt>
      <trkpt lat="28.9322719" lon="106.7685159">
      </trkpt>
      <trkpt lat="28.9321162" lon="106.7701345">
      </trkpt>
      <trkpt lat="28.9320499" lon="106.7714051">
      </trkpt>
      <trkpt lat="28.9320289" lon="106.7726237">
      </trkpt>
      <trkpt lat="28.9320529" lon="106.7739072">
      </trkpt>
      <trkpt lat="28.9321479" lon="106.7761403">
      </trkpt>
      <trkpt lat="28.932289" lon="106.7780841">
      </trkpt>
      <trkpt lat="28.9326476" lon="106.78264">
      </trkpt>
      <trkpt lat="28.9328177" lon="106.783995">
      </trkpt>
      <trkpt lat="28.9330777" lon="106.7853313">
      </trkpt>
      <trkpt lat="28.9334501" lon="106.7866088">
      </trkpt>
      <trkpt lat="28.9339551" lon="106.7879981">
      </trkpt>
      <trkpt lat="28.9366844" lon="106.7949994">
      </trkpt>
      <trkpt lat="28.936766" lon="106.7952084">
      </trkpt>
      <trkpt lat="28.9372568" lon="106.7964659">
      </trkpt>
      <trkpt lat="28.936766" lon="106.7952084">
      </trkpt>
      <trkpt lat="28.9366844" lon="106.7949994">
      </trkpt>
      <trkpt lat="28.9339551" lon="106.7879981">
      </trkpt>
      <trkpt lat="28.9334501" lon="106.7866088">
      </trkpt>
      <trkpt lat="28.9330777" lon="106.7853313">
      </trkpt>
      <trkpt lat="28.9328177" lon="106.783995">
      </trkpt>
      <trkpt lat="28.9326476" lon="106.78264">
      </trkpt>
      <trkpt lat="28.932289" lon="106.7780841">
      </trkpt>
      <trkpt lat="28.9321479" lon="106.7761403">
      </trkpt>
      <trkpt lat="28.9320529" lon="106.7739072">
      </trkpt>
      <trkpt lat="28.9320289" lon="106.7726237">
      </trkpt>
      <trkpt lat="28.9320499" lon="106.7714051">
      </trkpt>
      <trkpt lat="28.9321162" lon="106.7701345">
      </trkpt>
      <trkpt lat="28.9322719" lon="106.7685159">
      </trkpt>
      <trkpt lat="28.9337262" lon="106.7552239">
      </trkpt>
      <trkpt lat="28.9340437" lon="106.7529352">
      </trkpt>
      <trkpt lat="28.9343024" lon="106.7508209">
      </trkpt>
      <trkpt lat="28.9343935" lon="106.750027">
      </trkpt>
      <trkpt lat="28.934868" lon="106.7456513">
      </trkpt>
      <trkpt lat="28.9349614" lon="106.7450333">
      </trkpt>
      <trkpt lat="28.9350809" lon="106.7444368">
      </trkpt>
      <trkpt lat="28.9352286" lon="106.7438622">
      </trkpt>
      <trkpt lat="28.9357511" lon="106.7416008">
      </trkpt>
      <trkpt lat="28.9360018" lon="106.7405159">
      </trkpt>
      <trkpt lat="28.9369527" lon="106.7364007">
      </trkpt>
      <trkpt lat="28.9371839" lon="106.7355601">
      </trkpt>
      <trkpt lat="28.9374286" lon="106.7348535">
      </trkpt>
      <trkpt lat="28.9379229" lon="106.7336736">
      </trkpt>
      <trkpt lat="28.9386375" lon="106.7323061">
      </trkpt>
      <trkpt lat="28.939555" lon="106.7308564">
      </trkpt>
      <trkpt lat="28.939714" lon="106.730607">
      </trkpt>
      <trkpt lat="28.9401346" lon="106.7299405">
      </trkpt>
      <trkpt lat="28.9404228" lon="106.729485">
      </trkpt>
      <trkpt lat="28.9411865" lon="106.7282104">
      </trkpt>
      <trkpt lat="28.9414998" lon="106.7275661">
      </trkpt>
      <trkpt lat="28.9418869" lon="106.72673">
      </trkpt>
      <trkpt lat="28.9421289" lon="106.7260946">
      </trkpt>
      <trkpt lat="28.9424211" lon="106.7251516">
      </trkpt>
      <trkpt lat="28.9432913" lon="106.7221472">
      </trkpt>
      <trkpt lat="28.9434006" lon="106.7216395">
      </trkpt>
      <trkpt lat="28.9434491" lon="106.7211573">
      </trkpt>
      <trkpt lat="28.9434674" lon="106.7205007">
      </trkpt>
      <trkpt lat="28.9434044" lon="106.7163413">
      </trkpt>
      <trkpt lat="28.9434238" lon="106.715538">
      </trkpt>
      <trkpt lat="28.9435358" lon="106.7148872">
      </trkpt>
      <trkpt lat="28.9437793" lon="106.7143232">
      </trkpt>
      <trkpt lat="28.944101" lon="106.7138426">
      </trkpt>
      <trkpt lat="28.9445052" lon="106.7134117">
      </trkpt>
      <trkpt lat="28.9450998" lon="106.7130364">
      </trkpt>
      <trkpt lat="28.9457253" lon="106.712877">
      </trkpt>
      <trkpt lat="28.9462416" lon="106.7128555">
      </trkpt>
      <trkpt lat="28.9469919" lon="106.7129397">
      </trkpt>
      <trkpt lat="28.9482191" lon="106.7133832">
      </trkpt>
      <trkpt lat="28.948753" lon="106.7134661">
      </trkpt>
      <trkpt lat="28.9494361" lon="106.7134255">
      </trkpt>
      <trkpt lat="28.9497456" lon="106.7133686">
      </trkpt>
      <trkpt lat="28.9500729" lon="106.7132181">
      </trkpt>
      <trkpt lat="28.9504784" lon="106.7129579">
      </trkpt>
      <trkpt lat="28.9508271" lon="106.7126124">
      </trkpt>
      <trkpt lat="28.9511828" lon="106.7121692">
      </trkpt>
      <trkpt lat="28.952371" lon="106.7104089">
      </trkpt>
      <trkpt lat="28.9526235" lon="106.7098885">
      </trkpt>
      <trkpt lat="28.9527872" lon="106.7092706">
      </trkpt>
      <trkpt lat="28.9528441" lon="106.7086933">
      </trkpt>
      <trkpt lat="28.9527694" lon="106.7077216">
      </trkpt>
      <trkpt lat="28.9526848" lon="106.7061495">
      </trkpt>
      <trkpt lat="28.952588" lon="106.7043513">
      </trkpt>
      <trkpt lat="28.952531" lon="106.7039123">
      </trkpt>
      <trkpt lat="28.9523567" lon="106.7032903">
      </trkpt>
      <trkpt lat="28.9517733" lon="106.7019852">
      </trkpt>
      <trkpt lat="28.9503575" lon="106.6988467">
      </trkpt>
      <trkpt lat="28.9501938" lon="106.6980621">
      </trkpt>
      <trkpt lat="28.9501405" lon="106.6969969">
      </trkpt>
      <trkpt lat="28.9501867" lon="106.6964318">
      </trkpt>
      <trkpt lat="28.9503219" lon="106.6956797">
      </trkpt>
      <trkpt lat="28.950514" lon="106.6950495">
      </trkpt>
      <trkpt lat="28.9513927" lon="106.6930615">
      </trkpt>
      <trkpt lat="28.9516915" lon="106.6923582">
      </trkpt>
      <trkpt lat="28.9518099" lon="106.6919908">
      </trkpt>
      <trkpt lat="28.9505883" lon="106.6947523">
      </trkpt>
      <trkpt lat="28.9503799" lon="106.6952992">
      </trkpt>
      <trkpt lat="28.9502213" lon="106.6958869">
      </trkpt>
      <trkpt lat="28.9501308" lon="106.6964743">
      </trkpt>
      <trkpt lat="28.950098" lon="106.697079">
      </trkpt>
      <trkpt lat="28.9501152" lon="106.6976908">
      </trkpt>
      <trkpt lat="28.9501759" lon="106.6982427">
      </trkpt>
      <trkpt lat="28.9502933" lon="106.6987794">
      </trkpt>
      <trkpt lat="28.9504935" lon="106.6993357">
      </trkpt>
      <trkpt lat="28.9506935" lon="106.6998174">
      </trkpt>
      <trkpt lat="28.9516974" lon="106.7020108">
      </trkpt>
      <trkpt lat="28.9523299" lon="106.7033318">
      </trkpt>
      <trkpt lat="28.9524677" lon="106.7038057">
      </trkpt>
      <trkpt lat="28.9525301" lon="106.7043054">
      </trkpt>
      <trkpt lat="28.9525909" lon="106.7054849">
      </trkpt>
      <trkpt lat="28.9526245" lon="106.7061362">
      </trkpt>
      <trkpt lat="28.9527684" lon="106.7082625">
      </trkpt>
      <trkpt lat="28.9527703" lon="106.7087637">
      </trkpt>
      <trkpt lat="28.9527214" lon="106.7092617">
      </trkpt>
      <trkpt lat="28.9525403" lon="106.7099605">
      </trkpt>
      <trkpt lat="28.9522969" lon="106.7104443">
      </trkpt>
      <trkpt lat="28.9511982" lon="106.7120506">
      </trkpt>
      <trkpt lat="28.9507303" lon="106.7126491">
      </trkpt>
      <trkpt lat="28.9503375" lon="106.7129758">
      </trkpt>
      <trkpt lat="28.9499133" lon="106.7132037">
      </trkpt>
      <trkpt lat="28.9495994" lon="106.7133261">
      </trkpt>
      <trkpt lat="28.9490377" lon="106.7134073">
      </trkpt>
      <trkpt lat="28.9485423" lon="106.7133817">
      </trkpt>
      <trkpt lat="28.9482511" lon="106.713306">
      </trkpt>
      <trkpt lat="28.9474457" lon="106.7128643">
      </trkpt>
      <trkpt lat="28.9470372" lon="106.7124707">
      </trkpt>
      <trkpt lat="28.9467178" lon="106.7119975">
      </trkpt>
      <trkpt lat="28.9464849" lon="106.7115278">
      </trkpt>
      <trkpt lat="28.9463399" lon="106.7111292">
      </trkpt>
      <trkpt lat="28.9462223" lon="106.7105272">
      </trkpt>
      <trkpt lat="28.9461798" lon="106.7100517">
      </trkpt>
      <trkpt lat="28.9461417" lon="106.7089348">
      </trkpt>
      <trkpt lat="28.9460748" lon="106.7083085">
      </trkpt>
      <trkpt lat="28.9459314" lon="106.7077282">
      </trkpt>
      <trkpt lat="28.9457162" lon="106.7072333">
      </trkpt>
      <trkpt lat="28.94543" lon="106.706703">
      </trkpt>
      <trkpt lat="28.944751" lon="106.705921">
      </trkpt>
      <trkpt lat="28.944366" lon="106.705538">
      </trkpt>
      <trkpt lat="28.943823" lon="106.705093">
      </trkpt>
      <trkpt lat="28.943118" lon="106.704615">
      </trkpt>
      <trkpt lat="28.942189" lon="106.704196">
      </trkpt>
      <trkpt lat="28.939689" lon="106.703248">
      </trkpt>
      <trkpt lat="28.9376523" lon="106.7021041">
      </trkpt>
      <trkpt lat="28.9372854" lon="106.7018268">
      </trkpt>
      <trkpt lat="28.936882" lon="106.7014287">
      </trkpt>
      <trkpt lat="28.9361513" lon="106.7002326">
      </trkpt>
      <trkpt lat="28.935706" lon="106.6994472">
      </trkpt>
      <trkpt lat="28.9350694" lon="106.6981968">
      </trkpt>
      <trkpt lat="28.9349068" lon="106.697839">
      </trkpt>
      <trkpt lat="28.9347863" lon="106.6975218">
      </trkpt>
      <trkpt lat="28.934695" lon="106.6971643">
      </trkpt>
      <trkpt lat="28.934597" lon="106.6965951">
      </trkpt>
      <trkpt lat="28.9341963" lon="106.6929849">
      </trkpt>
      <trkpt lat="28.934121" lon="106.6925088">
      </trkpt>
      <trkpt lat="28.934049" lon="106.6921979">
      </trkpt>
      <trkpt lat="28.9339366" lon="106.6918561">
      </trkpt>
      <trkpt lat="28.9337974" lon="106.6915187">
      </trkpt>
      <trkpt lat="28.9330244" lon="106.6898905">
      </trkpt>
      <trkpt lat="28.9328276" lon="106.6895462">
      </trkpt>
      <trkpt lat="28.9317389" lon="106.6878663">
      </trkpt>
      <trkpt lat="28.9313239" lon="106.6873185">
      </trkpt>
      <trkpt lat="28.9309278" lon="106.6869453">
      </trkpt>
      <trkpt lat="28.9305567" lon="106.6866553">
      </trkpt>
      <trkpt lat="28.9302577" lon="106.686445">
      </trkpt>
      <trkpt lat="28.926888" lon="106.684493">
      </trkpt>
      <trkpt lat="28.925958" lon="106.684173">
      </trkpt>
      <trkpt lat="28.925331" lon="106.68415">
      </trkpt>
      <trkpt lat="28.924726" lon="106.684213">
      </trkpt>
      <trkpt lat="28.923824" lon="106.684555">
      </trkpt>
      <trkpt lat="28.922873" lon="106.68476">
      </trkpt>
      <trkpt lat="28.921687" lon="106.6848466">
      </trkpt>
      <trkpt lat="28.9186375" lon="106.6850158">
      </trkpt>
      <trkpt lat="28.9177121" lon="106.6851161">
      </trkpt>
      <trkpt lat="28.9170362" lon="106.6851887">
      </trkpt>
      <trkpt lat="28.916406" lon="106.685344">
      </trkpt>
      <trkpt lat="28.915586" lon="106.685676">
      </trkpt>
      <trkpt lat="28.914331" lon="106.6863">
      </trkpt>
      <trkpt lat="28.913766" lon="106.686493">
      </trkpt>
      <trkpt lat="28.913199" lon="106.686565">
      </trkpt>
      <trkpt lat="28.912899" lon="106.686546">
      </trkpt>
      <trkpt lat="28.912024" lon="106.686309">
      </trkpt>
      <trkpt lat="28.911299" lon="106.686048">
      </trkpt>
      <trkpt lat="28.910196" lon="106.685543">
      </trkpt>
      <trkpt lat="28.909621" lon="106.685261">
      </trkpt>
      <trkpt lat="28.907954" lon="106.684296">
      </trkpt>
      <trkpt lat="28.90724" lon="106.683966">
      </trkpt>
      <trkpt lat="28.906483" lon="106.683778">
      </trkpt>
      <trkpt lat="28.9049444" lon="106.6835703">
      </trkpt>
      <trkpt lat="28.9043703" lon="106.6833803">
      </trkpt>
      <trkpt lat="28.9037983" lon="106.6830373">
      </trkpt>
      <trkpt lat="28.9034996" lon="106.6827332">
      </trkpt>
      <trkpt lat="28.9031616" lon="106.6823512">
      </trkpt>
      <trkpt lat="28.9028566" lon="106.6817522">
      </trkpt>
      <trkpt lat="28.9027266" lon="106.6812552">
      </trkpt>
      <trkpt lat="28.902335" lon="106.6789785">
      </trkpt>
      <trkpt lat="28.9021847" lon="106.678328">
      </trkpt>
      <trkpt lat="28.9019738" lon="106.6777857">
      </trkpt>
      <trkpt lat="28.9016197" lon="106.677268">
      </trkpt>
      <trkpt lat="28.9000545" lon="106.6757537">
      </trkpt>
      <trkpt lat="28.8987832" lon="106.6745711">
      </trkpt>
      <trkpt lat="28.8982566" lon="106.674195">
      </trkpt>
      <trkpt lat="28.8976309" lon="106.6740227">
      </trkpt>
      <trkpt lat="28.8969922" lon="106.6741009">
      </trkpt>
      <trkpt lat="28.896529" lon="106.674298">
      </trkpt>
      <trkpt lat="28.895878" lon="106.674643">
      </trkpt>
      <trkpt lat="28.895431" lon="106.67503">
      </trkpt>
      <trkpt lat="28.894168" lon="106.676296">
      </trkpt>
      <trkpt lat="28.893796" lon="106.676618">
      </trkpt>
      <trkpt lat="28.893263" lon="106.676953">
      </trkpt>
      <trkpt lat="28.891694" lon="106.677583">
      </trkpt>
      <trkpt lat="28.889661" lon="106.678263">
      </trkpt>
      <trkpt lat="28.88907" lon="106.678379">
      </trkpt>
      <trkpt lat="28.888024" lon="106.678486">
      </trkpt>
      <trkpt lat="28.881691" lon="106.678988">
      </trkpt>
      <trkpt lat="28.880288" lon="106.679046">
      </trkpt>
      <trkpt lat="28.879833" lon="106.679136">
      </trkpt>
      <trkpt lat="28.879048" lon="106.679483">
      </trkpt>
      <trkpt lat="28.878396" lon="106.679921">
      </trkpt>
      <trkpt lat="28.877883" lon="106.680386">
      </trkpt>
      <trkpt lat="28.877325" lon="106.681065">
      </trkpt>
      <trkpt lat="28.874056" lon="106.686533">
      </trkpt>
      <trkpt lat="28.87377" lon="106.687384">
      </trkpt>
      <trkpt lat="28.873706" lon="106.687936">
      </trkpt>
      <trkpt lat="28.873725" lon="106.688301">
      </trkpt>
      <trkpt lat="28.873846" lon="106.688995">
      </trkpt>
      <trkpt lat="28.874115" lon="106.689675">
      </trkpt>
      <trkpt lat="28.875888" lon="106.692339">
      </trkpt>
      <trkpt lat="28.876041" lon="106.692686">
      </trkpt>
      <trkpt lat="28.876195" lon="106.693221">
      </trkpt>
      <trkpt lat="28.876331" lon="106.694713">
      </trkpt>
      <trkpt lat="28.876553" lon="106.696225">
      </trkpt>
      <trkpt lat="28.876854" lon="106.697095">
      </trkpt>
      <trkpt lat="28.878168" lon="106.698763">
      </trkpt>
      <trkpt lat="28.878813" lon="106.700104">
      </trkpt>
      <trkpt lat="28.879094" lon="106.700549">
      </trkpt>
      <trkpt lat="28.880374" lon="106.702199">
      </trkpt>
      <trkpt lat="28.8816526" lon="106.7037559">
      </trkpt>
      <trkpt lat="28.8824601" lon="106.7049921">
      </trkpt>
      <trkpt lat="28.8827734" lon="106.7056244">
      </trkpt>
      <trkpt lat="28.8829509" lon="106.7062922">
      </trkpt>
      <trkpt lat="28.8829749" lon="106.7066383">
      </trkpt>
      <trkpt lat="28.8829428" lon="106.70762">
      </trkpt>
      <trkpt lat="28.8829215" lon="106.7089442">
      </trkpt>
      <trkpt lat="28.8828928" lon="106.7093465">
      </trkpt>
      <trkpt lat="28.8828464" lon="106.7095927">
      </trkpt>
      <trkpt lat="28.8827226" lon="106.709997">
      </trkpt>
      <trkpt lat="28.8824512" lon="106.7105335">
      </trkpt>
      <trkpt lat="28.8822038" lon="106.7109057">
      </trkpt>
      <trkpt lat="28.8818592" lon="106.7112668">
      </trkpt>
      <trkpt lat="28.8814833" lon="106.7115524">
      </trkpt>
      <trkpt lat="28.880793" lon="106.7118549">
      </trkpt>
      <trkpt lat="28.878731" lon="106.712134">
      </trkpt>
      <trkpt lat="28.8779473" lon="106.7121767">
      </trkpt>
      <trkpt lat="28.8761678" lon="106.7123763">
      </trkpt>
      <trkpt lat="28.875494" lon="106.712526">
      </trkpt>
      <trkpt lat="28.874884" lon="106.71278">
      </trkpt>
      <trkpt lat="28.874296" lon="106.713168">
      </trkpt>
      <trkpt lat="28.873066" lon="106.714381">
      </trkpt>
      <trkpt lat="28.872746" lon="106.714781">
      </trkpt>
      <trkpt lat="28.871536" lon="106.716741">
      </trkpt>
      <trkpt lat="28.871198" lon="106.717076">
      </trkpt>
      <trkpt lat="28.870283" lon="106.717789">
      </trkpt>
      <trkpt lat="28.869888" lon="106.718061">
      </trkpt>
      <trkpt lat="28.869011" lon="106.718521">
      </trkpt>
      <trkpt lat="28.868706" lon="106.718653">
      </trkpt>
      <trkpt lat="28.868239" lon="106.718754">
      </trkpt>
      <trkpt lat="28.867601" lon="106.718786">
      </trkpt>
      <trkpt lat="28.867133" lon="106.718736">
      </trkpt>
      <trkpt lat="28.866226" lon="106.718534">
      </trkpt>
      <trkpt lat="28.865778" lon="106.718504">
      </trkpt>
      <trkpt lat="28.865169" lon="106.718646">
      </trkpt>
      <trkpt lat="28.864884" lon="106.718763">
      </trkpt>
      <trkpt lat="28.864378" lon="106.719146">
      </trkpt>
      <trkpt lat="28.8640553" lon="106.7194431">
      </trkpt>
      <trkpt lat="28.8633349" lon="106.7202843">
      </trkpt>
      <trkpt lat="28.8631279" lon="106.7205657">
      </trkpt>
      <trkpt lat="28.8629822" lon="106.7208117">
      </trkpt>
      <trkpt lat="28.8623769" lon="106.7219107">
      </trkpt>
      <trkpt lat="28.8621476" lon="106.7222336">
      </trkpt>
      <trkpt lat="28.8619404" lon="106.7224554">
      </trkpt>
      <trkpt lat="28.8617421" lon="106.7226126">
      </trkpt>
      <trkpt lat="28.8615019" lon="106.7227649">
      </trkpt>
      <trkpt lat="28.8612415" lon="106.7228873">
      </trkpt>
      <trkpt lat="28.8609189" lon="106.7230021">
      </trkpt>
      <trkpt lat="28.8607307" lon="106.7230509">
      </trkpt>
      <trkpt lat="28.8604405" lon="106.723098">
      </trkpt>
      <trkpt lat="28.8601358" lon="106.7231223">
      </trkpt>
      <trkpt lat="28.8599126" lon="106.7231215">
      </trkpt>
      <trkpt lat="28.8597058" lon="106.7231015">
      </trkpt>
      <trkpt lat="28.8595317" lon="106.7230565">
      </trkpt>
      <trkpt lat="28.8585629" lon="106.722665">
      </trkpt>
      <trkpt lat="28.8576874" lon="106.7223379">
      </trkpt>
      <trkpt lat="28.8566137" lon="106.7220057">
      </trkpt>
      <trkpt lat="28.855683" lon="106.721955">
      </trkpt>
      <trkpt lat="28.8559516" lon="106.7218803">
      </trkpt>
      <trkpt lat="28.855203" lon="106.721973">
      </trkpt>
      <trkpt lat="28.854551" lon="106.722129">
      </trkpt>
      <trkpt lat="28.853518" lon="106.722636">
      </trkpt>
      <trkpt lat="28.852806" lon="106.723058">
      </trkpt>
      <trkpt lat="28.851633" lon="106.723943">
      </trkpt>
      <trkpt lat="28.850741" lon="106.724405">
      </trkpt>
      <trkpt lat="28.84998" lon="106.7247">
      </trkpt>
      <trkpt lat="28.849008" lon="106.724883">
      </trkpt>
      <trkpt lat="28.8479" lon="106.724788">
      </trkpt>
      <trkpt lat="28.846815" lon="106.724816">
      </trkpt>
      <trkpt lat="28.845748" lon="106.72506">
      </trkpt>
      <trkpt lat="28.845123" lon="106.725105">
      </trkpt>
      <trkpt lat="28.844164" lon="106.72537">
      </trkpt>
      <trkpt lat="28.843631" lon="106.725435">
      </trkpt>
      <trkpt lat="28.8432957" lon="106.7253323">
      </trkpt>
      <trkpt lat="28.84303" lon="106.725251">
      </trkpt>
      <trkpt lat="28.8428741" lon="106.7251558">
      </trkpt>
      <trkpt lat="28.841608" lon="106.724383">
      </trkpt>
      <trkpt lat="28.840723" lon="106.723951">
      </trkpt>
      <trkpt lat="28.840166" lon="106.723543">
      </trkpt>
      <trkpt lat="28.839573" lon="106.722905">
      </trkpt>
      <trkpt lat="28.838799" lon="106.72196">
      </trkpt>
      <trkpt lat="28.836306" lon="106.718748">
      </trkpt>
      <trkpt lat="28.835713" lon="106.718116">
      </trkpt>
      <trkpt lat="28.833176" lon="106.715738">
      </trkpt>
      <trkpt lat="28.831485" lon="106.714235">
      </trkpt>
      <trkpt lat="28.828948" lon="106.71251">
      </trkpt>
      <trkpt lat="28.827529" lon="106.71128">
      </trkpt>
      <trkpt lat="28.826971" lon="106.71063">
      </trkpt>
      <trkpt lat="28.8252453" lon="106.7081405">
      </trkpt>
      <trkpt lat="28.824148" lon="106.706273">
      </trkpt>
      <trkpt lat="28.823206" lon="106.704791">
      </trkpt>
      <trkpt lat="28.822665" lon="106.703951">
      </trkpt>
      <trkpt lat="28.821343" lon="106.701918">
      </trkpt>
      <trkpt lat="28.8202865" lon="106.7002073">
      </trkpt>
      <trkpt lat="28.8198589" lon="106.6995192">
      </trkpt>
      <trkpt lat="28.818913" lon="106.698348">
      </trkpt>
      <trkpt lat="28.817706" lon="106.697121">
      </trkpt>
      <trkpt lat="28.815583" lon="106.69593">
      </trkpt>
      <trkpt lat="28.814616" lon="106.695241">
      </trkpt>
      <trkpt lat="28.814278" lon="106.694865">
      </trkpt>
      <trkpt lat="28.813913" lon="106.694245">
      </trkpt>
      <trkpt lat="28.813626" lon="106.693606">
      </trkpt>
      <trkpt lat="28.812731" lon="106.691476">
      </trkpt>
      <trkpt lat="28.812521" lon="106.690766">
      </trkpt>
      <trkpt lat="28.812444" lon="106.690016">
      </trkpt>
      <trkpt lat="28.812518" lon="106.688678">
      </trkpt>
      <trkpt lat="28.812504" lon="106.688103">
      </trkpt>
      <trkpt lat="28.812376" lon="106.686775">
      </trkpt>
      <trkpt lat="28.812238" lon="106.686234">
      </trkpt>
      <trkpt lat="28.812193" lon="106.685858">
      </trkpt>
      <trkpt lat="28.812156" lon="106.685068">
      </trkpt>
      <trkpt lat="28.812005" lon="106.683713">
      </trkpt>
      <trkpt lat="28.811693" lon="106.681816">
      </trkpt>
      <trkpt lat="28.811586" lon="106.680881">
      </trkpt>
      <trkpt lat="28.811605" lon="106.678771">
      </trkpt>
      <trkpt lat="28.811404" lon="106.677838">
      </trkpt>
      <trkpt lat="28.810708" lon="106.675563">
      </trkpt>
      <trkpt lat="28.810396" lon="106.675133">
      </trkpt>
      <trkpt lat="28.810035" lon="106.674744">
      </trkpt>
      <trkpt lat="28.80947" lon="106.674338">
      </trkpt>
      <trkpt lat="28.808989" lon="106.674123">
      </trkpt>
      <trkpt lat="28.808191" lon="106.673971">
      </trkpt>
      <trkpt lat="28.80657" lon="106.673996">
      </trkpt>
      <trkpt lat="28.805605" lon="106.673795">
      </trkpt>
      <trkpt lat="28.804391" lon="106.673348">
      </trkpt>
      <trkpt lat="28.803781" lon="106.673064">
      </trkpt>
      <trkpt lat="28.803366" lon="106.672763">
      </trkpt>
      <trkpt lat="28.802989" lon="106.672414">
      </trkpt>
      <trkpt lat="28.802424" lon="106.671738">
      </trkpt>
      <trkpt lat="28.801645" lon="106.670383">
      </trkpt>
      <trkpt lat="28.801298" lon="106.669583">
      </trkpt>
      <trkpt lat="28.800888" lon="106.668073">
      </trkpt>
      <trkpt lat="28.800536" lon="106.667331">
      </trkpt>
      <trkpt lat="28.8001026" lon="106.6664962">
      </trkpt>
      <trkpt lat="28.7995321" lon="106.6660622">
      </trkpt>
      <trkpt lat="28.7986952" lon="106.6658017">
      </trkpt>
      <trkpt lat="28.7958423" lon="106.6653677">
      </trkpt>
      <trkpt lat="28.7948533" lon="106.6654111">
      </trkpt>
      <trkpt lat="28.793929" lon="106.665994">
      </trkpt>
      <trkpt lat="28.793496" lon="106.666418">
      </trkpt>
      <trkpt lat="28.793019" lon="106.667053">
      </trkpt>
      <trkpt lat="28.791919" lon="106.668811">
      </trkpt>
      <trkpt lat="28.790854" lon="106.670293">
      </trkpt>
      <trkpt lat="28.789925" lon="106.671321">
      </trkpt>
      <trkpt lat="28.78889" lon="106.672228">
      </trkpt>
      <trkpt lat="28.787878" lon="106.672948">
      </trkpt>
      <trkpt lat="28.783448" lon="106.675415">
      </trkpt>
      <trkpt lat="28.782748" lon="106.675685">
      </trkpt>
      <trkpt lat="28.782025" lon="106.67585">
      </trkpt>
      <trkpt lat="28.781586" lon="106.675866">
      </trkpt>
      <trkpt lat="28.780578" lon="106.675781">
      </trkpt>
      <trkpt lat="28.779031" lon="106.67543">
      </trkpt>
      <trkpt lat="28.778193" lon="106.675111">
      </trkpt>
      <trkpt lat="28.777571" lon="106.674706">
      </trkpt>
      <trkpt lat="28.775643" lon="106.672893">
      </trkpt>
      <trkpt lat="28.77505" lon="106.672236">
      </trkpt>
      <trkpt lat="28.774453" lon="106.671395">
      </trkpt>
      <trkpt lat="28.773396" lon="106.669755">
      </trkpt>
      <trkpt lat="28.772294" lon="106.667758">
      </trkpt>
      <trkpt lat="28.7719097" lon="106.6673494">
      </trkpt>
      <trkpt lat="28.7715396" lon="106.6670716">
      </trkpt>
      <trkpt lat="28.7712084" lon="106.666855">
      </trkpt>
      <trkpt lat="28.7707354" lon="106.6667">
      </trkpt>
      <trkpt lat="28.7701569" lon="106.666645">
      </trkpt>
      <trkpt lat="28.7696059" lon="106.6667078">
      </trkpt>
      <trkpt lat="28.7692685" lon="106.6668178">
      </trkpt>
      <trkpt lat="28.7688828" lon="106.6670221">
      </trkpt>
      <trkpt lat="28.7684376" lon="106.6673862">
      </trkpt>
      <trkpt lat="28.768016" lon="106.668014">
      </trkpt>
      <trkpt lat="28.767716" lon="106.668788">
      </trkpt>
      <trkpt lat="28.767506" lon="106.66971">
      </trkpt>
      <trkpt lat="28.767341" lon="106.67098">
      </trkpt>
      <trkpt lat="28.767349" lon="106.671551">
      </trkpt>
      <trkpt lat="28.767511" lon="106.672366">
      </trkpt>
      <trkpt lat="28.767559" lon="106.672851">
      </trkpt>
      <trkpt lat="28.767583" lon="106.674551">
      </trkpt>
      <trkpt lat="28.767413" lon="106.676221">
      </trkpt>
      <trkpt lat="28.767368" lon="106.677348">
      </trkpt>
      <trkpt lat="28.766826" lon="106.681983">
      </trkpt>
      <trkpt lat="28.76679" lon="106.683513">
      </trkpt>
      <trkpt lat="28.766859" lon="106.684468">
      </trkpt>
      <trkpt lat="28.767286" lon="106.687035">
      </trkpt>
      <trkpt lat="28.767463" lon="106.687541">
      </trkpt>
      <trkpt lat="28.767641" lon="106.687871">
      </trkpt>
      <trkpt lat="28.7684891" lon="106.6893701">
      </trkpt>
      <trkpt lat="28.768823" lon="106.6899368">
      </trkpt>
      <trkpt lat="28.7690884" lon="106.6907351">
      </trkpt>
      <trkpt lat="28.7691796" lon="106.6912942">
      </trkpt>
      <trkpt lat="28.769181" lon="106.6916551">
      </trkpt>
      <trkpt lat="28.7691562" lon="106.6919975">
      </trkpt>
      <trkpt lat="28.7689715" lon="106.6926782">
      </trkpt>
      <trkpt lat="28.7686556" lon="106.6932839">
      </trkpt>
      <trkpt lat="28.766591" lon="106.697243">
      </trkpt>
      <trkpt lat="28.766313" lon="106.697693">
      </trkpt>
      <trkpt lat="28.765888" lon="106.698223">
      </trkpt>
      <trkpt lat="28.765403" lon="106.698688">
      </trkpt>
      <trkpt lat="28.765003" lon="106.698991">
      </trkpt>
      <trkpt lat="28.764428" lon="106.699318">
      </trkpt>
      <trkpt lat="28.761793" lon="106.700591">
      </trkpt>
      <trkpt lat="28.7592908" lon="106.7014297">
      </trkpt>
      <trkpt lat="28.7589104" lon="106.7015026">
      </trkpt>
      <trkpt lat="28.758472" lon="106.7015255">
      </trkpt>
      <trkpt lat="28.7545885" lon="106.7014535">
      </trkpt>
      <trkpt lat="28.7541985" lon="106.7014633">
      </trkpt>
      <trkpt lat="28.7538069" lon="106.7015426">
      </trkpt>
      <trkpt lat="28.7534468" lon="106.7016814">
      </trkpt>
      <trkpt lat="28.7530828" lon="106.7019228">
      </trkpt>
      <trkpt lat="28.7528028" lon="106.7021763">
      </trkpt>
      <trkpt lat="28.752485" lon="106.7025466">
      </trkpt>
      <trkpt lat="28.7522785" lon="106.7029055">
      </trkpt>
      <trkpt lat="28.7510557" lon="106.7053805">
      </trkpt>
      <trkpt lat="28.7507997" lon="106.7058775">
      </trkpt>
      <trkpt lat="28.749211" lon="106.70813">
      </trkpt>
      <trkpt lat="28.7484942" lon="106.7090379">
      </trkpt>
      <trkpt lat="28.7483222" lon="106.7092651">
      </trkpt>
      <trkpt lat="28.747803" lon="106.710074">
      </trkpt>
      <trkpt lat="28.747665" lon="106.710468">
      </trkpt>
      <trkpt lat="28.747568" lon="106.710953">
      </trkpt>
      <trkpt lat="28.747533" lon="106.711608">
      </trkpt>
      <trkpt lat="28.747599" lon="106.712071">
      </trkpt>
      <trkpt lat="28.747714" lon="106.712493">
      </trkpt>
      <trkpt lat="28.747941" lon="106.71415">
      </trkpt>
      <trkpt lat="28.747963" lon="106.714808">
      </trkpt>
      <trkpt lat="28.747933" lon="106.715073">
      </trkpt>
      <trkpt lat="28.747771" lon="106.715676">
      </trkpt>
      <trkpt lat="28.747635" lon="106.716024">
      </trkpt>
      <trkpt lat="28.747383" lon="106.716473">
      </trkpt>
      <trkpt lat="28.746955" lon="106.716995">
      </trkpt>
      <trkpt lat="28.746535" lon="106.717321">
      </trkpt>
      <trkpt lat="28.7464219" lon="106.7174326">
      </trkpt>
      <trkpt lat="28.744693" lon="106.718224">
      </trkpt>
      <trkpt lat="28.743853" lon="106.718745">
      </trkpt>
      <trkpt lat="28.743183" lon="106.718984">
      </trkpt>
      <trkpt lat="28.742395" lon="106.719411">
      </trkpt>
      <trkpt lat="28.742103" lon="106.719666">
      </trkpt>
      <trkpt lat="28.741611" lon="106.720438">
      </trkpt>
      <trkpt lat="28.741453" lon="106.720866">
      </trkpt>
      <trkpt lat="28.740974" lon="106.722566">
      </trkpt>
      <trkpt lat="28.740155" lon="106.726385">
      </trkpt>
      <trkpt lat="28.7398" lon="106.728105">
      </trkpt>
      <trkpt lat="28.739608" lon="106.729858">
      </trkpt>
      <trkpt lat="28.739405" lon="106.731023">
      </trkpt>
      <trkpt lat="28.739111" lon="106.732184">
      </trkpt>
      <trkpt lat="28.738785" lon="106.732951">
      </trkpt>
      <trkpt lat="28.738154" lon="106.733893">
      </trkpt>
      <trkpt lat="28.737289" lon="106.735009">
      </trkpt>
      <trkpt lat="28.735376" lon="106.736793">
      </trkpt>
      <trkpt lat="28.73504" lon="106.737176">
      </trkpt>
      <trkpt lat="28.734604" lon="106.737893">
      </trkpt>
      <trkpt lat="28.7343237" lon="106.7384161">
      </trkpt>
      <trkpt lat="28.7338334" lon="106.7392725">
      </trkpt>
      <trkpt lat="28.7322916" lon="106.7415547">
      </trkpt>
      <trkpt lat="28.7293375" lon="106.7447305">
      </trkpt>
      <trkpt lat="28.7251509" lon="106.7492399">
      </trkpt>
      <trkpt lat="28.724254" lon="106.750396">
      </trkpt>
      <trkpt lat="28.724048" lon="106.750804">
      </trkpt>
      <trkpt lat="28.723865" lon="106.751408">
      </trkpt>
      <trkpt lat="28.723726" lon="106.752344">
      </trkpt>
      <trkpt lat="28.723761" lon="106.753158">
      </trkpt>
      <trkpt lat="28.724076" lon="106.755475">
      </trkpt>
      <trkpt lat="28.724016" lon="106.756321">
      </trkpt>
      <trkpt lat="28.723808" lon="106.757096">
      </trkpt>
      <trkpt lat="28.723595" lon="106.757516">
      </trkpt>
      <trkpt lat="28.723415" lon="106.757764">
      </trkpt>
      <trkpt lat="28.720946" lon="106.760324">
      </trkpt>
      <trkpt lat="28.717291" lon="106.764766">
      </trkpt>
      <trkpt lat="28.716651" lon="106.76562">
      </trkpt>
      <trkpt lat="28.714896" lon="106.768361">
      </trkpt>
      <trkpt lat="28.714415" lon="106.768896">
      </trkpt>
      <trkpt lat="28.714064" lon="106.769148">
      </trkpt>
      <trkpt lat="28.713538" lon="106.769391">
      </trkpt>
      <trkpt lat="28.712933" lon="106.769558">
      </trkpt>
      <trkpt lat="28.710993" lon="106.770258">
      </trkpt>
      <trkpt lat="28.71045" lon="106.770409">
      </trkpt>
      <trkpt lat="28.710151" lon="106.770561">
      </trkpt>
      <trkpt lat="28.708833" lon="106.770958">
      </trkpt>
      <trkpt lat="28.708431" lon="106.771278">
      </trkpt>
      <trkpt lat="28.70798" lon="106.771748">
      </trkpt>
      <trkpt lat="28.707433" lon="106.772455">
      </trkpt>
      <trkpt lat="28.706601" lon="106.773744">
      </trkpt>
      <trkpt lat="28.706296" lon="106.77432">
      </trkpt>
      <trkpt lat="28.705941" lon="106.775233">
      </trkpt>
      <trkpt lat="28.705763" lon="106.775906">
      </trkpt>
      <trkpt lat="28.705696" lon="106.77659">
      </trkpt>
      <trkpt lat="28.705766" lon="106.777485">
      </trkpt>
      <trkpt lat="28.7059343" lon="106.7781134">
      </trkpt>
      <trkpt lat="28.7062054" lon="106.7791692">
      </trkpt>
      <trkpt lat="28.7062504" lon="106.7798663">
      </trkpt>
      <trkpt lat="28.7062145" lon="106.7803395">
      </trkpt>
      <trkpt lat="28.706181" lon="106.780543">
      </trkpt>
      <trkpt lat="28.70605" lon="106.781003">
      </trkpt>
      <trkpt lat="28.705623" lon="106.781739">
      </trkpt>
      <trkpt lat="28.705203" lon="106.782201">
      </trkpt>
      <trkpt lat="28.704496" lon="106.782723">
      </trkpt>
      <trkpt lat="28.703961" lon="106.783003">
      </trkpt>
      <trkpt lat="28.703654" lon="106.783106">
      </trkpt>
      <trkpt lat="28.7032497" lon="106.7833215">
      </trkpt>
      <trkpt lat="28.7029632" lon="106.783542">
      </trkpt>
      <trkpt lat="28.7026621" lon="106.7838478">
      </trkpt>
      <trkpt lat="28.7022809" lon="106.7843896">
      </trkpt>
      <trkpt lat="28.7019845" lon="106.7850417">
      </trkpt>
      <trkpt lat="28.701544" lon="106.786335">
      </trkpt>
      <trkpt lat="28.700661" lon="106.787903">
      </trkpt>
      <trkpt lat="28.699991" lon="106.788676">
      </trkpt>
      <trkpt lat="28.698198" lon="106.790006">
      </trkpt>
      <trkpt lat="28.697626" lon="106.790348">
      </trkpt>
      <trkpt lat="28.69676" lon="106.791001">
      </trkpt>
      <trkpt lat="28.695891" lon="106.791383">
      </trkpt>
      <trkpt lat="28.69551" lon="106.7915">
      </trkpt>
      <trkpt lat="28.694996" lon="106.791579">
      </trkpt>
      <trkpt lat="28.6930535" lon="106.7915565">
      </trkpt>
      <trkpt lat="28.69263" lon="106.7915511">
      </trkpt>
      <trkpt lat="28.6922347" lon="106.7916369">
      </trkpt>
      <trkpt lat="28.6910818" lon="106.7920124">
      </trkpt>
      <trkpt lat="28.6902206" lon="106.792345">
      </trkpt>
      <trkpt lat="28.6896747" lon="106.7925113">
      </trkpt>
      <trkpt lat="28.6889594" lon="106.7925918">
      </trkpt>
      <trkpt lat="28.6880794" lon="106.7925864">
      </trkpt>
      <trkpt lat="28.6874065" lon="106.7926133">
      </trkpt>
      <trkpt lat="28.6860982" lon="106.7926186">
      </trkpt>
      <trkpt lat="28.6848135" lon="106.7927313">
      </trkpt>
      <trkpt lat="28.6837452" lon="106.7927527">
      </trkpt>
      <trkpt lat="28.6825545" lon="106.7928386">
      </trkpt>
      <trkpt lat="28.6820886" lon="106.7928225">
      </trkpt>
      <trkpt lat="28.6816039" lon="106.7927045">
      </trkpt>
      <trkpt lat="28.6799379" lon="106.7920768">
      </trkpt>
      <trkpt lat="28.6792649" lon="106.7918247">
      </trkpt>
      <trkpt lat="28.6788649" lon="106.7916369">
      </trkpt>
      <trkpt lat="28.6783424" lon="106.7913258">
      </trkpt>
      <trkpt lat="28.6777259" lon="106.7909235">
      </trkpt>
      <trkpt lat="28.6773871" lon="106.7907518">
      </trkpt>
      <trkpt lat="28.6770435" lon="106.7906392">
      </trkpt>
      <trkpt lat="28.6768035" lon="106.7905962">
      </trkpt>
      <trkpt lat="28.6764505" lon="106.7905801">
      </trkpt>
      <trkpt lat="28.6761585" lon="106.7906652">
      </trkpt>
      <trkpt lat="28.6758151" lon="106.7907894">
      </trkpt>
      <trkpt lat="28.6753492" lon="106.7910683">
      </trkpt>
      <trkpt lat="28.6750598" lon="106.7913214">
      </trkpt>
      <trkpt lat="28.673525" lon="106.793064">
      </trkpt>
      <trkpt lat="28.673351" lon="106.793379">
      </trkpt>
      <trkpt lat="28.673163" lon="106.79387">
      </trkpt>
      <trkpt lat="28.6730815" lon="106.7944751">
      </trkpt>
      <trkpt lat="28.6730706" lon="106.7946093">
      </trkpt>
      <trkpt lat="28.6727433" lon="106.7970755">
      </trkpt>
      <trkpt lat="28.6727022" lon="106.797619">
      </trkpt>
      <trkpt lat="28.672724" lon="106.7978423">
      </trkpt>
      <trkpt lat="28.6727653" lon="106.7981091">
      </trkpt>
      <trkpt lat="28.6728476" lon="106.7984042">
      </trkpt>
      <trkpt lat="28.672914" lon="106.798711">
      </trkpt>
      <trkpt lat="28.6730392" lon="106.7990292">
      </trkpt>
      <trkpt lat="28.673256" lon="106.799336">
      </trkpt>
      <trkpt lat="28.67395" lon="106.800248">
      </trkpt>
      <trkpt lat="28.674195" lon="106.800683">
      </trkpt>
      <trkpt lat="28.674826" lon="106.802364">
      </trkpt>
      <trkpt lat="28.675075" lon="106.803308">
      </trkpt>
      <trkpt lat="28.67507" lon="106.804146">
      </trkpt>
      <trkpt lat="28.6747146" lon="106.8058934">
      </trkpt>
      <trkpt lat="28.6745627" lon="106.807244">
      </trkpt>
      <trkpt lat="28.674561" lon="106.809788">
      </trkpt>
      <trkpt lat="28.6745467" lon="106.810621">
      </trkpt>
      <trkpt lat="28.674396" lon="106.8111582">
      </trkpt>
      <trkpt lat="28.6740665" lon="106.8118157">
      </trkpt>
      <trkpt lat="28.6738584" lon="106.8122435">
      </trkpt>
      <trkpt lat="28.673456" lon="106.8129268">
      </trkpt>
      <trkpt lat="28.673111" lon="106.813721">
      </trkpt>
      <trkpt lat="28.672906" lon="106.814358">
      </trkpt>
      <trkpt lat="28.6727833" lon="106.8148668">
      </trkpt>
      <trkpt lat="28.672708" lon="106.815179">
      </trkpt>
      <trkpt lat="28.672409" lon="106.816981">
      </trkpt>
      <trkpt lat="28.67168" lon="106.820758">
      </trkpt>
      <trkpt lat="28.671541" lon="106.821421">
      </trkpt>
      <trkpt lat="28.6712989" lon="106.8224619">
      </trkpt>
      <trkpt lat="28.6711791" lon="106.8234265">
      </trkpt>
      <trkpt lat="28.6709447" lon="106.8255833">
      </trkpt>
      <trkpt lat="28.6709207" lon="106.8259429">
      </trkpt>
      <trkpt lat="28.6708512" lon="106.8269407">
      </trkpt>
      <trkpt lat="28.6707799" lon="106.8279383">
      </trkpt>
      <trkpt lat="28.6707654" lon="106.8283279">
      </trkpt>
      <trkpt lat="28.6706377" lon="106.8292638">
      </trkpt>
      <trkpt lat="28.6705901" lon="106.8298543">
      </trkpt>
      <trkpt lat="28.6706209" lon="106.8303117">
      </trkpt>
      <trkpt lat="28.6705414" lon="106.8310064">
      </trkpt>
      <trkpt lat="28.6703627" lon="106.8313973">
      </trkpt>
      <trkpt lat="28.6704261" lon="106.8315724">
      </trkpt>
      <trkpt lat="28.6703531" lon="106.8318513">
      </trkpt>
      <trkpt lat="28.6701959" lon="106.8322554">
      </trkpt>
      <trkpt lat="28.669923" lon="106.832763">
      </trkpt>
      <trkpt lat="28.6695224" lon="106.833179">
      </trkpt>
      <trkpt lat="28.6692117" lon="106.8334311">
      </trkpt>
      <trkpt lat="28.6687881" lon="106.8336296">
      </trkpt>
      <trkpt lat="28.6682704" lon="106.8338388">
      </trkpt>
      <trkpt lat="28.6677856" lon="106.8340534">
      </trkpt>
      <trkpt lat="28.6674467" lon="106.8342465">
      </trkpt>
      <trkpt lat="28.6671552" lon="106.8344866">
      </trkpt>
      <trkpt lat="28.666844" lon="106.8347945">
      </trkpt>
      <trkpt lat="28.6661887" lon="106.8357782">
      </trkpt>
      <trkpt lat="28.6657304" lon="106.8365423">
      </trkpt>
      <trkpt lat="28.6655014" lon="106.8370763">
      </trkpt>
      <trkpt lat="28.6654222" lon="106.8374519">
      </trkpt>
      <trkpt lat="28.6653804" lon="106.8379801">
      </trkpt>
      <trkpt lat="28.6654257" lon="106.8383859">
      </trkpt>
      <trkpt lat="28.665591" lon="106.838974">
      </trkpt>
      <trkpt lat="28.665874" lon="106.8395">
      </trkpt>
      <trkpt lat="28.6668301" lon="106.8407482">
      </trkpt>
      <trkpt lat="28.6673196" lon="106.8414563">
      </trkpt>
      <trkpt lat="28.6674843" lon="106.8419766">
      </trkpt>
      <trkpt lat="28.6676409" lon="106.8426351">
      </trkpt>
      <trkpt lat="28.6676961" lon="106.8431273">
      </trkpt>
      <trkpt lat="28.6676903" lon="106.8433486">
      </trkpt>
      <trkpt lat="28.667602" lon="106.8440688">
      </trkpt>
      <trkpt lat="28.6674231" lon="106.8447339">
      </trkpt>
      <trkpt lat="28.6670666" lon="106.8452852">
      </trkpt>
      <trkpt lat="28.6664441" lon="106.845839">
      </trkpt>
      <trkpt lat="28.6651274" lon="106.8467443">
      </trkpt>
      <trkpt lat="28.6645613" lon="106.8471104">
      </trkpt>
      <trkpt lat="28.6641741" lon="106.8474444">
      </trkpt>
      <trkpt lat="28.663261" lon="106.848882">
      </trkpt>
      <trkpt lat="28.6622255" lon="106.8499495">
      </trkpt>
      <trkpt lat="28.660099" lon="106.8509889">
      </trkpt>
      <trkpt lat="28.6590823" lon="106.8516326">
      </trkpt>
      <trkpt lat="28.6584421" lon="106.8521798">
      </trkpt>
      <trkpt lat="28.6577831" lon="106.853317">
      </trkpt>
      <trkpt lat="28.6572499" lon="106.8543752">
      </trkpt>
      <trkpt lat="28.6570664" lon="106.8548901">
      </trkpt>
      <trkpt lat="28.6569534" lon="106.8554534">
      </trkpt>
      <trkpt lat="28.6567757" lon="106.8562567">
      </trkpt>
      <trkpt lat="28.6564086" lon="106.8573028">
      </trkpt>
      <trkpt lat="28.6557119" lon="106.8587351">
      </trkpt>
      <trkpt lat="28.6546687" lon="106.8607783">
      </trkpt>
      <trkpt lat="28.654263" lon="106.861823">
      </trkpt>
      <trkpt lat="28.654093" lon="106.862311">
      </trkpt>
      <trkpt lat="28.653979" lon="106.862821">
      </trkpt>
      <trkpt lat="28.6538701" lon="106.8635966">
      </trkpt>
      <trkpt lat="28.6537736" lon="106.8644898">
      </trkpt>
      <trkpt lat="28.653677" lon="106.8650573">
      </trkpt>
      <trkpt lat="28.65355" lon="106.8654768">
      </trkpt>
      <trkpt lat="28.6533146" lon="106.8659409">
      </trkpt>
      <trkpt lat="28.6531134" lon="106.8662131">
      </trkpt>
      <trkpt lat="28.6528415" lon="106.8664344">
      </trkpt>
      <trkpt lat="28.6525591" lon="106.8666382">
      </trkpt>
      <trkpt lat="28.6523319" lon="106.866712">
      </trkpt>
      <trkpt lat="28.6521495" lon="106.8667482">
      </trkpt>
      <trkpt lat="28.6517482" lon="106.8667549">
      </trkpt>
      <trkpt lat="28.6505295" lon="106.866605">
      </trkpt>
      <trkpt lat="28.6485083" lon="106.8663897">
      </trkpt>
      <trkpt lat="28.6468566" lon="106.8662127">
      </trkpt>
      <trkpt lat="28.645413" lon="106.8659844">
      </trkpt>
      <trkpt lat="28.6441" lon="106.8658412">
      </trkpt>
      <trkpt lat="28.6405165" lon="106.8657182">
      </trkpt>
      <trkpt lat="28.6396079" lon="106.8655251">
      </trkpt>
      <trkpt lat="28.636639" lon="106.864623">
      </trkpt>
      <trkpt lat="28.634228" lon="106.863904">
      </trkpt>
      <trkpt lat="28.633676" lon="106.863815">
      </trkpt>
      <trkpt lat="28.633134" lon="106.863821">
      </trkpt>
      <trkpt lat="28.632493" lon="106.864021">
      </trkpt>
      <trkpt lat="28.631405" lon="106.864636">
      </trkpt>
      <trkpt lat="28.630863" lon="106.864828">
      </trkpt>
      <trkpt lat="28.630316" lon="106.86486">
      </trkpt>
      <trkpt lat="28.628824" lon="106.864783">
      </trkpt>
      <trkpt lat="28.628185" lon="106.864846">
      </trkpt>
      <trkpt lat="28.627758" lon="106.865008">
      </trkpt>
      <trkpt lat="28.627234" lon="106.865368">
      </trkpt>
      <trkpt lat="28.626996" lon="106.865586">
      </trkpt>
      <trkpt lat="28.625691" lon="106.867083">
      </trkpt>
      <trkpt lat="28.624926" lon="106.868119">
      </trkpt>
      <trkpt lat="28.624066" lon="106.869408">
      </trkpt>
      <trkpt lat="28.623795" lon="106.869755">
      </trkpt>
      <trkpt lat="28.623545" lon="106.869988">
      </trkpt>
      <trkpt lat="28.622193" lon="106.870633">
      </trkpt>
      <trkpt lat="28.620848" lon="106.870931">
      </trkpt>
      <trkpt lat="28.620238" lon="106.870996">
      </trkpt>
      <trkpt lat="28.619466" lon="106.870924">
      </trkpt>
      <trkpt lat="28.618418" lon="106.870594">
      </trkpt>
      <trkpt lat="28.617346" lon="106.869998">
      </trkpt>
      <trkpt lat="28.617015" lon="106.869719">
      </trkpt>
      <trkpt lat="28.616461" lon="106.869468">
      </trkpt>
      <trkpt lat="28.616006" lon="106.869343">
      </trkpt>
      <trkpt lat="28.615586" lon="106.869314">
      </trkpt>
      <trkpt lat="28.608615" lon="106.866889">
      </trkpt>
      <trkpt lat="28.607865" lon="106.866716">
      </trkpt>
      <trkpt lat="28.607255" lon="106.866714">
      </trkpt>
      <trkpt lat="28.605116" lon="106.867121">
      </trkpt>
      <trkpt lat="28.604544" lon="106.867319">
      </trkpt>
      <trkpt lat="28.60424" lon="106.867514">
      </trkpt>
      <trkpt lat="28.603863" lon="106.867843">
      </trkpt>
      <trkpt lat="28.602484" lon="106.869541">
      </trkpt>
      <trkpt lat="28.602165" lon="106.869766">
      </trkpt>
      <trkpt lat="28.600993" lon="106.870429">
      </trkpt>
      <trkpt lat="28.600548" lon="106.870849">
      </trkpt>
      <trkpt lat="28.600325" lon="106.870966">
      </trkpt>
      <trkpt lat="28.5998051" lon="106.8716249">
      </trkpt>
      <trkpt lat="28.5992448" lon="106.8722228">
      </trkpt>
      <trkpt lat="28.5972821" lon="106.8744752">
      </trkpt>
      <trkpt lat="28.5968569" lon="106.8748061">
      </trkpt>
      <trkpt lat="28.5962859" lon="106.87512">
      </trkpt>
      <trkpt lat="28.5957188" lon="106.8752213">
      </trkpt>
      <trkpt lat="28.5945485" lon="106.8752925">
      </trkpt>
      <trkpt lat="28.5939393" lon="106.875441">
      </trkpt>
      <trkpt lat="28.5927834" lon="106.8760438">
      </trkpt>
      <trkpt lat="28.592328" lon="106.8762411">
      </trkpt>
      <trkpt lat="28.5918921" lon="106.8762686">
      </trkpt>
      <trkpt lat="28.5911644" lon="106.8762225">
      </trkpt>
      <trkpt lat="28.5895185" lon="106.8756256">
      </trkpt>
      <trkpt lat="28.5884313" lon="106.8753769">
      </trkpt>
      <trkpt lat="28.585968" lon="106.8747763">
      </trkpt>
      <trkpt lat="28.5827826" lon="106.8743076">
      </trkpt>
      <trkpt lat="28.5822655" lon="106.8741446">
      </trkpt>
      <trkpt lat="28.5808414" lon="106.8733112">
      </trkpt>
      <trkpt lat="28.5802865" lon="106.8731295">
      </trkpt>
      <trkpt lat="28.5797243" lon="106.8730658">
      </trkpt>
      <trkpt lat="28.579187" lon="106.8731059">
      </trkpt>
      <trkpt lat="28.5786869" lon="106.8732168">
      </trkpt>
      <trkpt lat="28.5740698" lon="106.87499">
      </trkpt>
      <trkpt lat="28.572735" lon="106.875456">
      </trkpt>
      <trkpt lat="28.571979" lon="106.875591">
      </trkpt>
      <trkpt lat="28.571668" lon="106.875591">
      </trkpt>
      <trkpt lat="28.5713798" lon="106.8755475">
      </trkpt>
      <trkpt lat="28.571074" lon="106.875446">
      </trkpt>
      <trkpt lat="28.568918" lon="106.874483">
      </trkpt>
      <trkpt lat="28.568085" lon="106.874261">
      </trkpt>
      <trkpt lat="28.567384" lon="106.874209">
      </trkpt>
      <trkpt lat="28.5667782" lon="106.8741798">
      </trkpt>
      <trkpt lat="28.5663533" lon="106.8741829">
      </trkpt>
      <trkpt lat="28.5639509" lon="106.8741147">
      </trkpt>
      <trkpt lat="28.5634613" lon="106.8740651">
      </trkpt>
      <trkpt lat="28.5631329" lon="106.8740171">
      </trkpt>
      <trkpt lat="28.5628093" lon="106.8739084">
      </trkpt>
      <trkpt lat="28.5624186" lon="106.8737412">
      </trkpt>
      <trkpt lat="28.5620516" lon="106.8734964">
      </trkpt>
      <trkpt lat="28.5616624" lon="106.8731699">
      </trkpt>
      <trkpt lat="28.5593321" lon="106.8710196">
      </trkpt>
      <trkpt lat="28.5589048" lon="106.870645">
      </trkpt>
      <trkpt lat="28.5582835" lon="106.8702055">
      </trkpt>
      <trkpt lat="28.55754" lon="106.8698176">
      </trkpt>
      <trkpt lat="28.5526046" lon="106.8677875">
      </trkpt>
      <trkpt lat="28.5521761" lon="106.8675526">
      </trkpt>
      <trkpt lat="28.5517762" lon="106.8672666">
      </trkpt>
      <trkpt lat="28.5514294" lon="106.866934">
      </trkpt>
      <trkpt lat="28.550866" lon="106.8662955">
      </trkpt>
      <trkpt lat="28.5505643" lon="106.8659595">
      </trkpt>
      <trkpt lat="28.5502874" lon="106.865706">
      </trkpt>
      <trkpt lat="28.5500014" lon="106.8654827">
      </trkpt>
      <trkpt lat="28.5496752" lon="106.8652631">
      </trkpt>
      <trkpt lat="28.5493389" lon="106.8650653">
      </trkpt>
      <trkpt lat="28.549058" lon="106.8649297">
      </trkpt>
      <trkpt lat="28.5488275" lon="106.8648429">
      </trkpt>
      <trkpt lat="28.5485252" lon="106.8647586">
      </trkpt>
      <trkpt lat="28.5461155" lon="106.8642308">
      </trkpt>
      <trkpt lat="28.5457858" lon="106.8641419">
      </trkpt>
      <trkpt lat="28.5454507" lon="106.8640146">
      </trkpt>
      <trkpt lat="28.5451559" lon="106.8638596">
      </trkpt>
      <trkpt lat="28.5448415" lon="106.8636467">
      </trkpt>
      <trkpt lat="28.5445904" lon="106.8634385">
      </trkpt>
      <trkpt lat="28.5444057" lon="106.8632645">
      </trkpt>
      <trkpt lat="28.5442261" lon="106.8630721">
      </trkpt>
      <trkpt lat="28.5440175" lon="106.8628279">
      </trkpt>
      <trkpt lat="28.5438691" lon="106.8626086">
      </trkpt>
      <trkpt lat="28.5437006" lon="106.862321">
      </trkpt>
      <trkpt lat="28.5430405" lon="106.8609705">
      </trkpt>
      <trkpt lat="28.5428817" lon="106.8606892">
      </trkpt>
      <trkpt lat="28.5427069" lon="106.8604555">
      </trkpt>
      <trkpt lat="28.5424653" lon="106.8601865">
      </trkpt>
      <trkpt lat="28.5421804" lon="106.8599436">
      </trkpt>
      <trkpt lat="28.5418826" lon="106.8597542">
      </trkpt>
      <trkpt lat="28.5415747" lon="106.8596033">
      </trkpt>
      <trkpt lat="28.541342" lon="106.8595153">
      </trkpt>
      <trkpt lat="28.5410631" lon="106.859437">
      </trkpt>
      <trkpt lat="28.540166" lon="106.859225">
      </trkpt>
      <trkpt lat="28.5394559" lon="106.8589909">
      </trkpt>
      <trkpt lat="28.5391272" lon="106.8587452">
      </trkpt>
      <trkpt lat="28.5388218" lon="106.8584625">
      </trkpt>
      <trkpt lat="28.5380615" lon="106.8575448">
      </trkpt>
      <trkpt lat="28.5378799" lon="106.8573562">
      </trkpt>
      <trkpt lat="28.5376868" lon="106.8571915">
      </trkpt>
      <trkpt lat="28.5374912" lon="106.8570561">
      </trkpt>
      <trkpt lat="28.5372945" lon="106.8569308">
      </trkpt>
      <trkpt lat="28.5370892" lon="106.8568271">
      </trkpt>
      <trkpt lat="28.5368477" lon="106.8567375">
      </trkpt>
      <trkpt lat="28.5366138" lon="106.8566801">
      </trkpt>
      <trkpt lat="28.5363644" lon="106.85664">
      </trkpt>
      <trkpt lat="28.536088" lon="106.8566279">
      </trkpt>
      <trkpt lat="28.5357445" lon="106.856657">
      </trkpt>
      <trkpt lat="28.5353774" lon="106.856752">
      </trkpt>
      <trkpt lat="28.5350091" lon="106.8569078">
      </trkpt>
      <trkpt lat="28.5337172" lon="106.8575104">
      </trkpt>
      <trkpt lat="28.533476" lon="106.8575914">
      </trkpt>
      <trkpt lat="28.5330544" lon="106.8576686">
      </trkpt>
      <trkpt lat="28.5328046" lon="106.8576749">
      </trkpt>
      <trkpt lat="28.5325416" lon="106.8576689">
      </trkpt>
      <trkpt lat="28.5322679" lon="106.8576164">
      </trkpt>
      <trkpt lat="28.5320053" lon="106.8575241">
      </trkpt>
      <trkpt lat="28.5317853" lon="106.8574309">
      </trkpt>
      <trkpt lat="28.5307877" lon="106.8569116">
      </trkpt>
      <trkpt lat="28.5305856" lon="106.8568194">
      </trkpt>
      <trkpt lat="28.530412" lon="106.8567615">
      </trkpt>
      <trkpt lat="28.5302033" lon="106.8567131">
      </trkpt>
      <trkpt lat="28.530029" lon="106.8566891">
      </trkpt>
      <trkpt lat="28.5296613" lon="106.8566611">
      </trkpt>
      <trkpt lat="28.5294687" lon="106.8566551">
      </trkpt>
      <trkpt lat="28.5287163" lon="106.8566427">
      </trkpt>
      <trkpt lat="28.5281488" lon="106.8565756">
      </trkpt>
      <trkpt lat="28.5279146" lon="106.8565075">
      </trkpt>
      <trkpt lat="28.5276291" lon="106.8563962">
      </trkpt>
      <trkpt lat="28.5274232" lon="106.8562929">
      </trkpt>
      <trkpt lat="28.5271977" lon="106.8561372">
      </trkpt>
      <trkpt lat="28.5269997" lon="106.8559883">
      </trkpt>
      <trkpt lat="28.5268024" lon="106.8558026">
      </trkpt>
      <trkpt lat="28.5266436" lon="106.8556138">
      </trkpt>
      <trkpt lat="28.5264669" lon="106.8553705">
      </trkpt>
      <trkpt lat="28.525799" lon="106.8543336">
      </trkpt>
      <trkpt lat="28.5255998" lon="106.8540689">
      </trkpt>
      <trkpt lat="28.5254014" lon="106.8538594">
      </trkpt>
      <trkpt lat="28.5251684" lon="106.8536596">
      </trkpt>
      <trkpt lat="28.5249431" lon="106.8535099">
      </trkpt>
      <trkpt lat="28.5246522" lon="106.8533461">
      </trkpt>
      <trkpt lat="28.5238541" lon="106.8529697">
      </trkpt>
      <trkpt lat="28.5236331" lon="106.8528498">
      </trkpt>
      <trkpt lat="28.5233523" lon="106.8526684">
      </trkpt>
      <trkpt lat="28.5232068" lon="106.8525618">
      </trkpt>
      <trkpt lat="28.5230805" lon="106.8524407">
      </trkpt>
      <trkpt lat="28.5229407" lon="106.8522901">
      </trkpt>
      <trkpt lat="28.5227485" lon="106.8520436">
      </trkpt>
      <trkpt lat="28.5225962" lon="106.8518041">
      </trkpt>
      <trkpt lat="28.5224898" lon="106.8515987">
      </trkpt>
      <trkpt lat="28.5224512" lon="106.8515189">
      </trkpt>
      <trkpt lat="28.5223134" lon="106.8511808">
      </trkpt>
      <trkpt lat="28.5219496" lon="106.8501047">
      </trkpt>
      <trkpt lat="28.5218657" lon="106.8498808">
      </trkpt>
      <trkpt lat="28.521777" lon="106.8496678">
      </trkpt>
      <trkpt lat="28.5216377" lon="106.8493952">
      </trkpt>
      <trkpt lat="28.5214905" lon="106.8491512">
      </trkpt>
      <trkpt lat="28.521327" lon="106.8489338">
      </trkpt>
      <trkpt lat="28.5211445" lon="106.8487409">
      </trkpt>
      <trkpt lat="28.520957" lon="106.8485703">
      </trkpt>
      <trkpt lat="28.5207668" lon="106.8484291">
      </trkpt>
      <trkpt lat="28.5205758" lon="106.8483113">
      </trkpt>
      <trkpt lat="28.5203887" lon="106.8482185">
      </trkpt>
      <trkpt lat="28.5201991" lon="106.8481388">
      </trkpt>
      <trkpt lat="28.520003" lon="106.848078">
      </trkpt>
      <trkpt lat="28.5198218" lon="106.8480345">
      </trkpt>
      <trkpt lat="28.5196281" lon="106.8480011">
      </trkpt>
      <trkpt lat="28.519391" lon="106.847979">
      </trkpt>
      <trkpt lat="28.5185765" lon="106.8479544">
      </trkpt>
      <trkpt lat="28.5184153" lon="106.8479417">
      </trkpt>
      <trkpt lat="28.5182469" lon="106.8479165">
      </trkpt>
      <trkpt lat="28.5181594" lon="106.8478995">
      </trkpt>
      <trkpt lat="28.5179724" lon="106.8478499">
      </trkpt>
      <trkpt lat="28.5177255" lon="106.847762">
      </trkpt>
      <trkpt lat="28.5147848" lon="106.8465739">
      </trkpt>
      <trkpt lat="28.514554" lon="106.8464674">
      </trkpt>
      <trkpt lat="28.5143144" lon="106.8463367">
      </trkpt>
      <trkpt lat="28.5140931" lon="106.8461887">
      </trkpt>
      <trkpt lat="28.513935" lon="106.8460489">
      </trkpt>
      <trkpt lat="28.513754" lon="106.8458712">
      </trkpt>
      <trkpt lat="28.5128944" lon="106.844783">
      </trkpt>
      <trkpt lat="28.5126968" lon="106.8445834">
      </trkpt>
      <trkpt lat="28.512504" lon="106.8444287">
      </trkpt>
      <trkpt lat="28.5123217" lon="106.8443017">
      </trkpt>
      <trkpt lat="28.5122266" lon="106.8442431">
      </trkpt>
      <trkpt lat="28.5120463" lon="106.844149">
      </trkpt>
      <trkpt lat="28.511641" lon="106.843988">
      </trkpt>
      <trkpt lat="28.511153" lon="106.843886">
      </trkpt>
      <trkpt lat="28.510087" lon="106.8438286">
      </trkpt>
      <trkpt lat="28.5098454" lon="106.8437916">
      </trkpt>
      <trkpt lat="28.5096197" lon="106.8437392">
      </trkpt>
      <trkpt lat="28.5093923" lon="106.8436632">
      </trkpt>
      <trkpt lat="28.5091947" lon="106.8435818">
      </trkpt>
      <trkpt lat="28.509001" lon="106.8434727">
      </trkpt>
      <trkpt lat="28.5088266" lon="106.8433633">
      </trkpt>
      <trkpt lat="28.508645" lon="106.8432305">
      </trkpt>
      <trkpt lat="28.5075173" lon="106.8422407">
      </trkpt>
      <trkpt lat="28.5073029" lon="106.8420312">
      </trkpt>
      <trkpt lat="28.5071066" lon="106.841802">
      </trkpt>
      <trkpt lat="28.506993" lon="106.841638">
      </trkpt>
      <trkpt lat="28.5068846" lon="106.841463">
      </trkpt>
      <trkpt lat="28.5067604" lon="106.8412336">
      </trkpt>
      <trkpt lat="28.5065847" lon="106.8408903">
      </trkpt>
      <trkpt lat="28.5061899" lon="106.8400882">
      </trkpt>
      <trkpt lat="28.5060217" lon="106.8398085">
      </trkpt>
      <trkpt lat="28.5058594" lon="106.8395815">
      </trkpt>
      <trkpt lat="28.5056974" lon="106.8393863">
      </trkpt>
      <trkpt lat="28.505499" lon="106.8391801">
      </trkpt>
      <trkpt lat="28.5052967" lon="106.8390181">
      </trkpt>
      <trkpt lat="28.5050599" lon="106.8388597">
      </trkpt>
      <trkpt lat="28.5045955" lon="106.8386308">
      </trkpt>
      <trkpt lat="28.5037035" lon="106.8381934">
      </trkpt>
      <trkpt lat="28.5014971" lon="106.837099">
      </trkpt>
      <trkpt lat="28.5005219" lon="106.8366153">
      </trkpt>
      <trkpt lat="28.4997591" lon="106.836237">
      </trkpt>
      <trkpt lat="28.4987726" lon="106.8357601">
      </trkpt>
      <trkpt lat="28.498243" lon="106.8355168">
      </trkpt>
      <trkpt lat="28.4981079" lon="106.8354548">
      </trkpt>
      <trkpt lat="28.4952937" lon="106.8340579">
      </trkpt>
      <trkpt lat="28.4949778" lon="106.8339285">
      </trkpt>
      <trkpt lat="28.4945883" lon="106.833791">
      </trkpt>
      <trkpt lat="28.4943997" lon="106.8337329">
      </trkpt>
      <trkpt lat="28.494062" lon="106.8336385">
      </trkpt>
      <trkpt lat="28.493679" lon="106.833568">
      </trkpt>
      <trkpt lat="28.4905308" lon="106.8331575">
      </trkpt>
      <trkpt lat="28.4899668" lon="106.8330625">
      </trkpt>
      <trkpt lat="28.4898784" lon="106.833047">
      </trkpt>
      <trkpt lat="28.4890208" lon="106.8329242">
      </trkpt>
      <trkpt lat="28.4887189" lon="106.8328481">
      </trkpt>
      <trkpt lat="28.4884238" lon="106.8327274">
      </trkpt>
      <trkpt lat="28.4881137" lon="106.8325677">
      </trkpt>
      <trkpt lat="28.4878372" lon="106.8323623">
      </trkpt>
      <trkpt lat="28.4870483" lon="106.8316476">
      </trkpt>
      <trkpt lat="28.4867713" lon="106.8314378">
      </trkpt>
      <trkpt lat="28.4864731" lon="106.8312592">
      </trkpt>
      <trkpt lat="28.486154" lon="106.831128">
      </trkpt>
      <trkpt lat="28.4858964" lon="106.8310521">
      </trkpt>
      <trkpt lat="28.4856402" lon="106.8310063">
      </trkpt>
      <trkpt lat="28.4852558" lon="106.8310162">
      </trkpt>
      <trkpt lat="28.484908" lon="106.8310602">
      </trkpt>
      <trkpt lat="28.4846221" lon="106.8311337">
      </trkpt>
      <trkpt lat="28.4843076" lon="106.8312583">
      </trkpt>
      <trkpt lat="28.4840613" lon="106.8313948">
      </trkpt>
      <trkpt lat="28.483775" lon="106.8315976">
      </trkpt>
      <trkpt lat="28.4827629" lon="106.8325476">
      </trkpt>
      <trkpt lat="28.482563" lon="106.8326952">
      </trkpt>
      <trkpt lat="28.4823246" lon="106.8328305">
      </trkpt>
      <trkpt lat="28.4821184" lon="106.8329311">
      </trkpt>
      <trkpt lat="28.4818409" lon="106.8330133">
      </trkpt>
      <trkpt lat="28.4814894" lon="106.8330908">
      </trkpt>
      <trkpt lat="28.4812" lon="106.8331092">
      </trkpt>
      <trkpt lat="28.4809196" lon="106.8330966">
      </trkpt>
      <trkpt lat="28.480629" lon="106.8330417">
      </trkpt>
      <trkpt lat="28.4803588" lon="106.8329552">
      </trkpt>
      <trkpt lat="28.4801364" lon="106.8328569">
      </trkpt>
      <trkpt lat="28.4798811" lon="106.8327006">
      </trkpt>
      <trkpt lat="28.4796262" lon="106.8325209">
      </trkpt>
      <trkpt lat="28.479219" lon="106.8321731">
      </trkpt>
      <trkpt lat="28.4783642" lon="106.8313465">
      </trkpt>
      <trkpt lat="28.4779698" lon="106.8310587">
      </trkpt>
      <trkpt lat="28.4774576" lon="106.8307379">
      </trkpt>
      <trkpt lat="28.4769604" lon="106.8304683">
      </trkpt>
      <trkpt lat="28.476404" lon="106.8302567">
      </trkpt>
      <trkpt lat="28.4759478" lon="106.8301346">
      </trkpt>
      <trkpt lat="28.475348" lon="106.8301291">
      </trkpt>
      <trkpt lat="28.4747451" lon="106.8302821">
      </trkpt>
      <trkpt lat="28.4741358" lon="106.8305767">
      </trkpt>
      <trkpt lat="28.4735639" lon="106.8310639">
      </trkpt>
      <trkpt lat="28.4730108" lon="106.8318212">
      </trkpt>
      <trkpt lat="28.4726751" lon="106.8326118">
      </trkpt>
      <trkpt lat="28.4724962" lon="106.8334334">
      </trkpt>
      <trkpt lat="28.4722985" lon="106.8344102">
      </trkpt>
      <trkpt lat="28.4721933" lon="106.8349367">
      </trkpt>
      <trkpt lat="28.4716737" lon="106.838049">
      </trkpt>
      <trkpt lat="28.4715621" lon="106.8387376">
      </trkpt>
      <trkpt lat="28.4714411" lon="106.8392458">
      </trkpt>
      <trkpt lat="28.471254" lon="106.839688">
      </trkpt>
      <trkpt lat="28.47083" lon="106.840208">
      </trkpt>
      <trkpt lat="28.470463" lon="106.840523">
      </trkpt>
      <trkpt lat="28.470073" lon="106.840748">
      </trkpt>
      <trkpt lat="28.4674953" lon="106.8416228">
      </trkpt>
      <trkpt lat="28.4672923" lon="106.8416712">
      </trkpt>
      <trkpt lat="28.4659201" lon="106.8419086">
      </trkpt>
      <trkpt lat="28.4648975" lon="106.8420487">
      </trkpt>
      <trkpt lat="28.4639314" lon="106.842098">
      </trkpt>
      <trkpt lat="28.454395" lon="106.842057">
      </trkpt>
      <trkpt lat="28.4537036" lon="106.8421043">
      </trkpt>
      <trkpt lat="28.4529838" lon="106.8422417">
      </trkpt>
      <trkpt lat="28.4522849" lon="106.8424723">
      </trkpt>
      <trkpt lat="28.4518444" lon="106.8426756">
      </trkpt>
      <trkpt lat="28.4501314" lon="106.8436033">
      </trkpt>
      <trkpt lat="28.4497523" lon="106.8438434">
      </trkpt>
      <trkpt lat="28.4484015" lon="106.8449128">
      </trkpt>
      <trkpt lat="28.4479036" lon="106.8452955">
      </trkpt>
      <trkpt lat="28.4475697" lon="106.8455309">
      </trkpt>
      <trkpt lat="28.4471721" lon="106.8457963">
      </trkpt>
      <trkpt lat="28.4467057" lon="106.845985">
      </trkpt>
      <trkpt lat="28.4461922" lon="106.8460769">
      </trkpt>
      <trkpt lat="28.4457174" lon="106.8460474">
      </trkpt>
      <trkpt lat="28.44521" lon="106.8458669">
      </trkpt>
      <trkpt lat="28.4447943" lon="106.84563">
      </trkpt>
      <trkpt lat="28.4441723" lon="106.8452441">
      </trkpt>
      <trkpt lat="28.4437644" lon="106.8449627">
      </trkpt>
      <trkpt lat="28.4434305" lon="106.8447064">
      </trkpt>
      <trkpt lat="28.4430671" lon="106.8443503">
      </trkpt>
      <trkpt lat="28.4428177" lon="106.8440782">
      </trkpt>
      <trkpt lat="28.4420331" lon="106.8430099">
      </trkpt>
      <trkpt lat="28.4418192" lon="106.8427369">
      </trkpt>
      <trkpt lat="28.441579" lon="106.8425073">
      </trkpt>
      <trkpt lat="28.4413374" lon="106.8423182">
      </trkpt>
      <trkpt lat="28.4401585" lon="106.8415194">
      </trkpt>
      <trkpt lat="28.437979" lon="106.840229">
      </trkpt>
      <trkpt lat="28.437536" lon="106.83997">
      </trkpt>
      <trkpt lat="28.436926" lon="106.839734">
      </trkpt>
      <trkpt lat="28.4364054" lon="106.8395902">
      </trkpt>
      <trkpt lat="28.435886" lon="106.839558">
      </trkpt>
      <trkpt lat="28.435204" lon="106.839566">
      </trkpt>
      <trkpt lat="28.4300724" lon="106.8401182">
      </trkpt>
      <trkpt lat="28.4294777" lon="106.8401541">
      </trkpt>
      <trkpt lat="28.4289679" lon="106.8402731">
      </trkpt>
      <trkpt lat="28.4285252" lon="106.840471">
      </trkpt>
      <trkpt lat="28.4282195" lon="106.8406511">
      </trkpt>
      <trkpt lat="28.4269083" lon="106.8416953">
      </trkpt>
      <trkpt lat="28.4265749" lon="106.8419404">
      </trkpt>
      <trkpt lat="28.4262944" lon="106.8421018">
      </trkpt>
      <trkpt lat="28.4259932" lon="106.8422046">
      </trkpt>
      <trkpt lat="28.4256197" lon="106.8423011">
      </trkpt>
      <trkpt lat="28.4252189" lon="106.8423752">
      </trkpt>
      <trkpt lat="28.4248325" lon="106.8424388">
      </trkpt>
      <trkpt lat="28.4244764" lon="106.8424907">
      </trkpt>
      <trkpt lat="28.424189" lon="106.8425329">
      </trkpt>
      <trkpt lat="28.423856" lon="106.8425515">
      </trkpt>
      <trkpt lat="28.4235019" lon="106.8425553">
      </trkpt>
      <trkpt lat="28.42308" lon="106.8424933">
      </trkpt>
      <trkpt lat="28.4227938" lon="106.8424036">
      </trkpt>
      <trkpt lat="28.4224723" lon="106.8422677">
      </trkpt>
      <trkpt lat="28.4221436" lon="106.8420318">
      </trkpt>
      <trkpt lat="28.4188239" lon="106.8393551">
      </trkpt>
      <trkpt lat="28.4185157" lon="106.8391224">
      </trkpt>
      <trkpt lat="28.4181547" lon="106.8389159">
      </trkpt>
      <trkpt lat="28.4177468" lon="106.8387422">
      </trkpt>
      <trkpt lat="28.4164667" lon="106.8385767">
      </trkpt>
      <trkpt lat="28.4160668" lon="106.8384806">
      </trkpt>
      <trkpt lat="28.4158213" lon="106.8383914">
      </trkpt>
      <trkpt lat="28.4155947" lon="106.838278">
      </trkpt>
      <trkpt lat="28.4153365" lon="106.8381147">
      </trkpt>
      <trkpt lat="28.414977" lon="106.8378474">
      </trkpt>
      <trkpt lat="28.4141612" lon="106.8371088">
      </trkpt>
      <trkpt lat="28.4139492" lon="106.8369225">
      </trkpt>
      <trkpt lat="28.4137778" lon="106.8367748">
      </trkpt>
      <trkpt lat="28.4136377" lon="106.8366689">
      </trkpt>
      <trkpt lat="28.4133941" lon="106.8365361">
      </trkpt>
      <trkpt lat="28.4131447" lon="106.8364529">
      </trkpt>
      <trkpt lat="28.412845" lon="106.8363626">
      </trkpt>
      <trkpt lat="28.4121617" lon="106.8362804">
      </trkpt>
      <trkpt lat="28.411957" lon="106.8362618">
      </trkpt>
      <trkpt lat="28.4104506" lon="106.836125">
      </trkpt>
      <trkpt lat="28.4101139" lon="106.8360661">
      </trkpt>
      <trkpt lat="28.4096861" lon="106.8360698">
      </trkpt>
      <trkpt lat="28.4094017" lon="106.8361079">
      </trkpt>
      <trkpt lat="28.4091479" lon="106.836171">
      </trkpt>
      <trkpt lat="28.406402" lon="106.8372483">
      </trkpt>
      <trkpt lat="28.4061557" lon="106.8373538">
      </trkpt>
      <trkpt lat="28.4058847" lon="106.8374899">
      </trkpt>
      <trkpt lat="28.4056422" lon="106.8376264">
      </trkpt>
      <trkpt lat="28.4053579" lon="106.8378168">
      </trkpt>
      <trkpt lat="28.4047389" lon="106.8382237">
      </trkpt>
      <trkpt lat="28.403854" lon="106.8388613">
      </trkpt>
      <trkpt lat="28.4036532" lon="106.8390246">
      </trkpt>
      <trkpt lat="28.4034117" lon="106.839261">
      </trkpt>
      <trkpt lat="28.4031332" lon="106.8395581">
      </trkpt>
      <trkpt lat="28.4029508" lon="106.8398118">
      </trkpt>
      <trkpt lat="28.401479" lon="106.8418">
      </trkpt>
      <trkpt lat="28.4012588" lon="106.8421056">
      </trkpt>
      <trkpt lat="28.4010652" lon="106.842463">
      </trkpt>
      <trkpt lat="28.40089" lon="106.8428423">
      </trkpt>
      <trkpt lat="28.3990367" lon="106.8470937">
      </trkpt>
      <trkpt lat="28.398822" lon="106.8475026">
      </trkpt>
      <trkpt lat="28.3986314" lon="106.8478394">
      </trkpt>
      <trkpt lat="28.39837" lon="106.8482339">
      </trkpt>
      <trkpt lat="28.398075" lon="106.8485752">
      </trkpt>
      <trkpt lat="28.397799" lon="106.8488679">
      </trkpt>
      <trkpt lat="28.3974296" lon="106.8491612">
      </trkpt>
      <trkpt lat="28.3971007" lon="106.8493779">
      </trkpt>
      <trkpt lat="28.396731" lon="106.849508">
      </trkpt>
      <trkpt lat="28.3961958" lon="106.8497025">
      </trkpt>
      <trkpt lat="28.395623" lon="106.849828">
      </trkpt>
      <trkpt lat="28.395109" lon="106.849888">
      </trkpt>
      <trkpt lat="28.3946764" lon="106.8499006">
      </trkpt>
      <trkpt lat="28.39147" lon="106.8494134">
      </trkpt>
      <trkpt lat="28.3914006" lon="106.8494028">
      </trkpt>
      <trkpt lat="28.390941" lon="106.849291">
      </trkpt>
      <trkpt lat="28.3906742" lon="106.849219">
      </trkpt>
      <trkpt lat="28.3904324" lon="106.8490994">
      </trkpt>
      <trkpt lat="28.390124" lon="106.8489025">
      </trkpt>
      <trkpt lat="28.3898678" lon="106.8486627">
      </trkpt>
      <trkpt lat="28.3897023" lon="106.8484506">
      </trkpt>
      <trkpt lat="28.3895291" lon="106.8481753">
      </trkpt>
      <trkpt lat="28.3893998" lon="106.8478828">
      </trkpt>
      <trkpt lat="28.3893031" lon="106.8475863">
      </trkpt>
      <trkpt lat="28.3892321" lon="106.8472371">
      </trkpt>
      <trkpt lat="28.3892051" lon="106.8469708">
      </trkpt>
      <trkpt lat="28.3892045" lon="106.8467064">
      </trkpt>
      <trkpt lat="28.389226" lon="106.8464449">
      </trkpt>
      <trkpt lat="28.3892611" lon="106.8462005">
      </trkpt>
      <trkpt lat="28.3893034" lon="106.8460324">
      </trkpt>
      <trkpt lat="28.3893619" lon="106.845868">
      </trkpt>
      <trkpt lat="28.3894331" lon="106.8456969">
      </trkpt>
      <trkpt lat="28.3895381" lon="106.8455022">
      </trkpt>
      <trkpt lat="28.3899563" lon="106.8445899">
      </trkpt>
      <trkpt lat="28.390073" lon="106.8443">
      </trkpt>
      <trkpt lat="28.3901302" lon="106.8440845">
      </trkpt>
      <trkpt lat="28.3901867" lon="106.8438046">
      </trkpt>
      <trkpt lat="28.3902136" lon="106.8435124">
      </trkpt>
      <trkpt lat="28.3902118" lon="106.8431406">
      </trkpt>
      <trkpt lat="28.3901831" lon="106.8428269">
      </trkpt>
      <trkpt lat="28.3901259" lon="106.8425135">
      </trkpt>
      <trkpt lat="28.3900562" lon="106.8422632">
      </trkpt>
      <trkpt lat="28.389965" lon="106.842043">
      </trkpt>
      <trkpt lat="28.3896839" lon="106.8415043">
      </trkpt>
      <trkpt lat="28.3888476" lon="106.840283">
      </trkpt>
      <trkpt lat="28.388533" lon="106.839865">
      </trkpt>
      <trkpt lat="28.3884177" lon="106.8397258">
      </trkpt>
      <trkpt lat="28.3883599" lon="106.8396561">
      </trkpt>
      <trkpt lat="28.3881693" lon="106.839466">
      </trkpt>
      <trkpt lat="28.3879852" lon="106.8393212">
      </trkpt>
      <trkpt lat="28.3877853" lon="106.8391662">
      </trkpt>
      <trkpt lat="28.3874983" lon="106.8389939">
      </trkpt>
      <trkpt lat="28.3872004" lon="106.838842">
      </trkpt>
      <trkpt lat="28.3869106" lon="106.8387407">
      </trkpt>
      <trkpt lat="28.3866135" lon="106.8386976">
      </trkpt>
      <trkpt lat="28.3862966" lon="106.8387156">
      </trkpt>
      <trkpt lat="28.3860118" lon="106.8387766">
      </trkpt>
      <trkpt lat="28.3857417" lon="106.8388743">
      </trkpt>
      <trkpt lat="28.3854879" lon="106.8389903">
      </trkpt>
      <trkpt lat="28.3852354" lon="106.8391418">
      </trkpt>
      <trkpt lat="28.3850971" lon="106.8392424">
      </trkpt>
      <trkpt lat="28.384981" lon="106.8393302">
      </trkpt>
      <trkpt lat="28.3847334" lon="106.8395467">
      </trkpt>
      <trkpt lat="28.3845138" lon="106.8397765">
      </trkpt>
      <trkpt lat="28.3843053" lon="106.8400538">
      </trkpt>
      <trkpt lat="28.3840894" lon="106.8403775">
      </trkpt>
      <trkpt lat="28.3839282" lon="106.8406728">
      </trkpt>
      <trkpt lat="28.3838458" lon="106.8408909">
      </trkpt>
      <trkpt lat="28.3837976" lon="106.8411183">
      </trkpt>
      <trkpt lat="28.3837632" lon="106.8413822">
      </trkpt>
      <trkpt lat="28.3836904" lon="106.8421434">
      </trkpt>
      <trkpt lat="28.3836406" lon="106.8429634">
      </trkpt>
      <trkpt lat="28.3836047" lon="106.8433969">
      </trkpt>
      <trkpt lat="28.3835516" lon="106.8437521">
      </trkpt>
      <trkpt lat="28.383502" lon="106.8440228">
      </trkpt>
      <trkpt lat="28.3834389" lon="106.8442391">
      </trkpt>
      <trkpt lat="28.3833141" lon="106.8445986">
      </trkpt>
      <trkpt lat="28.383151" lon="106.8448877">
      </trkpt>
      <trkpt lat="28.3829635" lon="106.845118">
      </trkpt>
      <trkpt lat="28.3827458" lon="106.8453554">
      </trkpt>
      <trkpt lat="28.3820532" lon="106.8460252">
      </trkpt>
      <trkpt lat="28.3818532" lon="106.8461825">
      </trkpt>
      <trkpt lat="28.3816007" lon="106.8463329">
      </trkpt>
      <trkpt lat="28.3813906" lon="106.8464251">
      </trkpt>
      <trkpt lat="28.3811782" lon="106.8464781">
      </trkpt>
      <trkpt lat="28.3808811" lon="106.846532">
      </trkpt>
      <trkpt lat="28.3805688" lon="106.8465333">
      </trkpt>
      <trkpt lat="28.3802772" lon="106.8465034">
      </trkpt>
      <trkpt lat="28.3798644" lon="106.8464356">
      </trkpt>
      <trkpt lat="28.3795036" lon="106.8463312">
      </trkpt>
      <trkpt lat="28.3792057" lon="106.846209">
      </trkpt>
      <trkpt lat="28.3769762" lon="106.8449221">
      </trkpt>
      <trkpt lat="28.3764623" lon="106.8445676">
      </trkpt>
      <trkpt lat="28.3754651" lon="106.8438947">
      </trkpt>
      <trkpt lat="28.3751676" lon="106.8437585">
      </trkpt>
      <trkpt lat="28.3748469" lon="106.8437017">
      </trkpt>
      <trkpt lat="28.3745532" lon="106.843719">
      </trkpt>
      <trkpt lat="28.3741895" lon="106.8438082">
      </trkpt>
      <trkpt lat="28.3739044" lon="106.8439514">
      </trkpt>
      <trkpt lat="28.3730424" lon="106.8444168">
      </trkpt>
      <trkpt lat="28.3729096" lon="106.8445331">
      </trkpt>
      <trkpt lat="28.3727728" lon="106.8447111">
      </trkpt>
      <trkpt lat="28.3726742" lon="106.8448822">
      </trkpt>
      <trkpt lat="28.372571" lon="106.84512">
      </trkpt>
      <trkpt lat="28.3724999" lon="106.8453864">
      </trkpt>
      <trkpt lat="28.3724146" lon="106.8457996">
      </trkpt>
      <trkpt lat="28.372363" lon="106.8462595">
      </trkpt>
      <trkpt lat="28.3723504" lon="106.8466178">
      </trkpt>
      <trkpt lat="28.372374" lon="106.8469543">
      </trkpt>
      <trkpt lat="28.3724359" lon="106.8472874">
      </trkpt>
      <trkpt lat="28.3726046" lon="106.8478393">
      </trkpt>
      <trkpt lat="28.3727144" lon="106.8481931">
      </trkpt>
      <trkpt lat="28.3727647" lon="106.8484783">
      </trkpt>
      <trkpt lat="28.3727988" lon="106.8490907">
      </trkpt>
      <trkpt lat="28.3727933" lon="106.8494473">
      </trkpt>
      <trkpt lat="28.3727148" lon="106.8497946">
      </trkpt>
      <trkpt lat="28.3726214" lon="106.850031">
      </trkpt>
      <trkpt lat="28.3724908" lon="106.8502422">
      </trkpt>
      <trkpt lat="28.3723417" lon="106.8504323">
      </trkpt>
      <trkpt lat="28.3713269" lon="106.8517472">
      </trkpt>
      <trkpt lat="28.370579" lon="106.8526597">
      </trkpt>
      <trkpt lat="28.3704314" lon="106.8528625">
      </trkpt>
      <trkpt lat="28.3702991" lon="106.8530835">
      </trkpt>
      <trkpt lat="28.3700583" lon="106.853574">
      </trkpt>
      <trkpt lat="28.369976" lon="106.8537145">
      </trkpt>
      <trkpt lat="28.3698852" lon="106.8538334">
      </trkpt>
      <trkpt lat="28.3697851" lon="106.8539467">
      </trkpt>
      <trkpt lat="28.3696588" lon="106.8540505">
      </trkpt>
      <trkpt lat="28.3686943" lon="106.8547653">
      </trkpt>
      <trkpt lat="28.3685345" lon="106.8548519">
      </trkpt>
      <trkpt lat="28.3683685" lon="106.8549041">
      </trkpt>
      <trkpt lat="28.3681811" lon="106.8549407">
      </trkpt>
      <trkpt lat="28.3680163" lon="106.8549506">
      </trkpt>
      <trkpt lat="28.3678131" lon="106.8549451">
      </trkpt>
      <trkpt lat="28.3676397" lon="106.8549204">
      </trkpt>
      <trkpt lat="28.36745" lon="106.854883">
      </trkpt>
      <trkpt lat="28.367276" lon="106.8548358">
      </trkpt>
      <trkpt lat="28.3671232" lon="106.8547715">
      </trkpt>
      <trkpt lat="28.3669488" lon="106.854674">
      </trkpt>
      <trkpt lat="28.3666356" lon="106.8544664">
      </trkpt>
      <trkpt lat="28.3651784" lon="106.8533482">
      </trkpt>
      <trkpt lat="28.3649055" lon="106.853129">
      </trkpt>
      <trkpt lat="28.3647358" lon="106.8529676">
      </trkpt>
      <trkpt lat="28.3645208" lon="106.8527016">
      </trkpt>
      <trkpt lat="28.3643699" lon="106.8524617">
      </trkpt>
      <trkpt lat="28.3642409" lon="106.8522128">
      </trkpt>
      <trkpt lat="28.3641154" lon="106.8519199">
      </trkpt>
      <trkpt lat="28.3634334" lon="106.8499956">
      </trkpt>
      <trkpt lat="28.363307" lon="106.8495964">
      </trkpt>
      <trkpt lat="28.3632057" lon="106.8492153">
      </trkpt>
      <trkpt lat="28.3631189" lon="106.8487913">
      </trkpt>
      <trkpt lat="28.3630734" lon="106.848478">
      </trkpt>
      <trkpt lat="28.3630535" lon="106.8482072">
      </trkpt>
      <trkpt lat="28.363055" lon="106.8479719">
      </trkpt>
      <trkpt lat="28.363069" lon="106.8476765">
      </trkpt>
      <trkpt lat="28.3631106" lon="106.8472451">
      </trkpt>
      <trkpt lat="28.3631743" lon="106.8465514">
      </trkpt>
      <trkpt lat="28.3633052" lon="106.8451123">
      </trkpt>
      <trkpt lat="28.3633086" lon="106.8444074">
      </trkpt>
      <trkpt lat="28.363201" lon="106.843583">
      </trkpt>
      <trkpt lat="28.3630211" lon="106.8427789">
      </trkpt>
      <trkpt lat="28.3627522" lon="106.8420398">
      </trkpt>
      <trkpt lat="28.362332" lon="106.8413312">
      </trkpt>
      <trkpt lat="28.361853" lon="106.8407687">
      </trkpt>
      <trkpt lat="28.3613433" lon="106.8403587">
      </trkpt>
      <trkpt lat="28.3608072" lon="106.8400199">
      </trkpt>
      <trkpt lat="28.3603772" lon="106.8397765">
      </trkpt>
      <trkpt lat="28.3598542" lon="106.8395994">
      </trkpt>
      <trkpt lat="28.3574775" lon="106.8390537">
      </trkpt>
      <trkpt lat="28.3557141" lon="106.8387109">
      </trkpt>
      <trkpt lat="28.3548944" lon="106.8385998">
      </trkpt>
      <trkpt lat="28.3539743" lon="106.8385989">
      </trkpt>
      <trkpt lat="28.3529035" lon="106.8387072">
      </trkpt>
      <trkpt lat="28.3498174" lon="106.8391571">
      </trkpt>
      <trkpt lat="28.3493059" lon="106.839193">
      </trkpt>
      <trkpt lat="28.3488744" lon="106.8391451">
      </trkpt>
      <trkpt lat="28.3470229" lon="106.8388698">
      </trkpt>
      <trkpt lat="28.3404985" lon="106.8379928">
      </trkpt>
      <trkpt lat="28.3400944" lon="106.8378768">
      </trkpt>
      <trkpt lat="28.3396894" lon="106.8376563">
      </trkpt>
      <trkpt lat="28.3393532" lon="106.8373664">
      </trkpt>
      <trkpt lat="28.3391919" lon="106.8371613">
      </trkpt>
      <trkpt lat="28.3390339" lon="106.8369515">
      </trkpt>
      <trkpt lat="28.338866" lon="106.8367116">
      </trkpt>
      <trkpt lat="28.3379672" lon="106.8350331">
      </trkpt>
      <trkpt lat="28.3375722" lon="106.8343187">
      </trkpt>
      <trkpt lat="28.337398" lon="106.8340381">
      </trkpt>
      <trkpt lat="28.3372295" lon="106.8338097">
      </trkpt>
      <trkpt lat="28.3369405" lon="106.8334745">
      </trkpt>
      <trkpt lat="28.3365963" lon="106.833219">
      </trkpt>
      <trkpt lat="28.3362765" lon="106.8330268">
      </trkpt>
      <trkpt lat="28.3358851" lon="106.8328588">
      </trkpt>
      <trkpt lat="28.3352736" lon="106.8326558">
      </trkpt>
      <trkpt lat="28.3330333" lon="106.8320259">
      </trkpt>
      <trkpt lat="28.3322031" lon="106.8317666">
      </trkpt>
      <trkpt lat="28.331985" lon="106.8317026">
      </trkpt>
      <trkpt lat="28.3318044" lon="106.8316638">
      </trkpt>
      <trkpt lat="28.3316227" lon="106.8316369">
      </trkpt>
      <trkpt lat="28.3313863" lon="106.8316215">
      </trkpt>
      <trkpt lat="28.3311914" lon="106.831621">
      </trkpt>
      <trkpt lat="28.3309787" lon="106.8316388">
      </trkpt>
      <trkpt lat="28.3307547" lon="106.831674">
      </trkpt>
      <trkpt lat="28.3304859" lon="106.831742">
      </trkpt>
      <trkpt lat="28.3303004" lon="106.8318056">
      </trkpt>
      <trkpt lat="28.3300502" lon="106.8319161">
      </trkpt>
      <trkpt lat="28.3298379" lon="106.8320301">
      </trkpt>
      <trkpt lat="28.3296799" lon="106.8321305">
      </trkpt>
      <trkpt lat="28.3295214" lon="106.8322466">
      </trkpt>
      <trkpt lat="28.3293539" lon="106.8323839">
      </trkpt>
      <trkpt lat="28.3291338" lon="106.8325985">
      </trkpt>
      <trkpt lat="28.3289769" lon="106.8327805">
      </trkpt>
      <trkpt lat="28.3288284" lon="106.8329763">
      </trkpt>
      <trkpt lat="28.3287053" lon="106.8331625">
      </trkpt>
      <trkpt lat="28.3285942" lon="106.8333573">
      </trkpt>
      <trkpt lat="28.3284655" lon="106.8336229">
      </trkpt>
      <trkpt lat="28.328378" lon="106.8338407">
      </trkpt>
      <trkpt lat="28.3283003" lon="106.8340829">
      </trkpt>
      <trkpt lat="28.3273183" lon="106.837428">
      </trkpt>
      <trkpt lat="28.3272709" lon="106.8375981">
      </trkpt>
      <trkpt lat="28.327227" lon="106.8378044">
      </trkpt>
      <trkpt lat="28.3271926" lon="106.8380133">
      </trkpt>
      <trkpt lat="28.3271749" lon="106.8381905">
      </trkpt>
      <trkpt lat="28.3271617" lon="106.838371">
      </trkpt>
      <trkpt lat="28.3271589" lon="106.8385694">
      </trkpt>
      <trkpt lat="28.3271662" lon="106.8387742">
      </trkpt>
      <trkpt lat="28.3271816" lon="106.8389446">
      </trkpt>
      <trkpt lat="28.3272036" lon="106.8391186">
      </trkpt>
      <trkpt lat="28.3272424" lon="106.8393341">
      </trkpt>
      <trkpt lat="28.3272983" lon="106.8395613">
      </trkpt>
      <trkpt lat="28.3273721" lon="106.8398013">
      </trkpt>
      <trkpt lat="28.3274497" lon="106.8400062">
      </trkpt>
      <trkpt lat="28.3275074" lon="106.8401378">
      </trkpt>
      <trkpt lat="28.3275884" lon="106.8403011">
      </trkpt>
      <trkpt lat="28.3276879" lon="106.8404782">
      </trkpt>
      <trkpt lat="28.3278269" lon="106.8406925">
      </trkpt>
      <trkpt lat="28.3279527" lon="106.8408588">
      </trkpt>
      <trkpt lat="28.3280965" lon="106.8410263">
      </trkpt>
      <trkpt lat="28.3282337" lon="106.8411679">
      </trkpt>
      <trkpt lat="28.3283752" lon="106.8412951">
      </trkpt>
      <trkpt lat="28.3285049" lon="106.8414">
      </trkpt>
      <trkpt lat="28.3286679" lon="106.8415163">
      </trkpt>
      <trkpt lat="28.330701" lon="106.8429913">
      </trkpt>
      <trkpt lat="28.3328835" lon="106.844609">
      </trkpt>
      <trkpt lat="28.3330204" lon="106.8446945">
      </trkpt>
      <trkpt lat="28.3331524" lon="106.8447639">
      </trkpt>
      <trkpt lat="28.3333276" lon="106.8448398">
      </trkpt>
      <trkpt lat="28.3334479" lon="106.8448778">
      </trkpt>
      <trkpt lat="28.3335685" lon="106.8449135">
      </trkpt>
      <trkpt lat="28.3337074" lon="106.8449407">
      </trkpt>
      <trkpt lat="28.333865" lon="106.844962">
      </trkpt>
      <trkpt lat="28.3340336" lon="106.8449669">
      </trkpt>
      <trkpt lat="28.3342035" lon="106.8449628">
      </trkpt>
      <trkpt lat="28.3343942" lon="106.8449368">
      </trkpt>
      <trkpt lat="28.3345931" lon="106.8448904">
      </trkpt>
      <trkpt lat="28.3347669" lon="106.8448333">
      </trkpt>
      <trkpt lat="28.3349633" lon="106.844746">
      </trkpt>
      <trkpt lat="28.3351018" lon="106.8446686">
      </trkpt>
      <trkpt lat="28.3352759" lon="106.8445506">
      </trkpt>
      <trkpt lat="28.3354403" lon="106.8444171">
      </trkpt>
      <trkpt lat="28.3355791" lon="106.844284">
      </trkpt>
      <trkpt lat="28.3357066" lon="106.8441378">
      </trkpt>
      <trkpt lat="28.3358241" lon="106.8439767">
      </trkpt>
      <trkpt lat="28.3359371" lon="106.8438049">
      </trkpt>
      <trkpt lat="28.3360361" lon="106.8436148">
      </trkpt>
      <trkpt lat="28.3361183" lon="106.8434203">
      </trkpt>
      <trkpt lat="28.3361854" lon="106.8432205">
      </trkpt>
      <trkpt lat="28.3362432" lon="106.8430002">
      </trkpt>
      <trkpt lat="28.3362785" lon="106.8427965">
      </trkpt>
      <trkpt lat="28.3363035" lon="106.8425704">
      </trkpt>
      <trkpt lat="28.3363082" lon="106.8423822">
      </trkpt>
      <trkpt lat="28.3363021" lon="106.8421877">
      </trkpt>
      <trkpt lat="28.3362791" lon="106.8419895">
      </trkpt>
      <trkpt lat="28.3362493" lon="106.8418019">
      </trkpt>
      <trkpt lat="28.3362101" lon="106.8416365">
      </trkpt>
      <trkpt lat="28.3361558" lon="106.8414581">
      </trkpt>
      <trkpt lat="28.3360792" lon="106.8412659">
      </trkpt>
      <trkpt lat="28.3360107" lon="106.8411161">
      </trkpt>
      <trkpt lat="28.3359252" lon="106.8409547">
      </trkpt>
      <trkpt lat="28.335844" lon="106.8408257">
      </trkpt>
      <trkpt lat="28.3357622" lon="106.8407128">
      </trkpt>
      <trkpt lat="28.3356219" lon="106.8405437">
      </trkpt>
      <trkpt lat="28.3354892" lon="106.8404069">
      </trkpt>
      <trkpt lat="28.3353469" lon="106.8402833">
      </trkpt>
      <trkpt lat="28.3353045" lon="106.8402486">
      </trkpt>
      <trkpt lat="28.3351545" lon="106.8401351">
      </trkpt>
      <trkpt lat="28.3331385" lon="106.8386733">
      </trkpt>
      <trkpt lat="28.3323606" lon="106.8381073">
      </trkpt>
      <trkpt lat="28.3313148" lon="106.8373463">
      </trkpt>
      <trkpt lat="28.3309984" lon="106.8371243">
      </trkpt>
      <trkpt lat="28.3308255" lon="106.8370089">
      </trkpt>
      <trkpt lat="28.3306495" lon="106.8369161">
      </trkpt>
      <trkpt lat="28.3304374" lon="106.8368305">
      </trkpt>
      <trkpt lat="28.3302519" lon="106.8367779">
      </trkpt>
      <trkpt lat="28.3300858" lon="106.8367456">
      </trkpt>
      <trkpt lat="28.3299411" lon="106.8367293">
      </trkpt>
      <trkpt lat="28.3297432" lon="106.8367246">
      </trkpt>
      <trkpt lat="28.3295339" lon="106.8367393">
      </trkpt>
      <trkpt lat="28.3293451" lon="106.8367708">
      </trkpt>
      <trkpt lat="28.3291419" lon="106.8368273">
      </trkpt>
      <trkpt lat="28.3289454" lon="106.8369057">
      </trkpt>
      <trkpt lat="28.3286053" lon="106.8370713">
      </trkpt>
      <trkpt lat="28.3224256" lon="106.8401091">
      </trkpt>
      <trkpt lat="28.3219687" lon="106.8403321">
      </trkpt>
      <trkpt lat="28.3215764" lon="106.8405664">
      </trkpt>
      <trkpt lat="28.3212556" lon="106.8407541">
      </trkpt>
      <trkpt lat="28.3208939" lon="106.8409889">
      </trkpt>
      <trkpt lat="28.3180322" lon="106.8430939">
      </trkpt>
      <trkpt lat="28.3178026" lon="106.8432571">
      </trkpt>
      <trkpt lat="28.3176389" lon="106.8433432">
      </trkpt>
      <trkpt lat="28.3174478" lon="106.8434229">
      </trkpt>
      <trkpt lat="28.3172354" lon="106.8434875">
      </trkpt>
      <trkpt lat="28.3170057" lon="106.8435341">
      </trkpt>
      <trkpt lat="28.3167781" lon="106.8435506">
      </trkpt>
      <trkpt lat="28.3164523" lon="106.8435339">
      </trkpt>
      <trkpt lat="28.3161832" lon="106.8434811">
      </trkpt>
      <trkpt lat="28.3159274" lon="106.8433936">
      </trkpt>
      <trkpt lat="28.3156826" lon="106.8432758">
      </trkpt>
      <trkpt lat="28.3153854" lon="106.8430821">
      </trkpt>
      <trkpt lat="28.3151475" lon="106.8428765">
      </trkpt>
      <trkpt lat="28.3149267" lon="106.8426398">
      </trkpt>
      <trkpt lat="28.314749" lon="106.8423761">
      </trkpt>
      <trkpt lat="28.3145385" lon="106.8419751">
      </trkpt>
      <trkpt lat="28.3143724" lon="106.8416338">
      </trkpt>
      <trkpt lat="28.3139038" lon="106.8405182">
      </trkpt>
      <trkpt lat="28.313801" lon="106.8402819">
      </trkpt>
      <trkpt lat="28.3136643" lon="106.8400258">
      </trkpt>
      <trkpt lat="28.3134849" lon="106.8397679">
      </trkpt>
      <trkpt lat="28.3132812" lon="106.8395246">
      </trkpt>
      <trkpt lat="28.3128164" lon="106.8390163">
      </trkpt>
      <trkpt lat="28.3125612" lon="106.8387619">
      </trkpt>
      <trkpt lat="28.3124355" lon="106.8386235">
      </trkpt>
      <trkpt lat="28.3122973" lon="106.8384366">
      </trkpt>
      <trkpt lat="28.3121618" lon="106.838211">
      </trkpt>
      <trkpt lat="28.3120348" lon="106.8379659">
      </trkpt>
      <trkpt lat="28.3119348" lon="106.8377068">
      </trkpt>
      <trkpt lat="28.3118448" lon="106.8374239">
      </trkpt>
      <trkpt lat="28.311699" lon="106.8368793">
      </trkpt>
      <trkpt lat="28.311618" lon="106.8365969">
      </trkpt>
      <trkpt lat="28.3115546" lon="106.8363967">
      </trkpt>
      <trkpt lat="28.3114785" lon="106.8362122">
      </trkpt>
      <trkpt lat="28.3113854" lon="106.8360189">
      </trkpt>
      <trkpt lat="28.3112936" lon="106.8358446">
      </trkpt>
      <trkpt lat="28.3111415" lon="106.8356168">
      </trkpt>
      <trkpt lat="28.3109828" lon="106.8354254">
      </trkpt>
      <trkpt lat="28.3108186" lon="106.8352602">
      </trkpt>
      <trkpt lat="28.3106247" lon="106.8351207">
      </trkpt>
      <trkpt lat="28.3104098" lon="106.8350082">
      </trkpt>
      <trkpt lat="28.3101412" lon="106.8349112">
      </trkpt>
      <trkpt lat="28.3098289" lon="106.8348237">
      </trkpt>
      <trkpt lat="28.3095636" lon="106.8347995">
      </trkpt>
      <trkpt lat="28.3093062" lon="106.8347919">
      </trkpt>
      <trkpt lat="28.3090066" lon="106.8348428">
      </trkpt>
      <trkpt lat="28.3087114" lon="106.8349448">
      </trkpt>
      <trkpt lat="28.3084663" lon="106.8350783">
      </trkpt>
      <trkpt lat="28.308301" lon="106.8352109">
      </trkpt>
      <trkpt lat="28.3081354" lon="106.8353624">
      </trkpt>
      <trkpt lat="28.3079603" lon="106.8355372">
      </trkpt>
      <trkpt lat="28.307853" lon="106.835673">
      </trkpt>
      <trkpt lat="28.3077233" lon="106.8358852">
      </trkpt>
      <trkpt lat="28.3076245" lon="106.8360687">
      </trkpt>
      <trkpt lat="28.307364" lon="106.8365587">
      </trkpt>
      <trkpt lat="28.3066076" lon="106.8379814">
      </trkpt>
      <trkpt lat="28.306505" lon="106.8381797">
      </trkpt>
      <trkpt lat="28.3063896" lon="106.8383481">
      </trkpt>
      <trkpt lat="28.3062481" lon="106.8385001">
      </trkpt>
      <trkpt lat="28.3061238" lon="106.838616">
      </trkpt>
      <trkpt lat="28.3059672" lon="106.8387291">
      </trkpt>
      <trkpt lat="28.3057656" lon="106.8388442">
      </trkpt>
      <trkpt lat="28.305622" lon="106.8389203">
      </trkpt>
      <trkpt lat="28.3053913" lon="106.8390089">
      </trkpt>
      <trkpt lat="28.3036682" lon="106.8394941">
      </trkpt>
      <trkpt lat="28.3032033" lon="106.8395929">
      </trkpt>
      <trkpt lat="28.3026861" lon="106.8396488">
      </trkpt>
      <trkpt lat="28.3024678" lon="106.839669">
      </trkpt>
      <trkpt lat="28.3022097" lon="106.8396645">
      </trkpt>
      <trkpt lat="28.3019471" lon="106.8396419">
      </trkpt>
      <trkpt lat="28.3017009" lon="106.8396078">
      </trkpt>
      <trkpt lat="28.301405" lon="106.8395305">
      </trkpt>
      <trkpt lat="28.3011758" lon="106.8394367">
      </trkpt>
      <trkpt lat="28.3004659" lon="106.8390566">
      </trkpt>
      <trkpt lat="28.3001785" lon="106.8389308">
      </trkpt>
      <trkpt lat="28.2998993" lon="106.8388472">
      </trkpt>
      <trkpt lat="28.2995679" lon="106.8387979">
      </trkpt>
      <trkpt lat="28.2957884" lon="106.8384354">
      </trkpt>
      <trkpt lat="28.295445" lon="106.8384149">
      </trkpt>
      <trkpt lat="28.2950865" lon="106.8383287">
      </trkpt>
      <trkpt lat="28.294968" lon="106.8382955">
      </trkpt>
      <trkpt lat="28.2947396" lon="106.8382077">
      </trkpt>
      <trkpt lat="28.2944524" lon="106.8380951">
      </trkpt>
      <trkpt lat="28.2943676" lon="106.8380647">
      </trkpt>
      <trkpt lat="28.2939593" lon="106.8378474">
      </trkpt>
      <trkpt lat="28.2936644" lon="106.8376621">
      </trkpt>
      <trkpt lat="28.2931623" lon="106.8371982">
      </trkpt>
      <trkpt lat="28.2927047" lon="106.8366083">
      </trkpt>
      <trkpt lat="28.2901681" lon="106.8329951">
      </trkpt>
      <trkpt lat="28.2899695" lon="106.8326943">
      </trkpt>
      <trkpt lat="28.2897725" lon="106.832353">
      </trkpt>
      <trkpt lat="28.2896787" lon="106.8321368">
      </trkpt>
      <trkpt lat="28.2896105" lon="106.831956">
      </trkpt>
      <trkpt lat="28.2894931" lon="106.8315543">
      </trkpt>
      <trkpt lat="28.289455" lon="106.8314274">
      </trkpt>
      <trkpt lat="28.2894211" lon="106.8312725">
      </trkpt>
      <trkpt lat="28.2893947" lon="106.8311395">
      </trkpt>
      <trkpt lat="28.2893806" lon="106.8310067">
      </trkpt>
      <trkpt lat="28.2893694" lon="106.8309009">
      </trkpt>
      <trkpt lat="28.2893601" lon="106.8307761">
      </trkpt>
      <trkpt lat="28.2893619" lon="106.8306302">
      </trkpt>
      <trkpt lat="28.289364" lon="106.8304704">
      </trkpt>
      <trkpt lat="28.2893793" lon="106.8303161">
      </trkpt>
      <trkpt lat="28.2893971" lon="106.8301799">
      </trkpt>
      <trkpt lat="28.2894294" lon="106.8300048">
      </trkpt>
      <trkpt lat="28.2901526" lon="106.8269269">
      </trkpt>
      <trkpt lat="28.2901931" lon="106.8267251">
      </trkpt>
      <trkpt lat="28.2902196" lon="106.826525">
      </trkpt>
      <trkpt lat="28.2902325" lon="106.8263371">
      </trkpt>
      <trkpt lat="28.2902345" lon="106.8261764">
      </trkpt>
      <trkpt lat="28.290226" lon="106.8259855">
      </trkpt>
      <trkpt lat="28.2901989" lon="106.8257481">
      </trkpt>
      <trkpt lat="28.2901511" lon="106.8255041">
      </trkpt>
      <trkpt lat="28.2900849" lon="106.8252688">
      </trkpt>
      <trkpt lat="28.2899999" lon="106.8250405">
      </trkpt>
      <trkpt lat="28.2899097" lon="106.8248463">
      </trkpt>
      <trkpt lat="28.2897984" lon="106.8246484">
      </trkpt>
      <trkpt lat="28.2896824" lon="106.8244755">
      </trkpt>
      <trkpt lat="28.2895419" lon="106.8242987">
      </trkpt>
      <trkpt lat="28.2894011" lon="106.8241489">
      </trkpt>
      <trkpt lat="28.2892457" lon="106.8240087">
      </trkpt>
      <trkpt lat="28.2890862" lon="106.8238873">
      </trkpt>
      <trkpt lat="28.2888915" lon="106.8237652">
      </trkpt>
      <trkpt lat="28.2887432" lon="106.8236891">
      </trkpt>
      <trkpt lat="28.2885402" lon="106.823606">
      </trkpt>
      <trkpt lat="28.2883295" lon="106.8235434">
      </trkpt>
      <trkpt lat="28.2881413" lon="106.8235065">
      </trkpt>
      <trkpt lat="28.287944" lon="106.8234862">
      </trkpt>
      <trkpt lat="28.2877432" lon="106.8234845">
      </trkpt>
      <trkpt lat="28.2875309" lon="106.8235035">
      </trkpt>
      <trkpt lat="28.2873096" lon="106.8235465">
      </trkpt>
      <trkpt lat="28.2871047" lon="106.8236083">
      </trkpt>
      <trkpt lat="28.2868965" lon="106.8236946">
      </trkpt>
      <trkpt lat="28.2867001" lon="106.8237999">
      </trkpt>
      <trkpt lat="28.2865197" lon="106.8239199">
      </trkpt>
      <trkpt lat="28.2863602" lon="106.8240474">
      </trkpt>
      <trkpt lat="28.2861915" lon="106.8242087">
      </trkpt>
      <trkpt lat="28.2860315" lon="106.8243931">
      </trkpt>
      <trkpt lat="28.2858904" lon="106.8245896">
      </trkpt>
      <trkpt lat="28.2857653" lon="106.8248011">
      </trkpt>
      <trkpt lat="28.2856835" lon="106.8249674">
      </trkpt>
      <trkpt lat="28.2856065" lon="106.8251544">
      </trkpt>
      <trkpt lat="28.2855359" lon="106.8253688">
      </trkpt>
      <trkpt lat="28.2854927" lon="106.8255372">
      </trkpt>
      <trkpt lat="28.285459" lon="106.8257085">
      </trkpt>
      <trkpt lat="28.2854309" lon="106.8259222">
      </trkpt>
      <trkpt lat="28.2854182" lon="106.8261242">
      </trkpt>
      <trkpt lat="28.2854196" lon="106.8263524">
      </trkpt>
      <trkpt lat="28.2854301" lon="106.8265067">
      </trkpt>
      <trkpt lat="28.2855225" lon="106.827711">
      </trkpt>
      <trkpt lat="28.2855863" lon="106.8284132">
      </trkpt>
      <trkpt lat="28.2856208" lon="106.8287743">
      </trkpt>
      <trkpt lat="28.2856305" lon="106.829227">
      </trkpt>
      <trkpt lat="28.2855913" lon="106.8296032">
      </trkpt>
      <trkpt lat="28.2855188" lon="106.829949">
      </trkpt>
      <trkpt lat="28.2853772" lon="106.8302922">
      </trkpt>
      <trkpt lat="28.2852079" lon="106.8306106">
      </trkpt>
      <trkpt lat="28.2849717" lon="106.8309199">
      </trkpt>
      <trkpt lat="28.2847265" lon="106.8311616">
      </trkpt>
      <trkpt lat="28.2844644" lon="106.8313547">
      </trkpt>
      <trkpt lat="28.2841812" lon="106.831511">
      </trkpt>
      <trkpt lat="28.283896" lon="106.8316208">
      </trkpt>
      <trkpt lat="28.2836052" lon="106.8316731">
      </trkpt>
      <trkpt lat="28.283286" lon="106.8316864">
      </trkpt>
      <trkpt lat="28.2829336" lon="106.8316686">
      </trkpt>
      <trkpt lat="28.2826108" lon="106.83163">
      </trkpt>
      <trkpt lat="28.2473534" lon="106.8207998">
      </trkpt>
      <trkpt lat="28.2466769" lon="106.8206569">
      </trkpt>
      <trkpt lat="28.2460204" lon="106.8206019">
      </trkpt>
      <trkpt lat="28.2456934" lon="106.8206163">
      </trkpt>
      <trkpt lat="28.2453813" lon="106.8206486">
      </trkpt>
      <trkpt lat="28.2451261" lon="106.8207302">
      </trkpt>
      <trkpt lat="28.2448308" lon="106.8208473">
      </trkpt>
      <trkpt lat="28.2446103" lon="106.8209675">
      </trkpt>
      <trkpt lat="28.2443164" lon="106.8211836">
      </trkpt>
      <trkpt lat="28.2441454" lon="106.8213156">
      </trkpt>
      <trkpt lat="28.2440121" lon="106.8214422">
      </trkpt>
      <trkpt lat="28.2437623" lon="106.8216827">
      </trkpt>
      <trkpt lat="28.2435669" lon="106.8219956">
      </trkpt>
      <trkpt lat="28.2434254" lon="106.8222429">
      </trkpt>
      <trkpt lat="28.2433028" lon="106.8225008">
      </trkpt>
      <trkpt lat="28.242907" lon="106.8233833">
      </trkpt>
      <trkpt lat="28.2412549" lon="106.8271689">
      </trkpt>
      <trkpt lat="28.2406066" lon="106.8286981">
      </trkpt>
      <trkpt lat="28.240304" lon="106.829321">
      </trkpt>
      <trkpt lat="28.239201" lon="106.830996">
      </trkpt>
      <trkpt lat="28.238581" lon="106.831751">
      </trkpt>
      <trkpt lat="28.2380377" lon="106.8322431">
      </trkpt>
      <trkpt lat="28.236768" lon="106.833393">
      </trkpt>
      <trkpt lat="28.2362056" lon="106.833796">
      </trkpt>
      <trkpt lat="28.2354121" lon="106.8342014">
      </trkpt>
      <trkpt lat="28.2350281" lon="106.8342857">
      </trkpt>
      <trkpt lat="28.2346682" lon="106.8343675">
      </trkpt>
      <trkpt lat="28.2345844" lon="106.8343701">
      </trkpt>
      <trkpt lat="28.2331907" lon="106.8345172">
      </trkpt>
      <trkpt lat="28.2328426" lon="106.8345248">
      </trkpt>
      <trkpt lat="28.231766" lon="106.834711">
      </trkpt>
      <trkpt lat="28.2312243" lon="106.8347692">
      </trkpt>
      <trkpt lat="28.230198" lon="106.835029">
      </trkpt>
      <trkpt lat="28.2294871" lon="106.8352241">
      </trkpt>
      <trkpt lat="28.2290279" lon="106.8354434">
      </trkpt>
      <trkpt lat="28.2284845" lon="106.8356759">
      </trkpt>
      <trkpt lat="28.2266928" lon="106.8364941">
      </trkpt>
      <trkpt lat="28.2248456" lon="106.8373157">
      </trkpt>
      <trkpt lat="28.2238345" lon="106.8376746">
      </trkpt>
      <trkpt lat="28.222798" lon="106.838311">
      </trkpt>
      <trkpt lat="28.222174" lon="106.838513">
      </trkpt>
      <trkpt lat="28.2221014" lon="106.8384859">
      </trkpt>
      <trkpt lat="28.221846" lon="106.838584">
      </trkpt>
      <trkpt lat="28.221361" lon="106.838573">
      </trkpt>
      <trkpt lat="28.221035" lon="106.83852">
      </trkpt>
      <trkpt lat="28.2208216" lon="106.8384468">
      </trkpt>
      <trkpt lat="28.2198279" lon="106.8380809">
      </trkpt>
      <trkpt lat="28.2195819" lon="106.8380217">
      </trkpt>
      <trkpt lat="28.2190817" lon="106.8379257">
      </trkpt>
      <trkpt lat="28.2183963" lon="106.8379828">
      </trkpt>
      <trkpt lat="28.2177542" lon="106.8382815">
      </trkpt>
      <trkpt lat="28.2158748" lon="106.8394767">
      </trkpt>
      <trkpt lat="28.2152929" lon="106.839823">
      </trkpt>
      <trkpt lat="28.214775" lon="106.840045">
      </trkpt>
      <trkpt lat="28.214298" lon="106.840091">
      </trkpt>
      <trkpt lat="28.213668" lon="106.839989">
      </trkpt>
      <trkpt lat="28.212908" lon="106.839658">
      </trkpt>
      <trkpt lat="28.2125714" lon="106.839492">
      </trkpt>
      <trkpt lat="28.2120836" lon="106.8392018">
      </trkpt>
      <trkpt lat="28.2099822" lon="106.8380215">
      </trkpt>
      <trkpt lat="28.209798" lon="106.837878">
      </trkpt>
      <trkpt lat="28.2094703" lon="106.8377192">
      </trkpt>
      <trkpt lat="28.209112" lon="106.8374771">
      </trkpt>
      <trkpt lat="28.2089428" lon="106.8373636">
      </trkpt>
      <trkpt lat="28.2084767" lon="106.8369269">
      </trkpt>
      <trkpt lat="28.2082663" lon="106.8367282">
      </trkpt>
      <trkpt lat="28.2081621" lon="106.8366379">
      </trkpt>
      <trkpt lat="28.207803" lon="106.836141">
      </trkpt>
      <trkpt lat="28.2060129" lon="106.8334248">
      </trkpt>
      <trkpt lat="28.2058642" lon="106.8332209">
      </trkpt>
      <trkpt lat="28.2057618" lon="106.8330982">
      </trkpt>
      <trkpt lat="28.2055835" lon="106.8329016">
      </trkpt>
      <trkpt lat="28.2051955" lon="106.8326066">
      </trkpt>
      <trkpt lat="28.2047635" lon="106.8323896">
      </trkpt>
      <trkpt lat="28.204468" lon="106.8322894">
      </trkpt>
      <trkpt lat="28.2040329" lon="106.8322276">
      </trkpt>
      <trkpt lat="28.2035527" lon="106.8322029">
      </trkpt>
      <trkpt lat="28.2030533" lon="106.832345">
      </trkpt>
      <trkpt lat="28.202905" lon="106.832425">
      </trkpt>
      <trkpt lat="28.201596" lon="106.8329387">
      </trkpt>
      <trkpt lat="28.2006982" lon="106.8333253">
      </trkpt>
      <trkpt lat="28.2002847" lon="106.8334973">
      </trkpt>
      <trkpt lat="28.1997117" lon="106.8337612">
      </trkpt>
      <trkpt lat="28.199442" lon="106.8338691">
      </trkpt>
      <trkpt lat="28.1988781" lon="106.8341267">
      </trkpt>
      <trkpt lat="28.1979976" lon="106.8345076">
      </trkpt>
      <trkpt lat="28.1965508" lon="106.8351488">
      </trkpt>
      <trkpt lat="28.1936328" lon="106.8364422">
      </trkpt>
      <trkpt lat="28.1924523" lon="106.8369633">
      </trkpt>
      <trkpt lat="28.1915888" lon="106.8373315">
      </trkpt>
      <trkpt lat="28.188701" lon="106.838674">
      </trkpt>
      <trkpt lat="28.1869373" lon="106.8391814">
      </trkpt>
      <trkpt lat="28.1861213" lon="106.8392444">
      </trkpt>
      <trkpt lat="28.181803" lon="106.839064">
      </trkpt>
      <trkpt lat="28.181161" lon="106.838919">
      </trkpt>
      <trkpt lat="28.180693" lon="106.838736">
      </trkpt>
      <trkpt lat="28.178806" lon="106.837699">
      </trkpt>
      <trkpt lat="28.177973" lon="106.837146">
      </trkpt>
      <trkpt lat="28.177031" lon="106.836159">
      </trkpt>
      <trkpt lat="28.176503" lon="106.835739">
      </trkpt>
      <trkpt lat="28.176054" lon="106.835513">
      </trkpt>
      <trkpt lat="28.174034" lon="106.834766">
      </trkpt>
      <trkpt lat="28.1737173" lon="106.8345965">
      </trkpt>
      <trkpt lat="28.173463" lon="106.834405">
      </trkpt>
      <trkpt lat="28.1730883" lon="106.8341388">
      </trkpt>
      <trkpt lat="28.1728867" lon="106.8339583">
      </trkpt>
      <trkpt lat="28.172266" lon="106.833479">
      </trkpt>
      <trkpt lat="28.171836" lon="106.83324">
      </trkpt>
      <trkpt lat="28.171374" lon="106.833061">
      </trkpt>
      <trkpt lat="28.169281" lon="106.832725">
      </trkpt>
      <trkpt lat="28.167743" lon="106.8325542">
      </trkpt>
      <trkpt lat="28.1676002" lon="106.8325367">
      </trkpt>
      <trkpt lat="28.1673046" lon="106.832512">
      </trkpt>
      <trkpt lat="28.1668266" lon="106.832534">
      </trkpt>
      <trkpt lat="28.1663296" lon="106.832614">
      </trkpt>
      <trkpt lat="28.1657216" lon="106.832836">
      </trkpt>
      <trkpt lat="28.1654396" lon="106.832977">
      </trkpt>
      <trkpt lat="28.1644277" lon="106.8336853">
      </trkpt>
      <trkpt lat="28.16424" lon="106.833901">
      </trkpt>
      <trkpt lat="28.1637077" lon="106.8340256">
      </trkpt>
      <trkpt lat="28.1635118" lon="106.8340871">
      </trkpt>
      <trkpt lat="28.1633325" lon="106.8341258">
      </trkpt>
      <trkpt lat="28.1628513" lon="106.8341736">
      </trkpt>
      <trkpt lat="28.161274" lon="106.833986">
      </trkpt>
      <trkpt lat="28.160958" lon="106.833983">
      </trkpt>
      <trkpt lat="28.1601078" lon="106.8341217">
      </trkpt>
      <trkpt lat="28.1600361" lon="106.8341333">
      </trkpt>
      <trkpt lat="28.156126" lon="106.834771">
      </trkpt>
      <trkpt lat="28.155624" lon="106.834801">
      </trkpt>
      <trkpt lat="28.155124" lon="106.83474">
      </trkpt>
      <trkpt lat="28.15448" lon="106.834516">
      </trkpt>
      <trkpt lat="28.154181" lon="106.834341">
      </trkpt>
      <trkpt lat="28.153776" lon="106.83401">
      </trkpt>
      <trkpt lat="28.153651" lon="106.8338751">
      </trkpt>
      <trkpt lat="28.15334" lon="106.833464">
      </trkpt>
      <trkpt lat="28.1522866" lon="106.8318994">
      </trkpt>
      <trkpt lat="28.1515443" lon="106.8308151">
      </trkpt>
      <trkpt lat="28.1515139" lon="106.8307634">
      </trkpt>
      <trkpt lat="28.1510443" lon="106.8300534">
      </trkpt>
      <trkpt lat="28.1504402" lon="106.8294618">
      </trkpt>
      <trkpt lat="28.150378" lon="106.8294121">
      </trkpt>
      <trkpt lat="28.1496145" lon="106.8289582">
      </trkpt>
      <trkpt lat="28.1492082" lon="106.8288272">
      </trkpt>
      <trkpt lat="28.1489726" lon="106.8287793">
      </trkpt>
      <trkpt lat="28.1482846" lon="106.8286796">
      </trkpt>
      <trkpt lat="28.1478137" lon="106.8286569">
      </trkpt>
      <trkpt lat="28.1467726" lon="106.8285378">
      </trkpt>
      <trkpt lat="28.1465136" lon="106.8285384">
      </trkpt>
      <trkpt lat="28.1461423" lon="106.8285101">
      </trkpt>
      <trkpt lat="28.1459691" lon="106.8284972">
      </trkpt>
      <trkpt lat="28.1458064" lon="106.8284742">
      </trkpt>
      <trkpt lat="28.1452038" lon="106.8284279">
      </trkpt>
      <trkpt lat="28.14467" lon="106.8283759">
      </trkpt>
      <trkpt lat="28.1442453" lon="106.8283454">
      </trkpt>
      <trkpt lat="28.1436432" lon="106.8282894">
      </trkpt>
      <trkpt lat="28.1425039" lon="106.8281585">
      </trkpt>
      <trkpt lat="28.1413896" lon="106.8281683">
      </trkpt>
      <trkpt lat="28.1411921" lon="106.8281785">
      </trkpt>
      <trkpt lat="28.1403323" lon="106.8281996">
      </trkpt>
      <trkpt lat="28.1392356" lon="106.8283273">
      </trkpt>
      <trkpt lat="28.1379088" lon="106.8284406">
      </trkpt>
      <trkpt lat="28.1373897" lon="106.8284881">
      </trkpt>
      <trkpt lat="28.135466" lon="106.828554">
      </trkpt>
      <trkpt lat="28.13457" lon="106.828498">
      </trkpt>
      <trkpt lat="28.13323" lon="106.828259">
      </trkpt>
      <trkpt lat="28.132813" lon="106.828253">
      </trkpt>
      <trkpt lat="28.130066" lon="106.82758">
      </trkpt>
      <trkpt lat="28.128159" lon="106.827243">
      </trkpt>
      <trkpt lat="28.127629" lon="106.827096">
      </trkpt>
      <trkpt lat="28.126076" lon="106.826311">
      </trkpt>
      <trkpt lat="28.125593" lon="106.825948">
      </trkpt>
      <trkpt lat="28.1247616" lon="106.8254622">
      </trkpt>
      <trkpt lat="28.1242624" lon="106.8251498">
      </trkpt>
      <trkpt lat="28.122925" lon="106.824288">
      </trkpt>
      <trkpt lat="28.1221142" lon="106.8238121">
      </trkpt>
      <trkpt lat="28.1212186" lon="106.8232969">
      </trkpt>
      <trkpt lat="28.1204411" lon="106.8228193">
      </trkpt>
      <trkpt lat="28.1201139" lon="106.8226437">
      </trkpt>
      <trkpt lat="28.1197242" lon="106.8224287">
      </trkpt>
      <trkpt lat="28.1188485" lon="106.8222811">
      </trkpt>
      <trkpt lat="28.1183584" lon="106.8222486">
      </trkpt>
      <trkpt lat="28.1178483" lon="106.8222727">
      </trkpt>
      <trkpt lat="28.1175635" lon="106.8223155">
      </trkpt>
      <trkpt lat="28.1172858" lon="106.8223757">
      </trkpt>
      <trkpt lat="28.1165796" lon="106.8226254">
      </trkpt>
      <trkpt lat="28.115376" lon="106.8232377">
      </trkpt>
      <trkpt lat="28.1150236" lon="106.8233931">
      </trkpt>
      <trkpt lat="28.1146408" lon="106.8234352">
      </trkpt>
      <trkpt lat="28.1142019" lon="106.8234261">
      </trkpt>
      <trkpt lat="28.113755" lon="106.823323">
      </trkpt>
      <trkpt lat="28.1134239" lon="106.8232595">
      </trkpt>
      <trkpt lat="28.1131543" lon="106.8231438">
      </trkpt>
      <trkpt lat="28.1128805" lon="106.8229711">
      </trkpt>
      <trkpt lat="28.1118818" lon="106.8221156">
      </trkpt>
      <trkpt lat="28.1113979" lon="106.8217706">
      </trkpt>
      <trkpt lat="28.1106643" lon="106.8214575">
      </trkpt>
      <trkpt lat="28.1098863" lon="106.8213585">
      </trkpt>
      <trkpt lat="28.1097279" lon="106.8213786">
      </trkpt>
      <trkpt lat="28.1096262" lon="106.8213947">
      </trkpt>
      <trkpt lat="28.1090342" lon="106.8215655">
      </trkpt>
      <trkpt lat="28.1077027" lon="106.822147">
      </trkpt>
      <trkpt lat="28.1073896" lon="106.8223049">
      </trkpt>
      <trkpt lat="28.106696" lon="106.822634">
      </trkpt>
      <trkpt lat="28.1061544" lon="106.8228152">
      </trkpt>
      <trkpt lat="28.105431" lon="106.823056">
      </trkpt>
      <trkpt lat="28.1016947" lon="106.8235268">
      </trkpt>
      <trkpt lat="28.1011641" lon="106.8235875">
      </trkpt>
      <trkpt lat="28.0998787" lon="106.8237068">
      </trkpt>
      <trkpt lat="28.0997047" lon="106.8237426">
      </trkpt>
      <trkpt lat="28.0990667" lon="106.8238457">
      </trkpt>
      <trkpt lat="28.0988264" lon="106.8239081">
      </trkpt>
      <trkpt lat="28.098036" lon="106.824158">
      </trkpt>
      <trkpt lat="28.0963708" lon="106.8250948">
      </trkpt>
      <trkpt lat="28.0959408" lon="106.8253057">
      </trkpt>
      <trkpt lat="28.095545" lon="106.8254998">
      </trkpt>
      <trkpt lat="28.094299" lon="106.826131">
      </trkpt>
      <trkpt lat="28.093731" lon="106.826506">
      </trkpt>
      <trkpt lat="28.093348" lon="106.82684">
      </trkpt>
      <trkpt lat="28.092776" lon="106.827451">
      </trkpt>
      <trkpt lat="28.092263" lon="106.828158">
      </trkpt>
      <trkpt lat="28.0918582" lon="106.8287699">
      </trkpt>
      <trkpt lat="28.091417" lon="106.8295144">
      </trkpt>
      <trkpt lat="28.0913361" lon="106.8296503">
      </trkpt>
      <trkpt lat="28.090571" lon="106.831073">
      </trkpt>
      <trkpt lat="28.090284" lon="106.831728">
      </trkpt>
      <trkpt lat="28.089678" lon="106.833393">
      </trkpt>
      <trkpt lat="28.089386" lon="106.834001">
      </trkpt>
      <trkpt lat="28.089382" lon="106.8340075">
      </trkpt>
      <trkpt lat="28.089334" lon="106.8340855">
      </trkpt>
      <trkpt lat="28.0892764" lon="106.8341789">
      </trkpt>
      <trkpt lat="28.0892272" lon="106.8342589">
      </trkpt>
      <trkpt lat="28.08912" lon="106.834433">
      </trkpt>
      <trkpt lat="28.08871" lon="106.834956">
      </trkpt>
      <trkpt lat="28.088238" lon="106.835404">
      </trkpt>
      <trkpt lat="28.087581" lon="106.835874">
      </trkpt>
      <trkpt lat="28.087158" lon="106.83609">
      </trkpt>
      <trkpt lat="28.08572" lon="106.836574">
      </trkpt>
      <trkpt lat="28.085183" lon="106.836846">
      </trkpt>
      <trkpt lat="28.084683" lon="106.837129">
      </trkpt>
      <trkpt lat="28.084255" lon="106.8375">
      </trkpt>
      <trkpt lat="28.083386" lon="106.838641">
      </trkpt>
      <trkpt lat="28.082894" lon="106.839125">
      </trkpt>
      <trkpt lat="28.082551" lon="106.839363">
      </trkpt>
      <trkpt lat="28.0819269" lon="106.8396161">
      </trkpt>
      <trkpt lat="28.081143" lon="106.840061">
      </trkpt>
      <trkpt lat="28.079689" lon="106.841258">
      </trkpt>
      <trkpt lat="28.079163" lon="106.841495">
      </trkpt>
      <trkpt lat="28.077478" lon="106.842096">
      </trkpt>
      <trkpt lat="28.076761" lon="106.842266">
      </trkpt>
      <trkpt lat="28.0749648" lon="106.8425575">
      </trkpt>
      <trkpt lat="28.074832" lon="106.8425954">
      </trkpt>
      <trkpt lat="28.074368" lon="106.842688">
      </trkpt>
      <trkpt lat="28.073474" lon="106.843253">
      </trkpt>
      <trkpt lat="28.072013" lon="106.844355">
      </trkpt>
      <trkpt lat="28.071613" lon="106.844721">
      </trkpt>
      <trkpt lat="28.069668" lon="106.846088">
      </trkpt>
      <trkpt lat="28.06873" lon="106.846739">
      </trkpt>
      <trkpt lat="28.068105" lon="106.847049">
      </trkpt>
      <trkpt lat="28.067098" lon="106.847326">
      </trkpt>
      <trkpt lat="28.065398" lon="106.847603">
      </trkpt>
      <trkpt lat="28.064741" lon="106.847668">
      </trkpt>
      <trkpt lat="28.064329" lon="106.847613">
      </trkpt>
      <trkpt lat="28.063721" lon="106.847364">
      </trkpt>
      <trkpt lat="28.062073" lon="106.846418">
      </trkpt>
      <trkpt lat="28.060808" lon="106.846113">
      </trkpt>
      <trkpt lat="28.060203" lon="106.845856">
      </trkpt>
      <trkpt lat="28.059821" lon="106.845573">
      </trkpt>
      <trkpt lat="28.059226" lon="106.84496">
      </trkpt>
      <trkpt lat="28.0587528" lon="106.8445366">
      </trkpt>
      <trkpt lat="28.058568" lon="106.844368">
      </trkpt>
      <trkpt lat="28.057866" lon="106.843906">
      </trkpt>
      <trkpt lat="28.057083" lon="106.843603">
      </trkpt>
      <trkpt lat="28.056671" lon="106.84354">
      </trkpt>
      <trkpt lat="28.056236" lon="106.843549">
      </trkpt>
      <trkpt lat="28.055821" lon="106.843605">
      </trkpt>
      <trkpt lat="28.055274" lon="106.843813">
      </trkpt>
      <trkpt lat="28.0547025" lon="106.844179">
      </trkpt>
      <trkpt lat="28.052096" lon="106.845848">
      </trkpt>
      <trkpt lat="28.0514513" lon="106.8462107">
      </trkpt>
      <trkpt lat="28.0495742" lon="106.8470327">
      </trkpt>
      <trkpt lat="28.0493323" lon="106.8471462">
      </trkpt>
      <trkpt lat="28.0476597" lon="106.8479312">
      </trkpt>
      <trkpt lat="28.0472031" lon="106.8481859">
      </trkpt>
      <trkpt lat="28.0468042" lon="106.8484763">
      </trkpt>
      <trkpt lat="28.046493" lon="106.8488028">
      </trkpt>
      <trkpt lat="28.046248" lon="106.8491587">
      </trkpt>
      <trkpt lat="28.0460133" lon="106.8495873">
      </trkpt>
      <trkpt lat="28.0458422" lon="106.8499732">
      </trkpt>
      <trkpt lat="28.0383509" lon="106.8696886">
      </trkpt>
      <trkpt lat="28.0382221" lon="106.8701265">
      </trkpt>
      <trkpt lat="28.0381511" lon="106.8704573">
      </trkpt>
      <trkpt lat="28.0381214" lon="106.870775">
      </trkpt>
      <trkpt lat="28.0381159" lon="106.8711421">
      </trkpt>
      <trkpt lat="28.0381502" lon="106.871574">
      </trkpt>
      <trkpt lat="28.0382076" lon="106.8719767">
      </trkpt>
      <trkpt lat="28.0383369" lon="106.8725178">
      </trkpt>
      <trkpt lat="28.0391668" lon="106.87533">
      </trkpt>
      <trkpt lat="28.0392972" lon="106.875805">
      </trkpt>
      <trkpt lat="28.0393958" lon="106.8763132">
      </trkpt>
      <trkpt lat="28.0394352" lon="106.8767535">
      </trkpt>
      <trkpt lat="28.039465" lon="106.877281">
      </trkpt>
      <trkpt lat="28.039345" lon="106.878151">
      </trkpt>
      <trkpt lat="28.0386759" lon="106.880997">
      </trkpt>
      <trkpt lat="28.0385987" lon="106.8814816">
      </trkpt>
      <trkpt lat="28.0385786" lon="106.8819274">
      </trkpt>
      <trkpt lat="28.0386174" lon="106.8823721">
      </trkpt>
      <trkpt lat="28.0386793" lon="106.8827824">
      </trkpt>
      <trkpt lat="28.0388146" lon="106.883259">
      </trkpt>
      <trkpt lat="28.0389843" lon="106.8836914">
      </trkpt>
      <trkpt lat="28.040029" lon="106.8859012">
      </trkpt>
      <trkpt lat="28.0403162" lon="106.8867345">
      </trkpt>
      <trkpt lat="28.040353" lon="106.8868319">
      </trkpt>
      <trkpt lat="28.0403942" lon="106.8869863">
      </trkpt>
      <trkpt lat="28.0405141" lon="106.8874501">
      </trkpt>
      <trkpt lat="28.0405721" lon="106.8879718">
      </trkpt>
      <trkpt lat="28.0406179" lon="106.8885608">
      </trkpt>
      <trkpt lat="28.0405469" lon="106.8894568">
      </trkpt>
      <trkpt lat="28.0405378" lon="106.8896267">
      </trkpt>
      <trkpt lat="28.040466" lon="106.890099">
      </trkpt>
      <trkpt lat="28.040188" lon="106.890941">
      </trkpt>
      <trkpt lat="28.039911" lon="106.891586">
      </trkpt>
      <trkpt lat="28.0397991" lon="106.8917693">
      </trkpt>
      <trkpt lat="28.0395348" lon="106.8922023">
      </trkpt>
      <trkpt lat="28.039179" lon="106.8928431">
      </trkpt>
      <trkpt lat="28.0390165" lon="106.8931357">
      </trkpt>
      <trkpt lat="28.0386202" lon="106.8938493">
      </trkpt>
      <trkpt lat="28.0382341" lon="106.8945619">
      </trkpt>
      <trkpt lat="28.0381511" lon="106.8946988">
      </trkpt>
      <trkpt lat="28.0378262" lon="106.8952566">
      </trkpt>
      <trkpt lat="28.0377636" lon="106.8953543">
      </trkpt>
      <trkpt lat="28.0376473" lon="106.8955451">
      </trkpt>
      <trkpt lat="28.0372028" lon="106.8962297">
      </trkpt>
      <trkpt lat="28.0369907" lon="106.8965033">
      </trkpt>
      <trkpt lat="28.0360689" lon="106.8975008">
      </trkpt>
      <trkpt lat="28.0355768" lon="106.8979628">
      </trkpt>
      <trkpt lat="28.0351849" lon="106.8982822">
      </trkpt>
      <trkpt lat="28.0335394" lon="106.899561">
      </trkpt>
      <trkpt lat="28.0331715" lon="106.8999037">
      </trkpt>
      <trkpt lat="28.0325906" lon="106.9003999">
      </trkpt>
      <trkpt lat="28.032282" lon="106.9006472">
      </trkpt>
      <trkpt lat="28.0318254" lon="106.9008649">
      </trkpt>
      <trkpt lat="28.0314513" lon="106.9009673">
      </trkpt>
      <trkpt lat="28.030996" lon="106.901042">
      </trkpt>
      <trkpt lat="28.02943" lon="106.90097">
      </trkpt>
      <trkpt lat="28.0290465" lon="106.9010172">
      </trkpt>
      <trkpt lat="28.0288747" lon="106.9010601">
      </trkpt>
      <trkpt lat="28.0286856" lon="106.9011073">
      </trkpt>
      <trkpt lat="28.027948" lon="106.901476">
      </trkpt>
      <trkpt lat="28.0270802" lon="106.9019406">
      </trkpt>
      <trkpt lat="28.025818" lon="106.902751">
      </trkpt>
      <trkpt lat="28.025068" lon="106.903056">
      </trkpt>
      <trkpt lat="28.024576" lon="106.903109">
      </trkpt>
      <trkpt lat="28.0236927" lon="106.9031421">
      </trkpt>
      <trkpt lat="28.0231093" lon="106.903054">
      </trkpt>
      <trkpt lat="28.0226299" lon="106.9031556">
      </trkpt>
      <trkpt lat="28.02178" lon="106.903513">
      </trkpt>
      <trkpt lat="28.02062" lon="106.90436">
      </trkpt>
      <trkpt lat="28.020186" lon="106.904533">
      </trkpt>
      <trkpt lat="28.018776" lon="106.904879">
      </trkpt>
      <trkpt lat="28.018346" lon="106.905076">
      </trkpt>
      <trkpt lat="28.017553" lon="106.905573">
      </trkpt>
      <trkpt lat="28.016968" lon="106.905838">
      </trkpt>
      <trkpt lat="28.0150204" lon="106.9063655">
      </trkpt>
      <trkpt lat="28.014336" lon="106.906553">
      </trkpt>
      <trkpt lat="28.012949" lon="106.906805">
      </trkpt>
      <trkpt lat="28.011536" lon="106.907188">
      </trkpt>
      <trkpt lat="28.010783" lon="106.907481">
      </trkpt>
      <trkpt lat="28.0095761" lon="106.9081565">
      </trkpt>
      <trkpt lat="28.009358" lon="106.908328">
      </trkpt>
      <trkpt lat="28.008739" lon="106.908543">
      </trkpt>
      <trkpt lat="28.008423" lon="106.908601">
      </trkpt>
      <trkpt lat="28.006981" lon="106.908511">
      </trkpt>
      <trkpt lat="28.006504" lon="106.908533">
      </trkpt>
      <trkpt lat="28.004865" lon="106.909148">
      </trkpt>
      <trkpt lat="28.002355" lon="106.910266">
      </trkpt>
      <trkpt lat="28.0022413" lon="106.910293">
      </trkpt>
      <trkpt lat="28.001603" lon="106.910534">
      </trkpt>
      <trkpt lat="28.001119" lon="106.910618">
      </trkpt>
      <trkpt lat="28.000638" lon="106.910608">
      </trkpt>
      <trkpt lat="27.999278" lon="106.910214">
      </trkpt>
      <trkpt lat="27.998819" lon="106.910141">
      </trkpt>
      <trkpt lat="27.998193" lon="106.910168">
      </trkpt>
      <trkpt lat="27.9975234" lon="106.9102613">
      </trkpt>
      <trkpt lat="27.9941612" lon="106.9107956">
      </trkpt>
      <trkpt lat="27.9933971" lon="106.9110138">
      </trkpt>
      <trkpt lat="27.9922542" lon="106.9114578">
      </trkpt>
      <trkpt lat="27.9917292" lon="106.9116083">
      </trkpt>
      <trkpt lat="27.9915524" lon="106.9116692">
      </trkpt>
      <trkpt lat="27.9913239" lon="106.9116384">
      </trkpt>
      <trkpt lat="27.9909424" lon="106.9115972">
      </trkpt>
      <trkpt lat="27.9909053" lon="106.9115932">
      </trkpt>
      <trkpt lat="27.9904335" lon="106.9114804">
      </trkpt>
      <trkpt lat="27.9894766" lon="106.9111267">
      </trkpt>
      <trkpt lat="27.9890181" lon="106.9110439">
      </trkpt>
      <trkpt lat="27.9885131" lon="106.911059">
      </trkpt>
      <trkpt lat="27.9864531" lon="106.9111794">
      </trkpt>
      <trkpt lat="27.9857686" lon="106.9111568">
      </trkpt>
      <trkpt lat="27.9833498" lon="106.9108934">
      </trkpt>
      <trkpt lat="27.9829178" lon="106.910916">
      </trkpt>
      <trkpt lat="27.9824261" lon="106.9110213">
      </trkpt>
      <trkpt lat="27.9820074" lon="106.9111944">
      </trkpt>
      <trkpt lat="27.9816286" lon="106.9114352">
      </trkpt>
      <trkpt lat="27.9812963" lon="106.9117212">
      </trkpt>
      <trkpt lat="27.9809574" lon="106.9121652">
      </trkpt>
      <trkpt lat="27.9803859" lon="106.9129102">
      </trkpt>
      <trkpt lat="27.9802486" lon="106.9130562">
      </trkpt>
      <trkpt lat="27.9800603" lon="106.9132563">
      </trkpt>
      <trkpt lat="27.9796017" lon="106.9135799">
      </trkpt>
      <trkpt lat="27.9791299" lon="106.913768">
      </trkpt>
      <trkpt lat="27.9786913" lon="106.9138508">
      </trkpt>
      <trkpt lat="27.9776213" lon="106.9139712">
      </trkpt>
      <trkpt lat="27.977176" lon="106.9140766">
      </trkpt>
      <trkpt lat="27.9768105" lon="106.9142572">
      </trkpt>
      <trkpt lat="27.976445" lon="106.914513">
      </trkpt>
      <trkpt lat="27.976146" lon="106.9148065">
      </trkpt>
      <trkpt lat="27.9756475" lon="106.9154236">
      </trkpt>
      <trkpt lat="27.9748423" lon="106.9164323">
      </trkpt>
      <trkpt lat="27.9738407" lon="106.9176321">
      </trkpt>
      <trkpt lat="27.9711966" lon="106.920755">
      </trkpt>
      <trkpt lat="27.9695531" lon="106.9227681">
      </trkpt>
      <trkpt lat="27.9686559" lon="106.9238593">
      </trkpt>
      <trkpt lat="27.968475" lon="106.9240481">
      </trkpt>
      <trkpt lat="27.9682305" lon="106.9243033">
      </trkpt>
      <trkpt lat="27.967752" lon="106.9246419">
      </trkpt>
      <trkpt lat="27.9673266" lon="106.9248225">
      </trkpt>
      <trkpt lat="27.9668547" lon="106.9249354">
      </trkpt>
      <trkpt lat="27.9665199" lon="106.9249308">
      </trkpt>
      <trkpt lat="27.9663031" lon="106.9249279">
      </trkpt>
      <trkpt lat="27.9657448" lon="106.9248376">
      </trkpt>
      <trkpt lat="27.9651732" lon="106.9245742">
      </trkpt>
      <trkpt lat="27.9634783" lon="106.9236486">
      </trkpt>
      <trkpt lat="27.963033" lon="106.9234981">
      </trkpt>
      <trkpt lat="27.9625079" lon="106.9233551">
      </trkpt>
      <trkpt lat="27.9620759" lon="106.9233702">
      </trkpt>
      <trkpt lat="27.9616598" lon="106.9234948">
      </trkpt>
      <trkpt lat="27.9616239" lon="106.9235056">
      </trkpt>
      <trkpt lat="27.9611852" lon="106.9236712">
      </trkpt>
      <trkpt lat="27.9607" lon="106.9240248">
      </trkpt>
      <trkpt lat="27.9603278" lon="106.9244387">
      </trkpt>
      <trkpt lat="27.9600154" lon="106.924815">
      </trkpt>
      <trkpt lat="27.9588955" lon="106.9263851">
      </trkpt>
      <trkpt lat="27.9584491" lon="106.9269742">
      </trkpt>
      <trkpt lat="27.9579548" lon="106.9274789">
      </trkpt>
      <trkpt lat="27.9564035" lon="106.9287467">
      </trkpt>
      <trkpt lat="27.9559048" lon="106.9291714">
      </trkpt>
      <trkpt lat="27.9547078" lon="106.9302514">
      </trkpt>
      <trkpt lat="27.9545316" lon="106.9304438">
      </trkpt>
      <trkpt lat="27.9539868" lon="106.9309622">
      </trkpt>
      <trkpt lat="27.9536675" lon="106.9312415">
      </trkpt>
      <trkpt lat="27.9521492" lon="106.9329081">
      </trkpt>
      <trkpt lat="27.9519687" lon="106.9330831">
      </trkpt>
      <trkpt lat="27.9516733" lon="106.9333034">
      </trkpt>
      <trkpt lat="27.9511349" lon="106.9335592">
      </trkpt>
      <trkpt lat="27.9506297" lon="106.9337398">
      </trkpt>
      <trkpt lat="27.9501541" lon="106.9337438">
      </trkpt>
      <trkpt lat="27.9500005" lon="106.933764">
      </trkpt>
      <trkpt lat="27.949138" lon="106.9337602">
      </trkpt>
      <trkpt lat="27.9483623" lon="106.9338959">
      </trkpt>
      <trkpt lat="27.9469115" lon="106.9339">
      </trkpt>
      <trkpt lat="27.9462423" lon="106.9337022">
      </trkpt>
      <trkpt lat="27.945757" lon="106.9334464">
      </trkpt>
      <trkpt lat="27.9453781" lon="106.9331454">
      </trkpt>
      <trkpt lat="27.9450806" lon="106.9328405">
      </trkpt>
      <trkpt lat="27.944989" lon="106.9327585">
      </trkpt>
      <trkpt lat="27.9446013" lon="106.9321829">
      </trkpt>
      <trkpt lat="27.9444504" lon="106.931998">
      </trkpt>
      <trkpt lat="27.9440685" lon="106.9314296">
      </trkpt>
      <trkpt lat="27.9437029" lon="106.9310534">
      </trkpt>
      <trkpt lat="27.9432309" lon="106.9307222">
      </trkpt>
      <trkpt lat="27.9425329" lon="106.9304288">
      </trkpt>
      <trkpt lat="27.9418814" lon="106.9303159">
      </trkpt>
      <trkpt lat="27.9414096" lon="106.930346">
      </trkpt>
      <trkpt lat="27.9408648" lon="106.9304964">
      </trkpt>
      <trkpt lat="27.9385059" lon="106.9313388">
      </trkpt>
      <trkpt lat="27.9381338" lon="106.9315494">
      </trkpt>
      <trkpt lat="27.9377551" lon="106.9318352">
      </trkpt>
      <trkpt lat="27.9375258" lon="106.9320817">
      </trkpt>
      <trkpt lat="27.9374893" lon="106.932121">
      </trkpt>
      <trkpt lat="27.9372301" lon="106.9325121">
      </trkpt>
      <trkpt lat="27.9370042" lon="106.9329484">
      </trkpt>
      <trkpt lat="27.93692" lon="106.9332169">
      </trkpt>
      <trkpt lat="27.936778" lon="106.9337407">
      </trkpt>
      <trkpt lat="27.9365565" lon="106.9351318">
      </trkpt>
      <trkpt lat="27.9359905" lon="106.9380641">
      </trkpt>
      <trkpt lat="27.9358464" lon="106.9387534">
      </trkpt>
      <trkpt lat="27.9356758" lon="106.9393274">
      </trkpt>
      <trkpt lat="27.9354681" lon="106.9398153">
      </trkpt>
      <trkpt lat="27.9352132" lon="106.9403466">
      </trkpt>
      <trkpt lat="27.9348866" lon="106.94085">
      </trkpt>
      <trkpt lat="27.9344761" lon="106.9413931">
      </trkpt>
      <trkpt lat="27.9338772" lon="106.9421625">
      </trkpt>
      <trkpt lat="27.9332763" lon="106.9429437">
      </trkpt>
      <trkpt lat="27.932828" lon="106.9435162">
      </trkpt>
      <trkpt lat="27.9302653" lon="106.9467544">
      </trkpt>
      <trkpt lat="27.9296179" lon="106.9473503">
      </trkpt>
      <trkpt lat="27.9290401" lon="106.9477389">
      </trkpt>
      <trkpt lat="27.928915" lon="106.947823">
      </trkpt>
      <trkpt lat="27.9279903" lon="106.9483423">
      </trkpt>
      <trkpt lat="27.927416" lon="106.9485335">
      </trkpt>
      <trkpt lat="27.9262576" lon="106.9489192">
      </trkpt>
      <trkpt lat="27.9260118" lon="106.949001">
      </trkpt>
      <trkpt lat="27.9260091" lon="106.9490019">
      </trkpt>
      <trkpt lat="27.9253602" lon="106.9492488">
      </trkpt>
      <trkpt lat="27.9250139" lon="106.9493805">
      </trkpt>
      <trkpt lat="27.9242458" lon="106.9497306">
      </trkpt>
      <trkpt lat="27.9239058" lon="106.9499604">
      </trkpt>
      <trkpt lat="27.9236558" lon="106.9501293">
      </trkpt>
      <trkpt lat="27.9232924" lon="106.9504587">
      </trkpt>
      <trkpt lat="27.922527" lon="106.9511526">
      </trkpt>
      <trkpt lat="27.9217955" lon="106.9518157">
      </trkpt>
      <trkpt lat="27.9210443" lon="106.9524967">
      </trkpt>
      <trkpt lat="27.920616" lon="106.952885">
      </trkpt>
      <trkpt lat="27.9193903" lon="106.9539662">
      </trkpt>
      <trkpt lat="27.9188128" lon="106.9545038">
      </trkpt>
      <trkpt lat="27.9187816" lon="106.9545479">
      </trkpt>
      <trkpt lat="27.9178435" lon="106.9554033">
      </trkpt>
      <trkpt lat="27.9169606" lon="106.9562084">
      </trkpt>
      <trkpt lat="27.9165793" lon="106.9565471">
      </trkpt>
      <trkpt lat="27.9149459" lon="106.9579982">
      </trkpt>
      <trkpt lat="27.9144165" lon="106.9586292">
      </trkpt>
      <trkpt lat="27.9141986" lon="106.958912">
      </trkpt>
      <trkpt lat="27.914144" lon="106.9589826">
      </trkpt>
      <trkpt lat="27.9139666" lon="106.9593631">
      </trkpt>
      <trkpt lat="27.9135807" lon="106.960659">
      </trkpt>
      <trkpt lat="27.9132272" lon="106.9613059">
      </trkpt>
      <trkpt lat="27.9128297" lon="106.9618027">
      </trkpt>
      <trkpt lat="27.9123369" lon="106.9621856">
      </trkpt>
      <trkpt lat="27.9115708" lon="106.9625902">
      </trkpt>
      <trkpt lat="27.9105469" lon="106.9632768">
      </trkpt>
      <trkpt lat="27.9099475" lon="106.9641781">
      </trkpt>
      <trkpt lat="27.9098135" lon="106.9644484">
      </trkpt>
      <trkpt lat="27.9097613" lon="106.9645051">
      </trkpt>
      <trkpt lat="27.9090269" lon="106.9658226">
      </trkpt>
      <trkpt lat="27.9089642" lon="106.9659351">
      </trkpt>
      <trkpt lat="27.9087454" lon="106.9662382">
      </trkpt>
      <trkpt lat="27.9084416" lon="106.9667451">
      </trkpt>
      <trkpt lat="27.9077391" lon="106.9677676">
      </trkpt>
      <trkpt lat="27.9073323" lon="106.9683515">
      </trkpt>
      <trkpt lat="27.9072501" lon="106.9684839">
      </trkpt>
      <trkpt lat="27.9045231" lon="106.9724864">
      </trkpt>
      <trkpt lat="27.9027224" lon="106.9748473">
      </trkpt>
      <trkpt lat="27.9024779" lon="106.9751188">
      </trkpt>
      <trkpt lat="27.9024223" lon="106.9751806">
      </trkpt>
      <trkpt lat="27.9023104" lon="106.9752576">
      </trkpt>
      <trkpt lat="27.9021311" lon="106.9753811">
      </trkpt>
      <trkpt lat="27.9017723" lon="106.9756067">
      </trkpt>
      <trkpt lat="27.9013271" lon="106.9757796">
      </trkpt>
      <trkpt lat="27.9009084" lon="106.9758473">
      </trkpt>
      <trkpt lat="27.9003901" lon="106.9758397">
      </trkpt>
      <trkpt lat="27.8999945" lon="106.9757729">
      </trkpt>
      <trkpt lat="27.8989216" lon="106.9755916">
      </trkpt>
      <trkpt lat="27.8985362" lon="106.9755991">
      </trkpt>
      <trkpt lat="27.8980844" lon="106.9756969">
      </trkpt>
      <trkpt lat="27.8975793" lon="106.9759149">
      </trkpt>
      <trkpt lat="27.8966424" lon="106.9763285">
      </trkpt>
      <trkpt lat="27.8962703" lon="106.9764488">
      </trkpt>
      <trkpt lat="27.8957785" lon="106.9765089">
      </trkpt>
      <trkpt lat="27.8951805" lon="106.9764713">
      </trkpt>
      <trkpt lat="27.8928347" lon="106.9762834">
      </trkpt>
      <trkpt lat="27.892343" lon="106.9763285">
      </trkpt>
      <trkpt lat="27.8918379" lon="106.9765014">
      </trkpt>
      <trkpt lat="27.8913993" lon="106.9767194">
      </trkpt>
      <trkpt lat="27.8888541" lon="106.9788623">
      </trkpt>
      <trkpt lat="27.888482" lon="106.9790879">
      </trkpt>
      <trkpt lat="27.8881909" lon="106.9792563">
      </trkpt>
      <trkpt lat="27.8880891" lon="106.9793062">
      </trkpt>
      <trkpt lat="27.8862955" lon="106.9798473">
      </trkpt>
      <trkpt lat="27.8858902" lon="106.9800803">
      </trkpt>
      <trkpt lat="27.8822549" lon="106.9834036">
      </trkpt>
      <trkpt lat="27.8817963" lon="106.9838548">
      </trkpt>
      <trkpt lat="27.8808468" lon="106.9847036">
      </trkpt>
      <trkpt lat="27.8805455" lon="106.984967">
      </trkpt>
      <trkpt lat="27.8801229" lon="106.9853993">
      </trkpt>
      <trkpt lat="27.879669" lon="106.985858">
      </trkpt>
      <trkpt lat="27.8790668" lon="106.9865254">
      </trkpt>
      <trkpt lat="27.8778284" lon="106.9880116">
      </trkpt>
      <trkpt lat="27.877778" lon="106.988078">
      </trkpt>
      <trkpt lat="27.876918" lon="106.988923">
      </trkpt>
      <trkpt lat="27.8758362" lon="106.9896243">
      </trkpt>
      <trkpt lat="27.875644" lon="106.989744">
      </trkpt>
      <trkpt lat="27.8746669" lon="106.990267">
      </trkpt>
      <trkpt lat="27.8737545" lon="106.9908169">
      </trkpt>
      <trkpt lat="27.8735279" lon="106.9909379">
      </trkpt>
      <trkpt lat="27.8733123" lon="106.9910571">
      </trkpt>
      <trkpt lat="27.872962" lon="106.9912108">
      </trkpt>
      <trkpt lat="27.8721758" lon="106.9914739">
      </trkpt>
      <trkpt lat="27.8717174" lon="106.9915549">
      </trkpt>
      <trkpt lat="27.8710312" lon="106.9915785">
      </trkpt>
      <trkpt lat="27.870444" lon="106.991626">
      </trkpt>
      <trkpt lat="27.8697534" lon="106.9916901">
      </trkpt>
      <trkpt lat="27.8690428" lon="106.9917145">
      </trkpt>
      <trkpt lat="27.8681469" lon="106.9915423">
      </trkpt>
      <trkpt lat="27.8672807" lon="106.9913102">
      </trkpt>
      <trkpt lat="27.8662364" lon="106.9913473">
      </trkpt>
      <trkpt lat="27.8654915" lon="106.9915507">
      </trkpt>
      <trkpt lat="27.8638118" lon="106.9918804">
      </trkpt>
      <trkpt lat="27.8633663" lon="106.9919012">
      </trkpt>
      <trkpt lat="27.8629373" lon="106.9917093">
      </trkpt>
      <trkpt lat="27.8625493" lon="106.9915373">
      </trkpt>
      <trkpt lat="27.86203" lon="106.9912457">
      </trkpt>
      <trkpt lat="27.8617172" lon="106.991082">
      </trkpt>
      <trkpt lat="27.8612193" lon="106.9908001">
      </trkpt>
      <trkpt lat="27.8609601" lon="106.9906615">
      </trkpt>
      <trkpt lat="27.860131" lon="106.990278">
      </trkpt>
      <trkpt lat="27.8575671" lon="106.9887635">
      </trkpt>
      <trkpt lat="27.856969" lon="106.98844">
      </trkpt>
      <trkpt lat="27.856508" lon="106.988146">
      </trkpt>
      <trkpt lat="27.854848" lon="106.987193">
      </trkpt>
      <trkpt lat="27.854141" lon="106.986736">
      </trkpt>
      <trkpt lat="27.8531879" lon="106.9861903">
      </trkpt>
      <trkpt lat="27.852045" lon="106.985536">
      </trkpt>
      <trkpt lat="27.851671" lon="106.985369">
      </trkpt>
      <trkpt lat="27.851404" lon="106.985294">
      </trkpt>
      <trkpt lat="27.850806" lon="106.985256">
      </trkpt>
      <trkpt lat="27.850161" lon="106.985386">
      </trkpt>
      <trkpt lat="27.849813" lon="106.985531">
      </trkpt>
      <trkpt lat="27.849446" lon="106.985754">
      </trkpt>
      <trkpt lat="27.848498" lon="106.986558">
      </trkpt>
      <trkpt lat="27.848063" lon="106.986833">
      </trkpt>
      <trkpt lat="27.84752" lon="106.987036">
      </trkpt>
      <trkpt lat="27.846879" lon="106.987104">
      </trkpt>
      <trkpt lat="27.846331" lon="106.987021">
      </trkpt>
      <trkpt lat="27.845648" lon="106.986711">
      </trkpt>
      <trkpt lat="27.845038" lon="106.986203">
      </trkpt>
      <trkpt lat="27.843879" lon="106.985028">
      </trkpt>
      <trkpt lat="27.8438074" lon="106.9849361">
      </trkpt>
      <trkpt lat="27.8435296" lon="106.9846736">
      </trkpt>
      <trkpt lat="27.8433905" lon="106.9844147">
      </trkpt>
      <trkpt lat="27.8432821" lon="106.9841044">
      </trkpt>
      <trkpt lat="27.8430982" lon="106.9835474">
      </trkpt>
      <trkpt lat="27.8430325" lon="106.9830795">
      </trkpt>
      <trkpt lat="27.8430325" lon="106.9825968">
      </trkpt>
      <trkpt lat="27.8430982" lon="106.9816983">
      </trkpt>
      <trkpt lat="27.8431179" lon="106.9812378">
      </trkpt>
      <trkpt lat="27.8430851" lon="106.9807848">
      </trkpt>
      <trkpt lat="27.8429931" lon="106.9803244">
      </trkpt>
      <trkpt lat="27.842783" lon="106.979812">
      </trkpt>
      <trkpt lat="27.8425072" lon="106.9793367">
      </trkpt>
      <trkpt lat="27.8421592" lon="106.9789208">
      </trkpt>
      <trkpt lat="27.8412173" lon="106.9781374">
      </trkpt>
      <trkpt lat="27.8407671" lon="106.9777401">
      </trkpt>
      <trkpt lat="27.8404322" lon="106.9773613">
      </trkpt>
      <trkpt lat="27.8400579" lon="106.9768712">
      </trkpt>
      <trkpt lat="27.8398018" lon="106.9764702">
      </trkpt>
      <trkpt lat="27.8395194" lon="106.9759132">
      </trkpt>
      <trkpt lat="27.8391976" lon="106.9751483">
      </trkpt>
      <trkpt lat="27.8384602" lon="106.9734273">
      </trkpt>
      <trkpt lat="27.8376741" lon="106.9712272">
      </trkpt>
      <trkpt lat="27.8375034" lon="106.9706851">
      </trkpt>
      <trkpt lat="27.8374246" lon="106.9700242">
      </trkpt>
      <trkpt lat="27.8373185" lon="106.9688218">
      </trkpt>
      <trkpt lat="27.8373351" lon="106.9686738">
      </trkpt>
      <trkpt lat="27.8373261" lon="106.9684052">
      </trkpt>
      <trkpt lat="27.8372538" lon="106.9680933">
      </trkpt>
      <trkpt lat="27.8371225" lon="106.9676626">
      </trkpt>
      <trkpt lat="27.8367022" lon="106.9666378">
      </trkpt>
      <trkpt lat="27.8365315" lon="106.9661476">
      </trkpt>
      <trkpt lat="27.8364395" lon="106.9656204">
      </trkpt>
      <trkpt lat="27.8364133" lon="106.9652713">
      </trkpt>
      <trkpt lat="27.8364527" lon="106.9648332">
      </trkpt>
      <trkpt lat="27.8366103" lon="106.9639346">
      </trkpt>
      <trkpt lat="27.83663" lon="106.9634148">
      </trkpt>
      <trkpt lat="27.8365906" lon="106.9628578">
      </trkpt>
      <trkpt lat="27.8364855" lon="106.9622488">
      </trkpt>
      <trkpt lat="27.8363476" lon="106.9615359">
      </trkpt>
      <trkpt lat="27.8361966" lon="106.9608973">
      </trkpt>
      <trkpt lat="27.8360324" lon="106.9603997">
      </trkpt>
      <trkpt lat="27.8357631" lon="106.959917">
      </trkpt>
      <trkpt lat="27.8354151" lon="106.9595011">
      </trkpt>
      <trkpt lat="27.8335435" lon="106.9577337">
      </trkpt>
      <trkpt lat="27.8330444" lon="106.9572584">
      </trkpt>
      <trkpt lat="27.8325387" lon="106.9566717">
      </trkpt>
      <trkpt lat="27.8320987" lon="106.9559959">
      </trkpt>
      <trkpt lat="27.8316521" lon="106.9551493">
      </trkpt>
      <trkpt lat="27.8309691" lon="106.9539166">
      </trkpt>
      <trkpt lat="27.8304963" lon="106.9531517">
      </trkpt>
      <trkpt lat="27.827889" lon="106.9497579">
      </trkpt>
      <trkpt lat="27.8275541" lon="106.949342">
      </trkpt>
      <trkpt lat="27.8271206" lon="106.948889">
      </trkpt>
      <trkpt lat="27.8267018" lon="106.9485097">
      </trkpt>
      <trkpt lat="27.8266412" lon="106.9484805">
      </trkpt>
      <trkpt lat="27.8254525" lon="106.9477899">
      </trkpt>
      <trkpt lat="27.8249731" lon="106.9474928">
      </trkpt>
      <trkpt lat="27.8245133" lon="106.9471438">
      </trkpt>
      <trkpt lat="27.8240602" lon="106.9466091">
      </trkpt>
      <trkpt lat="27.8237055" lon="106.9460447">
      </trkpt>
      <trkpt lat="27.8233705" lon="106.9453912">
      </trkpt>
      <trkpt lat="27.8223207" lon="106.9435458">
      </trkpt>
      <trkpt lat="27.8218468" lon="106.9425915">
      </trkpt>
      <trkpt lat="27.8215316" lon="106.9420865">
      </trkpt>
      <trkpt lat="27.8212032" lon="106.9416781">
      </trkpt>
      <trkpt lat="27.8208485" lon="106.9413439">
      </trkpt>
      <trkpt lat="27.8204413" lon="106.9410097">
      </trkpt>
      <trkpt lat="27.8199815" lon="106.9407127">
      </trkpt>
      <trkpt lat="27.8195086" lon="106.9404973">
      </trkpt>
      <trkpt lat="27.8191014" lon="106.9403562">
      </trkpt>
      <trkpt lat="27.8164709" lon="106.9397844">
      </trkpt>
      <trkpt lat="27.8160572" lon="106.9396359">
      </trkpt>
      <trkpt lat="27.8144944" lon="106.9386559">
      </trkpt>
      <trkpt lat="27.8140084" lon="106.9383143">
      </trkpt>
      <trkpt lat="27.8106397" lon="106.9361909">
      </trkpt>
      <trkpt lat="27.8099567" lon="106.9357826">
      </trkpt>
      <trkpt lat="27.8097703" lon="106.9357327">
      </trkpt>
      <trkpt lat="27.8092212" lon="106.9354411">
      </trkpt>
      <trkpt lat="27.8078265" lon="106.9348823">
      </trkpt>
      <trkpt lat="27.8068702" lon="106.9344759">
      </trkpt>
      <trkpt lat="27.8060002" lon="106.9341557">
      </trkpt>
      <trkpt lat="27.8044907" lon="106.9335572">
      </trkpt>
      <trkpt lat="27.8040764" lon="106.9333816">
      </trkpt>
      <trkpt lat="27.8038454" lon="106.9332774">
      </trkpt>
      <trkpt lat="27.8032448" lon="106.9331136">
      </trkpt>
      <trkpt lat="27.802649" lon="106.9329893">
      </trkpt>
      <trkpt lat="27.8016249" lon="106.9329776">
      </trkpt>
      <trkpt lat="27.8004922" lon="106.9331984">
      </trkpt>
      <trkpt lat="27.7996059" lon="106.9336178">
      </trkpt>
      <trkpt lat="27.7987605" lon="106.9343006">
      </trkpt>
      <trkpt lat="27.797914" lon="106.9353225">
      </trkpt>
      <trkpt lat="27.7943343" lon="106.9417165">
      </trkpt>
      <trkpt lat="27.7933477" lon="106.9428391">
      </trkpt>
      <trkpt lat="27.7923224" lon="106.9436146">
      </trkpt>
      <trkpt lat="27.7913921" lon="106.9441498">
      </trkpt>
      <trkpt lat="27.7909408" lon="106.9443413">
      </trkpt>
      <trkpt lat="27.7905156" lon="106.9444626">
      </trkpt>
      <trkpt lat="27.7902963" lon="106.9444927">
      </trkpt>
      <trkpt lat="27.7888487" lon="106.9446918">
      </trkpt>
      <trkpt lat="27.7884016" lon="106.9447554">
      </trkpt>
      <trkpt lat="27.7833744" lon="106.945398">
      </trkpt>
      <trkpt lat="27.7809324" lon="106.9457127">
      </trkpt>
      <trkpt lat="27.7804003" lon="106.9457813">
      </trkpt>
      <trkpt lat="27.7793829" lon="106.9459125">
      </trkpt>
      <trkpt lat="27.7745404" lon="106.9465456">
      </trkpt>
      <trkpt lat="27.7740273" lon="106.9466206">
      </trkpt>
      <trkpt lat="27.7719796" lon="106.9469854">
      </trkpt>
      <trkpt lat="27.770236" lon="106.9474221">
      </trkpt>
      <trkpt lat="27.7689398" lon="106.9478473">
      </trkpt>
      <trkpt lat="27.7674943" lon="106.9483857">
      </trkpt>
      <trkpt lat="27.7648424" lon="106.9494613">
      </trkpt>
      <trkpt lat="27.7631819" lon="106.950087">
      </trkpt>
      <trkpt lat="27.7612761" lon="106.9506312">
      </trkpt>
      <trkpt lat="27.7592963" lon="106.9509915">
      </trkpt>
      <trkpt lat="27.7528026" lon="106.9521142">
      </trkpt>
      <trkpt lat="27.7518894" lon="106.9522729">
      </trkpt>
      <trkpt lat="27.7505409" lon="106.9525375">
      </trkpt>
      <trkpt lat="27.7491664" lon="106.9528449">
      </trkpt>
      <trkpt lat="27.7464159" lon="106.9535488">
      </trkpt>
      <trkpt lat="27.7404642" lon="106.955184">
      </trkpt>
      <trkpt lat="27.7395677" lon="106.9553698">
      </trkpt>
      <trkpt lat="27.7364747" lon="106.9559313">
      </trkpt>
      <trkpt lat="27.7336112" lon="106.9563389">
      </trkpt>
      <trkpt lat="27.7324234" lon="106.9564572">
      </trkpt>
      <trkpt lat="27.7305514" lon="106.9566284">
      </trkpt>
      <trkpt lat="27.7286786" lon="106.9566911">
      </trkpt>
      <trkpt lat="27.7198449" lon="106.9567492">
      </trkpt>
      <trkpt lat="27.7050909" lon="106.9572887">
      </trkpt>
      <trkpt lat="27.7048905" lon="106.9572925">
      </trkpt>
      <trkpt lat="27.7043949" lon="106.9573018">
      </trkpt>
      <trkpt lat="27.7028286" lon="106.9573166">
      </trkpt>
      <trkpt lat="27.7020017" lon="106.9572759">
      </trkpt>
      <trkpt lat="27.7009752" lon="106.9571356">
      </trkpt>
      <trkpt lat="27.6996531" lon="106.9568389">
      </trkpt>
      <trkpt lat="27.6990678" lon="106.9567163">
      </trkpt>
      <trkpt lat="27.6983992" lon="106.956621">
      </trkpt>
      <trkpt lat="27.6977268" lon="106.9565557">
      </trkpt>
      <trkpt lat="27.6961511" lon="106.9564992">
      </trkpt>
      <trkpt lat="27.6947678" lon="106.9563831">
      </trkpt>
      <trkpt lat="27.6925968" lon="106.9559621">
      </trkpt>
      <trkpt lat="27.6905524" lon="106.9554914">
      </trkpt>
      <trkpt lat="27.6882169" lon="106.9548422">
      </trkpt>
      <trkpt lat="27.6862296" lon="106.9541898">
      </trkpt>
      <trkpt lat="27.6835326" lon="106.9530867">
      </trkpt>
      <trkpt lat="27.6748506" lon="106.9490804">
      </trkpt>
      <trkpt lat="27.6738219" lon="106.9486013">
      </trkpt>
      <trkpt lat="27.671006" lon="106.94729">
      </trkpt>
      <trkpt lat="27.6626554" lon="106.943401">
      </trkpt>
      <trkpt lat="27.6607446" lon="106.9425111">
      </trkpt>
      <trkpt lat="27.6601044" lon="106.942213">
      </trkpt>
      <trkpt lat="27.658326" lon="106.9413848">
      </trkpt>
      <trkpt lat="27.6544403" lon="106.9395752">
      </trkpt>
      <trkpt lat="27.6475834" lon="106.9363819">
      </trkpt>
      <trkpt lat="27.6461514" lon="106.935705">
      </trkpt>
      <trkpt lat="27.645493" lon="106.9353754">
      </trkpt>
      <trkpt lat="27.6447894" lon="106.9349867">
      </trkpt>
      <trkpt lat="27.6441004" lon="106.9345509">
      </trkpt>
      <trkpt lat="27.6434736" lon="106.9340944">
      </trkpt>
      <trkpt lat="27.6355466" lon="106.9278801">
      </trkpt>
      <trkpt lat="27.6295768" lon="106.9233646">
      </trkpt>
      <trkpt lat="27.6199182" lon="106.9161263">
      </trkpt>
      <trkpt lat="27.6183279" lon="106.9149579">
      </trkpt>
      <trkpt lat="27.6170801" lon="106.9141067">
      </trkpt>
      <trkpt lat="27.6159986" lon="106.9133688">
      </trkpt>
      <trkpt lat="27.6150738" lon="106.9127894">
      </trkpt>
      <trkpt lat="27.6140634" lon="106.9122049">
      </trkpt>
      <trkpt lat="27.6127843" lon="106.9114864">
      </trkpt>
      <trkpt lat="27.6119979" lon="106.9110902">
      </trkpt>
      <trkpt lat="27.611115" lon="106.9106606">
      </trkpt>
      <trkpt lat="27.6093886" lon="106.9098902">
      </trkpt>
      <trkpt lat="27.6089135" lon="106.9096649">
      </trkpt>
      <trkpt lat="27.601401" lon="106.906181">
      </trkpt>
      <trkpt lat="27.600251" lon="106.905606">
      </trkpt>
      <trkpt lat="27.5994228" lon="106.9051598">
      </trkpt>
      <trkpt lat="27.5987857" lon="106.9047984">
      </trkpt>
      <trkpt lat="27.5979992" lon="106.9043199">
      </trkpt>
      <trkpt lat="27.5974403" lon="106.903984">
      </trkpt>
      <trkpt lat="27.5966407" lon="106.9035051">
      </trkpt>
      <trkpt lat="27.5966115" lon="106.9034816">
      </trkpt>
      <trkpt lat="27.5957176" lon="106.9028645">
      </trkpt>
      <trkpt lat="27.5931968" lon="106.9010657">
      </trkpt>
      <trkpt lat="27.5907815" lon="106.8993812">
      </trkpt>
      <trkpt lat="27.5875681" lon="106.8972947">
      </trkpt>
      <trkpt lat="27.5863161" lon="106.8964651">
      </trkpt>
      <trkpt lat="27.5858052" lon="106.8961587">
      </trkpt>
      <trkpt lat="27.5853376" lon="106.8958958">
      </trkpt>
      <trkpt lat="27.5847649" lon="106.8955633">
      </trkpt>
      <trkpt lat="27.5842433" lon="106.8952271">
      </trkpt>
      <trkpt lat="27.5833662" lon="106.8946132">
      </trkpt>
      <trkpt lat="27.5821935" lon="106.8937179">
      </trkpt>
      <trkpt lat="27.5814851" lon="106.8931953">
      </trkpt>
      <trkpt lat="27.5802402" lon="106.8921516">
      </trkpt>
      <trkpt lat="27.5793406" lon="106.8913388">
      </trkpt>
      <trkpt lat="27.5789915" lon="106.8910349">
      </trkpt>
      <trkpt lat="27.5785477" lon="106.8907226">
      </trkpt>
      <trkpt lat="27.5781059" lon="106.8904597">
      </trkpt>
      <trkpt lat="27.5774612" lon="106.8901383">
      </trkpt>
      <trkpt lat="27.5767184" lon="106.8898269">
      </trkpt>
      <trkpt lat="27.5749323" lon="106.8890953">
      </trkpt>
      <trkpt lat="27.5743049" lon="106.8888307">
      </trkpt>
      <trkpt lat="27.5721244" lon="106.8880565">
      </trkpt>
      <trkpt lat="27.5574126" lon="106.8818134">
      </trkpt>
      <trkpt lat="27.5555046" lon="106.8810038">
      </trkpt>
      <trkpt lat="27.5539014" lon="106.8802681">
      </trkpt>
      <trkpt lat="27.5533155" lon="106.879967">
      </trkpt>
      <trkpt lat="27.5526511" lon="106.8796137">
      </trkpt>
      <trkpt lat="27.552149" lon="106.8792731">
      </trkpt>
      <trkpt lat="27.5517401" lon="106.8789607">
      </trkpt>
      <trkpt lat="27.5513642" lon="106.878632">
      </trkpt>
      <trkpt lat="27.5509604" lon="106.8782161">
      </trkpt>
      <trkpt lat="27.5505294" lon="106.8776646">
      </trkpt>
      <trkpt lat="27.550119" lon="106.8770054">
      </trkpt>
      <trkpt lat="27.5498617" lon="106.8764546">
      </trkpt>
      <trkpt lat="27.5495978" lon="106.8757517">
      </trkpt>
      <trkpt lat="27.5494824" lon="106.8753828">
      </trkpt>
      <trkpt lat="27.5492753" lon="106.8746556">
      </trkpt>
      <trkpt lat="27.5489154" lon="106.8733121">
      </trkpt>
      <trkpt lat="27.5488192" lon="106.8729108">
      </trkpt>
      <trkpt lat="27.546881" lon="106.8641896">
      </trkpt>
      <trkpt lat="27.5467643" lon="106.8637602">
      </trkpt>
      <trkpt lat="27.5466131" lon="106.8633197">
      </trkpt>
      <trkpt lat="27.5464553" lon="106.8629239">
      </trkpt>
      <trkpt lat="27.546237" lon="106.8624399">
      </trkpt>
      <trkpt lat="27.5459993" lon="106.8620077">
      </trkpt>
      <trkpt lat="27.5457258" lon="106.8615875">
      </trkpt>
      <trkpt lat="27.5449377" lon="106.860525">
      </trkpt>
      <trkpt lat="27.5446121" lon="106.8601015">
      </trkpt>
      <trkpt lat="27.5442918" lon="106.8596869">
      </trkpt>
      <trkpt lat="27.5439622" lon="106.8592848">
      </trkpt>
      <trkpt lat="27.5436239" lon="106.8589163">
      </trkpt>
      <trkpt lat="27.5433233" lon="106.8586151">
      </trkpt>
      <trkpt lat="27.5429519" lon="106.8583523">
      </trkpt>
      <trkpt lat="27.5425382" lon="106.8580187">
      </trkpt>
      <trkpt lat="27.5421954" lon="106.8577684">
      </trkpt>
      <trkpt lat="27.5419111" lon="106.8575762">
      </trkpt>
      <trkpt lat="27.5416119" lon="106.8574091">
      </trkpt>
      <trkpt lat="27.5406334" lon="106.8569053">
      </trkpt>
      <trkpt lat="27.540222" lon="106.8567587">
      </trkpt>
      <trkpt lat="27.5384252" lon="106.8558907">
      </trkpt>
      <trkpt lat="27.5376116" lon="106.8555306">
      </trkpt>
      <trkpt lat="27.5370927" lon="106.8552482">
      </trkpt>
      <trkpt lat="27.5365298" lon="106.8549013">
      </trkpt>
      <trkpt lat="27.5359936" lon="106.8545354">
      </trkpt>
      <trkpt lat="27.5344335" lon="106.8533758">
      </trkpt>
      <trkpt lat="27.5337704" lon="106.8528945">
      </trkpt>
      <trkpt lat="27.5332089" lon="106.852525">
      </trkpt>
      <trkpt lat="27.5331376" lon="106.85247">
      </trkpt>
      <trkpt lat="27.5329138" lon="106.8523269">
      </trkpt>
      <trkpt lat="27.532473" lon="106.8520708">
      </trkpt>
      <trkpt lat="27.5309511" lon="106.8511398">
      </trkpt>
      <trkpt lat="27.5307002" lon="106.850991">
      </trkpt>
      <trkpt lat="27.5291622" lon="106.8500796">
      </trkpt>
      <trkpt lat="27.5289067" lon="106.8499282">
      </trkpt>
      <trkpt lat="27.5285767" lon="106.8497292">
      </trkpt>
      <trkpt lat="27.5282763" lon="106.8495481">
      </trkpt>
      <trkpt lat="27.523305" lon="106.8465728">
      </trkpt>
      <trkpt lat="27.5223384" lon="106.8459684">
      </trkpt>
      <trkpt lat="27.520322" lon="106.8447691">
      </trkpt>
      <trkpt lat="27.520018" lon="106.8445883">
      </trkpt>
      <trkpt lat="27.5198289" lon="106.8444757">
      </trkpt>
      <trkpt lat="27.5188613" lon="106.8438997">
      </trkpt>
      <trkpt lat="27.5184397" lon="106.8436828">
      </trkpt>
      <trkpt lat="27.5177126" lon="106.8433536">
      </trkpt>
      <trkpt lat="27.5172854" lon="106.843143">
      </trkpt>
      <trkpt lat="27.5166572" lon="106.8428704">
      </trkpt>
      <trkpt lat="27.5142583" lon="106.8418141">
      </trkpt>
      <trkpt lat="27.5141539" lon="106.8417667">
      </trkpt>
      <trkpt lat="27.5137837" lon="106.8415977">
      </trkpt>
      <trkpt lat="27.5133226" lon="106.8413922">
      </trkpt>
      <trkpt lat="27.5128629" lon="106.841158">
      </trkpt>
      <trkpt lat="27.5122245" lon="106.8408893">
      </trkpt>
      <trkpt lat="27.511412" lon="106.8403801">
      </trkpt>
      <trkpt lat="27.5109222" lon="106.8401592">
      </trkpt>
      <trkpt lat="27.5103208" lon="106.8397262">
      </trkpt>
      <trkpt lat="27.5092378" lon="106.8390738">
      </trkpt>
      <trkpt lat="27.5081445" lon="106.8383987">
      </trkpt>
      <trkpt lat="27.5077959" lon="106.8382192">
      </trkpt>
      <trkpt lat="27.5070637" lon="106.8377453">
      </trkpt>
      <trkpt lat="27.5065958" lon="106.8374261">
      </trkpt>
      <trkpt lat="27.5063378" lon="106.8372724">
      </trkpt>
      <trkpt lat="27.5060271" lon="106.837073">
      </trkpt>
      <trkpt lat="27.5053003" lon="106.8366121">
      </trkpt>
      <trkpt lat="27.5046014" lon="106.8361718">
      </trkpt>
      <trkpt lat="27.5033306" lon="106.8353902">
      </trkpt>
      <trkpt lat="27.5024927" lon="106.8348455">
      </trkpt>
      <trkpt lat="27.5014309" lon="106.8340643">
      </trkpt>
      <trkpt lat="27.5009431" lon="106.8338967">
      </trkpt>
      <trkpt lat="27.4998703" lon="106.8331005">
      </trkpt>
      <trkpt lat="27.4994612" lon="106.83287">
      </trkpt>
      <trkpt lat="27.4990955" lon="106.8326749">
      </trkpt>
      <trkpt lat="27.4985355" lon="106.8324546">
      </trkpt>
      <trkpt lat="27.498134" lon="106.8323564">
      </trkpt>
      <trkpt lat="27.497769" lon="106.8322672">
      </trkpt>
      <trkpt lat="27.4960408" lon="106.8318447">
      </trkpt>
      <trkpt lat="27.4955501" lon="106.8316552">
      </trkpt>
      <trkpt lat="27.4951113" lon="106.831416">
      </trkpt>
      <trkpt lat="27.494791" lon="106.831304">
      </trkpt>
      <trkpt lat="27.4945161" lon="106.8310394">
      </trkpt>
      <trkpt lat="27.494041" lon="106.8306863">
      </trkpt>
      <trkpt lat="27.4931286" lon="106.830053">
      </trkpt>
      <trkpt lat="27.4924506" lon="106.8294594">
      </trkpt>
      <trkpt lat="27.4920024" lon="106.8291585">
      </trkpt>
      <trkpt lat="27.4915604" lon="106.8289001">
      </trkpt>
      <trkpt lat="27.4910865" lon="106.8286425">
      </trkpt>
      <trkpt lat="27.490905" lon="106.8286352">
      </trkpt>
      <trkpt lat="27.4905386" lon="106.8283735">
      </trkpt>
      <trkpt lat="27.490095" lon="106.8282741">
      </trkpt>
      <trkpt lat="27.4899807" lon="106.8281418">
      </trkpt>
      <trkpt lat="27.4892486" lon="106.8279516">
      </trkpt>
      <trkpt lat="27.4886403" lon="106.8277091">
      </trkpt>
      <trkpt lat="27.4883428" lon="106.8275412">
      </trkpt>
      <trkpt lat="27.4873979" lon="106.8271354">
      </trkpt>
      <trkpt lat="27.4864658" lon="106.8267093">
      </trkpt>
      <trkpt lat="27.4861814" lon="106.8265418">
      </trkpt>
      <trkpt lat="27.4859728" lon="106.8264108">
      </trkpt>
      <trkpt lat="27.4843155" lon="106.8254171">
      </trkpt>
      <trkpt lat="27.4820291" lon="106.8240419">
      </trkpt>
      <trkpt lat="27.48132" lon="106.8235952">
      </trkpt>
      <trkpt lat="27.4806329" lon="106.8232032">
      </trkpt>
      <trkpt lat="27.4801444" lon="106.8229173">
      </trkpt>
      <trkpt lat="27.4767485" lon="106.8208291">
      </trkpt>
      <trkpt lat="27.4754451" lon="106.8200944">
      </trkpt>
      <trkpt lat="27.4733743" lon="106.8191334">
      </trkpt>
      <trkpt lat="27.4725922" lon="106.8188152">
      </trkpt>
      <trkpt lat="27.4722358" lon="106.8186312">
      </trkpt>
      <trkpt lat="27.4700821" lon="106.8176729">
      </trkpt>
      <trkpt lat="27.4671835" lon="106.8161556">
      </trkpt>
      <trkpt lat="27.4660479" lon="106.8154692">
      </trkpt>
      <trkpt lat="27.464981" lon="106.8150976">
      </trkpt>
      <trkpt lat="27.4634927" lon="106.8144577">
      </trkpt>
      <trkpt lat="27.4619266" lon="106.8134152">
      </trkpt>
      <trkpt lat="27.459843" lon="106.8126462">
      </trkpt>
      <trkpt lat="27.4574601" lon="106.8117241">
      </trkpt>
      <trkpt lat="27.4562865" lon="106.81127">
      </trkpt>
      <trkpt lat="27.4554923" lon="106.8109242">
      </trkpt>
      <trkpt lat="27.4547574" lon="106.8106043">
      </trkpt>
      <trkpt lat="27.4535835" lon="106.810103">
      </trkpt>
      <trkpt lat="27.4527656" lon="106.8097537">
      </trkpt>
      <trkpt lat="27.4504669" lon="106.8087899">
      </trkpt>
      <trkpt lat="27.450019" lon="106.8085982">
      </trkpt>
      <trkpt lat="27.4476378" lon="106.8076265">
      </trkpt>
      <trkpt lat="27.4460824" lon="106.8069072">
      </trkpt>
      <trkpt lat="27.4437912" lon="106.8059048">
      </trkpt>
      <trkpt lat="27.4387673" lon="106.8037879">
      </trkpt>
      <trkpt lat="27.4387043" lon="106.8037594">
      </trkpt>
      <trkpt lat="27.4385957" lon="106.8037176">
      </trkpt>
      <trkpt lat="27.4354911" lon="106.8025303">
      </trkpt>
      <trkpt lat="27.4350389" lon="106.8023498">
      </trkpt>
      <trkpt lat="27.4305698" lon="106.8009199">
      </trkpt>
      <trkpt lat="27.4298443" lon="106.8005924">
      </trkpt>
      <trkpt lat="27.4291986" lon="106.8001912">
      </trkpt>
      <trkpt lat="27.4288968" lon="106.799973">
      </trkpt>
      <trkpt lat="27.4285586" lon="106.7996649">
      </trkpt>
      <trkpt lat="27.4280879" lon="106.7992089">
      </trkpt>
      <trkpt lat="27.4273051" lon="106.7982214">
      </trkpt>
      <trkpt lat="27.4266939" lon="106.7974537">
      </trkpt>
      <trkpt lat="27.4264439" lon="106.7971954">
      </trkpt>
      <trkpt lat="27.4260802" lon="106.7969372">
      </trkpt>
      <trkpt lat="27.4256784" lon="106.7966661">
      </trkpt>
      <trkpt lat="27.4243545" lon="106.7957732">
      </trkpt>
      <trkpt lat="27.4223642" lon="106.7940568">
      </trkpt>
      <trkpt lat="27.4209927" lon="106.7928568">
      </trkpt>
      <trkpt lat="27.4206924" lon="106.7926424">
      </trkpt>
      <trkpt lat="27.4203204" lon="106.792459">
      </trkpt>
      <trkpt lat="27.4195655" lon="106.7922411">
      </trkpt>
      <trkpt lat="27.4175819" lon="106.7916192">
      </trkpt>
      <trkpt lat="27.4171507" lon="106.7914917">
      </trkpt>
      <trkpt lat="27.4158691" lon="106.7910546">
      </trkpt>
      <trkpt lat="27.4124805" lon="106.7899198">
      </trkpt>
      <trkpt lat="27.412036" lon="106.7897539">
      </trkpt>
      <trkpt lat="27.4115143" lon="106.7896129">
      </trkpt>
      <trkpt lat="27.4110698" lon="106.7895122">
      </trkpt>
      <trkpt lat="27.4106032" lon="106.7894859">
      </trkpt>
      <trkpt lat="27.4099333" lon="106.7893745">
      </trkpt>
      <trkpt lat="27.4092743" lon="106.7890706">
      </trkpt>
      <trkpt lat="27.4086428" lon="106.7886116">
      </trkpt>
      <trkpt lat="27.4081941" lon="106.7882368">
      </trkpt>
      <trkpt lat="27.4076297" lon="106.7878558">
      </trkpt>
      <trkpt lat="27.406523" lon="106.7874662">
      </trkpt>
      <trkpt lat="27.4052335" lon="106.7869085">
      </trkpt>
      <trkpt lat="27.4036809" lon="106.7860703">
      </trkpt>
      <trkpt lat="27.403074" lon="106.785814">
      </trkpt>
      <trkpt lat="27.4026095" lon="106.7857029">
      </trkpt>
      <trkpt lat="27.4020513" lon="106.7856973">
      </trkpt>
      <trkpt lat="27.400979" lon="106.7858599">
      </trkpt>
      <trkpt lat="27.3991625" lon="106.7858494">
      </trkpt>
      <trkpt lat="27.3987453" lon="106.7858766">
      </trkpt>
      <trkpt lat="27.3984334" lon="106.7859415">
      </trkpt>
      <trkpt lat="27.396093" lon="106.7868696">
      </trkpt>
      <trkpt lat="27.3940171" lon="106.7877319">
      </trkpt>
      <trkpt lat="27.3930346" lon="106.7881615">
      </trkpt>
      <trkpt lat="27.3923487" lon="106.7883808">
      </trkpt>
      <trkpt lat="27.391735" lon="106.7884765">
      </trkpt>
      <trkpt lat="27.3908177" lon="106.7883384">
      </trkpt>
      <trkpt lat="27.3882787" lon="106.7876572">
      </trkpt>
      <trkpt lat="27.3866875" lon="106.7873869">
      </trkpt>
      <trkpt lat="27.386234" lon="106.7873446">
      </trkpt>
      <trkpt lat="27.3856376" lon="106.7873209">
      </trkpt>
      <trkpt lat="27.3849484" lon="106.7873338">
      </trkpt>
      <trkpt lat="27.3821596" lon="106.78741">
      </trkpt>
      <trkpt lat="27.3808439" lon="106.7874211">
      </trkpt>
      <trkpt lat="27.380412" lon="106.7874654">
      </trkpt>
      <trkpt lat="27.3800461" lon="106.7875367">
      </trkpt>
      <trkpt lat="27.379252" lon="106.7879082">
      </trkpt>
      <trkpt lat="27.3780625" lon="106.7886631">
      </trkpt>
      <trkpt lat="27.3776621" lon="106.7887686">
      </trkpt>
      <trkpt lat="27.3771623" lon="106.7888354">
      </trkpt>
      <trkpt lat="27.375895" lon="106.7887983">
      </trkpt>
      <trkpt lat="27.3747472" lon="106.7889765">
      </trkpt>
      <trkpt lat="27.3741571" lon="106.7893351">
      </trkpt>
      <trkpt lat="27.3733134" lon="106.7898432">
      </trkpt>
      <trkpt lat="27.3703956" lon="106.7922779">
      </trkpt>
      <trkpt lat="27.3661977" lon="106.7954156">
      </trkpt>
      <trkpt lat="27.3624435" lon="106.797838">
      </trkpt>
      <trkpt lat="27.3619718" lon="106.7980951">
      </trkpt>
      <trkpt lat="27.3613337" lon="106.7983241">
      </trkpt>
      <trkpt lat="27.3608086" lon="106.7984044">
      </trkpt>
      <trkpt lat="27.3602517" lon="106.7983801">
      </trkpt>
      <trkpt lat="27.3596199" lon="106.7982622">
      </trkpt>
      <trkpt lat="27.3592068" lon="106.798118">
      </trkpt>
      <trkpt lat="27.3587256" lon="106.7978632">
      </trkpt>
      <trkpt lat="27.3582694" lon="106.7975428">
      </trkpt>
      <trkpt lat="27.357952" lon="106.797225">
      </trkpt>
      <trkpt lat="27.3576179" lon="106.7967854">
      </trkpt>
      <trkpt lat="27.3571454" lon="106.7958479">
      </trkpt>
      <trkpt lat="27.3570127" lon="106.7953616">
      </trkpt>
      <trkpt lat="27.3569507" lon="106.7949176">
      </trkpt>
      <trkpt lat="27.3569016" lon="106.7940388">
      </trkpt>
      <trkpt lat="27.3568859" lon="106.7932212">
      </trkpt>
      <trkpt lat="27.356866" lon="106.7927125">
      </trkpt>
      <trkpt lat="27.3567322" lon="106.7905574">
      </trkpt>
      <trkpt lat="27.3565903" lon="106.7895842">
      </trkpt>
      <trkpt lat="27.3565328" lon="106.7891899">
      </trkpt>
      <trkpt lat="27.3561301" lon="106.7874149">
      </trkpt>
      <trkpt lat="27.3561144" lon="106.786817">
      </trkpt>
      <trkpt lat="27.3561589" lon="106.7862301">
      </trkpt>
      <trkpt lat="27.3561671" lon="106.7858756">
      </trkpt>
      <trkpt lat="27.3562377" lon="106.7849835">
      </trkpt>
      <trkpt lat="27.3562988" lon="106.7841234">
      </trkpt>
      <trkpt lat="27.356305" lon="106.7834271">
      </trkpt>
      <trkpt lat="27.3561472" lon="106.7825214">
      </trkpt>
      <trkpt lat="27.355625" lon="106.7802132">
      </trkpt>
      <trkpt lat="27.3554033" lon="106.7795806">
      </trkpt>
      <trkpt lat="27.3552025" lon="106.7792065">
      </trkpt>
      <trkpt lat="27.3549448" lon="106.7788648">
      </trkpt>
      <trkpt lat="27.3545041" lon="106.7784521">
      </trkpt>
      <trkpt lat="27.3542366" lon="106.7782769">
      </trkpt>
      <trkpt lat="27.3538681" lon="106.7780947">
      </trkpt>
      <trkpt lat="27.3530145" lon="106.7776769">
      </trkpt>
      <trkpt lat="27.352123" lon="106.7772836">
      </trkpt>
      <trkpt lat="27.3513734" lon="106.7769578">
      </trkpt>
      <trkpt lat="27.3510288" lon="106.7768886">
      </trkpt>
      <trkpt lat="27.3507821" lon="106.7768848">
      </trkpt>
      <trkpt lat="27.3494693" lon="106.7770088">
      </trkpt>
      <trkpt lat="27.3488791" lon="106.7770527">
      </trkpt>
      <trkpt lat="27.3486298" lon="106.7770689">
      </trkpt>
      <trkpt lat="27.3482645" lon="106.7771399">
      </trkpt>
      <trkpt lat="27.3478676" lon="106.7772996">
      </trkpt>
      <trkpt lat="27.3474928" lon="106.7775588">
      </trkpt>
      <trkpt lat="27.3472001" lon="106.777857">
      </trkpt>
      <trkpt lat="27.3463511" lon="106.7790891">
      </trkpt>
      <trkpt lat="27.3460812" lon="106.7794802">
      </trkpt>
      <trkpt lat="27.3457625" lon="106.7798585">
      </trkpt>
      <trkpt lat="27.3453148" lon="106.7803116">
      </trkpt>
      <trkpt lat="27.3450763" lon="106.7804962">
      </trkpt>
      <trkpt lat="27.3433843" lon="106.7815599">
      </trkpt>
      <trkpt lat="27.3420232" lon="106.7825348">
      </trkpt>
      <trkpt lat="27.3408013" lon="106.7835219">
      </trkpt>
      <trkpt lat="27.340301" lon="106.7840175">
      </trkpt>
      <trkpt lat="27.3391559" lon="106.7849946">
      </trkpt>
      <trkpt lat="27.3380603" lon="106.7853749">
      </trkpt>
      <trkpt lat="27.3369699" lon="106.7857034">
      </trkpt>
      <trkpt lat="27.3349324" lon="106.7874842">
      </trkpt>
      <trkpt lat="27.332459" lon="106.7897377">
      </trkpt>
      <trkpt lat="27.3307232" lon="106.7910927">
      </trkpt>
      <trkpt lat="27.3278391" lon="106.7928018">
      </trkpt>
      <trkpt lat="27.3272108" lon="106.7932112">
      </trkpt>
      <trkpt lat="27.32683" lon="106.7933715">
      </trkpt>
      <trkpt lat="27.3265065" lon="106.7934899">
      </trkpt>
      <trkpt lat="27.3260569" lon="106.7935232">
      </trkpt>
      <trkpt lat="27.3254638" lon="106.7934581">
      </trkpt>
      <trkpt lat="27.324509" lon="106.793191">
      </trkpt>
      <trkpt lat="27.3233614" lon="106.7927794">
      </trkpt>
      <trkpt lat="27.3229882" lon="106.7926917">
      </trkpt>
      <trkpt lat="27.322534" lon="106.792663">
      </trkpt>
      <trkpt lat="27.3222259" lon="106.7926817">
      </trkpt>
      <trkpt lat="27.3219226" lon="106.7927515">
      </trkpt>
      <trkpt lat="27.3203388" lon="106.7932304">
      </trkpt>
      <trkpt lat="27.319724" lon="106.793395">
      </trkpt>
      <trkpt lat="27.3191439" lon="106.7936297">
      </trkpt>
      <trkpt lat="27.3187881" lon="106.7937737">
      </trkpt>
      <trkpt lat="27.3160717" lon="106.7948729">
      </trkpt>
      <trkpt lat="27.31576" lon="106.794999">
      </trkpt>
      <trkpt lat="27.315308" lon="106.795094">
      </trkpt>
      <trkpt lat="27.314696" lon="106.795083">
      </trkpt>
      <trkpt lat="27.314078" lon="106.794939">
      </trkpt>
      <trkpt lat="27.313636" lon="106.794743">
      </trkpt>
      <trkpt lat="27.311934" lon="106.793466">
      </trkpt>
      <trkpt lat="27.310288" lon="106.792335">
      </trkpt>
      <trkpt lat="27.309425" lon="106.791886">
      </trkpt>
      <trkpt lat="27.307225" lon="106.792053">
      </trkpt>
      <trkpt lat="27.305903" lon="106.791805">
      </trkpt>
      <trkpt lat="27.304478" lon="106.791146">
      </trkpt>
      <trkpt lat="27.304023" lon="106.791008">
      </trkpt>
      <trkpt lat="27.303391" lon="106.79095">
      </trkpt>
      <trkpt lat="27.301993" lon="106.790986">
      </trkpt>
      <trkpt lat="27.301521" lon="106.790913">
      </trkpt>
      <trkpt lat="27.30108" lon="106.790751">
      </trkpt>
      <trkpt lat="27.300669" lon="106.790501">
      </trkpt>
      <trkpt lat="27.299545" lon="106.789508">
      </trkpt>
      <trkpt lat="27.299021" lon="106.789126">
      </trkpt>
      <trkpt lat="27.298583" lon="106.788934">
      </trkpt>
      <trkpt lat="27.297995" lon="106.788828">
      </trkpt>
      <trkpt lat="27.297525" lon="106.788836">
      </trkpt>
      <trkpt lat="27.29679" lon="106.789059">
      </trkpt>
      <trkpt lat="27.296396" lon="106.78929">
      </trkpt>
      <trkpt lat="27.295556" lon="106.789943">
      </trkpt>
      <trkpt lat="27.295191" lon="106.790173">
      </trkpt>
      <trkpt lat="27.294935" lon="106.790283">
      </trkpt>
      <trkpt lat="27.29357" lon="106.790636">
      </trkpt>
      <trkpt lat="27.293325" lon="106.790775">
      </trkpt>
      <trkpt lat="27.292878" lon="106.791178">
      </trkpt>
      <trkpt lat="27.289308" lon="106.791786">
      </trkpt>
      <trkpt lat="27.287923" lon="106.791411">
      </trkpt>
      <trkpt lat="27.287198" lon="106.791336">
      </trkpt>
      <trkpt lat="27.286934" lon="106.790989">
      </trkpt>
      <trkpt lat="27.286398" lon="106.790436">
      </trkpt>
      <trkpt lat="27.285446" lon="106.789008">
      </trkpt>
      <trkpt lat="27.285054" lon="106.788633">
      </trkpt>
      <trkpt lat="27.284331" lon="106.788173">
      </trkpt>
      <trkpt lat="27.284073" lon="106.788076">
      </trkpt>
      <trkpt lat="27.283183" lon="106.787893">
      </trkpt>
      <trkpt lat="27.279383" lon="106.787506">
      </trkpt>
      <trkpt lat="27.278623" lon="106.787533">
      </trkpt>
      <trkpt lat="27.2783074" lon="106.787572">
      </trkpt>
      <trkpt lat="27.277874" lon="106.787674">
      </trkpt>
      <trkpt lat="27.2755667" lon="106.7886129">
      </trkpt>
      <trkpt lat="27.2751326" lon="106.7888014">
      </trkpt>
      <trkpt lat="27.2742922" lon="106.7890423">
      </trkpt>
      <trkpt lat="27.2716063" lon="106.7897279">
      </trkpt>
      <trkpt lat="27.268673" lon="106.789841">
      </trkpt>
      <trkpt lat="27.267271" lon="106.789833">
      </trkpt>
      <trkpt lat="27.26675" lon="106.78975">
      </trkpt>
      <trkpt lat="27.265996" lon="106.789551">
      </trkpt>
      <trkpt lat="27.265164" lon="106.789249">
      </trkpt>
      <trkpt lat="27.264666" lon="106.789013">
      </trkpt>
      <trkpt lat="27.264215" lon="106.788716">
      </trkpt>
      <trkpt lat="27.262538" lon="106.787376">
      </trkpt>
      <trkpt lat="27.261923" lon="106.786986">
      </trkpt>
      <trkpt lat="27.261203" lon="106.78667">
      </trkpt>
      <trkpt lat="27.2594999" lon="106.7862304">
      </trkpt>
      <trkpt lat="27.259201" lon="106.786021">
      </trkpt>
      <trkpt lat="27.258433" lon="106.78586">
      </trkpt>
      <trkpt lat="27.2583908" lon="106.7859004">
      </trkpt>
      <trkpt lat="27.257948" lon="106.785846">
      </trkpt>
      <trkpt lat="27.25747" lon="106.785916">
      </trkpt>
      <trkpt lat="27.257001" lon="106.786053">
      </trkpt>
      <trkpt lat="27.256548" lon="106.786263">
      </trkpt>
      <trkpt lat="27.25544" lon="106.786959">
      </trkpt>
      <trkpt lat="27.254258" lon="106.787901">
      </trkpt>
      <trkpt lat="27.252991" lon="106.789258">
      </trkpt>
      <trkpt lat="27.252738" lon="106.789454">
      </trkpt>
      <trkpt lat="27.252319" lon="106.789698">
      </trkpt>
      <trkpt lat="27.251876" lon="106.789864">
      </trkpt>
      <trkpt lat="27.251425" lon="106.789938">
      </trkpt>
      <trkpt lat="27.250971" lon="106.789936">
      </trkpt>
      <trkpt lat="27.2504903" lon="106.7899637">
      </trkpt>
      <trkpt lat="27.2498399" lon="106.7896995">
      </trkpt>
      <trkpt lat="27.2498021" lon="106.7896664">
      </trkpt>
      <trkpt lat="27.245643" lon="106.786469">
      </trkpt>
      <trkpt lat="27.245304" lon="106.786254">
      </trkpt>
      <trkpt lat="27.244608" lon="106.785933">
      </trkpt>
      <trkpt lat="27.244009" lon="106.785746">
      </trkpt>
      <trkpt lat="27.243188" lon="106.785606">
      </trkpt>
      <trkpt lat="27.242616" lon="106.785593">
      </trkpt>
      <trkpt lat="27.241146" lon="106.785693">
      </trkpt>
      <trkpt lat="27.2409587" lon="106.785675">
      </trkpt>
      <trkpt lat="27.2407423" lon="106.7856541">
      </trkpt>
      <trkpt lat="27.240471" lon="106.785628">
      </trkpt>
      <trkpt lat="27.240011" lon="106.785485">
      </trkpt>
      <trkpt lat="27.237755" lon="106.784583">
      </trkpt>
      <trkpt lat="27.237073" lon="106.784231">
      </trkpt>
      <trkpt lat="27.235296" lon="106.783499">
      </trkpt>
      <trkpt lat="27.234856" lon="106.783275">
      </trkpt>
      <trkpt lat="27.233979" lon="106.782673">
      </trkpt>
      <trkpt lat="27.233194" lon="106.781878">
      </trkpt>
      <trkpt lat="27.232479" lon="106.780836">
      </trkpt>
      <trkpt lat="27.231631" lon="106.779383">
      </trkpt>
      <trkpt lat="27.2312" lon="106.778533">
      </trkpt>
      <trkpt lat="27.23077" lon="106.777891">
      </trkpt>
      <trkpt lat="27.226868" lon="106.770861">
      </trkpt>
      <trkpt lat="27.226595" lon="106.770458">
      </trkpt>
      <trkpt lat="27.226208" lon="106.770046">
      </trkpt>
      <trkpt lat="27.22584" lon="106.769776">
      </trkpt>
      <trkpt lat="27.225316" lon="106.769548">
      </trkpt>
      <trkpt lat="27.2232364" lon="106.7691599">
      </trkpt>
      <trkpt lat="27.22284" lon="106.768985">
      </trkpt>
      <trkpt lat="27.22206" lon="106.768718">
      </trkpt>
      <trkpt lat="27.221419" lon="106.768335">
      </trkpt>
      <trkpt lat="27.220279" lon="106.767451">
      </trkpt>
      <trkpt lat="27.21975" lon="106.767105">
      </trkpt>
      <trkpt lat="27.219026" lon="106.766771">
      </trkpt>
      <trkpt lat="27.217375" lon="106.766208">
      </trkpt>
      <trkpt lat="27.216939" lon="106.76596">
      </trkpt>
      <trkpt lat="27.216438" lon="106.765506">
      </trkpt>
      <trkpt lat="27.216143" lon="106.765098">
      </trkpt>
      <trkpt lat="27.216001" lon="106.764803">
      </trkpt>
      <trkpt lat="27.215426" lon="106.763001">
      </trkpt>
      <trkpt lat="27.215269" lon="106.762698">
      </trkpt>
      <trkpt lat="27.214975" lon="106.762288">
      </trkpt>
      <trkpt lat="27.214734" lon="106.762038">
      </trkpt>
      <trkpt lat="27.214346" lon="106.761751">
      </trkpt>
      <trkpt lat="27.2130409" lon="106.7612087">
      </trkpt>
      <trkpt lat="27.2126936" lon="106.7610584">
      </trkpt>
      <trkpt lat="27.2123966" lon="106.7608914">
      </trkpt>
      <trkpt lat="27.211973" lon="106.7605571">
      </trkpt>
      <trkpt lat="27.2116567" lon="106.760195">
      </trkpt>
      <trkpt lat="27.2115214" lon="106.7599806">
      </trkpt>
      <trkpt lat="27.2113105" lon="106.7595651">
      </trkpt>
      <trkpt lat="27.2112183" lon="106.7593342">
      </trkpt>
      <trkpt lat="27.2111345" lon="106.7590355">
      </trkpt>
      <trkpt lat="27.2110593" lon="106.7586338">
      </trkpt>
      <trkpt lat="27.2110607" lon="106.7580447">
      </trkpt>
      <trkpt lat="27.2111581" lon="106.7571636">
      </trkpt>
      <trkpt lat="27.2112121" lon="106.7562956">
      </trkpt>
      <trkpt lat="27.2111521" lon="106.7556126">
      </trkpt>
      <trkpt lat="27.2110121" lon="106.7551356">
      </trkpt>
      <trkpt lat="27.2108606" lon="106.7547848">
      </trkpt>
      <trkpt lat="27.2105156" lon="106.7542618">
      </trkpt>
      <trkpt lat="27.2090506" lon="106.7524218">
      </trkpt>
      <trkpt lat="27.2085826" lon="106.7519238">
      </trkpt>
      <trkpt lat="27.2077386" lon="106.7512968">
      </trkpt>
      <trkpt lat="27.2074006" lon="106.7511098">
      </trkpt>
      <trkpt lat="27.2069626" lon="106.7509448">
      </trkpt>
      <trkpt lat="27.206489" lon="106.7508396">
      </trkpt>
      <trkpt lat="27.2063986" lon="106.7508108">
      </trkpt>
      <trkpt lat="27.2056217" lon="106.7507191">
      </trkpt>
      <trkpt lat="27.205455" lon="106.7507184">
      </trkpt>
      <trkpt lat="27.203275" lon="106.750508">
      </trkpt>
      <trkpt lat="27.202514" lon="106.750268">
      </trkpt>
      <trkpt lat="27.201033" lon="106.749605">
      </trkpt>
      <trkpt lat="27.200539" lon="106.74946">
      </trkpt>
      <trkpt lat="27.200118" lon="106.749446">
      </trkpt>
      <trkpt lat="27.199671" lon="106.749505">
      </trkpt>
      <trkpt lat="27.198218" lon="106.749959">
      </trkpt>
      <trkpt lat="27.197779" lon="106.750013">
      </trkpt>
      <trkpt lat="27.196904" lon="106.749941">
      </trkpt>
      <trkpt lat="27.196303" lon="106.74974">
      </trkpt>
      <trkpt lat="27.195941" lon="106.749543">
      </trkpt>
      <trkpt lat="27.195313" lon="106.748988">
      </trkpt>
      <trkpt lat="27.194939" lon="106.748513">
      </trkpt>
      <trkpt lat="27.194715" lon="106.748126">
      </trkpt>
      <trkpt lat="27.1942889" lon="106.7473122">
      </trkpt>
      <trkpt lat="27.1926101" lon="106.7425835">
      </trkpt>
      <trkpt lat="27.1921418" lon="106.7416449">
      </trkpt>
      <trkpt lat="27.1917349" lon="106.7409027">
      </trkpt>
      <trkpt lat="27.1916155" lon="106.7407704">
      </trkpt>
      <trkpt lat="27.1910461" lon="106.7401289">
      </trkpt>
      <trkpt lat="27.190865" lon="106.7399469">
      </trkpt>
      <trkpt lat="27.183679" lon="106.732899">
      </trkpt>
      <trkpt lat="27.1818634" lon="106.7316716">
      </trkpt>
      <trkpt lat="27.1810591" lon="106.7309181">
      </trkpt>
      <trkpt lat="27.180368" lon="106.7305662">
      </trkpt>
      <trkpt lat="27.1791284" lon="106.7302342">
      </trkpt>
      <trkpt lat="27.1786366" lon="106.7299435">
      </trkpt>
      <trkpt lat="27.1782355" lon="106.7295293">
      </trkpt>
      <trkpt lat="27.1770756" lon="106.7280247">
      </trkpt>
      <trkpt lat="27.1766415" lon="106.7274914">
      </trkpt>
      <trkpt lat="27.1762387" lon="106.7271376">
      </trkpt>
      <trkpt lat="27.1757854" lon="106.7268658">
      </trkpt>
      <trkpt lat="27.1754261" lon="106.7266526">
      </trkpt>
      <trkpt lat="27.1749004" lon="106.7265018">
      </trkpt>
      <trkpt lat="27.174145" lon="106.72643">
      </trkpt>
      <trkpt lat="27.173361" lon="106.726616">
      </trkpt>
      <trkpt lat="27.172906" lon="106.726811">
      </trkpt>
      <trkpt lat="27.172496" lon="106.727064">
      </trkpt>
      <trkpt lat="27.1715743" lon="106.7276967">
      </trkpt>
      <trkpt lat="27.169186" lon="106.72953">
      </trkpt>
      <trkpt lat="27.168606" lon="106.729829">
      </trkpt>
      <trkpt lat="27.1681912" lon="106.7299625">
      </trkpt>
      <trkpt lat="27.1681078" lon="106.7299894">
      </trkpt>
      <trkpt lat="27.167994" lon="106.730026">
      </trkpt>
      <trkpt lat="27.1677418" lon="106.7300745">
      </trkpt>
      <trkpt lat="27.1674897" lon="106.730123">
      </trkpt>
      <trkpt lat="27.167218" lon="106.730136">
      </trkpt>
      <trkpt lat="27.166576" lon="106.730098">
      </trkpt>
      <trkpt lat="27.164825" lon="106.729708">
      </trkpt>
      <trkpt lat="27.164185" lon="106.729639">
      </trkpt>
      <trkpt lat="27.163241" lon="106.729796">
      </trkpt>
      <trkpt lat="27.162459" lon="106.73006">
      </trkpt>
      <trkpt lat="27.161715" lon="106.730446">
      </trkpt>
      <trkpt lat="27.161078" lon="106.730963">
      </trkpt>
      <trkpt lat="27.1578707" lon="106.7341221">
      </trkpt>
      <trkpt lat="27.1566984" lon="106.7353353">
      </trkpt>
      <trkpt lat="27.1563692" lon="106.7356682">
      </trkpt>
      <trkpt lat="27.1560039" lon="106.7359791">
      </trkpt>
      <trkpt lat="27.1555801" lon="106.7362238">
      </trkpt>
      <trkpt lat="27.155233" lon="106.736333">
      </trkpt>
      <trkpt lat="27.1548252" lon="106.7364118">
      </trkpt>
      <trkpt lat="27.1544284" lon="106.7363921">
      </trkpt>
      <trkpt lat="27.1539884" lon="106.7362834">
      </trkpt>
      <trkpt lat="27.1535467" lon="106.7360767">
      </trkpt>
      <trkpt lat="27.1529782" lon="106.7356859">
      </trkpt>
      <trkpt lat="27.1525971" lon="106.7353282">
      </trkpt>
      <trkpt lat="27.1523308" lon="106.7349555">
      </trkpt>
      <trkpt lat="27.1521551" lon="106.734555">
      </trkpt>
      <trkpt lat="27.1520113" lon="106.7340848">
      </trkpt>
      <trkpt lat="27.1519364" lon="106.7335243">
      </trkpt>
      <trkpt lat="27.1519272" lon="106.7330405">
      </trkpt>
      <trkpt lat="27.1520211" lon="106.7321399">
      </trkpt>
      <trkpt lat="27.1520359" lon="106.7317936">
      </trkpt>
      <trkpt lat="27.152016" lon="106.7314207">
      </trkpt>
      <trkpt lat="27.1519387" lon="106.7309789">
      </trkpt>
      <trkpt lat="27.1518128" lon="106.7305168">
      </trkpt>
      <trkpt lat="27.151653" lon="106.7301394">
      </trkpt>
      <trkpt lat="27.1514173" lon="106.7297334">
      </trkpt>
      <trkpt lat="27.151112" lon="106.7293915">
      </trkpt>
      <trkpt lat="27.1507745" lon="106.7291273">
      </trkpt>
      <trkpt lat="27.1497256" lon="106.7284883">
      </trkpt>
      <trkpt lat="27.1493162" lon="106.7282058">
      </trkpt>
      <trkpt lat="27.1488286" lon="106.7278101">
      </trkpt>
      <trkpt lat="27.1484393" lon="106.7273659">
      </trkpt>
      <trkpt lat="27.1472659" lon="106.7258738">
      </trkpt>
      <trkpt lat="27.1467011" lon="106.7253869">
      </trkpt>
      <trkpt lat="27.146126" lon="106.725038">
      </trkpt>
      <trkpt lat="27.1453895" lon="106.7247648">
      </trkpt>
      <trkpt lat="27.1447044" lon="106.7243753">
      </trkpt>
      <trkpt lat="27.1442576" lon="106.7240739">
      </trkpt>
      <trkpt lat="27.1438871" lon="106.7236651">
      </trkpt>
      <trkpt lat="27.1434669" lon="106.7231112">
      </trkpt>
      <trkpt lat="27.1432186" lon="106.7225572">
      </trkpt>
      <trkpt lat="27.141543" lon="106.718073">
      </trkpt>
      <trkpt lat="27.141054" lon="106.717231">
      </trkpt>
      <trkpt lat="27.140426" lon="106.716483">
      </trkpt>
      <trkpt lat="27.139705" lon="106.715864">
      </trkpt>
      <trkpt lat="27.13838" lon="106.715018">
      </trkpt>
      <trkpt lat="27.137447" lon="106.714575">
      </trkpt>
      <trkpt lat="27.1373334" lon="106.7145167">
      </trkpt>
      <trkpt lat="27.136708" lon="106.714196">
      </trkpt>
      <trkpt lat="27.136233" lon="106.71413">
      </trkpt>
      <trkpt lat="27.135915" lon="106.714161">
      </trkpt>
      <trkpt lat="27.135313" lon="106.714338">
      </trkpt>
      <trkpt lat="27.135006" lon="106.714499">
      </trkpt>
      <trkpt lat="27.134604" lon="106.714795">
      </trkpt>
      <trkpt lat="27.134251" lon="106.71516">
      </trkpt>
      <trkpt lat="27.133965" lon="106.715568">
      </trkpt>
      <trkpt lat="27.13373" lon="106.716024">
      </trkpt>
      <trkpt lat="27.1332238" lon="106.7172605">
      </trkpt>
      <trkpt lat="27.133086" lon="106.7178092">
      </trkpt>
      <trkpt lat="27.133053" lon="106.718443">
      </trkpt>
      <trkpt lat="27.133026" lon="106.718791">
      </trkpt>
      <trkpt lat="27.13305" lon="106.719319">
      </trkpt>
      <trkpt lat="27.133113" lon="106.719665">
      </trkpt>
      <trkpt lat="27.133556" lon="106.721336">
      </trkpt>
      <trkpt lat="27.133603" lon="106.721845">
      </trkpt>
      <trkpt lat="27.133576" lon="106.722336">
      </trkpt>
      <trkpt lat="27.133423" lon="106.722961">
      </trkpt>
      <trkpt lat="27.133154" lon="106.723531">
      </trkpt>
      <trkpt lat="27.132895" lon="106.72392">
      </trkpt>
      <trkpt lat="27.13236" lon="106.724426">
      </trkpt>
      <trkpt lat="27.131743" lon="106.724758">
      </trkpt>
      <trkpt lat="27.131609" lon="106.724774">
      </trkpt>
      <trkpt lat="27.129798" lon="106.725535">
      </trkpt>
      <trkpt lat="27.129103" lon="106.725698">
      </trkpt>
      <trkpt lat="27.128524" lon="106.725673">
      </trkpt>
      <trkpt lat="27.128099" lon="106.725546">
      </trkpt>
      <trkpt lat="27.1267443" lon="106.7249037">
      </trkpt>
      <trkpt lat="27.1263954" lon="106.7247252">
      </trkpt>
      <trkpt lat="27.126001" lon="106.7245956">
      </trkpt>
      <trkpt lat="27.1255645" lon="106.7245301">
      </trkpt>
      <trkpt lat="27.125093" lon="106.724551">
      </trkpt>
      <trkpt lat="27.1246315" lon="106.7246744">
      </trkpt>
      <trkpt lat="27.1242863" lon="106.7248265">
      </trkpt>
      <trkpt lat="27.1233149" lon="106.7254091">
      </trkpt>
      <trkpt lat="27.1229485" lon="106.7255871">
      </trkpt>
      <trkpt lat="27.122642" lon="106.7256909">
      </trkpt>
      <trkpt lat="27.1223126" lon="106.7257312">
      </trkpt>
      <trkpt lat="27.1219285" lon="106.7257458">
      </trkpt>
      <trkpt lat="27.1215352" lon="106.7256698">
      </trkpt>
      <trkpt lat="27.120549" lon="106.7253806">
      </trkpt>
      <trkpt lat="27.120229" lon="106.7253227">
      </trkpt>
      <trkpt lat="27.119731" lon="106.725318">
      </trkpt>
      <trkpt lat="27.1182218" lon="106.7256297">
      </trkpt>
      <trkpt lat="27.11764" lon="106.7257059">
      </trkpt>
      <trkpt lat="27.116885" lon="106.7256952">
      </trkpt>
      <trkpt lat="27.1158702" lon="106.7255859">
      </trkpt>
      <trkpt lat="27.1146842" lon="106.7254133">
      </trkpt>
      <trkpt lat="27.114253" lon="106.725358">
      </trkpt>
      <trkpt lat="27.113638" lon="106.725555">
      </trkpt>
      <trkpt lat="27.113199" lon="106.725786">
      </trkpt>
      <trkpt lat="27.112928" lon="106.726006">
      </trkpt>
      <trkpt lat="27.111884" lon="106.727121">
      </trkpt>
      <trkpt lat="27.111483" lon="106.727416">
      </trkpt>
      <trkpt lat="27.110734" lon="106.727754">
      </trkpt>
      <trkpt lat="27.110091" lon="106.727946">
      </trkpt>
      <trkpt lat="27.109059" lon="106.728343">
      </trkpt>
      <trkpt lat="27.1084032" lon="106.728535">
      </trkpt>
      <trkpt lat="27.1077794" lon="106.72874">
      </trkpt>
      <trkpt lat="27.1068974" lon="106.7290105">
      </trkpt>
      <trkpt lat="27.1065991" lon="106.7291672">
      </trkpt>
      <trkpt lat="27.1063574" lon="106.7293341">
      </trkpt>
      <trkpt lat="27.105978" lon="106.729768">
      </trkpt>
      <trkpt lat="27.105706" lon="106.730131">
      </trkpt>
      <trkpt lat="27.105499" lon="106.730516">
      </trkpt>
      <trkpt lat="27.105356" lon="106.730936">
      </trkpt>
      <trkpt lat="27.105273" lon="106.731354">
      </trkpt>
      <trkpt lat="27.105248" lon="106.732058">
      </trkpt>
      <trkpt lat="27.105438" lon="106.734301">
      </trkpt>
      <trkpt lat="27.105414" lon="106.734728">
      </trkpt>
      <trkpt lat="27.105305" lon="106.735216">
      </trkpt>
      <trkpt lat="27.105066" lon="106.735805">
      </trkpt>
      <trkpt lat="27.10476" lon="106.736288">
      </trkpt>
      <trkpt lat="27.1043" lon="106.7367341">
      </trkpt>
      <trkpt lat="27.1039411" lon="106.7369699">
      </trkpt>
      <trkpt lat="27.103565" lon="106.737123">
      </trkpt>
      <trkpt lat="27.1017185" lon="106.7376306">
      </trkpt>
      <trkpt lat="27.100188" lon="106.7379526">
      </trkpt>
      <trkpt lat="27.0992519" lon="106.7382164">
      </trkpt>
      <trkpt lat="27.0951484" lon="106.7390994">
      </trkpt>
      <trkpt lat="27.0947483" lon="106.7391844">
      </trkpt>
      <trkpt lat="27.0943624" lon="106.7392017">
      </trkpt>
      <trkpt lat="27.0939189" lon="106.7391371">
      </trkpt>
      <trkpt lat="27.0927519" lon="106.7388075">
      </trkpt>
      <trkpt lat="27.0923215" lon="106.7387211">
      </trkpt>
      <trkpt lat="27.0918913" lon="106.7386965">
      </trkpt>
      <trkpt lat="27.0915919" lon="106.7387352">
      </trkpt>
      <trkpt lat="27.0912804" lon="106.7388104">
      </trkpt>
      <trkpt lat="27.0909352" lon="106.7389247">
      </trkpt>
      <trkpt lat="27.090602" lon="106.7391077">
      </trkpt>
      <trkpt lat="27.090381" lon="106.739303">
      </trkpt>
      <trkpt lat="27.0900138" lon="106.7396202">
      </trkpt>
      <trkpt lat="27.0885697" lon="106.74111">
      </trkpt>
      <trkpt lat="27.088201" lon="106.741433">
      </trkpt>
      <trkpt lat="27.087836" lon="106.741633">
      </trkpt>
      <trkpt lat="27.0876434" lon="106.7417366">
      </trkpt>
      <trkpt lat="27.081497" lon="106.7437011">
      </trkpt>
      <trkpt lat="27.07615" lon="106.745406">
      </trkpt>
      <trkpt lat="27.075538" lon="106.74566">
      </trkpt>
      <trkpt lat="27.0751238" lon="106.745768">
      </trkpt>
      <trkpt lat="27.074813" lon="106.745849">
      </trkpt>
      <trkpt lat="27.0710091" lon="106.746618">
      </trkpt>
      <trkpt lat="27.068646" lon="106.74696">
      </trkpt>
      <trkpt lat="27.0677698" lon="106.7471678">
      </trkpt>
      <trkpt lat="27.0676249" lon="106.7471468">
      </trkpt>
      <trkpt lat="27.0660325" lon="106.7470491">
      </trkpt>
      <trkpt lat="27.0651712" lon="106.7470694">
      </trkpt>
      <trkpt lat="27.0641527" lon="106.7471547">
      </trkpt>
      <trkpt lat="27.061557" lon="106.7474778">
      </trkpt>
      <trkpt lat="27.0612583" lon="106.7475006">
      </trkpt>
      <trkpt lat="27.0609988" lon="106.7475271">
      </trkpt>
      <trkpt lat="27.0607551" lon="106.747562">
      </trkpt>
      <trkpt lat="27.0603902" lon="106.7475975">
      </trkpt>
      <trkpt lat="27.0594345" lon="106.7474709">
      </trkpt>
      <trkpt lat="27.0587087" lon="106.7472071">
      </trkpt>
      <trkpt lat="27.055436" lon="106.74516">
      </trkpt>
      <trkpt lat="27.054859" lon="106.744921">
      </trkpt>
      <trkpt lat="27.054103" lon="106.74478">
      </trkpt>
      <trkpt lat="27.053339" lon="106.744821">
      </trkpt>
      <trkpt lat="27.0531264" lon="106.7448809">
      </trkpt>
      <trkpt lat="27.052611" lon="106.745026">
      </trkpt>
      <trkpt lat="27.0508571" lon="106.7458522">
      </trkpt>
      <trkpt lat="27.049741" lon="106.746378">
      </trkpt>
      <trkpt lat="27.049056" lon="106.746645">
      </trkpt>
      <trkpt lat="27.048643" lon="106.746715">
      </trkpt>
      <trkpt lat="27.0482708" lon="106.7467693">
      </trkpt>
      <trkpt lat="27.0479575" lon="106.7467673">
      </trkpt>
      <trkpt lat="27.0473488" lon="106.7466075">
      </trkpt>
      <trkpt lat="27.0467992" lon="106.7463226">
      </trkpt>
      <trkpt lat="27.0462687" lon="106.746027">
      </trkpt>
      <trkpt lat="27.0450967" lon="106.7453387">
      </trkpt>
      <trkpt lat="27.0447076" lon="106.7451101">
      </trkpt>
      <trkpt lat="27.0440976" lon="106.7447212">
      </trkpt>
      <trkpt lat="27.0435698" lon="106.744399">
      </trkpt>
      <trkpt lat="27.0415368" lon="106.7431173">
      </trkpt>
      <trkpt lat="27.0401863" lon="106.7422752">
      </trkpt>
      <trkpt lat="27.0388136" lon="106.741377">
      </trkpt>
      <trkpt lat="27.0384259" lon="106.7411404">
      </trkpt>
      <trkpt lat="27.038034" lon="106.7409011">
      </trkpt>
      <trkpt lat="27.03738" lon="106.7405297">
      </trkpt>
      <trkpt lat="27.0373358" lon="106.7405018">
      </trkpt>
      <trkpt lat="27.0370673" lon="106.7403289">
      </trkpt>
      <trkpt lat="27.035175" lon="106.739141">
      </trkpt>
      <trkpt lat="27.034663" lon="106.738778">
      </trkpt>
      <trkpt lat="27.034146" lon="106.738173">
      </trkpt>
      <trkpt lat="27.0335705" lon="106.7373647">
      </trkpt>
      <trkpt lat="27.0334317" lon="106.7366689">
      </trkpt>
      <trkpt lat="27.0333955" lon="106.7364877">
      </trkpt>
      <trkpt lat="27.0332735" lon="106.7352287">
      </trkpt>
      <trkpt lat="27.0330555" lon="106.7345897">
      </trkpt>
      <trkpt lat="27.0326525" lon="106.7339297">
      </trkpt>
      <trkpt lat="27.03231" lon="106.733456">
      </trkpt>
      <trkpt lat="27.031729" lon="106.733114">
      </trkpt>
      <trkpt lat="27.024646" lon="106.730056">
      </trkpt>
      <trkpt lat="27.024013" lon="106.729943">
      </trkpt>
      <trkpt lat="27.023366" lon="106.729956">
      </trkpt>
      <trkpt lat="27.022599" lon="106.730155">
      </trkpt>
      <trkpt lat="27.022033" lon="106.73044">
      </trkpt>
      <trkpt lat="27.021388" lon="106.73096">
      </trkpt>
      <trkpt lat="27.019781" lon="106.732653">
      </trkpt>
      <trkpt lat="27.019049" lon="106.733338">
      </trkpt>
      <trkpt lat="27.018389" lon="106.733851">
      </trkpt>
      <trkpt lat="27.0177858" lon="106.7341758">
      </trkpt>
      <trkpt lat="27.017531" lon="106.734313">
      </trkpt>
      <trkpt lat="27.01677" lon="106.734536">
      </trkpt>
      <trkpt lat="27.015989" lon="106.734651">
      </trkpt>
      <trkpt lat="27.0153241" lon="106.7346535">
      </trkpt>
      <trkpt lat="27.0140529" lon="106.7346582">
      </trkpt>
      <trkpt lat="27.0136063" lon="106.7346598">
      </trkpt>
      <trkpt lat="27.0124606" lon="106.734642">
      </trkpt>
      <trkpt lat="27.011944" lon="106.7345365">
      </trkpt>
      <trkpt lat="27.0114699" lon="106.7343393">
      </trkpt>
      <trkpt lat="27.0111245" lon="106.7340871">
      </trkpt>
      <trkpt lat="27.0107968" lon="106.7337629">
      </trkpt>
      <trkpt lat="27.0104572" lon="106.7332459">
      </trkpt>
      <trkpt lat="27.0102427" lon="106.7327437">
      </trkpt>
      <trkpt lat="27.0100757" lon="106.7320757">
      </trkpt>
      <trkpt lat="27.0099047" lon="106.7303337">
      </trkpt>
      <trkpt lat="27.0097657" lon="106.7298327">
      </trkpt>
      <trkpt lat="27.0096277" lon="106.7295137">
      </trkpt>
      <trkpt lat="27.0092627" lon="106.7289237">
      </trkpt>
      <trkpt lat="27.0075757" lon="106.7267837">
      </trkpt>
      <trkpt lat="27.0071997" lon="106.7262387">
      </trkpt>
      <trkpt lat="27.0069177" lon="106.7255987">
      </trkpt>
      <trkpt lat="27.0068195" lon="106.7249453">
      </trkpt>
      <trkpt lat="27.0068034" lon="106.7243978">
      </trkpt>
      <trkpt lat="27.0068808" lon="106.7238185">
      </trkpt>
      <trkpt lat="27.007028" lon="106.7233552">
      </trkpt>
      <trkpt lat="27.0072135" lon="106.7229064">
      </trkpt>
      <trkpt lat="27.0094608" lon="106.7178361">
      </trkpt>
      <trkpt lat="27.0097618" lon="106.7169821">
      </trkpt>
      <trkpt lat="27.0098788" lon="106.7162461">
      </trkpt>
      <trkpt lat="27.0098808" lon="106.7157041">
      </trkpt>
      <trkpt lat="27.0097938" lon="106.7151861">
      </trkpt>
      <trkpt lat="27.0096088" lon="106.7146611">
      </trkpt>
      <trkpt lat="27.0093153" lon="106.7141818">
      </trkpt>
      <trkpt lat="27.0089763" lon="106.7137671">
      </trkpt>
      <trkpt lat="27.0086677" lon="106.7134935">
      </trkpt>
      <trkpt lat="27.008215" lon="106.7132216">
      </trkpt>
      <trkpt lat="27.0081072" lon="106.7131608">
      </trkpt>
      <trkpt lat="27.0077477" lon="106.7130967">
      </trkpt>
      <trkpt lat="27.0073451" lon="106.7130245">
      </trkpt>
      <trkpt lat="27.0068481" lon="106.7130615">
      </trkpt>
      <trkpt lat="27.0064006" lon="106.7131639">
      </trkpt>
      <trkpt lat="27.0060101" lon="106.7133364">
      </trkpt>
      <trkpt lat="27.0056295" lon="106.7135561">
      </trkpt>
      <trkpt lat="27.0051974" lon="106.7139367">
      </trkpt>
      <trkpt lat="27.0049345" lon="106.7143129">
      </trkpt>
      <trkpt lat="27.0047057" lon="106.7147508">
      </trkpt>
      <trkpt lat="27.004376" lon="106.7156467">
      </trkpt>
      <trkpt lat="27.0041685" lon="106.7161711">
      </trkpt>
      <trkpt lat="27.003921" lon="106.7165678">
      </trkpt>
      <trkpt lat="27.0035834" lon="106.7169542">
      </trkpt>
      <trkpt lat="27.0031294" lon="106.7173552">
      </trkpt>
      <trkpt lat="27.0006373" lon="106.7197258">
      </trkpt>
      <trkpt lat="26.9999114" lon="106.7203585">
      </trkpt>
      <trkpt lat="26.9989425" lon="106.7209609">
      </trkpt>
      <trkpt lat="26.9981774" lon="106.7212383">
      </trkpt>
      <trkpt lat="26.994265" lon="106.7221714">
      </trkpt>
      <trkpt lat="26.9938923" lon="106.7222225">
      </trkpt>
      <trkpt lat="26.9934396" lon="106.722159">
      </trkpt>
      <trkpt lat="26.9929356" lon="106.7219989">
      </trkpt>
      <trkpt lat="26.9927776" lon="106.7219544">
      </trkpt>
      <trkpt lat="26.9904556" lon="106.7207827">
      </trkpt>
      <trkpt lat="26.9893461" lon="106.7203007">
      </trkpt>
      <trkpt lat="26.988152" lon="106.7197397">
      </trkpt>
      <trkpt lat="26.9876393" lon="106.7194046">
      </trkpt>
      <trkpt lat="26.9871886" lon="106.7189568">
      </trkpt>
      <trkpt lat="26.9868138" lon="106.7184041">
      </trkpt>
      <trkpt lat="26.9865973" lon="106.717816">
      </trkpt>
      <trkpt lat="26.9864972" lon="106.7171702">
      </trkpt>
      <trkpt lat="26.9864711" lon="106.7162204">
      </trkpt>
      <trkpt lat="26.9864711" lon="106.7130889">
      </trkpt>
      <trkpt lat="26.9866157" lon="106.7119937">
      </trkpt>
      <trkpt lat="26.9868697" lon="106.7111504">
      </trkpt>
      <trkpt lat="26.9871953" lon="106.7103004">
      </trkpt>
      <trkpt lat="26.9880837" lon="106.7083895">
      </trkpt>
      <trkpt lat="26.9881045" lon="106.7082787">
      </trkpt>
      <trkpt lat="26.9881985" lon="106.7079517">
      </trkpt>
      <trkpt lat="26.9882517" lon="106.7073627">
      </trkpt>
      <trkpt lat="26.9882116" lon="106.7068677">
      </trkpt>
      <trkpt lat="26.9880922" lon="106.7063561">
      </trkpt>
      <trkpt lat="26.9877824" lon="106.7057437">
      </trkpt>
      <trkpt lat="26.9875142" lon="106.7053272">
      </trkpt>
      <trkpt lat="26.9870522" lon="106.7049237">
      </trkpt>
      <trkpt lat="26.9846904" lon="106.7030158">
      </trkpt>
      <trkpt lat="26.9845128" lon="106.7028731">
      </trkpt>
      <trkpt lat="26.9823089" lon="106.7011029">
      </trkpt>
      <trkpt lat="26.9818134" lon="106.7005554">
      </trkpt>
      <trkpt lat="26.981521" lon="106.7000558">
      </trkpt>
      <trkpt lat="26.9809743" lon="106.6989001">
      </trkpt>
      <trkpt lat="26.9807038" lon="106.6982514">
      </trkpt>
      <trkpt lat="26.9805382" lon="106.6975195">
      </trkpt>
      <trkpt lat="26.980551" lon="106.6968795">
      </trkpt>
      <trkpt lat="26.9806971" lon="106.6958133">
      </trkpt>
      <trkpt lat="26.9807123" lon="106.6953539">
      </trkpt>
      <trkpt lat="26.9806174" lon="106.694598">
      </trkpt>
      <trkpt lat="26.9804313" lon="106.6940425">
      </trkpt>
      <trkpt lat="26.9796619" lon="106.6921996">
      </trkpt>
      <trkpt lat="26.9790432" lon="106.6912437">
      </trkpt>
      <trkpt lat="26.9780864" lon="106.6908113">
      </trkpt>
      <trkpt lat="26.9774905" lon="106.6907162">
      </trkpt>
      <trkpt lat="26.9769577" lon="106.6907201">
      </trkpt>
      <trkpt lat="26.9763457" lon="106.6908588">
      </trkpt>
      <trkpt lat="26.9758232" lon="106.6911051">
      </trkpt>
      <trkpt lat="26.973085" lon="106.6925337">
      </trkpt>
      <trkpt lat="26.972778" lon="106.6926588">
      </trkpt>
      <trkpt lat="26.9724658" lon="106.692851">
      </trkpt>
      <trkpt lat="26.971985" lon="106.6931793">
      </trkpt>
      <trkpt lat="26.9712587" lon="106.6938973">
      </trkpt>
      <trkpt lat="26.9706452" lon="106.6946875">
      </trkpt>
      <trkpt lat="26.9703945" lon="106.6950128">
      </trkpt>
      <trkpt lat="26.9700259" lon="106.6953825">
      </trkpt>
      <trkpt lat="26.9696838" lon="106.695655">
      </trkpt>
      <trkpt lat="26.969344" lon="106.6958946">
      </trkpt>
      <trkpt lat="26.9692499" lon="106.6959609">
      </trkpt>
      <trkpt lat="26.9687037" lon="106.6961693">
      </trkpt>
      <trkpt lat="26.9685401" lon="106.6962104">
      </trkpt>
      <trkpt lat="26.9682834" lon="106.696275">
      </trkpt>
      <trkpt lat="26.9678016" lon="106.6962846">
      </trkpt>
      <trkpt lat="26.9675951" lon="106.6962917">
      </trkpt>
      <trkpt lat="26.9673318" lon="106.6962717">
      </trkpt>
      <trkpt lat="26.9670112" lon="106.6962237">
      </trkpt>
      <trkpt lat="26.966688" lon="106.696153">
      </trkpt>
      <trkpt lat="26.9663418" lon="106.69604">
      </trkpt>
      <trkpt lat="26.9658298" lon="106.695873">
      </trkpt>
      <trkpt lat="26.9647296" lon="106.6955141">
      </trkpt>
      <trkpt lat="26.9641198" lon="106.6953278">
      </trkpt>
      <trkpt lat="26.961294" lon="106.6944343">
      </trkpt>
      <trkpt lat="26.9598916" lon="106.6939886">
      </trkpt>
      <trkpt lat="26.9583189" lon="106.6934858">
      </trkpt>
      <trkpt lat="26.9562742" lon="106.6928399">
      </trkpt>
      <trkpt lat="26.9559273" lon="106.69273">
      </trkpt>
      <trkpt lat="26.9553072" lon="106.6925304">
      </trkpt>
      <trkpt lat="26.954719" lon="106.692341">
      </trkpt>
      <trkpt lat="26.9544519" lon="106.692255">
      </trkpt>
      <trkpt lat="26.953934" lon="106.6920883">
      </trkpt>
      <trkpt lat="26.953636" lon="106.6920036">
      </trkpt>
      <trkpt lat="26.9534172" lon="106.6919593">
      </trkpt>
      <trkpt lat="26.9531849" lon="106.6919379">
      </trkpt>
      <trkpt lat="26.952756" lon="106.691932">
      </trkpt>
      <trkpt lat="26.9524684" lon="106.6919477">
      </trkpt>
      <trkpt lat="26.9520811" lon="106.6920021">
      </trkpt>
      <trkpt lat="26.9517016" lon="106.6921097">
      </trkpt>
      <trkpt lat="26.95139" lon="106.6922445">
      </trkpt>
      <trkpt lat="26.9511908" lon="106.6923493">
      </trkpt>
      <trkpt lat="26.9508919" lon="106.6925324">
      </trkpt>
      <trkpt lat="26.9505377" lon="106.6928171">
      </trkpt>
      <trkpt lat="26.950189" lon="106.6931752">
      </trkpt>
      <trkpt lat="26.9498367" lon="106.693679">
      </trkpt>
      <trkpt lat="26.949613" lon="106.6941149">
      </trkpt>
      <trkpt lat="26.9494526" lon="106.6944829">
      </trkpt>
      <trkpt lat="26.9491961" lon="106.6951579">
      </trkpt>
      <trkpt lat="26.9489019" lon="106.6961212">
      </trkpt>
      <trkpt lat="26.9485711" lon="106.6970643">
      </trkpt>
      <trkpt lat="26.9481062" lon="106.6978583">
      </trkpt>
      <trkpt lat="26.947565" lon="106.6984888">
      </trkpt>
      <trkpt lat="26.9469683" lon="106.6990337">
      </trkpt>
      <trkpt lat="26.9463368" lon="106.6994385">
      </trkpt>
      <trkpt lat="26.9457262" lon="106.6997576">
      </trkpt>
      <trkpt lat="26.9448657" lon="106.7000379">
      </trkpt>
      <trkpt lat="26.9442551" lon="106.7001468">
      </trkpt>
      <trkpt lat="26.9438093" lon="106.7001416">
      </trkpt>
      <trkpt lat="26.9435889" lon="106.7001391">
      </trkpt>
      <trkpt lat="26.9430685" lon="106.7000923">
      </trkpt>
      <trkpt lat="26.9426902" lon="106.6999991">
      </trkpt>
      <trkpt lat="26.942437" lon="106.6999367">
      </trkpt>
      <trkpt lat="26.9415211" lon="106.6996097">
      </trkpt>
      <trkpt lat="26.9378539" lon="106.6980089">
      </trkpt>
      <trkpt lat="26.9363234" lon="106.6973446">
      </trkpt>
      <trkpt lat="26.9357524" lon="106.6972197">
      </trkpt>
      <trkpt lat="26.93522" lon="106.6971033">
      </trkpt>
      <trkpt lat="26.9339709" lon="106.6970877">
      </trkpt>
      <trkpt lat="26.9327703" lon="106.6972667">
      </trkpt>
      <trkpt lat="26.9316183" lon="106.6976715">
      </trkpt>
      <trkpt lat="26.930501" lon="106.6981074">
      </trkpt>
      <trkpt lat="26.9237968" lon="106.7008863">
      </trkpt>
      <trkpt lat="26.9221311" lon="106.7014701">
      </trkpt>
      <trkpt lat="26.9209512" lon="106.701727">
      </trkpt>
      <trkpt lat="26.9190495" lon="106.7017581">
      </trkpt>
      <trkpt lat="26.918413" lon="106.7016301">
      </trkpt>
      <trkpt lat="26.9177724" lon="106.7015013">
      </trkpt>
      <trkpt lat="26.9168145" lon="106.7012055">
      </trkpt>
      <trkpt lat="26.9166789" lon="106.7011381">
      </trkpt>
      <trkpt lat="26.9157804" lon="106.7006917">
      </trkpt>
      <trkpt lat="26.9146205" lon="106.6999211">
      </trkpt>
      <trkpt lat="26.9134129" lon="106.6990132">
      </trkpt>
      <trkpt lat="26.9129094" lon="106.6987042">
      </trkpt>
      <trkpt lat="26.9123311" lon="106.69846">
      </trkpt>
      <trkpt lat="26.9118344" lon="106.6983036">
      </trkpt>
      <trkpt lat="26.9113619" lon="106.6982276">
      </trkpt>
      <trkpt lat="26.9108568" lon="106.698206">
      </trkpt>
      <trkpt lat="26.9102266" lon="106.6982573">
      </trkpt>
      <trkpt lat="26.90982" lon="106.6983382">
      </trkpt>
      <trkpt lat="26.9060819" lon="106.6994253">
      </trkpt>
      <trkpt lat="26.905365" lon="106.6996088">
      </trkpt>
      <trkpt lat="26.9047708" lon="106.6997274">
      </trkpt>
      <trkpt lat="26.9040636" lon="106.6997679">
      </trkpt>
      <trkpt lat="26.9035752" lon="106.6997301">
      </trkpt>
      <trkpt lat="26.9030821" lon="106.6996465">
      </trkpt>
      <trkpt lat="26.8977583" lon="106.6986565">
      </trkpt>
      <trkpt lat="26.8973775" lon="106.6985832">
      </trkpt>
      <trkpt lat="26.8945369" lon="106.6980361">
      </trkpt>
      <trkpt lat="26.8937815" lon="106.6979578">
      </trkpt>
      <trkpt lat="26.8908969" lon="106.6980091">
      </trkpt>
      <trkpt lat="26.890127" lon="106.6979255">
      </trkpt>
      <trkpt lat="26.8893715" lon="106.6977798">
      </trkpt>
      <trkpt lat="26.8853849" lon="106.6967493">
      </trkpt>
      <trkpt lat="26.8849157" lon="106.6967089">
      </trkpt>
      <trkpt lat="26.8843815" lon="106.6967493">
      </trkpt>
      <trkpt lat="26.8827623" lon="106.6971054">
      </trkpt>
      <trkpt lat="26.8816699" lon="106.6973131">
      </trkpt>
      <trkpt lat="26.8810179" lon="106.6974642">
      </trkpt>
      <trkpt lat="26.8804597" lon="106.6976449">
      </trkpt>
      <trkpt lat="26.8802604" lon="106.6977234">
      </trkpt>
      <trkpt lat="26.8798292" lon="106.6978931">
      </trkpt>
      <trkpt lat="26.8792085" lon="106.6982276">
      </trkpt>
      <trkpt lat="26.8786478" lon="106.6986026">
      </trkpt>
      <trkpt lat="26.8781907" lon="106.699018">
      </trkpt>
      <trkpt lat="26.8776324" lon="106.6996573">
      </trkpt>
      <trkpt lat="26.877144" lon="106.7003371">
      </trkpt>
      <trkpt lat="26.8765809" lon="106.7014323">
      </trkpt>
      <trkpt lat="26.8743567" lon="106.7066866">
      </trkpt>
      <trkpt lat="26.8740488" lon="106.7073409">
      </trkpt>
      <trkpt lat="26.8737066" lon="106.7078687">
      </trkpt>
      <trkpt lat="26.8731997" lon="106.708533">
      </trkpt>
      <trkpt lat="26.8726054" lon="106.7091185">
      </trkpt>
      <trkpt lat="26.8720308" lon="106.709441">
      </trkpt>
      <trkpt lat="26.8714412" lon="106.7096969">
      </trkpt>
      <trkpt lat="26.87085" lon="106.7098473">
      </trkpt>
      <trkpt lat="26.8702293" lon="106.7099046">
      </trkpt>
      <trkpt lat="26.8695231" lon="106.7098708">
      </trkpt>
      <trkpt lat="26.8690232" lon="106.7097697">
      </trkpt>
      <trkpt lat="26.8683151" lon="106.7094973">
      </trkpt>
      <trkpt lat="26.8673652" lon="106.7090256">
      </trkpt>
      <trkpt lat="26.8659094" lon="106.7083026">
      </trkpt>
      <trkpt lat="26.8654026" lon="106.7081236">
      </trkpt>
      <trkpt lat="26.8649513" lon="106.7079796">
      </trkpt>
      <trkpt lat="26.864632" lon="106.707929">
      </trkpt>
      <trkpt lat="26.8642362" lon="106.7078668">
      </trkpt>
      <trkpt lat="26.8606849" lon="106.7076722">
      </trkpt>
      <trkpt lat="26.8506586" lon="106.7068589">
      </trkpt>
      <trkpt lat="26.8494955" lon="106.7067383">
      </trkpt>
      <trkpt lat="26.8490789" lon="106.7066371">
      </trkpt>
      <trkpt lat="26.8485546" lon="106.7064386">
      </trkpt>
      <trkpt lat="26.8469193" lon="106.705707">
      </trkpt>
      <trkpt lat="26.8465721" lon="106.7055981">
      </trkpt>
      <trkpt lat="26.846211" lon="106.7055164">
      </trkpt>
      <trkpt lat="26.845784" lon="106.705458">
      </trkpt>
      <trkpt lat="26.8454298" lon="106.7054307">
      </trkpt>
      <trkpt lat="26.8450375" lon="106.7054385">
      </trkpt>
      <trkpt lat="26.843673" lon="106.7055358">
      </trkpt>
      <trkpt lat="26.8430758" lon="106.7055553">
      </trkpt>
      <trkpt lat="26.8424577" lon="106.7055358">
      </trkpt>
      <trkpt lat="26.8419578" lon="106.7054619">
      </trkpt>
      <trkpt lat="26.8386592" lon="106.7042672">
      </trkpt>
      <trkpt lat="26.8385204" lon="106.7042454">
      </trkpt>
      <trkpt lat="26.8382128" lon="106.7041972">
      </trkpt>
      <trkpt lat="26.8378828" lon="106.7041695">
      </trkpt>
      <trkpt lat="26.8377855" lon="106.7041614">
      </trkpt>
      <trkpt lat="26.837346" lon="106.7041559">
      </trkpt>
      <trkpt lat="26.8368108" lon="106.7042219">
      </trkpt>
      <trkpt lat="26.8363222" lon="106.7043457">
      </trkpt>
      <trkpt lat="26.8359298" lon="106.7045032">
      </trkpt>
      <trkpt lat="26.8358557" lon="106.7045329">
      </trkpt>
      <trkpt lat="26.8304367" lon="106.7069185">
      </trkpt>
      <trkpt lat="26.8292876" lon="106.7074148">
      </trkpt>
      <trkpt lat="26.8288056" lon="106.7075408">
      </trkpt>
      <trkpt lat="26.8282882" lon="106.7076272">
      </trkpt>
      <trkpt lat="26.8277258" lon="106.7076669">
      </trkpt>
      <trkpt lat="26.8270959" lon="106.7076561">
      </trkpt>
      <trkpt lat="26.8251387" lon="106.7074364">
      </trkpt>
      <trkpt lat="26.8245506" lon="106.7074184">
      </trkpt>
      <trkpt lat="26.8239174" lon="106.7075084">
      </trkpt>
      <trkpt lat="26.8236564" lon="106.7076009">
      </trkpt>
      <trkpt lat="26.8231654" lon="106.7077749">
      </trkpt>
      <trkpt lat="26.8226608" lon="106.7080522">
      </trkpt>
      <trkpt lat="26.8203243" lon="106.7093235">
      </trkpt>
      <trkpt lat="26.8196429" lon="106.7097376">
      </trkpt>
      <trkpt lat="26.8190258" lon="106.710213">
      </trkpt>
      <trkpt lat="26.8184827" lon="106.7107748">
      </trkpt>
      <trkpt lat="26.8168692" lon="106.7127016">
      </trkpt>
      <trkpt lat="26.8165093" lon="106.7132094">
      </trkpt>
      <trkpt lat="26.815995" lon="106.7140089">
      </trkpt>
      <trkpt lat="26.8154711" lon="106.7150209">
      </trkpt>
      <trkpt lat="26.8118397" lon="106.7224315">
      </trkpt>
      <trkpt lat="26.8107045" lon="106.7247481">
      </trkpt>
      <trkpt lat="26.8103413" lon="106.725454">
      </trkpt>
      <trkpt lat="26.8100553" lon="106.7263291">
      </trkpt>
      <trkpt lat="26.8098881" lon="106.727125">
      </trkpt>
      <trkpt lat="26.8098045" lon="106.7278489">
      </trkpt>
      <trkpt lat="26.8098045" lon="106.7284143">
      </trkpt>
      <trkpt lat="26.809856" lon="106.7289725">
      </trkpt>
      <trkpt lat="26.8106595" lon="106.7343926">
      </trkpt>
      <trkpt lat="26.8106788" lon="106.7349544">
      </trkpt>
      <trkpt lat="26.8106113" lon="106.7354838">
      </trkpt>
      <trkpt lat="26.8104795" lon="106.7359556">
      </trkpt>
      <trkpt lat="26.809181" lon="106.7386674">
      </trkpt>
      <trkpt lat="26.8086603" lon="106.7393337">
      </trkpt>
      <trkpt lat="26.8081845" lon="106.7396974">
      </trkpt>
      <trkpt lat="26.8075481" lon="106.7399711">
      </trkpt>
      <trkpt lat="26.8068956" lon="106.7400683">
      </trkpt>
      <trkpt lat="26.8063042" lon="106.7399999">
      </trkpt>
      <trkpt lat="26.8057931" lon="106.7398018">
      </trkpt>
      <trkpt lat="26.8052105" lon="106.739473">
      </trkpt>
      <trkpt lat="26.8025757" lon="106.7377804">
      </trkpt>
      <trkpt lat="26.8022552" lon="106.7375843">
      </trkpt>
      <trkpt lat="26.8018483" lon="106.7374163">
      </trkpt>
      <trkpt lat="26.8014324" lon="106.7373271">
      </trkpt>
      <trkpt lat="26.8009618" lon="106.7373195">
      </trkpt>
      <trkpt lat="26.8005322" lon="106.7373883">
      </trkpt>
      <trkpt lat="26.8001958" lon="106.7375029">
      </trkpt>
      <trkpt lat="26.7997822" lon="106.7376964">
      </trkpt>
      <trkpt lat="26.7993662" lon="106.7379256">
      </trkpt>
      <trkpt lat="26.7987093" lon="106.7383509">
      </trkpt>
      <trkpt lat="26.7982229" lon="106.7385673">
      </trkpt>
      <trkpt lat="26.7978251" lon="106.7386513">
      </trkpt>
      <trkpt lat="26.7974546" lon="106.7386743">
      </trkpt>
      <trkpt lat="26.7969568" lon="106.7386106">
      </trkpt>
      <trkpt lat="26.796584" lon="106.7385138">
      </trkpt>
      <trkpt lat="26.7962294" lon="106.7383407">
      </trkpt>
      <trkpt lat="26.7958884" lon="106.7381268">
      </trkpt>
      <trkpt lat="26.7925174" lon="106.7354605">
      </trkpt>
      <trkpt lat="26.7921582" lon="106.7352008">
      </trkpt>
      <trkpt lat="26.7917945" lon="106.7350021">
      </trkpt>
      <trkpt lat="26.7913103" lon="106.7348392">
      </trkpt>
      <trkpt lat="26.7908716" lon="106.7347831">
      </trkpt>
      <trkpt lat="26.790451" lon="106.7348086">
      </trkpt>
      <trkpt lat="26.7901487" lon="106.7348697">
      </trkpt>
      <trkpt lat="26.7898577" lon="106.7349665">
      </trkpt>
      <trkpt lat="26.7895895" lon="106.7350658">
      </trkpt>
      <trkpt lat="26.7890121" lon="106.7353841">
      </trkpt>
      <trkpt lat="26.7882164" lon="106.7357126">
      </trkpt>
      <trkpt lat="26.7877413" lon="106.7357763">
      </trkpt>
      <trkpt lat="26.7872753" lon="106.7357534">
      </trkpt>
      <trkpt lat="26.7868729" lon="106.7356515">
      </trkpt>
      <trkpt lat="26.7865456" lon="106.7355165">
      </trkpt>
      <trkpt lat="26.7861319" lon="106.7352466">
      </trkpt>
      <trkpt lat="26.785759" lon="106.7349257">
      </trkpt>
      <trkpt lat="26.7855807" lon="106.7347239">
      </trkpt>
      <trkpt lat="26.7846667" lon="106.7336888">
      </trkpt>
      <trkpt lat="26.7842777" lon="106.7332963">
      </trkpt>
      <trkpt lat="26.7839498" lon="106.7330586">
      </trkpt>
      <trkpt lat="26.7835286" lon="106.7328533">
      </trkpt>
      <trkpt lat="26.783101" lon="106.7327273">
      </trkpt>
      <trkpt lat="26.7826799" lon="106.7326948">
      </trkpt>
      <trkpt lat="26.7823166" lon="106.7327164">
      </trkpt>
      <trkpt lat="26.7819244" lon="106.7328065">
      </trkpt>
      <trkpt lat="26.7814839" lon="106.7330046">
      </trkpt>
      <trkpt lat="26.7800082" lon="106.7339212">
      </trkpt>
      <trkpt lat="26.7780309" lon="106.7350645">
      </trkpt>
      <trkpt lat="26.7769345" lon="106.7355975">
      </trkpt>
      <trkpt lat="26.776076" lon="106.7359181">
      </trkpt>
      <trkpt lat="26.7742466" lon="106.7364943">
      </trkpt>
      <trkpt lat="26.7738093" lon="106.7365951">
      </trkpt>
      <trkpt lat="26.773417" lon="106.7366131">
      </trkpt>
      <trkpt lat="26.7729573" lon="106.7365771">
      </trkpt>
      <trkpt lat="26.7725667" lon="106.7364726">
      </trkpt>
      <trkpt lat="26.7714703" lon="106.7360309">
      </trkpt>
      <trkpt lat="26.7711493" lon="106.7359168">
      </trkpt>
      <trkpt lat="26.7707731" lon="106.7358485">
      </trkpt>
      <trkpt lat="26.7703517" lon="106.7358444">
      </trkpt>
      <trkpt lat="26.7699252" lon="106.7359037">
      </trkpt>
      <trkpt lat="26.7688705" lon="106.7361557">
      </trkpt>
      <trkpt lat="26.7684723" lon="106.7361954">
      </trkpt>
      <trkpt lat="26.7678987" lon="106.7361511">
      </trkpt>
      <trkpt lat="26.7674157" lon="106.7359948">
      </trkpt>
      <trkpt lat="26.7669507" lon="106.7357263">
      </trkpt>
      <trkpt lat="26.7665083" lon="106.7353593">
      </trkpt>
      <trkpt lat="26.7661451" lon="106.7348811">
      </trkpt>
      <trkpt lat="26.7658767" lon="106.7343693">
      </trkpt>
      <trkpt lat="26.7656897" lon="106.733703">
      </trkpt>
      <trkpt lat="26.7653719" lon="106.7321173">
      </trkpt>
      <trkpt lat="26.765203" lon="106.7315025">
      </trkpt>
      <trkpt lat="26.7649621" lon="106.7309923">
      </trkpt>
      <trkpt lat="26.7646265" lon="106.7305164">
      </trkpt>
      <trkpt lat="26.7641387" lon="106.7300957">
      </trkpt>
      <trkpt lat="26.7635793" lon="106.7298204">
      </trkpt>
      <trkpt lat="26.7630648" lon="106.7296938">
      </trkpt>
      <trkpt lat="26.7624818" lon="106.7296723">
      </trkpt>
      <trkpt lat="26.7607743" lon="106.7296939">
      </trkpt>
      <trkpt lat="26.7601183" lon="106.7296399">
      </trkpt>
      <trkpt lat="26.7596135" lon="106.7295787">
      </trkpt>
      <trkpt lat="26.759189" lon="106.7294635">
      </trkpt>
      <trkpt lat="26.7587324" lon="106.7292978">
      </trkpt>
      <trkpt lat="26.7581214" lon="106.7289881">
      </trkpt>
      <trkpt lat="26.7575715" lon="106.7286171">
      </trkpt>
      <trkpt lat="26.7570923" lon="106.7282246">
      </trkpt>
      <trkpt lat="26.7566435" lon="106.7277515">
      </trkpt>
      <trkpt lat="26.7549315" lon="106.7253963">
      </trkpt>
      <trkpt lat="26.7539558" lon="106.7240539">
      </trkpt>
      <trkpt lat="26.75346" lon="106.7236108">
      </trkpt>
      <trkpt lat="26.753235" lon="106.7234923">
      </trkpt>
      <trkpt lat="26.7531167" lon="106.72343">
      </trkpt>
      <trkpt lat="26.7527733" lon="106.7232492">
      </trkpt>
      <trkpt lat="26.7518683" lon="106.7230506">
      </trkpt>
      <trkpt lat="26.7506403" lon="106.722852">
      </trkpt>
      <trkpt lat="26.7457284" lon="106.7222255">
      </trkpt>
      <trkpt lat="26.7453435" lon="106.7221837">
      </trkpt>
      <trkpt lat="26.7451721" lon="106.7221707">
      </trkpt>
      <trkpt lat="26.7446153" lon="106.7220476">
      </trkpt>
      <trkpt lat="26.7441457" lon="106.7219215">
      </trkpt>
      <trkpt lat="26.7435733" lon="106.7217091">
      </trkpt>
      <trkpt lat="26.7431134" lon="106.7215002">
      </trkpt>
      <trkpt lat="26.7426181" lon="106.7212013">
      </trkpt>
      <trkpt lat="26.7420681" lon="106.7207979">
      </trkpt>
      <trkpt lat="26.7415825" lon="106.7203694">
      </trkpt>
      <trkpt lat="26.7395143" lon="106.7178972">
      </trkpt>
      <trkpt lat="26.7391807" lon="106.7176015">
      </trkpt>
      <trkpt lat="26.7387358" lon="106.7172785">
      </trkpt>
      <trkpt lat="26.7381971" lon="106.7170606">
      </trkpt>
      <trkpt lat="26.7377033" lon="106.7169849">
      </trkpt>
      <trkpt lat="26.7361164" lon="106.7170156">
      </trkpt>
      <trkpt lat="26.7357673" lon="106.7170017">
      </trkpt>
      <trkpt lat="26.7353621" lon="106.716926">
      </trkpt>
      <trkpt lat="26.7350519" lon="106.71681">
      </trkpt>
      <trkpt lat="26.7346742" lon="106.7166161">
      </trkpt>
      <trkpt lat="26.7343549" lon="106.7163696">
      </trkpt>
      <trkpt lat="26.7340538" lon="106.7160771">
      </trkpt>
      <trkpt lat="26.7332438" lon="106.7149796">
      </trkpt>
      <trkpt lat="26.7329453" lon="106.7146364">
      </trkpt>
      <trkpt lat="26.7326759" lon="106.7143787">
      </trkpt>
      <trkpt lat="26.7323513" lon="106.7141395">
      </trkpt>
      <trkpt lat="26.7320335" lon="106.7139589">
      </trkpt>
      <trkpt lat="26.7316831" lon="106.7138211">
      </trkpt>
      <trkpt lat="26.7313844" lon="106.7137384">
      </trkpt>
      <trkpt lat="26.7311261" lon="106.7137069">
      </trkpt>
      <trkpt lat="26.7310277" lon="106.7136971">
      </trkpt>
      <trkpt lat="26.7294763" lon="106.7135959">
      </trkpt>
      <trkpt lat="26.729204" lon="106.7135689">
      </trkpt>
      <trkpt lat="26.72881" lon="106.713498">
      </trkpt>
      <trkpt lat="26.7283915" lon="106.7133416">
      </trkpt>
      <trkpt lat="26.7273888" lon="106.7128786">
      </trkpt>
      <trkpt lat="26.7265082" lon="106.7124809">
      </trkpt>
      <trkpt lat="26.7260279" lon="106.7124131">
      </trkpt>
      <trkpt lat="26.7240587" lon="106.7123764">
      </trkpt>
      <trkpt lat="26.7234702" lon="106.7123063">
      </trkpt>
      <trkpt lat="26.723036" lon="106.7122045">
      </trkpt>
      <trkpt lat="26.7226502" lon="106.7120716">
      </trkpt>
      <trkpt lat="26.7221453" lon="106.7118658">
      </trkpt>
      <trkpt lat="26.7215629" lon="106.7116048">
      </trkpt>
      <trkpt lat="26.7204048" lon="106.7111892">
      </trkpt>
      <trkpt lat="26.7200646" lon="106.7110937">
      </trkpt>
      <trkpt lat="26.7197397" lon="106.7110267">
      </trkpt>
      <trkpt lat="26.7194177" lon="106.7109836">
      </trkpt>
      <trkpt lat="26.7190814" lon="106.7109724">
      </trkpt>
      <trkpt lat="26.718757" lon="106.7109845">
      </trkpt>
      <trkpt lat="26.7183816" lon="106.7110402">
      </trkpt>
      <trkpt lat="26.7179567" lon="106.71114">
      </trkpt>
      <trkpt lat="26.7176006" lon="106.7112824">
      </trkpt>
      <trkpt lat="26.7171581" lon="106.7114976">
      </trkpt>
      <trkpt lat="26.715409" lon="106.7124979">
      </trkpt>
      <trkpt lat="26.7142618" lon="106.7131314">
      </trkpt>
      <trkpt lat="26.7137635" lon="106.7133808">
      </trkpt>
      <trkpt lat="26.7134006" lon="106.7135335">
      </trkpt>
      <trkpt lat="26.712982" lon="106.713665">
      </trkpt>
      <trkpt lat="26.7126105" lon="106.7137279">
      </trkpt>
      <trkpt lat="26.7122481" lon="106.7137871">
      </trkpt>
      <trkpt lat="26.7116769" lon="106.713825">
      </trkpt>
      <trkpt lat="26.7096908" lon="106.7139445">
      </trkpt>
      <trkpt lat="26.7092056" lon="106.7139697">
      </trkpt>
      <trkpt lat="26.708044" lon="106.7140305">
      </trkpt>
      <trkpt lat="26.7077707" lon="106.7140481">
      </trkpt>
      <trkpt lat="26.705985" lon="106.714151">
      </trkpt>
      <trkpt lat="26.7054916" lon="106.714157">
      </trkpt>
      <trkpt lat="26.7050582" lon="106.7141185">
      </trkpt>
      <trkpt lat="26.7046832" lon="106.714047">
      </trkpt>
      <trkpt lat="26.7043184" lon="106.7139407">
      </trkpt>
      <trkpt lat="26.7039427" lon="106.7138072">
      </trkpt>
      <trkpt lat="26.7035846" lon="106.7136321">
      </trkpt>
      <trkpt lat="26.7033101" lon="106.7134589">
      </trkpt>
      <trkpt lat="26.703076" lon="106.7132877">
      </trkpt>
      <trkpt lat="26.7023356" lon="106.7126142">
      </trkpt>
      <trkpt lat="26.7020625" lon="106.7123705">
      </trkpt>
      <trkpt lat="26.701848" lon="106.7122061">
      </trkpt>
      <trkpt lat="26.7016443" lon="106.7120694">
      </trkpt>
      <trkpt lat="26.701446" lon="106.7119666">
      </trkpt>
      <trkpt lat="26.7005164" lon="106.7115151">
      </trkpt>
      <trkpt lat="26.6998906" lon="106.7112158">
      </trkpt>
      <trkpt lat="26.6997137" lon="106.7111305">
      </trkpt>
      <trkpt lat="26.6984961" lon="106.7105428">
      </trkpt>
      <trkpt lat="26.6975384" lon="106.7101213">
      </trkpt>
      <trkpt lat="26.6967374" lon="106.7098046">
      </trkpt>
      <trkpt lat="26.6912529" lon="106.7079452">
      </trkpt>
      <trkpt lat="26.690492" lon="106.7076927">
      </trkpt>
      <trkpt lat="26.689647" lon="106.7074081">
      </trkpt>
      <trkpt lat="26.6890104" lon="106.7071941">
      </trkpt>
      <trkpt lat="26.6881539" lon="106.7069053">
      </trkpt>
      <trkpt lat="26.6878136" lon="106.7068069">
      </trkpt>
      <trkpt lat="26.6876225" lon="106.7067683">
      </trkpt>
      <trkpt lat="26.6874313" lon="106.7067512">
      </trkpt>
      <trkpt lat="26.6872417" lon="106.706746">
      </trkpt>
      <trkpt lat="26.6870229" lon="106.7067541">
      </trkpt>
      <trkpt lat="26.6866549" lon="106.70681">
      </trkpt>
      <trkpt lat="26.6863624" lon="106.7068928">
      </trkpt>
      <trkpt lat="26.6860934" lon="106.7070011">
      </trkpt>
      <trkpt lat="26.6857725" lon="106.7071929">
      </trkpt>
      <trkpt lat="26.6849463" lon="106.7077628">
      </trkpt>
      <trkpt lat="26.680657" lon="106.7107401">
      </trkpt>
      <trkpt lat="26.6802234" lon="106.7110022">
      </trkpt>
      <trkpt lat="26.6797772" lon="106.7112131">
      </trkpt>
      <trkpt lat="26.6793807" lon="106.7113639">
      </trkpt>
      <trkpt lat="26.6789606" lon="106.7114633">
      </trkpt>
      <trkpt lat="26.678501" lon="106.711518">
      </trkpt>
      <trkpt lat="26.6780744" lon="106.711521">
      </trkpt>
      <trkpt lat="26.6776652" lon="106.711485">
      </trkpt>
      <trkpt lat="26.6772471" lon="106.7113976">
      </trkpt>
      <trkpt lat="26.6767067" lon="106.7112341">
      </trkpt>
      <trkpt lat="26.6754978" lon="106.7108012">
      </trkpt>
      <trkpt lat="26.6751083" lon="106.7106534">
      </trkpt>
      <trkpt lat="26.6747788" lon="106.7104927">
      </trkpt>
      <trkpt lat="26.674533" lon="106.7103361">
      </trkpt>
      <trkpt lat="26.6741949" lon="106.7100844">
      </trkpt>
      <trkpt lat="26.673906" lon="106.7098091">
      </trkpt>
      <trkpt lat="26.6736487" lon="106.7095049">
      </trkpt>
      <trkpt lat="26.6734206" lon="106.7091557">
      </trkpt>
      <trkpt lat="26.6732299" lon="106.7087977">
      </trkpt>
      <trkpt lat="26.673009" lon="106.7082658">
      </trkpt>
      <trkpt lat="26.6727104" lon="106.7074626">
      </trkpt>
      <trkpt lat="26.6725633" lon="106.7071263">
      </trkpt>
      <trkpt lat="26.6723663" lon="106.7067725">
      </trkpt>
      <trkpt lat="26.6721491" lon="106.706482">
      </trkpt>
      <trkpt lat="26.671935" lon="106.7062734">
      </trkpt>
      <trkpt lat="26.6712943" lon="106.7057076">
      </trkpt>
      <trkpt lat="26.6704382" lon="106.7049577">
      </trkpt>
      <trkpt lat="26.6699779" lon="106.7045748">
      </trkpt>
      <trkpt lat="26.6696384" lon="106.704351">
      </trkpt>
      <trkpt lat="26.6693709" lon="106.7042205">
      </trkpt>
      <trkpt lat="26.6691175" lon="106.7041309">
      </trkpt>
      <trkpt lat="26.6688409" lon="106.7040749">
      </trkpt>
      <trkpt lat="26.6685807" lon="106.7040531">
      </trkpt>
      <trkpt lat="26.6682992" lon="106.7040597">
      </trkpt>
      <trkpt lat="26.6680328" lon="106.7040927">
      </trkpt>
      <trkpt lat="26.6677535" lon="106.704156">
      </trkpt>
      <trkpt lat="26.6674784" lon="106.7042484">
      </trkpt>
      <trkpt lat="26.6661702" lon="106.7047626">
      </trkpt>
      <trkpt lat="26.6658152" lon="106.7048676">
      </trkpt>
      <trkpt lat="26.6654633" lon="106.7049269">
      </trkpt>
      <trkpt lat="26.6651367" lon="106.7049303">
      </trkpt>
      <trkpt lat="26.6648099" lon="106.7048842">
      </trkpt>
      <trkpt lat="26.6645037" lon="106.7047918">
      </trkpt>
      <trkpt lat="26.6641993" lon="106.7046556">
      </trkpt>
      <trkpt lat="26.6628566" lon="106.7039447">
      </trkpt>
      <trkpt lat="26.662484" lon="106.7037174">
      </trkpt>
      <trkpt lat="26.662169" lon="106.7034985">
      </trkpt>
      <trkpt lat="26.6619071" lon="106.703277">
      </trkpt>
      <trkpt lat="26.6611618" lon="106.7025821">
      </trkpt>
      <trkpt lat="26.6608708" lon="106.7023591">
      </trkpt>
      <trkpt lat="26.6605573" lon="106.7021732">
      </trkpt>
      <trkpt lat="26.660249" lon="106.7020386">
      </trkpt>
      <trkpt lat="26.6599101" lon="106.7019483">
      </trkpt>
      <trkpt lat="26.6595877" lon="106.7019137">
      </trkpt>
      <trkpt lat="26.659218" lon="106.701922">
      </trkpt>
      <trkpt lat="26.658332" lon="106.7020221">
      </trkpt>
      <trkpt lat="26.6579576" lon="106.7020389">
      </trkpt>
      <trkpt lat="26.6575973" lon="106.7019972">
      </trkpt>
      <trkpt lat="26.6572286" lon="106.7019089">
      </trkpt>
      <trkpt lat="26.6505786" lon="106.6999606">
      </trkpt>
      <trkpt lat="26.6498129" lon="106.6997038">
      </trkpt>
      <trkpt lat="26.6491537" lon="106.6994187">
      </trkpt>
      <trkpt lat="26.6454957" lon="106.6976922">
      </trkpt>
      <trkpt lat="26.6449898" lon="106.6974415">
      </trkpt>
      <trkpt lat="26.6446751" lon="106.6972573">
      </trkpt>
      <trkpt lat="26.6441677" lon="106.6967605">
      </trkpt>
      <trkpt lat="26.6438973" lon="106.6963901">
      </trkpt>
      <trkpt lat="26.6436854" lon="106.6960037">
      </trkpt>
      <trkpt lat="26.6435558" lon="106.6957068">
      </trkpt>
      <trkpt lat="26.6433575" lon="106.6953175">
      </trkpt>
      <trkpt lat="26.643197" lon="106.6950177">
      </trkpt>
      <trkpt lat="26.6430457" lon="106.6947897">
      </trkpt>
      <trkpt lat="26.6428349" lon="106.6945698">
      </trkpt>
      <trkpt lat="26.642621" lon="106.6943832">
      </trkpt>
      <trkpt lat="26.6423521" lon="106.6941915">
      </trkpt>
      <trkpt lat="26.6419639" lon="106.6939681">
      </trkpt>
      <trkpt lat="26.6415507" lon="106.6937901">
      </trkpt>
      <trkpt lat="26.6405386" lon="106.693344">
      </trkpt>
      <trkpt lat="26.638098" lon="106.6923232">
      </trkpt>
      <trkpt lat="26.6374434" lon="106.6920069">
      </trkpt>
      <trkpt lat="26.6368624" lon="106.6916735">
      </trkpt>
      <trkpt lat="26.6362928" lon="106.6913019">
      </trkpt>
      <trkpt lat="26.6304641" lon="106.6873224">
      </trkpt>
      <trkpt lat="26.6300183" lon="106.6870773">
      </trkpt>
      <trkpt lat="26.6295954" lon="106.6869213">
      </trkpt>
      <trkpt lat="26.6291537" lon="106.6868173">
      </trkpt>
      <trkpt lat="26.6287576" lon="106.6867621">
      </trkpt>
      <trkpt lat="26.6283634" lon="106.6867588">
      </trkpt>
      <trkpt lat="26.6278618" lon="106.6868269">
      </trkpt>
      <trkpt lat="26.6266821" lon="106.6870386">
      </trkpt>
      <trkpt lat="26.6262753" lon="106.6870872">
      </trkpt>
      <trkpt lat="26.6259011" lon="106.6870898">
      </trkpt>
      <trkpt lat="26.6255283" lon="106.6870316">
      </trkpt>
      <trkpt lat="26.6251203" lon="106.6869143">
      </trkpt>
      <trkpt lat="26.6242099" lon="106.6865969">
      </trkpt>
      <trkpt lat="26.6237184" lon="106.6864424">
      </trkpt>
      <trkpt lat="26.6227478" lon="106.68619">
      </trkpt>
      <trkpt lat="26.6223651" lon="106.6861108">
      </trkpt>
      <trkpt lat="26.6220161" lon="106.6860385">
      </trkpt>
      <trkpt lat="26.6214621" lon="106.6859238">
      </trkpt>
      <trkpt lat="26.6196851" lon="106.6855547">
      </trkpt>
      <trkpt lat="26.6192834" lon="106.6854689">
      </trkpt>
      <trkpt lat="26.6181911" lon="106.6852436">
      </trkpt>
      <trkpt lat="26.6178003" lon="106.6851332">
      </trkpt>
      <trkpt lat="26.617457" lon="106.684989">
      </trkpt>
      <trkpt lat="26.617137" lon="106.6847904">
      </trkpt>
      <trkpt lat="26.6166576" lon="106.6844182">
      </trkpt>
      <trkpt lat="26.616395" lon="106.6842253">
      </trkpt>
      <trkpt lat="26.6160783" lon="106.6840566">
      </trkpt>
      <trkpt lat="26.6157659" lon="106.6839216">
      </trkpt>
      <trkpt lat="26.6154603" lon="106.6838306">
      </trkpt>
      <trkpt lat="26.6151239" lon="106.6837785">
      </trkpt>
      <trkpt lat="26.6147257" lon="106.6837852">
      </trkpt>
      <trkpt lat="26.6136766" lon="106.6837871">
      </trkpt>
      <trkpt lat="26.6132525" lon="106.6837441">
      </trkpt>
      <trkpt lat="26.6128213" lon="106.6836843">
      </trkpt>
      <trkpt lat="26.6124173" lon="106.6835662">
      </trkpt>
      <trkpt lat="26.6119313" lon="106.6833854">
      </trkpt>
      <trkpt lat="26.6112956" lon="106.6830978">
      </trkpt>
      <trkpt lat="26.6104045" lon="106.6826769">
      </trkpt>
      <trkpt lat="26.6099014" lon="106.6824584">
      </trkpt>
      <trkpt lat="26.6093952" lon="106.6822722">
      </trkpt>
      <trkpt lat="26.6064764" lon="106.681272">
      </trkpt>
      <trkpt lat="26.6059521" lon="106.6811147">
      </trkpt>
      <trkpt lat="26.6055518" lon="106.6810367">
      </trkpt>
      <trkpt lat="26.6051519" lon="106.6810671">
      </trkpt>
      <trkpt lat="26.6048099" lon="106.681145">
      </trkpt>
      <trkpt lat="26.6044238" lon="106.6812684">
      </trkpt>
      <trkpt lat="26.6034136" lon="106.6817832">
      </trkpt>
      <trkpt lat="26.6029778" lon="106.6819857">
      </trkpt>
      <trkpt lat="26.6025931" lon="106.6821254">
      </trkpt>
      <trkpt lat="26.602257" lon="106.6821894">
      </trkpt>
      <trkpt lat="26.6019668" lon="106.6821953">
      </trkpt>
      <trkpt lat="26.6016864" lon="106.6821847">
      </trkpt>
      <trkpt lat="26.60144" lon="106.6821461">
      </trkpt>
      <trkpt lat="26.6011721" lon="106.6820803">
      </trkpt>
      <trkpt lat="26.6009329" lon="106.6819884">
      </trkpt>
      <trkpt lat="26.6006829" lon="106.6818567">
      </trkpt>
      <trkpt lat="26.6002233" lon="106.6815421">
      </trkpt>
      <trkpt lat="26.5989948" lon="106.6806702">
      </trkpt>
      <trkpt lat="26.5985503" lon="106.6802819">
      </trkpt>
      <trkpt lat="26.5982075" lon="106.679932">
      </trkpt>
      <trkpt lat="26.5979107" lon="106.6795306">
      </trkpt>
      <trkpt lat="26.5974737" lon="106.6789755">
      </trkpt>
      <trkpt lat="26.5972195" lon="106.6787037">
      </trkpt>
      <trkpt lat="26.5969754" lon="106.6785233">
      </trkpt>
      <trkpt lat="26.5966775" lon="106.6783371">
      </trkpt>
      <trkpt lat="26.5963936" lon="106.6781921">
      </trkpt>
      <trkpt lat="26.5959903" lon="106.6780471">
      </trkpt>
      <trkpt lat="26.595471" lon="106.6779359">
      </trkpt>
      <trkpt lat="26.5939379" lon="106.6776563">
      </trkpt>
      <trkpt lat="26.5938219" lon="106.6776343">
      </trkpt>
      <trkpt lat="26.5934323" lon="106.677556">
      </trkpt>
      <trkpt lat="26.5917904" lon="106.6772322">
      </trkpt>
      <trkpt lat="26.5911842" lon="106.6770875">
      </trkpt>
      <trkpt lat="26.5905993" lon="106.6769221">
      </trkpt>
      <trkpt lat="26.5900408" lon="106.6767305">
      </trkpt>
      <trkpt lat="26.584847" lon="106.6747641">
      </trkpt>
      <trkpt lat="26.5844662" lon="106.6746173">
      </trkpt>
      <trkpt lat="26.5836129" lon="106.6743007">
      </trkpt>
      <trkpt lat="26.5828242" lon="106.6740072">
      </trkpt>
      <trkpt lat="26.582477" lon="106.6739172">
      </trkpt>
      <trkpt lat="26.5821961" lon="106.6738894">
      </trkpt>
      <trkpt lat="26.5819218" lon="106.6738909">
      </trkpt>
      <trkpt lat="26.581658" lon="106.6739177">
      </trkpt>
      <trkpt lat="26.5814366" lon="106.6739772">
      </trkpt>
      <trkpt lat="26.5812127" lon="106.6740522">
      </trkpt>
      <trkpt lat="26.5809561" lon="106.6741674">
      </trkpt>
      <trkpt lat="26.5807247" lon="106.6742845">
      </trkpt>
      <trkpt lat="26.5804997" lon="106.6744381">
      </trkpt>
      <trkpt lat="26.5802571" lon="106.6746323">
      </trkpt>
      <trkpt lat="26.5795909" lon="106.6752127">
      </trkpt>
      <trkpt lat="26.5781884" lon="106.6763638">
      </trkpt>
      <trkpt lat="26.5775162" lon="106.6769033">
      </trkpt>
      <trkpt lat="26.5771515" lon="106.6771615">
      </trkpt>
      <trkpt lat="26.5767912" lon="106.6773269">
      </trkpt>
      <trkpt lat="26.5764355" lon="106.6774517">
      </trkpt>
      <trkpt lat="26.5760929" lon="106.6775228">
      </trkpt>
      <trkpt lat="26.5757591" lon="106.6775435">
      </trkpt>
      <trkpt lat="26.5755291" lon="106.6775215">
      </trkpt>
      <trkpt lat="26.575235" lon="106.6774537">
      </trkpt>
      <trkpt lat="26.5749161" lon="106.6773487">
      </trkpt>
      <trkpt lat="26.5745654" lon="106.6772044">
      </trkpt>
      <trkpt lat="26.5724511" lon="106.6762106">
      </trkpt>
      <trkpt lat="26.5722239" lon="106.6761">
      </trkpt>
      <trkpt lat="26.57195" lon="106.6759754">
      </trkpt>
      <trkpt lat="26.5717201" lon="106.6758898">
      </trkpt>
      <trkpt lat="26.5714275" lon="106.6758093">
      </trkpt>
      <trkpt lat="26.5711425" lon="106.6757577">
      </trkpt>
      <trkpt lat="26.5709039" lon="106.6757346">
      </trkpt>
      <trkpt lat="26.5706087" lon="106.6757159">
      </trkpt>
      <trkpt lat="26.5703659" lon="106.6757162">
      </trkpt>
      <trkpt lat="26.5684772" lon="106.6758033">
      </trkpt>
      <trkpt lat="26.5682027" lon="106.6758306">
      </trkpt>
      <trkpt lat="26.5679771" lon="106.6758606">
      </trkpt>
      <trkpt lat="26.5676725" lon="106.6759152">
      </trkpt>
      <trkpt lat="26.567435" lon="106.6759728">
      </trkpt>
      <trkpt lat="26.5671927" lon="106.6760576">
      </trkpt>
      <trkpt lat="26.5668887" lon="106.6762055">
      </trkpt>
      <trkpt lat="26.5667023" lon="106.6763445">
      </trkpt>
      <trkpt lat="26.5664529" lon="106.6765522">
      </trkpt>
      <trkpt lat="26.566117" lon="106.6768798">
      </trkpt>
      <trkpt lat="26.5658649" lon="106.6771797">
      </trkpt>
      <trkpt lat="26.5656815" lon="106.6774582">
      </trkpt>
      <trkpt lat="26.5655416" lon="106.6777171">
      </trkpt>
      <trkpt lat="26.5654017" lon="106.6780077">
      </trkpt>
      <trkpt lat="26.5652901" lon="106.678294">
      </trkpt>
      <trkpt lat="26.5642683" lon="106.6813178">
      </trkpt>
      <trkpt lat="26.5640808" lon="106.6819001">
      </trkpt>
      <trkpt lat="26.5639569" lon="106.6823375">
      </trkpt>
      <trkpt lat="26.563861" lon="106.6827539">
      </trkpt>
      <trkpt lat="26.5637645" lon="106.6833121">
      </trkpt>
      <trkpt lat="26.5637083" lon="106.6838448">
      </trkpt>
      <trkpt lat="26.5636755" lon="106.6843566">
      </trkpt>
      <trkpt lat="26.5636534" lon="106.6854704">
      </trkpt>
      <trkpt lat="26.5636366" lon="106.686763">
      </trkpt>
      <trkpt lat="26.5636237" lon="106.6876696">
      </trkpt>
      <trkpt lat="26.5636087" lon="106.6883571">
      </trkpt>
      <trkpt lat="26.5635808" lon="106.6888786">
      </trkpt>
      <trkpt lat="26.5635233" lon="106.6894753">
      </trkpt>
      <trkpt lat="26.5634823" lon="106.6897788">
      </trkpt>
      <trkpt lat="26.563425" lon="106.6901162">
      </trkpt>
      <trkpt lat="26.5633465" lon="106.6904537">
      </trkpt>
      <trkpt lat="26.5632575" lon="106.6907912">
      </trkpt>
      <trkpt lat="26.5631451" lon="106.6911406">
      </trkpt>
      <trkpt lat="26.5629772" lon="106.6915853">
      </trkpt>
      <trkpt lat="26.5626846" lon="106.692302">
      </trkpt>
      <trkpt lat="26.5624315" lon="106.6930037">
      </trkpt>
      <trkpt lat="26.5621443" lon="106.6936644">
      </trkpt>
      <trkpt lat="26.5618258" lon="106.6944136">
      </trkpt>
      <trkpt lat="26.5585009" lon="106.7022597">
      </trkpt>
      <trkpt lat="26.5583241" lon="106.7026857">
      </trkpt>
      <trkpt lat="26.5580369" lon="106.7033526">
      </trkpt>
      <trkpt lat="26.5577479" lon="106.7040172">
      </trkpt>
      <trkpt lat="26.5575066" lon="106.704587">
      </trkpt>
      <trkpt lat="26.5573347" lon="106.7049377">
      </trkpt>
      <trkpt lat="26.557202" lon="106.7051737">
      </trkpt>
      <trkpt lat="26.5570723" lon="106.7053827">
      </trkpt>
      <trkpt lat="26.5568612" lon="106.7056861">
      </trkpt>
      <trkpt lat="26.55662" lon="106.7059795">
      </trkpt>
      <trkpt lat="26.5562752" lon="106.7063358">
      </trkpt>
      <trkpt lat="26.55423" lon="106.7084274">
      </trkpt>
      <trkpt lat="26.5534362" lon="106.7092657">
      </trkpt>
      <trkpt lat="26.5529303" lon="106.7097833">
      </trkpt>
      <trkpt lat="26.5526384" lon="106.7100657">
      </trkpt>
      <trkpt lat="26.5523326" lon="106.7103313">
      </trkpt>
      <trkpt lat="26.5520356" lon="106.7105595">
      </trkpt>
      <trkpt lat="26.5516486" lon="106.7108158">
      </trkpt>
      <trkpt lat="26.5512177" lon="106.7110351">
      </trkpt>
      <trkpt lat="26.549045" lon="106.7120368">
      </trkpt>
      <trkpt lat="26.5482777" lon="106.712389">
      </trkpt>
      <trkpt lat="26.5475953" lon="106.7127723">
      </trkpt>
      <trkpt lat="26.5469784" lon="106.7132003">
      </trkpt>
      <trkpt lat="26.5463795" lon="106.7136703">
      </trkpt>
      <trkpt lat="26.545755" lon="106.7142252">
      </trkpt>
      <trkpt lat="26.5452084" lon="106.7147667">
      </trkpt>
      <trkpt lat="26.544572" lon="106.7154689">
      </trkpt>
      <trkpt lat="26.543999" lon="106.7161605">
      </trkpt>
      <trkpt lat="26.5372297" lon="106.7251073">
      </trkpt>
      <trkpt lat="26.5370176" lon="106.7253856">
      </trkpt>
      <trkpt lat="26.5368145" lon="106.7256742">
      </trkpt>
      <trkpt lat="26.5365039" lon="106.7261559">
      </trkpt>
      <trkpt lat="26.536248" lon="106.7265974">
      </trkpt>
      <trkpt lat="26.5359865" lon="106.7270777">
      </trkpt>
      <trkpt lat="26.5357477" lon="106.7275569">
      </trkpt>
      <trkpt lat="26.5354867" lon="106.7281143">
      </trkpt>
      <trkpt lat="26.5352779" lon="106.7286169">
      </trkpt>
      <trkpt lat="26.535029" lon="106.7292596">
      </trkpt>
      <trkpt lat="26.5348267" lon="106.7298897">
      </trkpt>
      <trkpt lat="26.5343205" lon="106.7317204">
      </trkpt>
      <trkpt lat="26.533885" lon="106.7334385">
      </trkpt>
      <trkpt lat="26.5335863" lon="106.7349331">
      </trkpt>
      <trkpt lat="26.5333478" lon="106.7363616">
      </trkpt>
      <trkpt lat="26.5332208" lon="106.7375595">
      </trkpt>
      <trkpt lat="26.5330978" lon="106.7390946">
      </trkpt>
      <trkpt lat="26.5329914" lon="106.7421996">
      </trkpt>
      <trkpt lat="26.5329259" lon="106.7433547">
      </trkpt>
      <trkpt lat="26.5328586" lon="106.7441377">
      </trkpt>
      <trkpt lat="26.5327434" lon="106.7448499">
      </trkpt>
      <trkpt lat="26.5326251" lon="106.7454133">
      </trkpt>
      <trkpt lat="26.5324604" lon="106.7460262">
      </trkpt>
      <trkpt lat="26.5322395" lon="106.7466813">
      </trkpt>
      <trkpt lat="26.531925" lon="106.7474788">
      </trkpt>
      <trkpt lat="26.530851" lon="106.7501197">
      </trkpt>
      <trkpt lat="26.5288091" lon="106.754981">
      </trkpt>
      <trkpt lat="26.5278527" lon="106.7571099">
      </trkpt>
      <trkpt lat="26.5273912" lon="106.758026">
      </trkpt>
      <trkpt lat="26.5270708" lon="106.758613">
      </trkpt>
      <trkpt lat="26.5267619" lon="106.7591553">
      </trkpt>
      <trkpt lat="26.5261551" lon="106.7601672">
      </trkpt>
      <trkpt lat="26.5255965" lon="106.761048">
      </trkpt>
      <trkpt lat="26.5247645" lon="106.7622948">
      </trkpt>
      <trkpt lat="26.5243355" lon="106.7629098">
      </trkpt>
      <trkpt lat="26.5239667" lon="106.7634258">
      </trkpt>
      <trkpt lat="26.5235393" lon="106.7640135">
      </trkpt>
      <trkpt lat="26.5232399" lon="106.7643974">
      </trkpt>
      <trkpt lat="26.5229336" lon="106.7647482">
      </trkpt>
      <trkpt lat="26.5226205" lon="106.7650963">
      </trkpt>
      <trkpt lat="26.5202604" lon="106.7676438">
      </trkpt>
      <trkpt lat="26.5198479" lon="106.7680875">
      </trkpt>
      <trkpt lat="26.5196195" lon="106.7683169">
      </trkpt>
      <trkpt lat="26.519417" lon="106.7684959">
      </trkpt>
      <trkpt lat="26.5185577" lon="106.7692521">
      </trkpt>
      <trkpt lat="26.5176727" lon="106.7699915">
      </trkpt>
      <trkpt lat="26.5166116" lon="106.7708029">
      </trkpt>
      <trkpt lat="26.5155484" lon="106.7715667">
      </trkpt>
      <trkpt lat="26.5064635" lon="106.7782899">
      </trkpt>
      <trkpt lat="26.5055813" lon="106.7789628">
      </trkpt>
      <trkpt lat="26.504744" lon="106.7796446">
      </trkpt>
      <trkpt lat="26.5021635" lon="106.7818936">
      </trkpt>
      <trkpt lat="26.5018043" lon="106.7822183">
      </trkpt>
      <trkpt lat="26.500285" lon="106.7836151">
      </trkpt>
      <trkpt lat="26.4991768" lon="106.7846259">
      </trkpt>
      <trkpt lat="26.4974854" lon="106.7861678">
      </trkpt>
      <trkpt lat="26.4971487" lon="106.7864757">
      </trkpt>
      <trkpt lat="26.4949504" lon="106.7884871">
      </trkpt>
      <trkpt lat="26.491408" lon="106.7916971">
      </trkpt>
      <trkpt lat="26.4906788" lon="106.7923739">
      </trkpt>
      <trkpt lat="26.4899697" lon="106.7930749">
      </trkpt>
      <trkpt lat="26.4893457" lon="106.7937323">
      </trkpt>
      <trkpt lat="26.4886883" lon="106.7944795">
      </trkpt>
      <trkpt lat="26.4881088" lon="106.7951782">
      </trkpt>
      <trkpt lat="26.4875123" lon="106.7959576">
      </trkpt>
      <trkpt lat="26.4869375" lon="106.7967417">
      </trkpt>
      <trkpt lat="26.4864257" lon="106.797506">
      </trkpt>
      <trkpt lat="26.485573" lon="106.7988941">
      </trkpt>
      <trkpt lat="26.4853016" lon="106.799353">
      </trkpt>
      <trkpt lat="26.4849176" lon="106.8000567">
      </trkpt>
      <trkpt lat="26.4845736" lon="106.8007517">
      </trkpt>
      <trkpt lat="26.4834483" lon="106.8033049">
      </trkpt>
      <trkpt lat="26.4829433" lon="106.8044859">
      </trkpt>
      <trkpt lat="26.4783455" lon="106.814941">
      </trkpt>
      <trkpt lat="26.4761892" lon="106.8198766">
      </trkpt>
      <trkpt lat="26.4717212" lon="106.8301033">
      </trkpt>
      <trkpt lat="26.4712969" lon="106.8312082">
      </trkpt>
      <trkpt lat="26.4709155" lon="106.8323064">
      </trkpt>
      <trkpt lat="26.4705426" lon="106.8335832">
      </trkpt>
      <trkpt lat="26.4701087" lon="106.8352133">
      </trkpt>
      <trkpt lat="26.469581" lon="106.8375754">
      </trkpt>
      <trkpt lat="26.4693715" lon="106.8385057">
      </trkpt>
      <trkpt lat="26.4691378" lon="106.839463">
      </trkpt>
      <trkpt lat="26.4688826" lon="106.8403963">
      </trkpt>
      <trkpt lat="26.4685844" lon="106.8414317">
      </trkpt>
      <trkpt lat="26.4682566" lon="106.842434">
      </trkpt>
      <trkpt lat="26.4679101" lon="106.8434603">
      </trkpt>
      <trkpt lat="26.4668355" lon="106.8465693">
      </trkpt>
      <trkpt lat="26.4665266" lon="106.8474486">
      </trkpt>
      <trkpt lat="26.4661424" lon="106.8484629">
      </trkpt>
      <trkpt lat="26.4632034" lon="106.8561423">
      </trkpt>
      <trkpt lat="26.4628542" lon="106.8572047">
      </trkpt>
      <trkpt lat="26.4625425" lon="106.858282">
      </trkpt>
      <trkpt lat="26.4623034" lon="106.8592813">
      </trkpt>
      <trkpt lat="26.4620858" lon="106.8603257">
      </trkpt>
      <trkpt lat="26.4618601" lon="106.8616701">
      </trkpt>
      <trkpt lat="26.4610004" lon="106.867753">
      </trkpt>
      <trkpt lat="26.4608769" lon="106.8688514">
      </trkpt>
      <trkpt lat="26.4607963" lon="106.8698057">
      </trkpt>
      <trkpt lat="26.4607479" lon="106.870802">
      </trkpt>
      <trkpt lat="26.4607318" lon="106.8719124">
      </trkpt>
      <trkpt lat="26.4607858" lon="106.875444">
      </trkpt>
      <trkpt lat="26.4605788" lon="106.8870974">
      </trkpt>
      <trkpt lat="26.4604911" lon="106.8900924">
      </trkpt>
      <trkpt lat="26.4602885" lon="106.8954022">
      </trkpt>
      <trkpt lat="26.4601442" lon="106.8982707">
      </trkpt>
      <trkpt lat="26.4600729" lon="106.900137">
      </trkpt>
      <trkpt lat="26.4600544" lon="106.9012774">
      </trkpt>
      <trkpt lat="26.4600573" lon="106.902805">
      </trkpt>
      <trkpt lat="26.4601166" lon="106.9043255">
      </trkpt>
      <trkpt lat="26.4602362" lon="106.9065177">
      </trkpt>
      <trkpt lat="26.4606999" lon="106.9101685">
      </trkpt>
      <trkpt lat="26.4610598" lon="106.9120815">
      </trkpt>
      <trkpt lat="26.4615787" lon="106.9150167">
      </trkpt>
      <trkpt lat="26.4617754" lon="106.9162041">
      </trkpt>
      <trkpt lat="26.4619366" lon="106.9172619">
      </trkpt>
      <trkpt lat="26.4622691" lon="106.9190885">
      </trkpt>
      <trkpt lat="26.4624889" lon="106.9204136">
      </trkpt>
      <trkpt lat="26.462587" lon="106.9211045">
      </trkpt>
      <trkpt lat="26.4626557" lon="106.9218098">
      </trkpt>
      <trkpt lat="26.4626954" lon="106.9230451">
      </trkpt>
      <trkpt lat="26.4627767" lon="106.925801">
      </trkpt>
      <trkpt lat="26.4627743" lon="106.9291377">
      </trkpt>
      <trkpt lat="26.462659" lon="106.9325065">
      </trkpt>
      <trkpt lat="26.4622748" lon="106.9373774">
      </trkpt>
      <trkpt lat="26.4620827" lon="106.9411969">
      </trkpt>
      <trkpt lat="26.462198" lon="106.9437933">
      </trkpt>
      <trkpt lat="26.4624093" lon="106.9463038">
      </trkpt>
      <trkpt lat="26.4627358" lon="106.9479722">
      </trkpt>
      <trkpt lat="26.4629376" lon="106.9487144">
      </trkpt>
      <trkpt lat="26.4632684" lon="106.9493702">
      </trkpt>
      <trkpt lat="26.4634729" lon="106.9500159">
      </trkpt>
      <trkpt lat="26.4635181" lon="106.9503309">
      </trkpt>
      <trkpt lat="26.4635756" lon="106.9508192">
      </trkpt>
      <trkpt lat="26.4636148" lon="106.951302">
      </trkpt>
      <trkpt lat="26.4636367" lon="106.9516884">
      </trkpt>
      <trkpt lat="26.4636315" lon="106.9522469">
      </trkpt>
      <trkpt lat="26.4636096" lon="106.9526563">
      </trkpt>
      <trkpt lat="26.4635602" lon="106.9530411">
      </trkpt>
      <trkpt lat="26.4634886" lon="106.9534959">
      </trkpt>
      <trkpt lat="26.4633051" lon="106.9543256">
      </trkpt>
      <trkpt lat="26.461986" lon="106.958195">
      </trkpt>
      <trkpt lat="26.4617864" lon="106.9589248">
      </trkpt>
      <trkpt lat="26.4614321" lon="106.9595783">
      </trkpt>
      <trkpt lat="26.461129" lon="106.9600515">
      </trkpt>
      <trkpt lat="26.4608157" lon="106.9604723">
      </trkpt>
      <trkpt lat="26.4603598" lon="106.9610254">
      </trkpt>
      <trkpt lat="26.4599736" lon="106.9614352">
      </trkpt>
      <trkpt lat="26.4595551" lon="106.961824">
      </trkpt>
      <trkpt lat="26.459115" lon="106.9622039">
      </trkpt>
      <trkpt lat="26.4567481" lon="106.9642473">
      </trkpt>
      <trkpt lat="26.4566109" lon="106.9643658">
      </trkpt>
      <trkpt lat="26.4562592" lon="106.9646694">
      </trkpt>
      <trkpt lat="26.4496586" lon="106.9703888">
      </trkpt>
      <trkpt lat="26.4489214" lon="106.9710015">
      </trkpt>
      <trkpt lat="26.4487834" lon="106.9711207">
      </trkpt>
      <trkpt lat="26.446572" lon="106.9730289">
      </trkpt>
      <trkpt lat="26.4455512" lon="106.9739118">
      </trkpt>
      <trkpt lat="26.4451412" lon="106.974333">
      </trkpt>
      <trkpt lat="26.4445215" lon="106.9750947">
      </trkpt>
      <trkpt lat="26.4439763" lon="106.97602">
      </trkpt>
      <trkpt lat="26.4436041" lon="106.9769105">
      </trkpt>
      <trkpt lat="26.443263" lon="106.9779888">
      </trkpt>
      <trkpt lat="26.4430853" lon="106.9790241">
      </trkpt>
      <trkpt lat="26.4430445" lon="106.9797121">
      </trkpt>
      <trkpt lat="26.4430445" lon="106.9805396">
      </trkpt>
      <trkpt lat="26.4431093" lon="106.9813818">
      </trkpt>
      <trkpt lat="26.4436185" lon="106.9848981">
      </trkpt>
      <trkpt lat="26.4437265" lon="106.9856974">
      </trkpt>
      <trkpt lat="26.4438322" lon="106.986537">
      </trkpt>
      <trkpt lat="26.4439427" lon="106.9875053">
      </trkpt>
      <trkpt lat="26.4439859" lon="106.9882214">
      </trkpt>
      <trkpt lat="26.4439811" lon="106.9891816">
      </trkpt>
      <trkpt lat="26.4439259" lon="106.9909573">
      </trkpt>
      <trkpt lat="26.4438923" lon="106.992631">
      </trkpt>
      <trkpt lat="26.4439091" lon="106.9932371">
      </trkpt>
      <trkpt lat="26.4439571" lon="106.9937012">
      </trkpt>
      <trkpt lat="26.4440363" lon="106.9942296">
      </trkpt>
      <trkpt lat="26.4441973" lon="106.9948947">
      </trkpt>
      <trkpt lat="26.4446103" lon="106.9964397">
      </trkpt>
      <trkpt lat="26.4453312" lon="106.999402">
      </trkpt>
      <trkpt lat="26.4456172" lon="107.0005362">
      </trkpt>
      <trkpt lat="26.4456721" lon="107.0008754">
      </trkpt>
      <trkpt lat="26.4457176" lon="107.0012121">
      </trkpt>
      <trkpt lat="26.4457413" lon="107.0017953">
      </trkpt>
      <trkpt lat="26.4457264" lon="107.002307">
      </trkpt>
      <trkpt lat="26.4457097" lon="107.0027822">
      </trkpt>
      <trkpt lat="26.4455462" lon="107.0054743">
      </trkpt>
      <trkpt lat="26.4455262" lon="107.0058605">
      </trkpt>
      <trkpt lat="26.4455167" lon="107.0063589">
      </trkpt>
      <trkpt lat="26.4455636" lon="107.0069732">
      </trkpt>
      <trkpt lat="26.4457059" lon="107.0080235">
      </trkpt>
      <trkpt lat="26.4458364" lon="107.0087431">
      </trkpt>
      <trkpt lat="26.446111" lon="107.0101549">
      </trkpt>
      <trkpt lat="26.4462076" lon="107.0108907">
      </trkpt>
      <trkpt lat="26.4462435" lon="107.0113373">
      </trkpt>
      <trkpt lat="26.4462594" lon="107.011796">
      </trkpt>
      <trkpt lat="26.4462373" lon="107.0123612">
      </trkpt>
      <trkpt lat="26.4461277" lon="107.0154555">
      </trkpt>
      <trkpt lat="26.4460578" lon="107.0166317">
      </trkpt>
      <trkpt lat="26.446006" lon="107.0172728">
      </trkpt>
      <trkpt lat="26.4459837" lon="107.0176031">
      </trkpt>
      <trkpt lat="26.4458111" lon="107.018592">
      </trkpt>
      <trkpt lat="26.4455478" lon="107.0197258">
      </trkpt>
      <trkpt lat="26.4452078" lon="107.0207445">
      </trkpt>
      <trkpt lat="26.4448085" lon="107.0216424">
      </trkpt>
      <trkpt lat="26.4065213" lon="107.0907733">
      </trkpt>
      <trkpt lat="26.4061381" lon="107.0914227">
      </trkpt>
      <trkpt lat="26.4057295" lon="107.0921956">
      </trkpt>
      <trkpt lat="26.4037698" lon="107.0954649">
      </trkpt>
      <trkpt lat="26.4026884" lon="107.0969172">
      </trkpt>
      <trkpt lat="26.4017196" lon="107.0980371">
      </trkpt>
      <trkpt lat="26.3985406" lon="107.1015355">
      </trkpt>
      <trkpt lat="26.3984272" lon="107.1016658">
      </trkpt>
      <trkpt lat="26.3967668" lon="107.1035733">
      </trkpt>
      <trkpt lat="26.3961062" lon="107.1043321">
      </trkpt>
      <trkpt lat="26.3942801" lon="107.1064299">
      </trkpt>
      <trkpt lat="26.393189" lon="107.1077538">
      </trkpt>
      <trkpt lat="26.3905168" lon="107.1108228">
      </trkpt>
      <trkpt lat="26.3896015" lon="107.1119463">
      </trkpt>
      <trkpt lat="26.3890393" lon="107.1127671">
      </trkpt>
      <trkpt lat="26.3886068" lon="107.1134859">
      </trkpt>
      <trkpt lat="26.3880494" lon="107.1145427">
      </trkpt>
      <trkpt lat="26.3872853" lon="107.1160662">
      </trkpt>
      <trkpt lat="26.3867087" lon="107.1173376">
      </trkpt>
      <trkpt lat="26.3863512" lon="107.1181769">
      </trkpt>
      <trkpt lat="26.3857207" lon="107.1198041">
      </trkpt>
      <trkpt lat="26.3849616" lon="107.1219909">
      </trkpt>
      <trkpt lat="26.3843039" lon="107.1240078">
      </trkpt>
      <trkpt lat="26.384042" lon="107.1250607">
      </trkpt>
      <trkpt lat="26.3836061" lon="107.1268132">
      </trkpt>
      <trkpt lat="26.3830868" lon="107.1289872">
      </trkpt>
      <trkpt lat="26.3825347" lon="107.1313007">
      </trkpt>
      <trkpt lat="26.3818411" lon="107.1340704">
      </trkpt>
      <trkpt lat="26.3813037" lon="107.1364084">
      </trkpt>
      <trkpt lat="26.3808237" lon="107.1384968">
      </trkpt>
      <trkpt lat="26.3806379" lon="107.1393068">
      </trkpt>
      <trkpt lat="26.3778902" lon="107.1504843">
      </trkpt>
      <trkpt lat="26.3776307" lon="107.1516645">
      </trkpt>
      <trkpt lat="26.3772846" lon="107.1528608">
      </trkpt>
      <trkpt lat="26.3768425" lon="107.1541107">
      </trkpt>
      <trkpt lat="26.3765686" lon="107.1548295">
      </trkpt>
      <trkpt lat="26.3761745" lon="107.1557361">
      </trkpt>
      <trkpt lat="26.3758621" lon="107.156294">
      </trkpt>
      <trkpt lat="26.3750595" lon="107.1575063">
      </trkpt>
      <trkpt lat="26.3744176" lon="107.1583911">
      </trkpt>
      <trkpt lat="26.373749" lon="107.1592645">
      </trkpt>
      <trkpt lat="26.3729337" lon="107.1603748">
      </trkpt>
      <trkpt lat="26.3718548" lon="107.1618439">
      </trkpt>
      <trkpt lat="26.3712115" lon="107.1627425">
      </trkpt>
      <trkpt lat="26.3705994" lon="107.1635973">
      </trkpt>
      <trkpt lat="26.36909" lon="107.1655861">
      </trkpt>
      <trkpt lat="26.3677014" lon="107.1674157">
      </trkpt>
      <trkpt lat="26.3673887" lon="107.167843">
      </trkpt>
      <trkpt lat="26.3654262" lon="107.170525">
      </trkpt>
      <trkpt lat="26.3639371" lon="107.1726033">
      </trkpt>
      <trkpt lat="26.3630549" lon="107.173544">
      </trkpt>
      <trkpt lat="26.3626097" lon="107.1740981">
      </trkpt>
      <trkpt lat="26.3619366" lon="107.1752048">
      </trkpt>
      <trkpt lat="26.3616928" lon="107.1757123">
      </trkpt>
      <trkpt lat="26.3613064" lon="107.1763407">
      </trkpt>
      <trkpt lat="26.3607222" lon="107.1771071">
      </trkpt>
      <trkpt lat="26.3596394" lon="107.1782503">
      </trkpt>
      <trkpt lat="26.3591136" lon="107.1787626">
      </trkpt>
      <trkpt lat="26.3588787" lon="107.1790187">
      </trkpt>
      <trkpt lat="26.3583279" lon="107.179647">
      </trkpt>
      <trkpt lat="26.3580343" lon="107.1799469">
      </trkpt>
      <trkpt lat="26.3574181" lon="107.1804319">
      </trkpt>
      <trkpt lat="26.357227" lon="107.180589">
      </trkpt>
      <trkpt lat="26.3566868" lon="107.1810173">
      </trkpt>
      <trkpt lat="26.3564075" lon="107.1811967">
      </trkpt>
      <trkpt lat="26.3559684" lon="107.1814863">
      </trkpt>
      <trkpt lat="26.3551022" lon="107.1820408">
      </trkpt>
      <trkpt lat="26.3547672" lon="107.1822244">
      </trkpt>
      <trkpt lat="26.3544586" lon="107.1824589">
      </trkpt>
      <trkpt lat="26.3540781" lon="107.1827642">
      </trkpt>
      <trkpt lat="26.3538505" lon="107.1829016">
      </trkpt>
      <trkpt lat="26.3534656" lon="107.1831425">
      </trkpt>
      <trkpt lat="26.3526889" lon="107.1838659">
      </trkpt>
      <trkpt lat="26.3515823" lon="107.1845427">
      </trkpt>
      <trkpt lat="26.3514211" lon="107.1846235">
      </trkpt>
      <trkpt lat="26.3490117" lon="107.1863821">
      </trkpt>
      <trkpt lat="26.3479937" lon="107.1871134">
      </trkpt>
      <trkpt lat="26.3467182" lon="107.1879438">
      </trkpt>
      <trkpt lat="26.3459737" lon="107.1884725">
      </trkpt>
      <trkpt lat="26.3458893" lon="107.1885165">
      </trkpt>
      <trkpt lat="26.345718" lon="107.188606">
      </trkpt>
      <trkpt lat="26.3448459" lon="107.1892526">
      </trkpt>
      <trkpt lat="26.343789" lon="107.1900362">
      </trkpt>
      <trkpt lat="26.3427537" lon="107.1908252">
      </trkpt>
      <trkpt lat="26.3423895" lon="107.1910885">
      </trkpt>
      <trkpt lat="26.3416244" lon="107.1916961">
      </trkpt>
      <trkpt lat="26.3406239" lon="107.1925122">
      </trkpt>
      <trkpt lat="26.339581" lon="107.193449">
      </trkpt>
      <trkpt lat="26.338946" lon="107.194246">
      </trkpt>
      <trkpt lat="26.338136" lon="107.195444">
      </trkpt>
      <trkpt lat="26.337168" lon="107.1970895">
      </trkpt>
      <trkpt lat="26.3360483" lon="107.1988592">
      </trkpt>
      <trkpt lat="26.3355388" lon="107.1996643">
      </trkpt>
      <trkpt lat="26.3352875" lon="107.2000161">
      </trkpt>
      <trkpt lat="26.3320978" lon="107.2052313">
      </trkpt>
      <trkpt lat="26.3314439" lon="107.2062755">
      </trkpt>
      <trkpt lat="26.3308151" lon="107.2073954">
      </trkpt>
      <trkpt lat="26.330304" lon="107.2084268">
      </trkpt>
      <trkpt lat="26.3299564" lon="107.2093191">
      </trkpt>
      <trkpt lat="26.3270468" lon="107.2163167">
      </trkpt>
      <trkpt lat="26.3259583" lon="107.2186888">
      </trkpt>
      <trkpt lat="26.3244898" lon="107.221561">
      </trkpt>
      <trkpt lat="26.323711" lon="107.223041">
      </trkpt>
      <trkpt lat="26.3227694" lon="107.2252217">
      </trkpt>
      <trkpt lat="26.3222406" lon="107.2266144">
      </trkpt>
      <trkpt lat="26.3217444" lon="107.2283657">
      </trkpt>
      <trkpt lat="26.3193427" lon="107.2391428">
      </trkpt>
      <trkpt lat="26.3191069" lon="107.2398686">
      </trkpt>
      <trkpt lat="26.318423" lon="107.241686">
      </trkpt>
      <trkpt lat="26.317928" lon="107.242768">
      </trkpt>
      <trkpt lat="26.3172815" lon="107.2440625">
      </trkpt>
      <trkpt lat="26.3161906" lon="107.2459133">
      </trkpt>
      <trkpt lat="26.3159508" lon="107.2463009">
      </trkpt>
      <trkpt lat="26.3087745" lon="107.258648">
      </trkpt>
      <trkpt lat="26.3082647" lon="107.2597056">
      </trkpt>
      <trkpt lat="26.3070945" lon="107.2620669">
      </trkpt>
      <trkpt lat="26.306522" lon="107.2632167">
      </trkpt>
      <trkpt lat="26.3058947" lon="107.2643866">
      </trkpt>
      <trkpt lat="26.3048457" lon="107.2661172">
      </trkpt>
      <trkpt lat="26.3044209" lon="107.2668065">
      </trkpt>
      <trkpt lat="26.2981402" lon="107.2776311">
      </trkpt>
      <trkpt lat="26.2977403" lon="107.2785288">
      </trkpt>
      <trkpt lat="26.297459" lon="107.2793269">
      </trkpt>
      <trkpt lat="26.2972182" lon="107.2802168">
      </trkpt>
      <trkpt lat="26.2970461" lon="107.2809951">
      </trkpt>
      <trkpt lat="26.2969066" lon="107.281698">
      </trkpt>
      <trkpt lat="26.2967623" lon="107.2827709">
      </trkpt>
      <trkpt lat="26.2967199" lon="107.2835282">
      </trkpt>
      <trkpt lat="26.2966924" lon="107.2856">
      </trkpt>
      <trkpt lat="26.2966909" lon="107.2862355">
      </trkpt>
      <trkpt lat="26.2966862" lon="107.2881955">
      </trkpt>
      <trkpt lat="26.2967068" lon="107.2887291">
      </trkpt>
      <trkpt lat="26.2967155" lon="107.2892939">
      </trkpt>
      <trkpt lat="26.2966954" lon="107.2899474">
      </trkpt>
      <trkpt lat="26.2966689" lon="107.2906381">
      </trkpt>
      <trkpt lat="26.2966263" lon="107.2910636">
      </trkpt>
      <trkpt lat="26.2965683" lon="107.2914268">
      </trkpt>
      <trkpt lat="26.2964093" lon="107.2922062">
      </trkpt>
      <trkpt lat="26.2962715" lon="107.2929066">
      </trkpt>
      <trkpt lat="26.2961194" lon="107.2936609">
      </trkpt>
      <trkpt lat="26.2959227" lon="107.2943519">
      </trkpt>
      <trkpt lat="26.2958543" lon="107.2946192">
      </trkpt>
      <trkpt lat="26.295644" lon="107.2954592">
      </trkpt>
      <trkpt lat="26.2955482" lon="107.2958417">
      </trkpt>
      <trkpt lat="26.2954972" lon="107.2962036">
      </trkpt>
      <trkpt lat="26.2952268" lon="107.2973053">
      </trkpt>
      <trkpt lat="26.2947177" lon="107.2995789">
      </trkpt>
      <trkpt lat="26.2945378" lon="107.3006076">
      </trkpt>
      <trkpt lat="26.2944162" lon="107.3017663">
      </trkpt>
      <trkpt lat="26.2939681" lon="107.3133123">
      </trkpt>
      <trkpt lat="26.2913902" lon="107.3797429">
      </trkpt>
      <trkpt lat="26.2913468" lon="107.380825">
      </trkpt>
      <trkpt lat="26.2912513" lon="107.381806">
      </trkpt>
      <trkpt lat="26.2910948" lon="107.3827773">
      </trkpt>
      <trkpt lat="26.2908631" lon="107.3837182">
      </trkpt>
      <trkpt lat="26.290587" lon="107.38458">
      </trkpt>
      <trkpt lat="26.290536" lon="107.3847412">
      </trkpt>
      <trkpt lat="26.2902883" lon="107.3855247">
      </trkpt>
      <trkpt lat="26.2897828" lon="107.3871346">
      </trkpt>
      <trkpt lat="26.289588" lon="107.387839">
      </trkpt>
      <trkpt lat="26.289403" lon="107.3887322">
      </trkpt>
      <trkpt lat="26.289256" lon="107.3904243">
      </trkpt>
      <trkpt lat="26.289186" lon="107.391859">
      </trkpt>
      <trkpt lat="26.289266" lon="107.3929902">
      </trkpt>
      <trkpt lat="26.2899368" lon="107.3982337">
      </trkpt>
      <trkpt lat="26.2902296" lon="107.4003547">
      </trkpt>
      <trkpt lat="26.2903075" lon="107.4011153">
      </trkpt>
      <trkpt lat="26.290376" lon="107.4018337">
      </trkpt>
      <trkpt lat="26.2904112" lon="107.4029628">
      </trkpt>
      <trkpt lat="26.290418" lon="107.404113">
      </trkpt>
      <trkpt lat="26.2901902" lon="107.4085115">
      </trkpt>
      <trkpt lat="26.2899033" lon="107.411853">
      </trkpt>
      <trkpt lat="26.2898484" lon="107.4129335">
      </trkpt>
      <trkpt lat="26.2898068" lon="107.4142019">
      </trkpt>
      <trkpt lat="26.2898999" lon="107.4160068">
      </trkpt>
      <trkpt lat="26.2902388" lon="107.4192457">
      </trkpt>
      <trkpt lat="26.2903387" lon="107.4214144">
      </trkpt>
      <trkpt lat="26.2902303" lon="107.4282571">
      </trkpt>
      <trkpt lat="26.289981" lon="107.430023">
      </trkpt>
      <trkpt lat="26.2897822" lon="107.4311951">
      </trkpt>
      <trkpt lat="26.2895673" lon="107.4322247">
      </trkpt>
      <trkpt lat="26.289318" lon="107.4330278">
      </trkpt>
      <trkpt lat="26.289036" lon="107.433823">
      </trkpt>
      <trkpt lat="26.2884455" lon="107.4353924">
      </trkpt>
      <trkpt lat="26.2878243" lon="107.4366934">
      </trkpt>
      <trkpt lat="26.2872619" lon="107.4377267">
      </trkpt>
      <trkpt lat="26.2857389" lon="107.4405244">
      </trkpt>
      <trkpt lat="26.284923" lon="107.442371">
      </trkpt>
      <trkpt lat="26.284439" lon="107.443998">
      </trkpt>
      <trkpt lat="26.284036" lon="107.446144">
      </trkpt>
      <trkpt lat="26.2833867" lon="107.4526083">
      </trkpt>
      <trkpt lat="26.2831961" lon="107.4545052">
      </trkpt>
      <trkpt lat="26.2831281" lon="107.4551237">
      </trkpt>
      <trkpt lat="26.2830415" lon="107.455798">
      </trkpt>
      <trkpt lat="26.2828927" lon="107.4571363">
      </trkpt>
      <trkpt lat="26.2828148" lon="107.4578016">
      </trkpt>
      <trkpt lat="26.2827217" lon="107.4588122">
      </trkpt>
      <trkpt lat="26.2826759" lon="107.4597251">
      </trkpt>
      <trkpt lat="26.2826705" lon="107.4606032">
      </trkpt>
      <trkpt lat="26.2827213" lon="107.461687">
      </trkpt>
      <trkpt lat="26.282933" lon="107.4650002">
      </trkpt>
      <trkpt lat="26.2830615" lon="107.4668998">
      </trkpt>
      <trkpt lat="26.2830985" lon="107.4674456">
      </trkpt>
      <trkpt lat="26.2831079" lon="107.4676469">
      </trkpt>
      <trkpt lat="26.2832327" lon="107.4694075">
      </trkpt>
      <trkpt lat="26.2832468" lon="107.4696346">
      </trkpt>
      <trkpt lat="26.2832719" lon="107.4700386">
      </trkpt>
      <trkpt lat="26.2834017" lon="107.4718573">
      </trkpt>
      <trkpt lat="26.2834521" lon="107.4721956">
      </trkpt>
      <trkpt lat="26.2836221" lon="107.4731211">
      </trkpt>
      <trkpt lat="26.2837554" lon="107.473713">
      </trkpt>
      <trkpt lat="26.2840477" lon="107.4744448">
      </trkpt>
      <trkpt lat="26.2846026" lon="107.4754188">
      </trkpt>
      <trkpt lat="26.2850008" lon="107.4760343">
      </trkpt>
      <trkpt lat="26.2857647" lon="107.4768643">
      </trkpt>
      <trkpt lat="26.2864536" lon="107.4774756">
      </trkpt>
      <trkpt lat="26.2878402" lon="107.4783579">
      </trkpt>
      <trkpt lat="26.2902876" lon="107.4797106">
      </trkpt>
      <trkpt lat="26.2908619" lon="107.4800224">
      </trkpt>
      <trkpt lat="26.2913577" lon="107.4802969">
      </trkpt>
      <trkpt lat="26.2918409" lon="107.4805997">
      </trkpt>
      <trkpt lat="26.2926636" lon="107.48131">
      </trkpt>
      <trkpt lat="26.2932905" lon="107.4819762">
      </trkpt>
      <trkpt lat="26.2938555" lon="107.4827491">
      </trkpt>
      <trkpt lat="26.2943902" lon="107.4836941">
      </trkpt>
      <trkpt lat="26.2946792" lon="107.4845228">
      </trkpt>
      <trkpt lat="26.2949156" lon="107.4854422">
      </trkpt>
      <trkpt lat="26.2950734" lon="107.486476">
      </trkpt>
      <trkpt lat="26.2950443" lon="107.487569">
      </trkpt>
      <trkpt lat="26.294956" lon="107.488391">
      </trkpt>
      <trkpt lat="26.2947396" lon="107.4894883">
      </trkpt>
      <trkpt lat="26.2944227" lon="107.4906107">
      </trkpt>
      <trkpt lat="26.2941366" lon="107.4915795">
      </trkpt>
      <trkpt lat="26.2936933" lon="107.4928994">
      </trkpt>
      <trkpt lat="26.293445" lon="107.493585">
      </trkpt>
      <trkpt lat="26.2932818" lon="107.493933">
      </trkpt>
      <trkpt lat="26.293113" lon="107.494244">
      </trkpt>
      <trkpt lat="26.292848" lon="107.494708">
      </trkpt>
      <trkpt lat="26.2924293" lon="107.49528">
      </trkpt>
      <trkpt lat="26.2917643" lon="107.4960695">
      </trkpt>
      <trkpt lat="26.2911965" lon="107.4966377">
      </trkpt>
      <trkpt lat="26.2905582" lon="107.4971393">
      </trkpt>
      <trkpt lat="26.2898206" lon="107.4975249">
      </trkpt>
      <trkpt lat="26.2891305" lon="107.4977745">
      </trkpt>
      <trkpt lat="26.2886584" lon="107.4979272">
      </trkpt>
      <trkpt lat="26.2881345" lon="107.4980497">
      </trkpt>
      <trkpt lat="26.2877166" lon="107.4981015">
      </trkpt>
      <trkpt lat="26.2872949" lon="107.4981274">
      </trkpt>
      <trkpt lat="26.2868456" lon="107.4981018">
      </trkpt>
      <trkpt lat="26.2812113" lon="107.4972262">
      </trkpt>
      <trkpt lat="26.2801868" lon="107.4970714">
      </trkpt>
      <trkpt lat="26.2794488" lon="107.4969958">
      </trkpt>
      <trkpt lat="26.2785078" lon="107.4970051">
      </trkpt>
      <trkpt lat="26.2765778" lon="107.4971606">
      </trkpt>
      <trkpt lat="26.2746865" lon="107.4976883">
      </trkpt>
      <trkpt lat="26.2559703" lon="107.5048343">
      </trkpt>
      <trkpt lat="26.2550327" lon="107.5052452">
      </trkpt>
      <trkpt lat="26.2539483" lon="107.5058433">
      </trkpt>
      <trkpt lat="26.2528971" lon="107.5066779">
      </trkpt>
      <trkpt lat="26.252644" lon="107.5068913">
      </trkpt>
      <trkpt lat="26.2521131" lon="107.5073648">
      </trkpt>
      <trkpt lat="26.2518717" lon="107.5075693">
      </trkpt>
      <trkpt lat="26.2514571" lon="107.5079455">
      </trkpt>
      <trkpt lat="26.249263" lon="107.510034">
      </trkpt>
      <trkpt lat="26.2487696" lon="107.5104215">
      </trkpt>
      <trkpt lat="26.2480611" lon="107.5108845">
      </trkpt>
      <trkpt lat="26.2477733" lon="107.5110389">
      </trkpt>
      <trkpt lat="26.247388" lon="107.5112123">
      </trkpt>
      <trkpt lat="26.2467986" lon="107.5114204">
      </trkpt>
      <trkpt lat="26.2462176" lon="107.5115788">
      </trkpt>
      <trkpt lat="26.2457117" lon="107.5116571">
      </trkpt>
      <trkpt lat="26.2450196" lon="107.5117307">
      </trkpt>
      <trkpt lat="26.2447194" lon="107.5117205">
      </trkpt>
      <trkpt lat="26.2443207" lon="107.5117054">
      </trkpt>
      <trkpt lat="26.2434543" lon="107.5115894">
      </trkpt>
      <trkpt lat="26.2426666" lon="107.5114805">
      </trkpt>
      <trkpt lat="26.2406047" lon="107.5112239">
      </trkpt>
      <trkpt lat="26.2400109" lon="107.5111399">
      </trkpt>
      <trkpt lat="26.2397636" lon="107.5111042">
      </trkpt>
      <trkpt lat="26.2389522" lon="107.5110046">
      </trkpt>
      <trkpt lat="26.2355273" lon="107.5105208">
      </trkpt>
      <trkpt lat="26.2331025" lon="107.5102012">
      </trkpt>
      <trkpt lat="26.2319095" lon="107.5100356">
      </trkpt>
      <trkpt lat="26.230981" lon="107.509892">
      </trkpt>
      <trkpt lat="26.2304466" lon="107.5098207">
      </trkpt>
      <trkpt lat="26.2299636" lon="107.5097562">
      </trkpt>
      <trkpt lat="26.2293513" lon="107.509682">
      </trkpt>
      <trkpt lat="26.2287188" lon="107.5095831">
      </trkpt>
      <trkpt lat="26.2277364" lon="107.5094357">
      </trkpt>
      <trkpt lat="26.2271879" lon="107.5093532">
      </trkpt>
      <trkpt lat="26.2260938" lon="107.5092693">
      </trkpt>
      <trkpt lat="26.2255056" lon="107.5092646">
      </trkpt>
      <trkpt lat="26.2247975" lon="107.5093098">
      </trkpt>
      <trkpt lat="26.224284" lon="107.509369">
      </trkpt>
      <trkpt lat="26.223291" lon="107.509665">
      </trkpt>
      <trkpt lat="26.220274" lon="107.510903">
      </trkpt>
      <trkpt lat="26.218843" lon="107.511561">
      </trkpt>
      <trkpt lat="26.215778" lon="107.513218">
      </trkpt>
      <trkpt lat="26.214479" lon="107.513735">
      </trkpt>
      <trkpt lat="26.213883" lon="107.513899">
      </trkpt>
      <trkpt lat="26.212633" lon="107.51413">
      </trkpt>
      <trkpt lat="26.2117524" lon="107.5142002">
      </trkpt>
      <trkpt lat="26.2115107" lon="107.5142044">
      </trkpt>
      <trkpt lat="26.2112821" lon="107.5142085">
      </trkpt>
      <trkpt lat="26.2112117" lon="107.514206">
      </trkpt>
      <trkpt lat="26.2071365" lon="107.5140598">
      </trkpt>
      <trkpt lat="26.2069745" lon="107.5140709">
      </trkpt>
      <trkpt lat="26.2067802" lon="107.5140842">
      </trkpt>
      <trkpt lat="26.206198" lon="107.514124">
      </trkpt>
      <trkpt lat="26.205276" lon="107.514313">
      </trkpt>
      <trkpt lat="26.20413" lon="107.514666">
      </trkpt>
      <trkpt lat="26.2020808" lon="107.5154772">
      </trkpt>
      <trkpt lat="26.199042" lon="107.5170725">
      </trkpt>
      <trkpt lat="26.1981455" lon="107.5174712">
      </trkpt>
      <trkpt lat="26.1974662" lon="107.5177009">
      </trkpt>
      <trkpt lat="26.1965661" lon="107.5178378">
      </trkpt>
      <trkpt lat="26.1955356" lon="107.5178746">
      </trkpt>
      <trkpt lat="26.1939565" lon="107.5178799">
      </trkpt>
      <trkpt lat="26.1920778" lon="107.5178465">
      </trkpt>
      <trkpt lat="26.1914572" lon="107.5177993">
      </trkpt>
      <trkpt lat="26.1899521" lon="107.5176267">
      </trkpt>
      <trkpt lat="26.1885409" lon="107.517355">
      </trkpt>
      <trkpt lat="26.1802433" lon="107.5152783">
      </trkpt>
      <trkpt lat="26.178442" lon="107.5148762">
      </trkpt>
      <trkpt lat="26.1772987" lon="107.5145352">
      </trkpt>
      <trkpt lat="26.1747932" lon="107.5135493">
      </trkpt>
      <trkpt lat="26.1735464" lon="107.5130201">
      </trkpt>
      <trkpt lat="26.1721693" lon="107.5124561">
      </trkpt>
      <trkpt lat="26.1714108" lon="107.51217">
      </trkpt>
      <trkpt lat="26.1711564" lon="107.5120535">
      </trkpt>
      <trkpt lat="26.170248" lon="107.5116662">
      </trkpt>
      <trkpt lat="26.1691154" lon="107.5111933">
      </trkpt>
      <trkpt lat="26.1686372" lon="107.5109804">
      </trkpt>
      <trkpt lat="26.1677771" lon="107.5105472">
      </trkpt>
      <trkpt lat="26.166285" lon="107.5096017">
      </trkpt>
      <trkpt lat="26.1651658" lon="107.5087238">
      </trkpt>
      <trkpt lat="26.164142" lon="107.5077396">
      </trkpt>
      <trkpt lat="26.1634658" lon="107.5071737">
      </trkpt>
      <trkpt lat="26.1619574" lon="107.5058629">
      </trkpt>
      <trkpt lat="26.1611419" lon="107.5052606">
      </trkpt>
      <trkpt lat="26.1602992" lon="107.5046886">
      </trkpt>
      <trkpt lat="26.159762" lon="107.504358">
      </trkpt>
      <trkpt lat="26.159184" lon="107.5040881">
      </trkpt>
      <trkpt lat="26.1586148" lon="107.5038488">
      </trkpt>
      <trkpt lat="26.1579911" lon="107.5036701">
      </trkpt>
      <trkpt lat="26.1556818" lon="107.5032742">
      </trkpt>
      <trkpt lat="26.1547328" lon="107.5029811">
      </trkpt>
      <trkpt lat="26.153997" lon="107.5026614">
      </trkpt>
      <trkpt lat="26.1527155" lon="107.502065">
      </trkpt>
      <trkpt lat="26.1500499" lon="107.5006388">
      </trkpt>
      <trkpt lat="26.1469853" lon="107.4990229">
      </trkpt>
      <trkpt lat="26.132204" lon="107.4910362">
      </trkpt>
      <trkpt lat="26.1316674" lon="107.4907372">
      </trkpt>
      <trkpt lat="26.1312081" lon="107.4905064">
      </trkpt>
      <trkpt lat="26.1308339" lon="107.4903192">
      </trkpt>
      <trkpt lat="26.1303842" lon="107.4901134">
      </trkpt>
      <trkpt lat="26.1297945" lon="107.4898691">
      </trkpt>
      <trkpt lat="26.1284483" lon="107.4893438">
      </trkpt>
      <trkpt lat="26.1278661" lon="107.489152">
      </trkpt>
      <trkpt lat="26.1270284" lon="107.4889443">
      </trkpt>
      <trkpt lat="26.1243855" lon="107.4882912">
      </trkpt>
      <trkpt lat="26.122888" lon="107.4880548">
      </trkpt>
      <trkpt lat="26.1213891" lon="107.4879167">
      </trkpt>
      <trkpt lat="26.1202677" lon="107.4878431">
      </trkpt>
      <trkpt lat="26.1192899" lon="107.4877012">
      </trkpt>
      <trkpt lat="26.1182776" lon="107.4875306">
      </trkpt>
      <trkpt lat="26.1112597" lon="107.4858822">
      </trkpt>
      <trkpt lat="26.1103458" lon="107.4855935">
      </trkpt>
      <trkpt lat="26.1091621" lon="107.4851704">
      </trkpt>
      <trkpt lat="26.108068" lon="107.484601">
      </trkpt>
      <trkpt lat="26.106779" lon="107.483566">
      </trkpt>
      <trkpt lat="26.105923" lon="107.482719">
      </trkpt>
      <trkpt lat="26.104658" lon="107.481206">
      </trkpt>
      <trkpt lat="26.103677" lon="107.4799202">
      </trkpt>
      <trkpt lat="26.1033835" lon="107.4795301">
      </trkpt>
      <trkpt lat="26.1029803" lon="107.4789812">
      </trkpt>
      <trkpt lat="26.1026211" lon="107.4785064">
      </trkpt>
      <trkpt lat="26.1022574" lon="107.4780209">
      </trkpt>
      <trkpt lat="26.1018997" lon="107.4775556">
      </trkpt>
      <trkpt lat="26.1015541" lon="107.4771385">
      </trkpt>
      <trkpt lat="26.1013096" lon="107.4768448">
      </trkpt>
      <trkpt lat="26.1009604" lon="107.4764451">
      </trkpt>
      <trkpt lat="26.1006376" lon="107.4761152">
      </trkpt>
      <trkpt lat="26.1003245" lon="107.4758255">
      </trkpt>
      <trkpt lat="26.0998897" lon="107.4754272">
      </trkpt>
      <trkpt lat="26.0995609" lon="107.4751429">
      </trkpt>
      <trkpt lat="26.0992682" lon="107.4749042">
      </trkpt>
      <trkpt lat="26.0987985" lon="107.4745609">
      </trkpt>
      <trkpt lat="26.0983505" lon="107.4742471">
      </trkpt>
      <trkpt lat="26.0973693" lon="107.4735659">
      </trkpt>
      <trkpt lat="26.0967536" lon="107.4731563">
      </trkpt>
      <trkpt lat="26.0963735" lon="107.4728986">
      </trkpt>
      <trkpt lat="26.0960799" lon="107.4727013">
      </trkpt>
      <trkpt lat="26.0945085" lon="107.4716373">
      </trkpt>
      <trkpt lat="26.0937826" lon="107.4711774">
      </trkpt>
      <trkpt lat="26.0930411" lon="107.4707699">
      </trkpt>
      <trkpt lat="26.0880359" lon="107.4684627">
      </trkpt>
      <trkpt lat="26.0852999" lon="107.4672947">
      </trkpt>
      <trkpt lat="26.084801" lon="107.467096">
      </trkpt>
      <trkpt lat="26.0828809" lon="107.4662376">
      </trkpt>
      <trkpt lat="26.0820453" lon="107.4658942">
      </trkpt>
      <trkpt lat="26.0765" lon="107.4634509">
      </trkpt>
      <trkpt lat="26.0734548" lon="107.4620953">
      </trkpt>
      <trkpt lat="26.073093" lon="107.4619342">
      </trkpt>
      <trkpt lat="26.0727196" lon="107.4617931">
      </trkpt>
      <trkpt lat="26.0722457" lon="107.4616141">
      </trkpt>
      <trkpt lat="26.0719147" lon="107.461493">
      </trkpt>
      <trkpt lat="26.0714101" lon="107.4613353">
      </trkpt>
      <trkpt lat="26.070378" lon="107.4611495">
      </trkpt>
      <trkpt lat="26.0692814" lon="107.4610845">
      </trkpt>
      <trkpt lat="26.0630935" lon="107.4613028">
      </trkpt>
      <trkpt lat="26.0621334" lon="107.4613812">
      </trkpt>
      <trkpt lat="26.0608462" lon="107.4616115">
      </trkpt>
      <trkpt lat="26.0604877" lon="107.4616881">
      </trkpt>
      <trkpt lat="26.0591092" lon="107.4620821">
      </trkpt>
      <trkpt lat="26.0575106" lon="107.4627564">
      </trkpt>
      <trkpt lat="26.0572075" lon="107.4628978">
      </trkpt>
      <trkpt lat="26.056503" lon="107.4632961">
      </trkpt>
      <trkpt lat="26.0559792" lon="107.4636252">
      </trkpt>
      <trkpt lat="26.0557339" lon="107.463778">
      </trkpt>
      <trkpt lat="26.0545493" lon="107.46462">
      </trkpt>
      <trkpt lat="26.0542568" lon="107.4648243">
      </trkpt>
      <trkpt lat="26.051548" lon="107.466871">
      </trkpt>
      <trkpt lat="26.0508161" lon="107.4674395">
      </trkpt>
      <trkpt lat="26.0502924" lon="107.4678175">
      </trkpt>
      <trkpt lat="26.0500727" lon="107.4679909">
      </trkpt>
      <trkpt lat="26.0495429" lon="107.4683935">
      </trkpt>
      <trkpt lat="26.048851" lon="107.4689448">
      </trkpt>
      <trkpt lat="26.0481021" lon="107.4695761">
      </trkpt>
      <trkpt lat="26.0478021" lon="107.4698462">
      </trkpt>
      <trkpt lat="26.0471011" lon="107.4705808">
      </trkpt>
      <trkpt lat="26.0466235" lon="107.4711212">
      </trkpt>
      <trkpt lat="26.0449618" lon="107.4731756">
      </trkpt>
      <trkpt lat="26.0445142" lon="107.4737938">
      </trkpt>
      <trkpt lat="26.0442365" lon="107.4741772">
      </trkpt>
      <trkpt lat="26.0436703" lon="107.4748862">
      </trkpt>
      <trkpt lat="26.0429277" lon="107.4758445">
      </trkpt>
      <trkpt lat="26.0425808" lon="107.4762895">
      </trkpt>
      <trkpt lat="26.0424589" lon="107.4764573">
      </trkpt>
      <trkpt lat="26.0380325" lon="107.4820595">
      </trkpt>
      <trkpt lat="26.037765" lon="107.482398">
      </trkpt>
      <trkpt lat="26.0369057" lon="107.4834757">
      </trkpt>
      <trkpt lat="26.0359769" lon="107.4845028">
      </trkpt>
      <trkpt lat="26.0354088" lon="107.4850041">
      </trkpt>
      <trkpt lat="26.0348457" lon="107.4855233">
      </trkpt>
      <trkpt lat="26.0331975" lon="107.4867756">
      </trkpt>
      <trkpt lat="26.0315887" lon="107.4879902">
      </trkpt>
      <trkpt lat="26.0304156" lon="107.4889013">
      </trkpt>
      <trkpt lat="26.0292665" lon="107.4897074">
      </trkpt>
      <trkpt lat="26.0255995" lon="107.4922559">
      </trkpt>
      <trkpt lat="26.0251393" lon="107.4925293">
      </trkpt>
      <trkpt lat="26.0237686" lon="107.4932125">
      </trkpt>
      <trkpt lat="26.0231494" lon="107.493537">
      </trkpt>
      <trkpt lat="26.022373" lon="107.4939076">
      </trkpt>
      <trkpt lat="26.0209606" lon="107.4944128">
      </trkpt>
      <trkpt lat="26.018565" lon="107.495173">
      </trkpt>
      <trkpt lat="26.0171313" lon="107.4955633">
      </trkpt>
      <trkpt lat="26.0159657" lon="107.4958805">
      </trkpt>
      <trkpt lat="26.0154634" lon="107.495976">
      </trkpt>
      <trkpt lat="26.0146874" lon="107.4960847">
      </trkpt>
      <trkpt lat="26.005923" lon="107.496491">
      </trkpt>
      <trkpt lat="26.001768" lon="107.496458">
      </trkpt>
      <trkpt lat="25.966193" lon="107.500146">
      </trkpt>
      <trkpt lat="25.964926" lon="107.500864">
      </trkpt>
      <trkpt lat="25.963586" lon="107.501473">
      </trkpt>
      <trkpt lat="25.959493" lon="107.504283">
      </trkpt>
      <trkpt lat="25.958264" lon="107.504998">
      </trkpt>
      <trkpt lat="25.957118" lon="107.50588">
      </trkpt>
      <trkpt lat="25.956491" lon="107.506464">
      </trkpt>
      <trkpt lat="25.956316" lon="107.506718">
      </trkpt>
      <trkpt lat="25.956184" lon="107.506793">
      </trkpt>
      <trkpt lat="25.955788" lon="107.507281">
      </trkpt>
      <trkpt lat="25.9554626" lon="107.5076194">
      </trkpt>
      <trkpt lat="25.954216" lon="107.508916">
      </trkpt>
      <trkpt lat="25.953241" lon="107.510433">
      </trkpt>
      <trkpt lat="25.95254" lon="107.511391">
      </trkpt>
      <trkpt lat="25.951658" lon="107.512906">
      </trkpt>
      <trkpt lat="25.95153" lon="107.513311">
      </trkpt>
      <trkpt lat="25.944348" lon="107.519586">
      </trkpt>
      <trkpt lat="25.938663" lon="107.521536">
      </trkpt>
      <trkpt lat="25.934076" lon="107.523454">
      </trkpt>
      <trkpt lat="25.932966" lon="107.523828">
      </trkpt>
      <trkpt lat="25.931499" lon="107.524483">
      </trkpt>
      <trkpt lat="25.931249" lon="107.524531">
      </trkpt>
      <trkpt lat="25.924749" lon="107.527215">
      </trkpt>
      <trkpt lat="25.923101" lon="107.527606">
      </trkpt>
      <trkpt lat="25.919105" lon="107.528226">
      </trkpt>
      <trkpt lat="25.918841" lon="107.528239">
      </trkpt>
      <trkpt lat="25.918586" lon="107.528189">
      </trkpt>
      <trkpt lat="25.911681" lon="107.529451">
      </trkpt>
      <trkpt lat="25.910498" lon="107.529721">
      </trkpt>
      <trkpt lat="25.908886" lon="107.530225">
      </trkpt>
      <trkpt lat="25.90198" lon="107.534171">
      </trkpt>
      <trkpt lat="25.8990701" lon="107.5360575">
      </trkpt>
      <trkpt lat="25.8968375" lon="107.5376006">
      </trkpt>
      <trkpt lat="25.891291" lon="107.5412151">
      </trkpt>
      <trkpt lat="25.889124" lon="107.542515">
      </trkpt>
      <trkpt lat="25.888304" lon="107.542893">
      </trkpt>
      <trkpt lat="25.886844" lon="107.5434">
      </trkpt>
      <trkpt lat="25.885776" lon="107.543656">
      </trkpt>
      <trkpt lat="25.8840264" lon="107.5438733">
      </trkpt>
      <trkpt lat="25.883488" lon="107.543901">
      </trkpt>
      <trkpt lat="25.882304" lon="107.543888">
      </trkpt>
      <trkpt lat="25.8736697" lon="107.5434343">
      </trkpt>
      <trkpt lat="25.8658992" lon="107.5430885">
      </trkpt>
      <trkpt lat="25.8627297" lon="107.5429656">
      </trkpt>
      <trkpt lat="25.860483" lon="107.54279">
      </trkpt>
      <trkpt lat="25.858778" lon="107.5427514">
      </trkpt>
      <trkpt lat="25.8550893" lon="107.5425768">
      </trkpt>
      <trkpt lat="25.853859" lon="107.5425159">
      </trkpt>
      <trkpt lat="25.8517763" lon="107.5422304">
      </trkpt>
      <trkpt lat="25.8500066" lon="107.541769">
      </trkpt>
      <trkpt lat="25.8469773" lon="107.5408349">
      </trkpt>
      <trkpt lat="25.8447132" lon="107.5401016">
      </trkpt>
      <trkpt lat="25.8407998" lon="107.538811">
      </trkpt>
      <trkpt lat="25.8395784" lon="107.5383989">
      </trkpt>
      <trkpt lat="25.83391" lon="107.536616">
      </trkpt>
      <trkpt lat="25.832605" lon="107.536123">
      </trkpt>
      <trkpt lat="25.8315965" lon="107.5356629">
      </trkpt>
      <trkpt lat="25.829942" lon="107.5345923">
      </trkpt>
      <trkpt lat="25.8299141" lon="107.5345694">
      </trkpt>
      <trkpt lat="25.8298274" lon="107.534498">
      </trkpt>
      <trkpt lat="25.8244422" lon="107.5300665">
      </trkpt>
      <trkpt lat="25.823659" lon="107.529453">
      </trkpt>
      <trkpt lat="25.822831" lon="107.5289855">
      </trkpt>
      <trkpt lat="25.8226209" lon="107.5288608">
      </trkpt>
      <trkpt lat="25.822188" lon="107.528634">
      </trkpt>
      <trkpt lat="25.82044" lon="107.527898">
      </trkpt>
      <trkpt lat="25.819539" lon="107.527635">
      </trkpt>
      <trkpt lat="25.8186717" lon="107.5274454">
      </trkpt>
      <trkpt lat="25.8176699" lon="107.5272903">
      </trkpt>
      <trkpt lat="25.8173293" lon="107.5272657">
      </trkpt>
      <trkpt lat="25.815541" lon="107.5272047">
      </trkpt>
      <trkpt lat="25.813105" lon="107.527286">
      </trkpt>
      <trkpt lat="25.808618" lon="107.527356">
      </trkpt>
      <trkpt lat="25.806596" lon="107.527441">
      </trkpt>
      <trkpt lat="25.805574" lon="107.527539">
      </trkpt>
      <trkpt lat="25.804333" lon="107.527756">
      </trkpt>
      <trkpt lat="25.802673" lon="107.528198">
      </trkpt>
      <trkpt lat="25.801454" lon="107.528703">
      </trkpt>
      <trkpt lat="25.80028" lon="107.529329">
      </trkpt>
      <trkpt lat="25.799526" lon="107.529816">
      </trkpt>
      <trkpt lat="25.798623" lon="107.530506">
      </trkpt>
      <trkpt lat="25.797936" lon="107.531103">
      </trkpt>
      <trkpt lat="25.797131" lon="107.53191">
      </trkpt>
      <trkpt lat="25.7959048" lon="107.5334933">
      </trkpt>
      <trkpt lat="25.7954537" lon="107.5340355">
      </trkpt>
      <trkpt lat="25.791163" lon="107.539211">
      </trkpt>
      <trkpt lat="25.786678" lon="107.544861">
      </trkpt>
      <trkpt lat="25.786046" lon="107.5456411">
      </trkpt>
      <trkpt lat="25.785391" lon="107.546256">
      </trkpt>
      <trkpt lat="25.7844705" lon="107.5471921">
      </trkpt>
      <trkpt lat="25.7830267" lon="107.5482868">
      </trkpt>
      <trkpt lat="25.7811448" lon="107.5492799">
      </trkpt>
      <trkpt lat="25.7790725" lon="107.5499031">
      </trkpt>
      <trkpt lat="25.777556" lon="107.55016">
      </trkpt>
      <trkpt lat="25.773996" lon="107.550645">
      </trkpt>
      <trkpt lat="25.7725651" lon="107.550998">
      </trkpt>
      <trkpt lat="25.7711442" lon="107.5516114">
      </trkpt>
      <trkpt lat="25.7700251" lon="107.5521446">
      </trkpt>
      <trkpt lat="25.7688585" lon="107.5527834">
      </trkpt>
      <trkpt lat="25.7662196" lon="107.5545719">
      </trkpt>
      <trkpt lat="25.7647528" lon="107.5554705">
      </trkpt>
      <trkpt lat="25.757463" lon="107.559293">
      </trkpt>
      <trkpt lat="25.756356" lon="107.559806">
      </trkpt>
      <trkpt lat="25.75477" lon="107.560401">
      </trkpt>
      <trkpt lat="25.753593" lon="107.560716">
      </trkpt>
      <trkpt lat="25.752628" lon="107.560893">
      </trkpt>
      <trkpt lat="25.75069" lon="107.561058">
      </trkpt>
      <trkpt lat="25.745133" lon="107.5610018">
      </trkpt>
      <trkpt lat="25.7434807" lon="107.5609144">
      </trkpt>
      <trkpt lat="25.7422924" lon="107.5607222">
      </trkpt>
      <trkpt lat="25.7411311" lon="107.560426">
      </trkpt>
      <trkpt lat="25.7406295" lon="107.5602442">
      </trkpt>
      <trkpt lat="25.7394306" lon="107.5598283">
      </trkpt>
      <trkpt lat="25.7376604" lon="107.5591726">
      </trkpt>
      <trkpt lat="25.734888" lon="107.558143">
      </trkpt>
      <trkpt lat="25.733533" lon="107.557708">
      </trkpt>
      <trkpt lat="25.732411" lon="107.557451">
      </trkpt>
      <trkpt lat="25.731264" lon="107.557268">
      </trkpt>
      <trkpt lat="25.729583" lon="107.557118">
      </trkpt>
      <trkpt lat="25.727878" lon="107.557144">
      </trkpt>
      <trkpt lat="25.726196" lon="107.557353">
      </trkpt>
      <trkpt lat="25.725001" lon="107.557613">
      </trkpt>
      <trkpt lat="25.717833" lon="107.559431">
      </trkpt>
      <trkpt lat="25.715971" lon="107.55977">
      </trkpt>
      <trkpt lat="25.71408" lon="107.559855">
      </trkpt>
      <trkpt lat="25.7127896" lon="107.5598216">
      </trkpt>
      <trkpt lat="25.7118443" lon="107.5597129">
      </trkpt>
      <trkpt lat="25.710278" lon="107.559613">
      </trkpt>
      <trkpt lat="25.709335" lon="107.559641">
      </trkpt>
      <trkpt lat="25.708386" lon="107.559738">
      </trkpt>
      <trkpt lat="25.707693" lon="107.559856">
      </trkpt>
      <trkpt lat="25.706111" lon="107.560296">
      </trkpt>
      <trkpt lat="25.7006894" lon="107.5623148">
      </trkpt>
      <trkpt lat="25.699083" lon="107.562913">
      </trkpt>
      <trkpt lat="25.697746" lon="107.563365">
      </trkpt>
      <trkpt lat="25.69048" lon="107.565295">
      </trkpt>
      <trkpt lat="25.6896609" lon="107.5655442">
      </trkpt>
      <trkpt lat="25.6696878" lon="107.5734181">
      </trkpt>
      <trkpt lat="25.6580221" lon="107.5745918">
      </trkpt>
      <trkpt lat="25.6569307" lon="107.5745766">
      </trkpt>
      <trkpt lat="25.6558631" lon="107.5744293">
      </trkpt>
      <trkpt lat="25.6546643" lon="107.5741163">
      </trkpt>
      <trkpt lat="25.6536799" lon="107.5738032">
      </trkpt>
      <trkpt lat="25.6523498" lon="107.5732412">
      </trkpt>
      <trkpt lat="25.6497712" lon="107.5720437">
      </trkpt>
      <trkpt lat="25.6452745" lon="107.5700283">
      </trkpt>
      <trkpt lat="25.641639" lon="107.568399">
      </trkpt>
      <trkpt lat="25.640051" lon="107.567559">
      </trkpt>
      <trkpt lat="25.638921" lon="107.566803">
      </trkpt>
      <trkpt lat="25.637833" lon="107.565886">
      </trkpt>
      <trkpt lat="25.637145" lon="107.565191">
      </trkpt>
      <trkpt lat="25.6360869" lon="107.5640153">
      </trkpt>
      <trkpt lat="25.6352101" lon="107.5628237">
      </trkpt>
      <trkpt lat="25.6343348" lon="107.5613146">
      </trkpt>
      <trkpt lat="25.6334037" lon="107.5597874">
      </trkpt>
      <trkpt lat="25.6327217" lon="107.5586839">
      </trkpt>
      <trkpt lat="25.632438" lon="107.558288">
      </trkpt>
      <trkpt lat="25.631283" lon="107.556933">
      </trkpt>
      <trkpt lat="25.630586" lon="107.556229">
      </trkpt>
      <trkpt lat="25.630026" lon="107.555741">
      </trkpt>
      <trkpt lat="25.6299058" lon="107.5556477">
      </trkpt>
      <trkpt lat="25.629075" lon="107.555003">
      </trkpt>
      <trkpt lat="25.628089" lon="107.554363">
      </trkpt>
      <trkpt lat="25.620861" lon="107.55051">
      </trkpt>
      <trkpt lat="25.618308" lon="107.54906">
      </trkpt>
      <trkpt lat="25.614806" lon="107.547201">
      </trkpt>
      <trkpt lat="25.613585" lon="107.546415">
      </trkpt>
      <trkpt lat="25.612261" lon="107.545273">
      </trkpt>
      <trkpt lat="25.61089" lon="107.54379">
      </trkpt>
      <trkpt lat="25.609994" lon="107.542603">
      </trkpt>
      <trkpt lat="25.6082957" lon="107.5402869">
      </trkpt>
      <trkpt lat="25.6067519" lon="107.538367">
      </trkpt>
      <trkpt lat="25.6056562" lon="107.5373078">
      </trkpt>
      <trkpt lat="25.6046118" lon="107.5364523">
      </trkpt>
      <trkpt lat="25.596492" lon="107.5313027">
      </trkpt>
      <trkpt lat="25.5948164" lon="107.5301739">
      </trkpt>
      <trkpt lat="25.5936752" lon="107.5292442">
      </trkpt>
      <trkpt lat="25.5910775" lon="107.5266781">
      </trkpt>
      <trkpt lat="25.5892715" lon="107.5249749">
      </trkpt>
      <trkpt lat="25.5882483" lon="107.523952">
      </trkpt>
      <trkpt lat="25.5869555" lon="107.5228356">
      </trkpt>
      <trkpt lat="25.585901" lon="107.522114">
      </trkpt>
      <trkpt lat="25.584483" lon="107.521368">
      </trkpt>
      <trkpt lat="25.583556" lon="107.521006">
      </trkpt>
      <trkpt lat="25.582245" lon="107.520601">
      </trkpt>
      <trkpt lat="25.581313" lon="107.520379">
      </trkpt>
      <trkpt lat="25.578824" lon="107.519941">
      </trkpt>
      <trkpt lat="25.578628" lon="107.519861">
      </trkpt>
      <trkpt lat="25.576128" lon="107.519461">
      </trkpt>
      <trkpt lat="25.573643" lon="107.519291">
      </trkpt>
      <trkpt lat="25.571894" lon="107.519308">
      </trkpt>
      <trkpt lat="25.570741" lon="107.519371">
      </trkpt>
      <trkpt lat="25.569201" lon="107.519544">
      </trkpt>
      <trkpt lat="25.563408" lon="107.520496">
      </trkpt>
      <trkpt lat="25.559248" lon="107.521096">
      </trkpt>
      <trkpt lat="25.557106" lon="107.521224">
      </trkpt>
      <trkpt lat="25.555956" lon="107.521179">
      </trkpt>
      <trkpt lat="25.555225" lon="107.521231">
      </trkpt>
      <trkpt lat="25.55363" lon="107.521393">
      </trkpt>
      <trkpt lat="25.552213" lon="107.521671">
      </trkpt>
      <trkpt lat="25.5502589" lon="107.5220115">
      </trkpt>
      <trkpt lat="25.5495097" lon="107.5221073">
      </trkpt>
      <trkpt lat="25.5482563" lon="107.5222403">
      </trkpt>
      <trkpt lat="25.5472904" lon="107.5222947">
      </trkpt>
      <trkpt lat="25.546543" lon="107.522348">
      </trkpt>
      <trkpt lat="25.5446911" lon="107.5224709">
      </trkpt>
      <trkpt lat="25.5429557" lon="107.5225657">
      </trkpt>
      <trkpt lat="25.5414192" lon="107.5225239">
      </trkpt>
      <trkpt lat="25.5397696" lon="107.5223165">
      </trkpt>
      <trkpt lat="25.536981" lon="107.521713">
      </trkpt>
      <trkpt lat="25.535253" lon="107.521286">
      </trkpt>
      <trkpt lat="25.5343027" lon="107.5210602">
      </trkpt>
      <trkpt lat="25.5335124" lon="107.5208839">
      </trkpt>
      <trkpt lat="25.5330429" lon="107.5207394">
      </trkpt>
      <trkpt lat="25.5317423" lon="107.5202463">
      </trkpt>
      <trkpt lat="25.5306309" lon="107.519666">
      </trkpt>
      <trkpt lat="25.5297594" lon="107.5191524">
      </trkpt>
      <trkpt lat="25.5288635" lon="107.5185308">
      </trkpt>
      <trkpt lat="25.5281017" lon="107.5178686">
      </trkpt>
      <trkpt lat="25.5272668" lon="107.5170444">
      </trkpt>
      <trkpt lat="25.5265514" lon="107.5161708">
      </trkpt>
      <trkpt lat="25.5261735" lon="107.5157444">
      </trkpt>
      <trkpt lat="25.5258722" lon="107.5152896">
      </trkpt>
      <trkpt lat="25.5251109" lon="107.5142485">
      </trkpt>
      <trkpt lat="25.5246288" lon="107.5133602">
      </trkpt>
      <trkpt lat="25.5242518" lon="107.5125062">
      </trkpt>
      <trkpt lat="25.523279" lon="107.5108235">
      </trkpt>
      <trkpt lat="25.522993" lon="107.510365">
      </trkpt>
      <trkpt lat="25.5227741" lon="107.5099667">
      </trkpt>
      <trkpt lat="25.519531" lon="107.5040648">
      </trkpt>
      <trkpt lat="25.5185931" lon="107.5023339">
      </trkpt>
      <trkpt lat="25.517798" lon="107.5008876">
      </trkpt>
      <trkpt lat="25.5172599" lon="107.4999088">
      </trkpt>
      <trkpt lat="25.515833" lon="107.4973193">
      </trkpt>
      <trkpt lat="25.5148499" lon="107.4957004">
      </trkpt>
      <trkpt lat="25.5144641" lon="107.4950628">
      </trkpt>
      <trkpt lat="25.513944" lon="107.4943017">
      </trkpt>
      <trkpt lat="25.5131732" lon="107.4932071">
      </trkpt>
      <trkpt lat="25.5127106" lon="107.4926229">
      </trkpt>
      <trkpt lat="25.5119857" lon="107.4919431">
      </trkpt>
      <trkpt lat="25.5110619" lon="107.4911308">
      </trkpt>
      <trkpt lat="25.5100668" lon="107.4903645">
      </trkpt>
      <trkpt lat="25.509201" lon="107.4898512">
      </trkpt>
      <trkpt lat="25.5085243" lon="107.4895079">
      </trkpt>
      <trkpt lat="25.5078887" lon="107.4892708">
      </trkpt>
      <trkpt lat="25.5068233" lon="107.4889111">
      </trkpt>
      <trkpt lat="25.5056811" lon="107.4885797">
      </trkpt>
      <trkpt lat="25.5042461" lon="107.4882973">
      </trkpt>
      <trkpt lat="25.5027855" lon="107.4881281">
      </trkpt>
      <trkpt lat="25.5017401" lon="107.4880902">
      </trkpt>
      <trkpt lat="25.499923" lon="107.4883718">
      </trkpt>
      <trkpt lat="25.4972722" lon="107.4890096">
      </trkpt>
      <trkpt lat="25.4941786" lon="107.4897951">
      </trkpt>
      <trkpt lat="25.4910294" lon="107.4906053">
      </trkpt>
      <trkpt lat="25.489182" lon="107.4910702">
      </trkpt>
      <trkpt lat="25.4879651" lon="107.4913002">
      </trkpt>
      <trkpt lat="25.4869593" lon="107.4914491">
      </trkpt>
      <trkpt lat="25.4856796" lon="107.4915561">
      </trkpt>
      <trkpt lat="25.4816664" lon="107.4917707">
      </trkpt>
      <trkpt lat="25.4808165" lon="107.4918162">
      </trkpt>
      <trkpt lat="25.478439" lon="107.4919011">
      </trkpt>
      <trkpt lat="25.477081" lon="107.4919852">
      </trkpt>
      <trkpt lat="25.4761274" lon="107.4919901">
      </trkpt>
      <trkpt lat="25.474688" lon="107.4919462">
      </trkpt>
      <trkpt lat="25.4728209" lon="107.4917525">
      </trkpt>
      <trkpt lat="25.467021" lon="107.4910467">
      </trkpt>
      <trkpt lat="25.4659007" lon="107.4908732">
      </trkpt>
      <trkpt lat="25.4649815" lon="107.4906336">
      </trkpt>
      <trkpt lat="25.4634186" lon="107.4901512">
      </trkpt>
      <trkpt lat="25.4625274" lon="107.4897389">
      </trkpt>
      <trkpt lat="25.4617252" lon="107.4892774">
      </trkpt>
      <trkpt lat="25.460211" lon="107.488114">
      </trkpt>
      <trkpt lat="25.4568692" lon="107.4858892">
      </trkpt>
      <trkpt lat="25.4556685" lon="107.4852727">
      </trkpt>
      <trkpt lat="25.4542833" lon="107.4846944">
      </trkpt>
      <trkpt lat="25.453017" lon="107.4843583">
      </trkpt>
      <trkpt lat="25.4514799" lon="107.4840935">
      </trkpt>
      <trkpt lat="25.4496603" lon="107.4838614">
      </trkpt>
      <trkpt lat="25.4483211" lon="107.4836957">
      </trkpt>
      <trkpt lat="25.445879" lon="107.483256">
      </trkpt>
      <trkpt lat="25.444823" lon="107.482968">
      </trkpt>
      <trkpt lat="25.444439" lon="107.48282">
      </trkpt>
      <trkpt lat="25.4439005" lon="107.482612">
      </trkpt>
      <trkpt lat="25.4415991" lon="107.4816145">
      </trkpt>
      <trkpt lat="25.4408803" lon="107.4813017">
      </trkpt>
      <trkpt lat="25.4399383" lon="107.4809689">
      </trkpt>
      <trkpt lat="25.4381541" lon="107.4805057">
      </trkpt>
      <trkpt lat="25.437275" lon="107.4803257">
      </trkpt>
      <trkpt lat="25.434084" lon="107.4799138">
      </trkpt>
      <trkpt lat="25.4324388" lon="107.4795131">
      </trkpt>
      <trkpt lat="25.4314286" lon="107.4791892">
      </trkpt>
      <trkpt lat="25.4304127" lon="107.4787853">
      </trkpt>
      <trkpt lat="25.4259165" lon="107.4762024">
      </trkpt>
      <trkpt lat="25.4246177" lon="107.4756475">
      </trkpt>
      <trkpt lat="25.4232578" lon="107.4753357">
      </trkpt>
      <trkpt lat="25.4221143" lon="107.4751688">
      </trkpt>
      <trkpt lat="25.420326" lon="107.474935">
      </trkpt>
      <trkpt lat="25.4190758" lon="107.4748054">
      </trkpt>
      <trkpt lat="25.416216" lon="107.474158">
      </trkpt>
      <trkpt lat="25.414919" lon="107.473889">
      </trkpt>
      <trkpt lat="25.412509" lon="107.473296">
      </trkpt>
      <trkpt lat="25.409696" lon="107.472063">
      </trkpt>
      <trkpt lat="25.4077651" lon="107.4713323">
      </trkpt>
      <trkpt lat="25.4038372" lon="107.4695524">
      </trkpt>
      <trkpt lat="25.3984806" lon="107.4669898">
      </trkpt>
      <trkpt lat="25.397996" lon="107.4668133">
      </trkpt>
      <trkpt lat="25.3967463" lon="107.4663874">
      </trkpt>
      <trkpt lat="25.395322" lon="107.4660135">
      </trkpt>
      <trkpt lat="25.3942467" lon="107.4657984">
      </trkpt>
      <trkpt lat="25.3926043" lon="107.4655521">
      </trkpt>
      <trkpt lat="25.3897274" lon="107.4651265">
      </trkpt>
      <trkpt lat="25.3884676" lon="107.4648526">
      </trkpt>
      <trkpt lat="25.3874746" lon="107.4646064">
      </trkpt>
      <trkpt lat="25.3860105" lon="107.464027">
      </trkpt>
      <trkpt lat="25.3847126" lon="107.4633498">
      </trkpt>
      <trkpt lat="25.383642" lon="107.4626527">
      </trkpt>
      <trkpt lat="25.3825271" lon="107.4617316">
      </trkpt>
      <trkpt lat="25.380401" lon="107.4599">
      </trkpt>
      <trkpt lat="25.379459" lon="107.459228">
      </trkpt>
      <trkpt lat="25.3778658" lon="107.4583815">
      </trkpt>
      <trkpt lat="25.3768694" lon="107.4579085">
      </trkpt>
      <trkpt lat="25.3737322" lon="107.4563516">
      </trkpt>
      <trkpt lat="25.3726589" lon="107.4557653">
      </trkpt>
      <trkpt lat="25.3716567" lon="107.4551421">
      </trkpt>
      <trkpt lat="25.3708247" lon="107.4545309">
      </trkpt>
      <trkpt lat="25.3693628" lon="107.4534452">
      </trkpt>
      <trkpt lat="25.3668617" lon="107.4515253">
      </trkpt>
      <trkpt lat="25.3658534" lon="107.4507555">
      </trkpt>
      <trkpt lat="25.3639039" lon="107.4493537">
      </trkpt>
      <trkpt lat="25.3625386" lon="107.4483674">
      </trkpt>
      <trkpt lat="25.3620801" lon="107.4480438">
      </trkpt>
      <trkpt lat="25.361515" lon="107.447645">
      </trkpt>
      <trkpt lat="25.3610356" lon="107.447324">
      </trkpt>
      <trkpt lat="25.3603336" lon="107.4469652">
      </trkpt>
      <trkpt lat="25.3599508" lon="107.4468156">
      </trkpt>
      <trkpt lat="25.3596758" lon="107.4467081">
      </trkpt>
      <trkpt lat="25.3593629" lon="107.4465974">
      </trkpt>
      <trkpt lat="25.35905" lon="107.446503">
      </trkpt>
      <trkpt lat="25.3585033" lon="107.446311">
      </trkpt>
      <trkpt lat="25.3563226" lon="107.4457648">
      </trkpt>
      <trkpt lat="25.352553" lon="107.4448995">
      </trkpt>
      <trkpt lat="25.3524288" lon="107.444871">
      </trkpt>
      <trkpt lat="25.3516513" lon="107.4446882">
      </trkpt>
      <trkpt lat="25.3510058" lon="107.4445365">
      </trkpt>
      <trkpt lat="25.3493887" lon="107.4442103">
      </trkpt>
      <trkpt lat="25.3478465" lon="107.4438869">
      </trkpt>
      <trkpt lat="25.3456194" lon="107.4434808">
      </trkpt>
      <trkpt lat="25.3440893" lon="107.4433158">
      </trkpt>
      <trkpt lat="25.3428941" lon="107.4433251">
      </trkpt>
      <trkpt lat="25.3407849" lon="107.4435728">
      </trkpt>
      <trkpt lat="25.33938" lon="107.4438878">
      </trkpt>
      <trkpt lat="25.3366453" lon="107.4448254">
      </trkpt>
      <trkpt lat="25.3356217" lon="107.4451375">
      </trkpt>
      <trkpt lat="25.3340978" lon="107.4456588">
      </trkpt>
      <trkpt lat="25.3330522" lon="107.4461038">
      </trkpt>
      <trkpt lat="25.3322493" lon="107.4465667">
      </trkpt>
      <trkpt lat="25.3314463" lon="107.4471005">
      </trkpt>
      <trkpt lat="25.330121" lon="107.448068">
      </trkpt>
      <trkpt lat="25.3272784" lon="107.4505677">
      </trkpt>
      <trkpt lat="25.3262228" lon="107.4515051">
      </trkpt>
      <trkpt lat="25.3258188" lon="107.4518639">
      </trkpt>
      <trkpt lat="25.3250741" lon="107.4525252">
      </trkpt>
      <trkpt lat="25.3233931" lon="107.4540246">
      </trkpt>
      <trkpt lat="25.3187859" lon="107.4580714">
      </trkpt>
      <trkpt lat="25.3183569" lon="107.4584482">
      </trkpt>
      <trkpt lat="25.3179906" lon="107.4587699">
      </trkpt>
      <trkpt lat="25.3161417" lon="107.4603773">
      </trkpt>
      <trkpt lat="25.3154277" lon="107.460998">
      </trkpt>
      <trkpt lat="25.3144148" lon="107.4618786">
      </trkpt>
      <trkpt lat="25.3115696" lon="107.4643457">
      </trkpt>
      <trkpt lat="25.3102482" lon="107.4652713">
      </trkpt>
      <trkpt lat="25.3092147" lon="107.4658499">
      </trkpt>
      <trkpt lat="25.3086818" lon="107.4660744">
      </trkpt>
      <trkpt lat="25.3076626" lon="107.4665043">
      </trkpt>
      <trkpt lat="25.3063185" lon="107.4669799">
      </trkpt>
      <trkpt lat="25.3048889" lon="107.4675281">
      </trkpt>
      <trkpt lat="25.3020276" lon="107.468608">
      </trkpt>
      <trkpt lat="25.3014781" lon="107.4687599">
      </trkpt>
      <trkpt lat="25.3012574" lon="107.4688209">
      </trkpt>
      <trkpt lat="25.3008278" lon="107.4689396">
      </trkpt>
      <trkpt lat="25.299331" lon="107.4691557">
      </trkpt>
      <trkpt lat="25.2948551" lon="107.4696503">
      </trkpt>
      <trkpt lat="25.2910758" lon="107.4699957">
      </trkpt>
      <trkpt lat="25.286026" lon="107.4704628">
      </trkpt>
      <trkpt lat="25.284598" lon="107.470659">
      </trkpt>
      <trkpt lat="25.283215" lon="107.471048">
      </trkpt>
      <trkpt lat="25.2820193" lon="107.4714522">
      </trkpt>
      <trkpt lat="25.2818055" lon="107.4715245">
      </trkpt>
      <trkpt lat="25.28144" lon="107.471648">
      </trkpt>
      <trkpt lat="25.2810935" lon="107.4718149">
      </trkpt>
      <trkpt lat="25.2806257" lon="107.4720402">
      </trkpt>
      <trkpt lat="25.2782976" lon="107.4731613">
      </trkpt>
      <trkpt lat="25.2780901" lon="107.4732613">
      </trkpt>
      <trkpt lat="25.2772839" lon="107.4736647">
      </trkpt>
      <trkpt lat="25.2771088" lon="107.473737">
      </trkpt>
      <trkpt lat="25.275944" lon="107.474218">
      </trkpt>
      <trkpt lat="25.2743199" lon="107.4748186">
      </trkpt>
      <trkpt lat="25.2728094" lon="107.4753454">
      </trkpt>
      <trkpt lat="25.2714385" lon="107.4757317">
      </trkpt>
      <trkpt lat="25.2698895" lon="107.4760626">
      </trkpt>
      <trkpt lat="25.2690542" lon="107.4761474">
      </trkpt>
      <trkpt lat="25.2680689" lon="107.4761582">
      </trkpt>
      <trkpt lat="25.2678231" lon="107.4761608">
      </trkpt>
      <trkpt lat="25.2670836" lon="107.4761689">
      </trkpt>
      <trkpt lat="25.2659577" lon="107.4760525">
      </trkpt>
      <trkpt lat="25.2631662" lon="107.4754608">
      </trkpt>
      <trkpt lat="25.262131" lon="107.475083">
      </trkpt>
      <trkpt lat="25.261124" lon="107.474614">
      </trkpt>
      <trkpt lat="25.260133" lon="107.474031">
      </trkpt>
      <trkpt lat="25.2567095" lon="107.4716711">
      </trkpt>
      <trkpt lat="25.2565691" lon="107.4715743">
      </trkpt>
      <trkpt lat="25.255868" lon="107.471091">
      </trkpt>
      <trkpt lat="25.2549351" lon="107.4705298">
      </trkpt>
      <trkpt lat="25.2538877" lon="107.4700041">
      </trkpt>
      <trkpt lat="25.2532016" lon="107.4697106">
      </trkpt>
      <trkpt lat="25.2520847" lon="107.4693485">
      </trkpt>
      <trkpt lat="25.2512294" lon="107.4691329">
      </trkpt>
      <trkpt lat="25.2500003" lon="107.4689493">
      </trkpt>
      <trkpt lat="25.2498052" lon="107.4689201">
      </trkpt>
      <trkpt lat="25.2493658" lon="107.4688545">
      </trkpt>
      <trkpt lat="25.2481916" lon="107.468811">
      </trkpt>
      <trkpt lat="25.246688" lon="107.4689414">
      </trkpt>
      <trkpt lat="25.2460184" lon="107.4690267">
      </trkpt>
      <trkpt lat="25.2453867" lon="107.469142">
      </trkpt>
      <trkpt lat="25.2438073" lon="107.4695926">
      </trkpt>
      <trkpt lat="25.2408091" lon="107.4706886">
      </trkpt>
      <trkpt lat="25.2392637" lon="107.471203">
      </trkpt>
      <trkpt lat="25.2379837" lon="107.47171">
      </trkpt>
      <trkpt lat="25.2374494" lon="107.4719031">
      </trkpt>
      <trkpt lat="25.2357511" lon="107.4725549">
      </trkpt>
      <trkpt lat="25.234315" lon="107.472831">
      </trkpt>
      <trkpt lat="25.233048" lon="107.473049">
      </trkpt>
      <trkpt lat="25.2313961" lon="107.4731614">
      </trkpt>
      <trkpt lat="25.2309151" lon="107.4731941">
      </trkpt>
      <trkpt lat="25.2286375" lon="107.473394">
      </trkpt>
      <trkpt lat="25.2282967" lon="107.4734252">
      </trkpt>
      <trkpt lat="25.2213015" lon="107.4738481">
      </trkpt>
      <trkpt lat="25.2199416" lon="107.4740247">
      </trkpt>
      <trkpt lat="25.2195937" lon="107.47405">
      </trkpt>
      <trkpt lat="25.2185408" lon="107.4741269">
      </trkpt>
      <trkpt lat="25.2173179" lon="107.4742075">
      </trkpt>
      <trkpt lat="25.2164538" lon="107.4742663">
      </trkpt>
      <trkpt lat="25.212829" lon="107.473965">
      </trkpt>
      <trkpt lat="25.2119714" lon="107.4738375">
      </trkpt>
      <trkpt lat="25.2102449" lon="107.4736707">
      </trkpt>
      <trkpt lat="25.2080875" lon="107.4735317">
      </trkpt>
      <trkpt lat="25.206216" lon="107.473639">
      </trkpt>
      <trkpt lat="25.2034669" lon="107.4741433">
      </trkpt>
      <trkpt lat="25.2021183" lon="107.4744402">
      </trkpt>
      <trkpt lat="25.199194" lon="107.475084">
      </trkpt>
      <trkpt lat="25.1970988" lon="107.4756096">
      </trkpt>
      <trkpt lat="25.1954412" lon="107.4760255">
      </trkpt>
      <trkpt lat="25.194343" lon="107.476301">
      </trkpt>
      <trkpt lat="25.1932384" lon="107.4766492">
      </trkpt>
      <trkpt lat="25.192779" lon="107.476794">
      </trkpt>
      <trkpt lat="25.19146" lon="107.477269">
      </trkpt>
      <trkpt lat="25.189548" lon="107.478084">
      </trkpt>
      <trkpt lat="25.1829505" lon="107.4812378">
      </trkpt>
      <trkpt lat="25.1791795" lon="107.4830404">
      </trkpt>
      <trkpt lat="25.1745463" lon="107.4852889">
      </trkpt>
      <trkpt lat="25.1720946" lon="107.4864063">
      </trkpt>
      <trkpt lat="25.1713382" lon="107.4868256">
      </trkpt>
      <trkpt lat="25.1697234" lon="107.4877206">
      </trkpt>
      <trkpt lat="25.1664684" lon="107.4896379">
      </trkpt>
      <trkpt lat="25.1643366" lon="107.4911613">
      </trkpt>
      <trkpt lat="25.1421536" lon="107.5041262">
      </trkpt>
      <trkpt lat="25.1398017" lon="107.505076">
      </trkpt>
      <trkpt lat="25.1374946" lon="107.5051685">
      </trkpt>
      <trkpt lat="25.133036" lon="107.504146">
      </trkpt>
      <trkpt lat="25.131028" lon="107.503656">
      </trkpt>
      <trkpt lat="25.128839" lon="107.502926">
      </trkpt>
      <trkpt lat="25.12738" lon="107.502379">
      </trkpt>
      <trkpt lat="25.126436" lon="107.502088">
      </trkpt>
      <trkpt lat="25.1251401" lon="107.5016267">
      </trkpt>
      <trkpt lat="25.1201469" lon="107.4998571">
      </trkpt>
      <trkpt lat="25.118666" lon="107.499469">
      </trkpt>
      <trkpt lat="25.1178866" lon="107.4992713">
      </trkpt>
      <trkpt lat="25.112866" lon="107.497998">
      </trkpt>
      <trkpt lat="25.1124849" lon="107.4979101">
      </trkpt>
      <trkpt lat="25.111118" lon="107.497595">
      </trkpt>
      <trkpt lat="25.1092801" lon="107.4973291">
      </trkpt>
      <trkpt lat="25.102153" lon="107.496298">
      </trkpt>
      <trkpt lat="25.1017361" lon="107.4962312">
      </trkpt>
      <trkpt lat="25.101053" lon="107.4961216">
      </trkpt>
      <trkpt lat="25.100756" lon="107.496074">
      </trkpt>
      <trkpt lat="25.099581" lon="107.495829">
      </trkpt>
      <trkpt lat="25.098531" lon="107.4954783">
      </trkpt>
      <trkpt lat="25.09803" lon="107.495311">
      </trkpt>
      <trkpt lat="25.0961909" lon="107.4945074">
      </trkpt>
      <trkpt lat="25.0939874" lon="107.4936939">
      </trkpt>
      <trkpt lat="25.0927554" lon="107.4933151">
      </trkpt>
      <trkpt lat="25.0920276" lon="107.4931913">
      </trkpt>
      <trkpt lat="25.091379" lon="107.493081">
      </trkpt>
      <trkpt lat="25.0907855" lon="107.4930384">
      </trkpt>
      <trkpt lat="25.090543" lon="107.493021">
      </trkpt>
      <trkpt lat="25.089101" lon="107.493051">
      </trkpt>
      <trkpt lat="25.087254" lon="107.493331">
      </trkpt>
      <trkpt lat="25.0866785" lon="107.4934724">
      </trkpt>
      <trkpt lat="25.086245" lon="107.493579">
      </trkpt>
      <trkpt lat="25.084875" lon="107.49406">
      </trkpt>
      <trkpt lat="25.0838843" lon="107.494539">
      </trkpt>
      <trkpt lat="25.0837629" lon="107.4945977">
      </trkpt>
      <trkpt lat="25.0829286" lon="107.4950011">
      </trkpt>
      <trkpt lat="25.081636" lon="107.495626">
      </trkpt>
      <trkpt lat="25.079921" lon="107.496368">
      </trkpt>
      <trkpt lat="25.075326" lon="107.49793">
      </trkpt>
      <trkpt lat="25.069388" lon="107.500103">
      </trkpt>
      <trkpt lat="25.0673918" lon="107.5006655">
      </trkpt>
      <trkpt lat="25.0665381" lon="107.5008586">
      </trkpt>
      <trkpt lat="25.0633004" lon="107.5013618">
      </trkpt>
      <trkpt lat="25.0619568" lon="107.5017046">
      </trkpt>
      <trkpt lat="25.0608911" lon="107.5020715">
      </trkpt>
      <trkpt lat="25.0597336" lon="107.5025983">
      </trkpt>
      <trkpt lat="25.0589248" lon="107.5030452">
      </trkpt>
      <trkpt lat="25.0567912" lon="107.5045083">
      </trkpt>
      <trkpt lat="25.056248" lon="107.5048953">
      </trkpt>
      <trkpt lat="25.050537" lon="107.5089641">
      </trkpt>
      <trkpt lat="25.0491292" lon="107.5100429">
      </trkpt>
      <trkpt lat="25.0463568" lon="107.5120252">
      </trkpt>
      <trkpt lat="25.0390393" lon="107.5184947">
      </trkpt>
      <trkpt lat="25.0380643" lon="107.5194224">
      </trkpt>
      <trkpt lat="25.0371029" lon="107.5203372">
      </trkpt>
      <trkpt lat="25.035761" lon="107.521614">
      </trkpt>
      <trkpt lat="25.035398" lon="107.521921">
      </trkpt>
      <trkpt lat="25.035186" lon="107.522174">
      </trkpt>
      <trkpt lat="25.033355" lon="107.523835">
      </trkpt>
      <trkpt lat="25.0204153" lon="107.5359621">
      </trkpt>
      <trkpt lat="25.0195757" lon="107.5365575">
      </trkpt>
      <trkpt lat="25.0175763" lon="107.5377048">
      </trkpt>
      <trkpt lat="25.0161182" lon="107.5385765">
      </trkpt>
      <trkpt lat="25.0155545" lon="107.5389136">
      </trkpt>
      <trkpt lat="25.0141667" lon="107.5397006">
      </trkpt>
      <trkpt lat="25.0119856" lon="107.5409009">
      </trkpt>
      <trkpt lat="24.9993096" lon="107.548306">
      </trkpt>
      <trkpt lat="24.9988297" lon="107.5485202">
      </trkpt>
      <trkpt lat="24.997833" lon="107.548928">
      </trkpt>
      <trkpt lat="24.996469" lon="107.549323">
      </trkpt>
      <trkpt lat="24.995311" lon="107.549538">
      </trkpt>
      <trkpt lat="24.9935564" lon="107.5497554">
      </trkpt>
      <trkpt lat="24.9929431" lon="107.5498314">
      </trkpt>
      <trkpt lat="24.9905961" lon="107.5502097">
      </trkpt>
      <trkpt lat="24.9896252" lon="107.5504351">
      </trkpt>
      <trkpt lat="24.9871158" lon="107.5513068">
      </trkpt>
      <trkpt lat="24.9858842" lon="107.5518021">
      </trkpt>
      <trkpt lat="24.9836203" lon="107.5527126">
      </trkpt>
      <trkpt lat="24.9823967" lon="107.553171">
      </trkpt>
      <trkpt lat="24.981707" lon="107.5534652">
      </trkpt>
      <trkpt lat="24.980512" lon="107.5539686">
      </trkpt>
      <trkpt lat="24.9795317" lon="107.5544461">
      </trkpt>
      <trkpt lat="24.9780722" lon="107.555298">
      </trkpt>
      <trkpt lat="24.9763198" lon="107.5565744">
      </trkpt>
      <trkpt lat="24.975437" lon="107.5572175">
      </trkpt>
      <trkpt lat="24.9752217" lon="107.5573645">
      </trkpt>
      <trkpt lat="24.9743221" lon="107.5579787">
      </trkpt>
      <trkpt lat="24.9712171" lon="107.5600989">
      </trkpt>
      <trkpt lat="24.9696436" lon="107.5613093">
      </trkpt>
      <trkpt lat="24.968389" lon="107.5625569">
      </trkpt>
      <trkpt lat="24.9674042" lon="107.5639957">
      </trkpt>
      <trkpt lat="24.9615699" lon="107.5740365">
      </trkpt>
      <trkpt lat="24.960852" lon="107.5756996">
      </trkpt>
      <trkpt lat="24.9605036" lon="107.5765066">
      </trkpt>
      <trkpt lat="24.96028" lon="107.5769978">
      </trkpt>
      <trkpt lat="24.9597949" lon="107.5780629">
      </trkpt>
      <trkpt lat="24.9581396" lon="107.5815492">
      </trkpt>
      <trkpt lat="24.9467444" lon="107.6046711">
      </trkpt>
      <trkpt lat="24.9457158" lon="107.6064295">
      </trkpt>
      <trkpt lat="24.9445524" lon="107.6077972">
      </trkpt>
      <trkpt lat="24.944363" lon="107.607989">
      </trkpt>
      <trkpt lat="24.943365" lon="107.608951">
      </trkpt>
      <trkpt lat="24.942331" lon="107.609734">
      </trkpt>
      <trkpt lat="24.941782" lon="107.6102126">
      </trkpt>
      <trkpt lat="24.915466" lon="107.633151">
      </trkpt>
      <trkpt lat="24.915035" lon="107.6333868">
      </trkpt>
      <trkpt lat="24.9043349" lon="107.6392406">
      </trkpt>
      <trkpt lat="24.9034064" lon="107.6398514">
      </trkpt>
      <trkpt lat="24.901292" lon="107.6414585">
      </trkpt>
      <trkpt lat="24.9007412" lon="107.6419281">
      </trkpt>
      <trkpt lat="24.8816978" lon="107.6581488">
      </trkpt>
      <trkpt lat="24.8812144" lon="107.6585462">
      </trkpt>
      <trkpt lat="24.8787882" lon="107.6605402">
      </trkpt>
      <trkpt lat="24.878199" lon="107.6610185">
      </trkpt>
      <trkpt lat="24.8640666" lon="107.6727635">
      </trkpt>
      <trkpt lat="24.8634502" lon="107.6732839">
      </trkpt>
      <trkpt lat="24.860946" lon="107.6752884">
      </trkpt>
      <trkpt lat="24.860413" lon="107.675763">
      </trkpt>
      <trkpt lat="24.8596874" lon="107.676423">
      </trkpt>
      <trkpt lat="24.8586183" lon="107.6774873">
      </trkpt>
      <trkpt lat="24.8580863" lon="107.6780202">
      </trkpt>
      <trkpt lat="24.8574203" lon="107.6787622">
      </trkpt>
      <trkpt lat="24.856863" lon="107.679458">
      </trkpt>
      <trkpt lat="24.8548277" lon="107.6820137">
      </trkpt>
      <trkpt lat="24.853836" lon="107.683259">
      </trkpt>
      <trkpt lat="24.8453172" lon="107.6943257">
      </trkpt>
      <trkpt lat="24.8445254" lon="107.6953399">
      </trkpt>
      <trkpt lat="24.8414898" lon="107.6992174">
      </trkpt>
      <trkpt lat="24.840258" lon="107.700613">
      </trkpt>
      <trkpt lat="24.8397326" lon="107.7011114">
      </trkpt>
      <trkpt lat="24.833627" lon="107.7054652">
      </trkpt>
      <trkpt lat="24.832576" lon="107.705993">
      </trkpt>
      <trkpt lat="24.8322801" lon="107.7060993">
      </trkpt>
      <trkpt lat="24.8311067" lon="107.706429">
      </trkpt>
      <trkpt lat="24.8291171" lon="107.7071779">
      </trkpt>
      <trkpt lat="24.8279679" lon="107.7074747">
      </trkpt>
      <trkpt lat="24.8274276" lon="107.7076142">
      </trkpt>
      <trkpt lat="24.815586" lon="107.7117696">
      </trkpt>
      <trkpt lat="24.814556" lon="107.712381">
      </trkpt>
      <trkpt lat="24.8136664" lon="107.7129405">
      </trkpt>
      <trkpt lat="24.812799" lon="107.713486">
      </trkpt>
      <trkpt lat="24.812253" lon="107.7139141">
      </trkpt>
      <trkpt lat="24.810193" lon="107.7156534">
      </trkpt>
      <trkpt lat="24.8096661" lon="107.7161767">
      </trkpt>
      <trkpt lat="24.8084812" lon="107.7176653">
      </trkpt>
      <trkpt lat="24.8072069" lon="107.7195037">
      </trkpt>
      <trkpt lat="24.8042847" lon="107.7245063">
      </trkpt>
      <trkpt lat="24.8037446" lon="107.7254127">
      </trkpt>
      <trkpt lat="24.8024176" lon="107.7273822">
      </trkpt>
      <trkpt lat="24.7968491" lon="107.7347211">
      </trkpt>
      <trkpt lat="24.7955099" lon="107.7363527">
      </trkpt>
      <trkpt lat="24.7943725" lon="107.7376316">
      </trkpt>
      <trkpt lat="24.7924292" lon="107.7399768">
      </trkpt>
      <trkpt lat="24.791931" lon="107.740578">
      </trkpt>
      <trkpt lat="24.790106" lon="107.742638">
      </trkpt>
      <trkpt lat="24.788608" lon="107.744489">
      </trkpt>
      <trkpt lat="24.786791" lon="107.746631">
      </trkpt>
      <trkpt lat="24.785534" lon="107.748013">
      </trkpt>
      <trkpt lat="24.783234" lon="107.750699">
      </trkpt>
      <trkpt lat="24.768683" lon="107.765006">
      </trkpt>
      <trkpt lat="24.768133" lon="107.765598">
      </trkpt>
      <trkpt lat="24.762343" lon="107.77123">
      </trkpt>
      <trkpt lat="24.762166" lon="107.771296">
      </trkpt>
      <trkpt lat="24.762053" lon="107.771455">
      </trkpt>
      <trkpt lat="24.759836" lon="107.77369">
      </trkpt>
      <trkpt lat="24.7594141" lon="107.7740465">
      </trkpt>
      <trkpt lat="24.759249" lon="107.774186">
      </trkpt>
      <trkpt lat="24.758419" lon="107.775046">
      </trkpt>
      <trkpt lat="24.757458" lon="107.776268">
      </trkpt>
      <trkpt lat="24.7567328" lon="107.7773869">
      </trkpt>
      <trkpt lat="24.7562595" lon="107.7782236">
      </trkpt>
      <trkpt lat="24.755693" lon="107.779411">
      </trkpt>
      <trkpt lat="24.7553619" lon="107.7804624">
      </trkpt>
      <trkpt lat="24.75504" lon="107.7815718">
      </trkpt>
      <trkpt lat="24.754601" lon="107.783113">
      </trkpt>
      <trkpt lat="24.754448" lon="107.784334">
      </trkpt>
      <trkpt lat="24.7544214" lon="107.7852842">
      </trkpt>
      <trkpt lat="24.7544071" lon="107.7863196">
      </trkpt>
      <trkpt lat="24.7545321" lon="107.7882148">
      </trkpt>
      <trkpt lat="24.7553459" lon="107.7938016">
      </trkpt>
      <trkpt lat="24.755813" lon="107.798026">
      </trkpt>
      <trkpt lat="24.75623" lon="107.800026">
      </trkpt>
      <trkpt lat="24.756738" lon="107.801611">
      </trkpt>
      <trkpt lat="24.757221" lon="107.802764">
      </trkpt>
      <trkpt lat="24.7593033" lon="107.8066728">
      </trkpt>
      <trkpt lat="24.7599717" lon="107.8082323">
      </trkpt>
      <trkpt lat="24.7603599" lon="107.809369">
      </trkpt>
      <trkpt lat="24.7653481" lon="107.8253851">
      </trkpt>
      <trkpt lat="24.7656107" lon="107.8262352">
      </trkpt>
      <trkpt lat="24.7664126" lon="107.828954">
      </trkpt>
      <trkpt lat="24.7676701" lon="107.832968">
      </trkpt>
      <trkpt lat="24.7700683" lon="107.8407402">
      </trkpt>
      <trkpt lat="24.7707867" lon="107.8431415">
      </trkpt>
      <trkpt lat="24.7709858" lon="107.844243">
      </trkpt>
      <trkpt lat="24.7712431" lon="107.8457905">
      </trkpt>
      <trkpt lat="24.7713056" lon="107.8465941">
      </trkpt>
      <trkpt lat="24.7713489" lon="107.8475957">
      </trkpt>
      <trkpt lat="24.7713643" lon="107.8485104">
      </trkpt>
      <trkpt lat="24.771329" lon="107.849665">
      </trkpt>
      <trkpt lat="24.771306" lon="107.850086">
      </trkpt>
      <trkpt lat="24.771151" lon="107.851138">
      </trkpt>
      <trkpt lat="24.7710246" lon="107.8517587">
      </trkpt>
      <trkpt lat="24.7601335" lon="107.893501">
      </trkpt>
      <trkpt lat="24.7599262" lon="107.8953244">
      </trkpt>
      <trkpt lat="24.7600404" lon="107.8966573">
      </trkpt>
      <trkpt lat="24.7602416" lon="107.8979371">
      </trkpt>
      <trkpt lat="24.7603166" lon="107.8983419">
      </trkpt>
      <trkpt lat="24.7615803" lon="107.9057671">
      </trkpt>
      <trkpt lat="24.7615584" lon="107.9075012">
      </trkpt>
      <trkpt lat="24.7613506" lon="107.908809">
      </trkpt>
      <trkpt lat="24.7611375" lon="107.9098515">
      </trkpt>
      <trkpt lat="24.7606622" lon="107.9113175">
      </trkpt>
      <trkpt lat="24.7601417" lon="107.9126692">
      </trkpt>
      <trkpt lat="24.7597169" lon="107.9136122">
      </trkpt>
      <trkpt lat="24.7590008" lon="107.914799">
      </trkpt>
      <trkpt lat="24.7582751" lon="107.9158131">
      </trkpt>
      <trkpt lat="24.7576524" lon="107.916583">
      </trkpt>
      <trkpt lat="24.755369" lon="107.9190458">
      </trkpt>
      <trkpt lat="24.75249" lon="107.922151">
      </trkpt>
      <trkpt lat="24.751446" lon="107.923216">
      </trkpt>
      <trkpt lat="24.74995" lon="107.924481">
      </trkpt>
      <trkpt lat="24.7474801" lon="107.9264089">
      </trkpt>
      <trkpt lat="24.7463815" lon="107.9272361">
      </trkpt>
      <trkpt lat="24.745993" lon="107.927536">
      </trkpt>
      <trkpt lat="24.7450619" lon="107.9283247">
      </trkpt>
      <trkpt lat="24.7443399" lon="107.9289028">
      </trkpt>
      <trkpt lat="24.743415" lon="107.9296953">
      </trkpt>
      <trkpt lat="24.7424745" lon="107.9306989">
      </trkpt>
      <trkpt lat="24.7413983" lon="107.9323155">
      </trkpt>
      <trkpt lat="24.7404698" lon="107.9345664">
      </trkpt>
      <trkpt lat="24.7375354" lon="107.9427588">
      </trkpt>
      <trkpt lat="24.7370088" lon="107.9455342">
      </trkpt>
      <trkpt lat="24.7368955" lon="107.9476651">
      </trkpt>
      <trkpt lat="24.737422" lon="107.951488">
      </trkpt>
      <trkpt lat="24.7380915" lon="107.9554021">
      </trkpt>
      <trkpt lat="24.7385216" lon="107.957813">
      </trkpt>
      <trkpt lat="24.7386753" lon="107.9593442">
      </trkpt>
      <trkpt lat="24.7386971" lon="107.9604199">
      </trkpt>
      <trkpt lat="24.7386289" lon="107.9613031">
      </trkpt>
      <trkpt lat="24.7384959" lon="107.9625275">
      </trkpt>
      <trkpt lat="24.7382828" lon="107.9638008">
      </trkpt>
      <trkpt lat="24.7379515" lon="107.9651743">
      </trkpt>
      <trkpt lat="24.7374462" lon="107.9665296">
      </trkpt>
      <trkpt lat="24.7367516" lon="107.968134">
      </trkpt>
      <trkpt lat="24.7358364" lon="107.9697384">
      </trkpt>
      <trkpt lat="24.7348542" lon="107.9710978">
      </trkpt>
      <trkpt lat="24.7339242" lon="107.9722794">
      </trkpt>
      <trkpt lat="24.732554" lon="107.9740671">
      </trkpt>
      <trkpt lat="24.7318332" lon="107.9751909">
      </trkpt>
      <trkpt lat="24.7311619" lon="107.9764473">
      </trkpt>
      <trkpt lat="24.7305781" lon="107.9776427">
      </trkpt>
      <trkpt lat="24.7300284" lon="107.9787664">
      </trkpt>
      <trkpt lat="24.728426" lon="107.982125">
      </trkpt>
      <trkpt lat="24.727719" lon="107.983385">
      </trkpt>
      <trkpt lat="24.726976" lon="107.984573">
      </trkpt>
      <trkpt lat="24.726175" lon="107.985548">
      </trkpt>
      <trkpt lat="24.725455" lon="107.986288">
      </trkpt>
      <trkpt lat="24.7223912" lon="107.9893496">
      </trkpt>
      <trkpt lat="24.7219903" lon="107.989785">
      </trkpt>
      <trkpt lat="24.7208667" lon="107.9908255">
      </trkpt>
      <trkpt lat="24.7205511" lon="107.9911194">
      </trkpt>
      <trkpt lat="24.7145303" lon="107.9965351">
      </trkpt>
      <trkpt lat="24.7142757" lon="107.9970259">
      </trkpt>
      <trkpt lat="24.7131966" lon="107.9984702">
      </trkpt>
      <trkpt lat="24.7122151" lon="107.9998854">
      </trkpt>
      <trkpt lat="24.7114257" lon="108.0011945">
      </trkpt>
      <trkpt lat="24.7107173" lon="108.0027543">
      </trkpt>
      <trkpt lat="24.710112" lon="108.0041906">
      </trkpt>
      <trkpt lat="24.7098103" lon="108.0052642">
      </trkpt>
      <trkpt lat="24.7093705" lon="108.0071915">
      </trkpt>
      <trkpt lat="24.7091284" lon="108.008737">
      </trkpt>
      <trkpt lat="24.709057" lon="108.0099385">
      </trkpt>
      <trkpt lat="24.7089936" lon="108.0113083">
      </trkpt>
      <trkpt lat="24.7090395" lon="108.0124361">
      </trkpt>
      <trkpt lat="24.7097095" lon="108.0187991">
      </trkpt>
      <trkpt lat="24.709848" lon="108.0202354">
      </trkpt>
      <trkpt lat="24.7099105" lon="108.0215965">
      </trkpt>
      <trkpt lat="24.7097721" lon="108.0245994">
      </trkpt>
      <trkpt lat="24.7096494" lon="108.0261508">
      </trkpt>
      <trkpt lat="24.7096232" lon="108.0264825">
      </trkpt>
      <trkpt lat="24.7093342" lon="108.0293862">
      </trkpt>
      <trkpt lat="24.709069" lon="108.031235">
      </trkpt>
      <trkpt lat="24.708843" lon="108.032351">
      </trkpt>
      <trkpt lat="24.708465" lon="108.033868">
      </trkpt>
      <trkpt lat="24.708059" lon="108.035071">
      </trkpt>
      <trkpt lat="24.70735" lon="108.0367771">
      </trkpt>
      <trkpt lat="24.7068578" lon="108.0378415">
      </trkpt>
      <trkpt lat="24.7065899" lon="108.0384089">
      </trkpt>
      <trkpt lat="24.7062223" lon="108.0392126">
      </trkpt>
      <trkpt lat="24.7058255" lon="108.0400453">
      </trkpt>
      <trkpt lat="24.705296" lon="108.0411701">
      </trkpt>
      <trkpt lat="24.7044166" lon="108.0430706">
      </trkpt>
      <trkpt lat="24.7039686" lon="108.0441331">
      </trkpt>
      <trkpt lat="24.7037025" lon="108.0449788">
      </trkpt>
      <trkpt lat="24.7035284" lon="108.0456229">
      </trkpt>
      <trkpt lat="24.7033962" lon="108.046188">
      </trkpt>
      <trkpt lat="24.7032845" lon="108.04705">
      </trkpt>
      <trkpt lat="24.7030845" lon="108.0507624">
      </trkpt>
      <trkpt lat="24.7029598" lon="108.0532824">
      </trkpt>
      <trkpt lat="24.7029521" lon="108.0534987">
      </trkpt>
      <trkpt lat="24.7026845" lon="108.059184">
      </trkpt>
      <trkpt lat="24.702611" lon="108.0608631">
      </trkpt>
      <trkpt lat="24.7024607" lon="108.0644097">
      </trkpt>
      <trkpt lat="24.7024443" lon="108.064912">
      </trkpt>
      <trkpt lat="24.7023991" lon="108.0657974">
      </trkpt>
      <trkpt lat="24.7023763" lon="108.0663464">
      </trkpt>
      <trkpt lat="24.7023753" lon="108.0663695">
      </trkpt>
      <trkpt lat="24.7023541" lon="108.0666227">
      </trkpt>
      <trkpt lat="24.7022397" lon="108.0690454">
      </trkpt>
      <trkpt lat="24.7021961" lon="108.0697343">
      </trkpt>
      <trkpt lat="24.7020886" lon="108.072286">
      </trkpt>
      <trkpt lat="24.7020557" lon="108.0729821">
      </trkpt>
      <trkpt lat="24.7019829" lon="108.0742931">
      </trkpt>
      <trkpt lat="24.7014538" lon="108.0809149">
      </trkpt>
      <trkpt lat="24.701345" lon="108.0826198">
      </trkpt>
      <trkpt lat="24.7013244" lon="108.0838006">
      </trkpt>
      <trkpt lat="24.7013593" lon="108.0847318">
      </trkpt>
      <trkpt lat="24.7015578" lon="108.0871236">
      </trkpt>
      <trkpt lat="24.7016564" lon="108.0877005">
      </trkpt>
      <trkpt lat="24.7017713" lon="108.0882896">
      </trkpt>
      <trkpt lat="24.7019012" lon="108.0888935">
      </trkpt>
      <trkpt lat="24.702021" lon="108.089375">
      </trkpt>
      <trkpt lat="24.7023066" lon="108.090532">
      </trkpt>
      <trkpt lat="24.7031615" lon="108.0941654">
      </trkpt>
      <trkpt lat="24.7034006" lon="108.095206">
      </trkpt>
      <trkpt lat="24.7042" lon="108.098685">
      </trkpt>
      <trkpt lat="24.706605" lon="108.106731">
      </trkpt>
      <trkpt lat="24.7071841" lon="108.1091595">
      </trkpt>
      <trkpt lat="24.707328" lon="108.109763">
      </trkpt>
      <trkpt lat="24.70794" lon="108.112118">
      </trkpt>
      <trkpt lat="24.708304" lon="108.113284">
      </trkpt>
      <trkpt lat="24.708653" lon="108.114191">
      </trkpt>
      <trkpt lat="24.709138" lon="108.115313">
      </trkpt>
      <trkpt lat="24.709681" lon="108.116399">
      </trkpt>
      <trkpt lat="24.710643" lon="108.118058">
      </trkpt>
      <trkpt lat="24.711843" lon="108.119783">
      </trkpt>
      <trkpt lat="24.713988" lon="108.122726">
      </trkpt>
      <trkpt lat="24.715881" lon="108.125464">
      </trkpt>
      <trkpt lat="24.718166" lon="108.128581">
      </trkpt>
      <trkpt lat="24.719555" lon="108.130584">
      </trkpt>
      <trkpt lat="24.720176" lon="108.131635">
      </trkpt>
      <trkpt lat="24.720553" lon="108.132398">
      </trkpt>
      <trkpt lat="24.72113" lon="108.133896">
      </trkpt>
      <trkpt lat="24.7215775" lon="108.1352699">
      </trkpt>
      <trkpt lat="24.7218625" lon="108.1364946">
      </trkpt>
      <trkpt lat="24.7220244" lon="108.1375115">
      </trkpt>
      <trkpt lat="24.72228" lon="108.1394138">
      </trkpt>
      <trkpt lat="24.7223386" lon="108.1398499">
      </trkpt>
      <trkpt lat="24.7229991" lon="108.1447656">
      </trkpt>
      <trkpt lat="24.7231512" lon="108.146101">
      </trkpt>
      <trkpt lat="24.7232643" lon="108.1476">
      </trkpt>
      <trkpt lat="24.7233678" lon="108.1496473">
      </trkpt>
      <trkpt lat="24.7233909" lon="108.1501055">
      </trkpt>
      <trkpt lat="24.7234076" lon="108.1504268">
      </trkpt>
      <trkpt lat="24.7234311" lon="108.1508786">
      </trkpt>
      <trkpt lat="24.7235104" lon="108.1529306">
      </trkpt>
      <trkpt lat="24.7235615" lon="108.1543902">
      </trkpt>
      <trkpt lat="24.7235428" lon="108.1553827">
      </trkpt>
      <trkpt lat="24.7235157" lon="108.1560547">
      </trkpt>
      <trkpt lat="24.7234374" lon="108.1566943">
      </trkpt>
      <trkpt lat="24.7233713" lon="108.1573883">
      </trkpt>
      <trkpt lat="24.7232988" lon="108.1577437">
      </trkpt>
      <trkpt lat="24.722961" lon="108.15931">
      </trkpt>
      <trkpt lat="24.7228729" lon="108.1596839">
      </trkpt>
      <trkpt lat="24.7224651" lon="108.1615904">
      </trkpt>
      <trkpt lat="24.7221406" lon="108.1631046">
      </trkpt>
      <trkpt lat="24.7219117" lon="108.164461">
      </trkpt>
      <trkpt lat="24.721711" lon="108.1661904">
      </trkpt>
      <trkpt lat="24.721593" lon="108.1684415">
      </trkpt>
      <trkpt lat="24.7217001" lon="108.170796">
      </trkpt>
      <trkpt lat="24.7218889" lon="108.1725786">
      </trkpt>
      <trkpt lat="24.722281" lon="108.175261">
      </trkpt>
      <trkpt lat="24.72321" lon="108.180685">
      </trkpt>
      <trkpt lat="24.723616" lon="108.182648">
      </trkpt>
      <trkpt lat="24.723991" lon="108.183963">
      </trkpt>
      <trkpt lat="24.7255592" lon="108.1886877">
      </trkpt>
      <trkpt lat="24.726628" lon="108.191908">
      </trkpt>
      <trkpt lat="24.7270248" lon="108.1933502">
      </trkpt>
      <trkpt lat="24.7272543" lon="108.1944175">
      </trkpt>
      <trkpt lat="24.7275777" lon="108.1963522">
      </trkpt>
      <trkpt lat="24.7276119" lon="108.1981584">
      </trkpt>
      <trkpt lat="24.7274511" lon="108.2000844">
      </trkpt>
      <trkpt lat="24.7270283" lon="108.2019983">
      </trkpt>
      <trkpt lat="24.7213776" lon="108.2174764">
      </trkpt>
      <trkpt lat="24.7211133" lon="108.2189704">
      </trkpt>
      <trkpt lat="24.7209625" lon="108.2205717">
      </trkpt>
      <trkpt lat="24.7209553" lon="108.2206998">
      </trkpt>
      <trkpt lat="24.7209055" lon="108.2215832">
      </trkpt>
      <trkpt lat="24.7208344" lon="108.2228456">
      </trkpt>
      <trkpt lat="24.720676" lon="108.2252346">
      </trkpt>
      <trkpt lat="24.7205322" lon="108.2281093">
      </trkpt>
      <trkpt lat="24.720525" lon="108.2291328">
      </trkpt>
      <trkpt lat="24.7205381" lon="108.2305527">
      </trkpt>
      <trkpt lat="24.7207744" lon="108.2355207">
      </trkpt>
      <trkpt lat="24.7208361" lon="108.2370353">
      </trkpt>
      <trkpt lat="24.7208381" lon="108.2390798">
      </trkpt>
      <trkpt lat="24.7197445" lon="108.261526">
      </trkpt>
      <trkpt lat="24.7195869" lon="108.2635153">
      </trkpt>
      <trkpt lat="24.7192603" lon="108.265251">
      </trkpt>
      <trkpt lat="24.7185249" lon="108.2678729">
      </trkpt>
      <trkpt lat="24.7177189" lon="108.2699147">
      </trkpt>
      <trkpt lat="24.7169085" lon="108.2715555">
      </trkpt>
      <trkpt lat="24.716249" lon="108.272558">
      </trkpt>
      <trkpt lat="24.71531" lon="108.273851">
      </trkpt>
      <trkpt lat="24.712853" lon="108.276988">
      </trkpt>
      <trkpt lat="24.708863" lon="108.282205">
      </trkpt>
      <trkpt lat="24.707981" lon="108.283375">
      </trkpt>
      <trkpt lat="24.707505" lon="108.284081">
      </trkpt>
      <trkpt lat="24.706276" lon="108.286124">
      </trkpt>
      <trkpt lat="24.7048573" lon="108.2888447">
      </trkpt>
      <trkpt lat="24.7038235" lon="108.2911743">
      </trkpt>
      <trkpt lat="24.7029295" lon="108.2936003">
      </trkpt>
      <trkpt lat="24.7022074" lon="108.2960519">
      </trkpt>
      <trkpt lat="24.701774" lon="108.297691">
      </trkpt>
      <trkpt lat="24.700404" lon="108.304383">
      </trkpt>
      <trkpt lat="24.699941" lon="108.307246">
      </trkpt>
      <trkpt lat="24.6996714" lon="108.3109298">
      </trkpt>
      <trkpt lat="24.6996201" lon="108.3118763">
      </trkpt>
      <trkpt lat="24.699325" lon="108.3173259">
      </trkpt>
      <trkpt lat="24.6991815" lon="108.3193896">
      </trkpt>
      <trkpt lat="24.6989215" lon="108.3214377">
      </trkpt>
      <trkpt lat="24.6982212" lon="108.324595">
      </trkpt>
      <trkpt lat="24.6964608" lon="108.3317352">
      </trkpt>
      <trkpt lat="24.6958511" lon="108.334261">
      </trkpt>
      <trkpt lat="24.695682" lon="108.3349364">
      </trkpt>
      <trkpt lat="24.695271" lon="108.3366413">
      </trkpt>
      <trkpt lat="24.6949979" lon="108.3377169">
      </trkpt>
      <trkpt lat="24.6947232" lon="108.3388963">
      </trkpt>
      <trkpt lat="24.6941565" lon="108.3412039">
      </trkpt>
      <trkpt lat="24.6936688" lon="108.3432624">
      </trkpt>
      <trkpt lat="24.6934821" lon="108.3440505">
      </trkpt>
      <trkpt lat="24.6932824" lon="108.344876">
      </trkpt>
      <trkpt lat="24.6929714" lon="108.3460223">
      </trkpt>
      <trkpt lat="24.692785" lon="108.3467085">
      </trkpt>
      <trkpt lat="24.6925576" lon="108.3474142">
      </trkpt>
      <trkpt lat="24.692045" lon="108.34868">
      </trkpt>
      <trkpt lat="24.691643" lon="108.3496">
      </trkpt>
      <trkpt lat="24.691204" lon="108.350504">
      </trkpt>
      <trkpt lat="24.690698" lon="108.351388">
      </trkpt>
      <trkpt lat="24.6902861" lon="108.3520846">
      </trkpt>
      <trkpt lat="24.6898669" lon="108.3527122">
      </trkpt>
      <trkpt lat="24.6892267" lon="108.3535673">
      </trkpt>
      <trkpt lat="24.688598" lon="108.354321">
      </trkpt>
      <trkpt lat="24.687416" lon="108.355648">
      </trkpt>
      <trkpt lat="24.683651" lon="108.359085">
      </trkpt>
      <trkpt lat="24.682048" lon="108.360616">
      </trkpt>
      <trkpt lat="24.680376" lon="108.362033">
      </trkpt>
      <trkpt lat="24.677915" lon="108.363821">
      </trkpt>
      <trkpt lat="24.67658" lon="108.364573">
      </trkpt>
      <trkpt lat="24.675564" lon="108.3651855">
      </trkpt>
      <trkpt lat="24.6746818" lon="108.3655844">
      </trkpt>
      <trkpt lat="24.6738473" lon="108.3659245">
      </trkpt>
      <trkpt lat="24.6702181" lon="108.3670904">
      </trkpt>
      <trkpt lat="24.6670737" lon="108.3677306">
      </trkpt>
      <trkpt lat="24.6662083" lon="108.3678499">
      </trkpt>
      <trkpt lat="24.6660779" lon="108.3678542">
      </trkpt>
      <trkpt lat="24.664986" lon="108.3680201">
      </trkpt>
      <trkpt lat="24.664337" lon="108.3680566">
      </trkpt>
      <trkpt lat="24.663688" lon="108.3680281">
      </trkpt>
      <trkpt lat="24.6631787" lon="108.3680203">
      </trkpt>
      <trkpt lat="24.655069" lon="108.367465">
      </trkpt>
      <trkpt lat="24.653154" lon="108.3674167">
      </trkpt>
      <trkpt lat="24.6530279" lon="108.3674136">
      </trkpt>
      <trkpt lat="24.652926" lon="108.367411">
      </trkpt>
      <trkpt lat="24.651961" lon="108.367451">
      </trkpt>
      <trkpt lat="24.650739" lon="108.367586">
      </trkpt>
      <trkpt lat="24.648011" lon="108.368063">
      </trkpt>
      <trkpt lat="24.646333" lon="108.368593">
      </trkpt>
      <trkpt lat="24.645528" lon="108.368903">
      </trkpt>
      <trkpt lat="24.644348" lon="108.369408">
      </trkpt>
      <trkpt lat="24.64302" lon="108.370071">
      </trkpt>
      <trkpt lat="24.642286" lon="108.370495">
      </trkpt>
      <trkpt lat="24.640831" lon="108.3715415">
      </trkpt>
      <trkpt lat="24.6392409" lon="108.3726268">
      </trkpt>
      <trkpt lat="24.635888" lon="108.374821">
      </trkpt>
      <trkpt lat="24.633403" lon="108.376971">
      </trkpt>
      <trkpt lat="24.6257074" lon="108.3840546">
      </trkpt>
      <trkpt lat="24.623121" lon="108.3863353">
      </trkpt>
      <trkpt lat="24.6221122" lon="108.3872177">
      </trkpt>
      <trkpt lat="24.620558" lon="108.388676">
      </trkpt>
      <trkpt lat="24.6171924" lon="108.3913797">
      </trkpt>
      <trkpt lat="24.616023" lon="108.392319">
      </trkpt>
      <trkpt lat="24.612785" lon="108.394831">
      </trkpt>
      <trkpt lat="24.612151" lon="108.395396">
      </trkpt>
      <trkpt lat="24.610381" lon="108.396738">
      </trkpt>
      <trkpt lat="24.609601" lon="108.3973553">
      </trkpt>
      <trkpt lat="24.608454" lon="108.3983303">
      </trkpt>
      <trkpt lat="24.607631" lon="108.3991423">
      </trkpt>
      <trkpt lat="24.6068463" lon="108.3998456">
      </trkpt>
      <trkpt lat="24.6064164" lon="108.4003537">
      </trkpt>
      <trkpt lat="24.6053026" lon="108.4018955">
      </trkpt>
      <trkpt lat="24.6035388" lon="108.4044427">
      </trkpt>
      <trkpt lat="24.6025239" lon="108.4059602">
      </trkpt>
      <trkpt lat="24.6015237" lon="108.4073639">
      </trkpt>
      <trkpt lat="24.6005862" lon="108.4084413">
      </trkpt>
      <trkpt lat="24.5846306" lon="108.4268818">
      </trkpt>
      <trkpt lat="24.583838" lon="108.4277265">
      </trkpt>
      <trkpt lat="24.583075" lon="108.4284736">
      </trkpt>
      <trkpt lat="24.575011" lon="108.436329">
      </trkpt>
      <trkpt lat="24.5718" lon="108.439616">
      </trkpt>
      <trkpt lat="24.570378" lon="108.441233">
      </trkpt>
      <trkpt lat="24.567348" lon="108.444883">
      </trkpt>
      <trkpt lat="24.5650514" lon="108.4475977">
      </trkpt>
      <trkpt lat="24.5646738" lon="108.4480439">
      </trkpt>
      <trkpt lat="24.561348" lon="108.451975">
      </trkpt>
      <trkpt lat="24.560488" lon="108.453191">
      </trkpt>
      <trkpt lat="24.559564" lon="108.454675">
      </trkpt>
      <trkpt lat="24.559083" lon="108.455553">
      </trkpt>
      <trkpt lat="24.558455" lon="108.456918">
      </trkpt>
      <trkpt lat="24.557921" lon="108.458306">
      </trkpt>
      <trkpt lat="24.557543" lon="108.459505">
      </trkpt>
      <trkpt lat="24.557111" lon="108.461225">
      </trkpt>
      <trkpt lat="24.556923" lon="108.462224">
      </trkpt>
      <trkpt lat="24.55673" lon="108.463748">
      </trkpt>
      <trkpt lat="24.556646" lon="108.465018">
      </trkpt>
      <trkpt lat="24.5565971" lon="108.4670124">
      </trkpt>
      <trkpt lat="24.5565059" lon="108.4727569">
      </trkpt>
      <trkpt lat="24.5564922" lon="108.4732036">
      </trkpt>
      <trkpt lat="24.5564758" lon="108.4745733">
      </trkpt>
      <trkpt lat="24.5565975" lon="108.478439">
      </trkpt>
      <trkpt lat="24.55708" lon="108.484786">
      </trkpt>
      <trkpt lat="24.557198" lon="108.486696">
      </trkpt>
      <trkpt lat="24.55718" lon="108.488841">
      </trkpt>
      <trkpt lat="24.557091" lon="108.49027">
      </trkpt>
      <trkpt lat="24.556995" lon="108.491229">
      </trkpt>
      <trkpt lat="24.556771" lon="108.49268">
      </trkpt>
      <trkpt lat="24.556573" lon="108.493658">
      </trkpt>
      <trkpt lat="24.556241" lon="108.494881">
      </trkpt>
      <trkpt lat="24.555776" lon="108.496338">
      </trkpt>
      <trkpt lat="24.5549784" lon="108.4986798">
      </trkpt>
      <trkpt lat="24.5543899" lon="108.5001466">
      </trkpt>
      <trkpt lat="24.553358" lon="108.502388">
      </trkpt>
      <trkpt lat="24.5517" lon="108.505346">
      </trkpt>
      <trkpt lat="24.550349" lon="108.50763">
      </trkpt>
      <trkpt lat="24.543536" lon="108.519509">
      </trkpt>
      <trkpt lat="24.542306" lon="108.521803">
      </trkpt>
      <trkpt lat="24.539321" lon="108.528271">
      </trkpt>
      <trkpt lat="24.53847" lon="108.529798">
      </trkpt>
      <trkpt lat="24.537651" lon="108.531103">
      </trkpt>
      <trkpt lat="24.536879" lon="108.532221">
      </trkpt>
      <trkpt lat="24.535456" lon="108.534028">
      </trkpt>
      <trkpt lat="24.527348" lon="108.543128">
      </trkpt>
      <trkpt lat="24.5212664" lon="108.5500349">
      </trkpt>
      <trkpt lat="24.51972" lon="108.551791">
      </trkpt>
      <trkpt lat="24.518633" lon="108.553085">
      </trkpt>
      <trkpt lat="24.515846" lon="108.556873">
      </trkpt>
      <trkpt lat="24.514244" lon="108.559201">
      </trkpt>
      <trkpt lat="24.513769" lon="108.559815">
      </trkpt>
      <trkpt lat="24.508979" lon="108.566588">
      </trkpt>
      <trkpt lat="24.508373" lon="108.567501">
      </trkpt>
      <trkpt lat="24.507878" lon="108.568348">
      </trkpt>
      <trkpt lat="24.507233" lon="108.56966">
      </trkpt>
      <trkpt lat="24.506639" lon="108.571121">
      </trkpt>
      <trkpt lat="24.504768" lon="108.576956">
      </trkpt>
      <trkpt lat="24.504331" lon="108.578163">
      </trkpt>
      <trkpt lat="24.503581" lon="108.579811">
      </trkpt>
      <trkpt lat="24.502704" lon="108.581356">
      </trkpt>
      <trkpt lat="24.501681" lon="108.58281">
      </trkpt>
      <trkpt lat="24.500536" lon="108.584148">
      </trkpt>
      <trkpt lat="24.4933622" lon="108.5912635">
      </trkpt>
      <trkpt lat="24.4902383" lon="108.594362">
      </trkpt>
      <trkpt lat="24.489339" lon="108.595254">
      </trkpt>
      <trkpt lat="24.4889131" lon="108.5957122">
      </trkpt>
      <trkpt lat="24.488706" lon="108.595935">
      </trkpt>
      <trkpt lat="24.48769" lon="108.597183">
      </trkpt>
      <trkpt lat="24.487024" lon="108.598135">
      </trkpt>
      <trkpt lat="24.486288" lon="108.599328">
      </trkpt>
      <trkpt lat="24.485845" lon="108.600156">
      </trkpt>
      <trkpt lat="24.485349" lon="108.601223">
      </trkpt>
      <trkpt lat="24.4847802" lon="108.6027547">
      </trkpt>
      <trkpt lat="24.4842924" lon="108.604409">
      </trkpt>
      <trkpt lat="24.483871" lon="108.606188">
      </trkpt>
      <trkpt lat="24.4828409" lon="108.6137274">
      </trkpt>
      <trkpt lat="24.48246" lon="108.6167193">
      </trkpt>
      <trkpt lat="24.4823734" lon="108.6173229">
      </trkpt>
      <trkpt lat="24.482293" lon="108.617883">
      </trkpt>
      <trkpt lat="24.4821594" lon="108.6189195">
      </trkpt>
      <trkpt lat="24.4818937" lon="108.6209808">
      </trkpt>
      <trkpt lat="24.4812187" lon="108.6262024">
      </trkpt>
      <trkpt lat="24.480887" lon="108.628516">
      </trkpt>
      <trkpt lat="24.480772" lon="108.6293178">
      </trkpt>
      <trkpt lat="24.479641" lon="108.637458">
      </trkpt>
      <trkpt lat="24.479446" lon="108.63921">
      </trkpt>
      <trkpt lat="24.479114" lon="108.643891">
      </trkpt>
      <trkpt lat="24.478885" lon="108.648973">
      </trkpt>
      <trkpt lat="24.4788466" lon="108.649975">
      </trkpt>
      <trkpt lat="24.4788414" lon="108.6501091">
      </trkpt>
      <trkpt lat="24.4788351" lon="108.6502739">
      </trkpt>
      <trkpt lat="24.4781685" lon="108.6619153">
      </trkpt>
      <trkpt lat="24.4781181" lon="108.6637042">
      </trkpt>
      <trkpt lat="24.4781148" lon="108.6646177">
      </trkpt>
      <trkpt lat="24.4781952" lon="108.666494">
      </trkpt>
      <trkpt lat="24.478563" lon="108.671116">
      </trkpt>
      <trkpt lat="24.479438" lon="108.679623">
      </trkpt>
      <trkpt lat="24.480193" lon="108.687485">
      </trkpt>
      <trkpt lat="24.480473" lon="108.689776">
      </trkpt>
      <trkpt lat="24.480725" lon="108.691351">
      </trkpt>
      <trkpt lat="24.4813293" lon="108.6936851">
      </trkpt>
      <trkpt lat="24.4814809" lon="108.6942202">
      </trkpt>
      <trkpt lat="24.4820885" lon="108.6963653">
      </trkpt>
      <trkpt lat="24.4823893" lon="108.6974139">
      </trkpt>
      <trkpt lat="24.484707" lon="108.7057239">
      </trkpt>
      <trkpt lat="24.4847422" lon="108.7058467">
      </trkpt>
      <trkpt lat="24.4853676" lon="108.708033">
      </trkpt>
      <trkpt lat="24.4857996" lon="108.709755">
      </trkpt>
      <trkpt lat="24.4859986" lon="108.711021">
      </trkpt>
      <trkpt lat="24.4861619" lon="108.7129301">
      </trkpt>
      <trkpt lat="24.487233" lon="108.725451">
      </trkpt>
      <trkpt lat="24.4874979" lon="108.7285564">
      </trkpt>
      <trkpt lat="24.4875879" lon="108.7298709">
      </trkpt>
      <trkpt lat="24.4876411" lon="108.7311919">
      </trkpt>
      <trkpt lat="24.487533" lon="108.73249">
      </trkpt>
      <trkpt lat="24.487411" lon="108.733954">
      </trkpt>
      <trkpt lat="24.487166" lon="108.735653">
      </trkpt>
      <trkpt lat="24.486711" lon="108.738291">
      </trkpt>
      <trkpt lat="24.4866382" lon="108.739961">
      </trkpt>
      <trkpt lat="24.4865314" lon="108.741095">
      </trkpt>
      <trkpt lat="24.4865228" lon="108.7415736">
      </trkpt>
      <trkpt lat="24.486516" lon="108.7420239">
      </trkpt>
      <trkpt lat="24.4865169" lon="108.7430731">
      </trkpt>
      <trkpt lat="24.4865539" lon="108.7436895">
      </trkpt>
      <trkpt lat="24.486639" lon="108.745703">
      </trkpt>
      <trkpt lat="24.487723" lon="108.753885">
      </trkpt>
      <trkpt lat="24.488188" lon="108.756198">
      </trkpt>
      <trkpt lat="24.488589" lon="108.757716">
      </trkpt>
      <trkpt lat="24.489228" lon="108.759723">
      </trkpt>
      <trkpt lat="24.490068" lon="108.76192">
      </trkpt>
      <trkpt lat="24.49094" lon="108.763851">
      </trkpt>
      <trkpt lat="24.492332" lon="108.7664271">
      </trkpt>
      <trkpt lat="24.4924839" lon="108.7667082">
      </trkpt>
      <trkpt lat="24.494094" lon="108.769688">
      </trkpt>
      <trkpt lat="24.4949651" lon="108.7717718">
      </trkpt>
      <trkpt lat="24.4953841" lon="108.7730324">
      </trkpt>
      <trkpt lat="24.4957856" lon="108.7744409">
      </trkpt>
      <trkpt lat="24.4961872" lon="108.7761144">
      </trkpt>
      <trkpt lat="24.496306" lon="108.776729">
      </trkpt>
      <trkpt lat="24.4966427" lon="108.778749">
      </trkpt>
      <trkpt lat="24.4967325" lon="108.7795982">
      </trkpt>
      <trkpt lat="24.4967626" lon="108.7810383">
      </trkpt>
      <trkpt lat="24.4967582" lon="108.7816818">
      </trkpt>
      <trkpt lat="24.4967018" lon="108.782982">
      </trkpt>
      <trkpt lat="24.495209" lon="108.795914">
      </trkpt>
      <trkpt lat="24.495113" lon="108.79717">
      </trkpt>
      <trkpt lat="24.494588" lon="108.812481">
      </trkpt>
      <trkpt lat="24.494401" lon="108.819366">
      </trkpt>
      <trkpt lat="24.4942261" lon="108.823245">
      </trkpt>
      <trkpt lat="24.4933093" lon="108.8341867">
      </trkpt>
      <trkpt lat="24.4932563" lon="108.8348777">
      </trkpt>
      <trkpt lat="24.493089" lon="108.837061">
      </trkpt>
      <trkpt lat="24.493051" lon="108.838891">
      </trkpt>
      <trkpt lat="24.4934578" lon="108.8489397">
      </trkpt>
      <trkpt lat="24.4934496" lon="108.8527436">
      </trkpt>
      <trkpt lat="24.4933076" lon="108.8548202">
      </trkpt>
      <trkpt lat="24.4930874" lon="108.8563122">
      </trkpt>
      <trkpt lat="24.492861" lon="108.857119">
      </trkpt>
      <trkpt lat="24.491656" lon="108.863911">
      </trkpt>
      <trkpt lat="24.4914366" lon="108.8650688">
      </trkpt>
      <trkpt lat="24.4909958" lon="108.8673585">
      </trkpt>
      <trkpt lat="24.4909058" lon="108.867815">
      </trkpt>
      <trkpt lat="24.4906174" lon="108.869413">
      </trkpt>
      <trkpt lat="24.489963" lon="108.8726722">
      </trkpt>
      <trkpt lat="24.4883334" lon="108.880083">
      </trkpt>
      <trkpt lat="24.487317" lon="108.8846185">
      </trkpt>
      <trkpt lat="24.4862324" lon="108.8896227">
      </trkpt>
      <trkpt lat="24.484965" lon="108.8952593">
      </trkpt>
      <trkpt lat="24.483138" lon="108.903488">
      </trkpt>
      <trkpt lat="24.4820676" lon="108.9083842">
      </trkpt>
      <trkpt lat="24.481816" lon="108.909738">
      </trkpt>
      <trkpt lat="24.481668" lon="108.911573">
      </trkpt>
      <trkpt lat="24.481661" lon="108.912641">
      </trkpt>
      <trkpt lat="24.481751" lon="108.914216">
      </trkpt>
      <trkpt lat="24.48194" lon="108.915801">
      </trkpt>
      <trkpt lat="24.482173" lon="108.917086">
      </trkpt>
      <trkpt lat="24.482561" lon="108.918594">
      </trkpt>
      <trkpt lat="24.483048" lon="108.920065">
      </trkpt>
      <trkpt lat="24.483738" lon="108.921704">
      </trkpt>
      <trkpt lat="24.484441" lon="108.923024">
      </trkpt>
      <trkpt lat="24.485343" lon="108.924466">
      </trkpt>
      <trkpt lat="24.4860266" lon="108.925315">
      </trkpt>
      <trkpt lat="24.4864428" lon="108.925829">
      </trkpt>
      <trkpt lat="24.4875871" lon="108.9270482">
      </trkpt>
      <trkpt lat="24.499066" lon="108.937683">
      </trkpt>
      <trkpt lat="24.5030034" lon="108.9412333">
      </trkpt>
      <trkpt lat="24.5035493" lon="108.9417139">
      </trkpt>
      <trkpt lat="24.505104" lon="108.943191">
      </trkpt>
      <trkpt lat="24.506103" lon="108.944278">
      </trkpt>
      <trkpt lat="24.507699" lon="108.946164">
      </trkpt>
      <trkpt lat="24.508586" lon="108.947381">
      </trkpt>
      <trkpt lat="24.508998" lon="108.94802">
      </trkpt>
      <trkpt lat="24.50989" lon="108.949483">
      </trkpt>
      <trkpt lat="24.510448" lon="108.950529">
      </trkpt>
      <trkpt lat="24.5114842" lon="108.9525616">
      </trkpt>
      <trkpt lat="24.5121018" lon="108.954126">
      </trkpt>
      <trkpt lat="24.5125324" lon="108.95545">
      </trkpt>
      <trkpt lat="24.5141078" lon="108.9604915">
      </trkpt>
      <trkpt lat="24.516203" lon="108.967094">
      </trkpt>
      <trkpt lat="24.518154" lon="108.973428">
      </trkpt>
      <trkpt lat="24.5187075" lon="108.9757007">
      </trkpt>
      <trkpt lat="24.5188331" lon="108.9765269">
      </trkpt>
      <trkpt lat="24.518921" lon="108.977581">
      </trkpt>
      <trkpt lat="24.519006" lon="108.978686">
      </trkpt>
      <trkpt lat="24.519061" lon="108.980299">
      </trkpt>
      <trkpt lat="24.519018" lon="108.981953">
      </trkpt>
      <trkpt lat="24.518871" lon="108.983609">
      </trkpt>
      <trkpt lat="24.51856" lon="108.985524">
      </trkpt>
      <trkpt lat="24.518171" lon="108.987211">
      </trkpt>
      <trkpt lat="24.516973" lon="108.991875">
      </trkpt>
      <trkpt lat="24.516651" lon="108.993389">
      </trkpt>
      <trkpt lat="24.516365" lon="108.99519">
      </trkpt>
      <trkpt lat="24.516241" lon="108.996234">
      </trkpt>
      <trkpt lat="24.516181" lon="108.997798">
      </trkpt>
      <trkpt lat="24.516234" lon="108.999636">
      </trkpt>
      <trkpt lat="24.516394" lon="109.001478">
      </trkpt>
      <trkpt lat="24.516676" lon="109.003435">
      </trkpt>
      <trkpt lat="24.51721" lon="109.005793">
      </trkpt>
      <trkpt lat="24.519111" lon="109.012461">
      </trkpt>
      <trkpt lat="24.519651" lon="109.014538">
      </trkpt>
      <trkpt lat="24.522906" lon="109.025928">
      </trkpt>
      <trkpt lat="24.5238738" lon="109.0293342">
      </trkpt>
      <trkpt lat="24.5241386" lon="109.0302714">
      </trkpt>
      <trkpt lat="24.5243839" lon="109.0313852">
      </trkpt>
      <trkpt lat="24.5250883" lon="109.0356597">
      </trkpt>
      <trkpt lat="24.5252363" lon="109.0372503">
      </trkpt>
      <trkpt lat="24.5252737" lon="109.0384934">
      </trkpt>
      <trkpt lat="24.5252769" lon="109.038602">
      </trkpt>
      <trkpt lat="24.5252865" lon="109.0389199">
      </trkpt>
      <trkpt lat="24.5252524" lon="109.039608">
      </trkpt>
      <trkpt lat="24.525247" lon="109.0397165">
      </trkpt>
      <trkpt lat="24.5251865" lon="109.0409385">
      </trkpt>
      <trkpt lat="24.5250455" lon="109.0428927">
      </trkpt>
      <trkpt lat="24.5250377" lon="109.0430011">
      </trkpt>
      <trkpt lat="24.5247337" lon="109.0472149">
      </trkpt>
      <trkpt lat="24.5247258" lon="109.0473234">
      </trkpt>
      <trkpt lat="24.52469" lon="109.04782">
      </trkpt>
      <trkpt lat="24.524441" lon="109.052651">
      </trkpt>
      <trkpt lat="24.523966" lon="109.058823">
      </trkpt>
      <trkpt lat="24.523434" lon="109.067941">
      </trkpt>
      <trkpt lat="24.523251" lon="109.069769">
      </trkpt>
      <trkpt lat="24.522926" lon="109.071541">
      </trkpt>
      <trkpt lat="24.522558" lon="109.072943">
      </trkpt>
      <trkpt lat="24.522331" lon="109.073641">
      </trkpt>
      <trkpt lat="24.521723" lon="109.075173">
      </trkpt>
      <trkpt lat="24.521158" lon="109.076318">
      </trkpt>
      <trkpt lat="24.520548" lon="109.077421">
      </trkpt>
      <trkpt lat="24.519525" lon="109.078958">
      </trkpt>
      <trkpt lat="24.516663" lon="109.082078">
      </trkpt>
      <trkpt lat="24.5160581" lon="109.082679">
      </trkpt>
      <trkpt lat="24.515654" lon="109.0829789">
      </trkpt>
      <trkpt lat="24.5153826" lon="109.0831737">
      </trkpt>
      <trkpt lat="24.5137283" lon="109.0841753">
      </trkpt>
      <trkpt lat="24.5124592" lon="109.0848909">
      </trkpt>
      <trkpt lat="24.5085221" lon="109.0871957">
      </trkpt>
      <trkpt lat="24.5072348" lon="109.0881058">
      </trkpt>
      <trkpt lat="24.505983" lon="109.089055">
      </trkpt>
      <trkpt lat="24.5043716" lon="109.090632">
      </trkpt>
      <trkpt lat="24.5039324" lon="109.0911083">
      </trkpt>
      <trkpt lat="24.501036" lon="109.0946912">
      </trkpt>
      <trkpt lat="24.500852" lon="109.0949187">
      </trkpt>
      <trkpt lat="24.4959695" lon="109.1011688">
      </trkpt>
      <trkpt lat="24.4949715" lon="109.1024146">
      </trkpt>
      <trkpt lat="24.4941864" lon="109.1033946">
      </trkpt>
      <trkpt lat="24.494041" lon="109.103576">
      </trkpt>
      <trkpt lat="24.492926" lon="109.104788">
      </trkpt>
      <trkpt lat="24.491721" lon="109.105881">
      </trkpt>
      <trkpt lat="24.490396" lon="109.106865">
      </trkpt>
      <trkpt lat="24.489425" lon="109.107521">
      </trkpt>
      <trkpt lat="24.488626" lon="109.10797">
      </trkpt>
      <trkpt lat="24.4876313" lon="109.1084734">
      </trkpt>
      <trkpt lat="24.4864171" lon="109.1089795">
      </trkpt>
      <trkpt lat="24.4854332" lon="109.1093108">
      </trkpt>
      <trkpt lat="24.4841831" lon="109.1096616">
      </trkpt>
      <trkpt lat="24.4824769" lon="109.1101215">
      </trkpt>
      <trkpt lat="24.482204" lon="109.1101548">
      </trkpt>
      <trkpt lat="24.4809012" lon="109.1104516">
      </trkpt>
      <trkpt lat="24.4792022" lon="109.1109666">
      </trkpt>
      <trkpt lat="24.4765292" lon="109.112083">
      </trkpt>
      <trkpt lat="24.474541" lon="109.113118">
      </trkpt>
      <trkpt lat="24.472994" lon="109.114146">
      </trkpt>
      <trkpt lat="24.471203" lon="109.115564">
      </trkpt>
      <trkpt lat="24.464965" lon="109.1212692">
      </trkpt>
      <trkpt lat="24.4648251" lon="109.1213971">
      </trkpt>
      <trkpt lat="24.4630332" lon="109.1229662">
      </trkpt>
      <trkpt lat="24.460936" lon="109.124506">
      </trkpt>
      <trkpt lat="24.454718" lon="109.128989">
      </trkpt>
      <trkpt lat="24.453299" lon="109.130105">
      </trkpt>
      <trkpt lat="24.452041" lon="109.1313299">
      </trkpt>
      <trkpt lat="24.4510156" lon="109.1323928">
      </trkpt>
      <trkpt lat="24.44992" lon="109.1336995">
      </trkpt>
      <trkpt lat="24.4223068" lon="109.1676629">
      </trkpt>
      <trkpt lat="24.421106" lon="109.16916">
      </trkpt>
      <trkpt lat="24.417914" lon="109.173668">
      </trkpt>
      <trkpt lat="24.4152504" lon="109.177501">
      </trkpt>
      <trkpt lat="24.4148901" lon="109.1779797">
      </trkpt>
      <trkpt lat="24.4144417" lon="109.1786219">
      </trkpt>
      <trkpt lat="24.414006" lon="109.1792399">
      </trkpt>
      <trkpt lat="24.4136758" lon="109.1797012">
      </trkpt>
      <trkpt lat="24.4132811" lon="109.1802505">
      </trkpt>
      <trkpt lat="24.4129218" lon="109.180762">
      </trkpt>
      <trkpt lat="24.412625" lon="109.1811715">
      </trkpt>
      <trkpt lat="24.4123433" lon="109.1815789">
      </trkpt>
      <trkpt lat="24.4120629" lon="109.1819701">
      </trkpt>
      <trkpt lat="24.4112582" lon="109.1831162">
      </trkpt>
      <trkpt lat="24.4105276" lon="109.1841454">
      </trkpt>
      <trkpt lat="24.4094362" lon="109.1856861">
      </trkpt>
      <trkpt lat="24.4083019" lon="109.1872826">
      </trkpt>
      <trkpt lat="24.4070142" lon="109.1890759">
      </trkpt>
      <trkpt lat="24.4058222" lon="109.1907732">
      </trkpt>
      <trkpt lat="24.4056207" lon="109.1910602">
      </trkpt>
      <trkpt lat="24.4054605" lon="109.1912883">
      </trkpt>
      <trkpt lat="24.4047699" lon="109.1922479">
      </trkpt>
      <trkpt lat="24.4037869" lon="109.1936142">
      </trkpt>
      <trkpt lat="24.4033252" lon="109.1942513">
      </trkpt>
      <trkpt lat="24.4027722" lon="109.194943">
      </trkpt>
      <trkpt lat="24.4023237" lon="109.1954469">
      </trkpt>
      <trkpt lat="24.4016633" lon="109.1960859">
      </trkpt>
      <trkpt lat="24.401268" lon="109.1964519">
      </trkpt>
      <trkpt lat="24.4008275" lon="109.1967705">
      </trkpt>
      <trkpt lat="24.4005673" lon="109.1969725">
      </trkpt>
      <trkpt lat="24.3999868" lon="109.1974038">
      </trkpt>
      <trkpt lat="24.3990727" lon="109.1979908">
      </trkpt>
      <trkpt lat="24.3981819" lon="109.1984594">
      </trkpt>
      <trkpt lat="24.3975645" lon="109.1987628">
      </trkpt>
      <trkpt lat="24.3943555" lon="109.2000597">
      </trkpt>
      <trkpt lat="24.3938945" lon="109.2002597">
      </trkpt>
      <trkpt lat="24.3935704" lon="109.2004108">
      </trkpt>
      <trkpt lat="24.3930324" lon="109.2007062">
      </trkpt>
      <trkpt lat="24.3919262" lon="109.2013738">
      </trkpt>
      <trkpt lat="24.3908813" lon="109.2021599">
      </trkpt>
      <trkpt lat="24.3882548" lon="109.2047543">
      </trkpt>
      <trkpt lat="24.3829629" lon="109.2104316">
      </trkpt>
      <trkpt lat="24.3828144" lon="109.2105953">
      </trkpt>
      <trkpt lat="24.3824679" lon="109.210962">
      </trkpt>
      <trkpt lat="24.3779658" lon="109.2157785">
      </trkpt>
      <trkpt lat="24.3772438" lon="109.2165717">
      </trkpt>
      <trkpt lat="24.3766443" lon="109.2173013">
      </trkpt>
      <trkpt lat="24.3762386" lon="109.2178316">
      </trkpt>
      <trkpt lat="24.3756848" lon="109.2186499">
      </trkpt>
      <trkpt lat="24.3751013" lon="109.2195607">
      </trkpt>
      <trkpt lat="24.3746768" lon="109.220325">
      </trkpt>
      <trkpt lat="24.3742742" lon="109.2211214">
      </trkpt>
      <trkpt lat="24.3739718" lon="109.2217832">
      </trkpt>
      <trkpt lat="24.3736695" lon="109.2224772">
      </trkpt>
      <trkpt lat="24.372256" lon="109.2257743">
      </trkpt>
      <trkpt lat="24.3719166" lon="109.2266282">
      </trkpt>
      <trkpt lat="24.3715695" lon="109.2276019">
      </trkpt>
      <trkpt lat="24.3712505" lon="109.2286675">
      </trkpt>
      <trkpt lat="24.3710556" lon="109.2294491">
      </trkpt>
      <trkpt lat="24.3708606" lon="109.2303299">
      </trkpt>
      <trkpt lat="24.3702879" lon="109.2338861">
      </trkpt>
      <trkpt lat="24.368325" lon="109.2459442">
      </trkpt>
      <trkpt lat="24.3673269" lon="109.2519468">
      </trkpt>
      <trkpt lat="24.3672455" lon="109.2524977">
      </trkpt>
      <trkpt lat="24.3671788" lon="109.2529917">
      </trkpt>
      <trkpt lat="24.3671307" lon="109.2534063">
      </trkpt>
      <trkpt lat="24.3670899" lon="109.2539105">
      </trkpt>
      <trkpt lat="24.3670492" lon="109.2545325">
      </trkpt>
      <trkpt lat="24.3670288" lon="109.2553069">
      </trkpt>
      <trkpt lat="24.367027" lon="109.2555956">
      </trkpt>
      <trkpt lat="24.3670307" lon="109.2561566">
      </trkpt>
      <trkpt lat="24.3670422" lon="109.2568665">
      </trkpt>
      <trkpt lat="24.3670675" lon="109.2581504">
      </trkpt>
      <trkpt lat="24.3670591" lon="109.2585386">
      </trkpt>
      <trkpt lat="24.3670535" lon="109.2588436">
      </trkpt>
      <trkpt lat="24.3670702" lon="109.2592587">
      </trkpt>
      <trkpt lat="24.3670721" lon="109.2595026">
      </trkpt>
      <trkpt lat="24.3670838" lon="109.2599077">
      </trkpt>
      <trkpt lat="24.3670815" lon="109.2601377">
      </trkpt>
      <trkpt lat="24.3670929" lon="109.2604656">
      </trkpt>
      <trkpt lat="24.3671012" lon="109.2607046">
      </trkpt>
      <trkpt lat="24.3671087" lon="109.261374">
      </trkpt>
      <trkpt lat="24.3671187" lon="109.2622625">
      </trkpt>
      <trkpt lat="24.3671236" lon="109.2627011">
      </trkpt>
      <trkpt lat="24.3672135" lon="109.2685243">
      </trkpt>
      <trkpt lat="24.3672802" lon="109.2729739">
      </trkpt>
      <trkpt lat="24.3672885" lon="109.2735291">
      </trkpt>
      <trkpt lat="24.3673129" lon="109.2745362">
      </trkpt>
      <trkpt lat="24.3673253" lon="109.2750465">
      </trkpt>
      <trkpt lat="24.3673392" lon="109.2759411">
      </trkpt>
      <trkpt lat="24.3673468" lon="109.2764301">
      </trkpt>
      <trkpt lat="24.3673586" lon="109.2772008">
      </trkpt>
      <trkpt lat="24.3673624" lon="109.278291">
      </trkpt>
      <trkpt lat="24.3673734" lon="109.2788296">
      </trkpt>
      <trkpt lat="24.3673603" lon="109.279676">
      </trkpt>
      <trkpt lat="24.3673423" lon="109.280019">
      </trkpt>
      <trkpt lat="24.3673172" lon="109.2803396">
      </trkpt>
      <trkpt lat="24.3672274" lon="109.2810712">
      </trkpt>
      <trkpt lat="24.3670804" lon="109.2822595">
      </trkpt>
      <trkpt lat="24.3669841" lon="109.282952">
      </trkpt>
      <trkpt lat="24.366883" lon="109.2835486">
      </trkpt>
      <trkpt lat="24.3667102" lon="109.2847097">
      </trkpt>
      <trkpt lat="24.3666079" lon="109.2854058">
      </trkpt>
      <trkpt lat="24.366511" lon="109.2862133">
      </trkpt>
      <trkpt lat="24.3661951" lon="109.2890933">
      </trkpt>
      <trkpt lat="24.3657563" lon="109.2932709">
      </trkpt>
      <trkpt lat="24.3655964" lon="109.2950222">
      </trkpt>
      <trkpt lat="24.3655635" lon="109.2963345">
      </trkpt>
      <trkpt lat="24.3655832" lon="109.2974666">
      </trkpt>
      <trkpt lat="24.3656131" lon="109.2981176">
      </trkpt>
      <trkpt lat="24.3656658" lon="109.2987001">
      </trkpt>
      <trkpt lat="24.3657186" lon="109.2990685">
      </trkpt>
      <trkpt lat="24.3658253" lon="109.2998467">
      </trkpt>
      <trkpt lat="24.3658893" lon="109.3002133">
      </trkpt>
      <trkpt lat="24.3659387" lon="109.3004889">
      </trkpt>
      <trkpt lat="24.366018" lon="109.3008366">
      </trkpt>
      <trkpt lat="24.3661228" lon="109.3012214">
      </trkpt>
      <trkpt lat="24.366227" lon="109.3017347">
      </trkpt>
      <trkpt lat="24.3663238" lon="109.3021035">
      </trkpt>
      <trkpt lat="24.3664523" lon="109.302507">
      </trkpt>
      <trkpt lat="24.3665906" lon="109.302916">
      </trkpt>
      <trkpt lat="24.3667337" lon="109.3033391">
      </trkpt>
      <trkpt lat="24.3668744" lon="109.3038077">
      </trkpt>
      <trkpt lat="24.3670435" lon="109.304429">
      </trkpt>
      <trkpt lat="24.3671542" lon="109.3048622">
      </trkpt>
      <trkpt lat="24.3672602" lon="109.3053383">
      </trkpt>
      <trkpt lat="24.3674176" lon="109.3061089">
      </trkpt>
      <trkpt lat="24.3674883" lon="109.3065824">
      </trkpt>
      <trkpt lat="24.3675589" lon="109.3070531">
      </trkpt>
      <trkpt lat="24.367604" lon="109.3074527">
      </trkpt>
      <trkpt lat="24.367649" lon="109.3077693">
      </trkpt>
      <trkpt lat="24.3677179" lon="109.3085995">
      </trkpt>
      <trkpt lat="24.3678886" lon="109.3112313">
      </trkpt>
      <trkpt lat="24.3682431" lon="109.316627">
      </trkpt>
      <trkpt lat="24.3682615" lon="109.3170934">
      </trkpt>
      <trkpt lat="24.3682701" lon="109.3174795">
      </trkpt>
      <trkpt lat="24.3682691" lon="109.3180787">
      </trkpt>
      <trkpt lat="24.3682414" lon="109.3186324">
      </trkpt>
      <trkpt lat="24.3681763" lon="109.3194459">
      </trkpt>
      <trkpt lat="24.368112" lon="109.3200094">
      </trkpt>
      <trkpt lat="24.368108" lon="109.3200344">
      </trkpt>
      <trkpt lat="24.368027" lon="109.3205424">
      </trkpt>
      <trkpt lat="24.367937" lon="109.3210005">
      </trkpt>
      <trkpt lat="24.3678785" lon="109.3212816">
      </trkpt>
      <trkpt lat="24.3677687" lon="109.3216592">
      </trkpt>
      <trkpt lat="24.3675932" lon="109.322259">
      </trkpt>
      <trkpt lat="24.3673534" lon="109.3230349">
      </trkpt>
      <trkpt lat="24.3672097" lon="109.3234146">
      </trkpt>
      <trkpt lat="24.367061" lon="109.3237943">
      </trkpt>
      <trkpt lat="24.3668051" lon="109.3243532">
      </trkpt>
      <trkpt lat="24.366552" lon="109.3249601">
      </trkpt>
      <trkpt lat="24.366176" lon="109.3257111">
      </trkpt>
      <trkpt lat="24.3659808" lon="109.3260786">
      </trkpt>
      <trkpt lat="24.365805" lon="109.3264139">
      </trkpt>
      <trkpt lat="24.3649276" lon="109.3279561">
      </trkpt>
      <trkpt lat="24.3640955" lon="109.3294522">
      </trkpt>
      <trkpt lat="24.3638568" lon="109.3299372">
      </trkpt>
      <trkpt lat="24.3636667" lon="109.3303377">
      </trkpt>
      <trkpt lat="24.3635716" lon="109.3305674">
      </trkpt>
      <trkpt lat="24.3634717" lon="109.3308131">
      </trkpt>
      <trkpt lat="24.36313" lon="109.331774">
      </trkpt>
      <trkpt lat="24.3625349" lon="109.333743">
      </trkpt>
      <trkpt lat="24.3623791" lon="109.3342645">
      </trkpt>
      <trkpt lat="24.3622221" lon="109.3346904">
      </trkpt>
      <trkpt lat="24.3621017" lon="109.3350387">
      </trkpt>
      <trkpt lat="24.3619806" lon="109.3354654">
      </trkpt>
      <trkpt lat="24.3618531" lon="109.3359755">
      </trkpt>
      <trkpt lat="24.3616915" lon="109.3366194">
      </trkpt>
      <trkpt lat="24.3613316" lon="109.338633">
      </trkpt>
      <trkpt lat="24.361127" lon="109.3397819">
      </trkpt>
      <trkpt lat="24.3608581" lon="109.3410101">
      </trkpt>
      <trkpt lat="24.3607797" lon="109.3413444">
      </trkpt>
      <trkpt lat="24.3606891" lon="109.3416894">
      </trkpt>
      <trkpt lat="24.3604172" lon="109.3426618">
      </trkpt>
      <trkpt lat="24.360193" lon="109.3433">
      </trkpt>
      <trkpt lat="24.3599762" lon="109.3439221">
      </trkpt>
      <trkpt lat="24.3596427" lon="109.3447116">
      </trkpt>
      <trkpt lat="24.3593482" lon="109.3453565">
      </trkpt>
      <trkpt lat="24.3590231" lon="109.3460477">
      </trkpt>
      <trkpt lat="24.3586118" lon="109.346896">
      </trkpt>
      <trkpt lat="24.3583444" lon="109.3474927">
      </trkpt>
      <trkpt lat="24.358148" lon="109.3479458">
      </trkpt>
      <trkpt lat="24.3579296" lon="109.3484739">
      </trkpt>
      <trkpt lat="24.3577124" lon="109.3490053">
      </trkpt>
      <trkpt lat="24.3573996" lon="109.34979">
      </trkpt>
      <trkpt lat="24.3571129" lon="109.3504844">
      </trkpt>
      <trkpt lat="24.3569335" lon="109.3509298">
      </trkpt>
      <trkpt lat="24.3567207" lon="109.3514491">
      </trkpt>
      <trkpt lat="24.3564883" lon="109.3519738">
      </trkpt>
      <trkpt lat="24.3554894" lon="109.3541371">
      </trkpt>
      <trkpt lat="24.3542293" lon="109.3568063">
      </trkpt>
      <trkpt lat="24.3540771" lon="109.3571258">
      </trkpt>
      <trkpt lat="24.3537273" lon="109.3578399">
      </trkpt>
      <trkpt lat="24.353572" lon="109.358154">
      </trkpt>
      <trkpt lat="24.3526411" lon="109.3600529">
      </trkpt>
      <trkpt lat="24.3499459" lon="109.3657136">
      </trkpt>
      <trkpt lat="24.3486569" lon="109.368421">
      </trkpt>
      <trkpt lat="24.3483642" lon="109.3690445">
      </trkpt>
      <trkpt lat="24.3474" lon="109.3710549">
      </trkpt>
      <trkpt lat="24.3472946" lon="109.3712785">
      </trkpt>
      <trkpt lat="24.3468801" lon="109.3721594">
      </trkpt>
      <trkpt lat="24.344888" lon="109.3763436">
      </trkpt>
      <trkpt lat="24.3439936" lon="109.3782115">
      </trkpt>
      <trkpt lat="24.3435182" lon="109.3791979">
      </trkpt>
      <trkpt lat="24.3432595" lon="109.3797344">
      </trkpt>
      <trkpt lat="24.3429701" lon="109.3802591">
      </trkpt>
      <trkpt lat="24.3427656" lon="109.3806086">
      </trkpt>
      <trkpt lat="24.3425633" lon="109.3809301">
      </trkpt>
      <trkpt lat="24.3422255" lon="109.381413">
      </trkpt>
      <trkpt lat="24.3420822" lon="109.3816045">
      </trkpt>
      <trkpt lat="24.3418974" lon="109.3818342">
      </trkpt>
      <trkpt lat="24.3416624" lon="109.3821296">
      </trkpt>
      <trkpt lat="24.3414199" lon="109.3823988">
      </trkpt>
      <trkpt lat="24.3411847" lon="109.3826605">
      </trkpt>
      <trkpt lat="24.340954" lon="109.3828831">
      </trkpt>
      <trkpt lat="24.3407497" lon="109.3830812">
      </trkpt>
      <trkpt lat="24.3406065" lon="109.3832044">
      </trkpt>
      <trkpt lat="24.3404612" lon="109.3833388">
      </trkpt>
      <trkpt lat="24.3403393" lon="109.3834381">
      </trkpt>
      <trkpt lat="24.3402239" lon="109.3835417">
      </trkpt>
      <trkpt lat="24.3400809" lon="109.3836546">
      </trkpt>
      <trkpt lat="24.3400051" lon="109.3837125">
      </trkpt>
      <trkpt lat="24.3399292" lon="109.3837704">
      </trkpt>
      <trkpt lat="24.3397817" lon="109.3838723">
      </trkpt>
      <trkpt lat="24.3396441" lon="109.3839753">
      </trkpt>
      <trkpt lat="24.3394789" lon="109.3840922">
      </trkpt>
      <trkpt lat="24.3392967" lon="109.3842178">
      </trkpt>
      <trkpt lat="24.3391124" lon="109.3843294">
      </trkpt>
      <trkpt lat="24.3389231" lon="109.3844404">
      </trkpt>
      <trkpt lat="24.3386893" lon="109.3845793">
      </trkpt>
      <trkpt lat="24.3385516" lon="109.3846571">
      </trkpt>
      <trkpt lat="24.3380839" lon="109.3849118">
      </trkpt>
      <trkpt lat="24.3370292" lon="109.3854841">
      </trkpt>
      <trkpt lat="24.3359255" lon="109.3860847">
      </trkpt>
      <trkpt lat="24.3348206" lon="109.3866876">
      </trkpt>
      <trkpt lat="24.3331846" lon="109.3875745">
      </trkpt>
      <trkpt lat="24.3316834" lon="109.3883836">
      </trkpt>
      <trkpt lat="24.3312578" lon="109.3885996">
      </trkpt>
      <trkpt lat="24.3310589" lon="109.3887005">
      </trkpt>
      <trkpt lat="24.3307741" lon="109.3888409">
      </trkpt>
      <trkpt lat="24.3305088" lon="109.3889598">
      </trkpt>
      <trkpt lat="24.33009" lon="109.3891416">
      </trkpt>
      <trkpt lat="24.3295589" lon="109.3893609">
      </trkpt>
      <trkpt lat="24.3282751" lon="109.3898926">
      </trkpt>
      <trkpt lat="24.3276853" lon="109.3901368">
      </trkpt>
      <trkpt lat="24.327115" lon="109.3903542">
      </trkpt>
      <trkpt lat="24.3268153" lon="109.3904563">
      </trkpt>
      <trkpt lat="24.326534" lon="109.3905374">
      </trkpt>
      <trkpt lat="24.3263748" lon="109.3905848">
      </trkpt>
      <trkpt lat="24.3260214" lon="109.3906723">
      </trkpt>
      <trkpt lat="24.3258171" lon="109.390715">
      </trkpt>
      <trkpt lat="24.3256738" lon="109.3907362">
      </trkpt>
      <trkpt lat="24.3252963" lon="109.3907777">
      </trkpt>
      <trkpt lat="24.325022" lon="109.3907979">
      </trkpt>
      <trkpt lat="24.3243903" lon="109.3908208">
      </trkpt>
      <trkpt lat="24.3241041" lon="109.3908163">
      </trkpt>
      <trkpt lat="24.3238136" lon="109.3907954">
      </trkpt>
      <trkpt lat="24.3236394" lon="109.3907777">
      </trkpt>
      <trkpt lat="24.3233208" lon="109.3907311">
      </trkpt>
      <trkpt lat="24.3230351" lon="109.3906816">
      </trkpt>
      <trkpt lat="24.3223863" lon="109.3905339">
      </trkpt>
      <trkpt lat="24.3221606" lon="109.3904662">
      </trkpt>
      <trkpt lat="24.3218609" lon="109.3903538">
      </trkpt>
      <trkpt lat="24.3215811" lon="109.3902383">
      </trkpt>
      <trkpt lat="24.3212404" lon="109.3900902">
      </trkpt>
      <trkpt lat="24.3210261" lon="109.3899865">
      </trkpt>
      <trkpt lat="24.3207729" lon="109.3898484">
      </trkpt>
      <trkpt lat="24.3204923" lon="109.3896857">
      </trkpt>
      <trkpt lat="24.3201451" lon="109.3894634">
      </trkpt>
      <trkpt lat="24.3198759" lon="109.3892836">
      </trkpt>
      <trkpt lat="24.3195586" lon="109.3890551">
      </trkpt>
      <trkpt lat="24.3184225" lon="109.3882623">
      </trkpt>
      <trkpt lat="24.3179896" lon="109.3879602">
      </trkpt>
      <trkpt lat="24.3173185" lon="109.387487">
      </trkpt>
      <trkpt lat="24.3169267" lon="109.3872108">
      </trkpt>
      <trkpt lat="24.3163735" lon="109.3868207">
      </trkpt>
      <trkpt lat="24.3155715" lon="109.3862546">
      </trkpt>
      <trkpt lat="24.3153671" lon="109.3861141">
      </trkpt>
      <trkpt lat="24.3137683" lon="109.3850155">
      </trkpt>
      <trkpt lat="24.3131948" lon="109.3846086">
      </trkpt>
      <trkpt lat="24.3137683" lon="109.3850155">
      </trkpt>
      <trkpt lat="24.3153671" lon="109.3861141">
      </trkpt>
      <trkpt lat="24.3155715" lon="109.3862546">
      </trkpt>
      <trkpt lat="24.3163735" lon="109.3868207">
      </trkpt>
      <trkpt lat="24.3169267" lon="109.3872108">
      </trkpt>
      <trkpt lat="24.3173185" lon="109.387487">
      </trkpt>
      <trkpt lat="24.3179896" lon="109.3879602">
      </trkpt>
      <trkpt lat="24.3184225" lon="109.3882623">
      </trkpt>
      <trkpt lat="24.3195586" lon="109.3890551">
      </trkpt>
      <trkpt lat="24.3198759" lon="109.3892836">
      </trkpt>
      <trkpt lat="24.3201451" lon="109.3894634">
      </trkpt>
      <trkpt lat="24.3204923" lon="109.3896857">
      </trkpt>
      <trkpt lat="24.3207729" lon="109.3898484">
      </trkpt>
      <trkpt lat="24.3210261" lon="109.3899865">
      </trkpt>
      <trkpt lat="24.3212404" lon="109.3900902">
      </trkpt>
      <trkpt lat="24.3215811" lon="109.3902383">
      </trkpt>
      <trkpt lat="24.3218609" lon="109.3903538">
      </trkpt>
      <trkpt lat="24.3221606" lon="109.3904662">
      </trkpt>
      <trkpt lat="24.3223863" lon="109.3905339">
      </trkpt>
      <trkpt lat="24.3230351" lon="109.3906816">
      </trkpt>
      <trkpt lat="24.3233208" lon="109.3907311">
      </trkpt>
      <trkpt lat="24.3236394" lon="109.3907777">
      </trkpt>
      <trkpt lat="24.3238136" lon="109.3907954">
      </trkpt>
      <trkpt lat="24.3241041" lon="109.3908163">
      </trkpt>
      <trkpt lat="24.3243903" lon="109.3908208">
      </trkpt>
      <trkpt lat="24.325022" lon="109.3907979">
      </trkpt>
      <trkpt lat="24.3252963" lon="109.3907777">
      </trkpt>
      <trkpt lat="24.3256738" lon="109.3907362">
      </trkpt>
      <trkpt lat="24.3258171" lon="109.390715">
      </trkpt>
      <trkpt lat="24.3260214" lon="109.3906723">
      </trkpt>
      <trkpt lat="24.3263748" lon="109.3905848">
      </trkpt>
      <trkpt lat="24.326534" lon="109.3905374">
      </trkpt>
      <trkpt lat="24.3268153" lon="109.3904563">
      </trkpt>
      <trkpt lat="24.327115" lon="109.3903542">
      </trkpt>
      <trkpt lat="24.3276853" lon="109.3901368">
      </trkpt>
      <trkpt lat="24.3282751" lon="109.3898926">
      </trkpt>
      <trkpt lat="24.3295589" lon="109.3893609">
      </trkpt>
      <trkpt lat="24.33009" lon="109.3891416">
      </trkpt>
      <trkpt lat="24.3305088" lon="109.3889598">
      </trkpt>
      <trkpt lat="24.3307741" lon="109.3888409">
      </trkpt>
      <trkpt lat="24.3310589" lon="109.3887005">
      </trkpt>
      <trkpt lat="24.3312578" lon="109.3885996">
      </trkpt>
      <trkpt lat="24.3316834" lon="109.3883836">
      </trkpt>
      <trkpt lat="24.3331846" lon="109.3875745">
      </trkpt>
      <trkpt lat="24.3348206" lon="109.3866876">
      </trkpt>
      <trkpt lat="24.3359255" lon="109.3860847">
      </trkpt>
      <trkpt lat="24.3370292" lon="109.3854841">
      </trkpt>
      <trkpt lat="24.3380839" lon="109.3849118">
      </trkpt>
      <trkpt lat="24.3385516" lon="109.3846571">
      </trkpt>
      <trkpt lat="24.3386893" lon="109.3845793">
      </trkpt>
      <trkpt lat="24.3389231" lon="109.3844404">
      </trkpt>
      <trkpt lat="24.3391124" lon="109.3843294">
      </trkpt>
      <trkpt lat="24.3392967" lon="109.3842178">
      </trkpt>
      <trkpt lat="24.3394789" lon="109.3840922">
      </trkpt>
      <trkpt lat="24.3396441" lon="109.3839753">
      </trkpt>
      <trkpt lat="24.3397817" lon="109.3838723">
      </trkpt>
      <trkpt lat="24.3399292" lon="109.3837704">
      </trkpt>
      <trkpt lat="24.3400051" lon="109.3837125">
      </trkpt>
      <trkpt lat="24.3400809" lon="109.3836546">
      </trkpt>
      <trkpt lat="24.3402239" lon="109.3835417">
      </trkpt>
      <trkpt lat="24.3403393" lon="109.3834381">
      </trkpt>
      <trkpt lat="24.3404612" lon="109.3833388">
      </trkpt>
      <trkpt lat="24.3406065" lon="109.3832044">
      </trkpt>
      <trkpt lat="24.3407497" lon="109.3830812">
      </trkpt>
      <trkpt lat="24.340954" lon="109.3828831">
      </trkpt>
      <trkpt lat="24.3411847" lon="109.3826605">
      </trkpt>
      <trkpt lat="24.3414199" lon="109.3823988">
      </trkpt>
      <trkpt lat="24.3416624" lon="109.3821296">
      </trkpt>
      <trkpt lat="25.2318624" lon="110.2749272">
      </trkpt>
      <trkpt lat="25.2320504" lon="110.2747321">
      </trkpt>
      <trkpt lat="25.2322478" lon="110.2745547">
      </trkpt>
      <trkpt lat="25.2324295" lon="110.2744281">
      </trkpt>
      <trkpt lat="25.2326456" lon="110.2743218">
      </trkpt>
      <trkpt lat="25.2329132" lon="110.2742018">
      </trkpt>
      <trkpt lat="25.2332142" lon="110.2741244">
      </trkpt>
      <trkpt lat="25.2333608" lon="110.2741089">
      </trkpt>
      <trkpt lat="25.2335558" lon="110.2740968">
      </trkpt>
      <trkpt lat="25.233757" lon="110.2741096">
      </trkpt>
      <trkpt lat="25.2339959" lon="110.2741418">
      </trkpt>
      <trkpt lat="25.2346488" lon="110.2742879">
      </trkpt>
      <trkpt lat="25.2351153" lon="110.2743798">
      </trkpt>
      <trkpt lat="25.2357086" lon="110.2745211">
      </trkpt>
      <trkpt lat="25.2363575" lon="110.2746603">
      </trkpt>
      <trkpt lat="25.2371975" lon="110.2748309">
      </trkpt>
      <trkpt lat="25.2378325" lon="110.2749831">
      </trkpt>
      <trkpt lat="25.2378921" lon="110.2749974">
      </trkpt>
      <trkpt lat="25.2388296" lon="110.27521">
      </trkpt>
      <trkpt lat="25.240144" lon="110.275533">
      </trkpt>
      <trkpt lat="25.2407838" lon="110.2756877">
      </trkpt>
      <trkpt lat="25.2408667" lon="110.2756992">
      </trkpt>
      <trkpt lat="25.2433925" lon="110.2762549">
      </trkpt>
      <trkpt lat="25.2448232" lon="110.276566">
      </trkpt>
      <trkpt lat="25.250781" lon="110.2778639">
      </trkpt>
      <trkpt lat="25.250854" lon="110.277877">
      </trkpt>
      <trkpt lat="25.2520408" lon="110.2781074">
      </trkpt>
      <trkpt lat="25.2523459" lon="110.2781741">
      </trkpt>
      <trkpt lat="25.253322" lon="110.2783859">
      </trkpt>
      <trkpt lat="25.2542639" lon="110.2785677">
      </trkpt>
      <trkpt lat="25.2549309" lon="110.2786316">
      </trkpt>
    </trkseg>
  </trk>
</gpx>