<?xml version="1.0" encoding="UTF-8"?>
<gpx xmlns="http://www.topografix.com/GPX/1/1" xmlns:xsi="http://www.w3.org/2001/XMLSchema-instance" xsi:schemaLocation="http://www.topografix.com/GPX/1/1 http://www.topografix.com/GPX/1/1/gpx.xsd" version="1.1" creator="gpx.py -- https://github.com/tkrajina/gpxpy">
  <wpt lat="18.7807907" lon="99.016804">
    <name>Chiang Mai</name>
  </wpt>
  <wpt lat="18.278589" lon="99.4744567">
    <name>Nakhon Lampang</name>
  </wpt>
  <wpt lat="17.6203598" lon="100.0972647">
    <name>Uttaradit</name>
  </wpt>
  <wpt lat="16.825493" lon="100.2659223">
    <name>Phitsanulok</name>
  </wpt>
  <wpt lat="15.6654162" lon="100.1578964">
    <name>Nakhon Sawan</name>
  </wpt>
  <wpt lat="14.8024569" lon="100.6146056">
    <name>Lop Buri</name>
  </wpt>
  <wpt lat="14.3567376" lon="100.5831807">
    <name>Ayutthaya</name>
  </wpt>
  <wpt lat="13.7453083" lon="100.5173016">
    <name>Bangkok</name>
  </wpt>
  <trk>
    <name>Chiang Mai - Bangkok (Vies regionals)</name>
    <trkseg>
      <trkpt lat="18.7807907" lon="99.016804">
      </trkpt>
      <trkpt lat="18.7805174" lon="99.016823">
      </trkpt>
      <trkpt lat="18.78024" lon="99.0168549">
      </trkpt>
      <trkpt lat="18.7799365" lon="99.0168898">
      </trkpt>
      <trkpt lat="18.7794923" lon="99.0169844">
      </trkpt>
      <trkpt lat="18.7787434" lon="99.0171011">
      </trkpt>
      <trkpt lat="18.7782631" lon="99.017164">
      </trkpt>
      <trkpt lat="18.7778133" lon="99.0171817">
      </trkpt>
      <trkpt lat="18.7761662" lon="99.0171868">
      </trkpt>
      <trkpt lat="18.7706259" lon="99.0172186">
      </trkpt>
      <trkpt lat="18.7685717" lon="99.0172493">
      </trkpt>
      <trkpt lat="18.7683614" lon="99.0172592">
      </trkpt>
      <trkpt lat="18.7680653" lon="99.0172899">
      </trkpt>
      <trkpt lat="18.7678385" lon="99.0173155">
      </trkpt>
      <trkpt lat="18.767543" lon="99.0173672">
      </trkpt>
      <trkpt lat="18.7673236" lon="99.0174086">
      </trkpt>
      <trkpt lat="18.7671159" lon="99.0174544">
      </trkpt>
      <trkpt lat="18.7668691" lon="99.0175092">
      </trkpt>
      <trkpt lat="18.7666687" lon="99.0175646">
      </trkpt>
      <trkpt lat="18.7664795" lon="99.0176245">
      </trkpt>
      <trkpt lat="18.7662383" lon="99.0177032">
      </trkpt>
      <trkpt lat="18.7659899" lon="99.0177969">
      </trkpt>
      <trkpt lat="18.7656973" lon="99.017918">
      </trkpt>
      <trkpt lat="18.7632377" lon="99.0189864">
      </trkpt>
      <trkpt lat="18.7614159" lon="99.019768">
      </trkpt>
      <trkpt lat="18.7588072" lon="99.0209263">
      </trkpt>
      <trkpt lat="18.7546963" lon="99.0226924">
      </trkpt>
      <trkpt lat="18.7480912" lon="99.02553">
      </trkpt>
      <trkpt lat="18.7470656" lon="99.0259688">
      </trkpt>
      <trkpt lat="18.7449462" lon="99.0268628">
      </trkpt>
      <trkpt lat="18.7379257" lon="99.0299098">
      </trkpt>
      <trkpt lat="18.7351087" lon="99.031039">
      </trkpt>
      <trkpt lat="18.7336094" lon="99.031679">
      </trkpt>
      <trkpt lat="18.7322283" lon="99.032293">
      </trkpt>
      <trkpt lat="18.7303149" lon="99.0331127">
      </trkpt>
      <trkpt lat="18.7284155" lon="99.0339867">
      </trkpt>
      <trkpt lat="18.7247982" lon="99.0355317">
      </trkpt>
      <trkpt lat="18.7198498" lon="99.0376774">
      </trkpt>
      <trkpt lat="18.716232" lon="99.0392021">
      </trkpt>
      <trkpt lat="18.7124951" lon="99.040801">
      </trkpt>
      <trkpt lat="18.7115745" lon="99.0411949">
      </trkpt>
      <trkpt lat="18.7112293" lon="99.0413426">
      </trkpt>
      <trkpt lat="18.7110125" lon="99.0414387">
      </trkpt>
      <trkpt lat="18.7101912" lon="99.041803">
      </trkpt>
      <trkpt lat="18.709348" lon="99.0421677">
      </trkpt>
      <trkpt lat="18.7089951" lon="99.0423204">
      </trkpt>
      <trkpt lat="18.7084948" lon="99.0425358">
      </trkpt>
      <trkpt lat="18.7077368" lon="99.0428623">
      </trkpt>
      <trkpt lat="18.7049492" lon="99.0440355">
      </trkpt>
      <trkpt lat="18.7027212" lon="99.0450011">
      </trkpt>
      <trkpt lat="18.7024468" lon="99.0451119">
      </trkpt>
      <trkpt lat="18.7020318" lon="99.0452752">
      </trkpt>
      <trkpt lat="18.7016922" lon="99.0453879">
      </trkpt>
      <trkpt lat="18.7013572" lon="99.0454793">
      </trkpt>
      <trkpt lat="18.7010063" lon="99.0455697">
      </trkpt>
      <trkpt lat="18.7006792" lon="99.0456295">
      </trkpt>
      <trkpt lat="18.7003087" lon="99.0456862">
      </trkpt>
      <trkpt lat="18.6999274" lon="99.0457237">
      </trkpt>
      <trkpt lat="18.699616" lon="99.0457439">
      </trkpt>
      <trkpt lat="18.69928" lon="99.0457568">
      </trkpt>
      <trkpt lat="18.6990402" lon="99.0457507">
      </trkpt>
      <trkpt lat="18.6988042" lon="99.0457369">
      </trkpt>
      <trkpt lat="18.6985531" lon="99.0457213">
      </trkpt>
      <trkpt lat="18.6983069" lon="99.0457077">
      </trkpt>
      <trkpt lat="18.6935991" lon="99.0454016">
      </trkpt>
      <trkpt lat="18.6875337" lon="99.0450263">
      </trkpt>
      <trkpt lat="18.6835339" lon="99.0447347">
      </trkpt>
      <trkpt lat="18.6815286" lon="99.0446143">
      </trkpt>
      <trkpt lat="18.6809206" lon="99.0445804">
      </trkpt>
      <trkpt lat="18.6799877" lon="99.044524">
      </trkpt>
      <trkpt lat="18.679405" lon="99.0444987">
      </trkpt>
      <trkpt lat="18.6791098" lon="99.044485">
      </trkpt>
      <trkpt lat="18.6788757" lon="99.0444825">
      </trkpt>
      <trkpt lat="18.6776288" lon="99.0444686">
      </trkpt>
      <trkpt lat="18.6749691" lon="99.044452">
      </trkpt>
      <trkpt lat="18.6509748" lon="99.0444958">
      </trkpt>
      <trkpt lat="18.649121" lon="99.044488">
      </trkpt>
      <trkpt lat="18.6487904" lon="99.0444834">
      </trkpt>
      <trkpt lat="18.6486527" lon="99.0444858">
      </trkpt>
      <trkpt lat="18.6477627" lon="99.0444874">
      </trkpt>
      <trkpt lat="18.6476262" lon="99.0444895">
      </trkpt>
      <trkpt lat="18.6470727" lon="99.0444991">
      </trkpt>
      <trkpt lat="18.646663" lon="99.0444875">
      </trkpt>
      <trkpt lat="18.6462295" lon="99.0444675">
      </trkpt>
      <trkpt lat="18.6458461" lon="99.0444142">
      </trkpt>
      <trkpt lat="18.6454767" lon="99.0443502">
      </trkpt>
      <trkpt lat="18.6451384" lon="99.0442791">
      </trkpt>
      <trkpt lat="18.6447001" lon="99.0441709">
      </trkpt>
      <trkpt lat="18.6399158" lon="99.0428674">
      </trkpt>
      <trkpt lat="18.6380103" lon="99.0423627">
      </trkpt>
      <trkpt lat="18.6375979" lon="99.0422493">
      </trkpt>
      <trkpt lat="18.6371368" lon="99.0421215">
      </trkpt>
      <trkpt lat="18.6364129" lon="99.0419206">
      </trkpt>
      <trkpt lat="18.6362275" lon="99.0418649">
      </trkpt>
      <trkpt lat="18.6304057" lon="99.0402838">
      </trkpt>
      <trkpt lat="18.6301438" lon="99.0401949">
      </trkpt>
      <trkpt lat="18.6298661" lon="99.0400914">
      </trkpt>
      <trkpt lat="18.6296538" lon="99.0400042">
      </trkpt>
      <trkpt lat="18.6294083" lon="99.039882">
      </trkpt>
      <trkpt lat="18.6291684" lon="99.0397653">
      </trkpt>
      <trkpt lat="18.6288967" lon="99.0396296">
      </trkpt>
      <trkpt lat="18.6286122" lon="99.0394661">
      </trkpt>
      <trkpt lat="18.6283424" lon="99.0392957">
      </trkpt>
      <trkpt lat="18.6279912" lon="99.0390603">
      </trkpt>
      <trkpt lat="18.6248269" lon="99.0367385">
      </trkpt>
      <trkpt lat="18.622343" lon="99.0349234">
      </trkpt>
      <trkpt lat="18.6216831" lon="99.0344036">
      </trkpt>
      <trkpt lat="18.615433" lon="99.0297984">
      </trkpt>
      <trkpt lat="18.6141468" lon="99.0288811">
      </trkpt>
      <trkpt lat="18.6133639" lon="99.0283822">
      </trkpt>
      <trkpt lat="18.6125403" lon="99.0279316">
      </trkpt>
      <trkpt lat="18.6118591" lon="99.0275751">
      </trkpt>
      <trkpt lat="18.6117229" lon="99.0275018">
      </trkpt>
      <trkpt lat="18.611637" lon="99.0274556">
      </trkpt>
      <trkpt lat="18.6115228" lon="99.0273941">
      </trkpt>
      <trkpt lat="18.6114828" lon="99.0273726">
      </trkpt>
      <trkpt lat="18.6099679" lon="99.0266387">
      </trkpt>
      <trkpt lat="18.6088754" lon="99.0261113">
      </trkpt>
      <trkpt lat="18.6086959" lon="99.0260246">
      </trkpt>
      <trkpt lat="18.6068418" lon="99.0251331">
      </trkpt>
      <trkpt lat="18.6056588" lon="99.0245585">
      </trkpt>
      <trkpt lat="18.6013169" lon="99.0224713">
      </trkpt>
      <trkpt lat="18.5989134" lon="99.0212976">
      </trkpt>
      <trkpt lat="18.5985762" lon="99.0211391">
      </trkpt>
      <trkpt lat="18.5982912" lon="99.0210444">
      </trkpt>
      <trkpt lat="18.5979884" lon="99.0209595">
      </trkpt>
      <trkpt lat="18.5976797" lon="99.0209114">
      </trkpt>
      <trkpt lat="18.5974584" lon="99.0208826">
      </trkpt>
      <trkpt lat="18.5970136" lon="99.0208748">
      </trkpt>
      <trkpt lat="18.5966983" lon="99.0208972">
      </trkpt>
      <trkpt lat="18.5958017" lon="99.0209608">
      </trkpt>
      <trkpt lat="18.5950162" lon="99.0210165">
      </trkpt>
      <trkpt lat="18.5937573" lon="99.0210889">
      </trkpt>
      <trkpt lat="18.5930846" lon="99.0211324">
      </trkpt>
      <trkpt lat="18.5927147" lon="99.021157">
      </trkpt>
      <trkpt lat="18.5918451" lon="99.0212149">
      </trkpt>
      <trkpt lat="18.5917482" lon="99.021205">
      </trkpt>
      <trkpt lat="18.5885093" lon="99.0214037">
      </trkpt>
      <trkpt lat="18.5865569" lon="99.021506">
      </trkpt>
      <trkpt lat="18.585785" lon="99.0215582">
      </trkpt>
      <trkpt lat="18.5846943" lon="99.0216376">
      </trkpt>
      <trkpt lat="18.5839439" lon="99.021677">
      </trkpt>
      <trkpt lat="18.5836048" lon="99.0217007">
      </trkpt>
      <trkpt lat="18.5824707" lon="99.021811">
      </trkpt>
      <trkpt lat="18.582166" lon="99.0218516">
      </trkpt>
      <trkpt lat="18.5818136" lon="99.0219141">
      </trkpt>
      <trkpt lat="18.581483" lon="99.0219978">
      </trkpt>
      <trkpt lat="18.5811713" lon="99.0220929">
      </trkpt>
      <trkpt lat="18.5808879" lon="99.0221879">
      </trkpt>
      <trkpt lat="18.5805495" lon="99.0223102">
      </trkpt>
      <trkpt lat="18.5801917" lon="99.0224682">
      </trkpt>
      <trkpt lat="18.5797821" lon="99.0226694">
      </trkpt>
      <trkpt lat="18.5793695" lon="99.0228767">
      </trkpt>
      <trkpt lat="18.5788365" lon="99.0232097">
      </trkpt>
      <trkpt lat="18.5784202" lon="99.0235242">
      </trkpt>
      <trkpt lat="18.5780723" lon="99.0238003">
      </trkpt>
      <trkpt lat="18.5776955" lon="99.0241319">
      </trkpt>
      <trkpt lat="18.5743585" lon="99.0274305">
      </trkpt>
      <trkpt lat="18.5722854" lon="99.0294386">
      </trkpt>
      <trkpt lat="18.5647794" lon="99.0368994">
      </trkpt>
      <trkpt lat="18.5581681" lon="99.0434506">
      </trkpt>
      <trkpt lat="18.5576393" lon="99.0439275">
      </trkpt>
      <trkpt lat="18.5571663" lon="99.0443307">
      </trkpt>
      <trkpt lat="18.5567674" lon="99.0446395">
      </trkpt>
      <trkpt lat="18.5561991" lon="99.045015">
      </trkpt>
      <trkpt lat="18.5558469" lon="99.0452349">
      </trkpt>
      <trkpt lat="18.5553116" lon="99.0455085">
      </trkpt>
      <trkpt lat="18.5548311" lon="99.0457419">
      </trkpt>
      <trkpt lat="18.554292" lon="99.045931">
      </trkpt>
      <trkpt lat="18.5532978" lon="99.0462086">
      </trkpt>
      <trkpt lat="18.547234" lon="99.0477455">
      </trkpt>
      <trkpt lat="18.5419422" lon="99.049068">
      </trkpt>
      <trkpt lat="18.538924" lon="99.049839">
      </trkpt>
      <trkpt lat="18.5381759" lon="99.0500126">
      </trkpt>
      <trkpt lat="18.5315948" lon="99.0516883">
      </trkpt>
      <trkpt lat="18.5284282" lon="99.0524814">
      </trkpt>
      <trkpt lat="18.5281431" lon="99.0525474">
      </trkpt>
      <trkpt lat="18.5278653" lon="99.0526122">
      </trkpt>
      <trkpt lat="18.527566" lon="99.052668">
      </trkpt>
      <trkpt lat="18.5272679" lon="99.0527243">
      </trkpt>
      <trkpt lat="18.5269379" lon="99.0527724">
      </trkpt>
      <trkpt lat="18.5265197" lon="99.0527957">
      </trkpt>
      <trkpt lat="18.5260742" lon="99.0528093">
      </trkpt>
      <trkpt lat="18.5229626" lon="99.0528647">
      </trkpt>
      <trkpt lat="18.5225205" lon="99.0528362">
      </trkpt>
      <trkpt lat="18.5220676" lon="99.0527829">
      </trkpt>
      <trkpt lat="18.5214819" lon="99.0526654">
      </trkpt>
      <trkpt lat="18.5212583" lon="99.0525958">
      </trkpt>
      <trkpt lat="18.521049" lon="99.0525149">
      </trkpt>
      <trkpt lat="18.5207548" lon="99.0523923">
      </trkpt>
      <trkpt lat="18.5198433" lon="99.0519379">
      </trkpt>
      <trkpt lat="18.5196763" lon="99.0518654">
      </trkpt>
      <trkpt lat="18.5195102" lon="99.0518026">
      </trkpt>
      <trkpt lat="18.5192643" lon="99.0517462">
      </trkpt>
      <trkpt lat="18.519041" lon="99.0517143">
      </trkpt>
      <trkpt lat="18.5188323" lon="99.0517002">
      </trkpt>
      <trkpt lat="18.5185738" lon="99.051701">
      </trkpt>
      <trkpt lat="18.5183738" lon="99.0517259">
      </trkpt>
      <trkpt lat="18.5181042" lon="99.0517838">
      </trkpt>
      <trkpt lat="18.5178991" lon="99.0518459">
      </trkpt>
      <trkpt lat="18.5176635" lon="99.0519491">
      </trkpt>
      <trkpt lat="18.517456" lon="99.0520604">
      </trkpt>
      <trkpt lat="18.5172902" lon="99.0521697">
      </trkpt>
      <trkpt lat="18.5171114" lon="99.0523227">
      </trkpt>
      <trkpt lat="18.5169264" lon="99.0525163">
      </trkpt>
      <trkpt lat="18.5167348" lon="99.0527364">
      </trkpt>
      <trkpt lat="18.5165445" lon="99.0530165">
      </trkpt>
      <trkpt lat="18.5164224" lon="99.0532194">
      </trkpt>
      <trkpt lat="18.5158847" lon="99.0541581">
      </trkpt>
      <trkpt lat="18.5157824" lon="99.0543024">
      </trkpt>
      <trkpt lat="18.5156717" lon="99.0544453">
      </trkpt>
      <trkpt lat="18.5155225" lon="99.0546086">
      </trkpt>
      <trkpt lat="18.5153583" lon="99.0547653">
      </trkpt>
      <trkpt lat="18.5151963" lon="99.0548899">
      </trkpt>
      <trkpt lat="18.5150199" lon="99.0550205">
      </trkpt>
      <trkpt lat="18.5148017" lon="99.0551452">
      </trkpt>
      <trkpt lat="18.5145733" lon="99.0552512">
      </trkpt>
      <trkpt lat="18.5143586" lon="99.0553203">
      </trkpt>
      <trkpt lat="18.5140997" lon="99.0553614">
      </trkpt>
      <trkpt lat="18.5112901" lon="99.0554714">
      </trkpt>
      <trkpt lat="18.5076409" lon="99.0556412">
      </trkpt>
      <trkpt lat="18.5072874" lon="99.0556802">
      </trkpt>
      <trkpt lat="18.5069786" lon="99.0557327">
      </trkpt>
      <trkpt lat="18.5066737" lon="99.0558037">
      </trkpt>
      <trkpt lat="18.5063109" lon="99.0559257">
      </trkpt>
      <trkpt lat="18.5059431" lon="99.0560632">
      </trkpt>
      <trkpt lat="18.5055881" lon="99.0562378">
      </trkpt>
      <trkpt lat="18.5052349" lon="99.056464">
      </trkpt>
      <trkpt lat="18.5049073" lon="99.0566908">
      </trkpt>
      <trkpt lat="18.5046759" lon="99.0568714">
      </trkpt>
      <trkpt lat="18.5043752" lon="99.0571728">
      </trkpt>
      <trkpt lat="18.5041017" lon="99.0574208">
      </trkpt>
      <trkpt lat="18.5038719" lon="99.0576775">
      </trkpt>
      <trkpt lat="18.5035576" lon="99.0579819">
      </trkpt>
      <trkpt lat="18.5032045" lon="99.0582977">
      </trkpt>
      <trkpt lat="18.5029055" lon="99.0585545">
      </trkpt>
      <trkpt lat="18.502584" lon="99.0587679">
      </trkpt>
      <trkpt lat="18.5022871" lon="99.0589393">
      </trkpt>
      <trkpt lat="18.5019572" lon="99.0591129">
      </trkpt>
      <trkpt lat="18.5016144" lon="99.0592493">
      </trkpt>
      <trkpt lat="18.5012545" lon="99.0593672">
      </trkpt>
      <trkpt lat="18.5009311" lon="99.0594369">
      </trkpt>
      <trkpt lat="18.5005615" lon="99.0594952">
      </trkpt>
      <trkpt lat="18.5000993" lon="99.0595458">
      </trkpt>
      <trkpt lat="18.4995486" lon="99.0595516">
      </trkpt>
      <trkpt lat="18.4986656" lon="99.0594967">
      </trkpt>
      <trkpt lat="18.4983607" lon="99.0594881">
      </trkpt>
      <trkpt lat="18.4980571" lon="99.0594867">
      </trkpt>
      <trkpt lat="18.4975718" lon="99.0595107">
      </trkpt>
      <trkpt lat="18.4972685" lon="99.0595414">
      </trkpt>
      <trkpt lat="18.4969063" lon="99.0595961">
      </trkpt>
      <trkpt lat="18.496607" lon="99.0596826">
      </trkpt>
      <trkpt lat="18.4962311" lon="99.0597989">
      </trkpt>
      <trkpt lat="18.495242" lon="99.0601664">
      </trkpt>
      <trkpt lat="18.4948906" lon="99.0602725">
      </trkpt>
      <trkpt lat="18.4945208" lon="99.0603539">
      </trkpt>
      <trkpt lat="18.4943934" lon="99.0603766">
      </trkpt>
      <trkpt lat="18.4942586" lon="99.0603942">
      </trkpt>
      <trkpt lat="18.4941211" lon="99.0604059">
      </trkpt>
      <trkpt lat="18.4934846" lon="99.0604344">
      </trkpt>
      <trkpt lat="18.4932617" lon="99.0604296">
      </trkpt>
      <trkpt lat="18.4930779" lon="99.0604176">
      </trkpt>
      <trkpt lat="18.492845" lon="99.0603891">
      </trkpt>
      <trkpt lat="18.4913021" lon="99.0601763">
      </trkpt>
      <trkpt lat="18.4909248" lon="99.0601254">
      </trkpt>
      <trkpt lat="18.4906218" lon="99.0601053">
      </trkpt>
      <trkpt lat="18.4903554" lon="99.0601013">
      </trkpt>
      <trkpt lat="18.4901013" lon="99.0601099">
      </trkpt>
      <trkpt lat="18.4898053" lon="99.0601434">
      </trkpt>
      <trkpt lat="18.4892122" lon="99.0602281">
      </trkpt>
      <trkpt lat="18.4887954" lon="99.060272">
      </trkpt>
      <trkpt lat="18.4883914" lon="99.0602931">
      </trkpt>
      <trkpt lat="18.4879082" lon="99.0602726">
      </trkpt>
      <trkpt lat="18.4874585" lon="99.0602038">
      </trkpt>
      <trkpt lat="18.4870369" lon="99.0601091">
      </trkpt>
      <trkpt lat="18.4866498" lon="99.0599651">
      </trkpt>
      <trkpt lat="18.4863315" lon="99.059845">
      </trkpt>
      <trkpt lat="18.4860275" lon="99.0596978">
      </trkpt>
      <trkpt lat="18.4857305" lon="99.0595299">
      </trkpt>
      <trkpt lat="18.4848251" lon="99.0589752">
      </trkpt>
      <trkpt lat="18.4845171" lon="99.0588189">
      </trkpt>
      <trkpt lat="18.4842462" lon="99.0586984">
      </trkpt>
      <trkpt lat="18.4839922" lon="99.0585989">
      </trkpt>
      <trkpt lat="18.4837407" lon="99.0585159">
      </trkpt>
      <trkpt lat="18.4834627" lon="99.0584442">
      </trkpt>
      <trkpt lat="18.4832105" lon="99.058389">
      </trkpt>
      <trkpt lat="18.4829151" lon="99.0583478">
      </trkpt>
      <trkpt lat="18.4826064" lon="99.0583278">
      </trkpt>
      <trkpt lat="18.4822557" lon="99.0583263">
      </trkpt>
      <trkpt lat="18.481858" lon="99.0583555">
      </trkpt>
      <trkpt lat="18.480379" lon="99.0585612">
      </trkpt>
      <trkpt lat="18.4803724" lon="99.058562">
      </trkpt>
      <trkpt lat="18.4780029" lon="99.0589121">
      </trkpt>
      <trkpt lat="18.4776428" lon="99.0589481">
      </trkpt>
      <trkpt lat="18.4773433" lon="99.058953">
      </trkpt>
      <trkpt lat="18.4769638" lon="99.058939">
      </trkpt>
      <trkpt lat="18.4766076" lon="99.0588996">
      </trkpt>
      <trkpt lat="18.4762695" lon="99.0588411">
      </trkpt>
      <trkpt lat="18.4758769" lon="99.0587558">
      </trkpt>
      <trkpt lat="18.4755228" lon="99.0586415">
      </trkpt>
      <trkpt lat="18.4751537" lon="99.0584775">
      </trkpt>
      <trkpt lat="18.4734606" lon="99.0574349">
      </trkpt>
      <trkpt lat="18.4730955" lon="99.0571785">
      </trkpt>
      <trkpt lat="18.4727727" lon="99.0569809">
      </trkpt>
      <trkpt lat="18.4724404" lon="99.0568046">
      </trkpt>
      <trkpt lat="18.4720602" lon="99.056657">
      </trkpt>
      <trkpt lat="18.4717487" lon="99.0565601">
      </trkpt>
      <trkpt lat="18.4714628" lon="99.0564928">
      </trkpt>
      <trkpt lat="18.471111" lon="99.0564354">
      </trkpt>
      <trkpt lat="18.4707385" lon="99.0563964">
      </trkpt>
      <trkpt lat="18.4702432" lon="99.0564003">
      </trkpt>
      <trkpt lat="18.4657561" lon="99.0566144">
      </trkpt>
      <trkpt lat="18.4656092" lon="99.0566295">
      </trkpt>
      <trkpt lat="18.465454" lon="99.0566539">
      </trkpt>
      <trkpt lat="18.4634963" lon="99.0569347">
      </trkpt>
      <trkpt lat="18.4626511" lon="99.0570528">
      </trkpt>
      <trkpt lat="18.4622152" lon="99.0571137">
      </trkpt>
      <trkpt lat="18.461716" lon="99.0571774">
      </trkpt>
      <trkpt lat="18.4606511" lon="99.0573132">
      </trkpt>
      <trkpt lat="18.4604192" lon="99.0573428">
      </trkpt>
      <trkpt lat="18.4585041" lon="99.0576505">
      </trkpt>
      <trkpt lat="18.4582141" lon="99.0576809">
      </trkpt>
      <trkpt lat="18.4579169" lon="99.0577023">
      </trkpt>
      <trkpt lat="18.4575856" lon="99.057711">
      </trkpt>
      <trkpt lat="18.4549284" lon="99.0577422">
      </trkpt>
      <trkpt lat="18.4545194" lon="99.0577369">
      </trkpt>
      <trkpt lat="18.4542146" lon="99.0577265">
      </trkpt>
      <trkpt lat="18.4538685" lon="99.0576882">
      </trkpt>
      <trkpt lat="18.4535838" lon="99.0576377">
      </trkpt>
      <trkpt lat="18.4532784" lon="99.0575756">
      </trkpt>
      <trkpt lat="18.4529261" lon="99.0574615">
      </trkpt>
      <trkpt lat="18.4526463" lon="99.057369">
      </trkpt>
      <trkpt lat="18.4524697" lon="99.0573025">
      </trkpt>
      <trkpt lat="18.4522957" lon="99.0572199">
      </trkpt>
      <trkpt lat="18.4521164" lon="99.0571286">
      </trkpt>
      <trkpt lat="18.4519018" lon="99.0570041">
      </trkpt>
      <trkpt lat="18.4505518" lon="99.0561755">
      </trkpt>
      <trkpt lat="18.4503173" lon="99.0560359">
      </trkpt>
      <trkpt lat="18.4501046" lon="99.0559206">
      </trkpt>
      <trkpt lat="18.4499275" lon="99.0558318">
      </trkpt>
      <trkpt lat="18.4497283" lon="99.0557493">
      </trkpt>
      <trkpt lat="18.4494901" lon="99.0556474">
      </trkpt>
      <trkpt lat="18.4470555" lon="99.0546652">
      </trkpt>
      <trkpt lat="18.4468959" lon="99.0546026">
      </trkpt>
      <trkpt lat="18.4467176" lon="99.0545154">
      </trkpt>
      <trkpt lat="18.4465501" lon="99.0544165">
      </trkpt>
      <trkpt lat="18.4462472" lon="99.0542348">
      </trkpt>
      <trkpt lat="18.4461177" lon="99.0541403">
      </trkpt>
      <trkpt lat="18.4459747" lon="99.0540377">
      </trkpt>
      <trkpt lat="18.4457872" lon="99.0538847">
      </trkpt>
      <trkpt lat="18.4448712" lon="99.0530802">
      </trkpt>
      <trkpt lat="18.4446986" lon="99.0529413">
      </trkpt>
      <trkpt lat="18.444559" lon="99.0528382">
      </trkpt>
      <trkpt lat="18.4444285" lon="99.0527703">
      </trkpt>
      <trkpt lat="18.444257" lon="99.0527028">
      </trkpt>
      <trkpt lat="18.4441287" lon="99.0526622">
      </trkpt>
      <trkpt lat="18.4439805" lon="99.0526259">
      </trkpt>
      <trkpt lat="18.4438145" lon="99.0525993">
      </trkpt>
      <trkpt lat="18.4436634" lon="99.0525893">
      </trkpt>
      <trkpt lat="18.4435105" lon="99.0525938">
      </trkpt>
      <trkpt lat="18.4433598" lon="99.0526077">
      </trkpt>
      <trkpt lat="18.4432095" lon="99.0526337">
      </trkpt>
      <trkpt lat="18.4430638" lon="99.0526719">
      </trkpt>
      <trkpt lat="18.4429208" lon="99.0527318">
      </trkpt>
      <trkpt lat="18.4427951" lon="99.0527892">
      </trkpt>
      <trkpt lat="18.4426569" lon="99.0528757">
      </trkpt>
      <trkpt lat="18.4425341" lon="99.0529684">
      </trkpt>
      <trkpt lat="18.4424145" lon="99.053072">
      </trkpt>
      <trkpt lat="18.4423097" lon="99.0531858">
      </trkpt>
      <trkpt lat="18.4421701" lon="99.0533646">
      </trkpt>
      <trkpt lat="18.4420766" lon="99.0535053">
      </trkpt>
      <trkpt lat="18.4419773" lon="99.053694">
      </trkpt>
      <trkpt lat="18.4419113" lon="99.0538473">
      </trkpt>
      <trkpt lat="18.4413771" lon="99.0552292">
      </trkpt>
      <trkpt lat="18.4412924" lon="99.0554774">
      </trkpt>
      <trkpt lat="18.4412443" lon="99.0556228">
      </trkpt>
      <trkpt lat="18.4411865" lon="99.0557976">
      </trkpt>
      <trkpt lat="18.4411107" lon="99.0561098">
      </trkpt>
      <trkpt lat="18.4410435" lon="99.0565104">
      </trkpt>
      <trkpt lat="18.4410053" lon="99.0568655">
      </trkpt>
      <trkpt lat="18.4409938" lon="99.0572033">
      </trkpt>
      <trkpt lat="18.4409948" lon="99.0575367">
      </trkpt>
      <trkpt lat="18.4410076" lon="99.057855">
      </trkpt>
      <trkpt lat="18.4410493" lon="99.0581879">
      </trkpt>
      <trkpt lat="18.4413734" lon="99.0600197">
      </trkpt>
      <trkpt lat="18.4414437" lon="99.0602962">
      </trkpt>
      <trkpt lat="18.441503" lon="99.0604954">
      </trkpt>
      <trkpt lat="18.4415805" lon="99.060731">
      </trkpt>
      <trkpt lat="18.4416791" lon="99.0609913">
      </trkpt>
      <trkpt lat="18.4417741" lon="99.0611978">
      </trkpt>
      <trkpt lat="18.4418788" lon="99.0614023">
      </trkpt>
      <trkpt lat="18.4419985" lon="99.061623">
      </trkpt>
      <trkpt lat="18.4421284" lon="99.061848">
      </trkpt>
      <trkpt lat="18.4422914" lon="99.0620872">
      </trkpt>
      <trkpt lat="18.4424632" lon="99.0623122">
      </trkpt>
      <trkpt lat="18.4452281" lon="99.0655146">
      </trkpt>
      <trkpt lat="18.4484074" lon="99.0691731">
      </trkpt>
      <trkpt lat="18.4486766" lon="99.0694965">
      </trkpt>
      <trkpt lat="18.4489255" lon="99.0697919">
      </trkpt>
      <trkpt lat="18.4491631" lon="99.0700968">
      </trkpt>
      <trkpt lat="18.4493674" lon="99.0703666">
      </trkpt>
      <trkpt lat="18.4494977" lon="99.0705717">
      </trkpt>
      <trkpt lat="18.4496289" lon="99.0708029">
      </trkpt>
      <trkpt lat="18.449781" lon="99.071095">
      </trkpt>
      <trkpt lat="18.4499663" lon="99.0714753">
      </trkpt>
      <trkpt lat="18.4500892" lon="99.0717719">
      </trkpt>
      <trkpt lat="18.4501719" lon="99.0719829">
      </trkpt>
      <trkpt lat="18.4502626" lon="99.0722422">
      </trkpt>
      <trkpt lat="18.4503483" lon="99.0725095">
      </trkpt>
      <trkpt lat="18.4504488" lon="99.0728349">
      </trkpt>
      <trkpt lat="18.4518299" lon="99.0777396">
      </trkpt>
      <trkpt lat="18.4529289" lon="99.0815693">
      </trkpt>
      <trkpt lat="18.4530335" lon="99.0818944">
      </trkpt>
      <trkpt lat="18.4531232" lon="99.0821368">
      </trkpt>
      <trkpt lat="18.4532528" lon="99.0824324">
      </trkpt>
      <trkpt lat="18.4533618" lon="99.0826462">
      </trkpt>
      <trkpt lat="18.4534929" lon="99.0828734">
      </trkpt>
      <trkpt lat="18.4536526" lon="99.0831338">
      </trkpt>
      <trkpt lat="18.4538428" lon="99.0834225">
      </trkpt>
      <trkpt lat="18.4549145" lon="99.0848654">
      </trkpt>
      <trkpt lat="18.4551496" lon="99.0852073">
      </trkpt>
      <trkpt lat="18.4553295" lon="99.085494">
      </trkpt>
      <trkpt lat="18.455507" lon="99.0858333">
      </trkpt>
      <trkpt lat="18.455706" lon="99.0863101">
      </trkpt>
      <trkpt lat="18.4558297" lon="99.086696">
      </trkpt>
      <trkpt lat="18.4559346" lon="99.0871254">
      </trkpt>
      <trkpt lat="18.4560045" lon="99.0875278">
      </trkpt>
      <trkpt lat="18.4560423" lon="99.0879797">
      </trkpt>
      <trkpt lat="18.4560599" lon="99.0883236">
      </trkpt>
      <trkpt lat="18.4560453" lon="99.0887182">
      </trkpt>
      <trkpt lat="18.4560019" lon="99.0891385">
      </trkpt>
      <trkpt lat="18.4559519" lon="99.0894584">
      </trkpt>
      <trkpt lat="18.455885" lon="99.0897978">
      </trkpt>
      <trkpt lat="18.4554362" lon="99.09164">
      </trkpt>
      <trkpt lat="18.4530797" lon="99.101078">
      </trkpt>
      <trkpt lat="18.4529845" lon="99.1014839">
      </trkpt>
      <trkpt lat="18.4528998" lon="99.1018999">
      </trkpt>
      <trkpt lat="18.4528406" lon="99.1023678">
      </trkpt>
      <trkpt lat="18.4527996" lon="99.1028128">
      </trkpt>
      <trkpt lat="18.4527857" lon="99.1032214">
      </trkpt>
      <trkpt lat="18.4527966" lon="99.1036528">
      </trkpt>
      <trkpt lat="18.4529288" lon="99.1061936">
      </trkpt>
      <trkpt lat="18.4531461" lon="99.1097794">
      </trkpt>
      <trkpt lat="18.4531512" lon="99.1103231">
      </trkpt>
      <trkpt lat="18.4531224" lon="99.1107568">
      </trkpt>
      <trkpt lat="18.4530626" lon="99.1113675">
      </trkpt>
      <trkpt lat="18.4528092" lon="99.1129659">
      </trkpt>
      <trkpt lat="18.4521747" lon="99.1165474">
      </trkpt>
      <trkpt lat="18.4520899" lon="99.1175291">
      </trkpt>
      <trkpt lat="18.4521388" lon="99.1195587">
      </trkpt>
      <trkpt lat="18.4521935" lon="99.1211895">
      </trkpt>
      <trkpt lat="18.4522576" lon="99.1218204">
      </trkpt>
      <trkpt lat="18.4523884" lon="99.1223855">
      </trkpt>
      <trkpt lat="18.4525792" lon="99.123004">
      </trkpt>
      <trkpt lat="18.4527853" lon="99.1234308">
      </trkpt>
      <trkpt lat="18.4532094" lon="99.1240817">
      </trkpt>
      <trkpt lat="18.4557764" lon="99.1271202">
      </trkpt>
      <trkpt lat="18.4561694" lon="99.1276389">
      </trkpt>
      <trkpt lat="18.4566681" lon="99.1283491">
      </trkpt>
      <trkpt lat="18.4571057" lon="99.1291425">
      </trkpt>
      <trkpt lat="18.4585468" lon="99.1321297">
      </trkpt>
      <trkpt lat="18.4600249" lon="99.1353558">
      </trkpt>
      <trkpt lat="18.4605463" lon="99.1364921">
      </trkpt>
      <trkpt lat="18.4607798" lon="99.1369813">
      </trkpt>
      <trkpt lat="18.4613102" lon="99.1380926">
      </trkpt>
      <trkpt lat="18.4617297" lon="99.1390165">
      </trkpt>
      <trkpt lat="18.4623175" lon="99.1402177">
      </trkpt>
      <trkpt lat="18.4627627" lon="99.1411477">
      </trkpt>
      <trkpt lat="18.463152" lon="99.1419611">
      </trkpt>
      <trkpt lat="18.4643376" lon="99.1444413">
      </trkpt>
      <trkpt lat="18.4644722" lon="99.1447135">
      </trkpt>
      <trkpt lat="18.4644995" lon="99.1447734">
      </trkpt>
      <trkpt lat="18.4658562" lon="99.147753">
      </trkpt>
      <trkpt lat="18.466292" lon="99.1487291">
      </trkpt>
      <trkpt lat="18.4668318" lon="99.1501477">
      </trkpt>
      <trkpt lat="18.4683021" lon="99.1545133">
      </trkpt>
      <trkpt lat="18.4686274" lon="99.1552614">
      </trkpt>
      <trkpt lat="18.4696743" lon="99.1581834">
      </trkpt>
      <trkpt lat="18.4720495" lon="99.163763">
      </trkpt>
      <trkpt lat="18.4727017" lon="99.1652951">
      </trkpt>
      <trkpt lat="18.473369" lon="99.1667888">
      </trkpt>
      <trkpt lat="18.4754429" lon="99.1715461">
      </trkpt>
      <trkpt lat="18.4805933" lon="99.1803218">
      </trkpt>
      <trkpt lat="18.4808729" lon="99.18069">
      </trkpt>
      <trkpt lat="18.4811474" lon="99.1809727">
      </trkpt>
      <trkpt lat="18.4815091" lon="99.181278">
      </trkpt>
      <trkpt lat="18.4820436" lon="99.1816905">
      </trkpt>
      <trkpt lat="18.4838914" lon="99.1827438">
      </trkpt>
      <trkpt lat="18.4844673" lon="99.1831764">
      </trkpt>
      <trkpt lat="18.4849499" lon="99.1836938">
      </trkpt>
      <trkpt lat="18.4862735" lon="99.185415">
      </trkpt>
      <trkpt lat="18.4864393" lon="99.1856405">
      </trkpt>
      <trkpt lat="18.4872793" lon="99.1867258">
      </trkpt>
      <trkpt lat="18.4880803" lon="99.1877311">
      </trkpt>
      <trkpt lat="18.4888579" lon="99.1885395">
      </trkpt>
      <trkpt lat="18.4912015" lon="99.1909608">
      </trkpt>
      <trkpt lat="18.4923719" lon="99.1920562">
      </trkpt>
      <trkpt lat="18.4926931" lon="99.1923179">
      </trkpt>
      <trkpt lat="18.4930976" lon="99.1925848">
      </trkpt>
      <trkpt lat="18.4940314" lon="99.1931698">
      </trkpt>
      <trkpt lat="18.4948029" lon="99.193633">
      </trkpt>
      <trkpt lat="18.4954284" lon="99.1940405">
      </trkpt>
      <trkpt lat="18.4959793" lon="99.1944766">
      </trkpt>
      <trkpt lat="18.4977721" lon="99.1960865">
      </trkpt>
      <trkpt lat="18.4980146" lon="99.1963061">
      </trkpt>
      <trkpt lat="18.4985207" lon="99.1967785">
      </trkpt>
      <trkpt lat="18.4988636" lon="99.1971529">
      </trkpt>
      <trkpt lat="18.4992606" lon="99.1976625">
      </trkpt>
      <trkpt lat="18.4996495" lon="99.198214">
      </trkpt>
      <trkpt lat="18.4998905" lon="99.1985949">
      </trkpt>
      <trkpt lat="18.5002781" lon="99.1992238">
      </trkpt>
      <trkpt lat="18.5007669" lon="99.1999598">
      </trkpt>
      <trkpt lat="18.5010648" lon="99.2003447">
      </trkpt>
      <trkpt lat="18.5020346" lon="99.2013697">
      </trkpt>
      <trkpt lat="18.5042029" lon="99.2033197">
      </trkpt>
      <trkpt lat="18.5064882" lon="99.2054614">
      </trkpt>
      <trkpt lat="18.5074049" lon="99.2063298">
      </trkpt>
      <trkpt lat="18.5081311" lon="99.2070178">
      </trkpt>
      <trkpt lat="18.5083816" lon="99.207261">
      </trkpt>
      <trkpt lat="18.5092319" lon="99.2081345">
      </trkpt>
      <trkpt lat="18.509636" lon="99.2086899">
      </trkpt>
      <trkpt lat="18.5099012" lon="99.2092102">
      </trkpt>
      <trkpt lat="18.5101235" lon="99.2096832">
      </trkpt>
      <trkpt lat="18.5103208" lon="99.2103418">
      </trkpt>
      <trkpt lat="18.5107467" lon="99.2126465">
      </trkpt>
      <trkpt lat="18.5108443" lon="99.2131906">
      </trkpt>
      <trkpt lat="18.5113336" lon="99.215918">
      </trkpt>
      <trkpt lat="18.511302" lon="99.2165478">
      </trkpt>
      <trkpt lat="18.5112092" lon="99.2169401">
      </trkpt>
      <trkpt lat="18.5110284" lon="99.2173342">
      </trkpt>
      <trkpt lat="18.5108791" lon="99.2176548">
      </trkpt>
      <trkpt lat="18.5104827" lon="99.2184428">
      </trkpt>
      <trkpt lat="18.5101331" lon="99.2190508">
      </trkpt>
      <trkpt lat="18.50999" lon="99.2194725">
      </trkpt>
      <trkpt lat="18.5099093" lon="99.2199949">
      </trkpt>
      <trkpt lat="18.5099661" lon="99.2204955">
      </trkpt>
      <trkpt lat="18.5101331" lon="99.2209605">
      </trkpt>
      <trkpt lat="18.510341" lon="99.2213758">
      </trkpt>
      <trkpt lat="18.5106418" lon="99.221733">
      </trkpt>
      <trkpt lat="18.5111912" lon="99.222012">
      </trkpt>
      <trkpt lat="18.5125469" lon="99.2226193">
      </trkpt>
      <trkpt lat="18.5129412" lon="99.2229148">
      </trkpt>
      <trkpt lat="18.513149" lon="99.2231583">
      </trkpt>
      <trkpt lat="18.5133116" lon="99.223371">
      </trkpt>
      <trkpt lat="18.5134302" lon="99.2235521">
      </trkpt>
      <trkpt lat="18.5135437" lon="99.2239078">
      </trkpt>
      <trkpt lat="18.5136125" lon="99.2247156">
      </trkpt>
      <trkpt lat="18.5136352" lon="99.2263507">
      </trkpt>
      <trkpt lat="18.5136952" lon="99.2269027">
      </trkpt>
      <trkpt lat="18.5137949" lon="99.2273378">
      </trkpt>
      <trkpt lat="18.5139381" lon="99.2276768">
      </trkpt>
      <trkpt lat="18.514752" lon="99.2291359">
      </trkpt>
      <trkpt lat="18.5165222" lon="99.2317537">
      </trkpt>
      <trkpt lat="18.5167559" lon="99.232236">
      </trkpt>
      <trkpt lat="18.5168477" lon="99.2326979">
      </trkpt>
      <trkpt lat="18.5168404" lon="99.2331823">
      </trkpt>
      <trkpt lat="18.516746" lon="99.2336849">
      </trkpt>
      <trkpt lat="18.5165855" lon="99.234047">
      </trkpt>
      <trkpt lat="18.5163704" lon="99.2344016">
      </trkpt>
      <trkpt lat="18.5156496" lon="99.2351618">
      </trkpt>
      <trkpt lat="18.515283" lon="99.235505">
      </trkpt>
      <trkpt lat="18.5151612" lon="99.2355954">
      </trkpt>
      <trkpt lat="18.5149613" lon="99.2357438">
      </trkpt>
      <trkpt lat="18.5143654" lon="99.2359809">
      </trkpt>
      <trkpt lat="18.5137346" lon="99.2361096">
      </trkpt>
      <trkpt lat="18.5134216" lon="99.236254">
      </trkpt>
      <trkpt lat="18.5131853" lon="99.2364744">
      </trkpt>
      <trkpt lat="18.512976" lon="99.2367673">
      </trkpt>
      <trkpt lat="18.5127987" lon="99.2372254">
      </trkpt>
      <trkpt lat="18.5127593" lon="99.2376943">
      </trkpt>
      <trkpt lat="18.512819" lon="99.2382554">
      </trkpt>
      <trkpt lat="18.5129411" lon="99.2414741">
      </trkpt>
      <trkpt lat="18.5130309" lon="99.2419183">
      </trkpt>
      <trkpt lat="18.513226" lon="99.2423109">
      </trkpt>
      <trkpt lat="18.513816" lon="99.2428688">
      </trkpt>
      <trkpt lat="18.5145305" lon="99.2434761">
      </trkpt>
      <trkpt lat="18.5149108" lon="99.2438933">
      </trkpt>
      <trkpt lat="18.5152543" lon="99.244425">
      </trkpt>
      <trkpt lat="18.5154601" lon="99.2449421">
      </trkpt>
      <trkpt lat="18.5155252" lon="99.2454223">
      </trkpt>
      <trkpt lat="18.5154629" lon="99.2459464">
      </trkpt>
      <trkpt lat="18.5153624" lon="99.2463879">
      </trkpt>
      <trkpt lat="18.5150867" lon="99.2472509">
      </trkpt>
      <trkpt lat="18.5150343" lon="99.2477964">
      </trkpt>
      <trkpt lat="18.5152223" lon="99.2484785">
      </trkpt>
      <trkpt lat="18.5163461" lon="99.2498465">
      </trkpt>
      <trkpt lat="18.5165674" lon="99.2504551">
      </trkpt>
      <trkpt lat="18.5166364" lon="99.2510077">
      </trkpt>
      <trkpt lat="18.5166849" lon="99.2521171">
      </trkpt>
      <trkpt lat="18.5167437" lon="99.2525564">
      </trkpt>
      <trkpt lat="18.5168882" lon="99.2529207">
      </trkpt>
      <trkpt lat="18.5170952" lon="99.2532865">
      </trkpt>
      <trkpt lat="18.5177855" lon="99.2546781">
      </trkpt>
      <trkpt lat="18.5178699" lon="99.255031">
      </trkpt>
      <trkpt lat="18.5178618" lon="99.2553765">
      </trkpt>
      <trkpt lat="18.5177837" lon="99.2557005">
      </trkpt>
      <trkpt lat="18.5176726" lon="99.2559634">
      </trkpt>
      <trkpt lat="18.5175144" lon="99.2562434">
      </trkpt>
      <trkpt lat="18.5173465" lon="99.2564623">
      </trkpt>
      <trkpt lat="18.5164001" lon="99.2571596">
      </trkpt>
      <trkpt lat="18.5156879" lon="99.257739">
      </trkpt>
      <trkpt lat="18.5155122" lon="99.2580491">
      </trkpt>
      <trkpt lat="18.51535" lon="99.2584627">
      </trkpt>
      <trkpt lat="18.515281" lon="99.2589191">
      </trkpt>
      <trkpt lat="18.5153227" lon="99.2593812">
      </trkpt>
      <trkpt lat="18.5153144" lon="99.2599229">
      </trkpt>
      <trkpt lat="18.5151182" lon="99.2604856">
      </trkpt>
      <trkpt lat="18.5148774" lon="99.2608021">
      </trkpt>
      <trkpt lat="18.5145485" lon="99.2610864">
      </trkpt>
      <trkpt lat="18.5140338" lon="99.2613965">
      </trkpt>
      <trkpt lat="18.513593" lon="99.2615976">
      </trkpt>
      <trkpt lat="18.5130833" lon="99.2617618">
      </trkpt>
      <trkpt lat="18.5127389" lon="99.2618278">
      </trkpt>
      <trkpt lat="18.5123307" lon="99.2618588">
      </trkpt>
      <trkpt lat="18.5112658" lon="99.2617789">
      </trkpt>
      <trkpt lat="18.5106345" lon="99.2617569">
      </trkpt>
      <trkpt lat="18.5103216" lon="99.2617945">
      </trkpt>
      <trkpt lat="18.5101212" lon="99.2618589">
      </trkpt>
      <trkpt lat="18.5098603" lon="99.2619833">
      </trkpt>
      <trkpt lat="18.5096079" lon="99.2621421">
      </trkpt>
      <trkpt lat="18.5093312" lon="99.2624146">
      </trkpt>
      <trkpt lat="18.5087902" lon="99.2632321">
      </trkpt>
      <trkpt lat="18.5085468" lon="99.2635068">
      </trkpt>
      <trkpt lat="18.5083108" lon="99.2637246">
      </trkpt>
      <trkpt lat="18.508017" lon="99.2639188">
      </trkpt>
      <trkpt lat="18.5067554" lon="99.2644767">
      </trkpt>
      <trkpt lat="18.505485" lon="99.2652273">
      </trkpt>
      <trkpt lat="18.5050841" lon="99.265504">
      </trkpt>
      <trkpt lat="18.5047643" lon="99.2656312">
      </trkpt>
      <trkpt lat="18.5043736" lon="99.265693">
      </trkpt>
      <trkpt lat="18.5042116" lon="99.2657012">
      </trkpt>
      <trkpt lat="18.5036186" lon="99.2657314">
      </trkpt>
      <trkpt lat="18.5030039" lon="99.2657284">
      </trkpt>
      <trkpt lat="18.5028389" lon="99.2657276">
      </trkpt>
      <trkpt lat="18.5025247" lon="99.2657081">
      </trkpt>
      <trkpt lat="18.5024403" lon="99.265687">
      </trkpt>
      <trkpt lat="18.5014481" lon="99.2654394">
      </trkpt>
      <trkpt lat="18.5009642" lon="99.2653992">
      </trkpt>
      <trkpt lat="18.5005161" lon="99.2653484">
      </trkpt>
      <trkpt lat="18.500132" lon="99.2653562">
      </trkpt>
      <trkpt lat="18.4998884" lon="99.2653687">
      </trkpt>
      <trkpt lat="18.499767" lon="99.2653879">
      </trkpt>
      <trkpt lat="18.4995109" lon="99.2654283">
      </trkpt>
      <trkpt lat="18.4994104" lon="99.2654442">
      </trkpt>
      <trkpt lat="18.4991706" lon="99.2654735">
      </trkpt>
      <trkpt lat="18.4989427" lon="99.265462">
      </trkpt>
      <trkpt lat="18.4864017" lon="99.2647592">
      </trkpt>
      <trkpt lat="18.4857465" lon="99.2647192">
      </trkpt>
      <trkpt lat="18.4853852" lon="99.2647557">
      </trkpt>
      <trkpt lat="18.4849775" lon="99.2648834">
      </trkpt>
      <trkpt lat="18.4839952" lon="99.265332">
      </trkpt>
      <trkpt lat="18.4837463" lon="99.2653816">
      </trkpt>
      <trkpt lat="18.4834257" lon="99.265388">
      </trkpt>
      <trkpt lat="18.4831108" lon="99.2653371">
      </trkpt>
      <trkpt lat="18.4815741" lon="99.2647408">
      </trkpt>
      <trkpt lat="18.4811249" lon="99.2646296">
      </trkpt>
      <trkpt lat="18.480774" lon="99.2646074">
      </trkpt>
      <trkpt lat="18.4801185" lon="99.2646222">
      </trkpt>
      <trkpt lat="18.4793644" lon="99.2647058">
      </trkpt>
      <trkpt lat="18.4779129" lon="99.2651187">
      </trkpt>
      <trkpt lat="18.4775358" lon="99.2651849">
      </trkpt>
      <trkpt lat="18.4773506" lon="99.2651992">
      </trkpt>
      <trkpt lat="18.4770133" lon="99.2651115">
      </trkpt>
      <trkpt lat="18.4762269" lon="99.2648814">
      </trkpt>
      <trkpt lat="18.4760027" lon="99.2647965">
      </trkpt>
      <trkpt lat="18.475784" lon="99.2647307">
      </trkpt>
      <trkpt lat="18.4754928" lon="99.2647086">
      </trkpt>
      <trkpt lat="18.4749277" lon="99.2647415">
      </trkpt>
      <trkpt lat="18.4747232" lon="99.2647357">
      </trkpt>
      <trkpt lat="18.4740399" lon="99.2646224">
      </trkpt>
      <trkpt lat="18.4737362" lon="99.2645883">
      </trkpt>
      <trkpt lat="18.4726755" lon="99.2645534">
      </trkpt>
      <trkpt lat="18.4724317" lon="99.2645216">
      </trkpt>
      <trkpt lat="18.4721692" lon="99.2644315">
      </trkpt>
      <trkpt lat="18.4719351" lon="99.264301">
      </trkpt>
      <trkpt lat="18.4717793" lon="99.2641908">
      </trkpt>
      <trkpt lat="18.4714842" lon="99.263888">
      </trkpt>
      <trkpt lat="18.4709377" lon="99.2631165">
      </trkpt>
      <trkpt lat="18.4707091" lon="99.2628506">
      </trkpt>
      <trkpt lat="18.4704756" lon="99.2626538">
      </trkpt>
      <trkpt lat="18.4701051" lon="99.2624876">
      </trkpt>
      <trkpt lat="18.4697414" lon="99.2624246">
      </trkpt>
      <trkpt lat="18.4693393" lon="99.2624664">
      </trkpt>
      <trkpt lat="18.4685656" lon="99.2627296">
      </trkpt>
      <trkpt lat="18.468267" lon="99.262772">
      </trkpt>
      <trkpt lat="18.4680146" lon="99.2627535">
      </trkpt>
      <trkpt lat="18.4670513" lon="99.2626216">
      </trkpt>
      <trkpt lat="18.4667683" lon="99.2626217">
      </trkpt>
      <trkpt lat="18.4665024" lon="99.2626747">
      </trkpt>
      <trkpt lat="18.4663112" lon="99.2627374">
      </trkpt>
      <trkpt lat="18.4659564" lon="99.2629047">
      </trkpt>
      <trkpt lat="18.465078" lon="99.26338">
      </trkpt>
      <trkpt lat="18.4645368" lon="99.2636065">
      </trkpt>
      <trkpt lat="18.4639297" lon="99.2637368">
      </trkpt>
      <trkpt lat="18.4632106" lon="99.26386">
      </trkpt>
      <trkpt lat="18.4629115" lon="99.2639555">
      </trkpt>
      <trkpt lat="18.4625595" lon="99.2642081">
      </trkpt>
      <trkpt lat="18.4623526" lon="99.2644408">
      </trkpt>
      <trkpt lat="18.4616062" lon="99.2653288">
      </trkpt>
      <trkpt lat="18.4612745" lon="99.2655584">
      </trkpt>
      <trkpt lat="18.4609146" lon="99.265686">
      </trkpt>
      <trkpt lat="18.4604985" lon="99.265734">
      </trkpt>
      <trkpt lat="18.4597024" lon="99.2657161">
      </trkpt>
      <trkpt lat="18.4584972" lon="99.2656892">
      </trkpt>
      <trkpt lat="18.4583257" lon="99.2656983">
      </trkpt>
      <trkpt lat="18.4581609" lon="99.2657168">
      </trkpt>
      <trkpt lat="18.4579826" lon="99.2657539">
      </trkpt>
      <trkpt lat="18.4578158" lon="99.2658096">
      </trkpt>
      <trkpt lat="18.4575689" lon="99.2658955">
      </trkpt>
      <trkpt lat="18.4569737" lon="99.2661516">
      </trkpt>
      <trkpt lat="18.4567775" lon="99.2662029">
      </trkpt>
      <trkpt lat="18.4565845" lon="99.2662412">
      </trkpt>
      <trkpt lat="18.4563569" lon="99.2662739">
      </trkpt>
      <trkpt lat="18.4561446" lon="99.2663009">
      </trkpt>
      <trkpt lat="18.454902" lon="99.2664334">
      </trkpt>
      <trkpt lat="18.4535995" lon="99.2666418">
      </trkpt>
      <trkpt lat="18.4533806" lon="99.2666753">
      </trkpt>
      <trkpt lat="18.453201" lon="99.2666804">
      </trkpt>
      <trkpt lat="18.4530036" lon="99.2666678">
      </trkpt>
      <trkpt lat="18.4518887" lon="99.2665268">
      </trkpt>
      <trkpt lat="18.4516843" lon="99.2665152">
      </trkpt>
      <trkpt lat="18.4514434" lon="99.266521">
      </trkpt>
      <trkpt lat="18.4505921" lon="99.2666192">
      </trkpt>
      <trkpt lat="18.4503727" lon="99.2666159">
      </trkpt>
      <trkpt lat="18.450184" lon="99.2665988">
      </trkpt>
      <trkpt lat="18.4493154" lon="99.2665245">
      </trkpt>
      <trkpt lat="18.4490075" lon="99.2664809">
      </trkpt>
      <trkpt lat="18.4487362" lon="99.2663991">
      </trkpt>
      <trkpt lat="18.4477016" lon="99.2659556">
      </trkpt>
      <trkpt lat="18.4473871" lon="99.2658743">
      </trkpt>
      <trkpt lat="18.4469861" lon="99.265832">
      </trkpt>
      <trkpt lat="18.4465431" lon="99.2658381">
      </trkpt>
      <trkpt lat="18.4457168" lon="99.2658769">
      </trkpt>
      <trkpt lat="18.4445004" lon="99.2659341">
      </trkpt>
      <trkpt lat="18.4443261" lon="99.2659423">
      </trkpt>
      <trkpt lat="18.4438241" lon="99.2660469">
      </trkpt>
      <trkpt lat="18.4434826" lon="99.2661786">
      </trkpt>
      <trkpt lat="18.4429776" lon="99.2665038">
      </trkpt>
      <trkpt lat="18.4427057" lon="99.2666127">
      </trkpt>
      <trkpt lat="18.4424907" lon="99.2666697">
      </trkpt>
      <trkpt lat="18.4421044" lon="99.2667606">
      </trkpt>
      <trkpt lat="18.4412604" lon="99.2668413">
      </trkpt>
      <trkpt lat="18.4408196" lon="99.2669184">
      </trkpt>
      <trkpt lat="18.4402176" lon="99.2670064">
      </trkpt>
      <trkpt lat="18.4398284" lon="99.2670139">
      </trkpt>
      <trkpt lat="18.4394591" lon="99.2669636">
      </trkpt>
      <trkpt lat="18.439123" lon="99.2668549">
      </trkpt>
      <trkpt lat="18.4383137" lon="99.2662755">
      </trkpt>
      <trkpt lat="18.4381283" lon="99.2661822">
      </trkpt>
      <trkpt lat="18.4378927" lon="99.2661331">
      </trkpt>
      <trkpt lat="18.4375982" lon="99.2661218">
      </trkpt>
      <trkpt lat="18.4372829" lon="99.2661829">
      </trkpt>
      <trkpt lat="18.4369425" lon="99.2663374">
      </trkpt>
      <trkpt lat="18.4361436" lon="99.2668454">
      </trkpt>
      <trkpt lat="18.4358657" lon="99.2669394">
      </trkpt>
      <trkpt lat="18.435608" lon="99.2669803">
      </trkpt>
      <trkpt lat="18.4353318" lon="99.2669988">
      </trkpt>
      <trkpt lat="18.43504" lon="99.2669487">
      </trkpt>
      <trkpt lat="18.4345352" lon="99.2667272">
      </trkpt>
      <trkpt lat="18.4337554" lon="99.266346">
      </trkpt>
      <trkpt lat="18.4335303" lon="99.2662364">
      </trkpt>
      <trkpt lat="18.4332492" lon="99.2661907">
      </trkpt>
      <trkpt lat="18.4329728" lon="99.266212">
      </trkpt>
      <trkpt lat="18.4327103" lon="99.2663142">
      </trkpt>
      <trkpt lat="18.4324662" lon="99.2664403">
      </trkpt>
      <trkpt lat="18.4316415" lon="99.2670517">
      </trkpt>
      <trkpt lat="18.4312173" lon="99.2672442">
      </trkpt>
      <trkpt lat="18.4309593" lon="99.2673094">
      </trkpt>
      <trkpt lat="18.4308346" lon="99.2673294">
      </trkpt>
      <trkpt lat="18.430708" lon="99.2673347">
      </trkpt>
      <trkpt lat="18.4305757" lon="99.2673224">
      </trkpt>
      <trkpt lat="18.4304408" lon="99.267299">
      </trkpt>
      <trkpt lat="18.4303033" lon="99.267258">
      </trkpt>
      <trkpt lat="18.4301839" lon="99.2672055">
      </trkpt>
      <trkpt lat="18.4286532" lon="99.2662544">
      </trkpt>
      <trkpt lat="18.4284624" lon="99.2661509">
      </trkpt>
      <trkpt lat="18.4282591" lon="99.2660514">
      </trkpt>
      <trkpt lat="18.4280462" lon="99.2659754">
      </trkpt>
      <trkpt lat="18.4264166" lon="99.2654825">
      </trkpt>
      <trkpt lat="18.4261984" lon="99.2654239">
      </trkpt>
      <trkpt lat="18.4256719" lon="99.2652931">
      </trkpt>
      <trkpt lat="18.4254309" lon="99.2652634">
      </trkpt>
      <trkpt lat="18.4251437" lon="99.2652721">
      </trkpt>
      <trkpt lat="18.4242494" lon="99.2653118">
      </trkpt>
      <trkpt lat="18.4238278" lon="99.2652786">
      </trkpt>
      <trkpt lat="18.4235026" lon="99.2652209">
      </trkpt>
      <trkpt lat="18.4230979" lon="99.2650683">
      </trkpt>
      <trkpt lat="18.4208474" lon="99.2638613">
      </trkpt>
      <trkpt lat="18.4203282" lon="99.2636819">
      </trkpt>
      <trkpt lat="18.419975" lon="99.2636199">
      </trkpt>
      <trkpt lat="18.4195902" lon="99.2636419">
      </trkpt>
      <trkpt lat="18.4191961" lon="99.2637044">
      </trkpt>
      <trkpt lat="18.4187866" lon="99.263849">
      </trkpt>
      <trkpt lat="18.4187543" lon="99.2638671">
      </trkpt>
      <trkpt lat="18.4174969" lon="99.2645708">
      </trkpt>
      <trkpt lat="18.4170242" lon="99.2647825">
      </trkpt>
      <trkpt lat="18.4166772" lon="99.2649028">
      </trkpt>
      <trkpt lat="18.4161869" lon="99.2650138">
      </trkpt>
      <trkpt lat="18.4158476" lon="99.2650509">
      </trkpt>
      <trkpt lat="18.4155562" lon="99.2650613">
      </trkpt>
      <trkpt lat="18.4152304" lon="99.2650399">
      </trkpt>
      <trkpt lat="18.415083" lon="99.2650222">
      </trkpt>
      <trkpt lat="18.4147271" lon="99.2649762">
      </trkpt>
      <trkpt lat="18.4144002" lon="99.2649081">
      </trkpt>
      <trkpt lat="18.4140155" lon="99.2647749">
      </trkpt>
      <trkpt lat="18.4124327" lon="99.2640273">
      </trkpt>
      <trkpt lat="18.4120727" lon="99.2639257">
      </trkpt>
      <trkpt lat="18.4116778" lon="99.2638621">
      </trkpt>
      <trkpt lat="18.4106902" lon="99.2637358">
      </trkpt>
      <trkpt lat="18.4103678" lon="99.2636705">
      </trkpt>
      <trkpt lat="18.4100297" lon="99.2635663">
      </trkpt>
      <trkpt lat="18.4098089" lon="99.2634681">
      </trkpt>
      <trkpt lat="18.4095536" lon="99.2633144">
      </trkpt>
      <trkpt lat="18.4086336" lon="99.2625942">
      </trkpt>
      <trkpt lat="18.4084294" lon="99.2624344">
      </trkpt>
      <trkpt lat="18.4081105" lon="99.2622332">
      </trkpt>
      <trkpt lat="18.4078292" lon="99.262113">
      </trkpt>
      <trkpt lat="18.4075777" lon="99.2620391">
      </trkpt>
      <trkpt lat="18.4072856" lon="99.2619822">
      </trkpt>
      <trkpt lat="18.4066502" lon="99.2619141">
      </trkpt>
      <trkpt lat="18.4063493" lon="99.2618907">
      </trkpt>
      <trkpt lat="18.4061517" lon="99.2618771">
      </trkpt>
      <trkpt lat="18.4054641" lon="99.2618299">
      </trkpt>
      <trkpt lat="18.4052315" lon="99.2618582">
      </trkpt>
      <trkpt lat="18.4050092" lon="99.2619034">
      </trkpt>
      <trkpt lat="18.4048" lon="99.2619969">
      </trkpt>
      <trkpt lat="18.404587" lon="99.2621056">
      </trkpt>
      <trkpt lat="18.4044024" lon="99.2622509">
      </trkpt>
      <trkpt lat="18.4042262" lon="99.2624098">
      </trkpt>
      <trkpt lat="18.4040985" lon="99.2626098">
      </trkpt>
      <trkpt lat="18.4040835" lon="99.2626474">
      </trkpt>
      <trkpt lat="18.403941" lon="99.2630044">
      </trkpt>
      <trkpt lat="18.4037663" lon="99.2634559">
      </trkpt>
      <trkpt lat="18.4036619" lon="99.2637282">
      </trkpt>
      <trkpt lat="18.4035525" lon="99.2639437">
      </trkpt>
      <trkpt lat="18.4034019" lon="99.2641659">
      </trkpt>
      <trkpt lat="18.4032487" lon="99.2643271">
      </trkpt>
      <trkpt lat="18.403101" lon="99.2644461">
      </trkpt>
      <trkpt lat="18.4029129" lon="99.2645735">
      </trkpt>
      <trkpt lat="18.4026577" lon="99.2647036">
      </trkpt>
      <trkpt lat="18.3987143" lon="99.2667144">
      </trkpt>
      <trkpt lat="18.3982992" lon="99.2668426">
      </trkpt>
      <trkpt lat="18.3978762" lon="99.2669056">
      </trkpt>
      <trkpt lat="18.3973221" lon="99.266875">
      </trkpt>
      <trkpt lat="18.3969401" lon="99.2667742">
      </trkpt>
      <trkpt lat="18.3952328" lon="99.266109">
      </trkpt>
      <trkpt lat="18.3945942" lon="99.2659709">
      </trkpt>
      <trkpt lat="18.3910707" lon="99.2655616">
      </trkpt>
      <trkpt lat="18.3906846" lon="99.2655746">
      </trkpt>
      <trkpt lat="18.3903361" lon="99.265619">
      </trkpt>
      <trkpt lat="18.389923" lon="99.2657718">
      </trkpt>
      <trkpt lat="18.3894987" lon="99.2659794">
      </trkpt>
      <trkpt lat="18.387406" lon="99.2675134">
      </trkpt>
      <trkpt lat="18.3871046" lon="99.267762">
      </trkpt>
      <trkpt lat="18.3867692" lon="99.268096">
      </trkpt>
      <trkpt lat="18.3857305" lon="99.2694153">
      </trkpt>
      <trkpt lat="18.3855258" lon="99.2696209">
      </trkpt>
      <trkpt lat="18.3847249" lon="99.2703601">
      </trkpt>
      <trkpt lat="18.384547" lon="99.270542">
      </trkpt>
      <trkpt lat="18.3843374" lon="99.2708319">
      </trkpt>
      <trkpt lat="18.3841557" lon="99.2710928">
      </trkpt>
      <trkpt lat="18.3839538" lon="99.2715032">
      </trkpt>
      <trkpt lat="18.3835405" lon="99.2722915">
      </trkpt>
      <trkpt lat="18.3833217" lon="99.2725886">
      </trkpt>
      <trkpt lat="18.3830624" lon="99.2728591">
      </trkpt>
      <trkpt lat="18.3818987" lon="99.273885">
      </trkpt>
      <trkpt lat="18.3815828" lon="99.2741113">
      </trkpt>
      <trkpt lat="18.3813024" lon="99.274253">
      </trkpt>
      <trkpt lat="18.381029" lon="99.2743477">
      </trkpt>
      <trkpt lat="18.3806675" lon="99.2744198">
      </trkpt>
      <trkpt lat="18.3803145" lon="99.2744418">
      </trkpt>
      <trkpt lat="18.3799671" lon="99.2744206">
      </trkpt>
      <trkpt lat="18.3787568" lon="99.2741624">
      </trkpt>
      <trkpt lat="18.3783797" lon="99.2741068">
      </trkpt>
      <trkpt lat="18.3780403" lon="99.2741189">
      </trkpt>
      <trkpt lat="18.3777041" lon="99.2741683">
      </trkpt>
      <trkpt lat="18.3773695" lon="99.2742687">
      </trkpt>
      <trkpt lat="18.3770541" lon="99.2744046">
      </trkpt>
      <trkpt lat="18.3758478" lon="99.2749874">
      </trkpt>
      <trkpt lat="18.3756037" lon="99.275096">
      </trkpt>
      <trkpt lat="18.3752693" lon="99.2752065">
      </trkpt>
      <trkpt lat="18.3744786" lon="99.2754852">
      </trkpt>
      <trkpt lat="18.3741504" lon="99.2756071">
      </trkpt>
      <trkpt lat="18.3737743" lon="99.2758056">
      </trkpt>
      <trkpt lat="18.3734065" lon="99.2760853">
      </trkpt>
      <trkpt lat="18.3731756" lon="99.2763077">
      </trkpt>
      <trkpt lat="18.3700141" lon="99.2805354">
      </trkpt>
      <trkpt lat="18.3690825" lon="99.2816978">
      </trkpt>
      <trkpt lat="18.3688623" lon="99.2820105">
      </trkpt>
      <trkpt lat="18.368743" lon="99.2822802">
      </trkpt>
      <trkpt lat="18.3682607" lon="99.2833572">
      </trkpt>
      <trkpt lat="18.3680917" lon="99.283665">
      </trkpt>
      <trkpt lat="18.3679171" lon="99.2839432">
      </trkpt>
      <trkpt lat="18.3677192" lon="99.284177">
      </trkpt>
      <trkpt lat="18.36752" lon="99.284344">
      </trkpt>
      <trkpt lat="18.3673013" lon="99.2845025">
      </trkpt>
      <trkpt lat="18.3659088" lon="99.285332">
      </trkpt>
      <trkpt lat="18.3656532" lon="99.2855132">
      </trkpt>
      <trkpt lat="18.3654158" lon="99.2857422">
      </trkpt>
      <trkpt lat="18.3652681" lon="99.2859456">
      </trkpt>
      <trkpt lat="18.3651294" lon="99.2861751">
      </trkpt>
      <trkpt lat="18.3650418" lon="99.2864379">
      </trkpt>
      <trkpt lat="18.3649735" lon="99.2867097">
      </trkpt>
      <trkpt lat="18.3649576" lon="99.2870082">
      </trkpt>
      <trkpt lat="18.3650035" lon="99.287343">
      </trkpt>
      <trkpt lat="18.3650807" lon="99.2877175">
      </trkpt>
      <trkpt lat="18.3652111" lon="99.2880206">
      </trkpt>
      <trkpt lat="18.3654016" lon="99.2882878">
      </trkpt>
      <trkpt lat="18.365623" lon="99.2885052">
      </trkpt>
      <trkpt lat="18.3658844" lon="99.2886753">
      </trkpt>
      <trkpt lat="18.3670409" lon="99.2892043">
      </trkpt>
      <trkpt lat="18.3681221" lon="99.2897732">
      </trkpt>
      <trkpt lat="18.3683792" lon="99.2899405">
      </trkpt>
      <trkpt lat="18.3686854" lon="99.2902085">
      </trkpt>
      <trkpt lat="18.3689097" lon="99.2904534">
      </trkpt>
      <trkpt lat="18.3691057" lon="99.2907419">
      </trkpt>
      <trkpt lat="18.3692561" lon="99.2910989">
      </trkpt>
      <trkpt lat="18.3693589" lon="99.2913955">
      </trkpt>
      <trkpt lat="18.3694323" lon="99.2917198">
      </trkpt>
      <trkpt lat="18.369479" lon="99.2920551">
      </trkpt>
      <trkpt lat="18.3694913" lon="99.292419">
      </trkpt>
      <trkpt lat="18.3694597" lon="99.2932639">
      </trkpt>
      <trkpt lat="18.3695132" lon="99.2936722">
      </trkpt>
      <trkpt lat="18.3696383" lon="99.29408">
      </trkpt>
      <trkpt lat="18.3697916" lon="99.2944329">
      </trkpt>
      <trkpt lat="18.3700375" lon="99.2947686">
      </trkpt>
      <trkpt lat="18.3702522" lon="99.2950298">
      </trkpt>
      <trkpt lat="18.3707941" lon="99.2954971">
      </trkpt>
      <trkpt lat="18.3714757" lon="99.2960849">
      </trkpt>
      <trkpt lat="18.371707" lon="99.2963165">
      </trkpt>
      <trkpt lat="18.371873" lon="99.2965314">
      </trkpt>
      <trkpt lat="18.3720377" lon="99.2967803">
      </trkpt>
      <trkpt lat="18.374456" lon="99.3012283">
      </trkpt>
      <trkpt lat="18.3745949" lon="99.3014618">
      </trkpt>
      <trkpt lat="18.374686" lon="99.3016088">
      </trkpt>
      <trkpt lat="18.3748283" lon="99.301782">
      </trkpt>
      <trkpt lat="18.3750133" lon="99.3020072">
      </trkpt>
      <trkpt lat="18.3750344" lon="99.3020281">
      </trkpt>
      <trkpt lat="18.3752535" lon="99.3022446">
      </trkpt>
      <trkpt lat="18.375488" lon="99.3024399">
      </trkpt>
      <trkpt lat="18.3757567" lon="99.3026235">
      </trkpt>
      <trkpt lat="18.3760186" lon="99.3027629">
      </trkpt>
      <trkpt lat="18.378445" lon="99.3038983">
      </trkpt>
      <trkpt lat="18.378835" lon="99.304122">
      </trkpt>
      <trkpt lat="18.3791623" lon="99.3044108">
      </trkpt>
      <trkpt lat="18.3793831" lon="99.3046619">
      </trkpt>
      <trkpt lat="18.37959" lon="99.3049592">
      </trkpt>
      <trkpt lat="18.3797557" lon="99.305282">
      </trkpt>
      <trkpt lat="18.3798899" lon="99.3055992">
      </trkpt>
      <trkpt lat="18.3799907" lon="99.3060574">
      </trkpt>
      <trkpt lat="18.3800245" lon="99.3064037">
      </trkpt>
      <trkpt lat="18.3800178" lon="99.306768">
      </trkpt>
      <trkpt lat="18.3799426" lon="99.3071879">
      </trkpt>
      <trkpt lat="18.3798531" lon="99.3075219">
      </trkpt>
      <trkpt lat="18.3796832" lon="99.3078724">
      </trkpt>
      <trkpt lat="18.3794116" lon="99.3082875">
      </trkpt>
      <trkpt lat="18.3791643" lon="99.308586">
      </trkpt>
      <trkpt lat="18.3776775" lon="99.3099999">
      </trkpt>
      <trkpt lat="18.3774041" lon="99.3102104">
      </trkpt>
      <trkpt lat="18.3771534" lon="99.310365">
      </trkpt>
      <trkpt lat="18.3767806" lon="99.3105163">
      </trkpt>
      <trkpt lat="18.3762167" lon="99.3106648">
      </trkpt>
      <trkpt lat="18.3759888" lon="99.3107815">
      </trkpt>
      <trkpt lat="18.3757974" lon="99.3109194">
      </trkpt>
      <trkpt lat="18.3756085" lon="99.3110981">
      </trkpt>
      <trkpt lat="18.3754645" lon="99.3113002">
      </trkpt>
      <trkpt lat="18.3753254" lon="99.3115385">
      </trkpt>
      <trkpt lat="18.3752354" lon="99.3118112">
      </trkpt>
      <trkpt lat="18.3751909" lon="99.3120846">
      </trkpt>
      <trkpt lat="18.3751803" lon="99.3123747">
      </trkpt>
      <trkpt lat="18.3752274" lon="99.3126674">
      </trkpt>
      <trkpt lat="18.3753687" lon="99.3130873">
      </trkpt>
      <trkpt lat="18.3757773" lon="99.314609">
      </trkpt>
      <trkpt lat="18.3758278" lon="99.3149081">
      </trkpt>
      <trkpt lat="18.3758198" lon="99.3152245">
      </trkpt>
      <trkpt lat="18.3757233" lon="99.3155882">
      </trkpt>
      <trkpt lat="18.3754002" lon="99.3163425">
      </trkpt>
      <trkpt lat="18.3753282" lon="99.316543">
      </trkpt>
      <trkpt lat="18.3752572" lon="99.3167909">
      </trkpt>
      <trkpt lat="18.3750863" lon="99.317614">
      </trkpt>
      <trkpt lat="18.3750267" lon="99.3177997">
      </trkpt>
      <trkpt lat="18.3749582" lon="99.3179604">
      </trkpt>
      <trkpt lat="18.3746873" lon="99.3185578">
      </trkpt>
      <trkpt lat="18.3745942" lon="99.3188122">
      </trkpt>
      <trkpt lat="18.3745527" lon="99.3190286">
      </trkpt>
      <trkpt lat="18.3744069" lon="99.3201713">
      </trkpt>
      <trkpt lat="18.3743373" lon="99.3204358">
      </trkpt>
      <trkpt lat="18.3742192" lon="99.3207351">
      </trkpt>
      <trkpt lat="18.3740472" lon="99.3209446">
      </trkpt>
      <trkpt lat="18.3738748" lon="99.3211373">
      </trkpt>
      <trkpt lat="18.373717" lon="99.321289">
      </trkpt>
      <trkpt lat="18.3734472" lon="99.3214874">
      </trkpt>
      <trkpt lat="18.3727286" lon="99.321968">
      </trkpt>
      <trkpt lat="18.3724961" lon="99.3220937">
      </trkpt>
      <trkpt lat="18.3718216" lon="99.3224078">
      </trkpt>
      <trkpt lat="18.3715722" lon="99.3225477">
      </trkpt>
      <trkpt lat="18.3712916" lon="99.3227668">
      </trkpt>
      <trkpt lat="18.37112" lon="99.3229524">
      </trkpt>
      <trkpt lat="18.370933" lon="99.3232131">
      </trkpt>
      <trkpt lat="18.3707103" lon="99.3236326">
      </trkpt>
      <trkpt lat="18.3705674" lon="99.3238851">
      </trkpt>
      <trkpt lat="18.3701977" lon="99.3246007">
      </trkpt>
      <trkpt lat="18.3700758" lon="99.3248325">
      </trkpt>
      <trkpt lat="18.3700146" lon="99.3249786">
      </trkpt>
      <trkpt lat="18.3699818" lon="99.3250577">
      </trkpt>
      <trkpt lat="18.369899" lon="99.3252928">
      </trkpt>
      <trkpt lat="18.3696757" lon="99.3259816">
      </trkpt>
      <trkpt lat="18.3692049" lon="99.3276346">
      </trkpt>
      <trkpt lat="18.3683493" lon="99.3306382">
      </trkpt>
      <trkpt lat="18.3680186" lon="99.3317374">
      </trkpt>
      <trkpt lat="18.3677333" lon="99.3323201">
      </trkpt>
      <trkpt lat="18.3674026" lon="99.3327563">
      </trkpt>
      <trkpt lat="18.3671137" lon="99.3331297">
      </trkpt>
      <trkpt lat="18.3615426" lon="99.3386078">
      </trkpt>
      <trkpt lat="18.3529073" lon="99.3470971">
      </trkpt>
      <trkpt lat="18.3518219" lon="99.3481535">
      </trkpt>
      <trkpt lat="18.3465937" lon="99.3532339">
      </trkpt>
      <trkpt lat="18.3446727" lon="99.3551456">
      </trkpt>
      <trkpt lat="18.3445831" lon="99.3552291">
      </trkpt>
      <trkpt lat="18.344547" lon="99.3552668">
      </trkpt>
      <trkpt lat="18.3444755" lon="99.3553368">
      </trkpt>
      <trkpt lat="18.3437692" lon="99.3561499">
      </trkpt>
      <trkpt lat="18.3435227" lon="99.3564652">
      </trkpt>
      <trkpt lat="18.3432875" lon="99.3568375">
      </trkpt>
      <trkpt lat="18.3417023" lon="99.3596489">
      </trkpt>
      <trkpt lat="18.3379684" lon="99.3663358">
      </trkpt>
      <trkpt lat="18.3376902" lon="99.3668094">
      </trkpt>
      <trkpt lat="18.3371685" lon="99.3677512">
      </trkpt>
      <trkpt lat="18.3363894" lon="99.3691579">
      </trkpt>
      <trkpt lat="18.336169" lon="99.3695614">
      </trkpt>
      <trkpt lat="18.335827" lon="99.3701868">
      </trkpt>
      <trkpt lat="18.3355888" lon="99.3706172">
      </trkpt>
      <trkpt lat="18.3350678" lon="99.3716287">
      </trkpt>
      <trkpt lat="18.3283283" lon="99.3839063">
      </trkpt>
      <trkpt lat="18.3281809" lon="99.3841759">
      </trkpt>
      <trkpt lat="18.3142886" lon="99.4095818">
      </trkpt>
      <trkpt lat="18.3130503" lon="99.4118413">
      </trkpt>
      <trkpt lat="18.3045883" lon="99.4272617">
      </trkpt>
      <trkpt lat="18.30394" lon="99.4284645">
      </trkpt>
      <trkpt lat="18.3029535" lon="99.4302694">
      </trkpt>
      <trkpt lat="18.3013276" lon="99.4332438">
      </trkpt>
      <trkpt lat="18.3012573" lon="99.4333714">
      </trkpt>
      <trkpt lat="18.2997894" lon="99.4360399">
      </trkpt>
      <trkpt lat="18.295876" lon="99.4431799">
      </trkpt>
      <trkpt lat="18.2958649" lon="99.4432001">
      </trkpt>
      <trkpt lat="18.2920423" lon="99.4501797">
      </trkpt>
      <trkpt lat="18.2859375" lon="99.4612124">
      </trkpt>
      <trkpt lat="18.2853205" lon="99.4622906">
      </trkpt>
      <trkpt lat="18.2851489" lon="99.4625812">
      </trkpt>
      <trkpt lat="18.2837241" lon="99.4651244">
      </trkpt>
      <trkpt lat="18.2813366" lon="99.4694718">
      </trkpt>
      <trkpt lat="18.2813024" lon="99.469536">
      </trkpt>
      <trkpt lat="18.2811049" lon="99.4699067">
      </trkpt>
      <trkpt lat="18.2810501" lon="99.4700094">
      </trkpt>
      <trkpt lat="18.2805205" lon="99.4709315">
      </trkpt>
      <trkpt lat="18.2795849" lon="99.4726814">
      </trkpt>
      <trkpt lat="18.278589" lon="99.4744567">
      </trkpt>
      <trkpt lat="18.2781863" lon="99.4751837">
      </trkpt>
      <trkpt lat="18.2779888" lon="99.4755219">
      </trkpt>
      <trkpt lat="18.2777296" lon="99.4759098">
      </trkpt>
      <trkpt lat="18.2775315" lon="99.4761463">
      </trkpt>
      <trkpt lat="18.2773142" lon="99.476378">
      </trkpt>
      <trkpt lat="18.2770057" lon="99.4766496">
      </trkpt>
      <trkpt lat="18.2763471" lon="99.4771447">
      </trkpt>
      <trkpt lat="18.2760653" lon="99.4773521">
      </trkpt>
      <trkpt lat="18.2690188" lon="99.4825379">
      </trkpt>
      <trkpt lat="18.2558131" lon="99.4921089">
      </trkpt>
      <trkpt lat="18.2480436" lon="99.4977464">
      </trkpt>
      <trkpt lat="18.2480163" lon="99.4977662">
      </trkpt>
      <trkpt lat="18.2478543" lon="99.4978837">
      </trkpt>
      <trkpt lat="18.2461146" lon="99.4991461">
      </trkpt>
      <trkpt lat="18.2460935" lon="99.4991614">
      </trkpt>
      <trkpt lat="18.2457194" lon="99.4994233">
      </trkpt>
      <trkpt lat="18.2442127" lon="99.5005291">
      </trkpt>
      <trkpt lat="18.2424751" lon="99.5017928">
      </trkpt>
      <trkpt lat="18.2361419" lon="99.506426">
      </trkpt>
      <trkpt lat="18.226203" lon="99.5136256">
      </trkpt>
      <trkpt lat="18.2148752" lon="99.5218783">
      </trkpt>
      <trkpt lat="18.2092681" lon="99.5260148">
      </trkpt>
      <trkpt lat="18.2087208" lon="99.5264253">
      </trkpt>
      <trkpt lat="18.2082971" lon="99.5267912">
      </trkpt>
      <trkpt lat="18.2079375" lon="99.5271644">
      </trkpt>
      <trkpt lat="18.2075833" lon="99.527589">
      </trkpt>
      <trkpt lat="18.2072362" lon="99.5280473">
      </trkpt>
      <trkpt lat="18.2048538" lon="99.5315464">
      </trkpt>
      <trkpt lat="18.2045557" lon="99.5319872">
      </trkpt>
      <trkpt lat="18.2042607" lon="99.5323967">
      </trkpt>
      <trkpt lat="18.2039125" lon="99.53278">
      </trkpt>
      <trkpt lat="18.2037351" lon="99.5329432">
      </trkpt>
      <trkpt lat="18.2035372" lon="99.533107">
      </trkpt>
      <trkpt lat="18.2034316" lon="99.5331833">
      </trkpt>
      <trkpt lat="18.2032279" lon="99.5333156">
      </trkpt>
      <trkpt lat="18.2030366" lon="99.533415">
      </trkpt>
      <trkpt lat="18.202559" lon="99.5336168">
      </trkpt>
      <trkpt lat="18.2023542" lon="99.5336834">
      </trkpt>
      <trkpt lat="18.2021718" lon="99.5337255">
      </trkpt>
      <trkpt lat="18.2007716" lon="99.53402">
      </trkpt>
      <trkpt lat="18.2005003" lon="99.5340675">
      </trkpt>
      <trkpt lat="18.2001684" lon="99.5341008">
      </trkpt>
      <trkpt lat="18.1998633" lon="99.5341003">
      </trkpt>
      <trkpt lat="18.1993309" lon="99.5340727">
      </trkpt>
      <trkpt lat="18.1991147" lon="99.5340624">
      </trkpt>
      <trkpt lat="18.1989523" lon="99.5340646">
      </trkpt>
      <trkpt lat="18.1987839" lon="99.5340788">
      </trkpt>
      <trkpt lat="18.1986014" lon="99.5341126">
      </trkpt>
      <trkpt lat="18.1983977" lon="99.5341609">
      </trkpt>
      <trkpt lat="18.1982166" lon="99.5342172">
      </trkpt>
      <trkpt lat="18.1980488" lon="99.5342883">
      </trkpt>
      <trkpt lat="18.1978984" lon="99.5343553">
      </trkpt>
      <trkpt lat="18.197704" lon="99.5344592">
      </trkpt>
      <trkpt lat="18.1975155" lon="99.534596">
      </trkpt>
      <trkpt lat="18.1958571" lon="99.5360336">
      </trkpt>
      <trkpt lat="18.1956519" lon="99.53625">
      </trkpt>
      <trkpt lat="18.1954853" lon="99.5364527">
      </trkpt>
      <trkpt lat="18.1953485" lon="99.5367026">
      </trkpt>
      <trkpt lat="18.1952448" lon="99.5369253">
      </trkpt>
      <trkpt lat="18.195149" lon="99.5371714">
      </trkpt>
      <trkpt lat="18.1950836" lon="99.5374209">
      </trkpt>
      <trkpt lat="18.1950473" lon="99.5376895">
      </trkpt>
      <trkpt lat="18.1950333" lon="99.5379174">
      </trkpt>
      <trkpt lat="18.1950276" lon="99.5382617">
      </trkpt>
      <trkpt lat="18.1950505" lon="99.5385771">
      </trkpt>
      <trkpt lat="18.1954558" lon="99.5437853">
      </trkpt>
      <trkpt lat="18.1954851" lon="99.5439767">
      </trkpt>
      <trkpt lat="18.19552" lon="99.5442048">
      </trkpt>
      <trkpt lat="18.1955667" lon="99.5444124">
      </trkpt>
      <trkpt lat="18.1956266" lon="99.5446257">
      </trkpt>
      <trkpt lat="18.1989475" lon="99.5550062">
      </trkpt>
      <trkpt lat="18.1990138" lon="99.5551785">
      </trkpt>
      <trkpt lat="18.1991016" lon="99.5553864">
      </trkpt>
      <trkpt lat="18.1991693" lon="99.5555375">
      </trkpt>
      <trkpt lat="18.1992597" lon="99.5556956">
      </trkpt>
      <trkpt lat="18.199361" lon="99.5558537">
      </trkpt>
      <trkpt lat="18.199614" lon="99.5562114">
      </trkpt>
      <trkpt lat="18.1999483" lon="99.5566889">
      </trkpt>
      <trkpt lat="18.2009856" lon="99.5581171">
      </trkpt>
      <trkpt lat="18.2010871" lon="99.5582507">
      </trkpt>
      <trkpt lat="18.2012248" lon="99.5584067">
      </trkpt>
      <trkpt lat="18.2013359" lon="99.5585324">
      </trkpt>
      <trkpt lat="18.2014757" lon="99.5586575">
      </trkpt>
      <trkpt lat="18.201642" lon="99.5588016">
      </trkpt>
      <trkpt lat="18.2017734" lon="99.5589107">
      </trkpt>
      <trkpt lat="18.2019474" lon="99.5590333">
      </trkpt>
      <trkpt lat="18.2028977" lon="99.5597004">
      </trkpt>
      <trkpt lat="18.2041095" lon="99.5605614">
      </trkpt>
      <trkpt lat="18.2066095" lon="99.5623112">
      </trkpt>
      <trkpt lat="18.2072083" lon="99.5627304">
      </trkpt>
      <trkpt lat="18.2075313" lon="99.5629755">
      </trkpt>
      <trkpt lat="18.2076703" lon="99.5630928">
      </trkpt>
      <trkpt lat="18.2078327" lon="99.5632512">
      </trkpt>
      <trkpt lat="18.2080197" lon="99.5634623">
      </trkpt>
      <trkpt lat="18.2082246" lon="99.5637213">
      </trkpt>
      <trkpt lat="18.2083587" lon="99.5639227">
      </trkpt>
      <trkpt lat="18.2084894" lon="99.5641519">
      </trkpt>
      <trkpt lat="18.2086142" lon="99.5644365">
      </trkpt>
      <trkpt lat="18.2087196" lon="99.5647324">
      </trkpt>
      <trkpt lat="18.2089331" lon="99.5653592">
      </trkpt>
      <trkpt lat="18.2095017" lon="99.5669803">
      </trkpt>
      <trkpt lat="18.2101607" lon="99.568859">
      </trkpt>
      <trkpt lat="18.2102825" lon="99.5691433">
      </trkpt>
      <trkpt lat="18.2104077" lon="99.5693779">
      </trkpt>
      <trkpt lat="18.2105131" lon="99.5695873">
      </trkpt>
      <trkpt lat="18.2106074" lon="99.5697476">
      </trkpt>
      <trkpt lat="18.2107628" lon="99.5700093">
      </trkpt>
      <trkpt lat="18.2109551" lon="99.5702843">
      </trkpt>
      <trkpt lat="18.2111415" lon="99.5705402">
      </trkpt>
      <trkpt lat="18.2112791" lon="99.5707014">
      </trkpt>
      <trkpt lat="18.2114577" lon="99.5709191">
      </trkpt>
      <trkpt lat="18.2122916" lon="99.5718544">
      </trkpt>
      <trkpt lat="18.2124823" lon="99.5720897">
      </trkpt>
      <trkpt lat="18.2126446" lon="99.572328">
      </trkpt>
      <trkpt lat="18.2128251" lon="99.5726196">
      </trkpt>
      <trkpt lat="18.2129929" lon="99.572898">
      </trkpt>
      <trkpt lat="18.2131523" lon="99.5732364">
      </trkpt>
      <trkpt lat="18.2132728" lon="99.573549">
      </trkpt>
      <trkpt lat="18.2133887" lon="99.573886">
      </trkpt>
      <trkpt lat="18.2134673" lon="99.5741756">
      </trkpt>
      <trkpt lat="18.2135344" lon="99.574504">
      </trkpt>
      <trkpt lat="18.2135977" lon="99.5748917">
      </trkpt>
      <trkpt lat="18.2136278" lon="99.5752341">
      </trkpt>
      <trkpt lat="18.2136837" lon="99.5772213">
      </trkpt>
      <trkpt lat="18.2137265" lon="99.5775901">
      </trkpt>
      <trkpt lat="18.2137878" lon="99.5779349">
      </trkpt>
      <trkpt lat="18.2138775" lon="99.5782329">
      </trkpt>
      <trkpt lat="18.2139942" lon="99.5784796">
      </trkpt>
      <trkpt lat="18.2141237" lon="99.5787243">
      </trkpt>
      <trkpt lat="18.2142802" lon="99.5789761">
      </trkpt>
      <trkpt lat="18.214426" lon="99.5791791">
      </trkpt>
      <trkpt lat="18.214598" lon="99.5793653">
      </trkpt>
      <trkpt lat="18.2147479" lon="99.5795186">
      </trkpt>
      <trkpt lat="18.2149124" lon="99.579648">
      </trkpt>
      <trkpt lat="18.2257843" lon="99.5875998">
      </trkpt>
      <trkpt lat="18.2331073" lon="99.593002">
      </trkpt>
      <trkpt lat="18.2336072" lon="99.5933485">
      </trkpt>
      <trkpt lat="18.234113" lon="99.5936877">
      </trkpt>
      <trkpt lat="18.2344335" lon="99.5938661">
      </trkpt>
      <trkpt lat="18.2348192" lon="99.594048">
      </trkpt>
      <trkpt lat="18.2374773" lon="99.5953511">
      </trkpt>
      <trkpt lat="18.2387197" lon="99.595943">
      </trkpt>
      <trkpt lat="18.2391566" lon="99.5961561">
      </trkpt>
      <trkpt lat="18.2412444" lon="99.5973057">
      </trkpt>
      <trkpt lat="18.2417622" lon="99.5976367">
      </trkpt>
      <trkpt lat="18.242166" lon="99.597943">
      </trkpt>
      <trkpt lat="18.2425716" lon="99.598247">
      </trkpt>
      <trkpt lat="18.2427682" lon="99.5984004">
      </trkpt>
      <trkpt lat="18.2430044" lon="99.5986267">
      </trkpt>
      <trkpt lat="18.243189" lon="99.5988302">
      </trkpt>
      <trkpt lat="18.2433691" lon="99.5990621">
      </trkpt>
      <trkpt lat="18.2435233" lon="99.5993077">
      </trkpt>
      <trkpt lat="18.2437058" lon="99.5996131">
      </trkpt>
      <trkpt lat="18.2438984" lon="99.5999823">
      </trkpt>
      <trkpt lat="18.2440823" lon="99.600452">
      </trkpt>
      <trkpt lat="18.2445997" lon="99.602004">
      </trkpt>
      <trkpt lat="18.2463639" lon="99.6074525">
      </trkpt>
      <trkpt lat="18.2465155" lon="99.6078237">
      </trkpt>
      <trkpt lat="18.2466805" lon="99.6081815">
      </trkpt>
      <trkpt lat="18.2486664" lon="99.6120844">
      </trkpt>
      <trkpt lat="18.2490392" lon="99.6127433">
      </trkpt>
      <trkpt lat="18.2494837" lon="99.6134161">
      </trkpt>
      <trkpt lat="18.2529171" lon="99.6182903">
      </trkpt>
      <trkpt lat="18.2533762" lon="99.6189772">
      </trkpt>
      <trkpt lat="18.2537099" lon="99.6195499">
      </trkpt>
      <trkpt lat="18.2540078" lon="99.6201119">
      </trkpt>
      <trkpt lat="18.2587194" lon="99.6292945">
      </trkpt>
      <trkpt lat="18.2589469" lon="99.6297512">
      </trkpt>
      <trkpt lat="18.2591381" lon="99.6301919">
      </trkpt>
      <trkpt lat="18.2593115" lon="99.6306733">
      </trkpt>
      <trkpt lat="18.2594535" lon="99.6311452">
      </trkpt>
      <trkpt lat="18.259571" lon="99.6316296">
      </trkpt>
      <trkpt lat="18.2596801" lon="99.6321701">
      </trkpt>
      <trkpt lat="18.2597452" lon="99.6326512">
      </trkpt>
      <trkpt lat="18.2597955" lon="99.6331508">
      </trkpt>
      <trkpt lat="18.2598172" lon="99.6336514">
      </trkpt>
      <trkpt lat="18.259803" lon="99.6342433">
      </trkpt>
      <trkpt lat="18.2597586" lon="99.6347913">
      </trkpt>
      <trkpt lat="18.259692" lon="99.6353039">
      </trkpt>
      <trkpt lat="18.2596306" lon="99.6357502">
      </trkpt>
      <trkpt lat="18.2589266" lon="99.6404218">
      </trkpt>
      <trkpt lat="18.2589183" lon="99.6404805">
      </trkpt>
      <trkpt lat="18.2558995" lon="99.657472">
      </trkpt>
      <trkpt lat="18.2556156" lon="99.6590899">
      </trkpt>
      <trkpt lat="18.2556119" lon="99.6591107">
      </trkpt>
      <trkpt lat="18.2554615" lon="99.6599414">
      </trkpt>
      <trkpt lat="18.2536826" lon="99.6703089">
      </trkpt>
      <trkpt lat="18.2536195" lon="99.670718">
      </trkpt>
      <trkpt lat="18.253567" lon="99.6711876">
      </trkpt>
      <trkpt lat="18.2535358" lon="99.6715867">
      </trkpt>
      <trkpt lat="18.2535164" lon="99.6720279">
      </trkpt>
      <trkpt lat="18.2535208" lon="99.6724298">
      </trkpt>
      <trkpt lat="18.2535381" lon="99.6727862">
      </trkpt>
      <trkpt lat="18.2535921" lon="99.6732695">
      </trkpt>
      <trkpt lat="18.2549744" lon="99.6848869">
      </trkpt>
      <trkpt lat="18.2550066" lon="99.6852449">
      </trkpt>
      <trkpt lat="18.2550301" lon="99.6856443">
      </trkpt>
      <trkpt lat="18.2550223" lon="99.686083">
      </trkpt>
      <trkpt lat="18.2549922" lon="99.6864341">
      </trkpt>
      <trkpt lat="18.2549914" lon="99.6864768">
      </trkpt>
      <trkpt lat="18.2549661" lon="99.6868104">
      </trkpt>
      <trkpt lat="18.2549057" lon="99.6872307">
      </trkpt>
      <trkpt lat="18.2548295" lon="99.6876854">
      </trkpt>
      <trkpt lat="18.2547213" lon="99.6881802">
      </trkpt>
      <trkpt lat="18.2546009" lon="99.6886176">
      </trkpt>
      <trkpt lat="18.2540419" lon="99.690508">
      </trkpt>
      <trkpt lat="18.2531833" lon="99.6934487">
      </trkpt>
      <trkpt lat="18.2531154" lon="99.693747">
      </trkpt>
      <trkpt lat="18.2530582" lon="99.6940615">
      </trkpt>
      <trkpt lat="18.2530396" lon="99.6943748">
      </trkpt>
      <trkpt lat="18.2530556" lon="99.6946781">
      </trkpt>
      <trkpt lat="18.253087" lon="99.6949214">
      </trkpt>
      <trkpt lat="18.2531368" lon="99.6951192">
      </trkpt>
      <trkpt lat="18.2531944" lon="99.6953314">
      </trkpt>
      <trkpt lat="18.2534299" lon="99.6961031">
      </trkpt>
      <trkpt lat="18.253532" lon="99.6964734">
      </trkpt>
      <trkpt lat="18.2535968" lon="99.6968983">
      </trkpt>
      <trkpt lat="18.2536289" lon="99.6973741">
      </trkpt>
      <trkpt lat="18.2536547" lon="99.6981893">
      </trkpt>
      <trkpt lat="18.2536787" lon="99.6984342">
      </trkpt>
      <trkpt lat="18.2537268" lon="99.6986917">
      </trkpt>
      <trkpt lat="18.2541866" lon="99.7005184">
      </trkpt>
      <trkpt lat="18.2542785" lon="99.7007802">
      </trkpt>
      <trkpt lat="18.2543952" lon="99.7010066">
      </trkpt>
      <trkpt lat="18.2545501" lon="99.7012781">
      </trkpt>
      <trkpt lat="18.2547539" lon="99.7015125">
      </trkpt>
      <trkpt lat="18.2549552" lon="99.7017071">
      </trkpt>
      <trkpt lat="18.2551587" lon="99.7018688">
      </trkpt>
      <trkpt lat="18.2554035" lon="99.7020371">
      </trkpt>
      <trkpt lat="18.2556098" lon="99.7021395">
      </trkpt>
      <trkpt lat="18.2557996" lon="99.7022249">
      </trkpt>
      <trkpt lat="18.2564575" lon="99.7025378">
      </trkpt>
      <trkpt lat="18.2566526" lon="99.7026373">
      </trkpt>
      <trkpt lat="18.2568528" lon="99.7027523">
      </trkpt>
      <trkpt lat="18.2572041" lon="99.7029589">
      </trkpt>
      <trkpt lat="18.2577442" lon="99.7033201">
      </trkpt>
      <trkpt lat="18.2583852" lon="99.7037665">
      </trkpt>
      <trkpt lat="18.2584997" lon="99.7038536">
      </trkpt>
      <trkpt lat="18.2587414" lon="99.7040462">
      </trkpt>
      <trkpt lat="18.2589146" lon="99.704198">
      </trkpt>
      <trkpt lat="18.2590821" lon="99.7043561">
      </trkpt>
      <trkpt lat="18.25926" lon="99.7045518">
      </trkpt>
      <trkpt lat="18.259581" lon="99.7049237">
      </trkpt>
      <trkpt lat="18.259744" lon="99.7051097">
      </trkpt>
      <trkpt lat="18.2613977" lon="99.7070391">
      </trkpt>
      <trkpt lat="18.2625571" lon="99.7083671">
      </trkpt>
      <trkpt lat="18.2628867" lon="99.7086633">
      </trkpt>
      <trkpt lat="18.2632285" lon="99.708909">
      </trkpt>
      <trkpt lat="18.2642939" lon="99.7095508">
      </trkpt>
      <trkpt lat="18.2645005" lon="99.7096925">
      </trkpt>
      <trkpt lat="18.2646415" lon="99.7098165">
      </trkpt>
      <trkpt lat="18.2647671" lon="99.7099319">
      </trkpt>
      <trkpt lat="18.2649157" lon="99.7100967">
      </trkpt>
      <trkpt lat="18.2650203" lon="99.7102308">
      </trkpt>
      <trkpt lat="18.2651187" lon="99.7103843">
      </trkpt>
      <trkpt lat="18.2652224" lon="99.7105635">
      </trkpt>
      <trkpt lat="18.265304" lon="99.7107159">
      </trkpt>
      <trkpt lat="18.2653671" lon="99.7108794">
      </trkpt>
      <trkpt lat="18.2654174" lon="99.7110274">
      </trkpt>
      <trkpt lat="18.2654704" lon="99.7112097">
      </trkpt>
      <trkpt lat="18.2654948" lon="99.7113701">
      </trkpt>
      <trkpt lat="18.2655163" lon="99.7115359">
      </trkpt>
      <trkpt lat="18.2656771" lon="99.7130362">
      </trkpt>
      <trkpt lat="18.2659729" lon="99.7160678">
      </trkpt>
      <trkpt lat="18.2660889" lon="99.7174374">
      </trkpt>
      <trkpt lat="18.2661076" lon="99.7177735">
      </trkpt>
      <trkpt lat="18.2661056" lon="99.718088">
      </trkpt>
      <trkpt lat="18.2660738" lon="99.7184149">
      </trkpt>
      <trkpt lat="18.2660245" lon="99.7186936">
      </trkpt>
      <trkpt lat="18.2659746" lon="99.7189629">
      </trkpt>
      <trkpt lat="18.2652816" lon="99.7223153">
      </trkpt>
      <trkpt lat="18.2652092" lon="99.7227471">
      </trkpt>
      <trkpt lat="18.2651702" lon="99.7231413">
      </trkpt>
      <trkpt lat="18.26516" lon="99.7235276">
      </trkpt>
      <trkpt lat="18.2651731" lon="99.7239823">
      </trkpt>
      <trkpt lat="18.265683" lon="99.7363975">
      </trkpt>
      <trkpt lat="18.2656811" lon="99.7368305">
      </trkpt>
      <trkpt lat="18.2656572" lon="99.7372406">
      </trkpt>
      <trkpt lat="18.2656048" lon="99.7376356">
      </trkpt>
      <trkpt lat="18.2655397" lon="99.7380245">
      </trkpt>
      <trkpt lat="18.2654579" lon="99.7384123">
      </trkpt>
      <trkpt lat="18.2637121" lon="99.744971">
      </trkpt>
      <trkpt lat="18.263604" lon="99.7454238">
      </trkpt>
      <trkpt lat="18.2635632" lon="99.7458805">
      </trkpt>
      <trkpt lat="18.2635613" lon="99.7462705">
      </trkpt>
      <trkpt lat="18.2635888" lon="99.7466446">
      </trkpt>
      <trkpt lat="18.263671" lon="99.74703">
      </trkpt>
      <trkpt lat="18.2637826" lon="99.7473685">
      </trkpt>
      <trkpt lat="18.2639338" lon="99.7477382">
      </trkpt>
      <trkpt lat="18.2641196" lon="99.7481065">
      </trkpt>
      <trkpt lat="18.2643291" lon="99.7484293">
      </trkpt>
      <trkpt lat="18.2646549" lon="99.7487961">
      </trkpt>
      <trkpt lat="18.2649212" lon="99.7490669">
      </trkpt>
      <trkpt lat="18.2659173" lon="99.7500059">
      </trkpt>
      <trkpt lat="18.2661908" lon="99.7503074">
      </trkpt>
      <trkpt lat="18.266434" lon="99.7506425">
      </trkpt>
      <trkpt lat="18.2665988" lon="99.7509349">
      </trkpt>
      <trkpt lat="18.26675" lon="99.7512803">
      </trkpt>
      <trkpt lat="18.2668611" lon="99.7516197">
      </trkpt>
      <trkpt lat="18.2669335" lon="99.7518916">
      </trkpt>
      <trkpt lat="18.2669901" lon="99.7522533">
      </trkpt>
      <trkpt lat="18.2670188" lon="99.7525718">
      </trkpt>
      <trkpt lat="18.2670325" lon="99.7529605">
      </trkpt>
      <trkpt lat="18.2670264" lon="99.7615778">
      </trkpt>
      <trkpt lat="18.267029" lon="99.7652478">
      </trkpt>
      <trkpt lat="18.2670492" lon="99.765841">
      </trkpt>
      <trkpt lat="18.2670874" lon="99.7664016">
      </trkpt>
      <trkpt lat="18.2671652" lon="99.766983">
      </trkpt>
      <trkpt lat="18.268614" lon="99.7760664">
      </trkpt>
      <trkpt lat="18.2686912" lon="99.7764892">
      </trkpt>
      <trkpt lat="18.2687951" lon="99.7769203">
      </trkpt>
      <trkpt lat="18.2689143" lon="99.7773015">
      </trkpt>
      <trkpt lat="18.2690467" lon="99.7776393">
      </trkpt>
      <trkpt lat="18.2715696" lon="99.7834589">
      </trkpt>
      <trkpt lat="18.2720335" lon="99.784528">
      </trkpt>
      <trkpt lat="18.2728984" lon="99.7865146">
      </trkpt>
      <trkpt lat="18.2729397" lon="99.7866104">
      </trkpt>
      <trkpt lat="18.2738284" lon="99.7886716">
      </trkpt>
      <trkpt lat="18.2739677" lon="99.7889945">
      </trkpt>
      <trkpt lat="18.274541" lon="99.7903366">
      </trkpt>
      <trkpt lat="18.2747964" lon="99.7909005">
      </trkpt>
      <trkpt lat="18.2772359" lon="99.7965402">
      </trkpt>
      <trkpt lat="18.2773415" lon="99.7968328">
      </trkpt>
      <trkpt lat="18.2774198" lon="99.7970744">
      </trkpt>
      <trkpt lat="18.2774791" lon="99.7972892">
      </trkpt>
      <trkpt lat="18.2775167" lon="99.7974819">
      </trkpt>
      <trkpt lat="18.2775484" lon="99.7976833">
      </trkpt>
      <trkpt lat="18.2775653" lon="99.7978394">
      </trkpt>
      <trkpt lat="18.2775789" lon="99.7980535">
      </trkpt>
      <trkpt lat="18.2775827" lon="99.7982783">
      </trkpt>
      <trkpt lat="18.2775566" lon="99.8003947">
      </trkpt>
      <trkpt lat="18.2775595" lon="99.8006237">
      </trkpt>
      <trkpt lat="18.2775718" lon="99.800849">
      </trkpt>
      <trkpt lat="18.2776453" lon="99.8023182">
      </trkpt>
      <trkpt lat="18.2776455" lon="99.8024885">
      </trkpt>
      <trkpt lat="18.2776435" lon="99.802694">
      </trkpt>
      <trkpt lat="18.2774706" lon="99.8063107">
      </trkpt>
      <trkpt lat="18.2774736" lon="99.8067039">
      </trkpt>
      <trkpt lat="18.2775075" lon="99.8070561">
      </trkpt>
      <trkpt lat="18.2775701" lon="99.8074057">
      </trkpt>
      <trkpt lat="18.2776718" lon="99.8077421">
      </trkpt>
      <trkpt lat="18.2777767" lon="99.8080118">
      </trkpt>
      <trkpt lat="18.2779254" lon="99.8083137">
      </trkpt>
      <trkpt lat="18.2781438" lon="99.8086682">
      </trkpt>
      <trkpt lat="18.2793329" lon="99.8104245">
      </trkpt>
      <trkpt lat="18.2794958" lon="99.8106432">
      </trkpt>
      <trkpt lat="18.2796406" lon="99.8108076">
      </trkpt>
      <trkpt lat="18.2798646" lon="99.8110681">
      </trkpt>
      <trkpt lat="18.280095" lon="99.8113202">
      </trkpt>
      <trkpt lat="18.2803378" lon="99.811562">
      </trkpt>
      <trkpt lat="18.2805209" lon="99.8117338">
      </trkpt>
      <trkpt lat="18.2806783" lon="99.8118722">
      </trkpt>
      <trkpt lat="18.2808168" lon="99.811994">
      </trkpt>
      <trkpt lat="18.2812636" lon="99.8123593">
      </trkpt>
      <trkpt lat="18.2817697" lon="99.8127174">
      </trkpt>
      <trkpt lat="18.2819871" lon="99.8128488">
      </trkpt>
      <trkpt lat="18.2823933" lon="99.8130811">
      </trkpt>
      <trkpt lat="18.2830922" lon="99.8134464">
      </trkpt>
      <trkpt lat="18.2842697" lon="99.8139989">
      </trkpt>
      <trkpt lat="18.2845891" lon="99.8141499">
      </trkpt>
      <trkpt lat="18.2864994" lon="99.8149757">
      </trkpt>
      <trkpt lat="18.2903258" lon="99.8165372">
      </trkpt>
      <trkpt lat="18.2908268" lon="99.8168129">
      </trkpt>
      <trkpt lat="18.2911958" lon="99.8170512">
      </trkpt>
      <trkpt lat="18.2914957" lon="99.8172817">
      </trkpt>
      <trkpt lat="18.29183" lon="99.817547">
      </trkpt>
      <trkpt lat="18.2921457" lon="99.8178053">
      </trkpt>
      <trkpt lat="18.2924271" lon="99.8180725">
      </trkpt>
      <trkpt lat="18.2926757" lon="99.8183532">
      </trkpt>
      <trkpt lat="18.2929613" lon="99.818701">
      </trkpt>
      <trkpt lat="18.2932404" lon="99.8190499">
      </trkpt>
      <trkpt lat="18.2939906" lon="99.8200357">
      </trkpt>
      <trkpt lat="18.294228" lon="99.8203157">
      </trkpt>
      <trkpt lat="18.2944865" lon="99.82059">
      </trkpt>
      <trkpt lat="18.2952006" lon="99.8213363">
      </trkpt>
      <trkpt lat="18.2954385" lon="99.8215822">
      </trkpt>
      <trkpt lat="18.295628" lon="99.8217924">
      </trkpt>
      <trkpt lat="18.2958366" lon="99.8220647">
      </trkpt>
      <trkpt lat="18.296021" lon="99.8223118">
      </trkpt>
      <trkpt lat="18.2962408" lon="99.8226563">
      </trkpt>
      <trkpt lat="18.2964237" lon="99.8229924">
      </trkpt>
      <trkpt lat="18.2966026" lon="99.823341">
      </trkpt>
      <trkpt lat="18.2968138" lon="99.8238519">
      </trkpt>
      <trkpt lat="18.2969614" lon="99.8242543">
      </trkpt>
      <trkpt lat="18.2970867" lon="99.8246419">
      </trkpt>
      <trkpt lat="18.2972292" lon="99.825213">
      </trkpt>
      <trkpt lat="18.2974685" lon="99.826073">
      </trkpt>
      <trkpt lat="18.2975298" lon="99.8262789">
      </trkpt>
      <trkpt lat="18.2976117" lon="99.8265119">
      </trkpt>
      <trkpt lat="18.2977129" lon="99.8267431">
      </trkpt>
      <trkpt lat="18.2978583" lon="99.8270445">
      </trkpt>
      <trkpt lat="18.2979799" lon="99.8272628">
      </trkpt>
      <trkpt lat="18.2981433" lon="99.827521">
      </trkpt>
      <trkpt lat="18.2982886" lon="99.8277282">
      </trkpt>
      <trkpt lat="18.2984199" lon="99.8278999">
      </trkpt>
      <trkpt lat="18.2995421" lon="99.8291273">
      </trkpt>
      <trkpt lat="18.2997602" lon="99.8293645">
      </trkpt>
      <trkpt lat="18.2999497" lon="99.8296177">
      </trkpt>
      <trkpt lat="18.3001235" lon="99.8298352">
      </trkpt>
      <trkpt lat="18.3002792" lon="99.8300984">
      </trkpt>
      <trkpt lat="18.3004182" lon="99.8303399">
      </trkpt>
      <trkpt lat="18.3005736" lon="99.8306492">
      </trkpt>
      <trkpt lat="18.3010788" lon="99.8317335">
      </trkpt>
      <trkpt lat="18.3011676" lon="99.8319453">
      </trkpt>
      <trkpt lat="18.3012333" lon="99.8321147">
      </trkpt>
      <trkpt lat="18.3013" lon="99.8323033">
      </trkpt>
      <trkpt lat="18.3013628" lon="99.8324942">
      </trkpt>
      <trkpt lat="18.3014293" lon="99.8327041">
      </trkpt>
      <trkpt lat="18.3014982" lon="99.8329667">
      </trkpt>
      <trkpt lat="18.3015475" lon="99.8332406">
      </trkpt>
      <trkpt lat="18.3015899" lon="99.8335271">
      </trkpt>
      <trkpt lat="18.3016116" lon="99.8337608">
      </trkpt>
      <trkpt lat="18.3016233" lon="99.8340047">
      </trkpt>
      <trkpt lat="18.3016251" lon="99.8343233">
      </trkpt>
      <trkpt lat="18.3016155" lon="99.8346973">
      </trkpt>
      <trkpt lat="18.3015972" lon="99.8350868">
      </trkpt>
      <trkpt lat="18.3015648" lon="99.8357151">
      </trkpt>
      <trkpt lat="18.3015586" lon="99.8360023">
      </trkpt>
      <trkpt lat="18.3015693" lon="99.836283">
      </trkpt>
      <trkpt lat="18.3015959" lon="99.8365623">
      </trkpt>
      <trkpt lat="18.3016272" lon="99.8367871">
      </trkpt>
      <trkpt lat="18.3016656" lon="99.8369757">
      </trkpt>
      <trkpt lat="18.3017131" lon="99.8371919">
      </trkpt>
      <trkpt lat="18.3017822" lon="99.837445">
      </trkpt>
      <trkpt lat="18.3018782" lon="99.8377218">
      </trkpt>
      <trkpt lat="18.3019872" lon="99.8379803">
      </trkpt>
      <trkpt lat="18.3020732" lon="99.8381602">
      </trkpt>
      <trkpt lat="18.3022087" lon="99.8384164">
      </trkpt>
      <trkpt lat="18.3027853" lon="99.839436">
      </trkpt>
      <trkpt lat="18.3028983" lon="99.8396229">
      </trkpt>
      <trkpt lat="18.3030028" lon="99.8398384">
      </trkpt>
      <trkpt lat="18.3030816" lon="99.8400295">
      </trkpt>
      <trkpt lat="18.3031574" lon="99.8402395">
      </trkpt>
      <trkpt lat="18.3032313" lon="99.8404881">
      </trkpt>
      <trkpt lat="18.3032808" lon="99.840696">
      </trkpt>
      <trkpt lat="18.3033184" lon="99.8409002">
      </trkpt>
      <trkpt lat="18.3033438" lon="99.8411333">
      </trkpt>
      <trkpt lat="18.3033565" lon="99.8413593">
      </trkpt>
      <trkpt lat="18.3033591" lon="99.8415707">
      </trkpt>
      <trkpt lat="18.3033471" lon="99.8417377">
      </trkpt>
      <trkpt lat="18.3033322" lon="99.84192">
      </trkpt>
      <trkpt lat="18.3033086" lon="99.842131">
      </trkpt>
      <trkpt lat="18.303262" lon="99.8423698">
      </trkpt>
      <trkpt lat="18.3032065" lon="99.8425809">
      </trkpt>
      <trkpt lat="18.3031435" lon="99.8428097">
      </trkpt>
      <trkpt lat="18.3030412" lon="99.8431007">
      </trkpt>
      <trkpt lat="18.3029335" lon="99.8433448">
      </trkpt>
      <trkpt lat="18.302779" lon="99.843621">
      </trkpt>
      <trkpt lat="18.3026308" lon="99.8438823">
      </trkpt>
      <trkpt lat="18.302114" lon="99.8447768">
      </trkpt>
      <trkpt lat="18.3019922" lon="99.8450074">
      </trkpt>
      <trkpt lat="18.3019511" lon="99.8451085">
      </trkpt>
      <trkpt lat="18.3018805" lon="99.8452824">
      </trkpt>
      <trkpt lat="18.301769" lon="99.845594">
      </trkpt>
      <trkpt lat="18.3016605" lon="99.8459528">
      </trkpt>
      <trkpt lat="18.3014558" lon="99.8467211">
      </trkpt>
      <trkpt lat="18.3013445" lon="99.8470994">
      </trkpt>
      <trkpt lat="18.3012011" lon="99.8474451">
      </trkpt>
      <trkpt lat="18.301028" lon="99.8478338">
      </trkpt>
      <trkpt lat="18.3008055" lon="99.8482314">
      </trkpt>
      <trkpt lat="18.3006114" lon="99.848524">
      </trkpt>
      <trkpt lat="18.3004778" lon="99.8487448">
      </trkpt>
      <trkpt lat="18.2995812" lon="99.8500928">
      </trkpt>
      <trkpt lat="18.2993694" lon="99.8504492">
      </trkpt>
      <trkpt lat="18.2992105" lon="99.8507647">
      </trkpt>
      <trkpt lat="18.299097" lon="99.8510132">
      </trkpt>
      <trkpt lat="18.2989834" lon="99.8513075">
      </trkpt>
      <trkpt lat="18.2988865" lon="99.8516514">
      </trkpt>
      <trkpt lat="18.2988176" lon="99.851982">
      </trkpt>
      <trkpt lat="18.2987687" lon="99.8523035">
      </trkpt>
      <trkpt lat="18.2987344" lon="99.8526019">
      </trkpt>
      <trkpt lat="18.2987048" lon="99.8529693">
      </trkpt>
      <trkpt lat="18.2987069" lon="99.8532489">
      </trkpt>
      <trkpt lat="18.2987151" lon="99.8535465">
      </trkpt>
      <trkpt lat="18.2987441" lon="99.8538476">
      </trkpt>
      <trkpt lat="18.2987801" lon="99.8541784">
      </trkpt>
      <trkpt lat="18.2989442" lon="99.8554213">
      </trkpt>
      <trkpt lat="18.29897" lon="99.8557692">
      </trkpt>
      <trkpt lat="18.2989874" lon="99.8561132">
      </trkpt>
      <trkpt lat="18.2989854" lon="99.8564338">
      </trkpt>
      <trkpt lat="18.2989699" lon="99.8569384">
      </trkpt>
      <trkpt lat="18.2989284" lon="99.8583276">
      </trkpt>
      <trkpt lat="18.2988797" lon="99.8597509">
      </trkpt>
      <trkpt lat="18.2988371" lon="99.8609709">
      </trkpt>
      <trkpt lat="18.2988239" lon="99.8611509">
      </trkpt>
      <trkpt lat="18.2987964" lon="99.8613396">
      </trkpt>
      <trkpt lat="18.298766" lon="99.8614973">
      </trkpt>
      <trkpt lat="18.2987235" lon="99.8616534">
      </trkpt>
      <trkpt lat="18.2986706" lon="99.861841">
      </trkpt>
      <trkpt lat="18.2985904" lon="99.8620425">
      </trkpt>
      <trkpt lat="18.2984963" lon="99.8622472">
      </trkpt>
      <trkpt lat="18.2983363" lon="99.8625658">
      </trkpt>
      <trkpt lat="18.298037" lon="99.8630967">
      </trkpt>
      <trkpt lat="18.2979309" lon="99.8632702">
      </trkpt>
      <trkpt lat="18.2978257" lon="99.8634055">
      </trkpt>
      <trkpt lat="18.2976706" lon="99.8635494">
      </trkpt>
      <trkpt lat="18.2974856" lon="99.8636867">
      </trkpt>
      <trkpt lat="18.2972813" lon="99.8638005">
      </trkpt>
      <trkpt lat="18.2959154" lon="99.8643659">
      </trkpt>
      <trkpt lat="18.295703" lon="99.8644526">
      </trkpt>
      <trkpt lat="18.2954897" lon="99.8645681">
      </trkpt>
      <trkpt lat="18.2953033" lon="99.8646928">
      </trkpt>
      <trkpt lat="18.2951938" lon="99.8647768">
      </trkpt>
      <trkpt lat="18.2950848" lon="99.8648797">
      </trkpt>
      <trkpt lat="18.2949441" lon="99.8650353">
      </trkpt>
      <trkpt lat="18.2948294" lon="99.8652047">
      </trkpt>
      <trkpt lat="18.2944604" lon="99.8658245">
      </trkpt>
      <trkpt lat="18.2943914" lon="99.8659393">
      </trkpt>
      <trkpt lat="18.2943229" lon="99.8660341">
      </trkpt>
      <trkpt lat="18.2942207" lon="99.8661531">
      </trkpt>
      <trkpt lat="18.2940985" lon="99.8662742">
      </trkpt>
      <trkpt lat="18.2940076" lon="99.8663562">
      </trkpt>
      <trkpt lat="18.2938298" lon="99.866485">
      </trkpt>
      <trkpt lat="18.2933243" lon="99.8668159">
      </trkpt>
      <trkpt lat="18.2931958" lon="99.8668903">
      </trkpt>
      <trkpt lat="18.2930785" lon="99.866947">
      </trkpt>
      <trkpt lat="18.292977" lon="99.8669869">
      </trkpt>
      <trkpt lat="18.2928463" lon="99.8670266">
      </trkpt>
      <trkpt lat="18.292694" lon="99.8670581">
      </trkpt>
      <trkpt lat="18.29253" lon="99.8670765">
      </trkpt>
      <trkpt lat="18.2923823" lon="99.8670751">
      </trkpt>
      <trkpt lat="18.2922238" lon="99.8670561">
      </trkpt>
      <trkpt lat="18.2914769" lon="99.8669328">
      </trkpt>
      <trkpt lat="18.2912805" lon="99.8669037">
      </trkpt>
      <trkpt lat="18.2910952" lon="99.8668867">
      </trkpt>
      <trkpt lat="18.2909371" lon="99.8668865">
      </trkpt>
      <trkpt lat="18.2907704" lon="99.8668919">
      </trkpt>
      <trkpt lat="18.2905682" lon="99.8669105">
      </trkpt>
      <trkpt lat="18.2891887" lon="99.8671072">
      </trkpt>
      <trkpt lat="18.2889924" lon="99.8671403">
      </trkpt>
      <trkpt lat="18.288814" lon="99.8671771">
      </trkpt>
      <trkpt lat="18.2886292" lon="99.8672284">
      </trkpt>
      <trkpt lat="18.288424" lon="99.8672978">
      </trkpt>
      <trkpt lat="18.2878574" lon="99.8675042">
      </trkpt>
      <trkpt lat="18.2876984" lon="99.8675596">
      </trkpt>
      <trkpt lat="18.2875452" lon="99.8675992">
      </trkpt>
      <trkpt lat="18.2873911" lon="99.8676301">
      </trkpt>
      <trkpt lat="18.2872049" lon="99.8676491">
      </trkpt>
      <trkpt lat="18.2870527" lon="99.8676534">
      </trkpt>
      <trkpt lat="18.2868635" lon="99.8676408">
      </trkpt>
      <trkpt lat="18.2867112" lon="99.8676141">
      </trkpt>
      <trkpt lat="18.286579" lon="99.8675796">
      </trkpt>
      <trkpt lat="18.2864727" lon="99.8675413">
      </trkpt>
      <trkpt lat="18.2863223" lon="99.8674776">
      </trkpt>
      <trkpt lat="18.2861694" lon="99.867396">
      </trkpt>
      <trkpt lat="18.2860125" lon="99.8672978">
      </trkpt>
      <trkpt lat="18.2856484" lon="99.8670435">
      </trkpt>
      <trkpt lat="18.2855108" lon="99.8669566">
      </trkpt>
      <trkpt lat="18.2853742" lon="99.8668813">
      </trkpt>
      <trkpt lat="18.2852063" lon="99.8668023">
      </trkpt>
      <trkpt lat="18.2850152" lon="99.8667354">
      </trkpt>
      <trkpt lat="18.2839508" lon="99.8664357">
      </trkpt>
      <trkpt lat="18.2836295" lon="99.8663183">
      </trkpt>
      <trkpt lat="18.2833949" lon="99.8662143">
      </trkpt>
      <trkpt lat="18.2830506" lon="99.8660447">
      </trkpt>
      <trkpt lat="18.2829154" lon="99.865967">
      </trkpt>
      <trkpt lat="18.2827834" lon="99.865888">
      </trkpt>
      <trkpt lat="18.2822271" lon="99.8654876">
      </trkpt>
      <trkpt lat="18.279744" lon="99.8635163">
      </trkpt>
      <trkpt lat="18.2794078" lon="99.8632426">
      </trkpt>
      <trkpt lat="18.2792356" lon="99.8631323">
      </trkpt>
      <trkpt lat="18.2790733" lon="99.8630538">
      </trkpt>
      <trkpt lat="18.2787711" lon="99.8629609">
      </trkpt>
      <trkpt lat="18.2785796" lon="99.8629396">
      </trkpt>
      <trkpt lat="18.2784162" lon="99.8629386">
      </trkpt>
      <trkpt lat="18.2782261" lon="99.8629504">
      </trkpt>
      <trkpt lat="18.2780605" lon="99.8629958">
      </trkpt>
      <trkpt lat="18.2778719" lon="99.863058">
      </trkpt>
      <trkpt lat="18.2777122" lon="99.8631419">
      </trkpt>
      <trkpt lat="18.2775023" lon="99.8632785">
      </trkpt>
      <trkpt lat="18.2773448" lon="99.863425">
      </trkpt>
      <trkpt lat="18.276731" lon="99.8642323">
      </trkpt>
      <trkpt lat="18.2766007" lon="99.8643729">
      </trkpt>
      <trkpt lat="18.276476" lon="99.8644846">
      </trkpt>
      <trkpt lat="18.2762771" lon="99.8646117">
      </trkpt>
      <trkpt lat="18.2760918" lon="99.864715">
      </trkpt>
      <trkpt lat="18.2759066" lon="99.8647868">
      </trkpt>
      <trkpt lat="18.2756581" lon="99.8648454">
      </trkpt>
      <trkpt lat="18.2750888" lon="99.8649142">
      </trkpt>
      <trkpt lat="18.2747985" lon="99.8649813">
      </trkpt>
      <trkpt lat="18.2745782" lon="99.8650674">
      </trkpt>
      <trkpt lat="18.2743848" lon="99.8651759">
      </trkpt>
      <trkpt lat="18.2741673" lon="99.8653271">
      </trkpt>
      <trkpt lat="18.2739525" lon="99.8655103">
      </trkpt>
      <trkpt lat="18.2728415" lon="99.8666077">
      </trkpt>
      <trkpt lat="18.2725926" lon="99.8668264">
      </trkpt>
      <trkpt lat="18.2723309" lon="99.8670464">
      </trkpt>
      <trkpt lat="18.2720533" lon="99.867231">
      </trkpt>
      <trkpt lat="18.2718249" lon="99.8673502">
      </trkpt>
      <trkpt lat="18.2715972" lon="99.8674351">
      </trkpt>
      <trkpt lat="18.2709654" lon="99.8676161">
      </trkpt>
      <trkpt lat="18.2707314" lon="99.8677078">
      </trkpt>
      <trkpt lat="18.2704064" lon="99.8678361">
      </trkpt>
      <trkpt lat="18.2701276" lon="99.8679961">
      </trkpt>
      <trkpt lat="18.2698586" lon="99.8681659">
      </trkpt>
      <trkpt lat="18.2689009" lon="99.8688775">
      </trkpt>
      <trkpt lat="18.2687143" lon="99.8690295">
      </trkpt>
      <trkpt lat="18.2685655" lon="99.8691675">
      </trkpt>
      <trkpt lat="18.2684539" lon="99.8692992">
      </trkpt>
      <trkpt lat="18.2683376" lon="99.8694578">
      </trkpt>
      <trkpt lat="18.2682318" lon="99.8696478">
      </trkpt>
      <trkpt lat="18.2681415" lon="99.8698637">
      </trkpt>
      <trkpt lat="18.2680839" lon="99.8700691">
      </trkpt>
      <trkpt lat="18.2680585" lon="99.8702914">
      </trkpt>
      <trkpt lat="18.2680775" lon="99.8705061">
      </trkpt>
      <trkpt lat="18.2681391" lon="99.8707523">
      </trkpt>
      <trkpt lat="18.2686353" lon="99.8720145">
      </trkpt>
      <trkpt lat="18.2687049" lon="99.8723164">
      </trkpt>
      <trkpt lat="18.2687116" lon="99.8726224">
      </trkpt>
      <trkpt lat="18.2686851" lon="99.8728713">
      </trkpt>
      <trkpt lat="18.2686056" lon="99.8731208">
      </trkpt>
      <trkpt lat="18.2685149" lon="99.8733385">
      </trkpt>
      <trkpt lat="18.2684004" lon="99.8735371">
      </trkpt>
      <trkpt lat="18.2678829" lon="99.874253">
      </trkpt>
      <trkpt lat="18.267715" lon="99.8744197">
      </trkpt>
      <trkpt lat="18.2675895" lon="99.8745198">
      </trkpt>
      <trkpt lat="18.2673175" lon="99.8746769">
      </trkpt>
      <trkpt lat="18.2669691" lon="99.874889">
      </trkpt>
      <trkpt lat="18.2667747" lon="99.8750173">
      </trkpt>
      <trkpt lat="18.2665713" lon="99.8751611">
      </trkpt>
      <trkpt lat="18.2664351" lon="99.8753081">
      </trkpt>
      <trkpt lat="18.2663159" lon="99.8754601">
      </trkpt>
      <trkpt lat="18.2661998" lon="99.8756559">
      </trkpt>
      <trkpt lat="18.2660947" lon="99.8758796">
      </trkpt>
      <trkpt lat="18.2658084" lon="99.8766294">
      </trkpt>
      <trkpt lat="18.265723" lon="99.8768224">
      </trkpt>
      <trkpt lat="18.2655868" lon="99.8770672">
      </trkpt>
      <trkpt lat="18.2654646" lon="99.8772454">
      </trkpt>
      <trkpt lat="18.2643076" lon="99.8786058">
      </trkpt>
      <trkpt lat="18.2641667" lon="99.8787618">
      </trkpt>
      <trkpt lat="18.2640072" lon="99.8789206">
      </trkpt>
      <trkpt lat="18.2638507" lon="99.8790882">
      </trkpt>
      <trkpt lat="18.2637396" lon="99.879184">
      </trkpt>
      <trkpt lat="18.2636021" lon="99.8792825">
      </trkpt>
      <trkpt lat="18.2634087" lon="99.8793939">
      </trkpt>
      <trkpt lat="18.2632447" lon="99.8794684">
      </trkpt>
      <trkpt lat="18.2630726" lon="99.8795334">
      </trkpt>
      <trkpt lat="18.2629316" lon="99.8795686">
      </trkpt>
      <trkpt lat="18.2627508" lon="99.8795861">
      </trkpt>
      <trkpt lat="18.2625572" lon="99.8795758">
      </trkpt>
      <trkpt lat="18.2623738" lon="99.8795419">
      </trkpt>
      <trkpt lat="18.2621784" lon="99.8794796">
      </trkpt>
      <trkpt lat="18.2619605" lon="99.879378">
      </trkpt>
      <trkpt lat="18.2617068" lon="99.879232">
      </trkpt>
      <trkpt lat="18.2605058" lon="99.8783546">
      </trkpt>
      <trkpt lat="18.260011" lon="99.8780189">
      </trkpt>
      <trkpt lat="18.2595951" lon="99.8777599">
      </trkpt>
      <trkpt lat="18.2587067" lon="99.8771975">
      </trkpt>
      <trkpt lat="18.2583991" lon="99.8770067">
      </trkpt>
      <trkpt lat="18.258144" lon="99.8768862">
      </trkpt>
      <trkpt lat="18.2578657" lon="99.8768143">
      </trkpt>
      <trkpt lat="18.2575212" lon="99.8767511">
      </trkpt>
      <trkpt lat="18.2571398" lon="99.8767366">
      </trkpt>
      <trkpt lat="18.2567926" lon="99.8767693">
      </trkpt>
      <trkpt lat="18.2564674" lon="99.8768382">
      </trkpt>
      <trkpt lat="18.2557819" lon="99.8770243">
      </trkpt>
      <trkpt lat="18.255466" lon="99.8770772">
      </trkpt>
      <trkpt lat="18.2551343" lon="99.8770833">
      </trkpt>
      <trkpt lat="18.2548108" lon="99.8770222">
      </trkpt>
      <trkpt lat="18.2545118" lon="99.8769068">
      </trkpt>
      <trkpt lat="18.2544586" lon="99.8768715">
      </trkpt>
      <trkpt lat="18.2542357" lon="99.8767237">
      </trkpt>
      <trkpt lat="18.2537124" lon="99.8762759">
      </trkpt>
      <trkpt lat="18.2535141" lon="99.8760914">
      </trkpt>
      <trkpt lat="18.253256" lon="99.8759551">
      </trkpt>
      <trkpt lat="18.2529695" lon="99.8758483">
      </trkpt>
      <trkpt lat="18.2526853" lon="99.8757857">
      </trkpt>
      <trkpt lat="18.2523411" lon="99.8757834">
      </trkpt>
      <trkpt lat="18.2520756" lon="99.8758098">
      </trkpt>
      <trkpt lat="18.2517466" lon="99.8759131">
      </trkpt>
      <trkpt lat="18.2510947" lon="99.8761832">
      </trkpt>
      <trkpt lat="18.250774" lon="99.8762851">
      </trkpt>
      <trkpt lat="18.2505463" lon="99.8763077">
      </trkpt>
      <trkpt lat="18.2503134" lon="99.8763039">
      </trkpt>
      <trkpt lat="18.2500294" lon="99.8762468">
      </trkpt>
      <trkpt lat="18.2490364" lon="99.8759053">
      </trkpt>
      <trkpt lat="18.2487054" lon="99.8758223">
      </trkpt>
      <trkpt lat="18.2483403" lon="99.8757599">
      </trkpt>
      <trkpt lat="18.2479577" lon="99.8757245">
      </trkpt>
      <trkpt lat="18.2470901" lon="99.8757335">
      </trkpt>
      <trkpt lat="18.2467867" lon="99.8757143">
      </trkpt>
      <trkpt lat="18.246438" lon="99.8756639">
      </trkpt>
      <trkpt lat="18.2461961" lon="99.8755996">
      </trkpt>
      <trkpt lat="18.2455883" lon="99.8753665">
      </trkpt>
      <trkpt lat="18.2453122" lon="99.8752712">
      </trkpt>
      <trkpt lat="18.2451005" lon="99.8752192">
      </trkpt>
      <trkpt lat="18.2448886" lon="99.8752014">
      </trkpt>
      <trkpt lat="18.2446638" lon="99.875213">
      </trkpt>
      <trkpt lat="18.2444893" lon="99.8752321">
      </trkpt>
      <trkpt lat="18.2442646" lon="99.8752964">
      </trkpt>
      <trkpt lat="18.2439978" lon="99.8754038">
      </trkpt>
      <trkpt lat="18.243371" lon="99.8757068">
      </trkpt>
      <trkpt lat="18.2431625" lon="99.8758056">
      </trkpt>
      <trkpt lat="18.2428976" lon="99.875882">
      </trkpt>
      <trkpt lat="18.2426078" lon="99.875934">
      </trkpt>
      <trkpt lat="18.2423664" lon="99.875955">
      </trkpt>
      <trkpt lat="18.2421212" lon="99.8759474">
      </trkpt>
      <trkpt lat="18.2419088" lon="99.8759214">
      </trkpt>
      <trkpt lat="18.2416832" lon="99.8758789">
      </trkpt>
      <trkpt lat="18.240704" lon="99.8756144">
      </trkpt>
      <trkpt lat="18.2405296" lon="99.8755699">
      </trkpt>
      <trkpt lat="18.2403566" lon="99.8755432">
      </trkpt>
      <trkpt lat="18.2401112" lon="99.8755264">
      </trkpt>
      <trkpt lat="18.2398986" lon="99.8755389">
      </trkpt>
      <trkpt lat="18.2396808" lon="99.8755758">
      </trkpt>
      <trkpt lat="18.2394639" lon="99.8756467">
      </trkpt>
      <trkpt lat="18.2392556" lon="99.8757588">
      </trkpt>
      <trkpt lat="18.2386944" lon="99.876101">
      </trkpt>
      <trkpt lat="18.2385459" lon="99.8761873">
      </trkpt>
      <trkpt lat="18.2384001" lon="99.8762456">
      </trkpt>
      <trkpt lat="18.2381458" lon="99.8763137">
      </trkpt>
      <trkpt lat="18.2379215" lon="99.8763498">
      </trkpt>
      <trkpt lat="18.2376786" lon="99.8763457">
      </trkpt>
      <trkpt lat="18.2374679" lon="99.8763161">
      </trkpt>
      <trkpt lat="18.2372581" lon="99.876263">
      </trkpt>
      <trkpt lat="18.2368815" lon="99.8761218">
      </trkpt>
      <trkpt lat="18.236679" lon="99.8760448">
      </trkpt>
      <trkpt lat="18.2364073" lon="99.8759724">
      </trkpt>
      <trkpt lat="18.2361714" lon="99.8759399">
      </trkpt>
      <trkpt lat="18.2359796" lon="99.87594">
      </trkpt>
      <trkpt lat="18.2358403" lon="99.8759497">
      </trkpt>
      <trkpt lat="18.2355785" lon="99.8760046">
      </trkpt>
      <trkpt lat="18.2353418" lon="99.8760948">
      </trkpt>
      <trkpt lat="18.2343531" lon="99.8766107">
      </trkpt>
      <trkpt lat="18.2341194" lon="99.8767112">
      </trkpt>
      <trkpt lat="18.2339083" lon="99.8767786">
      </trkpt>
      <trkpt lat="18.233703" lon="99.8768171">
      </trkpt>
      <trkpt lat="18.2335061" lon="99.8768325">
      </trkpt>
      <trkpt lat="18.2332843" lon="99.8768087">
      </trkpt>
      <trkpt lat="18.233079" lon="99.8767604">
      </trkpt>
      <trkpt lat="18.2328893" lon="99.8766771">
      </trkpt>
      <trkpt lat="18.2324963" lon="99.8764514">
      </trkpt>
      <trkpt lat="18.2322024" lon="99.8762756">
      </trkpt>
      <trkpt lat="18.2319924" lon="99.8761687">
      </trkpt>
      <trkpt lat="18.231791" lon="99.8760985">
      </trkpt>
      <trkpt lat="18.2315976" lon="99.8760634">
      </trkpt>
      <trkpt lat="18.231384" lon="99.8760501">
      </trkpt>
      <trkpt lat="18.2311876" lon="99.8760615">
      </trkpt>
      <trkpt lat="18.2310391" lon="99.8760916">
      </trkpt>
      <trkpt lat="18.2308664" lon="99.8761365">
      </trkpt>
      <trkpt lat="18.2296678" lon="99.8765356">
      </trkpt>
      <trkpt lat="18.2294276" lon="99.876608">
      </trkpt>
      <trkpt lat="18.2291776" lon="99.876672">
      </trkpt>
      <trkpt lat="18.2290528" lon="99.8766984">
      </trkpt>
      <trkpt lat="18.2288545" lon="99.8767337">
      </trkpt>
      <trkpt lat="18.2286436" lon="99.8767602">
      </trkpt>
      <trkpt lat="18.2284838" lon="99.8767745">
      </trkpt>
      <trkpt lat="18.2281845" lon="99.8767828">
      </trkpt>
      <trkpt lat="18.2279518" lon="99.8767761">
      </trkpt>
      <trkpt lat="18.2277432" lon="99.8767611">
      </trkpt>
      <trkpt lat="18.2266282" lon="99.8766518">
      </trkpt>
      <trkpt lat="18.2260782" lon="99.8766104">
      </trkpt>
      <trkpt lat="18.2258585" lon="99.8766036">
      </trkpt>
      <trkpt lat="18.2256248" lon="99.8766026">
      </trkpt>
      <trkpt lat="18.2253815" lon="99.8766115">
      </trkpt>
      <trkpt lat="18.2250335" lon="99.8766368">
      </trkpt>
      <trkpt lat="18.2218673" lon="99.876887">
      </trkpt>
      <trkpt lat="18.2214979" lon="99.8769244">
      </trkpt>
      <trkpt lat="18.2211377" lon="99.8769959">
      </trkpt>
      <trkpt lat="18.2208223" lon="99.8771062">
      </trkpt>
      <trkpt lat="18.2205883" lon="99.8772143">
      </trkpt>
      <trkpt lat="18.2195376" lon="99.8777948">
      </trkpt>
      <trkpt lat="18.2191514" lon="99.8779866">
      </trkpt>
      <trkpt lat="18.2188169" lon="99.878089">
      </trkpt>
      <trkpt lat="18.2184788" lon="99.8781476">
      </trkpt>
      <trkpt lat="18.2181092" lon="99.8781491">
      </trkpt>
      <trkpt lat="18.2177399" lon="99.8781047">
      </trkpt>
      <trkpt lat="18.2173707" lon="99.8780169">
      </trkpt>
      <trkpt lat="18.2170369" lon="99.877875">
      </trkpt>
      <trkpt lat="18.2167216" lon="99.8776985">
      </trkpt>
      <trkpt lat="18.2164123" lon="99.8774631">
      </trkpt>
      <trkpt lat="18.2161314" lon="99.877172">
      </trkpt>
      <trkpt lat="18.2155815" lon="99.8763567">
      </trkpt>
      <trkpt lat="18.2154563" lon="99.8761754">
      </trkpt>
      <trkpt lat="18.215086" lon="99.8757008">
      </trkpt>
      <trkpt lat="18.2148797" lon="99.8754649">
      </trkpt>
      <trkpt lat="18.2147354" lon="99.8753444">
      </trkpt>
      <trkpt lat="18.2145352" lon="99.8751962">
      </trkpt>
      <trkpt lat="18.2135641" lon="99.8746848">
      </trkpt>
      <trkpt lat="18.2134465" lon="99.8746201">
      </trkpt>
      <trkpt lat="18.2133066" lon="99.8745135">
      </trkpt>
      <trkpt lat="18.213059" lon="99.8742861">
      </trkpt>
      <trkpt lat="18.2128934" lon="99.8741167">
      </trkpt>
      <trkpt lat="18.2127629" lon="99.8739529">
      </trkpt>
      <trkpt lat="18.2126348" lon="99.8737587">
      </trkpt>
      <trkpt lat="18.2121033" lon="99.8727927">
      </trkpt>
      <trkpt lat="18.2119289" lon="99.8724934">
      </trkpt>
      <trkpt lat="18.2117117" lon="99.8721676">
      </trkpt>
      <trkpt lat="18.2110212" lon="99.8711813">
      </trkpt>
      <trkpt lat="18.2105024" lon="99.8703947">
      </trkpt>
      <trkpt lat="18.2104139" lon="99.8702654">
      </trkpt>
      <trkpt lat="18.2103355" lon="99.8701703">
      </trkpt>
      <trkpt lat="18.210238" lon="99.8700582">
      </trkpt>
      <trkpt lat="18.2101383" lon="99.869967">
      </trkpt>
      <trkpt lat="18.2100164" lon="99.8698696">
      </trkpt>
      <trkpt lat="18.2099358" lon="99.869821">
      </trkpt>
      <trkpt lat="18.2098055" lon="99.8697486">
      </trkpt>
      <trkpt lat="18.2096534" lon="99.8696932">
      </trkpt>
      <trkpt lat="18.2095091" lon="99.8696523">
      </trkpt>
      <trkpt lat="18.2093533" lon="99.8696283">
      </trkpt>
      <trkpt lat="18.2091915" lon="99.8696109">
      </trkpt>
      <trkpt lat="18.2090491" lon="99.8696099">
      </trkpt>
      <trkpt lat="18.2089064" lon="99.8696177">
      </trkpt>
      <trkpt lat="18.2087575" lon="99.8696348">
      </trkpt>
      <trkpt lat="18.208621" lon="99.8696761">
      </trkpt>
      <trkpt lat="18.2084489" lon="99.8697526">
      </trkpt>
      <trkpt lat="18.2082872" lon="99.8698456">
      </trkpt>
      <trkpt lat="18.2081804" lon="99.8699145">
      </trkpt>
      <trkpt lat="18.2080494" lon="99.8700238">
      </trkpt>
      <trkpt lat="18.2075532" lon="99.870487">
      </trkpt>
      <trkpt lat="18.2072368" lon="99.8707507">
      </trkpt>
      <trkpt lat="18.2069546" lon="99.8709142">
      </trkpt>
      <trkpt lat="18.2066761" lon="99.87104">
      </trkpt>
      <trkpt lat="18.2062364" lon="99.8711948">
      </trkpt>
      <trkpt lat="18.2058181" lon="99.8713031">
      </trkpt>
      <trkpt lat="18.2055179" lon="99.8713608">
      </trkpt>
      <trkpt lat="18.205332" lon="99.8713957">
      </trkpt>
      <trkpt lat="18.2052138" lon="99.8714203">
      </trkpt>
      <trkpt lat="18.2039374" lon="99.871719">
      </trkpt>
      <trkpt lat="18.2035762" lon="99.8717948">
      </trkpt>
      <trkpt lat="18.2030843" lon="99.8718903">
      </trkpt>
      <trkpt lat="18.202919" lon="99.8718938">
      </trkpt>
      <trkpt lat="18.2027297" lon="99.8718818">
      </trkpt>
      <trkpt lat="18.2025391" lon="99.8718288">
      </trkpt>
      <trkpt lat="18.2024028" lon="99.8718073">
      </trkpt>
      <trkpt lat="18.2021528" lon="99.8717013">
      </trkpt>
      <trkpt lat="18.2020042" lon="99.8716104">
      </trkpt>
      <trkpt lat="18.2018235" lon="99.8714485">
      </trkpt>
      <trkpt lat="18.2011165" lon="99.8706533">
      </trkpt>
      <trkpt lat="18.2009261" lon="99.8705016">
      </trkpt>
      <trkpt lat="18.2007712" lon="99.8704001">
      </trkpt>
      <trkpt lat="18.1999293" lon="99.8699001">
      </trkpt>
      <trkpt lat="18.1996791" lon="99.8697536">
      </trkpt>
      <trkpt lat="18.1994393" lon="99.8696371">
      </trkpt>
      <trkpt lat="18.1991793" lon="99.8695639">
      </trkpt>
      <trkpt lat="18.1988913" lon="99.8695236">
      </trkpt>
      <trkpt lat="18.1984645" lon="99.8694723">
      </trkpt>
      <trkpt lat="18.1982256" lon="99.8694431">
      </trkpt>
      <trkpt lat="18.1963769" lon="99.8692872">
      </trkpt>
      <trkpt lat="18.1960855" lon="99.8692981">
      </trkpt>
      <trkpt lat="18.1958936" lon="99.8693321">
      </trkpt>
      <trkpt lat="18.1956834" lon="99.8694409">
      </trkpt>
      <trkpt lat="18.1954884" lon="99.8695704">
      </trkpt>
      <trkpt lat="18.1952662" lon="99.8697622">
      </trkpt>
      <trkpt lat="18.1946978" lon="99.8703618">
      </trkpt>
      <trkpt lat="18.1944354" lon="99.8706009">
      </trkpt>
      <trkpt lat="18.1941938" lon="99.8707899">
      </trkpt>
      <trkpt lat="18.1928056" lon="99.8717104">
      </trkpt>
      <trkpt lat="18.1925803" lon="99.8718134">
      </trkpt>
      <trkpt lat="18.192405" lon="99.8718623">
      </trkpt>
      <trkpt lat="18.1921467" lon="99.8719143">
      </trkpt>
      <trkpt lat="18.1918449" lon="99.8719386">
      </trkpt>
      <trkpt lat="18.1913797" lon="99.8718987">
      </trkpt>
      <trkpt lat="18.190956" lon="99.8717923">
      </trkpt>
      <trkpt lat="18.1900231" lon="99.8713938">
      </trkpt>
      <trkpt lat="18.1884421" lon="99.8707582">
      </trkpt>
      <trkpt lat="18.1882119" lon="99.8707022">
      </trkpt>
      <trkpt lat="18.1879841" lon="99.87068">
      </trkpt>
      <trkpt lat="18.1872555" lon="99.8706727">
      </trkpt>
      <trkpt lat="18.18701" lon="99.8706665">
      </trkpt>
      <trkpt lat="18.1867604" lon="99.8706431">
      </trkpt>
      <trkpt lat="18.1865186" lon="99.8705693">
      </trkpt>
      <trkpt lat="18.1862821" lon="99.8704601">
      </trkpt>
      <trkpt lat="18.1860387" lon="99.8702677">
      </trkpt>
      <trkpt lat="18.1858199" lon="99.8700588">
      </trkpt>
      <trkpt lat="18.1852454" lon="99.8692287">
      </trkpt>
      <trkpt lat="18.1850026" lon="99.8689777">
      </trkpt>
      <trkpt lat="18.1847527" lon="99.8687965">
      </trkpt>
      <trkpt lat="18.1844843" lon="99.8686513">
      </trkpt>
      <trkpt lat="18.184253" lon="99.8685657">
      </trkpt>
      <trkpt lat="18.1826745" lon="99.868112">
      </trkpt>
      <trkpt lat="18.1824553" lon="99.8680555">
      </trkpt>
      <trkpt lat="18.1822263" lon="99.8680146">
      </trkpt>
      <trkpt lat="18.1820179" lon="99.868005">
      </trkpt>
      <trkpt lat="18.1817693" lon="99.8680279">
      </trkpt>
      <trkpt lat="18.1815886" lon="99.8680679">
      </trkpt>
      <trkpt lat="18.1814134" lon="99.8681338">
      </trkpt>
      <trkpt lat="18.1812272" lon="99.8682288">
      </trkpt>
      <trkpt lat="18.1802212" lon="99.8687935">
      </trkpt>
      <trkpt lat="18.1799473" lon="99.8688898">
      </trkpt>
      <trkpt lat="18.1797115" lon="99.8689233">
      </trkpt>
      <trkpt lat="18.1794963" lon="99.8689291">
      </trkpt>
      <trkpt lat="18.1793373" lon="99.868913">
      </trkpt>
      <trkpt lat="18.1791471" lon="99.8688732">
      </trkpt>
      <trkpt lat="18.1789495" lon="99.8688151">
      </trkpt>
      <trkpt lat="18.1787701" lon="99.8687331">
      </trkpt>
      <trkpt lat="18.1777615" lon="99.8679533">
      </trkpt>
      <trkpt lat="18.1775757" lon="99.8678307">
      </trkpt>
      <trkpt lat="18.1773396" lon="99.8677112">
      </trkpt>
      <trkpt lat="18.176559" lon="99.8674317">
      </trkpt>
      <trkpt lat="18.176296" lon="99.8673184">
      </trkpt>
      <trkpt lat="18.1760415" lon="99.8671351">
      </trkpt>
      <trkpt lat="18.1758577" lon="99.8669517">
      </trkpt>
      <trkpt lat="18.1751609" lon="99.8661669">
      </trkpt>
      <trkpt lat="18.1748817" lon="99.8659404">
      </trkpt>
      <trkpt lat="18.1745501" lon="99.8657828">
      </trkpt>
      <trkpt lat="18.174267" lon="99.8657157">
      </trkpt>
      <trkpt lat="18.1739683" lon="99.8657032">
      </trkpt>
      <trkpt lat="18.1736236" lon="99.865744">
      </trkpt>
      <trkpt lat="18.1734061" lon="99.8658162">
      </trkpt>
      <trkpt lat="18.173228" lon="99.8659196">
      </trkpt>
      <trkpt lat="18.1729023" lon="99.8661757">
      </trkpt>
      <trkpt lat="18.1722473" lon="99.8669716">
      </trkpt>
      <trkpt lat="18.1720321" lon="99.8671477">
      </trkpt>
      <trkpt lat="18.1717882" lon="99.8672758">
      </trkpt>
      <trkpt lat="18.1715251" lon="99.8673508">
      </trkpt>
      <trkpt lat="18.1712532" lon="99.8673699">
      </trkpt>
      <trkpt lat="18.170983" lon="99.8673323">
      </trkpt>
      <trkpt lat="18.1703305" lon="99.867261">
      </trkpt>
      <trkpt lat="18.170112" lon="99.8672577">
      </trkpt>
      <trkpt lat="18.1699237" lon="99.8672945">
      </trkpt>
      <trkpt lat="18.16971" lon="99.8673646">
      </trkpt>
      <trkpt lat="18.1694992" lon="99.8674568">
      </trkpt>
      <trkpt lat="18.1693194" lon="99.8675832">
      </trkpt>
      <trkpt lat="18.1691793" lon="99.8677062">
      </trkpt>
      <trkpt lat="18.1690276" lon="99.8679011">
      </trkpt>
      <trkpt lat="18.1688858" lon="99.8681316">
      </trkpt>
      <trkpt lat="18.1687775" lon="99.868376">
      </trkpt>
      <trkpt lat="18.1685986" lon="99.8689009">
      </trkpt>
      <trkpt lat="18.1684824" lon="99.8691499">
      </trkpt>
      <trkpt lat="18.1683657" lon="99.8693508">
      </trkpt>
      <trkpt lat="18.1682236" lon="99.8695307">
      </trkpt>
      <trkpt lat="18.1680706" lon="99.8697039">
      </trkpt>
      <trkpt lat="18.1678933" lon="99.8698436">
      </trkpt>
      <trkpt lat="18.167683" lon="99.8699347">
      </trkpt>
      <trkpt lat="18.1674215" lon="99.8700088">
      </trkpt>
      <trkpt lat="18.1671533" lon="99.8700548">
      </trkpt>
      <trkpt lat="18.1668114" lon="99.870041">
      </trkpt>
      <trkpt lat="18.1663813" lon="99.8699797">
      </trkpt>
      <trkpt lat="18.1660933" lon="99.8698885">
      </trkpt>
      <trkpt lat="18.1656494" lon="99.8697397">
      </trkpt>
      <trkpt lat="18.1652712" lon="99.8695755">
      </trkpt>
      <trkpt lat="18.1642741" lon="99.8690084">
      </trkpt>
      <trkpt lat="18.1639959" lon="99.868857">
      </trkpt>
      <trkpt lat="18.1638151" lon="99.868802">
      </trkpt>
      <trkpt lat="18.1634971" lon="99.8687433">
      </trkpt>
      <trkpt lat="18.1632664" lon="99.8687406">
      </trkpt>
      <trkpt lat="18.1630442" lon="99.8687582">
      </trkpt>
      <trkpt lat="18.1627765" lon="99.868816">
      </trkpt>
      <trkpt lat="18.1615092" lon="99.8692114">
      </trkpt>
      <trkpt lat="18.1612225" lon="99.8693068">
      </trkpt>
      <trkpt lat="18.1609338" lon="99.8693817">
      </trkpt>
      <trkpt lat="18.1606351" lon="99.8693965">
      </trkpt>
      <trkpt lat="18.1604222" lon="99.8693794">
      </trkpt>
      <trkpt lat="18.1601739" lon="99.8693143">
      </trkpt>
      <trkpt lat="18.1599237" lon="99.8692139">
      </trkpt>
      <trkpt lat="18.1597129" lon="99.869093">
      </trkpt>
      <trkpt lat="18.1594364" lon="99.868867">
      </trkpt>
      <trkpt lat="18.1592349" lon="99.8686259">
      </trkpt>
      <trkpt lat="18.1590854" lon="99.8683666">
      </trkpt>
      <trkpt lat="18.15896" lon="99.8681131">
      </trkpt>
      <trkpt lat="18.1587386" lon="99.8672832">
      </trkpt>
      <trkpt lat="18.1586419" lon="99.8669287">
      </trkpt>
      <trkpt lat="18.1585387" lon="99.8666761">
      </trkpt>
      <trkpt lat="18.1584204" lon="99.8664501">
      </trkpt>
      <trkpt lat="18.1582715" lon="99.866273">
      </trkpt>
      <trkpt lat="18.1580741" lon="99.8660921">
      </trkpt>
      <trkpt lat="18.157877" lon="99.8659445">
      </trkpt>
      <trkpt lat="18.1575764" lon="99.8657981">
      </trkpt>
      <trkpt lat="18.1572899" lon="99.8657439">
      </trkpt>
      <trkpt lat="18.1569957" lon="99.865729">
      </trkpt>
      <trkpt lat="18.1561793" lon="99.8657804">
      </trkpt>
      <trkpt lat="18.155959" lon="99.8657843">
      </trkpt>
      <trkpt lat="18.1557814" lon="99.8657738">
      </trkpt>
      <trkpt lat="18.1556243" lon="99.8657471">
      </trkpt>
      <trkpt lat="18.1554423" lon="99.8657161">
      </trkpt>
      <trkpt lat="18.1551338" lon="99.8655815">
      </trkpt>
      <trkpt lat="18.1516129" lon="99.8631757">
      </trkpt>
      <trkpt lat="18.1514058" lon="99.8630752">
      </trkpt>
      <trkpt lat="18.1512216" lon="99.8630188">
      </trkpt>
      <trkpt lat="18.1510034" lon="99.86298">
      </trkpt>
      <trkpt lat="18.1508177" lon="99.8629663">
      </trkpt>
      <trkpt lat="18.1499914" lon="99.862933">
      </trkpt>
      <trkpt lat="18.1497379" lon="99.8628779">
      </trkpt>
      <trkpt lat="18.1492655" lon="99.8626353">
      </trkpt>
      <trkpt lat="18.148983" lon="99.8623891">
      </trkpt>
      <trkpt lat="18.1487958" lon="99.8620981">
      </trkpt>
      <trkpt lat="18.1486535" lon="99.8617591">
      </trkpt>
      <trkpt lat="18.1485977" lon="99.8614323">
      </trkpt>
      <trkpt lat="18.1485971" lon="99.8611286">
      </trkpt>
      <trkpt lat="18.1486759" lon="99.8605796">
      </trkpt>
      <trkpt lat="18.1487176" lon="99.8601668">
      </trkpt>
      <trkpt lat="18.1487185" lon="99.8597374">
      </trkpt>
      <trkpt lat="18.1486538" lon="99.8593346">
      </trkpt>
      <trkpt lat="18.1485837" lon="99.8590572">
      </trkpt>
      <trkpt lat="18.1484689" lon="99.8587288">
      </trkpt>
      <trkpt lat="18.1483097" lon="99.8584054">
      </trkpt>
      <trkpt lat="18.1481825" lon="99.8581921">
      </trkpt>
      <trkpt lat="18.1480064" lon="99.8579686">
      </trkpt>
      <trkpt lat="18.147804" lon="99.8577751">
      </trkpt>
      <trkpt lat="18.1475365" lon="99.8575535">
      </trkpt>
      <trkpt lat="18.1472236" lon="99.8573256">
      </trkpt>
      <trkpt lat="18.1450868" lon="99.8558323">
      </trkpt>
      <trkpt lat="18.1448446" lon="99.8556706">
      </trkpt>
      <trkpt lat="18.1444146" lon="99.8554025">
      </trkpt>
      <trkpt lat="18.1442304" lon="99.8552937">
      </trkpt>
      <trkpt lat="18.1440173" lon="99.8551693">
      </trkpt>
      <trkpt lat="18.1436576" lon="99.8549988">
      </trkpt>
      <trkpt lat="18.1432515" lon="99.8548463">
      </trkpt>
      <trkpt lat="18.142631" lon="99.8547212">
      </trkpt>
      <trkpt lat="18.1423174" lon="99.8546503">
      </trkpt>
      <trkpt lat="18.141965" lon="99.8546274">
      </trkpt>
      <trkpt lat="18.1417208" lon="99.8546404">
      </trkpt>
      <trkpt lat="18.1414432" lon="99.8546568">
      </trkpt>
      <trkpt lat="18.1400592" lon="99.8548138">
      </trkpt>
      <trkpt lat="18.1397441" lon="99.854808">
      </trkpt>
      <trkpt lat="18.1395432" lon="99.8547866">
      </trkpt>
      <trkpt lat="18.139371" lon="99.8547227">
      </trkpt>
      <trkpt lat="18.1391195" lon="99.8546009">
      </trkpt>
      <trkpt lat="18.1389136" lon="99.8544621">
      </trkpt>
      <trkpt lat="18.1386699" lon="99.8542223">
      </trkpt>
      <trkpt lat="18.1383091" lon="99.8537872">
      </trkpt>
      <trkpt lat="18.1381298" lon="99.8536241">
      </trkpt>
      <trkpt lat="18.1379306" lon="99.8534659">
      </trkpt>
      <trkpt lat="18.1377018" lon="99.8533419">
      </trkpt>
      <trkpt lat="18.1360599" lon="99.8525004">
      </trkpt>
      <trkpt lat="18.1358887" lon="99.8524155">
      </trkpt>
      <trkpt lat="18.1357149" lon="99.8523418">
      </trkpt>
      <trkpt lat="18.1338545" lon="99.851746">
      </trkpt>
      <trkpt lat="18.1335043" lon="99.8516875">
      </trkpt>
      <trkpt lat="18.133192" lon="99.8516773">
      </trkpt>
      <trkpt lat="18.1325382" lon="99.8517415">
      </trkpt>
      <trkpt lat="18.1322135" lon="99.8517359">
      </trkpt>
      <trkpt lat="18.1319254" lon="99.8516742">
      </trkpt>
      <trkpt lat="18.1316902" lon="99.8515867">
      </trkpt>
      <trkpt lat="18.1314574" lon="99.8514299">
      </trkpt>
      <trkpt lat="18.1305744" lon="99.8505799">
      </trkpt>
      <trkpt lat="18.1304255" lon="99.8504492">
      </trkpt>
      <trkpt lat="18.1302297" lon="99.8503069">
      </trkpt>
      <trkpt lat="18.1299161" lon="99.8501292">
      </trkpt>
      <trkpt lat="18.1296993" lon="99.8500199">
      </trkpt>
      <trkpt lat="18.1295057" lon="99.8499327">
      </trkpt>
      <trkpt lat="18.1292799" lon="99.8498749">
      </trkpt>
      <trkpt lat="18.1272503" lon="99.8495023">
      </trkpt>
      <trkpt lat="18.12704" lon="99.849475">
      </trkpt>
      <trkpt lat="18.1268002" lon="99.8494571">
      </trkpt>
      <trkpt lat="18.1265757" lon="99.8494641">
      </trkpt>
      <trkpt lat="18.1262734" lon="99.8494937">
      </trkpt>
      <trkpt lat="18.1247203" lon="99.8496807">
      </trkpt>
      <trkpt lat="18.1244131" lon="99.8497204">
      </trkpt>
      <trkpt lat="18.1241297" lon="99.8497849">
      </trkpt>
      <trkpt lat="18.123858" lon="99.8498728">
      </trkpt>
      <trkpt lat="18.1226779" lon="99.8503265">
      </trkpt>
      <trkpt lat="18.1224325" lon="99.8504076">
      </trkpt>
      <trkpt lat="18.122146" lon="99.85049">
      </trkpt>
      <trkpt lat="18.1218974" lon="99.8505398">
      </trkpt>
      <trkpt lat="18.1208901" lon="99.8507432">
      </trkpt>
      <trkpt lat="18.1205937" lon="99.8508421">
      </trkpt>
      <trkpt lat="18.1203127" lon="99.8509731">
      </trkpt>
      <trkpt lat="18.120094" lon="99.8510853">
      </trkpt>
      <trkpt lat="18.1198531" lon="99.8512535">
      </trkpt>
      <trkpt lat="18.1197515" lon="99.8513484">
      </trkpt>
      <trkpt lat="18.1196484" lon="99.8514448">
      </trkpt>
      <trkpt lat="18.1193818" lon="99.8517465">
      </trkpt>
      <trkpt lat="18.1192086" lon="99.851976">
      </trkpt>
      <trkpt lat="18.1190721" lon="99.8522279">
      </trkpt>
      <trkpt lat="18.1189534" lon="99.8525072">
      </trkpt>
      <trkpt lat="18.1188608" lon="99.8527733">
      </trkpt>
      <trkpt lat="18.1186484" lon="99.8534214">
      </trkpt>
      <trkpt lat="18.1184826" lon="99.8537852">
      </trkpt>
      <trkpt lat="18.1182587" lon="99.8541743">
      </trkpt>
      <trkpt lat="18.118101" lon="99.8544399">
      </trkpt>
      <trkpt lat="18.1176395" lon="99.855065">
      </trkpt>
      <trkpt lat="18.1174632" lon="99.8553021">
      </trkpt>
      <trkpt lat="18.1172578" lon="99.8555344">
      </trkpt>
      <trkpt lat="18.1170339" lon="99.8557751">
      </trkpt>
      <trkpt lat="18.1167708" lon="99.8560202">
      </trkpt>
      <trkpt lat="18.1161018" lon="99.8565636">
      </trkpt>
      <trkpt lat="18.1156473" lon="99.8568903">
      </trkpt>
      <trkpt lat="18.1152919" lon="99.8570861">
      </trkpt>
      <trkpt lat="18.114992" lon="99.8572212">
      </trkpt>
      <trkpt lat="18.1146852" lon="99.8573233">
      </trkpt>
      <trkpt lat="18.1144004" lon="99.8573916">
      </trkpt>
      <trkpt lat="18.1141228" lon="99.8574332">
      </trkpt>
      <trkpt lat="18.1126808" lon="99.8575547">
      </trkpt>
      <trkpt lat="18.1117063" lon="99.8576418">
      </trkpt>
      <trkpt lat="18.1114788" lon="99.8576784">
      </trkpt>
      <trkpt lat="18.1113252" lon="99.8576986">
      </trkpt>
      <trkpt lat="18.110994" lon="99.8577834">
      </trkpt>
      <trkpt lat="18.110725" lon="99.8578775">
      </trkpt>
      <trkpt lat="18.1104163" lon="99.858002">
      </trkpt>
      <trkpt lat="18.1063424" lon="99.8598015">
      </trkpt>
      <trkpt lat="18.1060382" lon="99.8599513">
      </trkpt>
      <trkpt lat="18.1057792" lon="99.860095">
      </trkpt>
      <trkpt lat="18.1054377" lon="99.8603005">
      </trkpt>
      <trkpt lat="18.1038701" lon="99.8614276">
      </trkpt>
      <trkpt lat="18.1028371" lon="99.8621994">
      </trkpt>
      <trkpt lat="18.1023717" lon="99.8625323">
      </trkpt>
      <trkpt lat="18.1005731" lon="99.8638276">
      </trkpt>
      <trkpt lat="18.1004685" lon="99.8639051">
      </trkpt>
      <trkpt lat="18.0984746" lon="99.8653163">
      </trkpt>
      <trkpt lat="18.0972265" lon="99.8661703">
      </trkpt>
      <trkpt lat="18.0971769" lon="99.866206">
      </trkpt>
      <trkpt lat="18.0961587" lon="99.8669565">
      </trkpt>
      <trkpt lat="18.0953945" lon="99.8675131">
      </trkpt>
      <trkpt lat="18.0948353" lon="99.8679306">
      </trkpt>
      <trkpt lat="18.0942553" lon="99.8683637">
      </trkpt>
      <trkpt lat="18.0938805" lon="99.8686436">
      </trkpt>
      <trkpt lat="18.0936652" lon="99.8688044">
      </trkpt>
      <trkpt lat="18.0899901" lon="99.8714627">
      </trkpt>
      <trkpt lat="18.0867612" lon="99.8737971">
      </trkpt>
      <trkpt lat="18.0863541" lon="99.8741014">
      </trkpt>
      <trkpt lat="18.085995" lon="99.874432">
      </trkpt>
      <trkpt lat="18.0857548" lon="99.8746693">
      </trkpt>
      <trkpt lat="18.083516" lon="99.8769512">
      </trkpt>
      <trkpt lat="18.0832095" lon="99.877236">
      </trkpt>
      <trkpt lat="18.0828863" lon="99.8775159">
      </trkpt>
      <trkpt lat="18.0825721" lon="99.8777805">
      </trkpt>
      <trkpt lat="18.0814594" lon="99.8787175">
      </trkpt>
      <trkpt lat="18.0801666" lon="99.8798061">
      </trkpt>
      <trkpt lat="18.080038" lon="99.8799392">
      </trkpt>
      <trkpt lat="18.0798887" lon="99.8800983">
      </trkpt>
      <trkpt lat="18.0797421" lon="99.88028">
      </trkpt>
      <trkpt lat="18.0796115" lon="99.8804694">
      </trkpt>
      <trkpt lat="18.0794778" lon="99.8806726">
      </trkpt>
      <trkpt lat="18.0793403" lon="99.8809461">
      </trkpt>
      <trkpt lat="18.0792126" lon="99.8812622">
      </trkpt>
      <trkpt lat="18.0789233" lon="99.8821278">
      </trkpt>
      <trkpt lat="18.0788018" lon="99.882492">
      </trkpt>
      <trkpt lat="18.0785787" lon="99.883179">
      </trkpt>
      <trkpt lat="18.0784922" lon="99.883498">
      </trkpt>
      <trkpt lat="18.0784304" lon="99.8837838">
      </trkpt>
      <trkpt lat="18.0783959" lon="99.8840376">
      </trkpt>
      <trkpt lat="18.0783728" lon="99.8843483">
      </trkpt>
      <trkpt lat="18.0783604" lon="99.8846441">
      </trkpt>
      <trkpt lat="18.078359" lon="99.884974">
      </trkpt>
      <trkpt lat="18.0783811" lon="99.8853339">
      </trkpt>
      <trkpt lat="18.0784429" lon="99.8857394">
      </trkpt>
      <trkpt lat="18.0787649" lon="99.8872144">
      </trkpt>
      <trkpt lat="18.0788349" lon="99.8875898">
      </trkpt>
      <trkpt lat="18.0788758" lon="99.8878756">
      </trkpt>
      <trkpt lat="18.0789015" lon="99.8881659">
      </trkpt>
      <trkpt lat="18.0789232" lon="99.8885797">
      </trkpt>
      <trkpt lat="18.0789142" lon="99.8898611">
      </trkpt>
      <trkpt lat="18.0789259" lon="99.8901218">
      </trkpt>
      <trkpt lat="18.0789465" lon="99.8904388">
      </trkpt>
      <trkpt lat="18.0789861" lon="99.8908766">
      </trkpt>
      <trkpt lat="18.0795305" lon="99.895418">
      </trkpt>
      <trkpt lat="18.0795801" lon="99.8957661">
      </trkpt>
      <trkpt lat="18.0796516" lon="99.8961483">
      </trkpt>
      <trkpt lat="18.0797735" lon="99.8965858">
      </trkpt>
      <trkpt lat="18.0798894" lon="99.8969039">
      </trkpt>
      <trkpt lat="18.0800459" lon="99.897235">
      </trkpt>
      <trkpt lat="18.0801816" lon="99.8975132">
      </trkpt>
      <trkpt lat="18.080331" lon="99.897762">
      </trkpt>
      <trkpt lat="18.080368" lon="99.8978195">
      </trkpt>
      <trkpt lat="18.0812181" lon="99.8991416">
      </trkpt>
      <trkpt lat="18.0814485" lon="99.8994938">
      </trkpt>
      <trkpt lat="18.082319" lon="99.9008007">
      </trkpt>
      <trkpt lat="18.0828809" lon="99.9016043">
      </trkpt>
      <trkpt lat="18.083009" lon="99.9017757">
      </trkpt>
      <trkpt lat="18.0831389" lon="99.901933">
      </trkpt>
      <trkpt lat="18.0843632" lon="99.9032006">
      </trkpt>
      <trkpt lat="18.0844902" lon="99.9033688">
      </trkpt>
      <trkpt lat="18.0846327" lon="99.9035883">
      </trkpt>
      <trkpt lat="18.084741" lon="99.9038242">
      </trkpt>
      <trkpt lat="18.0848273" lon="99.9040419">
      </trkpt>
      <trkpt lat="18.0849055" lon="99.9043446">
      </trkpt>
      <trkpt lat="18.0849508" lon="99.9046387">
      </trkpt>
      <trkpt lat="18.0849698" lon="99.9049641">
      </trkpt>
      <trkpt lat="18.0849744" lon="99.9053123">
      </trkpt>
      <trkpt lat="18.0849538" lon="99.9060078">
      </trkpt>
      <trkpt lat="18.0849494" lon="99.906295">
      </trkpt>
      <trkpt lat="18.0849883" lon="99.906591">
      </trkpt>
      <trkpt lat="18.0850296" lon="99.9068539">
      </trkpt>
      <trkpt lat="18.0850734" lon="99.9070471">
      </trkpt>
      <trkpt lat="18.0851397" lon="99.9072753">
      </trkpt>
      <trkpt lat="18.0855588" lon="99.9084546">
      </trkpt>
      <trkpt lat="18.0856083" lon="99.9086863">
      </trkpt>
      <trkpt lat="18.0856224" lon="99.9089125">
      </trkpt>
      <trkpt lat="18.0856048" lon="99.9092453">
      </trkpt>
      <trkpt lat="18.0855869" lon="99.909545">
      </trkpt>
      <trkpt lat="18.0855098" lon="99.9100506">
      </trkpt>
      <trkpt lat="18.0854987" lon="99.910285">
      </trkpt>
      <trkpt lat="18.0855081" lon="99.9105226">
      </trkpt>
      <trkpt lat="18.0855969" lon="99.9119024">
      </trkpt>
      <trkpt lat="18.0855899" lon="99.9122216">
      </trkpt>
      <trkpt lat="18.0854855" lon="99.9133097">
      </trkpt>
      <trkpt lat="18.0854775" lon="99.9136515">
      </trkpt>
      <trkpt lat="18.0855092" lon="99.9140093">
      </trkpt>
      <trkpt lat="18.085578" lon="99.9143964">
      </trkpt>
      <trkpt lat="18.0863885" lon="99.917874">
      </trkpt>
      <trkpt lat="18.0864751" lon="99.9181905">
      </trkpt>
      <trkpt lat="18.0865673" lon="99.9184893">
      </trkpt>
      <trkpt lat="18.0870486" lon="99.9198551">
      </trkpt>
      <trkpt lat="18.0870884" lon="99.9200543">
      </trkpt>
      <trkpt lat="18.087115" lon="99.9202879">
      </trkpt>
      <trkpt lat="18.0871075" lon="99.9205221">
      </trkpt>
      <trkpt lat="18.0870814" lon="99.9207315">
      </trkpt>
      <trkpt lat="18.0870292" lon="99.920924">
      </trkpt>
      <trkpt lat="18.0869488" lon="99.9211786">
      </trkpt>
      <trkpt lat="18.0868288" lon="99.9214188">
      </trkpt>
      <trkpt lat="18.0862831" lon="99.922302">
      </trkpt>
      <trkpt lat="18.0861512" lon="99.9224886">
      </trkpt>
      <trkpt lat="18.086021" lon="99.9226234">
      </trkpt>
      <trkpt lat="18.0858903" lon="99.9227229">
      </trkpt>
      <trkpt lat="18.0857175" lon="99.9228065">
      </trkpt>
      <trkpt lat="18.0854274" lon="99.9228836">
      </trkpt>
      <trkpt lat="18.0843243" lon="99.9231556">
      </trkpt>
      <trkpt lat="18.0842228" lon="99.9231837">
      </trkpt>
      <trkpt lat="18.084063" lon="99.9232062">
      </trkpt>
      <trkpt lat="18.0839052" lon="99.9232019">
      </trkpt>
      <trkpt lat="18.0836923" lon="99.9231857">
      </trkpt>
      <trkpt lat="18.0835168" lon="99.9231333">
      </trkpt>
      <trkpt lat="18.0833403" lon="99.9230651">
      </trkpt>
      <trkpt lat="18.0831718" lon="99.9229846">
      </trkpt>
      <trkpt lat="18.0830022" lon="99.9228915">
      </trkpt>
      <trkpt lat="18.0828315" lon="99.9227377">
      </trkpt>
      <trkpt lat="18.0825027" lon="99.9223639">
      </trkpt>
      <trkpt lat="18.0823639" lon="99.9222112">
      </trkpt>
      <trkpt lat="18.0821831" lon="99.9220604">
      </trkpt>
      <trkpt lat="18.0819897" lon="99.9219331">
      </trkpt>
      <trkpt lat="18.0817653" lon="99.9218198">
      </trkpt>
      <trkpt lat="18.0815426" lon="99.921734">
      </trkpt>
      <trkpt lat="18.0813438" lon="99.9217055">
      </trkpt>
      <trkpt lat="18.0811688" lon="99.9216983">
      </trkpt>
      <trkpt lat="18.0809644" lon="99.9217055">
      </trkpt>
      <trkpt lat="18.0807428" lon="99.9217295">
      </trkpt>
      <trkpt lat="18.0804975" lon="99.9217743">
      </trkpt>
      <trkpt lat="18.0802117" lon="99.9218481">
      </trkpt>
      <trkpt lat="18.0799582" lon="99.9219201">
      </trkpt>
      <trkpt lat="18.0781754" lon="99.9225872">
      </trkpt>
      <trkpt lat="18.0780116" lon="99.9226418">
      </trkpt>
      <trkpt lat="18.0778741" lon="99.9226781">
      </trkpt>
      <trkpt lat="18.0764325" lon="99.9229636">
      </trkpt>
      <trkpt lat="18.0761795" lon="99.9229971">
      </trkpt>
      <trkpt lat="18.075956" lon="99.9230149">
      </trkpt>
      <trkpt lat="18.0757317" lon="99.9230216">
      </trkpt>
      <trkpt lat="18.0755108" lon="99.9230127">
      </trkpt>
      <trkpt lat="18.0752992" lon="99.9229658">
      </trkpt>
      <trkpt lat="18.0750545" lon="99.9229066">
      </trkpt>
      <trkpt lat="18.0740421" lon="99.9225859">
      </trkpt>
      <trkpt lat="18.0738994" lon="99.9225494">
      </trkpt>
      <trkpt lat="18.0737531" lon="99.9225232">
      </trkpt>
      <trkpt lat="18.0735681" lon="99.922503">
      </trkpt>
      <trkpt lat="18.07245" lon="99.9225426">
      </trkpt>
      <trkpt lat="18.0719961" lon="99.9225275">
      </trkpt>
      <trkpt lat="18.0716767" lon="99.922504">
      </trkpt>
      <trkpt lat="18.0713405" lon="99.9224475">
      </trkpt>
      <trkpt lat="18.0709464" lon="99.9223767">
      </trkpt>
      <trkpt lat="18.0705599" lon="99.9222723">
      </trkpt>
      <trkpt lat="18.0664181" lon="99.9212125">
      </trkpt>
      <trkpt lat="18.0662278" lon="99.9211534">
      </trkpt>
      <trkpt lat="18.0654001" lon="99.9208985">
      </trkpt>
      <trkpt lat="18.0648113" lon="99.9206546">
      </trkpt>
      <trkpt lat="18.063244" lon="99.9198865">
      </trkpt>
      <trkpt lat="18.0625014" lon="99.9195226">
      </trkpt>
      <trkpt lat="18.0621006" lon="99.9193648">
      </trkpt>
      <trkpt lat="18.0616986" lon="99.9192136">
      </trkpt>
      <trkpt lat="18.0613648" lon="99.9191148">
      </trkpt>
      <trkpt lat="18.0608917" lon="99.918993">
      </trkpt>
      <trkpt lat="18.0595388" lon="99.9187124">
      </trkpt>
      <trkpt lat="18.0591628" lon="99.918619">
      </trkpt>
      <trkpt lat="18.0587914" lon="99.9185299">
      </trkpt>
      <trkpt lat="18.0583742" lon="99.9184146">
      </trkpt>
      <trkpt lat="18.0578259" lon="99.9182153">
      </trkpt>
      <trkpt lat="18.0540493" lon="99.9167255">
      </trkpt>
      <trkpt lat="18.0537433" lon="99.9166052">
      </trkpt>
      <trkpt lat="18.0534882" lon="99.9164926">
      </trkpt>
      <trkpt lat="18.0532351" lon="99.9163677">
      </trkpt>
      <trkpt lat="18.0529689" lon="99.9162086">
      </trkpt>
      <trkpt lat="18.0527156" lon="99.9160454">
      </trkpt>
      <trkpt lat="18.0524868" lon="99.9158807">
      </trkpt>
      <trkpt lat="18.0522557" lon="99.9156768">
      </trkpt>
      <trkpt lat="18.0520286" lon="99.9154545">
      </trkpt>
      <trkpt lat="18.0518199" lon="99.9152242">
      </trkpt>
      <trkpt lat="18.0515854" lon="99.9149296">
      </trkpt>
      <trkpt lat="18.050369" lon="99.9134357">
      </trkpt>
      <trkpt lat="18.0502244" lon="99.9132518">
      </trkpt>
      <trkpt lat="18.0500862" lon="99.9130981">
      </trkpt>
      <trkpt lat="18.0499196" lon="99.9129359">
      </trkpt>
      <trkpt lat="18.0497923" lon="99.9128043">
      </trkpt>
      <trkpt lat="18.0496165" lon="99.9126523">
      </trkpt>
      <trkpt lat="18.0494054" lon="99.9125133">
      </trkpt>
      <trkpt lat="18.0491874" lon="99.9123808">
      </trkpt>
      <trkpt lat="18.0489757" lon="99.9122933">
      </trkpt>
      <trkpt lat="18.0488045" lon="99.9122145">
      </trkpt>
      <trkpt lat="18.0486206" lon="99.9121449">
      </trkpt>
      <trkpt lat="18.0484078" lon="99.9120945">
      </trkpt>
      <trkpt lat="18.0481834" lon="99.9120526">
      </trkpt>
      <trkpt lat="18.0479945" lon="99.9120401">
      </trkpt>
      <trkpt lat="18.0477992" lon="99.9120322">
      </trkpt>
      <trkpt lat="18.0475664" lon="99.9120363">
      </trkpt>
      <trkpt lat="18.0473383" lon="99.912068">
      </trkpt>
      <trkpt lat="18.0471173" lon="99.9121185">
      </trkpt>
      <trkpt lat="18.0469287" lon="99.9121698">
      </trkpt>
      <trkpt lat="18.0467049" lon="99.9122506">
      </trkpt>
      <trkpt lat="18.0465167" lon="99.9123453">
      </trkpt>
      <trkpt lat="18.0462977" lon="99.912471">
      </trkpt>
      <trkpt lat="18.0460486" lon="99.9126254">
      </trkpt>
      <trkpt lat="18.0458032" lon="99.9128152">
      </trkpt>
      <trkpt lat="18.0455383" lon="99.9130406">
      </trkpt>
      <trkpt lat="18.0451703" lon="99.9133509">
      </trkpt>
      <trkpt lat="18.0427874" lon="99.9153955">
      </trkpt>
      <trkpt lat="18.0415443" lon="99.9164613">
      </trkpt>
      <trkpt lat="18.0389528" lon="99.9186978">
      </trkpt>
      <trkpt lat="18.038758" lon="99.9188683">
      </trkpt>
      <trkpt lat="18.0385379" lon="99.9190661">
      </trkpt>
      <trkpt lat="18.036569" lon="99.9208515">
      </trkpt>
      <trkpt lat="18.0363225" lon="99.9210415">
      </trkpt>
      <trkpt lat="18.03606" lon="99.9212163">
      </trkpt>
      <trkpt lat="18.0358131" lon="99.9213382">
      </trkpt>
      <trkpt lat="18.035534" lon="99.9214518">
      </trkpt>
      <trkpt lat="18.0352618" lon="99.9215282">
      </trkpt>
      <trkpt lat="18.0335748" lon="99.9217988">
      </trkpt>
      <trkpt lat="18.0333349" lon="99.921839">
      </trkpt>
      <trkpt lat="18.0331106" lon="99.9218778">
      </trkpt>
      <trkpt lat="18.0328888" lon="99.9219458">
      </trkpt>
      <trkpt lat="18.0327349" lon="99.9220047">
      </trkpt>
      <trkpt lat="18.0325384" lon="99.9221011">
      </trkpt>
      <trkpt lat="18.0323472" lon="99.9222085">
      </trkpt>
      <trkpt lat="18.0321968" lon="99.922311">
      </trkpt>
      <trkpt lat="18.0320077" lon="99.9224666">
      </trkpt>
      <trkpt lat="18.0318782" lon="99.9225937">
      </trkpt>
      <trkpt lat="18.0317236" lon="99.9227614">
      </trkpt>
      <trkpt lat="18.031598" lon="99.9229351">
      </trkpt>
      <trkpt lat="18.0314747" lon="99.9231193">
      </trkpt>
      <trkpt lat="18.0313673" lon="99.9233234">
      </trkpt>
      <trkpt lat="18.0312693" lon="99.923534">
      </trkpt>
      <trkpt lat="18.0311843" lon="99.9237789">
      </trkpt>
      <trkpt lat="18.0311576" lon="99.9238842">
      </trkpt>
      <trkpt lat="18.0311337" lon="99.9239938">
      </trkpt>
      <trkpt lat="18.0311082" lon="99.9241241">
      </trkpt>
      <trkpt lat="18.0310912" lon="99.9242755">
      </trkpt>
      <trkpt lat="18.0310824" lon="99.9244341">
      </trkpt>
      <trkpt lat="18.0310778" lon="99.9245923">
      </trkpt>
      <trkpt lat="18.031082" lon="99.924757">
      </trkpt>
      <trkpt lat="18.0310949" lon="99.9249296">
      </trkpt>
      <trkpt lat="18.0311174" lon="99.925105">
      </trkpt>
      <trkpt lat="18.0311511" lon="99.925306">
      </trkpt>
      <trkpt lat="18.0312025" lon="99.925484">
      </trkpt>
      <trkpt lat="18.0312598" lon="99.9256418">
      </trkpt>
      <trkpt lat="18.0313391" lon="99.9258247">
      </trkpt>
      <trkpt lat="18.0314191" lon="99.9259942">
      </trkpt>
      <trkpt lat="18.0314815" lon="99.9261164">
      </trkpt>
      <trkpt lat="18.0315397" lon="99.9262158">
      </trkpt>
      <trkpt lat="18.0318309" lon="99.9266933">
      </trkpt>
      <trkpt lat="18.0319324" lon="99.9268622">
      </trkpt>
      <trkpt lat="18.0320264" lon="99.9270358">
      </trkpt>
      <trkpt lat="18.0321016" lon="99.9271864">
      </trkpt>
      <trkpt lat="18.0321836" lon="99.9273656">
      </trkpt>
      <trkpt lat="18.032253" lon="99.9275253">
      </trkpt>
      <trkpt lat="18.0323116" lon="99.9276853">
      </trkpt>
      <trkpt lat="18.0323568" lon="99.9278311">
      </trkpt>
      <trkpt lat="18.0324068" lon="99.9279977">
      </trkpt>
      <trkpt lat="18.0324478" lon="99.9281688">
      </trkpt>
      <trkpt lat="18.03248" lon="99.9283736">
      </trkpt>
      <trkpt lat="18.0324943" lon="99.9285425">
      </trkpt>
      <trkpt lat="18.032503" lon="99.9287374">
      </trkpt>
      <trkpt lat="18.0325015" lon="99.9289496">
      </trkpt>
      <trkpt lat="18.0324924" lon="99.9291342">
      </trkpt>
      <trkpt lat="18.0324885" lon="99.9292131">
      </trkpt>
      <trkpt lat="18.0324644" lon="99.9294393">
      </trkpt>
      <trkpt lat="18.0324285" lon="99.9296907">
      </trkpt>
      <trkpt lat="18.0323132" lon="99.9303252">
      </trkpt>
      <trkpt lat="18.0322726" lon="99.9305463">
      </trkpt>
      <trkpt lat="18.0322356" lon="99.930788">
      </trkpt>
      <trkpt lat="18.0322138" lon="99.9309861">
      </trkpt>
      <trkpt lat="18.0322019" lon="99.9312094">
      </trkpt>
      <trkpt lat="18.0321998" lon="99.931412">
      </trkpt>
      <trkpt lat="18.0322028" lon="99.9316028">
      </trkpt>
      <trkpt lat="18.0322248" lon="99.9319011">
      </trkpt>
      <trkpt lat="18.0322771" lon="99.9322487">
      </trkpt>
      <trkpt lat="18.0323466" lon="99.9326365">
      </trkpt>
      <trkpt lat="18.0329819" lon="99.9366399">
      </trkpt>
      <trkpt lat="18.0330291" lon="99.9369886">
      </trkpt>
      <trkpt lat="18.0330714" lon="99.9373383">
      </trkpt>
      <trkpt lat="18.0331063" lon="99.9377248">
      </trkpt>
      <trkpt lat="18.0331217" lon="99.9380417">
      </trkpt>
      <trkpt lat="18.033165" lon="99.9395455">
      </trkpt>
      <trkpt lat="18.0331671" lon="99.9396157">
      </trkpt>
      <trkpt lat="18.0331709" lon="99.939749">
      </trkpt>
      <trkpt lat="18.0331614" lon="99.9399926">
      </trkpt>
      <trkpt lat="18.0331367" lon="99.9402436">
      </trkpt>
      <trkpt lat="18.0330984" lon="99.940461">
      </trkpt>
      <trkpt lat="18.033045" lon="99.9406709">
      </trkpt>
      <trkpt lat="18.0330053" lon="99.9407884">
      </trkpt>
      <trkpt lat="18.0329728" lon="99.9408776">
      </trkpt>
      <trkpt lat="18.0329382" lon="99.9409726">
      </trkpt>
      <trkpt lat="18.0328531" lon="99.9411457">
      </trkpt>
      <trkpt lat="18.0327552" lon="99.941313">
      </trkpt>
      <trkpt lat="18.0326744" lon="99.9414467">
      </trkpt>
      <trkpt lat="18.0325789" lon="99.9415852">
      </trkpt>
      <trkpt lat="18.0324594" lon="99.9417279">
      </trkpt>
      <trkpt lat="18.0323297" lon="99.941876">
      </trkpt>
      <trkpt lat="18.0322278" lon="99.9419787">
      </trkpt>
      <trkpt lat="18.0321158" lon="99.9420843">
      </trkpt>
      <trkpt lat="18.0319698" lon="99.9421945">
      </trkpt>
      <trkpt lat="18.0318129" lon="99.9423034">
      </trkpt>
      <trkpt lat="18.0316471" lon="99.9423978">
      </trkpt>
      <trkpt lat="18.0314791" lon="99.9424739">
      </trkpt>
      <trkpt lat="18.0313093" lon="99.9425427">
      </trkpt>
      <trkpt lat="18.0311457" lon="99.9425997">
      </trkpt>
      <trkpt lat="18.0309837" lon="99.9426457">
      </trkpt>
      <trkpt lat="18.0308221" lon="99.9426819">
      </trkpt>
      <trkpt lat="18.0304271" lon="99.9427701">
      </trkpt>
      <trkpt lat="18.0302876" lon="99.9428018">
      </trkpt>
      <trkpt lat="18.0296958" lon="99.9429539">
      </trkpt>
      <trkpt lat="18.0295996" lon="99.9429786">
      </trkpt>
      <trkpt lat="18.0294651" lon="99.9430172">
      </trkpt>
      <trkpt lat="18.029325" lon="99.9430675">
      </trkpt>
      <trkpt lat="18.0291778" lon="99.9431293">
      </trkpt>
      <trkpt lat="18.029023" lon="99.9431982">
      </trkpt>
      <trkpt lat="18.0288664" lon="99.9432877">
      </trkpt>
      <trkpt lat="18.0287162" lon="99.9433754">
      </trkpt>
      <trkpt lat="18.0285433" lon="99.9434826">
      </trkpt>
      <trkpt lat="18.0277077" lon="99.9440847">
      </trkpt>
      <trkpt lat="18.0267649" lon="99.9447352">
      </trkpt>
      <trkpt lat="18.0260051" lon="99.945238">
      </trkpt>
      <trkpt lat="18.025942" lon="99.9452862">
      </trkpt>
      <trkpt lat="18.0258761" lon="99.9453426">
      </trkpt>
      <trkpt lat="18.0258139" lon="99.9453962">
      </trkpt>
      <trkpt lat="18.0257386" lon="99.9454701">
      </trkpt>
      <trkpt lat="18.0256789" lon="99.9455324">
      </trkpt>
      <trkpt lat="18.0256118" lon="99.9455996">
      </trkpt>
      <trkpt lat="18.025556" lon="99.9456634">
      </trkpt>
      <trkpt lat="18.0254948" lon="99.9457376">
      </trkpt>
      <trkpt lat="18.0254393" lon="99.9458152">
      </trkpt>
      <trkpt lat="18.0253591" lon="99.9459222">
      </trkpt>
      <trkpt lat="18.025295" lon="99.9460169">
      </trkpt>
      <trkpt lat="18.0252323" lon="99.9461063">
      </trkpt>
      <trkpt lat="18.0247871" lon="99.9468702">
      </trkpt>
      <trkpt lat="18.0244237" lon="99.947453">
      </trkpt>
      <trkpt lat="18.0243657" lon="99.9475314">
      </trkpt>
      <trkpt lat="18.0242748" lon="99.9476508">
      </trkpt>
      <trkpt lat="18.0241758" lon="99.9477549">
      </trkpt>
      <trkpt lat="18.0240935" lon="99.9478359">
      </trkpt>
      <trkpt lat="18.0239432" lon="99.9479778">
      </trkpt>
      <trkpt lat="18.0238693" lon="99.9480467">
      </trkpt>
      <trkpt lat="18.0237881" lon="99.9481175">
      </trkpt>
      <trkpt lat="18.0231035" lon="99.9486517">
      </trkpt>
      <trkpt lat="18.0224209" lon="99.9491954">
      </trkpt>
      <trkpt lat="18.0222876" lon="99.9492972">
      </trkpt>
      <trkpt lat="18.0222086" lon="99.9493736">
      </trkpt>
      <trkpt lat="18.0221328" lon="99.9494596">
      </trkpt>
      <trkpt lat="18.0220533" lon="99.9495781">
      </trkpt>
      <trkpt lat="18.0219658" lon="99.9497298">
      </trkpt>
      <trkpt lat="18.0214791" lon="99.9506013">
      </trkpt>
      <trkpt lat="18.02137" lon="99.950774">
      </trkpt>
      <trkpt lat="18.021246" lon="99.9509593">
      </trkpt>
      <trkpt lat="18.0211458" lon="99.9510973">
      </trkpt>
      <trkpt lat="18.0210216" lon="99.9512426">
      </trkpt>
      <trkpt lat="18.020878" lon="99.9513962">
      </trkpt>
      <trkpt lat="18.0207552" lon="99.951511">
      </trkpt>
      <trkpt lat="18.0206168" lon="99.9516244">
      </trkpt>
      <trkpt lat="18.0204539" lon="99.9517404">
      </trkpt>
      <trkpt lat="18.0203206" lon="99.9518245">
      </trkpt>
      <trkpt lat="18.0201645" lon="99.9519103">
      </trkpt>
      <trkpt lat="18.019979" lon="99.9520012">
      </trkpt>
      <trkpt lat="18.0198134" lon="99.9520576">
      </trkpt>
      <trkpt lat="18.0196401" lon="99.9521094">
      </trkpt>
      <trkpt lat="18.0194722" lon="99.9521423">
      </trkpt>
      <trkpt lat="18.019266" lon="99.9521727">
      </trkpt>
      <trkpt lat="18.019029" lon="99.9521801">
      </trkpt>
      <trkpt lat="18.0188351" lon="99.9521795">
      </trkpt>
      <trkpt lat="18.0186683" lon="99.952173">
      </trkpt>
      <trkpt lat="18.0164441" lon="99.952006">
      </trkpt>
      <trkpt lat="18.0162809" lon="99.9520042">
      </trkpt>
      <trkpt lat="18.0161366" lon="99.9520104">
      </trkpt>
      <trkpt lat="18.0160285" lon="99.9520305">
      </trkpt>
      <trkpt lat="18.0159064" lon="99.9520648">
      </trkpt>
      <trkpt lat="18.0157781" lon="99.9520998">
      </trkpt>
      <trkpt lat="18.015576" lon="99.9521948">
      </trkpt>
      <trkpt lat="18.0154571" lon="99.9522729">
      </trkpt>
      <trkpt lat="18.0153558" lon="99.9523471">
      </trkpt>
      <trkpt lat="18.0152717" lon="99.9524144">
      </trkpt>
      <trkpt lat="18.0151558" lon="99.952529">
      </trkpt>
      <trkpt lat="18.0150566" lon="99.9526467">
      </trkpt>
      <trkpt lat="18.0149477" lon="99.9528286">
      </trkpt>
      <trkpt lat="18.0148797" lon="99.9529598">
      </trkpt>
      <trkpt lat="18.0148177" lon="99.953115">
      </trkpt>
      <trkpt lat="18.0147677" lon="99.9532986">
      </trkpt>
      <trkpt lat="18.0147384" lon="99.9534629">
      </trkpt>
      <trkpt lat="18.0147309" lon="99.9536164">
      </trkpt>
      <trkpt lat="18.0147168" lon="99.9544571">
      </trkpt>
      <trkpt lat="18.0146958" lon="99.9547503">
      </trkpt>
      <trkpt lat="18.0146728" lon="99.9549408">
      </trkpt>
      <trkpt lat="18.0146343" lon="99.9551469">
      </trkpt>
      <trkpt lat="18.0145672" lon="99.9554699">
      </trkpt>
      <trkpt lat="18.0144811" lon="99.955743">
      </trkpt>
      <trkpt lat="18.0143963" lon="99.9559706">
      </trkpt>
      <trkpt lat="18.0143578" lon="99.9560738">
      </trkpt>
      <trkpt lat="18.0142198" lon="99.9564126">
      </trkpt>
      <trkpt lat="18.0139116" lon="99.9570554">
      </trkpt>
      <trkpt lat="18.0137623" lon="99.9573667">
      </trkpt>
      <trkpt lat="18.0137482" lon="99.9574053">
      </trkpt>
      <trkpt lat="18.0137157" lon="99.9574941">
      </trkpt>
      <trkpt lat="18.0136811" lon="99.9576425">
      </trkpt>
      <trkpt lat="18.0136458" lon="99.9578591">
      </trkpt>
      <trkpt lat="18.0136253" lon="99.9580252">
      </trkpt>
      <trkpt lat="18.0135854" lon="99.9585072">
      </trkpt>
      <trkpt lat="18.0135775" lon="99.9586019">
      </trkpt>
      <trkpt lat="18.0135581" lon="99.9587665">
      </trkpt>
      <trkpt lat="18.013526" lon="99.9589241">
      </trkpt>
      <trkpt lat="18.0134919" lon="99.9590625">
      </trkpt>
      <trkpt lat="18.0134427" lon="99.9592106">
      </trkpt>
      <trkpt lat="18.0133729" lon="99.9593895">
      </trkpt>
      <trkpt lat="18.0132247" lon="99.9597246">
      </trkpt>
      <trkpt lat="18.013084" lon="99.960043">
      </trkpt>
      <trkpt lat="18.0130388" lon="99.9601639">
      </trkpt>
      <trkpt lat="18.0130058" lon="99.9602523">
      </trkpt>
      <trkpt lat="18.012959" lon="99.9604186">
      </trkpt>
      <trkpt lat="18.0129336" lon="99.9605868">
      </trkpt>
      <trkpt lat="18.0129216" lon="99.9607524">
      </trkpt>
      <trkpt lat="18.0129302" lon="99.9609501">
      </trkpt>
      <trkpt lat="18.0129583" lon="99.9612975">
      </trkpt>
      <trkpt lat="18.0129643" lon="99.9614889">
      </trkpt>
      <trkpt lat="18.012965" lon="99.9616719">
      </trkpt>
      <trkpt lat="18.0129504" lon="99.961839">
      </trkpt>
      <trkpt lat="18.0129144" lon="99.9620279">
      </trkpt>
      <trkpt lat="18.0128695" lon="99.962197">
      </trkpt>
      <trkpt lat="18.0128263" lon="99.9623346">
      </trkpt>
      <trkpt lat="18.012773" lon="99.9624712">
      </trkpt>
      <trkpt lat="18.012702" lon="99.962645">
      </trkpt>
      <trkpt lat="18.0126165" lon="99.9628228">
      </trkpt>
      <trkpt lat="18.0124976" lon="99.9630598">
      </trkpt>
      <trkpt lat="18.0118261" lon="99.9643987">
      </trkpt>
      <trkpt lat="18.0117389" lon="99.964599">
      </trkpt>
      <trkpt lat="18.0116633" lon="99.9648103">
      </trkpt>
      <trkpt lat="18.0112914" lon="99.966053">
      </trkpt>
      <trkpt lat="18.011235" lon="99.9662201">
      </trkpt>
      <trkpt lat="18.0111609" lon="99.9664049">
      </trkpt>
      <trkpt lat="18.0110593" lon="99.9666037">
      </trkpt>
      <trkpt lat="18.010936" lon="99.9668076">
      </trkpt>
      <trkpt lat="18.0108065" lon="99.966989">
      </trkpt>
      <trkpt lat="18.0106778" lon="99.967149">
      </trkpt>
      <trkpt lat="18.0105404" lon="99.9672901">
      </trkpt>
      <trkpt lat="18.0103844" lon="99.9674314">
      </trkpt>
      <trkpt lat="18.0102038" lon="99.9675622">
      </trkpt>
      <trkpt lat="18.0100245" lon="99.9676745">
      </trkpt>
      <trkpt lat="18.0098173" lon="99.9677892">
      </trkpt>
      <trkpt lat="18.0096639" lon="99.9678564">
      </trkpt>
      <trkpt lat="18.009516" lon="99.9679079">
      </trkpt>
      <trkpt lat="18.0093359" lon="99.9679635">
      </trkpt>
      <trkpt lat="18.0091302" lon="99.9680069">
      </trkpt>
      <trkpt lat="18.0088784" lon="99.9680306">
      </trkpt>
      <trkpt lat="18.0086519" lon="99.9680298">
      </trkpt>
      <trkpt lat="18.0078199" lon="99.9680122">
      </trkpt>
      <trkpt lat="18.0075687" lon="99.9680133">
      </trkpt>
      <trkpt lat="18.0073159" lon="99.9680231">
      </trkpt>
      <trkpt lat="18.0070725" lon="99.968049">
      </trkpt>
      <trkpt lat="18.0069134" lon="99.9680811">
      </trkpt>
      <trkpt lat="18.0067643" lon="99.9681197">
      </trkpt>
      <trkpt lat="18.0065772" lon="99.9681894">
      </trkpt>
      <trkpt lat="18.0063998" lon="99.9682705">
      </trkpt>
      <trkpt lat="18.0062568" lon="99.9683471">
      </trkpt>
      <trkpt lat="18.0060267" lon="99.9684904">
      </trkpt>
      <trkpt lat="18.0058681" lon="99.9686086">
      </trkpt>
      <trkpt lat="18.0057382" lon="99.9687187">
      </trkpt>
      <trkpt lat="18.0055839" lon="99.9688725">
      </trkpt>
      <trkpt lat="18.0054549" lon="99.9690297">
      </trkpt>
      <trkpt lat="18.005294" lon="99.9692407">
      </trkpt>
      <trkpt lat="18.0051087" lon="99.9695173">
      </trkpt>
      <trkpt lat="18.0039263" lon="99.9714232">
      </trkpt>
      <trkpt lat="18.0037772" lon="99.9717203">
      </trkpt>
      <trkpt lat="18.00366" lon="99.9720129">
      </trkpt>
      <trkpt lat="18.0035831" lon="99.9723011">
      </trkpt>
      <trkpt lat="18.0035223" lon="99.972653">
      </trkpt>
      <trkpt lat="18.0034123" lon="99.9736956">
      </trkpt>
      <trkpt lat="18.0033687" lon="99.9739728">
      </trkpt>
      <trkpt lat="18.0032662" lon="99.9744515">
      </trkpt>
      <trkpt lat="18.00311" lon="99.9750143">
      </trkpt>
      <trkpt lat="18.0022853" lon="99.9776582">
      </trkpt>
      <trkpt lat="18.002198" lon="99.9779136">
      </trkpt>
      <trkpt lat="18.0020934" lon="99.9781528">
      </trkpt>
      <trkpt lat="18.0019934" lon="99.9783605">
      </trkpt>
      <trkpt lat="18.0018447" lon="99.9786196">
      </trkpt>
      <trkpt lat="18.0016545" lon="99.9788872">
      </trkpt>
      <trkpt lat="18.0013797" lon="99.9791997">
      </trkpt>
      <trkpt lat="18.0007358" lon="99.9799021">
      </trkpt>
      <trkpt lat="17.999957" lon="99.9807592">
      </trkpt>
      <trkpt lat="17.9998153" lon="99.9809447">
      </trkpt>
      <trkpt lat="17.9996951" lon="99.9811077">
      </trkpt>
      <trkpt lat="17.9996223" lon="99.981243">
      </trkpt>
      <trkpt lat="17.9995409" lon="99.9813995">
      </trkpt>
      <trkpt lat="17.9994424" lon="99.9816222">
      </trkpt>
      <trkpt lat="17.9993588" lon="99.9818607">
      </trkpt>
      <trkpt lat="17.9993091" lon="99.9820729">
      </trkpt>
      <trkpt lat="17.9992562" lon="99.9823452">
      </trkpt>
      <trkpt lat="17.9992398" lon="99.9825978">
      </trkpt>
      <trkpt lat="17.9992555" lon="99.9828912">
      </trkpt>
      <trkpt lat="17.9992839" lon="99.9831308">
      </trkpt>
      <trkpt lat="17.9993357" lon="99.9833917">
      </trkpt>
      <trkpt lat="17.999423" lon="99.9836387">
      </trkpt>
      <trkpt lat="17.9995002" lon="99.9838579">
      </trkpt>
      <trkpt lat="17.9996113" lon="99.9840954">
      </trkpt>
      <trkpt lat="17.9997128" lon="99.9842637">
      </trkpt>
      <trkpt lat="17.99985" lon="99.9844548">
      </trkpt>
      <trkpt lat="18.0015671" lon="99.9866204">
      </trkpt>
      <trkpt lat="18.0017034" lon="99.9868147">
      </trkpt>
      <trkpt lat="18.001824" lon="99.987004">
      </trkpt>
      <trkpt lat="18.0019302" lon="99.9872077">
      </trkpt>
      <trkpt lat="18.0020359" lon="99.9874577">
      </trkpt>
      <trkpt lat="18.0021339" lon="99.9877636">
      </trkpt>
      <trkpt lat="18.0022095" lon="99.9880779">
      </trkpt>
      <trkpt lat="18.0023777" lon="99.9893375">
      </trkpt>
      <trkpt lat="18.0023845" lon="99.9896125">
      </trkpt>
      <trkpt lat="18.0023729" lon="99.9897847">
      </trkpt>
      <trkpt lat="18.0023381" lon="99.9900437">
      </trkpt>
      <trkpt lat="18.0022728" lon="99.990372">
      </trkpt>
      <trkpt lat="18.0021815" lon="99.9907059">
      </trkpt>
      <trkpt lat="18.0014879" lon="99.9926082">
      </trkpt>
      <trkpt lat="18.0013948" lon="99.9928345">
      </trkpt>
      <trkpt lat="18.0012921" lon="99.9930238">
      </trkpt>
      <trkpt lat="18.0011684" lon="99.9932238">
      </trkpt>
      <trkpt lat="18.0010063" lon="99.9934475">
      </trkpt>
      <trkpt lat="18.0008453" lon="99.9936333">
      </trkpt>
      <trkpt lat="18.0003415" lon="99.9942384">
      </trkpt>
      <trkpt lat="18.0002096" lon="99.9944167">
      </trkpt>
      <trkpt lat="18.0000953" lon="99.9946197">
      </trkpt>
      <trkpt lat="17.9999764" lon="99.994885">
      </trkpt>
      <trkpt lat="17.9999115" lon="99.9950668">
      </trkpt>
      <trkpt lat="17.9998491" lon="99.9952787">
      </trkpt>
      <trkpt lat="17.999811" lon="99.9954953">
      </trkpt>
      <trkpt lat="17.9997809" lon="99.9957634">
      </trkpt>
      <trkpt lat="17.9997858" lon="99.9960604">
      </trkpt>
      <trkpt lat="17.9998027" lon="99.9963127">
      </trkpt>
      <trkpt lat="17.9998407" lon="99.9965199">
      </trkpt>
      <trkpt lat="17.9999061" lon="99.996793">
      </trkpt>
      <trkpt lat="18.0002739" lon="99.998198">
      </trkpt>
      <trkpt lat="18.0003268" lon="99.9984406">
      </trkpt>
      <trkpt lat="18.0003738" lon="99.9986849">
      </trkpt>
      <trkpt lat="18.0004085" lon="99.9989433">
      </trkpt>
      <trkpt lat="18.0004183" lon="99.9991452">
      </trkpt>
      <trkpt lat="18.0004078" lon="99.9993612">
      </trkpt>
      <trkpt lat="18.0003539" lon="99.9996997">
      </trkpt>
      <trkpt lat="18.0002888" lon="99.9999734">
      </trkpt>
      <trkpt lat="18.0002116" lon="100.0001964">
      </trkpt>
      <trkpt lat="18.0000998" lon="100.0004706">
      </trkpt>
      <trkpt lat="17.9999672" lon="100.0006929">
      </trkpt>
      <trkpt lat="17.9997944" lon="100.0009305">
      </trkpt>
      <trkpt lat="17.9996216" lon="100.0011283">
      </trkpt>
      <trkpt lat="17.9994475" lon="100.001303">
      </trkpt>
      <trkpt lat="17.9992587" lon="100.0014512">
      </trkpt>
      <trkpt lat="17.999075" lon="100.001579">
      </trkpt>
      <trkpt lat="17.9988952" lon="100.0016754">
      </trkpt>
      <trkpt lat="17.9986586" lon="100.0017901">
      </trkpt>
      <trkpt lat="17.9979567" lon="100.0020555">
      </trkpt>
      <trkpt lat="17.9977134" lon="100.0021565">
      </trkpt>
      <trkpt lat="17.9974956" lon="100.0022691">
      </trkpt>
      <trkpt lat="17.9973057" lon="100.0023867">
      </trkpt>
      <trkpt lat="17.9971306" lon="100.002521">
      </trkpt>
      <trkpt lat="17.9969519" lon="100.0026899">
      </trkpt>
      <trkpt lat="17.9967537" lon="100.0029015">
      </trkpt>
      <trkpt lat="17.9965683" lon="100.00315">
      </trkpt>
      <trkpt lat="17.9964205" lon="100.0034">
      </trkpt>
      <trkpt lat="17.9962504" lon="100.0037608">
      </trkpt>
      <trkpt lat="17.9960814" lon="100.0041029">
      </trkpt>
      <trkpt lat="17.995656" lon="100.005022">
      </trkpt>
      <trkpt lat="17.9948521" lon="100.0066924">
      </trkpt>
      <trkpt lat="17.993797" lon="100.0088846">
      </trkpt>
      <trkpt lat="17.9929288" lon="100.0106468">
      </trkpt>
      <trkpt lat="17.9927329" lon="100.0111258">
      </trkpt>
      <trkpt lat="17.9909622" lon="100.0161887">
      </trkpt>
      <trkpt lat="17.9909461" lon="100.0162352">
      </trkpt>
      <trkpt lat="17.9889292" lon="100.0220748">
      </trkpt>
      <trkpt lat="17.9859315" lon="100.0306833">
      </trkpt>
      <trkpt lat="17.984933" lon="100.0335737">
      </trkpt>
      <trkpt lat="17.9845891" lon="100.0345621">
      </trkpt>
      <trkpt lat="17.9844679" lon="100.0349665">
      </trkpt>
      <trkpt lat="17.9837437" lon="100.0369954">
      </trkpt>
      <trkpt lat="17.9830404" lon="100.0390242">
      </trkpt>
      <trkpt lat="17.9816129" lon="100.0431644">
      </trkpt>
      <trkpt lat="17.980954" lon="100.0449511">
      </trkpt>
      <trkpt lat="17.9805247" lon="100.0462183">
      </trkpt>
      <trkpt lat="17.9802153" lon="100.0470928">
      </trkpt>
      <trkpt lat="17.979779" lon="100.0483653">
      </trkpt>
      <trkpt lat="17.9795473" lon="100.0490178">
      </trkpt>
      <trkpt lat="17.979521" lon="100.049126">
      </trkpt>
      <trkpt lat="17.9793861" lon="100.0494631">
      </trkpt>
      <trkpt lat="17.9792648" lon="100.0496366">
      </trkpt>
      <trkpt lat="17.9792333" lon="100.0496817">
      </trkpt>
      <trkpt lat="17.9790917" lon="100.0498502">
      </trkpt>
      <trkpt lat="17.979032" lon="100.0499037">
      </trkpt>
      <trkpt lat="17.9788861" lon="100.0500345">
      </trkpt>
      <trkpt lat="17.9786573" lon="100.0501943">
      </trkpt>
      <trkpt lat="17.9784026" lon="100.0502925">
      </trkpt>
      <trkpt lat="17.9760032" lon="100.0508415">
      </trkpt>
      <trkpt lat="17.974247" lon="100.0513336">
      </trkpt>
      <trkpt lat="17.9739278" lon="100.0514334">
      </trkpt>
      <trkpt lat="17.9736062" lon="100.0515624">
      </trkpt>
      <trkpt lat="17.9733385" lon="100.0516939">
      </trkpt>
      <trkpt lat="17.9730977" lon="100.0518426">
      </trkpt>
      <trkpt lat="17.972859" lon="100.0519966">
      </trkpt>
      <trkpt lat="17.9726122" lon="100.0521918">
      </trkpt>
      <trkpt lat="17.9685331" lon="100.0561025">
      </trkpt>
      <trkpt lat="17.9683252" lon="100.0562808">
      </trkpt>
      <trkpt lat="17.9681751" lon="100.0564018">
      </trkpt>
      <trkpt lat="17.9679721" lon="100.0565163">
      </trkpt>
      <trkpt lat="17.9677317" lon="100.0566231">
      </trkpt>
      <trkpt lat="17.9674775" lon="100.0567087">
      </trkpt>
      <trkpt lat="17.9672306" lon="100.0567754">
      </trkpt>
      <trkpt lat="17.9669099" lon="100.0568282">
      </trkpt>
      <trkpt lat="17.9665284" lon="100.0568702">
      </trkpt>
      <trkpt lat="17.9660692" lon="100.0569456">
      </trkpt>
      <trkpt lat="17.965614" lon="100.0570213">
      </trkpt>
      <trkpt lat="17.96163" lon="100.0578568">
      </trkpt>
      <trkpt lat="17.9613771" lon="100.0579025">
      </trkpt>
      <trkpt lat="17.9611729" lon="100.0579328">
      </trkpt>
      <trkpt lat="17.960984" lon="100.0579455">
      </trkpt>
      <trkpt lat="17.9608003" lon="100.0579441">
      </trkpt>
      <trkpt lat="17.9605742" lon="100.0579363">
      </trkpt>
      <trkpt lat="17.9603542" lon="100.0579043">
      </trkpt>
      <trkpt lat="17.9595664" lon="100.0577433">
      </trkpt>
      <trkpt lat="17.9593849" lon="100.0577067">
      </trkpt>
      <trkpt lat="17.9591962" lon="100.057685">
      </trkpt>
      <trkpt lat="17.9589933" lon="100.0576795">
      </trkpt>
      <trkpt lat="17.9587824" lon="100.0576899">
      </trkpt>
      <trkpt lat="17.9585604" lon="100.0577142">
      </trkpt>
      <trkpt lat="17.9583888" lon="100.0577492">
      </trkpt>
      <trkpt lat="17.9581986" lon="100.0578023">
      </trkpt>
      <trkpt lat="17.9549679" lon="100.0588532">
      </trkpt>
      <trkpt lat="17.954797" lon="100.0588882">
      </trkpt>
      <trkpt lat="17.9546081" lon="100.0589242">
      </trkpt>
      <trkpt lat="17.9543848" lon="100.0589502">
      </trkpt>
      <trkpt lat="17.9542162" lon="100.0589542">
      </trkpt>
      <trkpt lat="17.9540585" lon="100.0589456">
      </trkpt>
      <trkpt lat="17.9538656" lon="100.0589231">
      </trkpt>
      <trkpt lat="17.9537162" lon="100.058902">
      </trkpt>
      <trkpt lat="17.9535387" lon="100.0588561">
      </trkpt>
      <trkpt lat="17.9533861" lon="100.0588074">
      </trkpt>
      <trkpt lat="17.9532089" lon="100.058742">
      </trkpt>
      <trkpt lat="17.953049" lon="100.0586667">
      </trkpt>
      <trkpt lat="17.9529183" lon="100.0585954">
      </trkpt>
      <trkpt lat="17.9527959" lon="100.0585188">
      </trkpt>
      <trkpt lat="17.9526504" lon="100.0584185">
      </trkpt>
      <trkpt lat="17.9490389" lon="100.05485">
      </trkpt>
      <trkpt lat="17.9489015" lon="100.0547276">
      </trkpt>
      <trkpt lat="17.9487748" lon="100.0546112">
      </trkpt>
      <trkpt lat="17.9486186" lon="100.0544951">
      </trkpt>
      <trkpt lat="17.9484397" lon="100.0543802">
      </trkpt>
      <trkpt lat="17.9482846" lon="100.0542903">
      </trkpt>
      <trkpt lat="17.9481346" lon="100.0542216">
      </trkpt>
      <trkpt lat="17.9479592" lon="100.0541524">
      </trkpt>
      <trkpt lat="17.94778" lon="100.0540949">
      </trkpt>
      <trkpt lat="17.9476113" lon="100.054048">
      </trkpt>
      <trkpt lat="17.9474064" lon="100.0539928">
      </trkpt>
      <trkpt lat="17.9470811" lon="100.0539449">
      </trkpt>
      <trkpt lat="17.9460134" lon="100.0538491">
      </trkpt>
      <trkpt lat="17.9457723" lon="100.0538401">
      </trkpt>
      <trkpt lat="17.945545" lon="100.0538433">
      </trkpt>
      <trkpt lat="17.9452792" lon="100.0538788">
      </trkpt>
      <trkpt lat="17.9450597" lon="100.0539308">
      </trkpt>
      <trkpt lat="17.9448549" lon="100.0539926">
      </trkpt>
      <trkpt lat="17.9447215" lon="100.0540456">
      </trkpt>
      <trkpt lat="17.9437762" lon="100.0544464">
      </trkpt>
      <trkpt lat="17.9434396" lon="100.0545688">
      </trkpt>
      <trkpt lat="17.9430474" lon="100.0546881">
      </trkpt>
      <trkpt lat="17.941079" lon="100.055187">
      </trkpt>
      <trkpt lat="17.9403195" lon="100.0553931">
      </trkpt>
      <trkpt lat="17.9401577" lon="100.0554405">
      </trkpt>
      <trkpt lat="17.9399688" lon="100.0554974">
      </trkpt>
      <trkpt lat="17.939786" lon="100.0555614">
      </trkpt>
      <trkpt lat="17.9396245" lon="100.0556239">
      </trkpt>
      <trkpt lat="17.9394227" lon="100.0557188">
      </trkpt>
      <trkpt lat="17.9392873" lon="100.0557954">
      </trkpt>
      <trkpt lat="17.9376043" lon="100.0567309">
      </trkpt>
      <trkpt lat="17.9359413" lon="100.0576619">
      </trkpt>
      <trkpt lat="17.935097" lon="100.0581519">
      </trkpt>
      <trkpt lat="17.9349433" lon="100.0582326">
      </trkpt>
      <trkpt lat="17.9347874" lon="100.0583096">
      </trkpt>
      <trkpt lat="17.9345835" lon="100.0583879">
      </trkpt>
      <trkpt lat="17.9343421" lon="100.0584331">
      </trkpt>
      <trkpt lat="17.9340809" lon="100.0584473">
      </trkpt>
      <trkpt lat="17.9338594" lon="100.0584363">
      </trkpt>
      <trkpt lat="17.9336504" lon="100.0584171">
      </trkpt>
      <trkpt lat="17.9334013" lon="100.0583771">
      </trkpt>
      <trkpt lat="17.9317595" lon="100.0580288">
      </trkpt>
      <trkpt lat="17.9314994" lon="100.0579788">
      </trkpt>
      <trkpt lat="17.9313147" lon="100.0579557">
      </trkpt>
      <trkpt lat="17.9311267" lon="100.0579489">
      </trkpt>
      <trkpt lat="17.9309237" lon="100.0579562">
      </trkpt>
      <trkpt lat="17.9307225" lon="100.057983">
      </trkpt>
      <trkpt lat="17.9305996" lon="100.0580054">
      </trkpt>
      <trkpt lat="17.9289712" lon="100.0584638">
      </trkpt>
      <trkpt lat="17.9272137" lon="100.0589366">
      </trkpt>
      <trkpt lat="17.9270071" lon="100.0589995">
      </trkpt>
      <trkpt lat="17.9267827" lon="100.059089">
      </trkpt>
      <trkpt lat="17.9266067" lon="100.0591629">
      </trkpt>
      <trkpt lat="17.9264343" lon="100.0592495">
      </trkpt>
      <trkpt lat="17.9262695" lon="100.0593353">
      </trkpt>
      <trkpt lat="17.9260945" lon="100.0594427">
      </trkpt>
      <trkpt lat="17.9259491" lon="100.0595438">
      </trkpt>
      <trkpt lat="17.9257944" lon="100.0596571">
      </trkpt>
      <trkpt lat="17.9256558" lon="100.0597827">
      </trkpt>
      <trkpt lat="17.9242003" lon="100.0614251">
      </trkpt>
      <trkpt lat="17.9240711" lon="100.0615596">
      </trkpt>
      <trkpt lat="17.9239423" lon="100.0616787">
      </trkpt>
      <trkpt lat="17.9237971" lon="100.0617858">
      </trkpt>
      <trkpt lat="17.9236544" lon="100.061892">
      </trkpt>
      <trkpt lat="17.9235343" lon="100.061962">
      </trkpt>
      <trkpt lat="17.9233857" lon="100.0620446">
      </trkpt>
      <trkpt lat="17.9232079" lon="100.0621339">
      </trkpt>
      <trkpt lat="17.9230775" lon="100.0621805">
      </trkpt>
      <trkpt lat="17.922934" lon="100.0622215">
      </trkpt>
      <trkpt lat="17.9227864" lon="100.0622592">
      </trkpt>
      <trkpt lat="17.9226532" lon="100.0622874">
      </trkpt>
      <trkpt lat="17.9224778" lon="100.0623086">
      </trkpt>
      <trkpt lat="17.9223064" lon="100.0623166">
      </trkpt>
      <trkpt lat="17.9221479" lon="100.0623205">
      </trkpt>
      <trkpt lat="17.9219873" lon="100.0623202">
      </trkpt>
      <trkpt lat="17.921808" lon="100.0623032">
      </trkpt>
      <trkpt lat="17.9208683" lon="100.0621777">
      </trkpt>
      <trkpt lat="17.9206535" lon="100.0621499">
      </trkpt>
      <trkpt lat="17.9204133" lon="100.0621358">
      </trkpt>
      <trkpt lat="17.9202218" lon="100.0621328">
      </trkpt>
      <trkpt lat="17.9200379" lon="100.0621459">
      </trkpt>
      <trkpt lat="17.9198633" lon="100.0621648">
      </trkpt>
      <trkpt lat="17.9196656" lon="100.0621919">
      </trkpt>
      <trkpt lat="17.9194519" lon="100.0622332">
      </trkpt>
      <trkpt lat="17.9192291" lon="100.0622947">
      </trkpt>
      <trkpt lat="17.9162617" lon="100.0632049">
      </trkpt>
      <trkpt lat="17.9156857" lon="100.0633704">
      </trkpt>
      <trkpt lat="17.915357" lon="100.0634284">
      </trkpt>
      <trkpt lat="17.9150637" lon="100.063465">
      </trkpt>
      <trkpt lat="17.914765" lon="100.0634749">
      </trkpt>
      <trkpt lat="17.9142661" lon="100.0634614">
      </trkpt>
      <trkpt lat="17.9111902" lon="100.0631376">
      </trkpt>
      <trkpt lat="17.911006" lon="100.063119">
      </trkpt>
      <trkpt lat="17.9108701" lon="100.0631005">
      </trkpt>
      <trkpt lat="17.9107309" lon="100.0630797">
      </trkpt>
      <trkpt lat="17.909061" lon="100.0627411">
      </trkpt>
      <trkpt lat="17.9088907" lon="100.0627067">
      </trkpt>
      <trkpt lat="17.9086831" lon="100.0626583">
      </trkpt>
      <trkpt lat="17.9085369" lon="100.0626198">
      </trkpt>
      <trkpt lat="17.9084166" lon="100.0625832">
      </trkpt>
      <trkpt lat="17.9082322" lon="100.0625216">
      </trkpt>
      <trkpt lat="17.908036" lon="100.0624511">
      </trkpt>
      <trkpt lat="17.9078511" lon="100.0623658">
      </trkpt>
      <trkpt lat="17.9076717" lon="100.0622657">
      </trkpt>
      <trkpt lat="17.9075131" lon="100.0621724">
      </trkpt>
      <trkpt lat="17.9073924" lon="100.0620907">
      </trkpt>
      <trkpt lat="17.9072489" lon="100.0619618">
      </trkpt>
      <trkpt lat="17.9071157" lon="100.0618305">
      </trkpt>
      <trkpt lat="17.9069896" lon="100.0616862">
      </trkpt>
      <trkpt lat="17.9068656" lon="100.0615232">
      </trkpt>
      <trkpt lat="17.9060834" lon="100.0603873">
      </trkpt>
      <trkpt lat="17.905933" lon="100.0601879">
      </trkpt>
      <trkpt lat="17.9057799" lon="100.0599917">
      </trkpt>
      <trkpt lat="17.905586" lon="100.0597649">
      </trkpt>
      <trkpt lat="17.9052558" lon="100.0593961">
      </trkpt>
      <trkpt lat="17.9048785" lon="100.0589797">
      </trkpt>
      <trkpt lat="17.9043826" lon="100.0584519">
      </trkpt>
      <trkpt lat="17.9026705" lon="100.0566016">
      </trkpt>
      <trkpt lat="17.9025357" lon="100.0564508">
      </trkpt>
      <trkpt lat="17.9023803" lon="100.0562881">
      </trkpt>
      <trkpt lat="17.9022441" lon="100.0561553">
      </trkpt>
      <trkpt lat="17.9020915" lon="100.0560168">
      </trkpt>
      <trkpt lat="17.9019278" lon="100.0558842">
      </trkpt>
      <trkpt lat="17.9017428" lon="100.0557495">
      </trkpt>
      <trkpt lat="17.901583" lon="100.0556509">
      </trkpt>
      <trkpt lat="17.9013843" lon="100.0555411">
      </trkpt>
      <trkpt lat="17.8996202" lon="100.0547926">
      </trkpt>
      <trkpt lat="17.8993174" lon="100.0546608">
      </trkpt>
      <trkpt lat="17.8990243" lon="100.0545133">
      </trkpt>
      <trkpt lat="17.8987887" lon="100.0543888">
      </trkpt>
      <trkpt lat="17.8985637" lon="100.0542329">
      </trkpt>
      <trkpt lat="17.8983816" lon="100.0540788">
      </trkpt>
      <trkpt lat="17.8982276" lon="100.0539276">
      </trkpt>
      <trkpt lat="17.8980697" lon="100.053747">
      </trkpt>
      <trkpt lat="17.8979618" lon="100.0535961">
      </trkpt>
      <trkpt lat="17.8978482" lon="100.0534372">
      </trkpt>
      <trkpt lat="17.8977502" lon="100.0532483">
      </trkpt>
      <trkpt lat="17.8976793" lon="100.053082">
      </trkpt>
      <trkpt lat="17.897604" lon="100.0528859">
      </trkpt>
      <trkpt lat="17.8975394" lon="100.0526694">
      </trkpt>
      <trkpt lat="17.8971174" lon="100.0507848">
      </trkpt>
      <trkpt lat="17.897089" lon="100.0506117">
      </trkpt>
      <trkpt lat="17.8970388" lon="100.0503788">
      </trkpt>
      <trkpt lat="17.8969879" lon="100.0501515">
      </trkpt>
      <trkpt lat="17.8969183" lon="100.0498942">
      </trkpt>
      <trkpt lat="17.8968412" lon="100.0496769">
      </trkpt>
      <trkpt lat="17.8967629" lon="100.0494903">
      </trkpt>
      <trkpt lat="17.8966691" lon="100.0493024">
      </trkpt>
      <trkpt lat="17.8965684" lon="100.0491193">
      </trkpt>
      <trkpt lat="17.8964686" lon="100.048945">
      </trkpt>
      <trkpt lat="17.8958658" lon="100.047979">
      </trkpt>
      <trkpt lat="17.8944927" lon="100.0457787">
      </trkpt>
      <trkpt lat="17.8943774" lon="100.0455995">
      </trkpt>
      <trkpt lat="17.8943008" lon="100.0454817">
      </trkpt>
      <trkpt lat="17.8941891" lon="100.0453056">
      </trkpt>
      <trkpt lat="17.8940728" lon="100.0451512">
      </trkpt>
      <trkpt lat="17.8939659" lon="100.045046">
      </trkpt>
      <trkpt lat="17.8937575" lon="100.0447964">
      </trkpt>
      <trkpt lat="17.8935924" lon="100.044624">
      </trkpt>
      <trkpt lat="17.8933881" lon="100.0444293">
      </trkpt>
      <trkpt lat="17.8906065" lon="100.0418258">
      </trkpt>
      <trkpt lat="17.8902818" lon="100.0415139">
      </trkpt>
      <trkpt lat="17.8901398" lon="100.04138">
      </trkpt>
      <trkpt lat="17.8899946" lon="100.0412563">
      </trkpt>
      <trkpt lat="17.8898586" lon="100.0411425">
      </trkpt>
      <trkpt lat="17.8897131" lon="100.0410378">
      </trkpt>
      <trkpt lat="17.8895454" lon="100.0409202">
      </trkpt>
      <trkpt lat="17.8894129" lon="100.040835">
      </trkpt>
      <trkpt lat="17.8892389" lon="100.0407336">
      </trkpt>
      <trkpt lat="17.8891219" lon="100.040672">
      </trkpt>
      <trkpt lat="17.8890091" lon="100.0406197">
      </trkpt>
      <trkpt lat="17.8888163" lon="100.0405403">
      </trkpt>
      <trkpt lat="17.888681" lon="100.0404911">
      </trkpt>
      <trkpt lat="17.8885195" lon="100.0404482">
      </trkpt>
      <trkpt lat="17.8883399" lon="100.0404074">
      </trkpt>
      <trkpt lat="17.8881304" lon="100.0403697">
      </trkpt>
      <trkpt lat="17.8879382" lon="100.0403445">
      </trkpt>
      <trkpt lat="17.8877961" lon="100.0403375">
      </trkpt>
      <trkpt lat="17.8876128" lon="100.0403368">
      </trkpt>
      <trkpt lat="17.8870173" lon="100.0403715">
      </trkpt>
      <trkpt lat="17.8860118" lon="100.0404497">
      </trkpt>
      <trkpt lat="17.8846632" lon="100.0405602">
      </trkpt>
      <trkpt lat="17.8844476" lon="100.0405728">
      </trkpt>
      <trkpt lat="17.8821266" lon="100.0407621">
      </trkpt>
      <trkpt lat="17.8808072" lon="100.0408801">
      </trkpt>
      <trkpt lat="17.880231" lon="100.0409296">
      </trkpt>
      <trkpt lat="17.8800737" lon="100.040934">
      </trkpt>
      <trkpt lat="17.8799042" lon="100.0409341">
      </trkpt>
      <trkpt lat="17.8797121" lon="100.0409153">
      </trkpt>
      <trkpt lat="17.8795252" lon="100.0408851">
      </trkpt>
      <trkpt lat="17.8772986" lon="100.0403862">
      </trkpt>
      <trkpt lat="17.8769561" lon="100.0402969">
      </trkpt>
      <trkpt lat="17.8766609" lon="100.0402257">
      </trkpt>
      <trkpt lat="17.8762482" lon="100.0400944">
      </trkpt>
      <trkpt lat="17.8759989" lon="100.039984">
      </trkpt>
      <trkpt lat="17.8757727" lon="100.0398525">
      </trkpt>
      <trkpt lat="17.8755989" lon="100.0397362">
      </trkpt>
      <trkpt lat="17.8754138" lon="100.0395886">
      </trkpt>
      <trkpt lat="17.8752129" lon="100.0393927">
      </trkpt>
      <trkpt lat="17.8750151" lon="100.0391971">
      </trkpt>
      <trkpt lat="17.8745863" lon="100.0387132">
      </trkpt>
      <trkpt lat="17.874401" lon="100.0385096">
      </trkpt>
      <trkpt lat="17.8741974" lon="100.0383026">
      </trkpt>
      <trkpt lat="17.8739689" lon="100.0380991">
      </trkpt>
      <trkpt lat="17.8737294" lon="100.0379423">
      </trkpt>
      <trkpt lat="17.8735475" lon="100.0378437">
      </trkpt>
      <trkpt lat="17.8733169" lon="100.0377642">
      </trkpt>
      <trkpt lat="17.8730976" lon="100.0376988">
      </trkpt>
      <trkpt lat="17.8728573" lon="100.0376472">
      </trkpt>
      <trkpt lat="17.8725988" lon="100.0376158">
      </trkpt>
      <trkpt lat="17.8723061" lon="100.0376151">
      </trkpt>
      <trkpt lat="17.8721114" lon="100.0376307">
      </trkpt>
      <trkpt lat="17.8718459" lon="100.0376816">
      </trkpt>
      <trkpt lat="17.8710894" lon="100.0378498">
      </trkpt>
      <trkpt lat="17.8709394" lon="100.0378876">
      </trkpt>
      <trkpt lat="17.8707784" lon="100.0379209">
      </trkpt>
      <trkpt lat="17.8705967" lon="100.0379548">
      </trkpt>
      <trkpt lat="17.8704446" lon="100.0379707">
      </trkpt>
      <trkpt lat="17.87027" lon="100.037979">
      </trkpt>
      <trkpt lat="17.8701001" lon="100.0379818">
      </trkpt>
      <trkpt lat="17.8699398" lon="100.0379723">
      </trkpt>
      <trkpt lat="17.8695189" lon="100.0379175">
      </trkpt>
      <trkpt lat="17.8693231" lon="100.0378799">
      </trkpt>
      <trkpt lat="17.8687395" lon="100.0377495">
      </trkpt>
      <trkpt lat="17.8685463" lon="100.037713">
      </trkpt>
      <trkpt lat="17.8683703" lon="100.0376834">
      </trkpt>
      <trkpt lat="17.8681806" lon="100.0376576">
      </trkpt>
      <trkpt lat="17.8680297" lon="100.0376424">
      </trkpt>
      <trkpt lat="17.8678807" lon="100.0376368">
      </trkpt>
      <trkpt lat="17.8677194" lon="100.0376438">
      </trkpt>
      <trkpt lat="17.8675683" lon="100.037656">
      </trkpt>
      <trkpt lat="17.867407" lon="100.0376718">
      </trkpt>
      <trkpt lat="17.8672279" lon="100.0377033">
      </trkpt>
      <trkpt lat="17.8670565" lon="100.0377521">
      </trkpt>
      <trkpt lat="17.8668902" lon="100.0378073">
      </trkpt>
      <trkpt lat="17.866719" lon="100.0378759">
      </trkpt>
      <trkpt lat="17.8646058" lon="100.0389273">
      </trkpt>
      <trkpt lat="17.8643968" lon="100.0390382">
      </trkpt>
      <trkpt lat="17.8641927" lon="100.0391809">
      </trkpt>
      <trkpt lat="17.8639938" lon="100.0393623">
      </trkpt>
      <trkpt lat="17.8638365" lon="100.0395112">
      </trkpt>
      <trkpt lat="17.8636653" lon="100.0396966">
      </trkpt>
      <trkpt lat="17.8634901" lon="100.0399126">
      </trkpt>
      <trkpt lat="17.8633248" lon="100.0401279">
      </trkpt>
      <trkpt lat="17.861175" lon="100.0431986">
      </trkpt>
      <trkpt lat="17.8610391" lon="100.0433813">
      </trkpt>
      <trkpt lat="17.860869" lon="100.0435666">
      </trkpt>
      <trkpt lat="17.8606952" lon="100.0437255">
      </trkpt>
      <trkpt lat="17.8604859" lon="100.0438847">
      </trkpt>
      <trkpt lat="17.859023" lon="100.0448497">
      </trkpt>
      <trkpt lat="17.8587992" lon="100.0449699">
      </trkpt>
      <trkpt lat="17.8585173" lon="100.0450613">
      </trkpt>
      <trkpt lat="17.8582953" lon="100.0450924">
      </trkpt>
      <trkpt lat="17.8580455" lon="100.0451009">
      </trkpt>
      <trkpt lat="17.8578118" lon="100.0450691">
      </trkpt>
      <trkpt lat="17.8575967" lon="100.0449942">
      </trkpt>
      <trkpt lat="17.857403" lon="100.0449072">
      </trkpt>
      <trkpt lat="17.8572371" lon="100.0448116">
      </trkpt>
      <trkpt lat="17.8566573" lon="100.0444173">
      </trkpt>
      <trkpt lat="17.856434" lon="100.0442737">
      </trkpt>
      <trkpt lat="17.8562726" lon="100.0441774">
      </trkpt>
      <trkpt lat="17.8561188" lon="100.0441007">
      </trkpt>
      <trkpt lat="17.8559443" lon="100.0440331">
      </trkpt>
      <trkpt lat="17.8557734" lon="100.0439816">
      </trkpt>
      <trkpt lat="17.8556219" lon="100.0439531">
      </trkpt>
      <trkpt lat="17.8554858" lon="100.0439444">
      </trkpt>
      <trkpt lat="17.8553552" lon="100.043946">
      </trkpt>
      <trkpt lat="17.8541711" lon="100.0440312">
      </trkpt>
      <trkpt lat="17.8539851" lon="100.0440301">
      </trkpt>
      <trkpt lat="17.8537789" lon="100.0440145">
      </trkpt>
      <trkpt lat="17.8536225" lon="100.0439949">
      </trkpt>
      <trkpt lat="17.8534512" lon="100.0439679">
      </trkpt>
      <trkpt lat="17.8532912" lon="100.0439341">
      </trkpt>
      <trkpt lat="17.8502454" lon="100.0431459">
      </trkpt>
      <trkpt lat="17.8501421" lon="100.0431232">
      </trkpt>
      <trkpt lat="17.8499479" lon="100.0430899">
      </trkpt>
      <trkpt lat="17.8497684" lon="100.0430799">
      </trkpt>
      <trkpt lat="17.849653" lon="100.0430848">
      </trkpt>
      <trkpt lat="17.8495332" lon="100.0430907">
      </trkpt>
      <trkpt lat="17.8494131" lon="100.0431077">
      </trkpt>
      <trkpt lat="17.8492722" lon="100.043139">
      </trkpt>
      <trkpt lat="17.8491479" lon="100.0431765">
      </trkpt>
      <trkpt lat="17.8490123" lon="100.0432187">
      </trkpt>
      <trkpt lat="17.8488662" lon="100.0432892">
      </trkpt>
      <trkpt lat="17.8481226" lon="100.0437183">
      </trkpt>
      <trkpt lat="17.8457158" lon="100.0450737">
      </trkpt>
      <trkpt lat="17.8454611" lon="100.0452088">
      </trkpt>
      <trkpt lat="17.8452201" lon="100.0452977">
      </trkpt>
      <trkpt lat="17.8450362" lon="100.0453432">
      </trkpt>
      <trkpt lat="17.8448528" lon="100.0453816">
      </trkpt>
      <trkpt lat="17.8447059" lon="100.0453995">
      </trkpt>
      <trkpt lat="17.8444982" lon="100.0454002">
      </trkpt>
      <trkpt lat="17.8443204" lon="100.0453757">
      </trkpt>
      <trkpt lat="17.8441389" lon="100.045339">
      </trkpt>
      <trkpt lat="17.8425497" lon="100.044891">
      </trkpt>
      <trkpt lat="17.8422317" lon="100.0448358">
      </trkpt>
      <trkpt lat="17.841993" lon="100.0448129">
      </trkpt>
      <trkpt lat="17.8417111" lon="100.0448043">
      </trkpt>
      <trkpt lat="17.8413882" lon="100.0448426">
      </trkpt>
      <trkpt lat="17.8411189" lon="100.0449065">
      </trkpt>
      <trkpt lat="17.840881" lon="100.0450219">
      </trkpt>
      <trkpt lat="17.8405657" lon="100.0452088">
      </trkpt>
      <trkpt lat="17.8395291" lon="100.0459805">
      </trkpt>
      <trkpt lat="17.8392522" lon="100.046127">
      </trkpt>
      <trkpt lat="17.8390321" lon="100.0462126">
      </trkpt>
      <trkpt lat="17.8388495" lon="100.046274">
      </trkpt>
      <trkpt lat="17.8385217" lon="100.0463598">
      </trkpt>
      <trkpt lat="17.8383124" lon="100.0463926">
      </trkpt>
      <trkpt lat="17.8381377" lon="100.0464107">
      </trkpt>
      <trkpt lat="17.8370041" lon="100.046528">
      </trkpt>
      <trkpt lat="17.8367025" lon="100.0465595">
      </trkpt>
      <trkpt lat="17.8364295" lon="100.0465697">
      </trkpt>
      <trkpt lat="17.8361924" lon="100.0465642">
      </trkpt>
      <trkpt lat="17.8359915" lon="100.0465329">
      </trkpt>
      <trkpt lat="17.8358013" lon="100.04648">
      </trkpt>
      <trkpt lat="17.8356031" lon="100.0464132">
      </trkpt>
      <trkpt lat="17.8354415" lon="100.0463436">
      </trkpt>
      <trkpt lat="17.8352598" lon="100.0462322">
      </trkpt>
      <trkpt lat="17.8350666" lon="100.046071">
      </trkpt>
      <trkpt lat="17.8344217" lon="100.0454205">
      </trkpt>
      <trkpt lat="17.8343016" lon="100.0453031">
      </trkpt>
      <trkpt lat="17.834123" lon="100.0451677">
      </trkpt>
      <trkpt lat="17.8339141" lon="100.0450539">
      </trkpt>
      <trkpt lat="17.8336599" lon="100.0449468">
      </trkpt>
      <trkpt lat="17.8333472" lon="100.0448347">
      </trkpt>
      <trkpt lat="17.8321193" lon="100.0444785">
      </trkpt>
      <trkpt lat="17.8319273" lon="100.0444321">
      </trkpt>
      <trkpt lat="17.8317795" lon="100.0444053">
      </trkpt>
      <trkpt lat="17.8316279" lon="100.0443943">
      </trkpt>
      <trkpt lat="17.8314495" lon="100.0443926">
      </trkpt>
      <trkpt lat="17.8312592" lon="100.0444097">
      </trkpt>
      <trkpt lat="17.8311021" lon="100.0444483">
      </trkpt>
      <trkpt lat="17.8309231" lon="100.0445055">
      </trkpt>
      <trkpt lat="17.830733" lon="100.044584">
      </trkpt>
      <trkpt lat="17.8305752" lon="100.0446665">
      </trkpt>
      <trkpt lat="17.8270985" lon="100.0465811">
      </trkpt>
      <trkpt lat="17.8268843" lon="100.0467047">
      </trkpt>
      <trkpt lat="17.8267136" lon="100.0468266">
      </trkpt>
      <trkpt lat="17.8265496" lon="100.0469819">
      </trkpt>
      <trkpt lat="17.8264282" lon="100.047143">
      </trkpt>
      <trkpt lat="17.8262781" lon="100.0474098">
      </trkpt>
      <trkpt lat="17.8251035" lon="100.0495245">
      </trkpt>
      <trkpt lat="17.8245579" lon="100.0504917">
      </trkpt>
      <trkpt lat="17.823912" lon="100.0515942">
      </trkpt>
      <trkpt lat="17.8238134" lon="100.051789">
      </trkpt>
      <trkpt lat="17.8237396" lon="100.0519823">
      </trkpt>
      <trkpt lat="17.8236795" lon="100.0522323">
      </trkpt>
      <trkpt lat="17.8236435" lon="100.0525366">
      </trkpt>
      <trkpt lat="17.8235607" lon="100.0531632">
      </trkpt>
      <trkpt lat="17.8235271" lon="100.0533658">
      </trkpt>
      <trkpt lat="17.8234723" lon="100.0535855">
      </trkpt>
      <trkpt lat="17.8233952" lon="100.0538205">
      </trkpt>
      <trkpt lat="17.8232409" lon="100.0541652">
      </trkpt>
      <trkpt lat="17.8230552" lon="100.0544535">
      </trkpt>
      <trkpt lat="17.8224769" lon="100.0553511">
      </trkpt>
      <trkpt lat="17.8223151" lon="100.0556151">
      </trkpt>
      <trkpt lat="17.8221565" lon="100.0559256">
      </trkpt>
      <trkpt lat="17.8220377" lon="100.0562274">
      </trkpt>
      <trkpt lat="17.8217015" lon="100.057402">
      </trkpt>
      <trkpt lat="17.8216838" lon="100.0574677">
      </trkpt>
      <trkpt lat="17.8216411" lon="100.0576656">
      </trkpt>
      <trkpt lat="17.821609" lon="100.0579385">
      </trkpt>
      <trkpt lat="17.8216068" lon="100.0582926">
      </trkpt>
      <trkpt lat="17.8216748" lon="100.0586702">
      </trkpt>
      <trkpt lat="17.8217683" lon="100.0590103">
      </trkpt>
      <trkpt lat="17.8218847" lon="100.0593601">
      </trkpt>
      <trkpt lat="17.8219446" lon="100.0597692">
      </trkpt>
      <trkpt lat="17.8219476" lon="100.0601477">
      </trkpt>
      <trkpt lat="17.8219156" lon="100.0604631">
      </trkpt>
      <trkpt lat="17.8217285" lon="100.0616402">
      </trkpt>
      <trkpt lat="17.8216691" lon="100.0619537">
      </trkpt>
      <trkpt lat="17.8215598" lon="100.06227">
      </trkpt>
      <trkpt lat="17.8214091" lon="100.0625673">
      </trkpt>
      <trkpt lat="17.821221" lon="100.0628553">
      </trkpt>
      <trkpt lat="17.8210332" lon="100.0630723">
      </trkpt>
      <trkpt lat="17.8208439" lon="100.0632974">
      </trkpt>
      <trkpt lat="17.8206475" lon="100.0634928">
      </trkpt>
      <trkpt lat="17.8204614" lon="100.0636572">
      </trkpt>
      <trkpt lat="17.8202659" lon="100.0637862">
      </trkpt>
      <trkpt lat="17.8200268" lon="100.0638976">
      </trkpt>
      <trkpt lat="17.8197967" lon="100.0639634">
      </trkpt>
      <trkpt lat="17.818874" lon="100.0641767">
      </trkpt>
      <trkpt lat="17.8185562" lon="100.0642411">
      </trkpt>
      <trkpt lat="17.818266" lon="100.0642468">
      </trkpt>
      <trkpt lat="17.8179652" lon="100.0642194">
      </trkpt>
      <trkpt lat="17.8176351" lon="100.0641276">
      </trkpt>
      <trkpt lat="17.8174165" lon="100.0640228">
      </trkpt>
      <trkpt lat="17.8171147" lon="100.0638255">
      </trkpt>
      <trkpt lat="17.8168614" lon="100.0636789">
      </trkpt>
      <trkpt lat="17.8165773" lon="100.0635331">
      </trkpt>
      <trkpt lat="17.8163345" lon="100.0634421">
      </trkpt>
      <trkpt lat="17.8160423" lon="100.063368">
      </trkpt>
      <trkpt lat="17.8158028" lon="100.0633488">
      </trkpt>
      <trkpt lat="17.8155848" lon="100.0633524">
      </trkpt>
      <trkpt lat="17.8153422" lon="100.0633961">
      </trkpt>
      <trkpt lat="17.8150919" lon="100.0634712">
      </trkpt>
      <trkpt lat="17.8149108" lon="100.0635471">
      </trkpt>
      <trkpt lat="17.8138013" lon="100.0640702">
      </trkpt>
      <trkpt lat="17.8107018" lon="100.0654298">
      </trkpt>
      <trkpt lat="17.8103746" lon="100.065568">
      </trkpt>
      <trkpt lat="17.8103438" lon="100.0655856">
      </trkpt>
      <trkpt lat="17.8101799" lon="100.0656709">
      </trkpt>
      <trkpt lat="17.8100489" lon="100.0657472">
      </trkpt>
      <trkpt lat="17.8098872" lon="100.0658411">
      </trkpt>
      <trkpt lat="17.8097288" lon="100.065947">
      </trkpt>
      <trkpt lat="17.8095616" lon="100.0660737">
      </trkpt>
      <trkpt lat="17.8094142" lon="100.0662046">
      </trkpt>
      <trkpt lat="17.8092897" lon="100.0663049">
      </trkpt>
      <trkpt lat="17.8090483" lon="100.066551">
      </trkpt>
      <trkpt lat="17.8061555" lon="100.0696627">
      </trkpt>
      <trkpt lat="17.8023215" lon="100.0737448">
      </trkpt>
      <trkpt lat="17.8018066" lon="100.074291">
      </trkpt>
      <trkpt lat="17.8017216" lon="100.0743812">
      </trkpt>
      <trkpt lat="17.8014566" lon="100.0746623">
      </trkpt>
      <trkpt lat="17.8000342" lon="100.0760839">
      </trkpt>
      <trkpt lat="17.7998769" lon="100.076362">
      </trkpt>
      <trkpt lat="17.7997314" lon="100.0766379">
      </trkpt>
      <trkpt lat="17.799537" lon="100.0771394">
      </trkpt>
      <trkpt lat="17.7995157" lon="100.0771943">
      </trkpt>
      <trkpt lat="17.7989327" lon="100.0786791">
      </trkpt>
      <trkpt lat="17.7988065" lon="100.0789644">
      </trkpt>
      <trkpt lat="17.7987171" lon="100.0791445">
      </trkpt>
      <trkpt lat="17.798622" lon="100.0793255">
      </trkpt>
      <trkpt lat="17.7985173" lon="100.0794806">
      </trkpt>
      <trkpt lat="17.7984073" lon="100.0796276">
      </trkpt>
      <trkpt lat="17.7982798" lon="100.0797698">
      </trkpt>
      <trkpt lat="17.7981556" lon="100.079894">
      </trkpt>
      <trkpt lat="17.7980052" lon="100.0800273">
      </trkpt>
      <trkpt lat="17.7978595" lon="100.080153">
      </trkpt>
      <trkpt lat="17.797708" lon="100.0802708">
      </trkpt>
      <trkpt lat="17.7975819" lon="100.0803589">
      </trkpt>
      <trkpt lat="17.7974821" lon="100.0804221">
      </trkpt>
      <trkpt lat="17.7973481" lon="100.080505">
      </trkpt>
      <trkpt lat="17.7972162" lon="100.0805822">
      </trkpt>
      <trkpt lat="17.7963694" lon="100.0810782">
      </trkpt>
      <trkpt lat="17.7961036" lon="100.0812628">
      </trkpt>
      <trkpt lat="17.7959265" lon="100.0813994">
      </trkpt>
      <trkpt lat="17.7958214" lon="100.0814756">
      </trkpt>
      <trkpt lat="17.7957233" lon="100.0815558">
      </trkpt>
      <trkpt lat="17.7956189" lon="100.0816504">
      </trkpt>
      <trkpt lat="17.7955042" lon="100.0817683">
      </trkpt>
      <trkpt lat="17.7946507" lon="100.0827733">
      </trkpt>
      <trkpt lat="17.794489" lon="100.0829553">
      </trkpt>
      <trkpt lat="17.79426" lon="100.083181">
      </trkpt>
      <trkpt lat="17.7940529" lon="100.0833692">
      </trkpt>
      <trkpt lat="17.7937377" lon="100.0836325">
      </trkpt>
      <trkpt lat="17.7933405" lon="100.0839481">
      </trkpt>
      <trkpt lat="17.7931569" lon="100.0840993">
      </trkpt>
      <trkpt lat="17.7929066" lon="100.0843377">
      </trkpt>
      <trkpt lat="17.7927164" lon="100.0845295">
      </trkpt>
      <trkpt lat="17.7925707" lon="100.0846842">
      </trkpt>
      <trkpt lat="17.7923923" lon="100.0848908">
      </trkpt>
      <trkpt lat="17.7922507" lon="100.0850814">
      </trkpt>
      <trkpt lat="17.7921172" lon="100.0852759">
      </trkpt>
      <trkpt lat="17.7908412" lon="100.087341">
      </trkpt>
      <trkpt lat="17.79071" lon="100.0875369">
      </trkpt>
      <trkpt lat="17.790541" lon="100.0877727">
      </trkpt>
      <trkpt lat="17.7903091" lon="100.0880383">
      </trkpt>
      <trkpt lat="17.7900936" lon="100.0882413">
      </trkpt>
      <trkpt lat="17.7899117" lon="100.0883994">
      </trkpt>
      <trkpt lat="17.7896738" lon="100.0885827">
      </trkpt>
      <trkpt lat="17.7894499" lon="100.088737">
      </trkpt>
      <trkpt lat="17.7865419" lon="100.0906054">
      </trkpt>
      <trkpt lat="17.7842188" lon="100.0920795">
      </trkpt>
      <trkpt lat="17.7837974" lon="100.0923544">
      </trkpt>
      <trkpt lat="17.7834068" lon="100.0926025">
      </trkpt>
      <trkpt lat="17.782569" lon="100.093054">
      </trkpt>
      <trkpt lat="17.7811934" lon="100.0938207">
      </trkpt>
      <trkpt lat="17.7778875" lon="100.0956334">
      </trkpt>
      <trkpt lat="17.7776573" lon="100.0957788">
      </trkpt>
      <trkpt lat="17.7774191" lon="100.0959391">
      </trkpt>
      <trkpt lat="17.7771131" lon="100.0961974">
      </trkpt>
      <trkpt lat="17.7769292" lon="100.0963748">
      </trkpt>
      <trkpt lat="17.7767628" lon="100.0965523">
      </trkpt>
      <trkpt lat="17.7765923" lon="100.0967682">
      </trkpt>
      <trkpt lat="17.7764639" lon="100.0969563">
      </trkpt>
      <trkpt lat="17.776334" lon="100.0971581">
      </trkpt>
      <trkpt lat="17.7762357" lon="100.0973327">
      </trkpt>
      <trkpt lat="17.7761437" lon="100.0975099">
      </trkpt>
      <trkpt lat="17.7760673" lon="100.0976761">
      </trkpt>
      <trkpt lat="17.7759947" lon="100.0978547">
      </trkpt>
      <trkpt lat="17.7759156" lon="100.098081">
      </trkpt>
      <trkpt lat="17.7735518" lon="100.1059252">
      </trkpt>
      <trkpt lat="17.7734678" lon="100.1061501">
      </trkpt>
      <trkpt lat="17.7733643" lon="100.1063731">
      </trkpt>
      <trkpt lat="17.7732344" lon="100.1066269">
      </trkpt>
      <trkpt lat="17.7730892" lon="100.1068666">
      </trkpt>
      <trkpt lat="17.7729394" lon="100.1070847">
      </trkpt>
      <trkpt lat="17.7727959" lon="100.1072611">
      </trkpt>
      <trkpt lat="17.7726565" lon="100.1074157">
      </trkpt>
      <trkpt lat="17.772461" lon="100.1076174">
      </trkpt>
      <trkpt lat="17.7722566" lon="100.1077926">
      </trkpt>
      <trkpt lat="17.7720298" lon="100.1079623">
      </trkpt>
      <trkpt lat="17.7717775" lon="100.1081141">
      </trkpt>
      <trkpt lat="17.771554" lon="100.1082247">
      </trkpt>
      <trkpt lat="17.769759" lon="100.1089372">
      </trkpt>
      <trkpt lat="17.7695368" lon="100.109026">
      </trkpt>
      <trkpt lat="17.768648" lon="100.1093817">
      </trkpt>
      <trkpt lat="17.7639905" lon="100.1112388">
      </trkpt>
      <trkpt lat="17.7637778" lon="100.1113262">
      </trkpt>
      <trkpt lat="17.7609384" lon="100.112464">
      </trkpt>
      <trkpt lat="17.7586708" lon="100.1133727">
      </trkpt>
      <trkpt lat="17.758451" lon="100.1134673">
      </trkpt>
      <trkpt lat="17.7582701" lon="100.1135648">
      </trkpt>
      <trkpt lat="17.7580918" lon="100.1136619">
      </trkpt>
      <trkpt lat="17.7578851" lon="100.1138028">
      </trkpt>
      <trkpt lat="17.7571701" lon="100.1143824">
      </trkpt>
      <trkpt lat="17.7569874" lon="100.1145273">
      </trkpt>
      <trkpt lat="17.7562015" lon="100.1151735">
      </trkpt>
      <trkpt lat="17.7560769" lon="100.1152972">
      </trkpt>
      <trkpt lat="17.7559796" lon="100.1154096">
      </trkpt>
      <trkpt lat="17.7558863" lon="100.1155322">
      </trkpt>
      <trkpt lat="17.7557949" lon="100.1156543">
      </trkpt>
      <trkpt lat="17.7557293" lon="100.1157599">
      </trkpt>
      <trkpt lat="17.7556467" lon="100.115899">
      </trkpt>
      <trkpt lat="17.7555656" lon="100.1160664">
      </trkpt>
      <trkpt lat="17.7555061" lon="100.1162172">
      </trkpt>
      <trkpt lat="17.7554403" lon="100.1164121">
      </trkpt>
      <trkpt lat="17.7553824" lon="100.1166417">
      </trkpt>
      <trkpt lat="17.7553549" lon="100.1168397">
      </trkpt>
      <trkpt lat="17.755336" lon="100.1170811">
      </trkpt>
      <trkpt lat="17.7553343" lon="100.1172746">
      </trkpt>
      <trkpt lat="17.755346" lon="100.1174518">
      </trkpt>
      <trkpt lat="17.7553579" lon="100.1176106">
      </trkpt>
      <trkpt lat="17.7553942" lon="100.1178364">
      </trkpt>
      <trkpt lat="17.7557889" lon="100.1195772">
      </trkpt>
      <trkpt lat="17.7558567" lon="100.1199031">
      </trkpt>
      <trkpt lat="17.7558695" lon="100.1201808">
      </trkpt>
      <trkpt lat="17.755884" lon="100.1204649">
      </trkpt>
      <trkpt lat="17.7558616" lon="100.1207158">
      </trkpt>
      <trkpt lat="17.7558073" lon="100.1210213">
      </trkpt>
      <trkpt lat="17.7557342" lon="100.1212785">
      </trkpt>
      <trkpt lat="17.7556462" lon="100.1215046">
      </trkpt>
      <trkpt lat="17.7555183" lon="100.1217855">
      </trkpt>
      <trkpt lat="17.7553885" lon="100.1219796">
      </trkpt>
      <trkpt lat="17.7552361" lon="100.122163">
      </trkpt>
      <trkpt lat="17.7550434" lon="100.1223899">
      </trkpt>
      <trkpt lat="17.7548123" lon="100.1226056">
      </trkpt>
      <trkpt lat="17.7545538" lon="100.1228014">
      </trkpt>
      <trkpt lat="17.7538005" lon="100.1233385">
      </trkpt>
      <trkpt lat="17.7535332" lon="100.1235073">
      </trkpt>
      <trkpt lat="17.7532413" lon="100.1236639">
      </trkpt>
      <trkpt lat="17.7529533" lon="100.1237524">
      </trkpt>
      <trkpt lat="17.7526681" lon="100.1238071">
      </trkpt>
      <trkpt lat="17.7524618" lon="100.1238398">
      </trkpt>
      <trkpt lat="17.752183" lon="100.1238525">
      </trkpt>
      <trkpt lat="17.751928" lon="100.123825">
      </trkpt>
      <trkpt lat="17.7516121" lon="100.1237845">
      </trkpt>
      <trkpt lat="17.7498511" lon="100.1234756">
      </trkpt>
      <trkpt lat="17.7495309" lon="100.12344">
      </trkpt>
      <trkpt lat="17.7492933" lon="100.1234252">
      </trkpt>
      <trkpt lat="17.7490004" lon="100.1234361">
      </trkpt>
      <trkpt lat="17.748734" lon="100.1234694">
      </trkpt>
      <trkpt lat="17.7485204" lon="100.1235152">
      </trkpt>
      <trkpt lat="17.7483108" lon="100.1235693">
      </trkpt>
      <trkpt lat="17.7480877" lon="100.1236625">
      </trkpt>
      <trkpt lat="17.7478929" lon="100.1237789">
      </trkpt>
      <trkpt lat="17.7476958" lon="100.1239016">
      </trkpt>
      <trkpt lat="17.7475295" lon="100.1240262">
      </trkpt>
      <trkpt lat="17.7473554" lon="100.1242026">
      </trkpt>
      <trkpt lat="17.74721" lon="100.1243635">
      </trkpt>
      <trkpt lat="17.7470378" lon="100.1245986">
      </trkpt>
      <trkpt lat="17.7468951" lon="100.124827">
      </trkpt>
      <trkpt lat="17.7463758" lon="100.1256857">
      </trkpt>
      <trkpt lat="17.7462069" lon="100.1259471">
      </trkpt>
      <trkpt lat="17.7460287" lon="100.1262189">
      </trkpt>
      <trkpt lat="17.7458518" lon="100.1264718">
      </trkpt>
      <trkpt lat="17.7456383" lon="100.1267315">
      </trkpt>
      <trkpt lat="17.7454616" lon="100.1269158">
      </trkpt>
      <trkpt lat="17.7452874" lon="100.1270899">
      </trkpt>
      <trkpt lat="17.7450703" lon="100.1272657">
      </trkpt>
      <trkpt lat="17.7448667" lon="100.1274188">
      </trkpt>
      <trkpt lat="17.7445691" lon="100.1276124">
      </trkpt>
      <trkpt lat="17.7443038" lon="100.127759">
      </trkpt>
      <trkpt lat="17.7440312" lon="100.1278995">
      </trkpt>
      <trkpt lat="17.7439346" lon="100.1279379">
      </trkpt>
      <trkpt lat="17.7437318" lon="100.1280185">
      </trkpt>
      <trkpt lat="17.7433934" lon="100.128139">
      </trkpt>
      <trkpt lat="17.7431385" lon="100.1282112">
      </trkpt>
      <trkpt lat="17.7428375" lon="100.1282771">
      </trkpt>
      <trkpt lat="17.7425692" lon="100.1283102">
      </trkpt>
      <trkpt lat="17.7422114" lon="100.1283394">
      </trkpt>
      <trkpt lat="17.7419883" lon="100.1283492">
      </trkpt>
      <trkpt lat="17.7417041" lon="100.1283456">
      </trkpt>
      <trkpt lat="17.7336097" lon="100.1280477">
      </trkpt>
      <trkpt lat="17.733437" lon="100.1280385">
      </trkpt>
      <trkpt lat="17.7308925" lon="100.1279627">
      </trkpt>
      <trkpt lat="17.7304567" lon="100.1279338">
      </trkpt>
      <trkpt lat="17.7300493" lon="100.1279004">
      </trkpt>
      <trkpt lat="17.7296605" lon="100.127854">
      </trkpt>
      <trkpt lat="17.7270761" lon="100.1273565">
      </trkpt>
      <trkpt lat="17.7254224" lon="100.1270131">
      </trkpt>
      <trkpt lat="17.7250756" lon="100.1269547">
      </trkpt>
      <trkpt lat="17.7246272" lon="100.1268934">
      </trkpt>
      <trkpt lat="17.7241722" lon="100.1268459">
      </trkpt>
      <trkpt lat="17.7237452" lon="100.1268466">
      </trkpt>
      <trkpt lat="17.7233124" lon="100.1268636">
      </trkpt>
      <trkpt lat="17.7229406" lon="100.1268887">
      </trkpt>
      <trkpt lat="17.722581" lon="100.1269259">
      </trkpt>
      <trkpt lat="17.7222174" lon="100.1269771">
      </trkpt>
      <trkpt lat="17.7210975" lon="100.1272009">
      </trkpt>
      <trkpt lat="17.720527" lon="100.1273286">
      </trkpt>
      <trkpt lat="17.7184486" lon="100.1277406">
      </trkpt>
      <trkpt lat="17.7164239" lon="100.128161">
      </trkpt>
      <trkpt lat="17.715694" lon="100.1283268">
      </trkpt>
      <trkpt lat="17.7150662" lon="100.1284415">
      </trkpt>
      <trkpt lat="17.7145676" lon="100.1285122">
      </trkpt>
      <trkpt lat="17.7140771" lon="100.1285449">
      </trkpt>
      <trkpt lat="17.7135341" lon="100.1285607">
      </trkpt>
      <trkpt lat="17.7131019" lon="100.1285571">
      </trkpt>
      <trkpt lat="17.7126233" lon="100.1285235">
      </trkpt>
      <trkpt lat="17.7122269" lon="100.1284643">
      </trkpt>
      <trkpt lat="17.7083072" lon="100.127916">
      </trkpt>
      <trkpt lat="17.7070841" lon="100.1277443">
      </trkpt>
      <trkpt lat="17.7045177" lon="100.1273973">
      </trkpt>
      <trkpt lat="17.6922353" lon="100.1257094">
      </trkpt>
      <trkpt lat="17.6863201" lon="100.1249092">
      </trkpt>
      <trkpt lat="17.6805004" lon="100.1241368">
      </trkpt>
      <trkpt lat="17.6800222" lon="100.1240914">
      </trkpt>
      <trkpt lat="17.6790409" lon="100.1240231">
      </trkpt>
      <trkpt lat="17.6784718" lon="100.1239726">
      </trkpt>
      <trkpt lat="17.6779526" lon="100.1239024">
      </trkpt>
      <trkpt lat="17.6774754" lon="100.1237883">
      </trkpt>
      <trkpt lat="17.6769684" lon="100.1236876">
      </trkpt>
      <trkpt lat="17.6695732" lon="100.1215238">
      </trkpt>
      <trkpt lat="17.6691581" lon="100.1214359">
      </trkpt>
      <trkpt lat="17.6687764" lon="100.1213725">
      </trkpt>
      <trkpt lat="17.6682961" lon="100.1213199">
      </trkpt>
      <trkpt lat="17.6677601" lon="100.1212972">
      </trkpt>
      <trkpt lat="17.667278" lon="100.1212873">
      </trkpt>
      <trkpt lat="17.6668355" lon="100.1213078">
      </trkpt>
      <trkpt lat="17.6627806" lon="100.1217996">
      </trkpt>
      <trkpt lat="17.6560855" lon="100.1225485">
      </trkpt>
      <trkpt lat="17.6556042" lon="100.1225887">
      </trkpt>
      <trkpt lat="17.6551649" lon="100.1226171">
      </trkpt>
      <trkpt lat="17.6546467" lon="100.1226148">
      </trkpt>
      <trkpt lat="17.654237" lon="100.1225981">
      </trkpt>
      <trkpt lat="17.6538155" lon="100.1225569">
      </trkpt>
      <trkpt lat="17.6533515" lon="100.122497">
      </trkpt>
      <trkpt lat="17.652939" lon="100.122418">
      </trkpt>
      <trkpt lat="17.6526399" lon="100.1223566">
      </trkpt>
      <trkpt lat="17.6497785" lon="100.1216585">
      </trkpt>
      <trkpt lat="17.6488912" lon="100.1214086">
      </trkpt>
      <trkpt lat="17.6487988" lon="100.1213826">
      </trkpt>
      <trkpt lat="17.6485335" lon="100.1212732">
      </trkpt>
      <trkpt lat="17.648287" lon="100.1211357">
      </trkpt>
      <trkpt lat="17.6479868" lon="100.1209373">
      </trkpt>
      <trkpt lat="17.6477012" lon="100.1207192">
      </trkpt>
      <trkpt lat="17.6474039" lon="100.1204277">
      </trkpt>
      <trkpt lat="17.6473977" lon="100.1204209">
      </trkpt>
      <trkpt lat="17.6471675" lon="100.1201655">
      </trkpt>
      <trkpt lat="17.6469722" lon="100.1198854">
      </trkpt>
      <trkpt lat="17.6468284" lon="100.1196196">
      </trkpt>
      <trkpt lat="17.6465119" lon="100.1189096">
      </trkpt>
      <trkpt lat="17.6457445" lon="100.1171398">
      </trkpt>
      <trkpt lat="17.6452589" lon="100.1159793">
      </trkpt>
      <trkpt lat="17.645089" lon="100.1156099">
      </trkpt>
      <trkpt lat="17.6449396" lon="100.1151309">
      </trkpt>
      <trkpt lat="17.6448678" lon="100.1147835">
      </trkpt>
      <trkpt lat="17.6448248" lon="100.1143724">
      </trkpt>
      <trkpt lat="17.6448328" lon="100.1140075">
      </trkpt>
      <trkpt lat="17.6448633" lon="100.1136735">
      </trkpt>
      <trkpt lat="17.6449289" lon="100.1133084">
      </trkpt>
      <trkpt lat="17.6450166" lon="100.1129905">
      </trkpt>
      <trkpt lat="17.6466599" lon="100.1085286">
      </trkpt>
      <trkpt lat="17.6467447" lon="100.1081881">
      </trkpt>
      <trkpt lat="17.6467966" lon="100.1078125">
      </trkpt>
      <trkpt lat="17.6468077" lon="100.1073973">
      </trkpt>
      <trkpt lat="17.6467942" lon="100.1070465">
      </trkpt>
      <trkpt lat="17.6467285" lon="100.106586">
      </trkpt>
      <trkpt lat="17.646633" lon="100.1062065">
      </trkpt>
      <trkpt lat="17.6464818" lon="100.1058181">
      </trkpt>
      <trkpt lat="17.6462913" lon="100.1054832">
      </trkpt>
      <trkpt lat="17.6460771" lon="100.1051995">
      </trkpt>
      <trkpt lat="17.6454891" lon="100.1045615">
      </trkpt>
      <trkpt lat="17.6449365" lon="100.1041645">
      </trkpt>
      <trkpt lat="17.6444954" lon="100.103913">
      </trkpt>
      <trkpt lat="17.6443816" lon="100.1038493">
      </trkpt>
      <trkpt lat="17.643643" lon="100.1034526">
      </trkpt>
      <trkpt lat="17.6409524" lon="100.1020075">
      </trkpt>
      <trkpt lat="17.6392683" lon="100.10104">
      </trkpt>
      <trkpt lat="17.6362664" lon="100.0993582">
      </trkpt>
      <trkpt lat="17.6361364" lon="100.0993013">
      </trkpt>
      <trkpt lat="17.6360001" lon="100.0992435">
      </trkpt>
      <trkpt lat="17.6358227" lon="100.0991927">
      </trkpt>
      <trkpt lat="17.6356108" lon="100.0991572">
      </trkpt>
      <trkpt lat="17.6354534" lon="100.0991404">
      </trkpt>
      <trkpt lat="17.6352687" lon="100.0991316">
      </trkpt>
      <trkpt lat="17.6350645" lon="100.0991307">
      </trkpt>
      <trkpt lat="17.6340733" lon="100.0992087">
      </trkpt>
      <trkpt lat="17.6339651" lon="100.0992172">
      </trkpt>
      <trkpt lat="17.6332044" lon="100.0992528">
      </trkpt>
      <trkpt lat="17.6299264" lon="100.0993888">
      </trkpt>
      <trkpt lat="17.6277932" lon="100.099495">
      </trkpt>
      <trkpt lat="17.6275438" lon="100.0994949">
      </trkpt>
      <trkpt lat="17.6272982" lon="100.0994818">
      </trkpt>
      <trkpt lat="17.6269762" lon="100.0994598">
      </trkpt>
      <trkpt lat="17.6267679" lon="100.0994324">
      </trkpt>
      <trkpt lat="17.6265975" lon="100.0994081">
      </trkpt>
      <trkpt lat="17.6264483" lon="100.0993799">
      </trkpt>
      <trkpt lat="17.6262853" lon="100.0993443">
      </trkpt>
      <trkpt lat="17.6261128" lon="100.0993069">
      </trkpt>
      <trkpt lat="17.6249362" lon="100.0989297">
      </trkpt>
      <trkpt lat="17.6238941" lon="100.0985646">
      </trkpt>
      <trkpt lat="17.6226131" lon="100.098121">
      </trkpt>
      <trkpt lat="17.6216954" lon="100.0977475">
      </trkpt>
      <trkpt lat="17.6203598" lon="100.0972647">
      </trkpt>
      <trkpt lat="17.6195487" lon="100.0970095">
      </trkpt>
      <trkpt lat="17.6193821" lon="100.0969653">
      </trkpt>
      <trkpt lat="17.6185004" lon="100.096785">
      </trkpt>
      <trkpt lat="17.6183262" lon="100.0967436">
      </trkpt>
      <trkpt lat="17.6181293" lon="100.0966967">
      </trkpt>
      <trkpt lat="17.6178906" lon="100.0966241">
      </trkpt>
      <trkpt lat="17.6167109" lon="100.0962109">
      </trkpt>
      <trkpt lat="17.6164233" lon="100.0961145">
      </trkpt>
      <trkpt lat="17.6162578" lon="100.0960596">
      </trkpt>
      <trkpt lat="17.6160773" lon="100.0959977">
      </trkpt>
      <trkpt lat="17.6108571" lon="100.0941316">
      </trkpt>
      <trkpt lat="17.6107183" lon="100.0940797">
      </trkpt>
      <trkpt lat="17.610249" lon="100.0939035">
      </trkpt>
      <trkpt lat="17.6098445" lon="100.0937621">
      </trkpt>
      <trkpt lat="17.6095" lon="100.0936714">
      </trkpt>
      <trkpt lat="17.6090879" lon="100.0935784">
      </trkpt>
      <trkpt lat="17.6087215" lon="100.093516">
      </trkpt>
      <trkpt lat="17.6083805" lon="100.0934715">
      </trkpt>
      <trkpt lat="17.6079827" lon="100.093446">
      </trkpt>
      <trkpt lat="17.6075882" lon="100.0934364">
      </trkpt>
      <trkpt lat="17.602533" lon="100.0935469">
      </trkpt>
      <trkpt lat="17.6004895" lon="100.0936234">
      </trkpt>
      <trkpt lat="17.5973169" lon="100.0936983">
      </trkpt>
      <trkpt lat="17.5915016" lon="100.0938446">
      </trkpt>
      <trkpt lat="17.5881238" lon="100.093938">
      </trkpt>
      <trkpt lat="17.5876586" lon="100.0939637">
      </trkpt>
      <trkpt lat="17.5872773" lon="100.0939858">
      </trkpt>
      <trkpt lat="17.5869263" lon="100.0940209">
      </trkpt>
      <trkpt lat="17.5866375" lon="100.0940604">
      </trkpt>
      <trkpt lat="17.5811243" lon="100.094997">
      </trkpt>
      <trkpt lat="17.5734148" lon="100.0962726">
      </trkpt>
      <trkpt lat="17.571292" lon="100.0966498">
      </trkpt>
      <trkpt lat="17.5693118" lon="100.0969786">
      </trkpt>
      <trkpt lat="17.5679151" lon="100.0971875">
      </trkpt>
      <trkpt lat="17.5527494" lon="100.0997718">
      </trkpt>
      <trkpt lat="17.5490915" lon="100.1003808">
      </trkpt>
      <trkpt lat="17.5484927" lon="100.1004442">
      </trkpt>
      <trkpt lat="17.5478208" lon="100.1004532">
      </trkpt>
      <trkpt lat="17.546798" lon="100.1004195">
      </trkpt>
      <trkpt lat="17.5458031" lon="100.100329">
      </trkpt>
      <trkpt lat="17.5444627" lon="100.1001621">
      </trkpt>
      <trkpt lat="17.5432614" lon="100.1000063">
      </trkpt>
      <trkpt lat="17.5412989" lon="100.0997556">
      </trkpt>
      <trkpt lat="17.5404336" lon="100.0996665">
      </trkpt>
      <trkpt lat="17.5403865" lon="100.0996658">
      </trkpt>
      <trkpt lat="17.5397226" lon="100.0996076">
      </trkpt>
      <trkpt lat="17.5392864" lon="100.0995865">
      </trkpt>
      <trkpt lat="17.5390323" lon="100.0995782">
      </trkpt>
      <trkpt lat="17.5387171" lon="100.0995939">
      </trkpt>
      <trkpt lat="17.5378316" lon="100.0996962">
      </trkpt>
      <trkpt lat="17.5368932" lon="100.0998629">
      </trkpt>
      <trkpt lat="17.5359671" lon="100.1001531">
      </trkpt>
      <trkpt lat="17.5334361" lon="100.1012095">
      </trkpt>
      <trkpt lat="17.5325686" lon="100.1015675">
      </trkpt>
      <trkpt lat="17.5271501" lon="100.103804">
      </trkpt>
      <trkpt lat="17.5268574" lon="100.1039248">
      </trkpt>
      <trkpt lat="17.5185146" lon="100.1073181">
      </trkpt>
      <trkpt lat="17.5165663" lon="100.1080896">
      </trkpt>
      <trkpt lat="17.5156101" lon="100.1084367">
      </trkpt>
      <trkpt lat="17.5154445" lon="100.1084857">
      </trkpt>
      <trkpt lat="17.5151937" lon="100.1085462">
      </trkpt>
      <trkpt lat="17.5147879" lon="100.1086392">
      </trkpt>
      <trkpt lat="17.514461" lon="100.1086859">
      </trkpt>
      <trkpt lat="17.514082" lon="100.1087346">
      </trkpt>
      <trkpt lat="17.5137238" lon="100.1087513">
      </trkpt>
      <trkpt lat="17.5043456" lon="100.1089786">
      </trkpt>
      <trkpt lat="17.4878214" lon="100.1091984">
      </trkpt>
      <trkpt lat="17.4860941" lon="100.1092597">
      </trkpt>
      <trkpt lat="17.4855993" lon="100.1092732">
      </trkpt>
      <trkpt lat="17.4833185" lon="100.1093356">
      </trkpt>
      <trkpt lat="17.4804346" lon="100.1094145">
      </trkpt>
      <trkpt lat="17.4800018" lon="100.1094263">
      </trkpt>
      <trkpt lat="17.4793434" lon="100.1094315">
      </trkpt>
      <trkpt lat="17.4787939" lon="100.1094206">
      </trkpt>
      <trkpt lat="17.4782735" lon="100.10937">
      </trkpt>
      <trkpt lat="17.4776161" lon="100.1092701">
      </trkpt>
      <trkpt lat="17.4770693" lon="100.1091162">
      </trkpt>
      <trkpt lat="17.4688267" lon="100.1062744">
      </trkpt>
      <trkpt lat="17.4556116" lon="100.10169">
      </trkpt>
      <trkpt lat="17.4543403" lon="100.1012386">
      </trkpt>
      <trkpt lat="17.4488771" lon="100.0993539">
      </trkpt>
      <trkpt lat="17.446906" lon="100.0988409">
      </trkpt>
      <trkpt lat="17.4390351" lon="100.0987092">
      </trkpt>
      <trkpt lat="17.433925" lon="100.0986177">
      </trkpt>
      <trkpt lat="17.4287576" lon="100.0985373">
      </trkpt>
      <trkpt lat="17.4237108" lon="100.0984529">
      </trkpt>
      <trkpt lat="17.4151223" lon="100.0982799">
      </trkpt>
      <trkpt lat="17.4145153" lon="100.0982452">
      </trkpt>
      <trkpt lat="17.4139883" lon="100.0981895">
      </trkpt>
      <trkpt lat="17.4134089" lon="100.0980858">
      </trkpt>
      <trkpt lat="17.413191" lon="100.0980119">
      </trkpt>
      <trkpt lat="17.4124888" lon="100.0978088">
      </trkpt>
      <trkpt lat="17.4113119" lon="100.0974685">
      </trkpt>
      <trkpt lat="17.4082369" lon="100.0965792">
      </trkpt>
      <trkpt lat="17.4075569" lon="100.0964408">
      </trkpt>
      <trkpt lat="17.4068468" lon="100.0962009">
      </trkpt>
      <trkpt lat="17.406188" lon="100.095939">
      </trkpt>
      <trkpt lat="17.4034298" lon="100.0943857">
      </trkpt>
      <trkpt lat="17.3981296" lon="100.0913294">
      </trkpt>
      <trkpt lat="17.3859033" lon="100.0842839">
      </trkpt>
      <trkpt lat="17.3853897" lon="100.0839788">
      </trkpt>
      <trkpt lat="17.3843204" lon="100.0833436">
      </trkpt>
      <trkpt lat="17.3839953" lon="100.0831729">
      </trkpt>
      <trkpt lat="17.3838778" lon="100.0831083">
      </trkpt>
      <trkpt lat="17.3832808" lon="100.0827616">
      </trkpt>
      <trkpt lat="17.3815279" lon="100.0817554">
      </trkpt>
      <trkpt lat="17.3807097" lon="100.0812845">
      </trkpt>
      <trkpt lat="17.373821" lon="100.0774296">
      </trkpt>
      <trkpt lat="17.3717198" lon="100.0762036">
      </trkpt>
      <trkpt lat="17.3705027" lon="100.0755275">
      </trkpt>
      <trkpt lat="17.3695619" lon="100.0751622">
      </trkpt>
      <trkpt lat="17.3686451" lon="100.0748879">
      </trkpt>
      <trkpt lat="17.3677209" lon="100.0747086">
      </trkpt>
      <trkpt lat="17.3667026" lon="100.0746638">
      </trkpt>
      <trkpt lat="17.3656415" lon="100.0747624">
      </trkpt>
      <trkpt lat="17.3645451" lon="100.0749009">
      </trkpt>
      <trkpt lat="17.3526246" lon="100.0769118">
      </trkpt>
      <trkpt lat="17.3492047" lon="100.0774887">
      </trkpt>
      <trkpt lat="17.3463315" lon="100.0779733">
      </trkpt>
      <trkpt lat="17.3440276" lon="100.0783619">
      </trkpt>
      <trkpt lat="17.3435373" lon="100.0784446">
      </trkpt>
      <trkpt lat="17.3382599" lon="100.0793529">
      </trkpt>
      <trkpt lat="17.3334498" lon="100.0801807">
      </trkpt>
      <trkpt lat="17.3283656" lon="100.0810556">
      </trkpt>
      <trkpt lat="17.3189029" lon="100.0826904">
      </trkpt>
      <trkpt lat="17.3054065" lon="100.0849952">
      </trkpt>
      <trkpt lat="17.2976492" lon="100.0862817">
      </trkpt>
      <trkpt lat="17.2971383" lon="100.0863771">
      </trkpt>
      <trkpt lat="17.2966778" lon="100.0864853">
      </trkpt>
      <trkpt lat="17.2962139" lon="100.0866023">
      </trkpt>
      <trkpt lat="17.2957647" lon="100.08675">
      </trkpt>
      <trkpt lat="17.2938964" lon="100.0873092">
      </trkpt>
      <trkpt lat="17.2935117" lon="100.087418">
      </trkpt>
      <trkpt lat="17.2931115" lon="100.0875173">
      </trkpt>
      <trkpt lat="17.2927492" lon="100.0875885">
      </trkpt>
      <trkpt lat="17.2923326" lon="100.0876624">
      </trkpt>
      <trkpt lat="17.2906138" lon="100.0879912">
      </trkpt>
      <trkpt lat="17.2890332" lon="100.0882507">
      </trkpt>
      <trkpt lat="17.2881513" lon="100.0883869">
      </trkpt>
      <trkpt lat="17.2877448" lon="100.0884241">
      </trkpt>
      <trkpt lat="17.2866438" lon="100.0884614">
      </trkpt>
      <trkpt lat="17.2853645" lon="100.088519">
      </trkpt>
      <trkpt lat="17.2848076" lon="100.0885529">
      </trkpt>
      <trkpt lat="17.2843376" lon="100.0885859">
      </trkpt>
      <trkpt lat="17.2838455" lon="100.0886365">
      </trkpt>
      <trkpt lat="17.2833896" lon="100.0887158">
      </trkpt>
      <trkpt lat="17.2804829" lon="100.0891956">
      </trkpt>
      <trkpt lat="17.278216" lon="100.089592">
      </trkpt>
      <trkpt lat="17.2676191" lon="100.091388">
      </trkpt>
      <trkpt lat="17.2627974" lon="100.0922016">
      </trkpt>
      <trkpt lat="17.2624279" lon="100.0922661">
      </trkpt>
      <trkpt lat="17.2619685" lon="100.092326">
      </trkpt>
      <trkpt lat="17.2614743" lon="100.0923596">
      </trkpt>
      <trkpt lat="17.2609656" lon="100.0923675">
      </trkpt>
      <trkpt lat="17.2606408" lon="100.0923665">
      </trkpt>
      <trkpt lat="17.2603183" lon="100.0923499">
      </trkpt>
      <trkpt lat="17.2599332" lon="100.0923114">
      </trkpt>
      <trkpt lat="17.2595042" lon="100.0922492">
      </trkpt>
      <trkpt lat="17.2590757" lon="100.0921659">
      </trkpt>
      <trkpt lat="17.2587569" lon="100.0920856">
      </trkpt>
      <trkpt lat="17.2586462" lon="100.0920572">
      </trkpt>
      <trkpt lat="17.2569895" lon="100.0916632">
      </trkpt>
      <trkpt lat="17.2516786" lon="100.0903157">
      </trkpt>
      <trkpt lat="17.2437131" lon="100.0882907">
      </trkpt>
      <trkpt lat="17.2416846" lon="100.087775">
      </trkpt>
      <trkpt lat="17.2295507" lon="100.0847139">
      </trkpt>
      <trkpt lat="17.2280206" lon="100.0842565">
      </trkpt>
      <trkpt lat="17.2183946" lon="100.081823">
      </trkpt>
      <trkpt lat="17.2151989" lon="100.0810228">
      </trkpt>
      <trkpt lat="17.2052755" lon="100.0784682">
      </trkpt>
      <trkpt lat="17.20454" lon="100.078289">
      </trkpt>
      <trkpt lat="17.2038449" lon="100.0781196">
      </trkpt>
      <trkpt lat="17.2033502" lon="100.0780503">
      </trkpt>
      <trkpt lat="17.2028335" lon="100.078041">
      </trkpt>
      <trkpt lat="17.2024449" lon="100.0780827">
      </trkpt>
      <trkpt lat="17.2020036" lon="100.0782054">
      </trkpt>
      <trkpt lat="17.2011571" lon="100.0785669">
      </trkpt>
      <trkpt lat="17.1994741" lon="100.0792858">
      </trkpt>
      <trkpt lat="17.1989452" lon="100.0795358">
      </trkpt>
      <trkpt lat="17.1987012" lon="100.0796873">
      </trkpt>
      <trkpt lat="17.1984644" lon="100.0798583">
      </trkpt>
      <trkpt lat="17.1981677" lon="100.0801216">
      </trkpt>
      <trkpt lat="17.1970185" lon="100.0812777">
      </trkpt>
      <trkpt lat="17.1966418" lon="100.0816478">
      </trkpt>
      <trkpt lat="17.1927732" lon="100.0855571">
      </trkpt>
      <trkpt lat="17.1874502" lon="100.0909241">
      </trkpt>
      <trkpt lat="17.1868178" lon="100.0915617">
      </trkpt>
      <trkpt lat="17.1828438" lon="100.0955636">
      </trkpt>
      <trkpt lat="17.1784114" lon="100.100058">
      </trkpt>
      <trkpt lat="17.1737605" lon="100.1047908">
      </trkpt>
      <trkpt lat="17.1709156" lon="100.1077215">
      </trkpt>
      <trkpt lat="17.1703722" lon="100.1082544">
      </trkpt>
      <trkpt lat="17.1691087" lon="100.1094936">
      </trkpt>
      <trkpt lat="17.1684134" lon="100.1101878">
      </trkpt>
      <trkpt lat="17.1680103" lon="100.1105708">
      </trkpt>
      <trkpt lat="17.1661216" lon="100.1121839">
      </trkpt>
      <trkpt lat="17.1518495" lon="100.1232287">
      </trkpt>
      <trkpt lat="17.1467321" lon="100.1272224">
      </trkpt>
      <trkpt lat="17.1411986" lon="100.1315352">
      </trkpt>
      <trkpt lat="17.1396543" lon="100.1327462">
      </trkpt>
      <trkpt lat="17.1307956" lon="100.1396179">
      </trkpt>
      <trkpt lat="17.1288646" lon="100.1411131">
      </trkpt>
      <trkpt lat="17.1131897" lon="100.1533106">
      </trkpt>
      <trkpt lat="17.113144" lon="100.1533473">
      </trkpt>
      <trkpt lat="17.1129939" lon="100.1534676">
      </trkpt>
      <trkpt lat="17.1129347" lon="100.1535151">
      </trkpt>
      <trkpt lat="17.1113301" lon="100.1547212">
      </trkpt>
      <trkpt lat="17.1077369" lon="100.1574797">
      </trkpt>
      <trkpt lat="17.1071355" lon="100.1579352">
      </trkpt>
      <trkpt lat="17.1028454" lon="100.1613272">
      </trkpt>
      <trkpt lat="17.1023828" lon="100.1616846">
      </trkpt>
      <trkpt lat="17.1001417" lon="100.1634161">
      </trkpt>
      <trkpt lat="17.0988465" lon="100.1644168">
      </trkpt>
      <trkpt lat="17.0971949" lon="100.1656928">
      </trkpt>
      <trkpt lat="17.0946056" lon="100.1676932">
      </trkpt>
      <trkpt lat="17.0912641" lon="100.1702353">
      </trkpt>
      <trkpt lat="17.0880219" lon="100.1727715">
      </trkpt>
      <trkpt lat="17.0814107" lon="100.1779454">
      </trkpt>
      <trkpt lat="17.0792958" lon="100.1795029">
      </trkpt>
      <trkpt lat="17.0751352" lon="100.1828554">
      </trkpt>
      <trkpt lat="17.0743649" lon="100.1834286">
      </trkpt>
      <trkpt lat="17.0735873" lon="100.1839161">
      </trkpt>
      <trkpt lat="17.0727994" lon="100.184325">
      </trkpt>
      <trkpt lat="17.0719503" lon="100.1846671">
      </trkpt>
      <trkpt lat="17.0475985" lon="100.194504">
      </trkpt>
      <trkpt lat="17.0408458" lon="100.1972142">
      </trkpt>
      <trkpt lat="17.035061" lon="100.1995359">
      </trkpt>
      <trkpt lat="17.0328858" lon="100.2004075">
      </trkpt>
      <trkpt lat="17.0320533" lon="100.200743">
      </trkpt>
      <trkpt lat="17.0311693" lon="100.2010978">
      </trkpt>
      <trkpt lat="17.0271037" lon="100.2027318">
      </trkpt>
      <trkpt lat="17.0267543" lon="100.2028729">
      </trkpt>
      <trkpt lat="17.0122685" lon="100.2087613">
      </trkpt>
      <trkpt lat="16.9988396" lon="100.2141928">
      </trkpt>
      <trkpt lat="16.9900973" lon="100.2177172">
      </trkpt>
      <trkpt lat="16.9845044" lon="100.2199553">
      </trkpt>
      <trkpt lat="16.9819446" lon="100.2209796">
      </trkpt>
      <trkpt lat="16.9735394" lon="100.2243807">
      </trkpt>
      <trkpt lat="16.973153" lon="100.2245188">
      </trkpt>
      <trkpt lat="16.9727993" lon="100.2246268">
      </trkpt>
      <trkpt lat="16.9725686" lon="100.224691">
      </trkpt>
      <trkpt lat="16.9722722" lon="100.2247563">
      </trkpt>
      <trkpt lat="16.9720034" lon="100.2248017">
      </trkpt>
      <trkpt lat="16.9711189" lon="100.224938">
      </trkpt>
      <trkpt lat="16.9707198" lon="100.2250206">
      </trkpt>
      <trkpt lat="16.9702785" lon="100.2251326">
      </trkpt>
      <trkpt lat="16.9699791" lon="100.2252301">
      </trkpt>
      <trkpt lat="16.9641811" lon="100.2275364">
      </trkpt>
      <trkpt lat="16.9637917" lon="100.2277227">
      </trkpt>
      <trkpt lat="16.9633729" lon="100.2279608">
      </trkpt>
      <trkpt lat="16.9629675" lon="100.2282269">
      </trkpt>
      <trkpt lat="16.9622976" lon="100.2286967">
      </trkpt>
      <trkpt lat="16.961866" lon="100.2289963">
      </trkpt>
      <trkpt lat="16.961488" lon="100.2292235">
      </trkpt>
      <trkpt lat="16.9610151" lon="100.2294585">
      </trkpt>
      <trkpt lat="16.9591224" lon="100.2302068">
      </trkpt>
      <trkpt lat="16.9583832" lon="100.2305053">
      </trkpt>
      <trkpt lat="16.9555453" lon="100.23165">
      </trkpt>
      <trkpt lat="16.9543091" lon="100.2321486">
      </trkpt>
      <trkpt lat="16.9538296" lon="100.232342">
      </trkpt>
      <trkpt lat="16.9537681" lon="100.2323622">
      </trkpt>
      <trkpt lat="16.9530445" lon="100.2326592">
      </trkpt>
      <trkpt lat="16.9508035" lon="100.2335655">
      </trkpt>
      <trkpt lat="16.9491457" lon="100.2342359">
      </trkpt>
      <trkpt lat="16.9399646" lon="100.2379602">
      </trkpt>
      <trkpt lat="16.9314099" lon="100.2413881">
      </trkpt>
      <trkpt lat="16.9294155" lon="100.2421929">
      </trkpt>
      <trkpt lat="16.9285539" lon="100.2425385">
      </trkpt>
      <trkpt lat="16.9209359" lon="100.2455945">
      </trkpt>
      <trkpt lat="16.9188955" lon="100.2464136">
      </trkpt>
      <trkpt lat="16.9149466" lon="100.2479957">
      </trkpt>
      <trkpt lat="16.9137799" lon="100.2484673">
      </trkpt>
      <trkpt lat="16.9124965" lon="100.2489946">
      </trkpt>
      <trkpt lat="16.9094211" lon="100.2502582">
      </trkpt>
      <trkpt lat="16.9089905" lon="100.2504351">
      </trkpt>
      <trkpt lat="16.9075436" lon="100.2510296">
      </trkpt>
      <trkpt lat="16.9066597" lon="100.2513927">
      </trkpt>
      <trkpt lat="16.903623" lon="100.2526007">
      </trkpt>
      <trkpt lat="16.8965121" lon="100.2554709">
      </trkpt>
      <trkpt lat="16.8783583" lon="100.262809">
      </trkpt>
      <trkpt lat="16.8765755" lon="100.2635171">
      </trkpt>
      <trkpt lat="16.8764306" lon="100.263582">
      </trkpt>
      <trkpt lat="16.8698163" lon="100.2662611">
      </trkpt>
      <trkpt lat="16.8695276" lon="100.2663699">
      </trkpt>
      <trkpt lat="16.8691636" lon="100.2664927">
      </trkpt>
      <trkpt lat="16.8688618" lon="100.266579">
      </trkpt>
      <trkpt lat="16.8685367" lon="100.2666558">
      </trkpt>
      <trkpt lat="16.8682374" lon="100.2667217">
      </trkpt>
      <trkpt lat="16.8679995" lon="100.2667657">
      </trkpt>
      <trkpt lat="16.8678731" lon="100.2667864">
      </trkpt>
      <trkpt lat="16.8676835" lon="100.2668112">
      </trkpt>
      <trkpt lat="16.8674704" lon="100.2668372">
      </trkpt>
      <trkpt lat="16.8669169" lon="100.2668797">
      </trkpt>
      <trkpt lat="16.8663582" lon="100.2668855">
      </trkpt>
      <trkpt lat="16.8644876" lon="100.266828">
      </trkpt>
      <trkpt lat="16.8619766" lon="100.2667921">
      </trkpt>
      <trkpt lat="16.8583857" lon="100.266692">
      </trkpt>
      <trkpt lat="16.8559476" lon="100.266624">
      </trkpt>
      <trkpt lat="16.8554916" lon="100.2666171">
      </trkpt>
      <trkpt lat="16.8550607" lon="100.2666056">
      </trkpt>
      <trkpt lat="16.8550074" lon="100.2666054">
      </trkpt>
      <trkpt lat="16.8531259" lon="100.2665591">
      </trkpt>
      <trkpt lat="16.8524331" lon="100.266542">
      </trkpt>
      <trkpt lat="16.8416068" lon="100.2662755">
      </trkpt>
      <trkpt lat="16.8385713" lon="100.2662039">
      </trkpt>
      <trkpt lat="16.83848" lon="100.266202">
      </trkpt>
      <trkpt lat="16.8303311" lon="100.2660288">
      </trkpt>
      <trkpt lat="16.825493" lon="100.2659223">
      </trkpt>
      <trkpt lat="16.8232131" lon="100.2658719">
      </trkpt>
      <trkpt lat="16.8207568" lon="100.2658216">
      </trkpt>
      <trkpt lat="16.8201208" lon="100.2658088">
      </trkpt>
      <trkpt lat="16.8193803" lon="100.2657931">
      </trkpt>
      <trkpt lat="16.8149757" lon="100.2657009">
      </trkpt>
      <trkpt lat="16.8129102" lon="100.2656156">
      </trkpt>
      <trkpt lat="16.8122383" lon="100.2655955">
      </trkpt>
      <trkpt lat="16.8110571" lon="100.2655601">
      </trkpt>
      <trkpt lat="16.8108569" lon="100.2655471">
      </trkpt>
      <trkpt lat="16.8041171" lon="100.2653823">
      </trkpt>
      <trkpt lat="16.8010267" lon="100.26531">
      </trkpt>
      <trkpt lat="16.7973859" lon="100.2652332">
      </trkpt>
      <trkpt lat="16.7906589" lon="100.2650802">
      </trkpt>
      <trkpt lat="16.7839574" lon="100.2649089">
      </trkpt>
      <trkpt lat="16.7764784" lon="100.2647469">
      </trkpt>
      <trkpt lat="16.7745467" lon="100.2647245">
      </trkpt>
      <trkpt lat="16.7715909" lon="100.2646952">
      </trkpt>
      <trkpt lat="16.767479" lon="100.2646221">
      </trkpt>
      <trkpt lat="16.7651921" lon="100.2645467">
      </trkpt>
      <trkpt lat="16.7554269" lon="100.2642266">
      </trkpt>
      <trkpt lat="16.7517993" lon="100.2641384">
      </trkpt>
      <trkpt lat="16.7503807" lon="100.2641107">
      </trkpt>
      <trkpt lat="16.7485454" lon="100.2640767">
      </trkpt>
      <trkpt lat="16.7481115" lon="100.2640645">
      </trkpt>
      <trkpt lat="16.7475941" lon="100.2640514">
      </trkpt>
      <trkpt lat="16.7439049" lon="100.263969">
      </trkpt>
      <trkpt lat="16.7414833" lon="100.2639085">
      </trkpt>
      <trkpt lat="16.7199732" lon="100.2634024">
      </trkpt>
      <trkpt lat="16.7192972" lon="100.2634379">
      </trkpt>
      <trkpt lat="16.7184702" lon="100.2635521">
      </trkpt>
      <trkpt lat="16.7176121" lon="100.2637842">
      </trkpt>
      <trkpt lat="16.7131098" lon="100.265284">
      </trkpt>
      <trkpt lat="16.7022637" lon="100.2688925">
      </trkpt>
      <trkpt lat="16.6975157" lon="100.2704663">
      </trkpt>
      <trkpt lat="16.6931868" lon="100.2719011">
      </trkpt>
      <trkpt lat="16.6901359" lon="100.2729123">
      </trkpt>
      <trkpt lat="16.6895074" lon="100.2731136">
      </trkpt>
      <trkpt lat="16.6891049" lon="100.2732489">
      </trkpt>
      <trkpt lat="16.6870148" lon="100.2739498">
      </trkpt>
      <trkpt lat="16.6842091" lon="100.2748768">
      </trkpt>
      <trkpt lat="16.6764335" lon="100.2774397">
      </trkpt>
      <trkpt lat="16.6716474" lon="100.2790174">
      </trkpt>
      <trkpt lat="16.6645057" lon="100.2813716">
      </trkpt>
      <trkpt lat="16.6589402" lon="100.2831863">
      </trkpt>
      <trkpt lat="16.6585854" lon="100.2832835">
      </trkpt>
      <trkpt lat="16.6582843" lon="100.2833595">
      </trkpt>
      <trkpt lat="16.6579751" lon="100.2834178">
      </trkpt>
      <trkpt lat="16.65757" lon="100.2834766">
      </trkpt>
      <trkpt lat="16.6572436" lon="100.283511">
      </trkpt>
      <trkpt lat="16.6570513" lon="100.2835272">
      </trkpt>
      <trkpt lat="16.6569065" lon="100.2835255">
      </trkpt>
      <trkpt lat="16.6428709" lon="100.2831986">
      </trkpt>
      <trkpt lat="16.6426445" lon="100.2831976">
      </trkpt>
      <trkpt lat="16.6335538" lon="100.2830078">
      </trkpt>
      <trkpt lat="16.6156598" lon="100.2826108">
      </trkpt>
      <trkpt lat="16.6142375" lon="100.2826715">
      </trkpt>
      <trkpt lat="16.6134907" lon="100.2827628">
      </trkpt>
      <trkpt lat="16.6128248" lon="100.2829338">
      </trkpt>
      <trkpt lat="16.6121451" lon="100.2831573">
      </trkpt>
      <trkpt lat="16.6115722" lon="100.283383">
      </trkpt>
      <trkpt lat="16.6113862" lon="100.2834563">
      </trkpt>
      <trkpt lat="16.6101524" lon="100.2840103">
      </trkpt>
      <trkpt lat="16.6097579" lon="100.2841875">
      </trkpt>
      <trkpt lat="16.6093313" lon="100.2843783">
      </trkpt>
      <trkpt lat="16.6091311" lon="100.2844685">
      </trkpt>
      <trkpt lat="16.6087026" lon="100.2846606">
      </trkpt>
      <trkpt lat="16.6082013" lon="100.2848834">
      </trkpt>
      <trkpt lat="16.6078769" lon="100.2850342">
      </trkpt>
      <trkpt lat="16.5801045" lon="100.2974895">
      </trkpt>
      <trkpt lat="16.5793598" lon="100.2978192">
      </trkpt>
      <trkpt lat="16.5775137" lon="100.2986366">
      </trkpt>
      <trkpt lat="16.576881" lon="100.2989167">
      </trkpt>
      <trkpt lat="16.5766834" lon="100.2990041">
      </trkpt>
      <trkpt lat="16.5764612" lon="100.2991025">
      </trkpt>
      <trkpt lat="16.5758434" lon="100.299376">
      </trkpt>
      <trkpt lat="16.5747746" lon="100.2998492">
      </trkpt>
      <trkpt lat="16.5744816" lon="100.299996">
      </trkpt>
      <trkpt lat="16.5734088" lon="100.300483">
      </trkpt>
      <trkpt lat="16.5694557" lon="100.302199">
      </trkpt>
      <trkpt lat="16.5672661" lon="100.3031832">
      </trkpt>
      <trkpt lat="16.5532278" lon="100.3095164">
      </trkpt>
      <trkpt lat="16.5527953" lon="100.3097034">
      </trkpt>
      <trkpt lat="16.5464558" lon="100.312518">
      </trkpt>
      <trkpt lat="16.5379113" lon="100.3163205">
      </trkpt>
      <trkpt lat="16.5338246" lon="100.3182098">
      </trkpt>
      <trkpt lat="16.5334591" lon="100.3183842">
      </trkpt>
      <trkpt lat="16.5330377" lon="100.3186131">
      </trkpt>
      <trkpt lat="16.5325574" lon="100.3189047">
      </trkpt>
      <trkpt lat="16.5239077" lon="100.3247762">
      </trkpt>
      <trkpt lat="16.5196525" lon="100.3276372">
      </trkpt>
      <trkpt lat="16.5188173" lon="100.3282131">
      </trkpt>
      <trkpt lat="16.5183512" lon="100.3285215">
      </trkpt>
      <trkpt lat="16.5179658" lon="100.3287305">
      </trkpt>
      <trkpt lat="16.5174259" lon="100.3289978">
      </trkpt>
      <trkpt lat="16.516814" lon="100.329247">
      </trkpt>
      <trkpt lat="16.516289" lon="100.329432">
      </trkpt>
      <trkpt lat="16.5157826" lon="100.3295646">
      </trkpt>
      <trkpt lat="16.5153945" lon="100.3296531">
      </trkpt>
      <trkpt lat="16.5149199" lon="100.3297286">
      </trkpt>
      <trkpt lat="16.514286" lon="100.3298033">
      </trkpt>
      <trkpt lat="16.5134529" lon="100.3299088">
      </trkpt>
      <trkpt lat="16.5131026" lon="100.3299568">
      </trkpt>
      <trkpt lat="16.5121501" lon="100.3300883">
      </trkpt>
      <trkpt lat="16.511245" lon="100.3302132">
      </trkpt>
      <trkpt lat="16.5096288" lon="100.3304263">
      </trkpt>
      <trkpt lat="16.5008461" lon="100.3315653">
      </trkpt>
      <trkpt lat="16.4977572" lon="100.3319739">
      </trkpt>
      <trkpt lat="16.4908872" lon="100.3328391">
      </trkpt>
      <trkpt lat="16.4870792" lon="100.3333184">
      </trkpt>
      <trkpt lat="16.4854287" lon="100.3336128">
      </trkpt>
      <trkpt lat="16.484852" lon="100.3337646">
      </trkpt>
      <trkpt lat="16.4835607" lon="100.3342242">
      </trkpt>
      <trkpt lat="16.4779332" lon="100.3365585">
      </trkpt>
      <trkpt lat="16.476094" lon="100.3372853">
      </trkpt>
      <trkpt lat="16.474405" lon="100.3379544">
      </trkpt>
      <trkpt lat="16.46704" lon="100.3410093">
      </trkpt>
      <trkpt lat="16.4665083" lon="100.3412095">
      </trkpt>
      <trkpt lat="16.4659618" lon="100.3413894">
      </trkpt>
      <trkpt lat="16.4654363" lon="100.3415189">
      </trkpt>
      <trkpt lat="16.4648839" lon="100.3416241">
      </trkpt>
      <trkpt lat="16.4641927" lon="100.3417288">
      </trkpt>
      <trkpt lat="16.4635028" lon="100.3417776">
      </trkpt>
      <trkpt lat="16.462747" lon="100.3417809">
      </trkpt>
      <trkpt lat="16.4618935" lon="100.3417331">
      </trkpt>
      <trkpt lat="16.4601609" lon="100.3414829">
      </trkpt>
      <trkpt lat="16.4596473" lon="100.3414182">
      </trkpt>
      <trkpt lat="16.4588914" lon="100.3413412">
      </trkpt>
      <trkpt lat="16.4581353" lon="100.3413224">
      </trkpt>
      <trkpt lat="16.457543" lon="100.3413452">
      </trkpt>
      <trkpt lat="16.4569399" lon="100.3413861">
      </trkpt>
      <trkpt lat="16.4560686" lon="100.3415086">
      </trkpt>
      <trkpt lat="16.4555302" lon="100.3416061">
      </trkpt>
      <trkpt lat="16.4551224" lon="100.3417017">
      </trkpt>
      <trkpt lat="16.4544288" lon="100.3419073">
      </trkpt>
      <trkpt lat="16.4539899" lon="100.3420555">
      </trkpt>
      <trkpt lat="16.4535005" lon="100.3422455">
      </trkpt>
      <trkpt lat="16.4531112" lon="100.342402">
      </trkpt>
      <trkpt lat="16.452747" lon="100.3425848">
      </trkpt>
      <trkpt lat="16.4523898" lon="100.3427669">
      </trkpt>
      <trkpt lat="16.4520628" lon="100.3429565">
      </trkpt>
      <trkpt lat="16.4516873" lon="100.3431837">
      </trkpt>
      <trkpt lat="16.4513679" lon="100.3434032">
      </trkpt>
      <trkpt lat="16.4510729" lon="100.3436258">
      </trkpt>
      <trkpt lat="16.4504091" lon="100.3441528">
      </trkpt>
      <trkpt lat="16.4489877" lon="100.3454284">
      </trkpt>
      <trkpt lat="16.4483347" lon="100.3460471">
      </trkpt>
      <trkpt lat="16.4480943" lon="100.3462987">
      </trkpt>
      <trkpt lat="16.4478097" lon="100.3466037">
      </trkpt>
      <trkpt lat="16.447612" lon="100.3468167">
      </trkpt>
      <trkpt lat="16.4473119" lon="100.3471537">
      </trkpt>
      <trkpt lat="16.446946" lon="100.3476308">
      </trkpt>
      <trkpt lat="16.446169" lon="100.3487922">
      </trkpt>
      <trkpt lat="16.4460366" lon="100.3489836">
      </trkpt>
      <trkpt lat="16.4451254" lon="100.3503016">
      </trkpt>
      <trkpt lat="16.4449156" lon="100.3506756">
      </trkpt>
      <trkpt lat="16.4446906" lon="100.3511358">
      </trkpt>
      <trkpt lat="16.4444733" lon="100.3516785">
      </trkpt>
      <trkpt lat="16.4443078" lon="100.3521809">
      </trkpt>
      <trkpt lat="16.4442127" lon="100.3525687">
      </trkpt>
      <trkpt lat="16.4441494" lon="100.352938">
      </trkpt>
      <trkpt lat="16.4437246" lon="100.3574102">
      </trkpt>
      <trkpt lat="16.44369" lon="100.3577747">
      </trkpt>
      <trkpt lat="16.4436491" lon="100.3581123">
      </trkpt>
      <trkpt lat="16.4436" lon="100.3584415">
      </trkpt>
      <trkpt lat="16.4435331" lon="100.3587755">
      </trkpt>
      <trkpt lat="16.4434327" lon="100.3591719">
      </trkpt>
      <trkpt lat="16.4432885" lon="100.3596077">
      </trkpt>
      <trkpt lat="16.4431045" lon="100.3600791">
      </trkpt>
      <trkpt lat="16.4428942" lon="100.3605254">
      </trkpt>
      <trkpt lat="16.4428437" lon="100.3606093">
      </trkpt>
      <trkpt lat="16.4426706" lon="100.3608969">
      </trkpt>
      <trkpt lat="16.4424329" lon="100.361262">
      </trkpt>
      <trkpt lat="16.4421696" lon="100.3616259">
      </trkpt>
      <trkpt lat="16.4419077" lon="100.3619339">
      </trkpt>
      <trkpt lat="16.4415833" lon="100.3622737">
      </trkpt>
      <trkpt lat="16.4411946" lon="100.3625956">
      </trkpt>
      <trkpt lat="16.4408565" lon="100.3628656">
      </trkpt>
      <trkpt lat="16.4403616" lon="100.3632254">
      </trkpt>
      <trkpt lat="16.4376315" lon="100.3649825">
      </trkpt>
      <trkpt lat="16.4374478" lon="100.3651008">
      </trkpt>
      <trkpt lat="16.4325406" lon="100.3684861">
      </trkpt>
      <trkpt lat="16.4164946" lon="100.3793315">
      </trkpt>
      <trkpt lat="16.4037832" lon="100.3879084">
      </trkpt>
      <trkpt lat="16.4034393" lon="100.3881171">
      </trkpt>
      <trkpt lat="16.4031094" lon="100.3882938">
      </trkpt>
      <trkpt lat="16.4027018" lon="100.3884778">
      </trkpt>
      <trkpt lat="16.4023095" lon="100.3886329">
      </trkpt>
      <trkpt lat="16.4017399" lon="100.3888385">
      </trkpt>
      <trkpt lat="16.4012433" lon="100.3889672">
      </trkpt>
      <trkpt lat="16.4003727" lon="100.3891663">
      </trkpt>
      <trkpt lat="16.3989514" lon="100.3894937">
      </trkpt>
      <trkpt lat="16.3950523" lon="100.3903748">
      </trkpt>
      <trkpt lat="16.3940774" lon="100.3906177">
      </trkpt>
      <trkpt lat="16.3939487" lon="100.3906494">
      </trkpt>
      <trkpt lat="16.3493551" lon="100.4008307">
      </trkpt>
      <trkpt lat="16.3442293" lon="100.4020057">
      </trkpt>
      <trkpt lat="16.340636" lon="100.4028294">
      </trkpt>
      <trkpt lat="16.3392934" lon="100.4031372">
      </trkpt>
      <trkpt lat="16.3387243" lon="100.4032675">
      </trkpt>
      <trkpt lat="16.3335374" lon="100.4044522">
      </trkpt>
      <trkpt lat="16.3334355" lon="100.4044782">
      </trkpt>
      <trkpt lat="16.3331475" lon="100.4045441">
      </trkpt>
      <trkpt lat="16.3219821" lon="100.4070926">
      </trkpt>
      <trkpt lat="16.3218151" lon="100.4071333">
      </trkpt>
      <trkpt lat="16.3176751" lon="100.4080983">
      </trkpt>
      <trkpt lat="16.3173153" lon="100.4081871">
      </trkpt>
      <trkpt lat="16.3170102" lon="100.4082733">
      </trkpt>
      <trkpt lat="16.3165744" lon="100.4084166">
      </trkpt>
      <trkpt lat="16.3161615" lon="100.4085736">
      </trkpt>
      <trkpt lat="16.305708" lon="100.4126784">
      </trkpt>
      <trkpt lat="16.3056544" lon="100.4127031">
      </trkpt>
      <trkpt lat="16.3056191" lon="100.412717">
      </trkpt>
      <trkpt lat="16.2818478" lon="100.42203">
      </trkpt>
      <trkpt lat="16.2816797" lon="100.4220994">
      </trkpt>
      <trkpt lat="16.2752241" lon="100.4246356">
      </trkpt>
      <trkpt lat="16.2733137" lon="100.4253862">
      </trkpt>
      <trkpt lat="16.2703621" lon="100.4265519">
      </trkpt>
      <trkpt lat="16.2664496" lon="100.428097">
      </trkpt>
      <trkpt lat="16.2659804" lon="100.4282745">
      </trkpt>
      <trkpt lat="16.2654847" lon="100.4284475">
      </trkpt>
      <trkpt lat="16.2649099" lon="100.4286109">
      </trkpt>
      <trkpt lat="16.2643159" lon="100.4287173">
      </trkpt>
      <trkpt lat="16.2636813" lon="100.4288022">
      </trkpt>
      <trkpt lat="16.2630532" lon="100.4288502">
      </trkpt>
      <trkpt lat="16.2623361" lon="100.4288258">
      </trkpt>
      <trkpt lat="16.2622259" lon="100.428821">
      </trkpt>
      <trkpt lat="16.2621202" lon="100.4288124">
      </trkpt>
      <trkpt lat="16.2618892" lon="100.4287952">
      </trkpt>
      <trkpt lat="16.2616647" lon="100.4287735">
      </trkpt>
      <trkpt lat="16.2558342" lon="100.4281033">
      </trkpt>
      <trkpt lat="16.238152" lon="100.4261017">
      </trkpt>
      <trkpt lat="16.2249446" lon="100.4245679">
      </trkpt>
      <trkpt lat="16.2231948" lon="100.4243872">
      </trkpt>
      <trkpt lat="16.2207012" lon="100.424099">
      </trkpt>
      <trkpt lat="16.2178877" lon="100.423775">
      </trkpt>
      <trkpt lat="16.217696" lon="100.423751">
      </trkpt>
      <trkpt lat="16.2152963" lon="100.4234847">
      </trkpt>
      <trkpt lat="16.1775839" lon="100.4192323">
      </trkpt>
      <trkpt lat="16.1539856" lon="100.4165515">
      </trkpt>
      <trkpt lat="16.139654" lon="100.4149235">
      </trkpt>
      <trkpt lat="16.1386774" lon="100.4148126">
      </trkpt>
      <trkpt lat="16.1348686" lon="100.4143831">
      </trkpt>
      <trkpt lat="16.1244854" lon="100.4132006">
      </trkpt>
      <trkpt lat="16.0910146" lon="100.4094225">
      </trkpt>
      <trkpt lat="16.0902496" lon="100.4092725">
      </trkpt>
      <trkpt lat="16.0897381" lon="100.409127">
      </trkpt>
      <trkpt lat="16.0891575" lon="100.4089054">
      </trkpt>
      <trkpt lat="16.0858872" lon="100.4074007">
      </trkpt>
      <trkpt lat="16.0858338" lon="100.4073778">
      </trkpt>
      <trkpt lat="16.0857616" lon="100.4073468">
      </trkpt>
      <trkpt lat="16.0846484" lon="100.4068438">
      </trkpt>
      <trkpt lat="16.082416" lon="100.4058352">
      </trkpt>
      <trkpt lat="16.0820508" lon="100.4056695">
      </trkpt>
      <trkpt lat="16.0812044" lon="100.4052798">
      </trkpt>
      <trkpt lat="16.0794238" lon="100.4044598">
      </trkpt>
      <trkpt lat="16.0724498" lon="100.4012485">
      </trkpt>
      <trkpt lat="16.0475922" lon="100.389871">
      </trkpt>
      <trkpt lat="16.0343926" lon="100.3838316">
      </trkpt>
      <trkpt lat="16.0307139" lon="100.3821303">
      </trkpt>
      <trkpt lat="16.030195" lon="100.3819115">
      </trkpt>
      <trkpt lat="16.0301533" lon="100.3818936">
      </trkpt>
      <trkpt lat="16.0285797" lon="100.381161">
      </trkpt>
      <trkpt lat="16.0261173" lon="100.3800124">
      </trkpt>
      <trkpt lat="16.022715" lon="100.3784827">
      </trkpt>
      <trkpt lat="16.0224947" lon="100.3783849">
      </trkpt>
      <trkpt lat="16.0222783" lon="100.3782888">
      </trkpt>
      <trkpt lat="16.0220722" lon="100.3782007">
      </trkpt>
      <trkpt lat="16.0140615" lon="100.3745163">
      </trkpt>
      <trkpt lat="16.0122312" lon="100.3736156">
      </trkpt>
      <trkpt lat="16.0117371" lon="100.3733211">
      </trkpt>
      <trkpt lat="16.011449" lon="100.3731481">
      </trkpt>
      <trkpt lat="16.0106221" lon="100.3725622">
      </trkpt>
      <trkpt lat="16.0007078" lon="100.364572">
      </trkpt>
      <trkpt lat="15.9861948" lon="100.3528763">
      </trkpt>
      <trkpt lat="15.9846094" lon="100.3515526">
      </trkpt>
      <trkpt lat="15.9840135" lon="100.3511347">
      </trkpt>
      <trkpt lat="15.9836303" lon="100.3509088">
      </trkpt>
      <trkpt lat="15.983079" lon="100.3506315">
      </trkpt>
      <trkpt lat="15.9795116" lon="100.3489914">
      </trkpt>
      <trkpt lat="15.9768864" lon="100.3477844">
      </trkpt>
      <trkpt lat="15.9767286" lon="100.3477119">
      </trkpt>
      <trkpt lat="15.9748903" lon="100.3468752">
      </trkpt>
      <trkpt lat="15.9742704" lon="100.3465985">
      </trkpt>
      <trkpt lat="15.959972" lon="100.3400377">
      </trkpt>
      <trkpt lat="15.9328718" lon="100.3276147">
      </trkpt>
      <trkpt lat="15.91058" lon="100.3173972">
      </trkpt>
      <trkpt lat="15.8973221" lon="100.3113403">
      </trkpt>
      <trkpt lat="15.8972787" lon="100.3113213">
      </trkpt>
      <trkpt lat="15.8956101" lon="100.3105567">
      </trkpt>
      <trkpt lat="15.8946494" lon="100.3101192">
      </trkpt>
      <trkpt lat="15.8935726" lon="100.3096233">
      </trkpt>
      <trkpt lat="15.8933969" lon="100.3095426">
      </trkpt>
      <trkpt lat="15.8922668" lon="100.3090234">
      </trkpt>
      <trkpt lat="15.8868072" lon="100.3065151">
      </trkpt>
      <trkpt lat="15.8594199" lon="100.2939926">
      </trkpt>
      <trkpt lat="15.8441509" lon="100.2870393">
      </trkpt>
      <trkpt lat="15.8425298" lon="100.2863277">
      </trkpt>
      <trkpt lat="15.8413405" lon="100.2858597">
      </trkpt>
      <trkpt lat="15.8408758" lon="100.2857212">
      </trkpt>
      <trkpt lat="15.8404565" lon="100.2856199">
      </trkpt>
      <trkpt lat="15.8399178" lon="100.285563">
      </trkpt>
      <trkpt lat="15.8282677" lon="100.2859077">
      </trkpt>
      <trkpt lat="15.8228427" lon="100.2860682">
      </trkpt>
      <trkpt lat="15.8220581" lon="100.2860769">
      </trkpt>
      <trkpt lat="15.8214304" lon="100.286034">
      </trkpt>
      <trkpt lat="15.8209904" lon="100.2859633">
      </trkpt>
      <trkpt lat="15.8204546" lon="100.2858486">
      </trkpt>
      <trkpt lat="15.8198946" lon="100.2856904">
      </trkpt>
      <trkpt lat="15.8193072" lon="100.2854715">
      </trkpt>
      <trkpt lat="15.8186557" lon="100.2851818">
      </trkpt>
      <trkpt lat="15.8181976" lon="100.2849661">
      </trkpt>
      <trkpt lat="15.8174678" lon="100.284617">
      </trkpt>
      <trkpt lat="15.8172219" lon="100.2845027">
      </trkpt>
      <trkpt lat="15.8157571" lon="100.2838911">
      </trkpt>
      <trkpt lat="15.8149571" lon="100.2835451">
      </trkpt>
      <trkpt lat="15.8145016" lon="100.2833399">
      </trkpt>
      <trkpt lat="15.8140835" lon="100.2831307">
      </trkpt>
      <trkpt lat="15.8123183" lon="100.282228">
      </trkpt>
      <trkpt lat="15.8115533" lon="100.2818837">
      </trkpt>
      <trkpt lat="15.8059621" lon="100.279369">
      </trkpt>
      <trkpt lat="15.8016994" lon="100.2774062">
      </trkpt>
      <trkpt lat="15.7951622" lon="100.2744324">
      </trkpt>
      <trkpt lat="15.79467" lon="100.2742348">
      </trkpt>
      <trkpt lat="15.7941575" lon="100.2740585">
      </trkpt>
      <trkpt lat="15.7904639" lon="100.2728961">
      </trkpt>
      <trkpt lat="15.7861363" lon="100.2715839">
      </trkpt>
      <trkpt lat="15.7847044" lon="100.2711449">
      </trkpt>
      <trkpt lat="15.7839018" lon="100.2708768">
      </trkpt>
      <trkpt lat="15.7831318" lon="100.2705774">
      </trkpt>
      <trkpt lat="15.7709928" lon="100.2649478">
      </trkpt>
      <trkpt lat="15.7632292" lon="100.2614044">
      </trkpt>
      <trkpt lat="15.757094" lon="100.2586034">
      </trkpt>
      <trkpt lat="15.7551421" lon="100.2577093">
      </trkpt>
      <trkpt lat="15.7545426" lon="100.2574292">
      </trkpt>
      <trkpt lat="15.7532381" lon="100.2568338">
      </trkpt>
      <trkpt lat="15.7522263" lon="100.2563724">
      </trkpt>
      <trkpt lat="15.7520472" lon="100.2562907">
      </trkpt>
      <trkpt lat="15.7427971" lon="100.2520727">
      </trkpt>
      <trkpt lat="15.7415731" lon="100.2514798">
      </trkpt>
      <trkpt lat="15.7408376" lon="100.2510332">
      </trkpt>
      <trkpt lat="15.7401116" lon="100.2505221">
      </trkpt>
      <trkpt lat="15.7395671" lon="100.2501102">
      </trkpt>
      <trkpt lat="15.7391035" lon="100.2496248">
      </trkpt>
      <trkpt lat="15.7386371" lon="100.2490663">
      </trkpt>
      <trkpt lat="15.7381581" lon="100.2483328">
      </trkpt>
      <trkpt lat="15.7375647" lon="100.2472919">
      </trkpt>
      <trkpt lat="15.7354317" lon="100.2430545">
      </trkpt>
      <trkpt lat="15.72476" lon="100.2218545">
      </trkpt>
      <trkpt lat="15.7243205" lon="100.2208582">
      </trkpt>
      <trkpt lat="15.7239496" lon="100.2197528">
      </trkpt>
      <trkpt lat="15.7237791" lon="100.218992">
      </trkpt>
      <trkpt lat="15.7236796" lon="100.2182415">
      </trkpt>
      <trkpt lat="15.7236589" lon="100.2171559">
      </trkpt>
      <trkpt lat="15.7238014" lon="100.2152966">
      </trkpt>
      <trkpt lat="15.7238096" lon="100.2151893">
      </trkpt>
      <trkpt lat="15.7238321" lon="100.2149335">
      </trkpt>
      <trkpt lat="15.7238842" lon="100.2142058">
      </trkpt>
      <trkpt lat="15.7239667" lon="100.2130531">
      </trkpt>
      <trkpt lat="15.7241235" lon="100.2109066">
      </trkpt>
      <trkpt lat="15.7241615" lon="100.2103864">
      </trkpt>
      <trkpt lat="15.7242959" lon="100.208546">
      </trkpt>
      <trkpt lat="15.724403" lon="100.2070789">
      </trkpt>
      <trkpt lat="15.7243517" lon="100.2063912">
      </trkpt>
      <trkpt lat="15.7242435" lon="100.2056829">
      </trkpt>
      <trkpt lat="15.7240815" lon="100.204907">
      </trkpt>
      <trkpt lat="15.7183658" lon="100.1874722">
      </trkpt>
      <trkpt lat="15.7129016" lon="100.1708437">
      </trkpt>
      <trkpt lat="15.7109325" lon="100.1646343">
      </trkpt>
      <trkpt lat="15.710283" lon="100.162586">
      </trkpt>
      <trkpt lat="15.7101939" lon="100.1623202">
      </trkpt>
      <trkpt lat="15.7098448" lon="100.161204">
      </trkpt>
      <trkpt lat="15.7095196" lon="100.1602887">
      </trkpt>
      <trkpt lat="15.7091966" lon="100.1595644">
      </trkpt>
      <trkpt lat="15.7086635" lon="100.1586443">
      </trkpt>
      <trkpt lat="15.7081275" lon="100.1579117">
      </trkpt>
      <trkpt lat="15.7075752" lon="100.1572992">
      </trkpt>
      <trkpt lat="15.7069603" lon="100.1566971">
      </trkpt>
      <trkpt lat="15.7065908" lon="100.1563912">
      </trkpt>
      <trkpt lat="15.7062454" lon="100.1560754">
      </trkpt>
      <trkpt lat="15.7062158" lon="100.1560496">
      </trkpt>
      <trkpt lat="15.7041661" lon="100.1541562">
      </trkpt>
      <trkpt lat="15.7015879" lon="100.1518341">
      </trkpt>
      <trkpt lat="15.7005897" lon="100.1509191">
      </trkpt>
      <trkpt lat="15.700199" lon="100.1506189">
      </trkpt>
      <trkpt lat="15.6998736" lon="100.1504468">
      </trkpt>
      <trkpt lat="15.6994463" lon="100.1502567">
      </trkpt>
      <trkpt lat="15.6991871" lon="100.1501807">
      </trkpt>
      <trkpt lat="15.6988225" lon="100.1500811">
      </trkpt>
      <trkpt lat="15.6984702" lon="100.1500221">
      </trkpt>
      <trkpt lat="15.69824" lon="100.1500223">
      </trkpt>
      <trkpt lat="15.6979876" lon="100.1500225">
      </trkpt>
      <trkpt lat="15.6976625" lon="100.150055">
      </trkpt>
      <trkpt lat="15.6974463" lon="100.150086">
      </trkpt>
      <trkpt lat="15.6970479" lon="100.1501754">
      </trkpt>
      <trkpt lat="15.6964289" lon="100.1503239">
      </trkpt>
      <trkpt lat="15.6960213" lon="100.1504217">
      </trkpt>
      <trkpt lat="15.6943908" lon="100.1508171">
      </trkpt>
      <trkpt lat="15.6933668" lon="100.1510628">
      </trkpt>
      <trkpt lat="15.6927329" lon="100.151225">
      </trkpt>
      <trkpt lat="15.6922361" lon="100.1513522">
      </trkpt>
      <trkpt lat="15.6900734" lon="100.1518704">
      </trkpt>
      <trkpt lat="15.6876678" lon="100.1524591">
      </trkpt>
      <trkpt lat="15.6862821" lon="100.1527924">
      </trkpt>
      <trkpt lat="15.685869" lon="100.1528932">
      </trkpt>
      <trkpt lat="15.685038" lon="100.153096">
      </trkpt>
      <trkpt lat="15.6806805" lon="100.1541609">
      </trkpt>
      <trkpt lat="15.6772199" lon="100.155008">
      </trkpt>
      <trkpt lat="15.673387" lon="100.1560153">
      </trkpt>
      <trkpt lat="15.6714699" lon="100.1564954">
      </trkpt>
      <trkpt lat="15.6690937" lon="100.157061">
      </trkpt>
      <trkpt lat="15.6678929" lon="100.1572911">
      </trkpt>
      <trkpt lat="15.6671067" lon="100.1574832">
      </trkpt>
      <trkpt lat="15.6654162" lon="100.1578964">
      </trkpt>
      <trkpt lat="15.665427" lon="100.157952">
      </trkpt>
      <trkpt lat="15.6619528" lon="100.1588037">
      </trkpt>
      <trkpt lat="15.6602871" lon="100.159212">
      </trkpt>
      <trkpt lat="15.659796" lon="100.1593324">
      </trkpt>
      <trkpt lat="15.6577429" lon="100.1598363">
      </trkpt>
      <trkpt lat="15.6556663" lon="100.160346">
      </trkpt>
      <trkpt lat="15.6538578" lon="100.1608195">
      </trkpt>
      <trkpt lat="15.651051" lon="100.1614859">
      </trkpt>
      <trkpt lat="15.6489121" lon="100.1620041">
      </trkpt>
      <trkpt lat="15.6470064" lon="100.16245">
      </trkpt>
      <trkpt lat="15.645274" lon="100.1628866">
      </trkpt>
      <trkpt lat="15.6412346" lon="100.1638621">
      </trkpt>
      <trkpt lat="15.6386983" lon="100.1644913">
      </trkpt>
      <trkpt lat="15.6370402" lon="100.1649059">
      </trkpt>
      <trkpt lat="15.6339918" lon="100.1656327">
      </trkpt>
      <trkpt lat="15.6249096" lon="100.1678403">
      </trkpt>
      <trkpt lat="15.6206932" lon="100.1688783">
      </trkpt>
      <trkpt lat="15.618591" lon="100.1693958">
      </trkpt>
      <trkpt lat="15.6127552" lon="100.1708186">
      </trkpt>
      <trkpt lat="15.6087803" lon="100.1717928">
      </trkpt>
      <trkpt lat="15.6055839" lon="100.172569">
      </trkpt>
      <trkpt lat="15.6025549" lon="100.1733087">
      </trkpt>
      <trkpt lat="15.5985809" lon="100.174291">
      </trkpt>
      <trkpt lat="15.5969654" lon="100.1746785">
      </trkpt>
      <trkpt lat="15.5967272" lon="100.1747356">
      </trkpt>
      <trkpt lat="15.5929882" lon="100.1756323">
      </trkpt>
      <trkpt lat="15.5887745" lon="100.1766396">
      </trkpt>
      <trkpt lat="15.5881149" lon="100.1767528">
      </trkpt>
      <trkpt lat="15.587032" lon="100.1768649">
      </trkpt>
      <trkpt lat="15.5863707" lon="100.1768704">
      </trkpt>
      <trkpt lat="15.5838397" lon="100.1767675">
      </trkpt>
      <trkpt lat="15.5809866" lon="100.1766475">
      </trkpt>
      <trkpt lat="15.5770607" lon="100.1764535">
      </trkpt>
      <trkpt lat="15.5757003" lon="100.176397">
      </trkpt>
      <trkpt lat="15.5753015" lon="100.1763653">
      </trkpt>
      <trkpt lat="15.5731913" lon="100.1762763">
      </trkpt>
      <trkpt lat="15.572165" lon="100.176242">
      </trkpt>
      <trkpt lat="15.5712793" lon="100.1762135">
      </trkpt>
      <trkpt lat="15.5686368" lon="100.1761084">
      </trkpt>
      <trkpt lat="15.5684819" lon="100.1761023">
      </trkpt>
      <trkpt lat="15.5684371" lon="100.1761002">
      </trkpt>
      <trkpt lat="15.5670609" lon="100.1760367">
      </trkpt>
      <trkpt lat="15.5669551" lon="100.1760352">
      </trkpt>
      <trkpt lat="15.5611858" lon="100.1759541">
      </trkpt>
      <trkpt lat="15.5598336" lon="100.1759389">
      </trkpt>
      <trkpt lat="15.5560959" lon="100.1758218">
      </trkpt>
      <trkpt lat="15.5526695" lon="100.1757146">
      </trkpt>
      <trkpt lat="15.5502093" lon="100.1756297">
      </trkpt>
      <trkpt lat="15.5469676" lon="100.1755499">
      </trkpt>
      <trkpt lat="15.543158" lon="100.175406">
      </trkpt>
      <trkpt lat="15.5364975" lon="100.1751748">
      </trkpt>
      <trkpt lat="15.5319405" lon="100.1750317">
      </trkpt>
      <trkpt lat="15.5312253" lon="100.1750092">
      </trkpt>
      <trkpt lat="15.5269692" lon="100.1748623">
      </trkpt>
      <trkpt lat="15.5233899" lon="100.1747428">
      </trkpt>
      <trkpt lat="15.5182825" lon="100.174594">
      </trkpt>
      <trkpt lat="15.5155413" lon="100.1744857">
      </trkpt>
      <trkpt lat="15.5117895" lon="100.1743559">
      </trkpt>
      <trkpt lat="15.5096495" lon="100.1742802">
      </trkpt>
      <trkpt lat="15.5061753" lon="100.1741743">
      </trkpt>
      <trkpt lat="15.5021911" lon="100.1740479">
      </trkpt>
      <trkpt lat="15.5019735" lon="100.1740392">
      </trkpt>
      <trkpt lat="15.501763" lon="100.1740308">
      </trkpt>
      <trkpt lat="15.4998806" lon="100.1739556">
      </trkpt>
      <trkpt lat="15.4985905" lon="100.1739249">
      </trkpt>
      <trkpt lat="15.4960266" lon="100.1738293">
      </trkpt>
      <trkpt lat="15.4930315" lon="100.1737371">
      </trkpt>
      <trkpt lat="15.4907259" lon="100.173654">
      </trkpt>
      <trkpt lat="15.4854387" lon="100.1734657">
      </trkpt>
      <trkpt lat="15.484781" lon="100.1734407">
      </trkpt>
      <trkpt lat="15.4815831" lon="100.1733192">
      </trkpt>
      <trkpt lat="15.480023" lon="100.1732852">
      </trkpt>
      <trkpt lat="15.4791545" lon="100.1732502">
      </trkpt>
      <trkpt lat="15.4788311" lon="100.1732371">
      </trkpt>
      <trkpt lat="15.4768892" lon="100.1731409">
      </trkpt>
      <trkpt lat="15.4738253" lon="100.173038">
      </trkpt>
      <trkpt lat="15.4714308" lon="100.1729814">
      </trkpt>
      <trkpt lat="15.4712783" lon="100.172988">
      </trkpt>
      <trkpt lat="15.4708322" lon="100.1730074">
      </trkpt>
      <trkpt lat="15.4706636" lon="100.1730246">
      </trkpt>
      <trkpt lat="15.4706035" lon="100.1730308">
      </trkpt>
      <trkpt lat="15.4696998" lon="100.1731421">
      </trkpt>
      <trkpt lat="15.4688301" lon="100.1733414">
      </trkpt>
      <trkpt lat="15.46811" lon="100.1735523">
      </trkpt>
      <trkpt lat="15.4670934" lon="100.1739127">
      </trkpt>
      <trkpt lat="15.4663705" lon="100.174235">
      </trkpt>
      <trkpt lat="15.4657041" lon="100.1745573">
      </trkpt>
      <trkpt lat="15.4645989" lon="100.1752086">
      </trkpt>
      <trkpt lat="15.4637674" lon="100.1758041">
      </trkpt>
      <trkpt lat="15.4628894" lon="100.1765823">
      </trkpt>
      <trkpt lat="15.4625673" lon="100.1769074">
      </trkpt>
      <trkpt lat="15.4621587" lon="100.177331">
      </trkpt>
      <trkpt lat="15.4616001" lon="100.1780197">
      </trkpt>
      <trkpt lat="15.461212" lon="100.1784823">
      </trkpt>
      <trkpt lat="15.4600472" lon="100.1798709">
      </trkpt>
      <trkpt lat="15.4588781" lon="100.1813096">
      </trkpt>
      <trkpt lat="15.4570062" lon="100.18351">
      </trkpt>
      <trkpt lat="15.4553706" lon="100.1854674">
      </trkpt>
      <trkpt lat="15.4528598" lon="100.1885124">
      </trkpt>
      <trkpt lat="15.4511358" lon="100.1905712">
      </trkpt>
      <trkpt lat="15.4485918" lon="100.1936599">
      </trkpt>
      <trkpt lat="15.4463654" lon="100.1962743">
      </trkpt>
      <trkpt lat="15.4436741" lon="100.1995149">
      </trkpt>
      <trkpt lat="15.4416847" lon="100.2019043">
      </trkpt>
      <trkpt lat="15.4392927" lon="100.2047328">
      </trkpt>
      <trkpt lat="15.4371648" lon="100.207326">
      </trkpt>
      <trkpt lat="15.4335592" lon="100.2116408">
      </trkpt>
      <trkpt lat="15.4304724" lon="100.2152942">
      </trkpt>
      <trkpt lat="15.4299095" lon="100.215962">
      </trkpt>
      <trkpt lat="15.4293239" lon="100.2166569">
      </trkpt>
      <trkpt lat="15.4292113" lon="100.2167904">
      </trkpt>
      <trkpt lat="15.4285873" lon="100.2175308">
      </trkpt>
      <trkpt lat="15.4274981" lon="100.2187893">
      </trkpt>
      <trkpt lat="15.4256351" lon="100.2210005">
      </trkpt>
      <trkpt lat="15.4251187" lon="100.2216284">
      </trkpt>
      <trkpt lat="15.4245916" lon="100.2222692">
      </trkpt>
      <trkpt lat="15.4244298" lon="100.2224713">
      </trkpt>
      <trkpt lat="15.4242347" lon="100.2226916">
      </trkpt>
      <trkpt lat="15.4242208" lon="100.222709">
      </trkpt>
      <trkpt lat="15.4227203" lon="100.2245927">
      </trkpt>
      <trkpt lat="15.4204213" lon="100.2273585">
      </trkpt>
      <trkpt lat="15.4149684" lon="100.2339927">
      </trkpt>
      <trkpt lat="15.4127585" lon="100.2366422">
      </trkpt>
      <trkpt lat="15.4105443" lon="100.239296">
      </trkpt>
      <trkpt lat="15.4081849" lon="100.2421305">
      </trkpt>
      <trkpt lat="15.4054333" lon="100.2454097">
      </trkpt>
      <trkpt lat="15.4024956" lon="100.2489268">
      </trkpt>
      <trkpt lat="15.3991979" lon="100.252924">
      </trkpt>
      <trkpt lat="15.3981368" lon="100.2541682">
      </trkpt>
      <trkpt lat="15.3962498" lon="100.2564071">
      </trkpt>
      <trkpt lat="15.3943471" lon="100.2586948">
      </trkpt>
      <trkpt lat="15.3931491" lon="100.2600975">
      </trkpt>
      <trkpt lat="15.3563914" lon="100.3041919">
      </trkpt>
      <trkpt lat="15.3524404" lon="100.3088913">
      </trkpt>
      <trkpt lat="15.3491748" lon="100.3127841">
      </trkpt>
      <trkpt lat="15.3477836" lon="100.3144079">
      </trkpt>
      <trkpt lat="15.3477545" lon="100.3144384">
      </trkpt>
      <trkpt lat="15.3474373" lon="100.31477">
      </trkpt>
      <trkpt lat="15.3472136" lon="100.3149457">
      </trkpt>
      <trkpt lat="15.3467661" lon="100.3153467">
      </trkpt>
      <trkpt lat="15.3464971" lon="100.3155398">
      </trkpt>
      <trkpt lat="15.3463277" lon="100.3156726">
      </trkpt>
      <trkpt lat="15.345844" lon="100.315977">
      </trkpt>
      <trkpt lat="15.3455323" lon="100.3161514">
      </trkpt>
      <trkpt lat="15.345314" lon="100.3162568">
      </trkpt>
      <trkpt lat="15.3450978" lon="100.3163499">
      </trkpt>
      <trkpt lat="15.3446115" lon="100.316543">
      </trkpt>
      <trkpt lat="15.3426301" lon="100.3173155">
      </trkpt>
      <trkpt lat="15.3265367" lon="100.3234408">
      </trkpt>
      <trkpt lat="15.3133191" lon="100.3284974">
      </trkpt>
      <trkpt lat="15.3089454" lon="100.3301813">
      </trkpt>
      <trkpt lat="15.3076303" lon="100.3306943">
      </trkpt>
      <trkpt lat="15.3054474" lon="100.3315185">
      </trkpt>
      <trkpt lat="15.3018349" lon="100.3328928">
      </trkpt>
      <trkpt lat="15.2971849" lon="100.3346617">
      </trkpt>
      <trkpt lat="15.290872" lon="100.3370672">
      </trkpt>
      <trkpt lat="15.2759893" lon="100.3427276">
      </trkpt>
      <trkpt lat="15.2716374" lon="100.3443833">
      </trkpt>
      <trkpt lat="15.2714227" lon="100.3444652">
      </trkpt>
      <trkpt lat="15.2712809" lon="100.3445193">
      </trkpt>
      <trkpt lat="15.2657102" lon="100.3466449">
      </trkpt>
      <trkpt lat="15.2649673" lon="100.3469178">
      </trkpt>
      <trkpt lat="15.2647325" lon="100.3470077">
      </trkpt>
      <trkpt lat="15.2646415" lon="100.3470429">
      </trkpt>
      <trkpt lat="15.2632794" lon="100.3475857">
      </trkpt>
      <trkpt lat="15.2600675" lon="100.3488176">
      </trkpt>
      <trkpt lat="15.2589515" lon="100.3492139">
      </trkpt>
      <trkpt lat="15.2564324" lon="100.3501646">
      </trkpt>
      <trkpt lat="15.2552309" lon="100.3506292">
      </trkpt>
      <trkpt lat="15.2542118" lon="100.3510234">
      </trkpt>
      <trkpt lat="15.2448372" lon="100.3545983">
      </trkpt>
      <trkpt lat="15.2434049" lon="100.3551206">
      </trkpt>
      <trkpt lat="15.2424473" lon="100.3555075">
      </trkpt>
      <trkpt lat="15.2383388" lon="100.3571015">
      </trkpt>
      <trkpt lat="15.2373299" lon="100.3574725">
      </trkpt>
      <trkpt lat="15.2372255" lon="100.3575127">
      </trkpt>
      <trkpt lat="15.2360568" lon="100.3579626">
      </trkpt>
      <trkpt lat="15.235829" lon="100.3580502">
      </trkpt>
      <trkpt lat="15.2299121" lon="100.3603277">
      </trkpt>
      <trkpt lat="15.2296851" lon="100.3604166">
      </trkpt>
      <trkpt lat="15.2275068" lon="100.3612445">
      </trkpt>
      <trkpt lat="15.226747" lon="100.3615809">
      </trkpt>
      <trkpt lat="15.2260032" lon="100.3619624">
      </trkpt>
      <trkpt lat="15.225397" lon="100.362324">
      </trkpt>
      <trkpt lat="15.2244566" lon="100.3629708">
      </trkpt>
      <trkpt lat="15.2240783" lon="100.3632595">
      </trkpt>
      <trkpt lat="15.2233881" lon="100.3638138">
      </trkpt>
      <trkpt lat="15.2227305" lon="100.3644853">
      </trkpt>
      <trkpt lat="15.1685394" lon="100.4170933">
      </trkpt>
      <trkpt lat="15.1678157" lon="100.4177781">
      </trkpt>
      <trkpt lat="15.1652265" lon="100.4202725">
      </trkpt>
      <trkpt lat="15.1639629" lon="100.4214193">
      </trkpt>
      <trkpt lat="15.1632123" lon="100.422106">
      </trkpt>
      <trkpt lat="15.1627457" lon="100.4225328">
      </trkpt>
      <trkpt lat="15.15906" lon="100.4259282">
      </trkpt>
      <trkpt lat="15.154728" lon="100.4298998">
      </trkpt>
      <trkpt lat="15.1435767" lon="100.4401429">
      </trkpt>
      <trkpt lat="15.1415111" lon="100.4420676">
      </trkpt>
      <trkpt lat="15.1409127" lon="100.4426072">
      </trkpt>
      <trkpt lat="15.1388048" lon="100.4445309">
      </trkpt>
      <trkpt lat="15.1323359" lon="100.4504444">
      </trkpt>
      <trkpt lat="15.1317685" lon="100.4509525">
      </trkpt>
      <trkpt lat="15.131416" lon="100.4512475">
      </trkpt>
      <trkpt lat="15.1292474" lon="100.4532559">
      </trkpt>
      <trkpt lat="15.1282411" lon="100.4542227">
      </trkpt>
      <trkpt lat="15.1281334" lon="100.4543215">
      </trkpt>
      <trkpt lat="15.127936" lon="100.4545055">
      </trkpt>
      <trkpt lat="15.1278911" lon="100.4545459">
      </trkpt>
      <trkpt lat="15.1277879" lon="100.4546401">
      </trkpt>
      <trkpt lat="15.1275949" lon="100.4548196">
      </trkpt>
      <trkpt lat="15.1261004" lon="100.4562154">
      </trkpt>
      <trkpt lat="15.1260196" lon="100.4562916">
      </trkpt>
      <trkpt lat="15.1252625" lon="100.4570192">
      </trkpt>
      <trkpt lat="15.1247923" lon="100.4574711">
      </trkpt>
      <trkpt lat="15.124273" lon="100.4579639">
      </trkpt>
      <trkpt lat="15.1222962" lon="100.4599485">
      </trkpt>
      <trkpt lat="15.1203472" lon="100.4618407">
      </trkpt>
      <trkpt lat="15.1199009" lon="100.462286">
      </trkpt>
      <trkpt lat="15.1194988" lon="100.462661">
      </trkpt>
      <trkpt lat="15.1186503" lon="100.4634554">
      </trkpt>
      <trkpt lat="15.1168844" lon="100.465238">
      </trkpt>
      <trkpt lat="15.1159453" lon="100.4661398">
      </trkpt>
      <trkpt lat="15.1140231" lon="100.4680043">
      </trkpt>
      <trkpt lat="15.1122657" lon="100.4696802">
      </trkpt>
      <trkpt lat="15.1110224" lon="100.4708867">
      </trkpt>
      <trkpt lat="15.1093563" lon="100.4725043">
      </trkpt>
      <trkpt lat="15.1082554" lon="100.473596">
      </trkpt>
      <trkpt lat="15.106711" lon="100.4750905">
      </trkpt>
      <trkpt lat="15.1055513" lon="100.4762044">
      </trkpt>
      <trkpt lat="15.1044646" lon="100.4772764">
      </trkpt>
      <trkpt lat="15.1034605" lon="100.4782626">
      </trkpt>
      <trkpt lat="15.1005916" lon="100.4810669">
      </trkpt>
      <trkpt lat="15.0987773" lon="100.4828171">
      </trkpt>
      <trkpt lat="15.0977584" lon="100.4838194">
      </trkpt>
      <trkpt lat="15.095315" lon="100.4861848">
      </trkpt>
      <trkpt lat="15.0936874" lon="100.4878029">
      </trkpt>
      <trkpt lat="15.0895223" lon="100.4918646">
      </trkpt>
      <trkpt lat="15.0846158" lon="100.4966546">
      </trkpt>
      <trkpt lat="15.080842" lon="100.5003258">
      </trkpt>
      <trkpt lat="15.0740766" lon="100.5069518">
      </trkpt>
      <trkpt lat="15.0724908" lon="100.5084912">
      </trkpt>
      <trkpt lat="15.070705" lon="100.5102156">
      </trkpt>
      <trkpt lat="15.0642609" lon="100.5165806">
      </trkpt>
      <trkpt lat="15.0636079" lon="100.5172078">
      </trkpt>
      <trkpt lat="15.0627297" lon="100.5180754">
      </trkpt>
      <trkpt lat="15.0627081" lon="100.5180963">
      </trkpt>
      <trkpt lat="15.0623617" lon="100.5184315">
      </trkpt>
      <trkpt lat="15.059471" lon="100.5212294">
      </trkpt>
      <trkpt lat="15.0491813" lon="100.5313037">
      </trkpt>
      <trkpt lat="15.0475719" lon="100.5327748">
      </trkpt>
      <trkpt lat="15.0461616" lon="100.5340639">
      </trkpt>
      <trkpt lat="15.0454457" lon="100.5347241">
      </trkpt>
      <trkpt lat="15.0451486" lon="100.5350062">
      </trkpt>
      <trkpt lat="15.0451178" lon="100.535037">
      </trkpt>
      <trkpt lat="15.0425749" lon="100.5375771">
      </trkpt>
      <trkpt lat="15.0424329" lon="100.5377117">
      </trkpt>
      <trkpt lat="15.0419922" lon="100.5381294">
      </trkpt>
      <trkpt lat="15.0406631" lon="100.5393893">
      </trkpt>
      <trkpt lat="15.038041" lon="100.5419601">
      </trkpt>
      <trkpt lat="15.0371131" lon="100.5428953">
      </trkpt>
      <trkpt lat="15.0368112" lon="100.5431995">
      </trkpt>
      <trkpt lat="15.0336829" lon="100.5462403">
      </trkpt>
      <trkpt lat="15.0313007" lon="100.5485825">
      </trkpt>
      <trkpt lat="15.0267968" lon="100.5530752">
      </trkpt>
      <trkpt lat="15.0244353" lon="100.5553845">
      </trkpt>
      <trkpt lat="15.0213007" lon="100.5584398">
      </trkpt>
      <trkpt lat="15.0157917" lon="100.5638712">
      </trkpt>
      <trkpt lat="15.0116619" lon="100.5678455">
      </trkpt>
      <trkpt lat="15.0112951" lon="100.5681586">
      </trkpt>
      <trkpt lat="15.0108628" lon="100.5684809">
      </trkpt>
      <trkpt lat="15.0102115" lon="100.5688986">
      </trkpt>
      <trkpt lat="15.009266" lon="100.5694123">
      </trkpt>
      <trkpt lat="15.0086611" lon="100.5697007">
      </trkpt>
      <trkpt lat="15.00817" lon="100.5699056">
      </trkpt>
      <trkpt lat="15.0074735" lon="100.5701485">
      </trkpt>
      <trkpt lat="15.0070962" lon="100.5702724">
      </trkpt>
      <trkpt lat="15.0066698" lon="100.5703867">
      </trkpt>
      <trkpt lat="15.0064735" lon="100.5704341">
      </trkpt>
      <trkpt lat="15.0062368" lon="100.5704885">
      </trkpt>
      <trkpt lat="15.0032196" lon="100.5711402">
      </trkpt>
      <trkpt lat="14.9983784" lon="100.572194">
      </trkpt>
      <trkpt lat="14.9948901" lon="100.5729543">
      </trkpt>
      <trkpt lat="14.9930805" lon="100.5733405">
      </trkpt>
      <trkpt lat="14.9916482" lon="100.5736447">
      </trkpt>
      <trkpt lat="14.9886212" lon="100.5743024">
      </trkpt>
      <trkpt lat="14.9852662" lon="100.5750463">
      </trkpt>
      <trkpt lat="14.9815048" lon="100.5758671">
      </trkpt>
      <trkpt lat="14.9761773" lon="100.5770214">
      </trkpt>
      <trkpt lat="14.9719511" lon="100.5779427">
      </trkpt>
      <trkpt lat="14.9708013" lon="100.5781919">
      </trkpt>
      <trkpt lat="14.9705599" lon="100.5782442">
      </trkpt>
      <trkpt lat="14.9653771" lon="100.5793675">
      </trkpt>
      <trkpt lat="14.9637974" lon="100.5797145">
      </trkpt>
      <trkpt lat="14.9637926" lon="100.5797155">
      </trkpt>
      <trkpt lat="14.9636369" lon="100.5797497">
      </trkpt>
      <trkpt lat="14.963632" lon="100.5797508">
      </trkpt>
      <trkpt lat="14.9623001" lon="100.5800433">
      </trkpt>
      <trkpt lat="14.9572605" lon="100.5811008">
      </trkpt>
      <trkpt lat="14.955172" lon="100.5815496">
      </trkpt>
      <trkpt lat="14.9494377" lon="100.5827818">
      </trkpt>
      <trkpt lat="14.9459177" lon="100.583553">
      </trkpt>
      <trkpt lat="14.94351" lon="100.5840736">
      </trkpt>
      <trkpt lat="14.9417661" lon="100.5844725">
      </trkpt>
      <trkpt lat="14.938339" lon="100.5852031">
      </trkpt>
      <trkpt lat="14.9363882" lon="100.5856206">
      </trkpt>
      <trkpt lat="14.9358425" lon="100.5857446">
      </trkpt>
      <trkpt lat="14.9331876" lon="100.5863266">
      </trkpt>
      <trkpt lat="14.9326351" lon="100.5864647">
      </trkpt>
      <trkpt lat="14.9316282" lon="100.5866651">
      </trkpt>
      <trkpt lat="14.9299175" lon="100.5870479">
      </trkpt>
      <trkpt lat="14.9278161" lon="100.5874958">
      </trkpt>
      <trkpt lat="14.9254281" lon="100.5879995">
      </trkpt>
      <trkpt lat="14.9227359" lon="100.5885966">
      </trkpt>
      <trkpt lat="14.9187899" lon="100.5894491">
      </trkpt>
      <trkpt lat="14.917808" lon="100.5896631">
      </trkpt>
      <trkpt lat="14.9096333" lon="100.5914493">
      </trkpt>
      <trkpt lat="14.9079487" lon="100.5918297">
      </trkpt>
      <trkpt lat="14.9051474" lon="100.5924664">
      </trkpt>
      <trkpt lat="14.9044224" lon="100.5926346">
      </trkpt>
      <trkpt lat="14.9038746" lon="100.5927578">
      </trkpt>
      <trkpt lat="14.9037662" lon="100.5927822">
      </trkpt>
      <trkpt lat="14.9037022" lon="100.5927966">
      </trkpt>
      <trkpt lat="14.9028999" lon="100.5930024">
      </trkpt>
      <trkpt lat="14.9025626" lon="100.593035">
      </trkpt>
      <trkpt lat="14.9017671" lon="100.5931847">
      </trkpt>
      <trkpt lat="14.9015951" lon="100.5932199">
      </trkpt>
      <trkpt lat="14.9009977" lon="100.5933909">
      </trkpt>
      <trkpt lat="14.8977506" lon="100.5941198">
      </trkpt>
      <trkpt lat="14.8971143" lon="100.5942418">
      </trkpt>
      <trkpt lat="14.8953733" lon="100.594623">
      </trkpt>
      <trkpt lat="14.8943945" lon="100.5948353">
      </trkpt>
      <trkpt lat="14.8922649" lon="100.5953133">
      </trkpt>
      <trkpt lat="14.8896724" lon="100.5958706">
      </trkpt>
      <trkpt lat="14.8851958" lon="100.596657">
      </trkpt>
      <trkpt lat="14.8833665" lon="100.5970748">
      </trkpt>
      <trkpt lat="14.8824628" lon="100.597274">
      </trkpt>
      <trkpt lat="14.8806578" lon="100.5976448">
      </trkpt>
      <trkpt lat="14.8790073" lon="100.5980046">
      </trkpt>
      <trkpt lat="14.8694311" lon="100.6000779">
      </trkpt>
      <trkpt lat="14.8670903" lon="100.6006035">
      </trkpt>
      <trkpt lat="14.8544789" lon="100.6032326">
      </trkpt>
      <trkpt lat="14.8520906" lon="100.603717">
      </trkpt>
      <trkpt lat="14.8487002" lon="100.6044866">
      </trkpt>
      <trkpt lat="14.8462937" lon="100.6050286">
      </trkpt>
      <trkpt lat="14.8432273" lon="100.6056841">
      </trkpt>
      <trkpt lat="14.8418571" lon="100.6059682">
      </trkpt>
      <trkpt lat="14.8402072" lon="100.6062942">
      </trkpt>
      <trkpt lat="14.8388293" lon="100.6065971">
      </trkpt>
      <trkpt lat="14.8349983" lon="100.6074393">
      </trkpt>
      <trkpt lat="14.8323228" lon="100.6080699">
      </trkpt>
      <trkpt lat="14.8297961" lon="100.6086655">
      </trkpt>
      <trkpt lat="14.829595" lon="100.6087091">
      </trkpt>
      <trkpt lat="14.8157061" lon="100.6117236">
      </trkpt>
      <trkpt lat="14.815381" lon="100.6117949">
      </trkpt>
      <trkpt lat="14.8089432" lon="100.6131831">
      </trkpt>
      <trkpt lat="14.808638" lon="100.6132493">
      </trkpt>
      <trkpt lat="14.8086083" lon="100.6132556">
      </trkpt>
      <trkpt lat="14.8068661" lon="100.6136379">
      </trkpt>
      <trkpt lat="14.8024569" lon="100.6146056">
      </trkpt>
      <trkpt lat="14.8022207" lon="100.6146508">
      </trkpt>
      <trkpt lat="14.8018841" lon="100.6147247">
      </trkpt>
      <trkpt lat="14.8017197" lon="100.6147586">
      </trkpt>
      <trkpt lat="14.798517" lon="100.6154198">
      </trkpt>
      <trkpt lat="14.7952758" lon="100.6161404">
      </trkpt>
      <trkpt lat="14.7936584" lon="100.6164857">
      </trkpt>
      <trkpt lat="14.7933045" lon="100.6165773">
      </trkpt>
      <trkpt lat="14.7928032" lon="100.6166843">
      </trkpt>
      <trkpt lat="14.7915533" lon="100.6169544">
      </trkpt>
      <trkpt lat="14.7914826" lon="100.6169653">
      </trkpt>
      <trkpt lat="14.7913066" lon="100.6169967">
      </trkpt>
      <trkpt lat="14.7906357" lon="100.6171656">
      </trkpt>
      <trkpt lat="14.7898368" lon="100.6173958">
      </trkpt>
      <trkpt lat="14.7888627" lon="100.6177274">
      </trkpt>
      <trkpt lat="14.7880693" lon="100.6180903">
      </trkpt>
      <trkpt lat="14.7873238" lon="100.6184654">
      </trkpt>
      <trkpt lat="14.7865777" lon="100.6189281">
      </trkpt>
      <trkpt lat="14.7852287" lon="100.6199598">
      </trkpt>
      <trkpt lat="14.762681" lon="100.6403306">
      </trkpt>
      <trkpt lat="14.762645" lon="100.6403665">
      </trkpt>
      <trkpt lat="14.7626349" lon="100.6403757">
      </trkpt>
      <trkpt lat="14.7625804" lon="100.6404261">
      </trkpt>
      <trkpt lat="14.7596944" lon="100.6430903">
      </trkpt>
      <trkpt lat="14.7595245" lon="100.6432432">
      </trkpt>
      <trkpt lat="14.7592342" lon="100.6435079">
      </trkpt>
      <trkpt lat="14.7544503" lon="100.6478492">
      </trkpt>
      <trkpt lat="14.7247607" lon="100.6747898">
      </trkpt>
      <trkpt lat="14.7238692" lon="100.6756">
      </trkpt>
      <trkpt lat="14.7231591" lon="100.6762279">
      </trkpt>
      <trkpt lat="14.7230895" lon="100.6762859">
      </trkpt>
      <trkpt lat="14.721434" lon="100.6777749">
      </trkpt>
      <trkpt lat="14.7209145" lon="100.6782474">
      </trkpt>
      <trkpt lat="14.7208456" lon="100.67831">
      </trkpt>
      <trkpt lat="14.7206249" lon="100.6785104">
      </trkpt>
      <trkpt lat="14.720573" lon="100.6785576">
      </trkpt>
      <trkpt lat="14.720041" lon="100.6790406">
      </trkpt>
      <trkpt lat="14.7165193" lon="100.6822177">
      </trkpt>
      <trkpt lat="14.7158256" lon="100.6828436">
      </trkpt>
      <trkpt lat="14.7058465" lon="100.6918794">
      </trkpt>
      <trkpt lat="14.6974703" lon="100.6994347">
      </trkpt>
      <trkpt lat="14.6970853" lon="100.6997942">
      </trkpt>
      <trkpt lat="14.6967182" lon="100.700122">
      </trkpt>
      <trkpt lat="14.696324" lon="100.7004395">
      </trkpt>
      <trkpt lat="14.6958534" lon="100.7007788">
      </trkpt>
      <trkpt lat="14.6953099" lon="100.7011067">
      </trkpt>
      <trkpt lat="14.6942345" lon="100.7016933">
      </trkpt>
      <trkpt lat="14.6936538" lon="100.7019563">
      </trkpt>
      <trkpt lat="14.6902233" lon="100.7033934">
      </trkpt>
      <trkpt lat="14.6878122" lon="100.7044009">
      </trkpt>
      <trkpt lat="14.6871184" lon="100.7046908">
      </trkpt>
      <trkpt lat="14.686896" lon="100.7047851">
      </trkpt>
      <trkpt lat="14.6867351" lon="100.7048533">
      </trkpt>
      <trkpt lat="14.6842793" lon="100.705894">
      </trkpt>
      <trkpt lat="14.6836252" lon="100.7061712">
      </trkpt>
      <trkpt lat="14.6832179" lon="100.706343">
      </trkpt>
      <trkpt lat="14.682606" lon="100.7065964">
      </trkpt>
      <trkpt lat="14.6774602" lon="100.7087718">
      </trkpt>
      <trkpt lat="14.676306" lon="100.7092587">
      </trkpt>
      <trkpt lat="14.66748" lon="100.7130106">
      </trkpt>
      <trkpt lat="14.6588447" lon="100.7166841">
      </trkpt>
      <trkpt lat="14.6477603" lon="100.7214149">
      </trkpt>
      <trkpt lat="14.6440602" lon="100.722985">
      </trkpt>
      <trkpt lat="14.6405399" lon="100.7244802">
      </trkpt>
      <trkpt lat="14.6389886" lon="100.7251382">
      </trkpt>
      <trkpt lat="14.6366736" lon="100.7261432">
      </trkpt>
      <trkpt lat="14.6363061" lon="100.726294">
      </trkpt>
      <trkpt lat="14.6358923" lon="100.726468">
      </trkpt>
      <trkpt lat="14.6355239" lon="100.7266152">
      </trkpt>
      <trkpt lat="14.6351544" lon="100.7267401">
      </trkpt>
      <trkpt lat="14.6348132" lon="100.7268426">
      </trkpt>
      <trkpt lat="14.6343974" lon="100.726954">
      </trkpt>
      <trkpt lat="14.6341653" lon="100.7270022">
      </trkpt>
      <trkpt lat="14.633934" lon="100.7270411">
      </trkpt>
      <trkpt lat="14.6337222" lon="100.7270776">
      </trkpt>
      <trkpt lat="14.6333973" lon="100.7271196">
      </trkpt>
      <trkpt lat="14.6331241" lon="100.7271494">
      </trkpt>
      <trkpt lat="14.6329331" lon="100.7271618">
      </trkpt>
      <trkpt lat="14.6326969" lon="100.7271696">
      </trkpt>
      <trkpt lat="14.6324571" lon="100.7271693">
      </trkpt>
      <trkpt lat="14.6321617" lon="100.7271649">
      </trkpt>
      <trkpt lat="14.6313528" lon="100.7271221">
      </trkpt>
      <trkpt lat="14.627841" lon="100.7269776">
      </trkpt>
      <trkpt lat="14.6276852" lon="100.7269681">
      </trkpt>
      <trkpt lat="14.6243609" lon="100.7268168">
      </trkpt>
      <trkpt lat="14.6231391" lon="100.7267614">
      </trkpt>
      <trkpt lat="14.6227182" lon="100.7267423">
      </trkpt>
      <trkpt lat="14.6215525" lon="100.7266894">
      </trkpt>
      <trkpt lat="14.6176078" lon="100.7264922">
      </trkpt>
      <trkpt lat="14.6167336" lon="100.7264557">
      </trkpt>
      <trkpt lat="14.6158043" lon="100.726415">
      </trkpt>
      <trkpt lat="14.6124417" lon="100.7262678">
      </trkpt>
      <trkpt lat="14.6118478" lon="100.7262418">
      </trkpt>
      <trkpt lat="14.6113998" lon="100.7262222">
      </trkpt>
      <trkpt lat="14.6110355" lon="100.7262062">
      </trkpt>
      <trkpt lat="14.6077759" lon="100.7260503">
      </trkpt>
      <trkpt lat="14.582244" lon="100.7250046">
      </trkpt>
      <trkpt lat="14.5820283" lon="100.7249951">
      </trkpt>
      <trkpt lat="14.5666438" lon="100.7243847">
      </trkpt>
      <trkpt lat="14.5664672" lon="100.7243788">
      </trkpt>
      <trkpt lat="14.5651636" lon="100.724335">
      </trkpt>
      <trkpt lat="14.5645703" lon="100.7243451">
      </trkpt>
      <trkpt lat="14.5633293" lon="100.7243996">
      </trkpt>
      <trkpt lat="14.5628385" lon="100.7244182">
      </trkpt>
      <trkpt lat="14.5624805" lon="100.7244318">
      </trkpt>
      <trkpt lat="14.5620411" lon="100.7244514">
      </trkpt>
      <trkpt lat="14.561528" lon="100.7244742">
      </trkpt>
      <trkpt lat="14.5604449" lon="100.7245379">
      </trkpt>
      <trkpt lat="14.5589322" lon="100.7246168">
      </trkpt>
      <trkpt lat="14.5579204" lon="100.7246535">
      </trkpt>
      <trkpt lat="14.5531873" lon="100.7248342">
      </trkpt>
      <trkpt lat="14.5325188" lon="100.7258458">
      </trkpt>
      <trkpt lat="14.5299225" lon="100.7259795">
      </trkpt>
      <trkpt lat="14.529872" lon="100.7259825">
      </trkpt>
      <trkpt lat="14.5295669" lon="100.7260003">
      </trkpt>
      <trkpt lat="14.5295168" lon="100.7260032">
      </trkpt>
      <trkpt lat="14.5293596" lon="100.7260113">
      </trkpt>
      <trkpt lat="14.5194458" lon="100.7265217">
      </trkpt>
      <trkpt lat="14.5099416" lon="100.7269938">
      </trkpt>
      <trkpt lat="14.5098517" lon="100.7269983">
      </trkpt>
      <trkpt lat="14.5065408" lon="100.7271628">
      </trkpt>
      <trkpt lat="14.5056849" lon="100.7272053">
      </trkpt>
      <trkpt lat="14.5047391" lon="100.7272499">
      </trkpt>
      <trkpt lat="14.5013387" lon="100.7274101">
      </trkpt>
      <trkpt lat="14.5009801" lon="100.727427">
      </trkpt>
      <trkpt lat="14.4972893" lon="100.7276009">
      </trkpt>
      <trkpt lat="14.4939577" lon="100.7277579">
      </trkpt>
      <trkpt lat="14.4858915" lon="100.728138">
      </trkpt>
      <trkpt lat="14.4794955" lon="100.7284382">
      </trkpt>
      <trkpt lat="14.4707491" lon="100.728838">
      </trkpt>
      <trkpt lat="14.4692468" lon="100.7289038">
      </trkpt>
      <trkpt lat="14.4692036" lon="100.7289057">
      </trkpt>
      <trkpt lat="14.4691093" lon="100.7289077">
      </trkpt>
      <trkpt lat="14.4690699" lon="100.7289096">
      </trkpt>
      <trkpt lat="14.4643864" lon="100.7291018">
      </trkpt>
      <trkpt lat="14.4641209" lon="100.7291228">
      </trkpt>
      <trkpt lat="14.4634742" lon="100.7291507">
      </trkpt>
      <trkpt lat="14.4632345" lon="100.7291655">
      </trkpt>
      <trkpt lat="14.4610231" lon="100.7292643">
      </trkpt>
      <trkpt lat="14.4605105" lon="100.7292857">
      </trkpt>
      <trkpt lat="14.4594732" lon="100.7293371">
      </trkpt>
      <trkpt lat="14.4590116" lon="100.7293425">
      </trkpt>
      <trkpt lat="14.4586737" lon="100.7293137">
      </trkpt>
      <trkpt lat="14.4583831" lon="100.7292708">
      </trkpt>
      <trkpt lat="14.4581335" lon="100.7292203">
      </trkpt>
      <trkpt lat="14.4575771" lon="100.7290705">
      </trkpt>
      <trkpt lat="14.4572659" lon="100.7289467">
      </trkpt>
      <trkpt lat="14.4569085" lon="100.728792">
      </trkpt>
      <trkpt lat="14.4565271" lon="100.728576">
      </trkpt>
      <trkpt lat="14.4561092" lon="100.7283145">
      </trkpt>
      <trkpt lat="14.4556923" lon="100.7279799">
      </trkpt>
      <trkpt lat="14.4553954" lon="100.7276651">
      </trkpt>
      <trkpt lat="14.4550704" lon="100.7272964">
      </trkpt>
      <trkpt lat="14.4548001" lon="100.7269696">
      </trkpt>
      <trkpt lat="14.4546652" lon="100.7268165">
      </trkpt>
      <trkpt lat="14.454496" lon="100.7266033">
      </trkpt>
      <trkpt lat="14.454459" lon="100.7265439">
      </trkpt>
      <trkpt lat="14.4543466" lon="100.7263744">
      </trkpt>
      <trkpt lat="14.4540739" lon="100.7259629">
      </trkpt>
      <trkpt lat="14.4522177" lon="100.7229489">
      </trkpt>
      <trkpt lat="14.4508865" lon="100.7207911">
      </trkpt>
      <trkpt lat="14.4471115" lon="100.7148596">
      </trkpt>
      <trkpt lat="14.446675" lon="100.7141738">
      </trkpt>
      <trkpt lat="14.4461514" lon="100.7133371">
      </trkpt>
      <trkpt lat="14.4460524" lon="100.7131789">
      </trkpt>
      <trkpt lat="14.4454066" lon="100.7121469">
      </trkpt>
      <trkpt lat="14.4452129" lon="100.7118373">
      </trkpt>
      <trkpt lat="14.4431272" lon="100.7085044">
      </trkpt>
      <trkpt lat="14.4422105" lon="100.7070527">
      </trkpt>
      <trkpt lat="14.4321674" lon="100.6910745">
      </trkpt>
      <trkpt lat="14.4320039" lon="100.6908161">
      </trkpt>
      <trkpt lat="14.4318806" lon="100.6906138">
      </trkpt>
      <trkpt lat="14.431683" lon="100.6903059">
      </trkpt>
      <trkpt lat="14.428684" lon="100.6855685">
      </trkpt>
      <trkpt lat="14.427246" lon="100.6832845">
      </trkpt>
      <trkpt lat="14.4270718" lon="100.6830078">
      </trkpt>
      <trkpt lat="14.4268929" lon="100.6827237">
      </trkpt>
      <trkpt lat="14.4263864" lon="100.6819192">
      </trkpt>
      <trkpt lat="14.4263419" lon="100.6818478">
      </trkpt>
      <trkpt lat="14.4261055" lon="100.6814779">
      </trkpt>
      <trkpt lat="14.4257471" lon="100.6809056">
      </trkpt>
      <trkpt lat="14.4247712" lon="100.679306">
      </trkpt>
      <trkpt lat="14.4245481" lon="100.6789044">
      </trkpt>
      <trkpt lat="14.4243633" lon="100.6785503">
      </trkpt>
      <trkpt lat="14.4240959" lon="100.6779843">
      </trkpt>
      <trkpt lat="14.423139" lon="100.6758628">
      </trkpt>
      <trkpt lat="14.4190347" lon="100.6668282">
      </trkpt>
      <trkpt lat="14.4161183" lon="100.6603963">
      </trkpt>
      <trkpt lat="14.4160916" lon="100.6603363">
      </trkpt>
      <trkpt lat="14.4159804" lon="100.6600973">
      </trkpt>
      <trkpt lat="14.4159465" lon="100.6600154">
      </trkpt>
      <trkpt lat="14.415322" lon="100.6586478">
      </trkpt>
      <trkpt lat="14.4147952" lon="100.6574902">
      </trkpt>
      <trkpt lat="14.4096196" lon="100.6461547">
      </trkpt>
      <trkpt lat="14.409431" lon="100.6457368">
      </trkpt>
      <trkpt lat="14.4069595" lon="100.6409927">
      </trkpt>
      <trkpt lat="14.40525" lon="100.6376996">
      </trkpt>
      <trkpt lat="14.4049492" lon="100.6371199">
      </trkpt>
      <trkpt lat="14.4033514" lon="100.634042">
      </trkpt>
      <trkpt lat="14.4031333" lon="100.6336238">
      </trkpt>
      <trkpt lat="14.4010857" lon="100.6296984">
      </trkpt>
      <trkpt lat="14.40081" lon="100.6291735">
      </trkpt>
      <trkpt lat="14.3934135" lon="100.6150893">
      </trkpt>
      <trkpt lat="14.3931267" lon="100.6145195">
      </trkpt>
      <trkpt lat="14.3930027" lon="100.6142792">
      </trkpt>
      <trkpt lat="14.3919609" lon="100.6122186">
      </trkpt>
      <trkpt lat="14.3896317" lon="100.6077274">
      </trkpt>
      <trkpt lat="14.3877788" lon="100.6041779">
      </trkpt>
      <trkpt lat="14.387626" lon="100.6038852">
      </trkpt>
      <trkpt lat="14.3875052" lon="100.6036538">
      </trkpt>
      <trkpt lat="14.3845918" lon="100.5980728">
      </trkpt>
      <trkpt lat="14.3841155" lon="100.5971597">
      </trkpt>
      <trkpt lat="14.3840574" lon="100.5970483">
      </trkpt>
      <trkpt lat="14.3836306" lon="100.59623">
      </trkpt>
      <trkpt lat="14.3833812" lon="100.5957519">
      </trkpt>
      <trkpt lat="14.382936" lon="100.5948983">
      </trkpt>
      <trkpt lat="14.3821563" lon="100.59342">
      </trkpt>
      <trkpt lat="14.3820092" lon="100.5931382">
      </trkpt>
      <trkpt lat="14.3818707" lon="100.5928728">
      </trkpt>
      <trkpt lat="14.3814624" lon="100.592207">
      </trkpt>
      <trkpt lat="14.3809967" lon="100.5915663">
      </trkpt>
      <trkpt lat="14.3805206" lon="100.5910175">
      </trkpt>
      <trkpt lat="14.3800755" lon="100.5905753">
      </trkpt>
      <trkpt lat="14.3795305" lon="100.5901026">
      </trkpt>
      <trkpt lat="14.3789603" lon="100.589678">
      </trkpt>
      <trkpt lat="14.3783967" lon="100.5893132">
      </trkpt>
      <trkpt lat="14.3778369" lon="100.5890305">
      </trkpt>
      <trkpt lat="14.377043" lon="100.5887078">
      </trkpt>
      <trkpt lat="14.3763259" lon="100.5885023">
      </trkpt>
      <trkpt lat="14.373893" lon="100.5879149">
      </trkpt>
      <trkpt lat="14.3729717" lon="100.5877221">
      </trkpt>
      <trkpt lat="14.372535" lon="100.5876114">
      </trkpt>
      <trkpt lat="14.3719827" lon="100.5874657">
      </trkpt>
      <trkpt lat="14.3714204" lon="100.5872873">
      </trkpt>
      <trkpt lat="14.3708205" lon="100.5870175">
      </trkpt>
      <trkpt lat="14.3670676" lon="100.5850724">
      </trkpt>
      <trkpt lat="14.3662193" lon="100.5846782">
      </trkpt>
      <trkpt lat="14.3659145" lon="100.5845366">
      </trkpt>
      <trkpt lat="14.3656581" lon="100.5844174">
      </trkpt>
      <trkpt lat="14.3654802" lon="100.5843347">
      </trkpt>
      <trkpt lat="14.364089" lon="100.5837106">
      </trkpt>
      <trkpt lat="14.3634561" lon="100.583438">
      </trkpt>
      <trkpt lat="14.3631332" lon="100.5833287">
      </trkpt>
      <trkpt lat="14.3629243" lon="100.583267">
      </trkpt>
      <trkpt lat="14.3621408" lon="100.5831117">
      </trkpt>
      <trkpt lat="14.3615527" lon="100.5830526">
      </trkpt>
      <trkpt lat="14.3610219" lon="100.5830157">
      </trkpt>
      <trkpt lat="14.3605174" lon="100.5829952">
      </trkpt>
      <trkpt lat="14.3581385" lon="100.5831119">
      </trkpt>
      <trkpt lat="14.3569699" lon="100.5831693">
      </trkpt>
      <trkpt lat="14.3567876" lon="100.5831782">
      </trkpt>
      <trkpt lat="14.3567376" lon="100.5831807">
      </trkpt>
      <trkpt lat="14.3566955" lon="100.5831353">
      </trkpt>
      <trkpt lat="14.3566833" lon="100.5831359">
      </trkpt>
      <trkpt lat="14.3566051" lon="100.5831391">
      </trkpt>
      <trkpt lat="14.3563955" lon="100.5831478">
      </trkpt>
      <trkpt lat="14.3555705" lon="100.583182">
      </trkpt>
      <trkpt lat="14.3551544" lon="100.5831993">
      </trkpt>
      <trkpt lat="14.354938" lon="100.583207">
      </trkpt>
      <trkpt lat="14.3546296" lon="100.5832188">
      </trkpt>
      <trkpt lat="14.3536764" lon="100.5832839">
      </trkpt>
      <trkpt lat="14.3526501" lon="100.5834848">
      </trkpt>
      <trkpt lat="14.3521849" lon="100.5835771">
      </trkpt>
      <trkpt lat="14.3480954" lon="100.5846253">
      </trkpt>
      <trkpt lat="14.3476699" lon="100.5847383">
      </trkpt>
      <trkpt lat="14.3469486" lon="100.5849214">
      </trkpt>
      <trkpt lat="14.3466498" lon="100.58496">
      </trkpt>
      <trkpt lat="14.3464876" lon="100.584981">
      </trkpt>
      <trkpt lat="14.3461955" lon="100.5850056">
      </trkpt>
      <trkpt lat="14.3458994" lon="100.5850181">
      </trkpt>
      <trkpt lat="14.3455357" lon="100.5850186">
      </trkpt>
      <trkpt lat="14.345038" lon="100.5849859">
      </trkpt>
      <trkpt lat="14.3448655" lon="100.584957">
      </trkpt>
      <trkpt lat="14.3446256" lon="100.5849239">
      </trkpt>
      <trkpt lat="14.3440234" lon="100.5848165">
      </trkpt>
      <trkpt lat="14.3433976" lon="100.5846823">
      </trkpt>
      <trkpt lat="14.3410651" lon="100.5841653">
      </trkpt>
      <trkpt lat="14.3407593" lon="100.5840976">
      </trkpt>
      <trkpt lat="14.3352241" lon="100.5828707">
      </trkpt>
      <trkpt lat="14.3347682" lon="100.5827831">
      </trkpt>
      <trkpt lat="14.3343007" lon="100.5827446">
      </trkpt>
      <trkpt lat="14.3336456" lon="100.5827174">
      </trkpt>
      <trkpt lat="14.3329856" lon="100.5827456">
      </trkpt>
      <trkpt lat="14.3203194" lon="100.5842081">
      </trkpt>
      <trkpt lat="14.3145668" lon="100.5848851">
      </trkpt>
      <trkpt lat="14.3076164" lon="100.5856914">
      </trkpt>
      <trkpt lat="14.3021048" lon="100.5863325">
      </trkpt>
      <trkpt lat="14.3019352" lon="100.5863523">
      </trkpt>
      <trkpt lat="14.2821387" lon="100.5886549">
      </trkpt>
      <trkpt lat="14.2800986" lon="100.5888922">
      </trkpt>
      <trkpt lat="14.2798017" lon="100.5889312">
      </trkpt>
      <trkpt lat="14.2789975" lon="100.589037">
      </trkpt>
      <trkpt lat="14.2786632" lon="100.589069">
      </trkpt>
      <trkpt lat="14.2783612" lon="100.5890889">
      </trkpt>
      <trkpt lat="14.2781869" lon="100.5891011">
      </trkpt>
      <trkpt lat="14.2780324" lon="100.5891003">
      </trkpt>
      <trkpt lat="14.2778031" lon="100.5890916">
      </trkpt>
      <trkpt lat="14.2774622" lon="100.589071">
      </trkpt>
      <trkpt lat="14.2769718" lon="100.5890211">
      </trkpt>
      <trkpt lat="14.27544" lon="100.5888354">
      </trkpt>
      <trkpt lat="14.2736386" lon="100.588613">
      </trkpt>
      <trkpt lat="14.272714" lon="100.5885064">
      </trkpt>
      <trkpt lat="14.2716075" lon="100.5883807">
      </trkpt>
      <trkpt lat="14.2702495" lon="100.5882252">
      </trkpt>
      <trkpt lat="14.2687952" lon="100.5880518">
      </trkpt>
      <trkpt lat="14.2674232" lon="100.5878854">
      </trkpt>
      <trkpt lat="14.2660443" lon="100.5877226">
      </trkpt>
      <trkpt lat="14.264415" lon="100.587528">
      </trkpt>
      <trkpt lat="14.2629058" lon="100.587351">
      </trkpt>
      <trkpt lat="14.2615989" lon="100.5871917">
      </trkpt>
      <trkpt lat="14.259887" lon="100.5869803">
      </trkpt>
      <trkpt lat="14.2582571" lon="100.5867871">
      </trkpt>
      <trkpt lat="14.2507525" lon="100.5858777">
      </trkpt>
      <trkpt lat="14.2466952" lon="100.585384">
      </trkpt>
      <trkpt lat="14.2465282" lon="100.5853653">
      </trkpt>
      <trkpt lat="14.2444467" lon="100.5851325">
      </trkpt>
      <trkpt lat="14.2393612" lon="100.5845143">
      </trkpt>
      <trkpt lat="14.2382776" lon="100.5843851">
      </trkpt>
      <trkpt lat="14.2353932" lon="100.584037">
      </trkpt>
      <trkpt lat="14.2342661" lon="100.5839064">
      </trkpt>
      <trkpt lat="14.233966" lon="100.5838667">
      </trkpt>
      <trkpt lat="14.2269041" lon="100.5830215">
      </trkpt>
      <trkpt lat="14.2260112" lon="100.582919">
      </trkpt>
      <trkpt lat="14.224277" lon="100.5827146">
      </trkpt>
      <trkpt lat="14.2239465" lon="100.5826757">
      </trkpt>
      <trkpt lat="14.2174819" lon="100.5819138">
      </trkpt>
      <trkpt lat="14.2173453" lon="100.5818939">
      </trkpt>
      <trkpt lat="14.2126611" lon="100.5813517">
      </trkpt>
      <trkpt lat="14.2073788" lon="100.5807282">
      </trkpt>
      <trkpt lat="14.2064846" lon="100.5806239">
      </trkpt>
      <trkpt lat="14.2037" lon="100.5803165">
      </trkpt>
      <trkpt lat="14.1948771" lon="100.579295">
      </trkpt>
      <trkpt lat="14.192933" lon="100.5790516">
      </trkpt>
      <trkpt lat="14.1928208" lon="100.5790388">
      </trkpt>
      <trkpt lat="14.1905769" lon="100.5787823">
      </trkpt>
      <trkpt lat="14.1876142" lon="100.5784084">
      </trkpt>
      <trkpt lat="14.1863612" lon="100.5782612">
      </trkpt>
      <trkpt lat="14.1858561" lon="100.5782046">
      </trkpt>
      <trkpt lat="14.183478" lon="100.5779382">
      </trkpt>
      <trkpt lat="14.1830901" lon="100.5779">
      </trkpt>
      <trkpt lat="14.1827755" lon="100.5778691">
      </trkpt>
      <trkpt lat="14.1826015" lon="100.5778484">
      </trkpt>
      <trkpt lat="14.1823096" lon="100.5778137">
      </trkpt>
      <trkpt lat="14.1814616" lon="100.5777182">
      </trkpt>
      <trkpt lat="14.1812208" lon="100.5776903">
      </trkpt>
      <trkpt lat="14.1808995" lon="100.5776529">
      </trkpt>
      <trkpt lat="14.1806045" lon="100.5776151">
      </trkpt>
      <trkpt lat="14.1767673" lon="100.5771621">
      </trkpt>
      <trkpt lat="14.176217" lon="100.577095">
      </trkpt>
      <trkpt lat="14.1757553" lon="100.5770445">
      </trkpt>
      <trkpt lat="14.1755079" lon="100.5770194">
      </trkpt>
      <trkpt lat="14.1752938" lon="100.5770041">
      </trkpt>
      <trkpt lat="14.1743747" lon="100.5769719">
      </trkpt>
      <trkpt lat="14.1741638" lon="100.57697">
      </trkpt>
      <trkpt lat="14.1737718" lon="100.5769747">
      </trkpt>
      <trkpt lat="14.1732616" lon="100.5769903">
      </trkpt>
      <trkpt lat="14.1728159" lon="100.5770338">
      </trkpt>
      <trkpt lat="14.1721765" lon="100.5771002">
      </trkpt>
      <trkpt lat="14.1643441" lon="100.5780059">
      </trkpt>
      <trkpt lat="14.1570282" lon="100.578878">
      </trkpt>
      <trkpt lat="14.1542275" lon="100.5792362">
      </trkpt>
      <trkpt lat="14.1358633" lon="100.5813698">
      </trkpt>
      <trkpt lat="14.1354319" lon="100.5814199">
      </trkpt>
      <trkpt lat="14.1352371" lon="100.5814447">
      </trkpt>
      <trkpt lat="14.1335926" lon="100.5816539">
      </trkpt>
      <trkpt lat="14.1330756" lon="100.5817145">
      </trkpt>
      <trkpt lat="14.1326529" lon="100.581764">
      </trkpt>
      <trkpt lat="14.1318973" lon="100.5818608">
      </trkpt>
      <trkpt lat="14.1305358" lon="100.5820351">
      </trkpt>
      <trkpt lat="14.1287846" lon="100.5822285">
      </trkpt>
      <trkpt lat="14.1285432" lon="100.5822537">
      </trkpt>
      <trkpt lat="14.1272469" lon="100.5824251">
      </trkpt>
      <trkpt lat="14.1136816" lon="100.5840323">
      </trkpt>
      <trkpt lat="14.0962081" lon="100.5860992">
      </trkpt>
      <trkpt lat="14.0960994" lon="100.5861101">
      </trkpt>
      <trkpt lat="14.090282" lon="100.586798">
      </trkpt>
      <trkpt lat="14.0901179" lon="100.5868178">
      </trkpt>
      <trkpt lat="14.089886" lon="100.5868518">
      </trkpt>
      <trkpt lat="14.0795646" lon="100.5884775">
      </trkpt>
      <trkpt lat="14.0793369" lon="100.5885128">
      </trkpt>
      <trkpt lat="14.0616923" lon="100.5912517">
      </trkpt>
      <trkpt lat="14.0611278" lon="100.5913408">
      </trkpt>
      <trkpt lat="14.0577544" lon="100.5918829">
      </trkpt>
      <trkpt lat="14.0573104" lon="100.5919542">
      </trkpt>
      <trkpt lat="14.0553868" lon="100.5922529">
      </trkpt>
      <trkpt lat="14.0515474" lon="100.5928305">
      </trkpt>
      <trkpt lat="14.0510745" lon="100.5929034">
      </trkpt>
      <trkpt lat="14.0505597" lon="100.5929862">
      </trkpt>
      <trkpt lat="14.0501423" lon="100.5930645">
      </trkpt>
      <trkpt lat="14.0497633" lon="100.5931292">
      </trkpt>
      <trkpt lat="14.0493474" lon="100.5932054">
      </trkpt>
      <trkpt lat="14.0490232" lon="100.5932715">
      </trkpt>
      <trkpt lat="14.0487518" lon="100.5933241">
      </trkpt>
      <trkpt lat="14.0484873" lon="100.5933891">
      </trkpt>
      <trkpt lat="14.0482254" lon="100.5934446">
      </trkpt>
      <trkpt lat="14.047686" lon="100.5935602">
      </trkpt>
      <trkpt lat="14.0424347" lon="100.5946118">
      </trkpt>
      <trkpt lat="14.0300336" lon="100.5971125">
      </trkpt>
      <trkpt lat="14.0296852" lon="100.5971879">
      </trkpt>
      <trkpt lat="14.0293659" lon="100.5972527">
      </trkpt>
      <trkpt lat="14.0291179" lon="100.5972963">
      </trkpt>
      <trkpt lat="14.0289304" lon="100.5973251">
      </trkpt>
      <trkpt lat="14.0285473" lon="100.5973784">
      </trkpt>
      <trkpt lat="14.0231677" lon="100.5980653">
      </trkpt>
      <trkpt lat="14.0186405" lon="100.5986228">
      </trkpt>
      <trkpt lat="14.0184807" lon="100.5986423">
      </trkpt>
      <trkpt lat="14.0105454" lon="100.5996377">
      </trkpt>
      <trkpt lat="14.0070835" lon="100.6000661">
      </trkpt>
      <trkpt lat="14.0034783" lon="100.6005142">
      </trkpt>
      <trkpt lat="13.9971815" lon="100.6012922">
      </trkpt>
      <trkpt lat="13.995918" lon="100.6014547">
      </trkpt>
      <trkpt lat="13.9952057" lon="100.6015391">
      </trkpt>
      <trkpt lat="13.9942231" lon="100.6016555">
      </trkpt>
      <trkpt lat="13.9939539" lon="100.6016889">
      </trkpt>
      <trkpt lat="13.9919048" lon="100.6019253">
      </trkpt>
      <trkpt lat="13.9914087" lon="100.6019825">
      </trkpt>
      <trkpt lat="13.9905386" lon="100.602092">
      </trkpt>
      <trkpt lat="13.9891613" lon="100.6022654">
      </trkpt>
      <trkpt lat="13.9881131" lon="100.6023973">
      </trkpt>
      <trkpt lat="13.9878853" lon="100.6024316">
      </trkpt>
      <trkpt lat="13.9874972" lon="100.6025">
      </trkpt>
      <trkpt lat="13.9867857" lon="100.6025831">
      </trkpt>
      <trkpt lat="13.9818669" lon="100.6032021">
      </trkpt>
      <trkpt lat="13.9808176" lon="100.6033212">
      </trkpt>
      <trkpt lat="13.9804265" lon="100.6033699">
      </trkpt>
      <trkpt lat="13.971788" lon="100.604416">
      </trkpt>
      <trkpt lat="13.9716622" lon="100.604431">
      </trkpt>
      <trkpt lat="13.9593001" lon="100.6059676">
      </trkpt>
      <trkpt lat="13.9592004" lon="100.6059798">
      </trkpt>
      <trkpt lat="13.9537114" lon="100.6066547">
      </trkpt>
      <trkpt lat="13.9507403" lon="100.6070345">
      </trkpt>
      <trkpt lat="13.9505005" lon="100.6070702">
      </trkpt>
      <trkpt lat="13.9487727" lon="100.6073533">
      </trkpt>
      <trkpt lat="13.9484619" lon="100.6073992">
      </trkpt>
      <trkpt lat="13.948326" lon="100.6074219">
      </trkpt>
      <trkpt lat="13.9481661" lon="100.6074428">
      </trkpt>
      <trkpt lat="13.9477306" lon="100.6074906">
      </trkpt>
      <trkpt lat="13.947433" lon="100.6075294">
      </trkpt>
      <trkpt lat="13.9469323" lon="100.6075971">
      </trkpt>
      <trkpt lat="13.9464744" lon="100.6076556">
      </trkpt>
      <trkpt lat="13.9463102" lon="100.6076766">
      </trkpt>
      <trkpt lat="13.9454401" lon="100.6077859">
      </trkpt>
      <trkpt lat="13.9419359" lon="100.6082262">
      </trkpt>
      <trkpt lat="13.9389603" lon="100.6085816">
      </trkpt>
      <trkpt lat="13.9384813" lon="100.6086258">
      </trkpt>
      <trkpt lat="13.9380345" lon="100.608648">
      </trkpt>
      <trkpt lat="13.9374242" lon="100.6086426">
      </trkpt>
      <trkpt lat="13.9369201" lon="100.608624">
      </trkpt>
      <trkpt lat="13.9366779" lon="100.6086045">
      </trkpt>
      <trkpt lat="13.9364188" lon="100.6085808">
      </trkpt>
      <trkpt lat="13.9362095" lon="100.6085568">
      </trkpt>
      <trkpt lat="13.9360056" lon="100.6085306">
      </trkpt>
      <trkpt lat="13.9357519" lon="100.6084953">
      </trkpt>
      <trkpt lat="13.9354388" lon="100.6084452">
      </trkpt>
      <trkpt lat="13.9348479" lon="100.6083358">
      </trkpt>
      <trkpt lat="13.9341742" lon="100.6081836">
      </trkpt>
      <trkpt lat="13.9336983" lon="100.608053">
      </trkpt>
      <trkpt lat="13.9329471" lon="100.6078127">
      </trkpt>
      <trkpt lat="13.9324797" lon="100.6076349">
      </trkpt>
      <trkpt lat="13.9320334" lon="100.6074474">
      </trkpt>
      <trkpt lat="13.9316249" lon="100.607261">
      </trkpt>
      <trkpt lat="13.9309608" lon="100.606921">
      </trkpt>
      <trkpt lat="13.9259357" lon="100.6040993">
      </trkpt>
      <trkpt lat="13.9209951" lon="100.6013205">
      </trkpt>
      <trkpt lat="13.9197786" lon="100.6006385">
      </trkpt>
      <trkpt lat="13.9175911" lon="100.5994899">
      </trkpt>
      <trkpt lat="13.9161047" lon="100.5986304">
      </trkpt>
      <trkpt lat="13.9147035" lon="100.5978454">
      </trkpt>
      <trkpt lat="13.9130424" lon="100.5969148">
      </trkpt>
      <trkpt lat="13.911562" lon="100.5960922">
      </trkpt>
      <trkpt lat="13.9092816" lon="100.594803">
      </trkpt>
      <trkpt lat="13.9070056" lon="100.5935164">
      </trkpt>
      <trkpt lat="13.9053083" lon="100.5925252">
      </trkpt>
      <trkpt lat="13.9045671" lon="100.5920826">
      </trkpt>
      <trkpt lat="13.9019265" lon="100.5906126">
      </trkpt>
      <trkpt lat="13.8997835" lon="100.589489">
      </trkpt>
      <trkpt lat="13.8986666" lon="100.5888568">
      </trkpt>
      <trkpt lat="13.8940477" lon="100.5861754">
      </trkpt>
      <trkpt lat="13.8863233" lon="100.5819195">
      </trkpt>
      <trkpt lat="13.8837904" lon="100.5804891">
      </trkpt>
      <trkpt lat="13.8803354" lon="100.5786326">
      </trkpt>
      <trkpt lat="13.8755769" lon="100.5760077">
      </trkpt>
      <trkpt lat="13.8741935" lon="100.5752246">
      </trkpt>
      <trkpt lat="13.8710705" lon="100.5734827">
      </trkpt>
      <trkpt lat="13.8687669" lon="100.5722507">
      </trkpt>
      <trkpt lat="13.8652018" lon="100.5703105">
      </trkpt>
      <trkpt lat="13.8625035" lon="100.5687541">
      </trkpt>
      <trkpt lat="13.8602153" lon="100.5675133">
      </trkpt>
      <trkpt lat="13.8583099" lon="100.566509">
      </trkpt>
      <trkpt lat="13.8560556" lon="100.5653804">
      </trkpt>
      <trkpt lat="13.8528258" lon="100.563601">
      </trkpt>
      <trkpt lat="13.8512169" lon="100.5626677">
      </trkpt>
      <trkpt lat="13.8493749" lon="100.5616549">
      </trkpt>
      <trkpt lat="13.8425921" lon="100.5580243">
      </trkpt>
      <trkpt lat="13.8416026" lon="100.5574807">
      </trkpt>
      <trkpt lat="13.8406625" lon="100.5569739">
      </trkpt>
      <trkpt lat="13.8404131" lon="100.5568411">
      </trkpt>
      <trkpt lat="13.8401367" lon="100.5566937">
      </trkpt>
      <trkpt lat="13.8397602" lon="100.5564815">
      </trkpt>
      <trkpt lat="13.8391791" lon="100.5561658">
      </trkpt>
      <trkpt lat="13.8390793" lon="100.5561105">
      </trkpt>
      <trkpt lat="13.8384136" lon="100.5558142">
      </trkpt>
      <trkpt lat="13.8381994" lon="100.5557078">
      </trkpt>
      <trkpt lat="13.8380904" lon="100.5556498">
      </trkpt>
      <trkpt lat="13.8362696" lon="100.5546886">
      </trkpt>
      <trkpt lat="13.8333833" lon="100.5531555">
      </trkpt>
      <trkpt lat="13.8315185" lon="100.5521724">
      </trkpt>
      <trkpt lat="13.8308612" lon="100.5518511">
      </trkpt>
      <trkpt lat="13.8304649" lon="100.5516542">
      </trkpt>
      <trkpt lat="13.8286559" lon="100.5506677">
      </trkpt>
      <trkpt lat="13.8285452" lon="100.5506167">
      </trkpt>
      <trkpt lat="13.8280581" lon="100.5504289">
      </trkpt>
      <trkpt lat="13.8279031" lon="100.5503618">
      </trkpt>
      <trkpt lat="13.8270057" lon="100.549878">
      </trkpt>
      <trkpt lat="13.8244479" lon="100.5484992">
      </trkpt>
      <trkpt lat="13.8235878" lon="100.548041">
      </trkpt>
      <trkpt lat="13.8223766" lon="100.5474452">
      </trkpt>
      <trkpt lat="13.8219163" lon="100.5472124">
      </trkpt>
      <trkpt lat="13.8204928" lon="100.5465004">
      </trkpt>
      <trkpt lat="13.8192118" lon="100.5458675">
      </trkpt>
      <trkpt lat="13.8188762" lon="100.5457021">
      </trkpt>
      <trkpt lat="13.8182634" lon="100.5453984">
      </trkpt>
      <trkpt lat="13.8176439" lon="100.5451473">
      </trkpt>
      <trkpt lat="13.8170627" lon="100.5449004">
      </trkpt>
      <trkpt lat="13.8161735" lon="100.5445988">
      </trkpt>
      <trkpt lat="13.8151315" lon="100.5442522">
      </trkpt>
      <trkpt lat="13.814486" lon="100.5440474">
      </trkpt>
      <trkpt lat="13.8137313" lon="100.5437934">
      </trkpt>
      <trkpt lat="13.813148" lon="100.5435709">
      </trkpt>
      <trkpt lat="13.8124816" lon="100.5432916">
      </trkpt>
      <trkpt lat="13.8118063" lon="100.5430261">
      </trkpt>
      <trkpt lat="13.8117" lon="100.542983">
      </trkpt>
      <trkpt lat="13.8110742" lon="100.542729">
      </trkpt>
      <trkpt lat="13.8092768" lon="100.5419978">
      </trkpt>
      <trkpt lat="13.8077633" lon="100.5413907">
      </trkpt>
      <trkpt lat="13.8072598" lon="100.5411799">
      </trkpt>
      <trkpt lat="13.8070501" lon="100.5411027">
      </trkpt>
      <trkpt lat="13.8068404" lon="100.5410255">
      </trkpt>
      <trkpt lat="13.8064591" lon="100.5409024">
      </trkpt>
      <trkpt lat="13.8060829" lon="100.5408003">
      </trkpt>
      <trkpt lat="13.8055033" lon="100.5405778">
      </trkpt>
      <trkpt lat="13.8046949" lon="100.5402742">
      </trkpt>
      <trkpt lat="13.8036349" lon="100.5398711">
      </trkpt>
      <trkpt lat="13.80319" lon="100.5396879">
      </trkpt>
      <trkpt lat="13.8029509" lon="100.539578">
      </trkpt>
      <trkpt lat="13.8027172" lon="100.5394706">
      </trkpt>
      <trkpt lat="13.8020722" lon="100.5391734">
      </trkpt>
      <trkpt lat="13.8016278" lon="100.5389686">
      </trkpt>
      <trkpt lat="13.8016149" lon="100.5389624">
      </trkpt>
      <trkpt lat="13.8013726" lon="100.5388454">
      </trkpt>
      <trkpt lat="13.8013265" lon="100.5388241">
      </trkpt>
      <trkpt lat="13.8008134" lon="100.5385863">
      </trkpt>
      <trkpt lat="13.8002863" lon="100.5383476">
      </trkpt>
      <trkpt lat="13.7998355" lon="100.5381657">
      </trkpt>
      <trkpt lat="13.7992313" lon="100.5379234">
      </trkpt>
      <trkpt lat="13.799084" lon="100.5378643">
      </trkpt>
      <trkpt lat="13.7984911" lon="100.5376236">
      </trkpt>
      <trkpt lat="13.7979607" lon="100.5374052">
      </trkpt>
      <trkpt lat="13.797453" lon="100.5372004">
      </trkpt>
      <trkpt lat="13.7924453" lon="100.535183">
      </trkpt>
      <trkpt lat="13.7870854" lon="100.5330129">
      </trkpt>
      <trkpt lat="13.7839462" lon="100.5317471">
      </trkpt>
      <trkpt lat="13.7837455" lon="100.5316654">
      </trkpt>
      <trkpt lat="13.7815704" lon="100.5307628">
      </trkpt>
      <trkpt lat="13.78135" lon="100.5306724">
      </trkpt>
      <trkpt lat="13.7795994" lon="100.5299862">
      </trkpt>
      <trkpt lat="13.7794519" lon="100.5299244">
      </trkpt>
      <trkpt lat="13.7761744" lon="100.5285512">
      </trkpt>
      <trkpt lat="13.7760857" lon="100.5285153">
      </trkpt>
      <trkpt lat="13.7760241" lon="100.5284905">
      </trkpt>
      <trkpt lat="13.7744871" lon="100.5278671">
      </trkpt>
      <trkpt lat="13.7740876" lon="100.5277056">
      </trkpt>
      <trkpt lat="13.7720423" lon="100.526932">
      </trkpt>
      <trkpt lat="13.7704598" lon="100.5262865">
      </trkpt>
      <trkpt lat="13.7703553" lon="100.5262443">
      </trkpt>
      <trkpt lat="13.7702543" lon="100.5262034">
      </trkpt>
      <trkpt lat="13.7701071" lon="100.5261445">
      </trkpt>
      <trkpt lat="13.7696416" lon="100.5259583">
      </trkpt>
      <trkpt lat="13.7695886" lon="100.5259372">
      </trkpt>
      <trkpt lat="13.7685073" lon="100.5255047">
      </trkpt>
      <trkpt lat="13.7680384" lon="100.5253167">
      </trkpt>
      <trkpt lat="13.7665394" lon="100.5247073">
      </trkpt>
      <trkpt lat="13.766136" lon="100.5245425">
      </trkpt>
      <trkpt lat="13.7639085" lon="100.5236259">
      </trkpt>
      <trkpt lat="13.7630727" lon="100.523282">
      </trkpt>
      <trkpt lat="13.7629774" lon="100.5232436">
      </trkpt>
      <trkpt lat="13.7628605" lon="100.5231971">
      </trkpt>
      <trkpt lat="13.7627712" lon="100.523168">
      </trkpt>
      <trkpt lat="13.7602794" lon="100.5221494">
      </trkpt>
      <trkpt lat="13.7600692" lon="100.5220635">
      </trkpt>
      <trkpt lat="13.7598953" lon="100.5219924">
      </trkpt>
      <trkpt lat="13.7596781" lon="100.5219037">
      </trkpt>
      <trkpt lat="13.7594721" lon="100.5218194">
      </trkpt>
      <trkpt lat="13.7592119" lon="100.5217131">
      </trkpt>
      <trkpt lat="13.758628" lon="100.5214744">
      </trkpt>
      <trkpt lat="13.7584709" lon="100.5214117">
      </trkpt>
      <trkpt lat="13.757325" lon="100.5209255">
      </trkpt>
      <trkpt lat="13.7572411" lon="100.5208898">
      </trkpt>
      <trkpt lat="13.7570851" lon="100.5208307">
      </trkpt>
      <trkpt lat="13.757027" lon="100.5208076">
      </trkpt>
      <trkpt lat="13.7569942" lon="100.5207945">
      </trkpt>
      <trkpt lat="13.7569454" lon="100.5207751">
      </trkpt>
      <trkpt lat="13.7564763" lon="100.5205829">
      </trkpt>
      <trkpt lat="13.7552044" lon="100.5200635">
      </trkpt>
      <trkpt lat="13.7539262" lon="100.5195412">
      </trkpt>
      <trkpt lat="13.7528247" lon="100.5190786">
      </trkpt>
      <trkpt lat="13.752527" lon="100.5189581">
      </trkpt>
      <trkpt lat="13.7514877" lon="100.5185553">
      </trkpt>
      <trkpt lat="13.7511914" lon="100.5184315">
      </trkpt>
      <trkpt lat="13.7509336" lon="100.5183326">
      </trkpt>
      <trkpt lat="13.7506417" lon="100.5182344">
      </trkpt>
      <trkpt lat="13.7502994" lon="100.5181365">
      </trkpt>
      <trkpt lat="13.7499787" lon="100.5180506">
      </trkpt>
      <trkpt lat="13.7497631" lon="100.517993">
      </trkpt>
      <trkpt lat="13.7495136" lon="100.5179454">
      </trkpt>
      <trkpt lat="13.7480998" lon="100.5177264">
      </trkpt>
      <trkpt lat="13.7478921" lon="100.5177065">
      </trkpt>
      <trkpt lat="13.7475014" lon="100.5176691">
      </trkpt>
      <trkpt lat="13.7471326" lon="100.5176166">
      </trkpt>
      <trkpt lat="13.7467681" lon="100.51752">
      </trkpt>
      <trkpt lat="13.7462903" lon="100.517457">
      </trkpt>
      <trkpt lat="13.7459702" lon="100.5174029">
      </trkpt>
      <trkpt lat="13.745731" lon="100.5173665">
      </trkpt>
      <trkpt lat="13.7453083" lon="100.5173016">
      </trkpt>
    </trkseg>
  </trk>
</gpx>