<?xml version="1.0" encoding="UTF-8"?>
<gpx xmlns="http://www.topografix.com/GPX/1/1" xmlns:xsi="http://www.w3.org/2001/XMLSchema-instance" xsi:schemaLocation="http://www.topografix.com/GPX/1/1 http://www.topografix.com/GPX/1/1/gpx.xsd" version="1.1" creator="gpx.py -- https://github.com/tkrajina/gpxpy">
  <wpt lat="15.2817979" lon="76.3963014">
    <name>Hospet Junction</name>
  </wpt>
  <wpt lat="15.1468641" lon="76.9251297">
    <name>Ballari Junction</name>
  </wpt>
  <wpt lat="15.1740672" lon="77.3695959">
    <name>Guntakal Junction</name>
  </wpt>
  <wpt lat="15.6192579" lon="77.2724731">
    <name>Adoni</name>
  </wpt>
  <wpt lat="16.1913245" lon="77.3388227">
    <name>Raichur</name>
  </wpt>
  <wpt lat="17.0475994" lon="76.9909946">
    <name>Wadi Junction</name>
  </wpt>
  <wpt lat="17.3395387" lon="77.9098736">
    <name>Vikarabad Junction</name>
  </wpt>
  <wpt lat="17.4333974" lon="78.5015179">
    <name>Secunderabad Junction</name>
  </wpt>
  <trk>
    <name>Hospet - Hyderabad (Vies regionals)</name>
    <trkseg>
      <trkpt lat="15.2817979" lon="76.3963014">
      </trkpt>
      <trkpt lat="15.2815643" lon="76.3967605">
      </trkpt>
      <trkpt lat="15.2815061" lon="76.3968789">
      </trkpt>
      <trkpt lat="15.2813652" lon="76.3971656">
      </trkpt>
      <trkpt lat="15.2811864" lon="76.3975175">
      </trkpt>
      <trkpt lat="15.2806298" lon="76.398599">
      </trkpt>
      <trkpt lat="15.2804818" lon="76.3988865">
      </trkpt>
      <trkpt lat="15.279397" lon="76.4010316">
      </trkpt>
      <trkpt lat="15.2788339" lon="76.4021283">
      </trkpt>
      <trkpt lat="15.278276" lon="76.403182">
      </trkpt>
      <trkpt lat="15.277952" lon="76.4038157">
      </trkpt>
      <trkpt lat="15.2776185" lon="76.4044198">
      </trkpt>
      <trkpt lat="15.2775674" lon="76.404516">
      </trkpt>
      <trkpt lat="15.277387" lon="76.4048878">
      </trkpt>
      <trkpt lat="15.2771846" lon="76.405252">
      </trkpt>
      <trkpt lat="15.2770535" lon="76.405484">
      </trkpt>
      <trkpt lat="15.2769166" lon="76.40572">
      </trkpt>
      <trkpt lat="15.276776" lon="76.4059438">
      </trkpt>
      <trkpt lat="15.2766382" lon="76.4061592">
      </trkpt>
      <trkpt lat="15.2763991" lon="76.4064996">
      </trkpt>
      <trkpt lat="15.2761321" lon="76.4068374">
      </trkpt>
      <trkpt lat="15.2759262" lon="76.4071109">
      </trkpt>
      <trkpt lat="15.2756814" lon="76.4074059">
      </trkpt>
      <trkpt lat="15.2753106" lon="76.4078381">
      </trkpt>
      <trkpt lat="15.2750061" lon="76.4081695">
      </trkpt>
      <trkpt lat="15.2747814" lon="76.4083755">
      </trkpt>
      <trkpt lat="15.2744921" lon="76.4086592">
      </trkpt>
      <trkpt lat="15.2709805" lon="76.4117463">
      </trkpt>
      <trkpt lat="15.2709094" lon="76.4118064">
      </trkpt>
      <trkpt lat="15.270693" lon="76.4119894">
      </trkpt>
      <trkpt lat="15.2706153" lon="76.4120588">
      </trkpt>
      <trkpt lat="15.2679953" lon="76.4144006">
      </trkpt>
      <trkpt lat="15.26526" lon="76.4168329">
      </trkpt>
      <trkpt lat="15.2637388" lon="76.418128">
      </trkpt>
      <trkpt lat="15.2613292" lon="76.4202899">
      </trkpt>
      <trkpt lat="15.2604461" lon="76.4211006">
      </trkpt>
      <trkpt lat="15.2599958" lon="76.4215194">
      </trkpt>
      <trkpt lat="15.2595977" lon="76.4219383">
      </trkpt>
      <trkpt lat="15.2592296" lon="76.4223115">
      </trkpt>
      <trkpt lat="15.2588788" lon="76.4227389">
      </trkpt>
      <trkpt lat="15.2584227" lon="76.4233251">
      </trkpt>
      <trkpt lat="15.256896" lon="76.4255172">
      </trkpt>
      <trkpt lat="15.2558035" lon="76.4270875">
      </trkpt>
      <trkpt lat="15.2549996" lon="76.4282313">
      </trkpt>
      <trkpt lat="15.2549331" lon="76.4283259">
      </trkpt>
      <trkpt lat="15.2543666" lon="76.4291053">
      </trkpt>
      <trkpt lat="15.2533744" lon="76.4305386">
      </trkpt>
      <trkpt lat="15.251526" lon="76.4331698">
      </trkpt>
      <trkpt lat="15.2479564" lon="76.4382992">
      </trkpt>
      <trkpt lat="15.2479036" lon="76.4383679">
      </trkpt>
      <trkpt lat="15.2469185" lon="76.4397734">
      </trkpt>
      <trkpt lat="15.2466533" lon="76.4401829">
      </trkpt>
      <trkpt lat="15.2464844" lon="76.4404788">
      </trkpt>
      <trkpt lat="15.2462638" lon="76.4408955">
      </trkpt>
      <trkpt lat="15.2428971" lon="76.4474185">
      </trkpt>
      <trkpt lat="15.2426836" lon="76.4478389">
      </trkpt>
      <trkpt lat="15.2424577" lon="76.4482658">
      </trkpt>
      <trkpt lat="15.242254" lon="76.4486294">
      </trkpt>
      <trkpt lat="15.2420319" lon="76.4490058">
      </trkpt>
      <trkpt lat="15.2415173" lon="76.4497661">
      </trkpt>
      <trkpt lat="15.2373433" lon="76.4553684">
      </trkpt>
      <trkpt lat="15.2358909" lon="76.4573342">
      </trkpt>
      <trkpt lat="15.235686" lon="76.4576263">
      </trkpt>
      <trkpt lat="15.23555" lon="76.4578572">
      </trkpt>
      <trkpt lat="15.2353731" lon="76.4581932">
      </trkpt>
      <trkpt lat="15.2335969" lon="76.4615285">
      </trkpt>
      <trkpt lat="15.2334467" lon="76.4618736">
      </trkpt>
      <trkpt lat="15.2333512" lon="76.4621237">
      </trkpt>
      <trkpt lat="15.2332526" lon="76.4623929">
      </trkpt>
      <trkpt lat="15.2331795" lon="76.462653">
      </trkpt>
      <trkpt lat="15.2331003" lon="76.4629895">
      </trkpt>
      <trkpt lat="15.2330412" lon="76.4633047">
      </trkpt>
      <trkpt lat="15.2329975" lon="76.4636646">
      </trkpt>
      <trkpt lat="15.2329853" lon="76.4639233">
      </trkpt>
      <trkpt lat="15.2329854" lon="76.4641883">
      </trkpt>
      <trkpt lat="15.233004" lon="76.4645526">
      </trkpt>
      <trkpt lat="15.2330489" lon="76.4648803">
      </trkpt>
      <trkpt lat="15.2331" lon="76.4651824">
      </trkpt>
      <trkpt lat="15.233159" lon="76.4654486">
      </trkpt>
      <trkpt lat="15.2332256" lon="76.4657068">
      </trkpt>
      <trkpt lat="15.2333168" lon="76.465984">
      </trkpt>
      <trkpt lat="15.2334439" lon="76.466309">
      </trkpt>
      <trkpt lat="15.2335692" lon="76.4665688">
      </trkpt>
      <trkpt lat="15.2337223" lon="76.4668796">
      </trkpt>
      <trkpt lat="15.233894" lon="76.4671975">
      </trkpt>
      <trkpt lat="15.2339846" lon="76.4673685">
      </trkpt>
      <trkpt lat="15.2344301" lon="76.4681987">
      </trkpt>
      <trkpt lat="15.2348996" lon="76.4691002">
      </trkpt>
      <trkpt lat="15.2350366" lon="76.469381">
      </trkpt>
      <trkpt lat="15.2351613" lon="76.469681">
      </trkpt>
      <trkpt lat="15.2352861" lon="76.470001">
      </trkpt>
      <trkpt lat="15.2353924" lon="76.4703402">
      </trkpt>
      <trkpt lat="15.2354708" lon="76.4706156">
      </trkpt>
      <trkpt lat="15.2355339" lon="76.4709325">
      </trkpt>
      <trkpt lat="15.2355955" lon="76.4712761">
      </trkpt>
      <trkpt lat="15.235651" lon="76.4716261">
      </trkpt>
      <trkpt lat="15.2356783" lon="76.4719473">
      </trkpt>
      <trkpt lat="15.2356872" lon="76.4722877">
      </trkpt>
      <trkpt lat="15.2356926" lon="76.4726622">
      </trkpt>
      <trkpt lat="15.2356711" lon="76.4730113">
      </trkpt>
      <trkpt lat="15.2356373" lon="76.4733987">
      </trkpt>
      <trkpt lat="15.2354723" lon="76.4748852">
      </trkpt>
      <trkpt lat="15.2344227" lon="76.4836469">
      </trkpt>
      <trkpt lat="15.2343078" lon="76.4849855">
      </trkpt>
      <trkpt lat="15.2343013" lon="76.4850798">
      </trkpt>
      <trkpt lat="15.2342877" lon="76.485278">
      </trkpt>
      <trkpt lat="15.2342744" lon="76.4855176">
      </trkpt>
      <trkpt lat="15.2342647" lon="76.4856926">
      </trkpt>
      <trkpt lat="15.2342418" lon="76.4859782">
      </trkpt>
      <trkpt lat="15.2342221" lon="76.4862127">
      </trkpt>
      <trkpt lat="15.2342023" lon="76.4864653">
      </trkpt>
      <trkpt lat="15.2341948" lon="76.4867571">
      </trkpt>
      <trkpt lat="15.2342048" lon="76.487103">
      </trkpt>
      <trkpt lat="15.2342287" lon="76.4873655">
      </trkpt>
      <trkpt lat="15.2342591" lon="76.4876123">
      </trkpt>
      <trkpt lat="15.2343123" lon="76.4878976">
      </trkpt>
      <trkpt lat="15.2343746" lon="76.4881331">
      </trkpt>
      <trkpt lat="15.2344369" lon="76.4883259">
      </trkpt>
      <trkpt lat="15.2345177" lon="76.4885689">
      </trkpt>
      <trkpt lat="15.2346376" lon="76.488848">
      </trkpt>
      <trkpt lat="15.2363212" lon="76.4924193">
      </trkpt>
      <trkpt lat="15.2366106" lon="76.4930649">
      </trkpt>
      <trkpt lat="15.2367154" lon="76.4933667">
      </trkpt>
      <trkpt lat="15.2368027" lon="76.4936776">
      </trkpt>
      <trkpt lat="15.236876" lon="76.4939898">
      </trkpt>
      <trkpt lat="15.2369363" lon="76.4942884">
      </trkpt>
      <trkpt lat="15.2369687" lon="76.4945399">
      </trkpt>
      <trkpt lat="15.2370011" lon="76.4947981">
      </trkpt>
      <trkpt lat="15.2370226" lon="76.4950128">
      </trkpt>
      <trkpt lat="15.2370288" lon="76.4952252">
      </trkpt>
      <trkpt lat="15.2370214" lon="76.4956631">
      </trkpt>
      <trkpt lat="15.2369987" lon="76.4961642">
      </trkpt>
      <trkpt lat="15.2369941" lon="76.4963359">
      </trkpt>
      <trkpt lat="15.236961" lon="76.4976715">
      </trkpt>
      <trkpt lat="15.2369383" lon="76.4982016">
      </trkpt>
      <trkpt lat="15.2368755" lon="76.4990737">
      </trkpt>
      <trkpt lat="15.2367092" lon="76.5013498">
      </trkpt>
      <trkpt lat="15.2365713" lon="76.5028888">
      </trkpt>
      <trkpt lat="15.2365367" lon="76.5032336">
      </trkpt>
      <trkpt lat="15.2364548" lon="76.5037855">
      </trkpt>
      <trkpt lat="15.2363605" lon="76.5042737">
      </trkpt>
      <trkpt lat="15.2362659" lon="76.5047351">
      </trkpt>
      <trkpt lat="15.2361693" lon="76.5051603">
      </trkpt>
      <trkpt lat="15.2360358" lon="76.5056494">
      </trkpt>
      <trkpt lat="15.2358967" lon="76.5061019">
      </trkpt>
      <trkpt lat="15.2357268" lon="76.5065926">
      </trkpt>
      <trkpt lat="15.2327962" lon="76.5149901">
      </trkpt>
      <trkpt lat="15.2318454" lon="76.5176825">
      </trkpt>
      <trkpt lat="15.2315303" lon="76.5186222">
      </trkpt>
      <trkpt lat="15.2314097" lon="76.5190132">
      </trkpt>
      <trkpt lat="15.2312953" lon="76.5194552">
      </trkpt>
      <trkpt lat="15.2311763" lon="76.5199521">
      </trkpt>
      <trkpt lat="15.2310635" lon="76.5204745">
      </trkpt>
      <trkpt lat="15.2309276" lon="76.5214963">
      </trkpt>
      <trkpt lat="15.2308378" lon="76.522749">
      </trkpt>
      <trkpt lat="15.2307178" lon="76.5242737">
      </trkpt>
      <trkpt lat="15.2306378" lon="76.525473">
      </trkpt>
      <trkpt lat="15.2305024" lon="76.527323">
      </trkpt>
      <trkpt lat="15.2303836" lon="76.5288206">
      </trkpt>
      <trkpt lat="15.2303317" lon="76.5295529">
      </trkpt>
      <trkpt lat="15.2302353" lon="76.5308212">
      </trkpt>
      <trkpt lat="15.2301577" lon="76.531878">
      </trkpt>
      <trkpt lat="15.2300826" lon="76.5327899">
      </trkpt>
      <trkpt lat="15.2300075" lon="76.5338762">
      </trkpt>
      <trkpt lat="15.2299894" lon="76.5340184">
      </trkpt>
      <trkpt lat="15.2298859" lon="76.5352656">
      </trkpt>
      <trkpt lat="15.2295753" lon="76.5394177">
      </trkpt>
      <trkpt lat="15.229402" lon="76.5417968">
      </trkpt>
      <trkpt lat="15.2293165" lon="76.542918">
      </trkpt>
      <trkpt lat="15.2292493" lon="76.5437065">
      </trkpt>
      <trkpt lat="15.229169" lon="76.5447955">
      </trkpt>
      <trkpt lat="15.2290914" lon="76.5457718">
      </trkpt>
      <trkpt lat="15.2289698" lon="76.5474455">
      </trkpt>
      <trkpt lat="15.228748" lon="76.5503308">
      </trkpt>
      <trkpt lat="15.2286525" lon="76.5516403">
      </trkpt>
      <trkpt lat="15.2286382" lon="76.5518367">
      </trkpt>
      <trkpt lat="15.2284918" lon="76.5537788">
      </trkpt>
      <trkpt lat="15.2282393" lon="76.5570789">
      </trkpt>
      <trkpt lat="15.2280709" lon="76.55915">
      </trkpt>
      <trkpt lat="15.2279099" lon="76.5613463">
      </trkpt>
      <trkpt lat="15.2277415" lon="76.5634136">
      </trkpt>
      <trkpt lat="15.227639" lon="76.5649384">
      </trkpt>
      <trkpt lat="15.227445" lon="76.5673661">
      </trkpt>
      <trkpt lat="15.2273901" lon="76.5679844">
      </trkpt>
      <trkpt lat="15.2273645" lon="76.5684396">
      </trkpt>
      <trkpt lat="15.2273206" lon="76.5689517">
      </trkpt>
      <trkpt lat="15.2272547" lon="76.5694448">
      </trkpt>
      <trkpt lat="15.2271998" lon="76.5698393">
      </trkpt>
      <trkpt lat="15.2270937" lon="76.5702945">
      </trkpt>
      <trkpt lat="15.2269656" lon="76.5708293">
      </trkpt>
      <trkpt lat="15.2268009" lon="76.5713831">
      </trkpt>
      <trkpt lat="15.2266142" lon="76.57199">
      </trkpt>
      <trkpt lat="15.226369" lon="76.5726083">
      </trkpt>
      <trkpt lat="15.226186" lon="76.5730332">
      </trkpt>
      <trkpt lat="15.2259664" lon="76.5734921">
      </trkpt>
      <trkpt lat="15.2256919" lon="76.5740118">
      </trkpt>
      <trkpt lat="15.2251465" lon="76.5749336">
      </trkpt>
      <trkpt lat="15.2246854" lon="76.5757188">
      </trkpt>
      <trkpt lat="15.2244511" lon="76.576117">
      </trkpt>
      <trkpt lat="15.2242352" lon="76.576485">
      </trkpt>
      <trkpt lat="15.2241107" lon="76.5767164">
      </trkpt>
      <trkpt lat="15.2238472" lon="76.577126">
      </trkpt>
      <trkpt lat="15.2235946" lon="76.577585">
      </trkpt>
      <trkpt lat="15.2233604" lon="76.578025">
      </trkpt>
      <trkpt lat="15.2231664" lon="76.5784119">
      </trkpt>
      <trkpt lat="15.222998" lon="76.5788026">
      </trkpt>
      <trkpt lat="15.2227894" lon="76.5792996">
      </trkpt>
      <trkpt lat="15.2226064" lon="76.5798154">
      </trkpt>
      <trkpt lat="15.2224234" lon="76.5803389">
      </trkpt>
      <trkpt lat="15.2222331" lon="76.5809458">
      </trkpt>
      <trkpt lat="15.2221233" lon="76.5813631">
      </trkpt>
      <trkpt lat="15.2216109" lon="76.5838173">
      </trkpt>
      <trkpt lat="15.2210216" lon="76.5866736">
      </trkpt>
      <trkpt lat="15.2204652" lon="76.5894312">
      </trkpt>
      <trkpt lat="15.2198137" lon="76.59261">
      </trkpt>
      <trkpt lat="15.2194257" lon="76.5945066">
      </trkpt>
      <trkpt lat="15.2190085" lon="76.5965397">
      </trkpt>
      <trkpt lat="15.2183643" lon="76.5996995">
      </trkpt>
      <trkpt lat="15.2178482" lon="76.6021954">
      </trkpt>
      <trkpt lat="15.2175115" lon="76.6038644">
      </trkpt>
      <trkpt lat="15.217204" lon="76.6053855">
      </trkpt>
      <trkpt lat="15.2169481" lon="76.6066263">
      </trkpt>
      <trkpt lat="15.2168746" lon="76.6069824">
      </trkpt>
      <trkpt lat="15.2166952" lon="76.6078776">
      </trkpt>
      <trkpt lat="15.2163036" lon="76.6097553">
      </trkpt>
      <trkpt lat="15.2159815" lon="76.6113674">
      </trkpt>
      <trkpt lat="15.2154361" lon="76.6140037">
      </trkpt>
      <trkpt lat="15.2149383" lon="76.6164276">
      </trkpt>
      <trkpt lat="15.2145174" lon="76.6185176">
      </trkpt>
      <trkpt lat="15.2142538" lon="76.6197921">
      </trkpt>
      <trkpt lat="15.2138512" lon="76.6217836">
      </trkpt>
      <trkpt lat="15.2133827" lon="76.6240633">
      </trkpt>
      <trkpt lat="15.2130826" lon="76.6255275">
      </trkpt>
      <trkpt lat="15.2129142" lon="76.6263734">
      </trkpt>
      <trkpt lat="15.2127165" lon="76.6272686">
      </trkpt>
      <trkpt lat="15.2123834" lon="76.6289831">
      </trkpt>
      <trkpt lat="15.2121528" lon="76.6300869">
      </trkpt>
      <trkpt lat="15.2119625" lon="76.6310314">
      </trkpt>
      <trkpt lat="15.2117612" lon="76.6321163">
      </trkpt>
      <trkpt lat="15.2115159" lon="76.633296">
      </trkpt>
      <trkpt lat="15.2112012" lon="76.6347678">
      </trkpt>
      <trkpt lat="15.2106631" lon="76.6374116">
      </trkpt>
      <trkpt lat="15.2103703" lon="76.6388948">
      </trkpt>
      <trkpt lat="15.2099713" lon="76.6408824">
      </trkpt>
      <trkpt lat="15.2097355" lon="76.641938">
      </trkpt>
      <trkpt lat="15.2095625" lon="76.6428141">
      </trkpt>
      <trkpt lat="15.2093698" lon="76.6436221">
      </trkpt>
      <trkpt lat="15.2092354" lon="76.6441284">
      </trkpt>
      <trkpt lat="15.2090567" lon="76.644736">
      </trkpt>
      <trkpt lat="15.2087598" lon="76.64556">
      </trkpt>
      <trkpt lat="15.208478" lon="76.6461963">
      </trkpt>
      <trkpt lat="15.2082403" lon="76.6466566">
      </trkpt>
      <trkpt lat="15.2081165" lon="76.6469168">
      </trkpt>
      <trkpt lat="15.207968" lon="76.6472089">
      </trkpt>
      <trkpt lat="15.2071251" lon="76.6486794">
      </trkpt>
      <trkpt lat="15.2068815" lon="76.6490764">
      </trkpt>
      <trkpt lat="15.2063412" lon="76.6499932">
      </trkpt>
      <trkpt lat="15.2061122" lon="76.6504016">
      </trkpt>
      <trkpt lat="15.2058728" lon="76.6508181">
      </trkpt>
      <trkpt lat="15.2049961" lon="76.6523166">
      </trkpt>
      <trkpt lat="15.2048087" lon="76.6526253">
      </trkpt>
      <trkpt lat="15.2042887" lon="76.6535596">
      </trkpt>
      <trkpt lat="15.2041631" lon="76.6537959">
      </trkpt>
      <trkpt lat="15.2040398" lon="76.6540525">
      </trkpt>
      <trkpt lat="15.2038922" lon="76.6544042">
      </trkpt>
      <trkpt lat="15.2037095" lon="76.6548552">
      </trkpt>
      <trkpt lat="15.2036042" lon="76.6551285">
      </trkpt>
      <trkpt lat="15.2033995" lon="76.6557319">
      </trkpt>
      <trkpt lat="15.2033135" lon="76.6560317">
      </trkpt>
      <trkpt lat="15.2032449" lon="76.6563044">
      </trkpt>
      <trkpt lat="15.2031986" lon="76.6565429">
      </trkpt>
      <trkpt lat="15.2031216" lon="76.6569368">
      </trkpt>
      <trkpt lat="15.2030212" lon="76.6575739">
      </trkpt>
      <trkpt lat="15.2029866" lon="76.6578635">
      </trkpt>
      <trkpt lat="15.2029563" lon="76.6581683">
      </trkpt>
      <trkpt lat="15.2029038" lon="76.6587682">
      </trkpt>
      <trkpt lat="15.202886" lon="76.6593048">
      </trkpt>
      <trkpt lat="15.2028985" lon="76.6597491">
      </trkpt>
      <trkpt lat="15.2029254" lon="76.6604419">
      </trkpt>
      <trkpt lat="15.2029427" lon="76.6606838">
      </trkpt>
      <trkpt lat="15.2029536" lon="76.6608352">
      </trkpt>
      <trkpt lat="15.202986" lon="76.6613645">
      </trkpt>
      <trkpt lat="15.2030286" lon="76.6618094">
      </trkpt>
      <trkpt lat="15.2030954" lon="76.6622942">
      </trkpt>
      <trkpt lat="15.2040252" lon="76.6689431">
      </trkpt>
      <trkpt lat="15.2040976" lon="76.669365">
      </trkpt>
      <trkpt lat="15.2041458" lon="76.6696384">
      </trkpt>
      <trkpt lat="15.2042023" lon="76.6699125">
      </trkpt>
      <trkpt lat="15.2042801" lon="76.6702329">
      </trkpt>
      <trkpt lat="15.2045191" lon="76.6711253">
      </trkpt>
      <trkpt lat="15.2045622" lon="76.6712778">
      </trkpt>
      <trkpt lat="15.2047102" lon="76.6718458">
      </trkpt>
      <trkpt lat="15.2048691" lon="76.6723844">
      </trkpt>
      <trkpt lat="15.2050064" lon="76.6727726">
      </trkpt>
      <trkpt lat="15.2051045" lon="76.6730773">
      </trkpt>
      <trkpt lat="15.2052183" lon="76.6733709">
      </trkpt>
      <trkpt lat="15.2053278" lon="76.6736171">
      </trkpt>
      <trkpt lat="15.2054853" lon="76.6739645">
      </trkpt>
      <trkpt lat="15.2056341" lon="76.6742578">
      </trkpt>
      <trkpt lat="15.205813" lon="76.6745799">
      </trkpt>
      <trkpt lat="15.2059897" lon="76.6748885">
      </trkpt>
      <trkpt lat="15.2061792" lon="76.6751574">
      </trkpt>
      <trkpt lat="15.2063294" lon="76.6753947">
      </trkpt>
      <trkpt lat="15.2066609" lon="76.6758355">
      </trkpt>
      <trkpt lat="15.2068607" lon="76.6760902">
      </trkpt>
      <trkpt lat="15.207165" lon="76.6764329">
      </trkpt>
      <trkpt lat="15.2074536" lon="76.6767393">
      </trkpt>
      <trkpt lat="15.2078053" lon="76.677084">
      </trkpt>
      <trkpt lat="15.208272" lon="76.6775002">
      </trkpt>
      <trkpt lat="15.2086766" lon="76.677815">
      </trkpt>
      <trkpt lat="15.2089848" lon="76.6780542">
      </trkpt>
      <trkpt lat="15.2093235" lon="76.6782776">
      </trkpt>
      <trkpt lat="15.2099198" lon="76.6786164">
      </trkpt>
      <trkpt lat="15.2106233" lon="76.6789878">
      </trkpt>
      <trkpt lat="15.2109421" lon="76.6791322">
      </trkpt>
      <trkpt lat="15.211304" lon="76.6792952">
      </trkpt>
      <trkpt lat="15.21185" lon="76.6794815">
      </trkpt>
      <trkpt lat="15.2124915" lon="76.6796678">
      </trkpt>
      <trkpt lat="15.2132475" lon="76.6798225">
      </trkpt>
      <trkpt lat="15.2137628" lon="76.6799584">
      </trkpt>
      <trkpt lat="15.2146055" lon="76.6801913">
      </trkpt>
      <trkpt lat="15.2159751" lon="76.6805148">
      </trkpt>
      <trkpt lat="15.2184047" lon="76.6811029">
      </trkpt>
      <trkpt lat="15.2196036" lon="76.6813851">
      </trkpt>
      <trkpt lat="15.2203408" lon="76.6815548">
      </trkpt>
      <trkpt lat="15.2208175" lon="76.6816906">
      </trkpt>
      <trkpt lat="15.2213672" lon="76.6818614">
      </trkpt>
      <trkpt lat="15.2223317" lon="76.6822501">
      </trkpt>
      <trkpt lat="15.2227355" lon="76.6824213">
      </trkpt>
      <trkpt lat="15.2229758" lon="76.6825304">
      </trkpt>
      <trkpt lat="15.2232061" lon="76.6826539">
      </trkpt>
      <trkpt lat="15.2234325" lon="76.6827979">
      </trkpt>
      <trkpt lat="15.2240699" lon="76.6831951">
      </trkpt>
      <trkpt lat="15.2243796" lon="76.6834215">
      </trkpt>
      <trkpt lat="15.2246516" lon="76.6836499">
      </trkpt>
      <trkpt lat="15.2248999" lon="76.6838577">
      </trkpt>
      <trkpt lat="15.2252156" lon="76.6841685">
      </trkpt>
      <trkpt lat="15.2254419" lon="76.6844154">
      </trkpt>
      <trkpt lat="15.2259264" lon="76.6849669">
      </trkpt>
      <trkpt lat="15.226125" lon="76.6852283">
      </trkpt>
      <trkpt lat="15.2262302" lon="76.6853806">
      </trkpt>
      <trkpt lat="15.2266393" lon="76.6859876">
      </trkpt>
      <trkpt lat="15.2269192" lon="76.6864239">
      </trkpt>
      <trkpt lat="15.2271158" lon="76.6867984">
      </trkpt>
      <trkpt lat="15.2273481" lon="76.6872697">
      </trkpt>
      <trkpt lat="15.2276559" lon="76.687957">
      </trkpt>
      <trkpt lat="15.2279418" lon="76.6887884">
      </trkpt>
      <trkpt lat="15.2281325" lon="76.6894634">
      </trkpt>
      <trkpt lat="15.2283072" lon="76.6902989">
      </trkpt>
      <trkpt lat="15.2283628" lon="76.6907393">
      </trkpt>
      <trkpt lat="15.2284124" lon="76.6912784">
      </trkpt>
      <trkpt lat="15.2284482" lon="76.6918402">
      </trkpt>
      <trkpt lat="15.2284541" lon="76.6921942">
      </trkpt>
      <trkpt lat="15.2284402" lon="76.6925708">
      </trkpt>
      <trkpt lat="15.2283965" lon="76.6932437">
      </trkpt>
      <trkpt lat="15.2283691" lon="76.6934549">
      </trkpt>
      <trkpt lat="15.228329" lon="76.6937623">
      </trkpt>
      <trkpt lat="15.2282873" lon="76.6940895">
      </trkpt>
      <trkpt lat="15.2281722" lon="76.6946163">
      </trkpt>
      <trkpt lat="15.2280471" lon="76.6951637">
      </trkpt>
      <trkpt lat="15.2277135" lon="76.696421">
      </trkpt>
      <trkpt lat="15.2274633" lon="76.6973759">
      </trkpt>
      <trkpt lat="15.2270741" lon="76.6988658">
      </trkpt>
      <trkpt lat="15.2263931" lon="76.7014834">
      </trkpt>
      <trkpt lat="15.2259244" lon="76.7033211">
      </trkpt>
      <trkpt lat="15.2256445" lon="76.7043459">
      </trkpt>
      <trkpt lat="15.2255273" lon="76.7047698">
      </trkpt>
      <trkpt lat="15.2251441" lon="76.7062144">
      </trkpt>
      <trkpt lat="15.2246199" lon="76.7082126">
      </trkpt>
      <trkpt lat="15.2245184" lon="76.7085973">
      </trkpt>
      <trkpt lat="15.2244114" lon="76.7090029">
      </trkpt>
      <trkpt lat="15.2241413" lon="76.7100441">
      </trkpt>
      <trkpt lat="15.2234957" lon="76.7124658">
      </trkpt>
      <trkpt lat="15.2228217" lon="76.715085">
      </trkpt>
      <trkpt lat="15.2215637" lon="76.7197764">
      </trkpt>
      <trkpt lat="15.2209173" lon="76.7222524">
      </trkpt>
      <trkpt lat="15.2206033" lon="76.723455">
      </trkpt>
      <trkpt lat="15.2200143" lon="76.7256904">
      </trkpt>
      <trkpt lat="15.2198006" lon="76.7265418">
      </trkpt>
      <trkpt lat="15.219697" lon="76.7269432">
      </trkpt>
      <trkpt lat="15.2196102" lon="76.7272928">
      </trkpt>
      <trkpt lat="15.2195534" lon="76.727535">
      </trkpt>
      <trkpt lat="15.2194967" lon="76.7278258">
      </trkpt>
      <trkpt lat="15.2194533" lon="76.728203">
      </trkpt>
      <trkpt lat="15.2194165" lon="76.7287083">
      </trkpt>
      <trkpt lat="15.2194165" lon="76.729307">
      </trkpt>
      <trkpt lat="15.2195701" lon="76.7312728">
      </trkpt>
      <trkpt lat="15.2201512" lon="76.7384092">
      </trkpt>
      <trkpt lat="15.2204852" lon="76.7424723">
      </trkpt>
      <trkpt lat="15.2205052" lon="76.7428565">
      </trkpt>
      <trkpt lat="15.2205086" lon="76.7431195">
      </trkpt>
      <trkpt lat="15.2204985" lon="76.7434241">
      </trkpt>
      <trkpt lat="15.2204752" lon="76.7437425">
      </trkpt>
      <trkpt lat="15.2204317" lon="76.7441301">
      </trkpt>
      <trkpt lat="15.2203816" lon="76.7444416">
      </trkpt>
      <trkpt lat="15.2203048" lon="76.7448188">
      </trkpt>
      <trkpt lat="15.2201546" lon="76.7453138">
      </trkpt>
      <trkpt lat="15.2199342" lon="76.7460371">
      </trkpt>
      <trkpt lat="15.2195267" lon="76.7473349">
      </trkpt>
      <trkpt lat="15.2187687" lon="76.7497368">
      </trkpt>
      <trkpt lat="15.2181513" lon="76.7518546">
      </trkpt>
      <trkpt lat="15.2180737" lon="76.7520664">
      </trkpt>
      <trkpt lat="15.2179709" lon="76.7523952">
      </trkpt>
      <trkpt lat="15.2179294" lon="76.752522">
      </trkpt>
      <trkpt lat="15.2175753" lon="76.7536598">
      </trkpt>
      <trkpt lat="15.2171977" lon="76.7548769">
      </trkpt>
      <trkpt lat="15.2169692" lon="76.7556065">
      </trkpt>
      <trkpt lat="15.2163697" lon="76.7575498">
      </trkpt>
      <trkpt lat="15.2162378" lon="76.757953">
      </trkpt>
      <trkpt lat="15.2161092" lon="76.7583856">
      </trkpt>
      <trkpt lat="15.2158042" lon="76.7593507">
      </trkpt>
      <trkpt lat="15.2157377" lon="76.7595734">
      </trkpt>
      <trkpt lat="15.2155903" lon="76.7600673">
      </trkpt>
      <trkpt lat="15.2151291" lon="76.7615005">
      </trkpt>
      <trkpt lat="15.2139836" lon="76.7652192">
      </trkpt>
      <trkpt lat="15.2135978" lon="76.7664447">
      </trkpt>
      <trkpt lat="15.2135695" lon="76.7665344">
      </trkpt>
      <trkpt lat="15.2131203" lon="76.7679551">
      </trkpt>
      <trkpt lat="15.2129717" lon="76.768424">
      </trkpt>
      <trkpt lat="15.2128564" lon="76.7688134">
      </trkpt>
      <trkpt lat="15.2127679" lon="76.7691058">
      </trkpt>
      <trkpt lat="15.2126769" lon="76.7694044">
      </trkpt>
      <trkpt lat="15.2126496" lon="76.7694942">
      </trkpt>
      <trkpt lat="15.2125575" lon="76.7697963">
      </trkpt>
      <trkpt lat="15.2124748" lon="76.7700843">
      </trkpt>
      <trkpt lat="15.2123906" lon="76.7703777">
      </trkpt>
      <trkpt lat="15.2119881" lon="76.7716825">
      </trkpt>
      <trkpt lat="15.2118264" lon="76.7721941">
      </trkpt>
      <trkpt lat="15.2116492" lon="76.7727493">
      </trkpt>
      <trkpt lat="15.2112923" lon="76.7738848">
      </trkpt>
      <trkpt lat="15.2110393" lon="76.774697">
      </trkpt>
      <trkpt lat="15.2109873" lon="76.7748686">
      </trkpt>
      <trkpt lat="15.2105043" lon="76.7764721">
      </trkpt>
      <trkpt lat="15.2101408" lon="76.777572">
      </trkpt>
      <trkpt lat="15.2092464" lon="76.7805376">
      </trkpt>
      <trkpt lat="15.208528" lon="76.7828408">
      </trkpt>
      <trkpt lat="15.2076411" lon="76.7856947">
      </trkpt>
      <trkpt lat="15.2067781" lon="76.788448">
      </trkpt>
      <trkpt lat="15.2059417" lon="76.7911951">
      </trkpt>
      <trkpt lat="15.2050433" lon="76.7940776">
      </trkpt>
      <trkpt lat="15.2040237" lon="76.7973628">
      </trkpt>
      <trkpt lat="15.203627" lon="76.7986593">
      </trkpt>
      <trkpt lat="15.2024479" lon="76.8024455">
      </trkpt>
      <trkpt lat="15.2023465" lon="76.8027934">
      </trkpt>
      <trkpt lat="15.2015436" lon="76.805373">
      </trkpt>
      <trkpt lat="15.2013795" lon="76.8058914">
      </trkpt>
      <trkpt lat="15.2008718" lon="76.8074957">
      </trkpt>
      <trkpt lat="15.1993971" lon="76.812352">
      </trkpt>
      <trkpt lat="15.1990912" lon="76.8133494">
      </trkpt>
      <trkpt lat="15.1983307" lon="76.8158292">
      </trkpt>
      <trkpt lat="15.1972965" lon="76.81921">
      </trkpt>
      <trkpt lat="15.1963291" lon="76.8223687">
      </trkpt>
      <trkpt lat="15.196239" lon="76.8226442">
      </trkpt>
      <trkpt lat="15.1959436" lon="76.8236591">
      </trkpt>
      <trkpt lat="15.1940785" lon="76.8296311">
      </trkpt>
      <trkpt lat="15.1929372" lon="76.8335624">
      </trkpt>
      <trkpt lat="15.1901848" lon="76.8423943">
      </trkpt>
      <trkpt lat="15.1894862" lon="76.8446596">
      </trkpt>
      <trkpt lat="15.1887485" lon="76.8470138">
      </trkpt>
      <trkpt lat="15.1885991" lon="76.8475073">
      </trkpt>
      <trkpt lat="15.1879735" lon="76.8495811">
      </trkpt>
      <trkpt lat="15.1868496" lon="76.8532286">
      </trkpt>
      <trkpt lat="15.1867378" lon="76.8535423">
      </trkpt>
      <trkpt lat="15.1865997" lon="76.8538988">
      </trkpt>
      <trkpt lat="15.1864616" lon="76.8542165">
      </trkpt>
      <trkpt lat="15.1862973" lon="76.8546119">
      </trkpt>
      <trkpt lat="15.185821" lon="76.8555812">
      </trkpt>
      <trkpt lat="15.1854104" lon="76.8563196">
      </trkpt>
      <trkpt lat="15.1851563" lon="76.8567354">
      </trkpt>
      <trkpt lat="15.1848722" lon="76.8571824">
      </trkpt>
      <trkpt lat="15.1841619" lon="76.8581543">
      </trkpt>
      <trkpt lat="15.1835004" lon="76.8589409">
      </trkpt>
      <trkpt lat="15.1826492" lon="76.8598005">
      </trkpt>
      <trkpt lat="15.1818087" lon="76.8605421">
      </trkpt>
      <trkpt lat="15.1813973" lon="76.8608956">
      </trkpt>
      <trkpt lat="15.1809108" lon="76.861249">
      </trkpt>
      <trkpt lat="15.18012" lon="76.8618113">
      </trkpt>
      <trkpt lat="15.1793342" lon="76.8622845">
      </trkpt>
      <trkpt lat="15.1788982" lon="76.8625085">
      </trkpt>
      <trkpt lat="15.1784646" lon="76.8627313">
      </trkpt>
      <trkpt lat="15.1776175" lon="76.863097">
      </trkpt>
      <trkpt lat="15.176412" lon="76.8635395">
      </trkpt>
      <trkpt lat="15.1752054" lon="76.8638999">
      </trkpt>
      <trkpt lat="15.1742272" lon="76.8641722">
      </trkpt>
      <trkpt lat="15.1734186" lon="76.8644359">
      </trkpt>
      <trkpt lat="15.1727158" lon="76.8647101">
      </trkpt>
      <trkpt lat="15.1722218" lon="76.8648977">
      </trkpt>
      <trkpt lat="15.1717277" lon="76.8651437">
      </trkpt>
      <trkpt lat="15.1711469" lon="76.8654778">
      </trkpt>
      <trkpt lat="15.1705336" lon="76.8658393">
      </trkpt>
      <trkpt lat="15.1699317" lon="76.8662552">
      </trkpt>
      <trkpt lat="15.1695315" lon="76.8665565">
      </trkpt>
      <trkpt lat="15.1689811" lon="76.8670133">
      </trkpt>
      <trkpt lat="15.1684592" lon="76.8674906">
      </trkpt>
      <trkpt lat="15.1680106" lon="76.8679159">
      </trkpt>
      <trkpt lat="15.1676972" lon="76.8682363">
      </trkpt>
      <trkpt lat="15.1673475" lon="76.8686073">
      </trkpt>
      <trkpt lat="15.1670884" lon="76.8689158">
      </trkpt>
      <trkpt lat="15.1666992" lon="76.8694032">
      </trkpt>
      <trkpt lat="15.1661881" lon="76.870152">
      </trkpt>
      <trkpt lat="15.1652882" lon="76.87159">
      </trkpt>
      <trkpt lat="15.1644178" lon="76.8729932">
      </trkpt>
      <trkpt lat="15.1638375" lon="76.8739431">
      </trkpt>
      <trkpt lat="15.1631233" lon="76.8750688">
      </trkpt>
      <trkpt lat="15.1629381" lon="76.8753571">
      </trkpt>
      <trkpt lat="15.162908" lon="76.8754093">
      </trkpt>
      <trkpt lat="15.1628149" lon="76.875571">
      </trkpt>
      <trkpt lat="15.1625812" lon="76.8760173">
      </trkpt>
      <trkpt lat="15.1623254" lon="76.8765519">
      </trkpt>
      <trkpt lat="15.1619701" lon="76.8771631">
      </trkpt>
      <trkpt lat="15.1614468" lon="76.8780188">
      </trkpt>
      <trkpt lat="15.1613606" lon="76.8781597">
      </trkpt>
      <trkpt lat="15.1611755" lon="76.8784572">
      </trkpt>
      <trkpt lat="15.1602238" lon="76.8799869">
      </trkpt>
      <trkpt lat="15.1593834" lon="76.8813466">
      </trkpt>
      <trkpt lat="15.1585721" lon="76.8826332">
      </trkpt>
      <trkpt lat="15.1568889" lon="76.8853225">
      </trkpt>
      <trkpt lat="15.1563501" lon="76.8861767">
      </trkpt>
      <trkpt lat="15.1561108" lon="76.8865414">
      </trkpt>
      <trkpt lat="15.1552144" lon="76.8877413">
      </trkpt>
      <trkpt lat="15.1549512" lon="76.888165">
      </trkpt>
      <trkpt lat="15.1540536" lon="76.8896038">
      </trkpt>
      <trkpt lat="15.1514398" lon="76.8937918">
      </trkpt>
      <trkpt lat="15.151165" lon="76.8942083">
      </trkpt>
      <trkpt lat="15.1508099" lon="76.8947652">
      </trkpt>
      <trkpt lat="15.1502036" lon="76.8957348">
      </trkpt>
      <trkpt lat="15.1497072" lon="76.8965317">
      </trkpt>
      <trkpt lat="15.1492185" lon="76.8973593">
      </trkpt>
      <trkpt lat="15.1485593" lon="76.8983571">
      </trkpt>
      <trkpt lat="15.1479766" lon="76.8993023">
      </trkpt>
      <trkpt lat="15.1462578" lon="76.9020424">
      </trkpt>
      <trkpt lat="15.1445704" lon="76.9047256">
      </trkpt>
      <trkpt lat="15.1432112" lon="76.9069118">
      </trkpt>
      <trkpt lat="15.1418506" lon="76.9090868">
      </trkpt>
      <trkpt lat="15.1415441" lon="76.9095766">
      </trkpt>
      <trkpt lat="15.1414737" lon="76.9096925">
      </trkpt>
      <trkpt lat="15.1413745" lon="76.90985">
      </trkpt>
      <trkpt lat="15.1412806" lon="76.9100028">
      </trkpt>
      <trkpt lat="15.1411923" lon="76.9101652">
      </trkpt>
      <trkpt lat="15.1410952" lon="76.9103525">
      </trkpt>
      <trkpt lat="15.1409944" lon="76.9105533">
      </trkpt>
      <trkpt lat="15.1408994" lon="76.9107795">
      </trkpt>
      <trkpt lat="15.14081" lon="76.9110135">
      </trkpt>
      <trkpt lat="15.1407021" lon="76.9113096">
      </trkpt>
      <trkpt lat="15.1406074" lon="76.9116193">
      </trkpt>
      <trkpt lat="15.1405143" lon="76.9119621">
      </trkpt>
      <trkpt lat="15.1404479" lon="76.9122955">
      </trkpt>
      <trkpt lat="15.1403863" lon="76.9126353">
      </trkpt>
      <trkpt lat="15.140348" lon="76.9129214">
      </trkpt>
      <trkpt lat="15.1403185" lon="76.9132401">
      </trkpt>
      <trkpt lat="15.1403019" lon="76.9135953">
      </trkpt>
      <trkpt lat="15.1402964" lon="76.9139531">
      </trkpt>
      <trkpt lat="15.1403005" lon="76.9142059">
      </trkpt>
      <trkpt lat="15.140328" lon="76.914496">
      </trkpt>
      <trkpt lat="15.14036" lon="76.9147879">
      </trkpt>
      <trkpt lat="15.1404077" lon="76.9151114">
      </trkpt>
      <trkpt lat="15.1404639" lon="76.9154068">
      </trkpt>
      <trkpt lat="15.1405385" lon="76.9157056">
      </trkpt>
      <trkpt lat="15.1406117" lon="76.9159606">
      </trkpt>
      <trkpt lat="15.1406899" lon="76.9162094">
      </trkpt>
      <trkpt lat="15.1407633" lon="76.9164308">
      </trkpt>
      <trkpt lat="15.1408578" lon="76.9166504">
      </trkpt>
      <trkpt lat="15.1409725" lon="76.9168981">
      </trkpt>
      <trkpt lat="15.14111" lon="76.917175">
      </trkpt>
      <trkpt lat="15.1412396" lon="76.9173989">
      </trkpt>
      <trkpt lat="15.141351" lon="76.9175845">
      </trkpt>
      <trkpt lat="15.1414911" lon="76.9177945">
      </trkpt>
      <trkpt lat="15.141557" lon="76.9178933">
      </trkpt>
      <trkpt lat="15.1418182" lon="76.9182543">
      </trkpt>
      <trkpt lat="15.1419113" lon="76.9183831">
      </trkpt>
      <trkpt lat="15.1420811" lon="76.9186187">
      </trkpt>
      <trkpt lat="15.1423932" lon="76.9190708">
      </trkpt>
      <trkpt lat="15.142953" lon="76.9198363">
      </trkpt>
      <trkpt lat="15.1432247" lon="76.9201919">
      </trkpt>
      <trkpt lat="15.1434226" lon="76.9204418">
      </trkpt>
      <trkpt lat="15.1435853" lon="76.9206278">
      </trkpt>
      <trkpt lat="15.1437684" lon="76.9208283">
      </trkpt>
      <trkpt lat="15.1439052" lon="76.9209875">
      </trkpt>
      <trkpt lat="15.1440405" lon="76.9211679">
      </trkpt>
      <trkpt lat="15.1466337" lon="76.9247924">
      </trkpt>
      <trkpt lat="15.1467359" lon="76.924937">
      </trkpt>
      <trkpt lat="15.1468641" lon="76.9251297">
      </trkpt>
      <trkpt lat="15.1469245" lon="76.9251194">
      </trkpt>
      <trkpt lat="15.1472084" lon="76.9255776">
      </trkpt>
      <trkpt lat="15.1473329" lon="76.9257905">
      </trkpt>
      <trkpt lat="15.1475117" lon="76.9260813">
      </trkpt>
      <trkpt lat="15.1476749" lon="76.9263217">
      </trkpt>
      <trkpt lat="15.1477471" lon="76.9264236">
      </trkpt>
      <trkpt lat="15.1486854" lon="76.9277415">
      </trkpt>
      <trkpt lat="15.1489345" lon="76.9281025">
      </trkpt>
      <trkpt lat="15.1492117" lon="76.9284996">
      </trkpt>
      <trkpt lat="15.1494618" lon="76.9289377">
      </trkpt>
      <trkpt lat="15.1496712" lon="76.9292979">
      </trkpt>
      <trkpt lat="15.1497912" lon="76.929526">
      </trkpt>
      <trkpt lat="15.1501457" lon="76.930223">
      </trkpt>
      <trkpt lat="15.1503078" lon="76.9305641">
      </trkpt>
      <trkpt lat="15.1504388" lon="76.930865">
      </trkpt>
      <trkpt lat="15.1505462" lon="76.9311357">
      </trkpt>
      <trkpt lat="15.1506643" lon="76.9314355">
      </trkpt>
      <trkpt lat="15.1509066" lon="76.9321442">
      </trkpt>
      <trkpt lat="15.1510749" lon="76.9326735">
      </trkpt>
      <trkpt lat="15.1511966" lon="76.9331304">
      </trkpt>
      <trkpt lat="15.1513451" lon="76.9337554">
      </trkpt>
      <trkpt lat="15.151434" lon="76.934214">
      </trkpt>
      <trkpt lat="15.1515128" lon="76.9346519">
      </trkpt>
      <trkpt lat="15.1515805" lon="76.9350906">
      </trkpt>
      <trkpt lat="15.1516327" lon="76.9355426">
      </trkpt>
      <trkpt lat="15.1516643" lon="76.9358546">
      </trkpt>
      <trkpt lat="15.1516907" lon="76.9361827">
      </trkpt>
      <trkpt lat="15.1517384" lon="76.9377047">
      </trkpt>
      <trkpt lat="15.1517778" lon="76.9392649">
      </trkpt>
      <trkpt lat="15.151829" lon="76.9414782">
      </trkpt>
      <trkpt lat="15.1518819" lon="76.9438477">
      </trkpt>
      <trkpt lat="15.1519383" lon="76.9461712">
      </trkpt>
      <trkpt lat="15.151968" lon="76.9476074">
      </trkpt>
      <trkpt lat="15.1520528" lon="76.9509953">
      </trkpt>
      <trkpt lat="15.1520874" lon="76.9523037">
      </trkpt>
      <trkpt lat="15.1521203" lon="76.9538919">
      </trkpt>
      <trkpt lat="15.152161" lon="76.9555365">
      </trkpt>
      <trkpt lat="15.1522324" lon="76.9587489">
      </trkpt>
      <trkpt lat="15.1522512" lon="76.9594746">
      </trkpt>
      <trkpt lat="15.1522882" lon="76.960734">
      </trkpt>
      <trkpt lat="15.152329" lon="76.9624868">
      </trkpt>
      <trkpt lat="15.1523724" lon="76.9642047">
      </trkpt>
      <trkpt lat="15.1523908" lon="76.9655002">
      </trkpt>
      <trkpt lat="15.1524997" lon="76.9695333">
      </trkpt>
      <trkpt lat="15.1525111" lon="76.9701468">
      </trkpt>
      <trkpt lat="15.1525433" lon="76.9707817">
      </trkpt>
      <trkpt lat="15.152592" lon="76.9715189">
      </trkpt>
      <trkpt lat="15.1526692" lon="76.9723768">
      </trkpt>
      <trkpt lat="15.1527211" lon="76.9730678">
      </trkpt>
      <trkpt lat="15.1527692" lon="76.9736953">
      </trkpt>
      <trkpt lat="15.1527966" lon="76.9742343">
      </trkpt>
      <trkpt lat="15.1528137" lon="76.9748703">
      </trkpt>
      <trkpt lat="15.1528429" lon="76.9758186">
      </trkpt>
      <trkpt lat="15.1528566" lon="76.976606">
      </trkpt>
      <trkpt lat="15.1528957" lon="76.9781459">
      </trkpt>
      <trkpt lat="15.1529116" lon="76.9785036">
      </trkpt>
      <trkpt lat="15.1529347" lon="76.9790206">
      </trkpt>
      <trkpt lat="15.1529738" lon="76.9810076">
      </trkpt>
      <trkpt lat="15.1530423" lon="76.9844343">
      </trkpt>
      <trkpt lat="15.1530652" lon="76.9851913">
      </trkpt>
      <trkpt lat="15.1530826" lon="76.9861226">
      </trkpt>
      <trkpt lat="15.1530915" lon="76.9868064">
      </trkpt>
      <trkpt lat="15.15309" lon="76.9873948">
      </trkpt>
      <trkpt lat="15.1530885" lon="76.98786">
      </trkpt>
      <trkpt lat="15.1530672" lon="76.9886104">
      </trkpt>
      <trkpt lat="15.1530234" lon="76.9897392">
      </trkpt>
      <trkpt lat="15.1530185" lon="76.989907">
      </trkpt>
      <trkpt lat="15.1530341" lon="76.9911172">
      </trkpt>
      <trkpt lat="15.1530855" lon="76.9925786">
      </trkpt>
      <trkpt lat="15.153139" lon="76.9949079">
      </trkpt>
      <trkpt lat="15.1531777" lon="76.9971879">
      </trkpt>
      <trkpt lat="15.1532283" lon="76.9990026">
      </trkpt>
      <trkpt lat="15.1532669" lon="77.0008944">
      </trkpt>
      <trkpt lat="15.1533001" lon="77.001865">
      </trkpt>
      <trkpt lat="15.1533114" lon="77.0022246">
      </trkpt>
      <trkpt lat="15.1533362" lon="77.0032567">
      </trkpt>
      <trkpt lat="15.1533475" lon="77.0040389">
      </trkpt>
      <trkpt lat="15.153379" lon="77.0053675">
      </trkpt>
      <trkpt lat="15.1534083" lon="77.0067288">
      </trkpt>
      <trkpt lat="15.1534128" lon="77.0080247">
      </trkpt>
      <trkpt lat="15.1534151" lon="77.0083656">
      </trkpt>
      <trkpt lat="15.1534564" lon="77.0103247">
      </trkpt>
      <trkpt lat="15.153504" lon="77.0121363">
      </trkpt>
      <trkpt lat="15.1535396" lon="77.0138709">
      </trkpt>
      <trkpt lat="15.1535813" lon="77.01543">
      </trkpt>
      <trkpt lat="15.1536318" lon="77.0176113">
      </trkpt>
      <trkpt lat="15.1536764" lon="77.0195801">
      </trkpt>
      <trkpt lat="15.1537111" lon="77.0207116">
      </trkpt>
      <trkpt lat="15.1537121" lon="77.0214657">
      </trkpt>
      <trkpt lat="15.1537716" lon="77.0233298">
      </trkpt>
      <trkpt lat="15.1538192" lon="77.0258038">
      </trkpt>
      <trkpt lat="15.1538668" lon="77.027939">
      </trkpt>
      <trkpt lat="15.1539233" lon="77.0302498">
      </trkpt>
      <trkpt lat="15.153956" lon="77.0319321">
      </trkpt>
      <trkpt lat="15.1540036" lon="77.0335558">
      </trkpt>
      <trkpt lat="15.1540363" lon="77.0352226">
      </trkpt>
      <trkpt lat="15.1540656" lon="77.0364233">
      </trkpt>
      <trkpt lat="15.1540908" lon="77.0373263">
      </trkpt>
      <trkpt lat="15.1541055" lon="77.0380749">
      </trkpt>
      <trkpt lat="15.1540953" lon="77.0388234">
      </trkpt>
      <trkpt lat="15.1540781" lon="77.0392995">
      </trkpt>
      <trkpt lat="15.1540534" lon="77.0397038">
      </trkpt>
      <trkpt lat="15.1540471" lon="77.0397675">
      </trkpt>
      <trkpt lat="15.1540323" lon="77.039918">
      </trkpt>
      <trkpt lat="15.1539834" lon="77.0404148">
      </trkpt>
      <trkpt lat="15.1539132" lon="77.0409564">
      </trkpt>
      <trkpt lat="15.153825" lon="77.04147">
      </trkpt>
      <trkpt lat="15.1536936" lon="77.0422731">
      </trkpt>
      <trkpt lat="15.1525133" lon="77.0490286">
      </trkpt>
      <trkpt lat="15.152403" lon="77.0497037">
      </trkpt>
      <trkpt lat="15.1523619" lon="77.0499408">
      </trkpt>
      <trkpt lat="15.152281" lon="77.0504073">
      </trkpt>
      <trkpt lat="15.1522562" lon="77.0505454">
      </trkpt>
      <trkpt lat="15.1520448" lon="77.051725">
      </trkpt>
      <trkpt lat="15.1515959" lon="77.0544011">
      </trkpt>
      <trkpt lat="15.1515444" lon="77.0547859">
      </trkpt>
      <trkpt lat="15.1515025" lon="77.0551969">
      </trkpt>
      <trkpt lat="15.1514741" lon="77.0555074">
      </trkpt>
      <trkpt lat="15.1514451" lon="77.0559313">
      </trkpt>
      <trkpt lat="15.1514338" lon="77.0562714">
      </trkpt>
      <trkpt lat="15.1514265" lon="77.0565727">
      </trkpt>
      <trkpt lat="15.1514283" lon="77.0568785">
      </trkpt>
      <trkpt lat="15.151436" lon="77.0573441">
      </trkpt>
      <trkpt lat="15.1514484" lon="77.0577418">
      </trkpt>
      <trkpt lat="15.1514884" lon="77.0582115">
      </trkpt>
      <trkpt lat="15.1515397" lon="77.0588634">
      </trkpt>
      <trkpt lat="15.1515968" lon="77.0593629">
      </trkpt>
      <trkpt lat="15.1516279" lon="77.0596349">
      </trkpt>
      <trkpt lat="15.1516544" lon="77.059898">
      </trkpt>
      <trkpt lat="15.1516725" lon="77.0601046">
      </trkpt>
      <trkpt lat="15.1517061" lon="77.060405">
      </trkpt>
      <trkpt lat="15.1517269" lon="77.0607161">
      </trkpt>
      <trkpt lat="15.1517476" lon="77.0610433">
      </trkpt>
      <trkpt lat="15.1517786" lon="77.0617702">
      </trkpt>
      <trkpt lat="15.1518175" lon="77.0623657">
      </trkpt>
      <trkpt lat="15.1518725" lon="77.0629983">
      </trkpt>
      <trkpt lat="15.1519356" lon="77.0636165">
      </trkpt>
      <trkpt lat="15.1519539" lon="77.0637948">
      </trkpt>
      <trkpt lat="15.1530967" lon="77.0751243">
      </trkpt>
      <trkpt lat="15.1536111" lon="77.0800624">
      </trkpt>
      <trkpt lat="15.1537409" lon="77.0811438">
      </trkpt>
      <trkpt lat="15.1543149" lon="77.0869097">
      </trkpt>
      <trkpt lat="15.155677" lon="77.1004772">
      </trkpt>
      <trkpt lat="15.1568789" lon="77.1124559">
      </trkpt>
      <trkpt lat="15.1575912" lon="77.1194696">
      </trkpt>
      <trkpt lat="15.1578466" lon="77.1219602">
      </trkpt>
      <trkpt lat="15.1580157" lon="77.12317">
      </trkpt>
      <trkpt lat="15.1580788" lon="77.1235293">
      </trkpt>
      <trkpt lat="15.1581684" lon="77.1240395">
      </trkpt>
      <trkpt lat="15.1582756" lon="77.1246814">
      </trkpt>
      <trkpt lat="15.1584133" lon="77.1255417">
      </trkpt>
      <trkpt lat="15.1584597" lon="77.1259473">
      </trkpt>
      <trkpt lat="15.1585979" lon="77.1271084">
      </trkpt>
      <trkpt lat="15.1590446" lon="77.1316173">
      </trkpt>
      <trkpt lat="15.1591943" lon="77.1330597">
      </trkpt>
      <trkpt lat="15.1592261" lon="77.1335184">
      </trkpt>
      <trkpt lat="15.1592718" lon="77.1346511">
      </trkpt>
      <trkpt lat="15.159302" lon="77.1355928">
      </trkpt>
      <trkpt lat="15.159347" lon="77.1364408">
      </trkpt>
      <trkpt lat="15.1594196" lon="77.137252">
      </trkpt>
      <trkpt lat="15.1602859" lon="77.1458998">
      </trkpt>
      <trkpt lat="15.1618227" lon="77.1613189">
      </trkpt>
      <trkpt lat="15.161855" lon="77.1616179">
      </trkpt>
      <trkpt lat="15.1619236" lon="77.1621966">
      </trkpt>
      <trkpt lat="15.1619766" lon="77.1628079">
      </trkpt>
      <trkpt lat="15.162057" lon="77.1640615">
      </trkpt>
      <trkpt lat="15.1621118" lon="77.1649867">
      </trkpt>
      <trkpt lat="15.1624183" lon="77.1682431">
      </trkpt>
      <trkpt lat="15.1627829" lon="77.1717209">
      </trkpt>
      <trkpt lat="15.1630146" lon="77.1740423">
      </trkpt>
      <trkpt lat="15.1634537" lon="77.1784399">
      </trkpt>
      <trkpt lat="15.1636414" lon="77.1803331">
      </trkpt>
      <trkpt lat="15.1639269" lon="77.1832189">
      </trkpt>
      <trkpt lat="15.1643068" lon="77.1870245">
      </trkpt>
      <trkpt lat="15.1646603" lon="77.1904337">
      </trkpt>
      <trkpt lat="15.1649797" lon="77.1928449">
      </trkpt>
      <trkpt lat="15.1651154" lon="77.194031">
      </trkpt>
      <trkpt lat="15.1654741" lon="77.1975747">
      </trkpt>
      <trkpt lat="15.1655103" lon="77.1979644">
      </trkpt>
      <trkpt lat="15.1657339" lon="77.2003729">
      </trkpt>
      <trkpt lat="15.1661238" lon="77.204292">
      </trkpt>
      <trkpt lat="15.1662894" lon="77.2054391">
      </trkpt>
      <trkpt lat="15.1664606" lon="77.206338">
      </trkpt>
      <trkpt lat="15.1664893" lon="77.2064791">
      </trkpt>
      <trkpt lat="15.1666611" lon="77.2072496">
      </trkpt>
      <trkpt lat="15.1667585" lon="77.2077701">
      </trkpt>
      <trkpt lat="15.1668314" lon="77.2082898">
      </trkpt>
      <trkpt lat="15.1671271" lon="77.2111242">
      </trkpt>
      <trkpt lat="15.167613" lon="77.2159291">
      </trkpt>
      <trkpt lat="15.1677117" lon="77.216942">
      </trkpt>
      <trkpt lat="15.1681939" lon="77.2216928">
      </trkpt>
      <trkpt lat="15.168318" lon="77.2230229">
      </trkpt>
      <trkpt lat="15.1683632" lon="77.2236576">
      </trkpt>
      <trkpt lat="15.168372" lon="77.2243728">
      </trkpt>
      <trkpt lat="15.16837" lon="77.2250403">
      </trkpt>
      <trkpt lat="15.1683473" lon="77.2257185">
      </trkpt>
      <trkpt lat="15.1683137" lon="77.2262404">
      </trkpt>
      <trkpt lat="15.1682543" lon="77.2268348">
      </trkpt>
      <trkpt lat="15.1681094" lon="77.2282166">
      </trkpt>
      <trkpt lat="15.167949" lon="77.2297211">
      </trkpt>
      <trkpt lat="15.1678421" lon="77.2305165">
      </trkpt>
      <trkpt lat="15.1677054" lon="77.2312996">
      </trkpt>
      <trkpt lat="15.1675787" lon="77.2323441">
      </trkpt>
      <trkpt lat="15.1670946" lon="77.2367661">
      </trkpt>
      <trkpt lat="15.167005" lon="77.237614">
      </trkpt>
      <trkpt lat="15.1659258" lon="77.2477585">
      </trkpt>
      <trkpt lat="15.1652706" lon="77.2542386">
      </trkpt>
      <trkpt lat="15.165105" lon="77.2556428">
      </trkpt>
      <trkpt lat="15.1648276" lon="77.2585322">
      </trkpt>
      <trkpt lat="15.1646926" lon="77.2599491">
      </trkpt>
      <trkpt lat="15.1643834" lon="77.2631753">
      </trkpt>
      <trkpt lat="15.1642214" lon="77.2649748">
      </trkpt>
      <trkpt lat="15.1640176" lon="77.2671096">
      </trkpt>
      <trkpt lat="15.1638863" lon="77.2684331">
      </trkpt>
      <trkpt lat="15.1637863" lon="77.2696835">
      </trkpt>
      <trkpt lat="15.1636375" lon="77.2710204">
      </trkpt>
      <trkpt lat="15.1636154" lon="77.2712187">
      </trkpt>
      <trkpt lat="15.163573" lon="77.2718296">
      </trkpt>
      <trkpt lat="15.1634984" lon="77.2732319">
      </trkpt>
      <trkpt lat="15.1634656" lon="77.2737013">
      </trkpt>
      <trkpt lat="15.1632316" lon="77.2758415">
      </trkpt>
      <trkpt lat="15.1632279" lon="77.2758754">
      </trkpt>
      <trkpt lat="15.1630779" lon="77.277251">
      </trkpt>
      <trkpt lat="15.1628463" lon="77.2787589">
      </trkpt>
      <trkpt lat="15.1627171" lon="77.2796772">
      </trkpt>
      <trkpt lat="15.162662" lon="77.2802297">
      </trkpt>
      <trkpt lat="15.1625271" lon="77.2815047">
      </trkpt>
      <trkpt lat="15.1623071" lon="77.2832233">
      </trkpt>
      <trkpt lat="15.1621232" lon="77.2844853">
      </trkpt>
      <trkpt lat="15.1617384" lon="77.2880964">
      </trkpt>
      <trkpt lat="15.1614866" lon="77.2904834">
      </trkpt>
      <trkpt lat="15.1613833" lon="77.2915602">
      </trkpt>
      <trkpt lat="15.1610568" lon="77.2937134">
      </trkpt>
      <trkpt lat="15.1609874" lon="77.294252">
      </trkpt>
      <trkpt lat="15.1608979" lon="77.2953716">
      </trkpt>
      <trkpt lat="15.1599173" lon="77.304461">
      </trkpt>
      <trkpt lat="15.159716" lon="77.306404">
      </trkpt>
      <trkpt lat="15.1595613" lon="77.3078537">
      </trkpt>
      <trkpt lat="15.1594021" lon="77.3096162">
      </trkpt>
      <trkpt lat="15.1593053" lon="77.3110386">
      </trkpt>
      <trkpt lat="15.1592396" lon="77.31274">
      </trkpt>
      <trkpt lat="15.1591561" lon="77.3146502">
      </trkpt>
      <trkpt lat="15.1591715" lon="77.3158482">
      </trkpt>
      <trkpt lat="15.1591617" lon="77.3165858">
      </trkpt>
      <trkpt lat="15.1591379" lon="77.317419">
      </trkpt>
      <trkpt lat="15.1591089" lon="77.3181574">
      </trkpt>
      <trkpt lat="15.1589566" lon="77.3222078">
      </trkpt>
      <trkpt lat="15.1589562" lon="77.3232308">
      </trkpt>
      <trkpt lat="15.1589739" lon="77.324039">
      </trkpt>
      <trkpt lat="15.1590163" lon="77.3248364">
      </trkpt>
      <trkpt lat="15.1591037" lon="77.3256571">
      </trkpt>
      <trkpt lat="15.1592742" lon="77.3268196">
      </trkpt>
      <trkpt lat="15.1593635" lon="77.3272815">
      </trkpt>
      <trkpt lat="15.1594672" lon="77.3278048">
      </trkpt>
      <trkpt lat="15.1596656" lon="77.3286292">
      </trkpt>
      <trkpt lat="15.1599406" lon="77.3295423">
      </trkpt>
      <trkpt lat="15.1600884" lon="77.3300186">
      </trkpt>
      <trkpt lat="15.1602678" lon="77.3305416">
      </trkpt>
      <trkpt lat="15.1606266" lon="77.3314521">
      </trkpt>
      <trkpt lat="15.1608814" lon="77.3320627">
      </trkpt>
      <trkpt lat="15.1611542" lon="77.3326453">
      </trkpt>
      <trkpt lat="15.1614054" lon="77.3331417">
      </trkpt>
      <trkpt lat="15.1616701" lon="77.3336194">
      </trkpt>
      <trkpt lat="15.1634714" lon="77.3366682">
      </trkpt>
      <trkpt lat="15.1635318" lon="77.3367705">
      </trkpt>
      <trkpt lat="15.1638698" lon="77.3373304">
      </trkpt>
      <trkpt lat="15.1643835" lon="77.3381854">
      </trkpt>
      <trkpt lat="15.1644361" lon="77.3382729">
      </trkpt>
      <trkpt lat="15.164709" lon="77.3387301">
      </trkpt>
      <trkpt lat="15.1693047" lon="77.3463959">
      </trkpt>
      <trkpt lat="15.1701869" lon="77.3478963">
      </trkpt>
      <trkpt lat="15.1703191" lon="77.3481193">
      </trkpt>
      <trkpt lat="15.1705909" lon="77.3485592">
      </trkpt>
      <trkpt lat="15.1706737" lon="77.3486772">
      </trkpt>
      <trkpt lat="15.1708302" lon="77.3488982">
      </trkpt>
      <trkpt lat="15.1709896" lon="77.3491037">
      </trkpt>
      <trkpt lat="15.1714089" lon="77.349557">
      </trkpt>
      <trkpt lat="15.1715289" lon="77.3496703">
      </trkpt>
      <trkpt lat="15.1716686" lon="77.3497876">
      </trkpt>
      <trkpt lat="15.1718634" lon="77.3499419">
      </trkpt>
      <trkpt lat="15.17207" lon="77.3500961">
      </trkpt>
      <trkpt lat="15.1722618" lon="77.3502184">
      </trkpt>
      <trkpt lat="15.1724536" lon="77.3503285">
      </trkpt>
      <trkpt lat="15.172856" lon="77.3505467">
      </trkpt>
      <trkpt lat="15.1731245" lon="77.3506609">
      </trkpt>
      <trkpt lat="15.1733537" lon="77.3507303">
      </trkpt>
      <trkpt lat="15.1736042" lon="77.3508042">
      </trkpt>
      <trkpt lat="15.1737629" lon="77.3508443">
      </trkpt>
      <trkpt lat="15.1739373" lon="77.3508844">
      </trkpt>
      <trkpt lat="15.1741958" lon="77.3509281">
      </trkpt>
      <trkpt lat="15.1744323" lon="77.3509585">
      </trkpt>
      <trkpt lat="15.1746118" lon="77.3509687">
      </trkpt>
      <trkpt lat="15.1748442" lon="77.350983">
      </trkpt>
      <trkpt lat="15.175109" lon="77.3509791">
      </trkpt>
      <trkpt lat="15.1753198" lon="77.3509698">
      </trkpt>
      <trkpt lat="15.1755168" lon="77.3509503">
      </trkpt>
      <trkpt lat="15.1757657" lon="77.3509195">
      </trkpt>
      <trkpt lat="15.1760278" lon="77.3508753">
      </trkpt>
      <trkpt lat="15.1763016" lon="77.350831">
      </trkpt>
      <trkpt lat="15.1764901" lon="77.3508008">
      </trkpt>
      <trkpt lat="15.1769002" lon="77.3507352">
      </trkpt>
      <trkpt lat="15.1773552" lon="77.350662">
      </trkpt>
      <trkpt lat="15.1785252" lon="77.3504823">
      </trkpt>
      <trkpt lat="15.1787123" lon="77.3504654">
      </trkpt>
      <trkpt lat="15.1788993" lon="77.3504567">
      </trkpt>
      <trkpt lat="15.1791361" lon="77.3504432">
      </trkpt>
      <trkpt lat="15.1793704" lon="77.3504489">
      </trkpt>
      <trkpt lat="15.1795873" lon="77.3504594">
      </trkpt>
      <trkpt lat="15.1797864" lon="77.3504822">
      </trkpt>
      <trkpt lat="15.1799886" lon="77.3505073">
      </trkpt>
      <trkpt lat="15.1802361" lon="77.3505577">
      </trkpt>
      <trkpt lat="15.1804307" lon="77.3506089">
      </trkpt>
      <trkpt lat="15.1806763" lon="77.3506805">
      </trkpt>
      <trkpt lat="15.1809635" lon="77.3507789">
      </trkpt>
      <trkpt lat="15.1811545" lon="77.3508474">
      </trkpt>
      <trkpt lat="15.1813358" lon="77.3509321">
      </trkpt>
      <trkpt lat="15.1815257" lon="77.3510284">
      </trkpt>
      <trkpt lat="15.1817369" lon="77.3511499">
      </trkpt>
      <trkpt lat="15.1819267" lon="77.3512655">
      </trkpt>
      <trkpt lat="15.1820791" lon="77.3513654">
      </trkpt>
      <trkpt lat="15.1822079" lon="77.3514571">
      </trkpt>
      <trkpt lat="15.1824068" lon="77.351608">
      </trkpt>
      <trkpt lat="15.1826006" lon="77.3517671">
      </trkpt>
      <trkpt lat="15.1828043" lon="77.3519668">
      </trkpt>
      <trkpt lat="15.182988" lon="77.3521548">
      </trkpt>
      <trkpt lat="15.1831473" lon="77.3523416">
      </trkpt>
      <trkpt lat="15.1832988" lon="77.3525284">
      </trkpt>
      <trkpt lat="15.1834565" lon="77.3527434">
      </trkpt>
      <trkpt lat="15.1835583" lon="77.3528969">
      </trkpt>
      <trkpt lat="15.1836562" lon="77.3530463">
      </trkpt>
      <trkpt lat="15.1837853" lon="77.3532638">
      </trkpt>
      <trkpt lat="15.1838954" lon="77.3534941">
      </trkpt>
      <trkpt lat="15.1839937" lon="77.3537122">
      </trkpt>
      <trkpt lat="15.1840804" lon="77.3539451">
      </trkpt>
      <trkpt lat="15.1841593" lon="77.3541862">
      </trkpt>
      <trkpt lat="15.1842225" lon="77.354407">
      </trkpt>
      <trkpt lat="15.1842823" lon="77.3546574">
      </trkpt>
      <trkpt lat="15.1843226" lon="77.3548452">
      </trkpt>
      <trkpt lat="15.184351" lon="77.3550208">
      </trkpt>
      <trkpt lat="15.1843884" lon="77.355254">
      </trkpt>
      <trkpt lat="15.1844141" lon="77.3554773">
      </trkpt>
      <trkpt lat="15.1844261" lon="77.3557403">
      </trkpt>
      <trkpt lat="15.1844264" lon="77.3560259">
      </trkpt>
      <trkpt lat="15.1844215" lon="77.3561738">
      </trkpt>
      <trkpt lat="15.1844126" lon="77.3563177">
      </trkpt>
      <trkpt lat="15.1843864" lon="77.3565841">
      </trkpt>
      <trkpt lat="15.1843689" lon="77.3567108">
      </trkpt>
      <trkpt lat="15.1843134" lon="77.3569975">
      </trkpt>
      <trkpt lat="15.1842638" lon="77.3572413">
      </trkpt>
      <trkpt lat="15.1841813" lon="77.3575231">
      </trkpt>
      <trkpt lat="15.1840988" lon="77.3577521">
      </trkpt>
      <trkpt lat="15.1840053" lon="77.3579925">
      </trkpt>
      <trkpt lat="15.1838993" lon="77.3582288">
      </trkpt>
      <trkpt lat="15.1837749" lon="77.3584726">
      </trkpt>
      <trkpt lat="15.1836249" lon="77.3587393">
      </trkpt>
      <trkpt lat="15.1834347" lon="77.3590364">
      </trkpt>
      <trkpt lat="15.1832536" lon="77.3592805">
      </trkpt>
      <trkpt lat="15.1830432" lon="77.359536">
      </trkpt>
      <trkpt lat="15.1828604" lon="77.3597325">
      </trkpt>
      <trkpt lat="15.1826593" lon="77.3599291">
      </trkpt>
      <trkpt lat="15.1824397" lon="77.3601162">
      </trkpt>
      <trkpt lat="15.1822017" lon="77.360307">
      </trkpt>
      <trkpt lat="15.1819946" lon="77.3604471">
      </trkpt>
      <trkpt lat="15.1817765" lon="77.3605835">
      </trkpt>
      <trkpt lat="15.1816362" lon="77.3606656">
      </trkpt>
      <trkpt lat="15.1814886" lon="77.3607477">
      </trkpt>
      <trkpt lat="15.1809793" lon="77.3609751">
      </trkpt>
      <trkpt lat="15.1807496" lon="77.3610664">
      </trkpt>
      <trkpt lat="15.1804759" lon="77.3611751">
      </trkpt>
      <trkpt lat="15.1801297" lon="77.3613222">
      </trkpt>
      <trkpt lat="15.1797963" lon="77.3614553">
      </trkpt>
      <trkpt lat="15.1795943" lon="77.3615459">
      </trkpt>
      <trkpt lat="15.1794675" lon="77.3616028">
      </trkpt>
      <trkpt lat="15.1791569" lon="77.3617464">
      </trkpt>
      <trkpt lat="15.1788417" lon="77.3619304">
      </trkpt>
      <trkpt lat="15.1786133" lon="77.3620856">
      </trkpt>
      <trkpt lat="15.178388" lon="77.3622385">
      </trkpt>
      <trkpt lat="15.1781736" lon="77.3624156">
      </trkpt>
      <trkpt lat="15.1780308" lon="77.3625336">
      </trkpt>
      <trkpt lat="15.1778457" lon="77.3626905">
      </trkpt>
      <trkpt lat="15.177671" lon="77.3628473">
      </trkpt>
      <trkpt lat="15.177544" lon="77.3629769">
      </trkpt>
      <trkpt lat="15.1774221" lon="77.363128">
      </trkpt>
      <trkpt lat="15.1771869" lon="77.3634749">
      </trkpt>
      <trkpt lat="15.1768703" lon="77.3639707">
      </trkpt>
      <trkpt lat="15.1766528" lon="77.3643101">
      </trkpt>
      <trkpt lat="15.1761368" lon="77.3651635">
      </trkpt>
      <trkpt lat="15.1760061" lon="77.3653915">
      </trkpt>
      <trkpt lat="15.1758507" lon="77.3656852">
      </trkpt>
      <trkpt lat="15.1750224" lon="77.3673938">
      </trkpt>
      <trkpt lat="15.1744632" lon="77.3685337">
      </trkpt>
      <trkpt lat="15.1743234" lon="77.3688368">
      </trkpt>
      <trkpt lat="15.1742277" lon="77.3690755">
      </trkpt>
      <trkpt lat="15.1741319" lon="77.3693679">
      </trkpt>
      <trkpt lat="15.1740672" lon="77.3695959">
      </trkpt>
      <trkpt lat="15.1741319" lon="77.3693679">
      </trkpt>
      <trkpt lat="15.1742277" lon="77.3690755">
      </trkpt>
      <trkpt lat="15.1743234" lon="77.3688368">
      </trkpt>
      <trkpt lat="15.1744632" lon="77.3685337">
      </trkpt>
      <trkpt lat="15.1750224" lon="77.3673938">
      </trkpt>
      <trkpt lat="15.1758507" lon="77.3656852">
      </trkpt>
      <trkpt lat="15.1760061" lon="77.3653915">
      </trkpt>
      <trkpt lat="15.1761368" lon="77.3651635">
      </trkpt>
      <trkpt lat="15.1766528" lon="77.3643101">
      </trkpt>
      <trkpt lat="15.1768703" lon="77.3639707">
      </trkpt>
      <trkpt lat="15.1771869" lon="77.3634749">
      </trkpt>
      <trkpt lat="15.1774221" lon="77.363128">
      </trkpt>
      <trkpt lat="15.177544" lon="77.3629769">
      </trkpt>
      <trkpt lat="15.177671" lon="77.3628473">
      </trkpt>
      <trkpt lat="15.1778457" lon="77.3626905">
      </trkpt>
      <trkpt lat="15.1780308" lon="77.3625336">
      </trkpt>
      <trkpt lat="15.1781736" lon="77.3624156">
      </trkpt>
      <trkpt lat="15.178388" lon="77.3622385">
      </trkpt>
      <trkpt lat="15.1786133" lon="77.3620856">
      </trkpt>
      <trkpt lat="15.1788417" lon="77.3619304">
      </trkpt>
      <trkpt lat="15.1791569" lon="77.3617464">
      </trkpt>
      <trkpt lat="15.1794675" lon="77.3616028">
      </trkpt>
      <trkpt lat="15.1795943" lon="77.3615459">
      </trkpt>
      <trkpt lat="15.1797963" lon="77.3614553">
      </trkpt>
      <trkpt lat="15.1801297" lon="77.3613222">
      </trkpt>
      <trkpt lat="15.180486" lon="77.3612336">
      </trkpt>
      <trkpt lat="15.1805443" lon="77.3612241">
      </trkpt>
      <trkpt lat="15.1807049" lon="77.3611978">
      </trkpt>
      <trkpt lat="15.1809159" lon="77.3611643">
      </trkpt>
      <trkpt lat="15.1811786" lon="77.3611361">
      </trkpt>
      <trkpt lat="15.1816235" lon="77.3611133">
      </trkpt>
      <trkpt lat="15.1820996" lon="77.3611151">
      </trkpt>
      <trkpt lat="15.1826878" lon="77.3611886">
      </trkpt>
      <trkpt lat="15.1833254" lon="77.3613406">
      </trkpt>
      <trkpt lat="15.1836263" lon="77.3614386">
      </trkpt>
      <trkpt lat="15.1839272" lon="77.3615684">
      </trkpt>
      <trkpt lat="15.1842019" lon="77.361705">
      </trkpt>
      <trkpt lat="15.1844582" lon="77.361848">
      </trkpt>
      <trkpt lat="15.1865233" lon="77.3629909">
      </trkpt>
      <trkpt lat="15.1869864" lon="77.3632326">
      </trkpt>
      <trkpt lat="15.1873032" lon="77.3633802">
      </trkpt>
      <trkpt lat="15.1875364" lon="77.3634801">
      </trkpt>
      <trkpt lat="15.1877182" lon="77.3635499">
      </trkpt>
      <trkpt lat="15.1880165" lon="77.363644">
      </trkpt>
      <trkpt lat="15.1883437" lon="77.3637313">
      </trkpt>
      <trkpt lat="15.1886579" lon="77.3638052">
      </trkpt>
      <trkpt lat="15.1890876" lon="77.3638777">
      </trkpt>
      <trkpt lat="15.1894568" lon="77.3639122">
      </trkpt>
      <trkpt lat="15.1938054" lon="77.364285">
      </trkpt>
      <trkpt lat="15.1943496" lon="77.3642976">
      </trkpt>
      <trkpt lat="15.1947941" lon="77.3642953">
      </trkpt>
      <trkpt lat="15.1953689" lon="77.3642528">
      </trkpt>
      <trkpt lat="15.1971911" lon="77.3640811">
      </trkpt>
      <trkpt lat="15.1979366" lon="77.3640597">
      </trkpt>
      <trkpt lat="15.1991279" lon="77.3641561">
      </trkpt>
      <trkpt lat="15.209211" lon="77.365043">
      </trkpt>
      <trkpt lat="15.2176278" lon="77.3657834">
      </trkpt>
      <trkpt lat="15.220251" lon="77.3660178">
      </trkpt>
      <trkpt lat="15.2258797" lon="77.3665079">
      </trkpt>
      <trkpt lat="15.2475847" lon="77.3683976">
      </trkpt>
      <trkpt lat="15.2487637" lon="77.3685251">
      </trkpt>
      <trkpt lat="15.2491349" lon="77.3685652">
      </trkpt>
      <trkpt lat="15.2495416" lon="77.3686006">
      </trkpt>
      <trkpt lat="15.2564714" lon="77.3692029">
      </trkpt>
      <trkpt lat="15.2586096" lon="77.3693884">
      </trkpt>
      <trkpt lat="15.2600674" lon="77.3694874">
      </trkpt>
      <trkpt lat="15.260207" lon="77.3695006">
      </trkpt>
      <trkpt lat="15.2610858" lon="77.3695837">
      </trkpt>
      <trkpt lat="15.2637538" lon="77.3697674">
      </trkpt>
      <trkpt lat="15.2654758" lon="77.3699365">
      </trkpt>
      <trkpt lat="15.2683162" lon="77.3701777">
      </trkpt>
      <trkpt lat="15.2705722" lon="77.3703874">
      </trkpt>
      <trkpt lat="15.2730784" lon="77.3706374">
      </trkpt>
      <trkpt lat="15.2748058" lon="77.3707688">
      </trkpt>
      <trkpt lat="15.2757108" lon="77.3708377">
      </trkpt>
      <trkpt lat="15.2782413" lon="77.3710353">
      </trkpt>
      <trkpt lat="15.2793837" lon="77.3711224">
      </trkpt>
      <trkpt lat="15.2814742" lon="77.3713172">
      </trkpt>
      <trkpt lat="15.2844427" lon="77.3715724">
      </trkpt>
      <trkpt lat="15.2861929" lon="77.3717375">
      </trkpt>
      <trkpt lat="15.2870377" lon="77.3718213">
      </trkpt>
      <trkpt lat="15.2885163" lon="77.3719623">
      </trkpt>
      <trkpt lat="15.2891142" lon="77.3720138">
      </trkpt>
      <trkpt lat="15.2932502" lon="77.3723699">
      </trkpt>
      <trkpt lat="15.2975771" lon="77.3727384">
      </trkpt>
      <trkpt lat="15.2983059" lon="77.3727831">
      </trkpt>
      <trkpt lat="15.3014517" lon="77.3730724">
      </trkpt>
      <trkpt lat="15.3038318" lon="77.3732866">
      </trkpt>
      <trkpt lat="15.3066021" lon="77.3735088">
      </trkpt>
      <trkpt lat="15.3066531" lon="77.3735129">
      </trkpt>
      <trkpt lat="15.3081131" lon="77.3736459">
      </trkpt>
      <trkpt lat="15.3095915" lon="77.3738107">
      </trkpt>
      <trkpt lat="15.3117174" lon="77.3738836">
      </trkpt>
      <trkpt lat="15.313088" lon="77.3738599">
      </trkpt>
      <trkpt lat="15.3139174" lon="77.3738316">
      </trkpt>
      <trkpt lat="15.3151439" lon="77.3737771">
      </trkpt>
      <trkpt lat="15.3163374" lon="77.3737408">
      </trkpt>
      <trkpt lat="15.3169559" lon="77.3737205">
      </trkpt>
      <trkpt lat="15.3176674" lon="77.3736896">
      </trkpt>
      <trkpt lat="15.3185899" lon="77.3736378">
      </trkpt>
      <trkpt lat="15.3197872" lon="77.3735753">
      </trkpt>
      <trkpt lat="15.3209883" lon="77.3735268">
      </trkpt>
      <trkpt lat="15.3256199" lon="77.373316">
      </trkpt>
      <trkpt lat="15.3259448" lon="77.3732978">
      </trkpt>
      <trkpt lat="15.3263756" lon="77.3732793">
      </trkpt>
      <trkpt lat="15.3305172" lon="77.3731237">
      </trkpt>
      <trkpt lat="15.3330479" lon="77.3730025">
      </trkpt>
      <trkpt lat="15.3354618" lon="77.3729016">
      </trkpt>
      <trkpt lat="15.3374552" lon="77.3728249">
      </trkpt>
      <trkpt lat="15.3392383" lon="77.3727522">
      </trkpt>
      <trkpt lat="15.3418351" lon="77.3726553">
      </trkpt>
      <trkpt lat="15.3441243" lon="77.3725504">
      </trkpt>
      <trkpt lat="15.3472428" lon="77.3724414">
      </trkpt>
      <trkpt lat="15.3498239" lon="77.3723243">
      </trkpt>
      <trkpt lat="15.3523972" lon="77.3722557">
      </trkpt>
      <trkpt lat="15.3530046" lon="77.3722422">
      </trkpt>
      <trkpt lat="15.3544353" lon="77.3721782">
      </trkpt>
      <trkpt lat="15.3559613" lon="77.3721201">
      </trkpt>
      <trkpt lat="15.3569699" lon="77.3720626">
      </trkpt>
      <trkpt lat="15.359301" lon="77.3719895">
      </trkpt>
      <trkpt lat="15.3616712" lon="77.3718791">
      </trkpt>
      <trkpt lat="15.3635767" lon="77.3718118">
      </trkpt>
      <trkpt lat="15.3642422" lon="77.3717883">
      </trkpt>
      <trkpt lat="15.3652226" lon="77.3717398">
      </trkpt>
      <trkpt lat="15.3667711" lon="77.3716633">
      </trkpt>
      <trkpt lat="15.3711674" lon="77.3714677">
      </trkpt>
      <trkpt lat="15.374223" lon="77.3713229">
      </trkpt>
      <trkpt lat="15.3744238" lon="77.371325">
      </trkpt>
      <trkpt lat="15.383031" lon="77.3709392">
      </trkpt>
      <trkpt lat="15.3900406" lon="77.3706694">
      </trkpt>
      <trkpt lat="15.3965084" lon="77.3704123">
      </trkpt>
      <trkpt lat="15.4010813" lon="77.3702305">
      </trkpt>
      <trkpt lat="15.4026576" lon="77.3701679">
      </trkpt>
      <trkpt lat="15.4064086" lon="77.3700266">
      </trkpt>
      <trkpt lat="15.4118714" lon="77.3697836">
      </trkpt>
      <trkpt lat="15.4221479" lon="77.3693813">
      </trkpt>
      <trkpt lat="15.4222334" lon="77.369378">
      </trkpt>
      <trkpt lat="15.4237914" lon="77.3693098">
      </trkpt>
      <trkpt lat="15.4251529" lon="77.3692309">
      </trkpt>
      <trkpt lat="15.4258592" lon="77.3691696">
      </trkpt>
      <trkpt lat="15.4266484" lon="77.3690783">
      </trkpt>
      <trkpt lat="15.4278167" lon="77.3688858">
      </trkpt>
      <trkpt lat="15.4286232" lon="77.3687375">
      </trkpt>
      <trkpt lat="15.4294815" lon="77.3685569">
      </trkpt>
      <trkpt lat="15.4303872" lon="77.3683272">
      </trkpt>
      <trkpt lat="15.4312928" lon="77.3680653">
      </trkpt>
      <trkpt lat="15.4328513" lon="77.3675646">
      </trkpt>
      <trkpt lat="15.4342395" lon="77.3670345">
      </trkpt>
      <trkpt lat="15.4348322" lon="77.3668165">
      </trkpt>
      <trkpt lat="15.4354353" lon="77.366545">
      </trkpt>
      <trkpt lat="15.4358689" lon="77.3663374">
      </trkpt>
      <trkpt lat="15.4362664" lon="77.3661245">
      </trkpt>
      <trkpt lat="15.4379361" lon="77.365271">
      </trkpt>
      <trkpt lat="15.4497098" lon="77.3590199">
      </trkpt>
      <trkpt lat="15.4521028" lon="77.3577891">
      </trkpt>
      <trkpt lat="15.4525185" lon="77.3575753">
      </trkpt>
      <trkpt lat="15.4531968" lon="77.3572136">
      </trkpt>
      <trkpt lat="15.4546881" lon="77.3564184">
      </trkpt>
      <trkpt lat="15.4567853" lon="77.3553045">
      </trkpt>
      <trkpt lat="15.459698" lon="77.3537669">
      </trkpt>
      <trkpt lat="15.4609435" lon="77.3531043">
      </trkpt>
      <trkpt lat="15.4616068" lon="77.3527514">
      </trkpt>
      <trkpt lat="15.4626185" lon="77.3522052">
      </trkpt>
      <trkpt lat="15.4669695" lon="77.3498628">
      </trkpt>
      <trkpt lat="15.4679668" lon="77.3493447">
      </trkpt>
      <trkpt lat="15.4725482" lon="77.3469479">
      </trkpt>
      <trkpt lat="15.4835955" lon="77.3410763">
      </trkpt>
      <trkpt lat="15.4845358" lon="77.3405942">
      </trkpt>
      <trkpt lat="15.4860831" lon="77.3397371">
      </trkpt>
      <trkpt lat="15.4966308" lon="77.3341831">
      </trkpt>
      <trkpt lat="15.4975767" lon="77.3336808">
      </trkpt>
      <trkpt lat="15.4984641" lon="77.3331861">
      </trkpt>
      <trkpt lat="15.5018213" lon="77.3314209">
      </trkpt>
      <trkpt lat="15.5029971" lon="77.3307985">
      </trkpt>
      <trkpt lat="15.5088122" lon="77.3277204">
      </trkpt>
      <trkpt lat="15.5089891" lon="77.3276268">
      </trkpt>
      <trkpt lat="15.5131519" lon="77.3254247">
      </trkpt>
      <trkpt lat="15.5153458" lon="77.3242521">
      </trkpt>
      <trkpt lat="15.5176166" lon="77.3230332">
      </trkpt>
      <trkpt lat="15.5189552" lon="77.3223628">
      </trkpt>
      <trkpt lat="15.5196864" lon="77.3220494">
      </trkpt>
      <trkpt lat="15.5203659" lon="77.3217582">
      </trkpt>
      <trkpt lat="15.5217839" lon="77.3211876">
      </trkpt>
      <trkpt lat="15.5226838" lon="77.3208726">
      </trkpt>
      <trkpt lat="15.5273067" lon="77.3191208">
      </trkpt>
      <trkpt lat="15.5322693" lon="77.3172349">
      </trkpt>
      <trkpt lat="15.5337614" lon="77.3166923">
      </trkpt>
      <trkpt lat="15.5352127" lon="77.3161413">
      </trkpt>
      <trkpt lat="15.5352637" lon="77.3161243">
      </trkpt>
      <trkpt lat="15.5367079" lon="77.3156431">
      </trkpt>
      <trkpt lat="15.5371224" lon="77.3154889">
      </trkpt>
      <trkpt lat="15.5383089" lon="77.3150475">
      </trkpt>
      <trkpt lat="15.5395726" lon="77.3145728">
      </trkpt>
      <trkpt lat="15.5407907" lon="77.3141187">
      </trkpt>
      <trkpt lat="15.5420908" lon="77.313621">
      </trkpt>
      <trkpt lat="15.5434089" lon="77.3131358">
      </trkpt>
      <trkpt lat="15.5447371" lon="77.3126319">
      </trkpt>
      <trkpt lat="15.5460111" lon="77.3121259">
      </trkpt>
      <trkpt lat="15.547729" lon="77.311459">
      </trkpt>
      <trkpt lat="15.5487255" lon="77.3110243">
      </trkpt>
      <trkpt lat="15.5491299" lon="77.3108569">
      </trkpt>
      <trkpt lat="15.5500636" lon="77.3104703">
      </trkpt>
      <trkpt lat="15.5557386" lon="77.3080558">
      </trkpt>
      <trkpt lat="15.5629233" lon="77.3052449">
      </trkpt>
      <trkpt lat="15.575001" lon="77.3005099">
      </trkpt>
      <trkpt lat="15.5788342" lon="77.2990013">
      </trkpt>
      <trkpt lat="15.5897948" lon="77.2946822">
      </trkpt>
      <trkpt lat="15.5912365" lon="77.2941382">
      </trkpt>
      <trkpt lat="15.5960773" lon="77.2922709">
      </trkpt>
      <trkpt lat="15.5989119" lon="77.2911608">
      </trkpt>
      <trkpt lat="15.59972" lon="77.290854">
      </trkpt>
      <trkpt lat="15.6016425" lon="77.2900257">
      </trkpt>
      <trkpt lat="15.602673" lon="77.2894929">
      </trkpt>
      <trkpt lat="15.60384" lon="77.2888441">
      </trkpt>
      <trkpt lat="15.605338" lon="77.2878215">
      </trkpt>
      <trkpt lat="15.606505" lon="77.2868719">
      </trkpt>
      <trkpt lat="15.606631" lon="77.2867521">
      </trkpt>
      <trkpt lat="15.6075347" lon="77.2858923">
      </trkpt>
      <trkpt lat="15.608959" lon="77.2843369">
      </trkpt>
      <trkpt lat="15.6109098" lon="77.282064">
      </trkpt>
      <trkpt lat="15.6118839" lon="77.2808984">
      </trkpt>
      <trkpt lat="15.6119082" lon="77.2808692">
      </trkpt>
      <trkpt lat="15.61349" lon="77.2790473">
      </trkpt>
      <trkpt lat="15.6146291" lon="77.2777252">
      </trkpt>
      <trkpt lat="15.6157854" lon="77.2763335">
      </trkpt>
      <trkpt lat="15.6164952" lon="77.2754629">
      </trkpt>
      <trkpt lat="15.6172909" lon="77.2745566">
      </trkpt>
      <trkpt lat="15.6181028" lon="77.2736289">
      </trkpt>
      <trkpt lat="15.6184877" lon="77.2732286">
      </trkpt>
      <trkpt lat="15.6189413" lon="77.2728068">
      </trkpt>
      <trkpt lat="15.6192579" lon="77.2724731">
      </trkpt>
      <trkpt lat="15.6193394" lon="77.2724653">
      </trkpt>
      <trkpt lat="15.6199863" lon="77.2717147">
      </trkpt>
      <trkpt lat="15.6211927" lon="77.2703349">
      </trkpt>
      <trkpt lat="15.6245852" lon="77.2664382">
      </trkpt>
      <trkpt lat="15.6280431" lon="77.2624277">
      </trkpt>
      <trkpt lat="15.6304191" lon="77.2597024">
      </trkpt>
      <trkpt lat="15.6354618" lon="77.2538873">
      </trkpt>
      <trkpt lat="15.6408011" lon="77.2477433">
      </trkpt>
      <trkpt lat="15.6451935" lon="77.2427057">
      </trkpt>
      <trkpt lat="15.6528545" lon="77.2338794">
      </trkpt>
      <trkpt lat="15.6537231" lon="77.2329598">
      </trkpt>
      <trkpt lat="15.6544528" lon="77.2322535">
      </trkpt>
      <trkpt lat="15.6547078" lon="77.2320067">
      </trkpt>
      <trkpt lat="15.6549096" lon="77.2318148">
      </trkpt>
      <trkpt lat="15.6557373" lon="77.2310601">
      </trkpt>
      <trkpt lat="15.6566626" lon="77.2302614">
      </trkpt>
      <trkpt lat="15.6576615" lon="77.2294733">
      </trkpt>
      <trkpt lat="15.6588172" lon="77.2286038">
      </trkpt>
      <trkpt lat="15.6599173" lon="77.2278592">
      </trkpt>
      <trkpt lat="15.6611197" lon="77.227106">
      </trkpt>
      <trkpt lat="15.661863" lon="77.2266729">
      </trkpt>
      <trkpt lat="15.6620659" lon="77.2265662">
      </trkpt>
      <trkpt lat="15.6624943" lon="77.226341">
      </trkpt>
      <trkpt lat="15.6634095" lon="77.22586">
      </trkpt>
      <trkpt lat="15.6641929" lon="77.2254599">
      </trkpt>
      <trkpt lat="15.6649598" lon="77.2251247">
      </trkpt>
      <trkpt lat="15.6652539" lon="77.2249962">
      </trkpt>
      <trkpt lat="15.6663603" lon="77.2245223">
      </trkpt>
      <trkpt lat="15.6674666" lon="77.2240989">
      </trkpt>
      <trkpt lat="15.6689311" lon="77.2235981">
      </trkpt>
      <trkpt lat="15.6704781" lon="77.2231577">
      </trkpt>
      <trkpt lat="15.671979" lon="77.2227962">
      </trkpt>
      <trkpt lat="15.6735576" lon="77.2224851">
      </trkpt>
      <trkpt lat="15.6754112" lon="77.2222159">
      </trkpt>
      <trkpt lat="15.6773134" lon="77.2220424">
      </trkpt>
      <trkpt lat="15.6799639" lon="77.2218202">
      </trkpt>
      <trkpt lat="15.6864558" lon="77.2213074">
      </trkpt>
      <trkpt lat="15.6884318" lon="77.2211567">
      </trkpt>
      <trkpt lat="15.6917329" lon="77.2209">
      </trkpt>
      <trkpt lat="15.6922798" lon="77.2208593">
      </trkpt>
      <trkpt lat="15.6945821" lon="77.220669">
      </trkpt>
      <trkpt lat="15.6977255" lon="77.2204074">
      </trkpt>
      <trkpt lat="15.7013494" lon="77.2201356">
      </trkpt>
      <trkpt lat="15.7050871" lon="77.2198273">
      </trkpt>
      <trkpt lat="15.7078865" lon="77.219611">
      </trkpt>
      <trkpt lat="15.7111761" lon="77.2193645">
      </trkpt>
      <trkpt lat="15.7132323" lon="77.2192808">
      </trkpt>
      <trkpt lat="15.7144281" lon="77.2192725">
      </trkpt>
      <trkpt lat="15.7159151" lon="77.2193348">
      </trkpt>
      <trkpt lat="15.7172101" lon="77.2193888">
      </trkpt>
      <trkpt lat="15.7200216" lon="77.2195705">
      </trkpt>
      <trkpt lat="15.7219824" lon="77.2196624">
      </trkpt>
      <trkpt lat="15.7220503" lon="77.2196656">
      </trkpt>
      <trkpt lat="15.7231358" lon="77.219728">
      </trkpt>
      <trkpt lat="15.7247304" lon="77.2198283">
      </trkpt>
      <trkpt lat="15.7258459" lon="77.2198968">
      </trkpt>
      <trkpt lat="15.7285502" lon="77.2200553">
      </trkpt>
      <trkpt lat="15.7312555" lon="77.2202184">
      </trkpt>
      <trkpt lat="15.7330643" lon="77.2203289">
      </trkpt>
      <trkpt lat="15.7337203" lon="77.2203547">
      </trkpt>
      <trkpt lat="15.7345916" lon="77.220389">
      </trkpt>
      <trkpt lat="15.7360856" lon="77.2204305">
      </trkpt>
      <trkpt lat="15.7375574" lon="77.2205216">
      </trkpt>
      <trkpt lat="15.7391148" lon="77.2206086">
      </trkpt>
      <trkpt lat="15.741731" lon="77.2207734">
      </trkpt>
      <trkpt lat="15.743015" lon="77.2208571">
      </trkpt>
      <trkpt lat="15.7443969" lon="77.2209324">
      </trkpt>
      <trkpt lat="15.7461538" lon="77.2210396">
      </trkpt>
      <trkpt lat="15.7475948" lon="77.2211888">
      </trkpt>
      <trkpt lat="15.748348" lon="77.221293">
      </trkpt>
      <trkpt lat="15.7494112" lon="77.2214736">
      </trkpt>
      <trkpt lat="15.7547394" lon="77.2225105">
      </trkpt>
      <trkpt lat="15.7566625" lon="77.2228833">
      </trkpt>
      <trkpt lat="15.7586061" lon="77.2232477">
      </trkpt>
      <trkpt lat="15.7626963" lon="77.2240434">
      </trkpt>
      <trkpt lat="15.7654773" lon="77.2245991">
      </trkpt>
      <trkpt lat="15.7677402" lon="77.2250495">
      </trkpt>
      <trkpt lat="15.7692402" lon="77.2253304">
      </trkpt>
      <trkpt lat="15.7741458" lon="77.2262977">
      </trkpt>
      <trkpt lat="15.7753133" lon="77.2265106">
      </trkpt>
      <trkpt lat="15.7754862" lon="77.2265405">
      </trkpt>
      <trkpt lat="15.7755485" lon="77.2265546">
      </trkpt>
      <trkpt lat="15.7760624" lon="77.2266717">
      </trkpt>
      <trkpt lat="15.7783386" lon="77.2271094">
      </trkpt>
      <trkpt lat="15.779595" lon="77.2273393">
      </trkpt>
      <trkpt lat="15.7823242" lon="77.2278803">
      </trkpt>
      <trkpt lat="15.7850207" lon="77.2284043">
      </trkpt>
      <trkpt lat="15.7897689" lon="77.2293143">
      </trkpt>
      <trkpt lat="15.7957334" lon="77.2304671">
      </trkpt>
      <trkpt lat="15.7958805" lon="77.2304965">
      </trkpt>
      <trkpt lat="15.7979923" lon="77.2309185">
      </trkpt>
      <trkpt lat="15.7997569" lon="77.2312705">
      </trkpt>
      <trkpt lat="15.8008187" lon="77.2314973">
      </trkpt>
      <trkpt lat="15.8020844" lon="77.2318132">
      </trkpt>
      <trkpt lat="15.8032746" lon="77.2321449">
      </trkpt>
      <trkpt lat="15.8045137" lon="77.2324724">
      </trkpt>
      <trkpt lat="15.8069708" lon="77.2331448">
      </trkpt>
      <trkpt lat="15.8107537" lon="77.2341443">
      </trkpt>
      <trkpt lat="15.8113039" lon="77.2342948">
      </trkpt>
      <trkpt lat="15.8142026" lon="77.2350876">
      </trkpt>
      <trkpt lat="15.8185453" lon="77.2362824">
      </trkpt>
      <trkpt lat="15.8207411" lon="77.2368797">
      </trkpt>
      <trkpt lat="15.822631" lon="77.2373627">
      </trkpt>
      <trkpt lat="15.8233011" lon="77.2375026">
      </trkpt>
      <trkpt lat="15.8245136" lon="77.237685">
      </trkpt>
      <trkpt lat="15.8252381" lon="77.2377558">
      </trkpt>
      <trkpt lat="15.8260606" lon="77.2378011">
      </trkpt>
      <trkpt lat="15.826786" lon="77.2378168">
      </trkpt>
      <trkpt lat="15.8275441" lon="77.2378071">
      </trkpt>
      <trkpt lat="15.828906" lon="77.2377222">
      </trkpt>
      <trkpt lat="15.8386625" lon="77.2368683">
      </trkpt>
      <trkpt lat="15.8445518" lon="77.2363702">
      </trkpt>
      <trkpt lat="15.8447372" lon="77.2363519">
      </trkpt>
      <trkpt lat="15.8458346" lon="77.2362437">
      </trkpt>
      <trkpt lat="15.846514" lon="77.2361926">
      </trkpt>
      <trkpt lat="15.847214" lon="77.2361772">
      </trkpt>
      <trkpt lat="15.8480645" lon="77.2361996">
      </trkpt>
      <trkpt lat="15.8485591" lon="77.236232">
      </trkpt>
      <trkpt lat="15.8490468" lon="77.2362786">
      </trkpt>
      <trkpt lat="15.8496407" lon="77.2363652">
      </trkpt>
      <trkpt lat="15.850221" lon="77.2364732">
      </trkpt>
      <trkpt lat="15.8506815" lon="77.2365618">
      </trkpt>
      <trkpt lat="15.8511145" lon="77.2366789">
      </trkpt>
      <trkpt lat="15.8515994" lon="77.236805">
      </trkpt>
      <trkpt lat="15.8523755" lon="77.2370773">
      </trkpt>
      <trkpt lat="15.8528454" lon="77.2372648">
      </trkpt>
      <trkpt lat="15.8531097" lon="77.2373832">
      </trkpt>
      <trkpt lat="15.8533208" lon="77.2374778">
      </trkpt>
      <trkpt lat="15.8537003" lon="77.2376398">
      </trkpt>
      <trkpt lat="15.8540024" lon="77.2377883">
      </trkpt>
      <trkpt lat="15.8547579" lon="77.2382059">
      </trkpt>
      <trkpt lat="15.8553715" lon="77.2385832">
      </trkpt>
      <trkpt lat="15.8567676" lon="77.2394964">
      </trkpt>
      <trkpt lat="15.8573802" lon="77.2399404">
      </trkpt>
      <trkpt lat="15.8583749" lon="77.2406437">
      </trkpt>
      <trkpt lat="15.8614076" lon="77.2427173">
      </trkpt>
      <trkpt lat="15.863253" lon="77.243969">
      </trkpt>
      <trkpt lat="15.8636021" lon="77.2441981">
      </trkpt>
      <trkpt lat="15.8640439" lon="77.244488">
      </trkpt>
      <trkpt lat="15.8659189" lon="77.2458129">
      </trkpt>
      <trkpt lat="15.8692742" lon="77.2480959">
      </trkpt>
      <trkpt lat="15.8710232" lon="77.2492926">
      </trkpt>
      <trkpt lat="15.8753534" lon="77.2522596">
      </trkpt>
      <trkpt lat="15.8768579" lon="77.2532784">
      </trkpt>
      <trkpt lat="15.878548" lon="77.2544718">
      </trkpt>
      <trkpt lat="15.8792568" lon="77.2549564">
      </trkpt>
      <trkpt lat="15.8817759" lon="77.256691">
      </trkpt>
      <trkpt lat="15.8834216" lon="77.2578086">
      </trkpt>
      <trkpt lat="15.88653" lon="77.2599454">
      </trkpt>
      <trkpt lat="15.8873994" lon="77.2605801">
      </trkpt>
      <trkpt lat="15.8885724" lon="77.2613601">
      </trkpt>
      <trkpt lat="15.8891634" lon="77.2617631">
      </trkpt>
      <trkpt lat="15.889411" lon="77.261932">
      </trkpt>
      <trkpt lat="15.8902496" lon="77.2624985">
      </trkpt>
      <trkpt lat="15.8932534" lon="77.2645464">
      </trkpt>
      <trkpt lat="15.8961761" lon="77.2665026">
      </trkpt>
      <trkpt lat="15.8978145" lon="77.2676714">
      </trkpt>
      <trkpt lat="15.8980723" lon="77.2678553">
      </trkpt>
      <trkpt lat="15.8990524" lon="77.2685291">
      </trkpt>
      <trkpt lat="15.9023986" lon="77.2708272">
      </trkpt>
      <trkpt lat="15.9069047" lon="77.2739385">
      </trkpt>
      <trkpt lat="15.9085762" lon="77.2750589">
      </trkpt>
      <trkpt lat="15.9122565" lon="77.2775598">
      </trkpt>
      <trkpt lat="15.9147642" lon="77.279292">
      </trkpt>
      <trkpt lat="15.9160462" lon="77.2801897">
      </trkpt>
      <trkpt lat="15.9190078" lon="77.2822384">
      </trkpt>
      <trkpt lat="15.9220167" lon="77.2843024">
      </trkpt>
      <trkpt lat="15.9238875" lon="77.2855618">
      </trkpt>
      <trkpt lat="15.9255899" lon="77.2867255">
      </trkpt>
      <trkpt lat="15.9274966" lon="77.2880334">
      </trkpt>
      <trkpt lat="15.9294636" lon="77.289379">
      </trkpt>
      <trkpt lat="15.9315874" lon="77.290846">
      </trkpt>
      <trkpt lat="15.9326101" lon="77.2915802">
      </trkpt>
      <trkpt lat="15.9351246" lon="77.2933045">
      </trkpt>
      <trkpt lat="15.9365203" lon="77.2942427">
      </trkpt>
      <trkpt lat="15.9380109" lon="77.2951619">
      </trkpt>
      <trkpt lat="15.9384909" lon="77.2954745">
      </trkpt>
      <trkpt lat="15.9392103" lon="77.295859">
      </trkpt>
      <trkpt lat="15.939521" lon="77.2960128">
      </trkpt>
      <trkpt lat="15.9404365" lon="77.2964659">
      </trkpt>
      <trkpt lat="15.9416299" lon="77.2969628">
      </trkpt>
      <trkpt lat="15.9425721" lon="77.29733">
      </trkpt>
      <trkpt lat="15.9436694" lon="77.2977048">
      </trkpt>
      <trkpt lat="15.9445781" lon="77.2979842">
      </trkpt>
      <trkpt lat="15.9455488" lon="77.2982808">
      </trkpt>
      <trkpt lat="15.9465225" lon="77.2985738">
      </trkpt>
      <trkpt lat="15.9475965" lon="77.2989255">
      </trkpt>
      <trkpt lat="15.948649" lon="77.2992437">
      </trkpt>
      <trkpt lat="15.9494569" lon="77.2995053">
      </trkpt>
      <trkpt lat="15.9500405" lon="77.2996969">
      </trkpt>
      <trkpt lat="15.9503205" lon="77.2998019">
      </trkpt>
      <trkpt lat="15.9505698" lon="77.2999006">
      </trkpt>
      <trkpt lat="15.9512954" lon="77.3001618">
      </trkpt>
      <trkpt lat="15.9527208" lon="77.3006687">
      </trkpt>
      <trkpt lat="15.9608766" lon="77.3032488">
      </trkpt>
      <trkpt lat="15.9640005" lon="77.3042191">
      </trkpt>
      <trkpt lat="15.9672348" lon="77.3051575">
      </trkpt>
      <trkpt lat="15.9687744" lon="77.3056584">
      </trkpt>
      <trkpt lat="15.9689288" lon="77.3057047">
      </trkpt>
      <trkpt lat="15.9691006" lon="77.3057645">
      </trkpt>
      <trkpt lat="15.970864" lon="77.3063196">
      </trkpt>
      <trkpt lat="15.9720955" lon="77.3067202">
      </trkpt>
      <trkpt lat="15.9769728" lon="77.3082587">
      </trkpt>
      <trkpt lat="15.9805658" lon="77.3093802">
      </trkpt>
      <trkpt lat="15.9832121" lon="77.3102145">
      </trkpt>
      <trkpt lat="15.9858031" lon="77.3110424">
      </trkpt>
      <trkpt lat="15.9869826" lon="77.3113578">
      </trkpt>
      <trkpt lat="15.9882033" lon="77.3116411">
      </trkpt>
      <trkpt lat="15.9898642" lon="77.3119749">
      </trkpt>
      <trkpt lat="15.9910817" lon="77.3121068">
      </trkpt>
      <trkpt lat="15.9925976" lon="77.3122616">
      </trkpt>
      <trkpt lat="15.9944642" lon="77.3122877">
      </trkpt>
      <trkpt lat="15.9956044" lon="77.3122635">
      </trkpt>
      <trkpt lat="15.9968786" lon="77.3121857">
      </trkpt>
      <trkpt lat="15.9981663" lon="77.3120433">
      </trkpt>
      <trkpt lat="15.9995158" lon="77.3118419">
      </trkpt>
      <trkpt lat="16.0007146" lon="77.3116185">
      </trkpt>
      <trkpt lat="16.0027797" lon="77.3110946">
      </trkpt>
      <trkpt lat="16.0079618" lon="77.3097206">
      </trkpt>
      <trkpt lat="16.009971" lon="77.3091878">
      </trkpt>
      <trkpt lat="16.0196796" lon="77.3066097">
      </trkpt>
      <trkpt lat="16.0220386" lon="77.30596">
      </trkpt>
      <trkpt lat="16.0244966" lon="77.3053097">
      </trkpt>
      <trkpt lat="16.030384" lon="77.303735">
      </trkpt>
      <trkpt lat="16.0325533" lon="77.3031644">
      </trkpt>
      <trkpt lat="16.0332484" lon="77.3029817">
      </trkpt>
      <trkpt lat="16.0357951" lon="77.3023115">
      </trkpt>
      <trkpt lat="16.036564" lon="77.3021312">
      </trkpt>
      <trkpt lat="16.0373791" lon="77.3019793">
      </trkpt>
      <trkpt lat="16.0381636" lon="77.3018847">
      </trkpt>
      <trkpt lat="16.0392393" lon="77.3017929">
      </trkpt>
      <trkpt lat="16.0403456" lon="77.3017616">
      </trkpt>
      <trkpt lat="16.0412903" lon="77.3017816">
      </trkpt>
      <trkpt lat="16.0418351" lon="77.3018275">
      </trkpt>
      <trkpt lat="16.0423209" lon="77.3018685">
      </trkpt>
      <trkpt lat="16.0434547" lon="77.3020526">
      </trkpt>
      <trkpt lat="16.0445608" lon="77.302291">
      </trkpt>
      <trkpt lat="16.0457742" lon="77.3026003">
      </trkpt>
      <trkpt lat="16.0508021" lon="77.3039309">
      </trkpt>
      <trkpt lat="16.0511986" lon="77.3040486">
      </trkpt>
      <trkpt lat="16.0568918" lon="77.3054901">
      </trkpt>
      <trkpt lat="16.059332" lon="77.3061457">
      </trkpt>
      <trkpt lat="16.0622058" lon="77.3068995">
      </trkpt>
      <trkpt lat="16.0643155" lon="77.3074686">
      </trkpt>
      <trkpt lat="16.0673962" lon="77.3082681">
      </trkpt>
      <trkpt lat="16.0700336" lon="77.3089604">
      </trkpt>
      <trkpt lat="16.0727953" lon="77.3096872">
      </trkpt>
      <trkpt lat="16.0754029" lon="77.3103704">
      </trkpt>
      <trkpt lat="16.0774286" lon="77.3109009">
      </trkpt>
      <trkpt lat="16.0789596" lon="77.3113295">
      </trkpt>
      <trkpt lat="16.0799094" lon="77.3115618">
      </trkpt>
      <trkpt lat="16.0808696" lon="77.3117405">
      </trkpt>
      <trkpt lat="16.0819715" lon="77.311887">
      </trkpt>
      <trkpt lat="16.0831456" lon="77.3119905">
      </trkpt>
      <trkpt lat="16.0842676" lon="77.3120291">
      </trkpt>
      <trkpt lat="16.0849033" lon="77.3120188">
      </trkpt>
      <trkpt lat="16.0856009" lon="77.3119871">
      </trkpt>
      <trkpt lat="16.0871243" lon="77.3118145">
      </trkpt>
      <trkpt lat="16.0880046" lon="77.3116692">
      </trkpt>
      <trkpt lat="16.088988" lon="77.3114434">
      </trkpt>
      <trkpt lat="16.0894831" lon="77.3113323">
      </trkpt>
      <trkpt lat="16.0899988" lon="77.3111782">
      </trkpt>
      <trkpt lat="16.0911075" lon="77.3108003">
      </trkpt>
      <trkpt lat="16.0926517" lon="77.310181">
      </trkpt>
      <trkpt lat="16.0939163" lon="77.3096216">
      </trkpt>
      <trkpt lat="16.0947119" lon="77.3093091">
      </trkpt>
      <trkpt lat="16.0955465" lon="77.3090178">
      </trkpt>
      <trkpt lat="16.0964658" lon="77.3087573">
      </trkpt>
      <trkpt lat="16.0974017" lon="77.3085327">
      </trkpt>
      <trkpt lat="16.098053" lon="77.3084213">
      </trkpt>
      <trkpt lat="16.0989505" lon="77.3082717">
      </trkpt>
      <trkpt lat="16.1000623" lon="77.3081494">
      </trkpt>
      <trkpt lat="16.1010832" lon="77.3080951">
      </trkpt>
      <trkpt lat="16.1021248" lon="77.3080945">
      </trkpt>
      <trkpt lat="16.1031984" lon="77.3081227">
      </trkpt>
      <trkpt lat="16.104064" lon="77.3081881">
      </trkpt>
      <trkpt lat="16.1051422" lon="77.3083771">
      </trkpt>
      <trkpt lat="16.1064259" lon="77.3086289">
      </trkpt>
      <trkpt lat="16.106612" lon="77.3086654">
      </trkpt>
      <trkpt lat="16.1079483" lon="77.3089344">
      </trkpt>
      <trkpt lat="16.1092949" lon="77.3092141">
      </trkpt>
      <trkpt lat="16.1105776" lon="77.3094757">
      </trkpt>
      <trkpt lat="16.1118757" lon="77.3097454">
      </trkpt>
      <trkpt lat="16.1144926" lon="77.3102901">
      </trkpt>
      <trkpt lat="16.1152237" lon="77.310439">
      </trkpt>
      <trkpt lat="16.1162054" lon="77.3106388">
      </trkpt>
      <trkpt lat="16.1172564" lon="77.3108528">
      </trkpt>
      <trkpt lat="16.1184738" lon="77.3111417">
      </trkpt>
      <trkpt lat="16.1199864" lon="77.3114587">
      </trkpt>
      <trkpt lat="16.123337" lon="77.3121524">
      </trkpt>
      <trkpt lat="16.1259516" lon="77.3126944">
      </trkpt>
      <trkpt lat="16.1317579" lon="77.3138871">
      </trkpt>
      <trkpt lat="16.1372948" lon="77.3150262">
      </trkpt>
      <trkpt lat="16.1405912" lon="77.3157132">
      </trkpt>
      <trkpt lat="16.1441018" lon="77.3164381">
      </trkpt>
      <trkpt lat="16.1473427" lon="77.317106">
      </trkpt>
      <trkpt lat="16.1484019" lon="77.3173265">
      </trkpt>
      <trkpt lat="16.1495454" lon="77.3175762">
      </trkpt>
      <trkpt lat="16.1507195" lon="77.317882">
      </trkpt>
      <trkpt lat="16.1516105" lon="77.3181549">
      </trkpt>
      <trkpt lat="16.152465" lon="77.318443">
      </trkpt>
      <trkpt lat="16.1533049" lon="77.3187539">
      </trkpt>
      <trkpt lat="16.1541886" lon="77.3191027">
      </trkpt>
      <trkpt lat="16.1552264" lon="77.3195682">
      </trkpt>
      <trkpt lat="16.1563332" lon="77.3201105">
      </trkpt>
      <trkpt lat="16.1571001" lon="77.3204993">
      </trkpt>
      <trkpt lat="16.1588033" lon="77.3215102">
      </trkpt>
      <trkpt lat="16.1600159" lon="77.3222423">
      </trkpt>
      <trkpt lat="16.1639091" lon="77.3246043">
      </trkpt>
      <trkpt lat="16.1640141" lon="77.324668">
      </trkpt>
      <trkpt lat="16.1713507" lon="77.3291372">
      </trkpt>
      <trkpt lat="16.174542" lon="77.331057">
      </trkpt>
      <trkpt lat="16.1770525" lon="77.3325531">
      </trkpt>
      <trkpt lat="16.1776903" lon="77.3329469">
      </trkpt>
      <trkpt lat="16.1804358" lon="77.3346371">
      </trkpt>
      <trkpt lat="16.1810105" lon="77.3349346">
      </trkpt>
      <trkpt lat="16.1831653" lon="77.3359379">
      </trkpt>
      <trkpt lat="16.1841125" lon="77.3363865">
      </trkpt>
      <trkpt lat="16.1843107" lon="77.3364804">
      </trkpt>
      <trkpt lat="16.1848778" lon="77.3367437">
      </trkpt>
      <trkpt lat="16.1851056" lon="77.3368398">
      </trkpt>
      <trkpt lat="16.1860152" lon="77.337251">
      </trkpt>
      <trkpt lat="16.1864872" lon="77.3374317">
      </trkpt>
      <trkpt lat="16.1871702" lon="77.3376169">
      </trkpt>
      <trkpt lat="16.1879445" lon="77.3377962">
      </trkpt>
      <trkpt lat="16.1885821" lon="77.3379694">
      </trkpt>
      <trkpt lat="16.1886926" lon="77.3379994">
      </trkpt>
      <trkpt lat="16.1913245" lon="77.3388227">
      </trkpt>
      <trkpt lat="16.192643" lon="77.3392183">
      </trkpt>
      <trkpt lat="16.1939512" lon="77.3396246">
      </trkpt>
      <trkpt lat="16.19539" lon="77.3400821">
      </trkpt>
      <trkpt lat="16.1962048" lon="77.34042">
      </trkpt>
      <trkpt lat="16.1966968" lon="77.3406023">
      </trkpt>
      <trkpt lat="16.1974093" lon="77.3408418">
      </trkpt>
      <trkpt lat="16.1979736" lon="77.3410167">
      </trkpt>
      <trkpt lat="16.1996033" lon="77.3415218">
      </trkpt>
      <trkpt lat="16.2011301" lon="77.341995">
      </trkpt>
      <trkpt lat="16.2014207" lon="77.342085">
      </trkpt>
      <trkpt lat="16.2048072" lon="77.3431346">
      </trkpt>
      <trkpt lat="16.2065739" lon="77.3436613">
      </trkpt>
      <trkpt lat="16.2082241" lon="77.3441433">
      </trkpt>
      <trkpt lat="16.2114267" lon="77.3451266">
      </trkpt>
      <trkpt lat="16.2140622" lon="77.3459455">
      </trkpt>
      <trkpt lat="16.2188943" lon="77.3474434">
      </trkpt>
      <trkpt lat="16.2203191" lon="77.3479001">
      </trkpt>
      <trkpt lat="16.2218158" lon="77.3483602">
      </trkpt>
      <trkpt lat="16.2239514" lon="77.3490332">
      </trkpt>
      <trkpt lat="16.2243069" lon="77.349137">
      </trkpt>
      <trkpt lat="16.2272762" lon="77.3500641">
      </trkpt>
      <trkpt lat="16.2280526" lon="77.350252">
      </trkpt>
      <trkpt lat="16.2288413" lon="77.3504081">
      </trkpt>
      <trkpt lat="16.2295335" lon="77.3505051">
      </trkpt>
      <trkpt lat="16.2302624" lon="77.3505766">
      </trkpt>
      <trkpt lat="16.2308859" lon="77.3506044">
      </trkpt>
      <trkpt lat="16.2315095" lon="77.3506066">
      </trkpt>
      <trkpt lat="16.2328065" lon="77.3505338">
      </trkpt>
      <trkpt lat="16.2348839" lon="77.3504252">
      </trkpt>
      <trkpt lat="16.2392329" lon="77.3501657">
      </trkpt>
      <trkpt lat="16.2440636" lon="77.3498853">
      </trkpt>
      <trkpt lat="16.2485804" lon="77.3496629">
      </trkpt>
      <trkpt lat="16.2502078" lon="77.3495543">
      </trkpt>
      <trkpt lat="16.2535612" lon="77.3493483">
      </trkpt>
      <trkpt lat="16.2541994" lon="77.3493132">
      </trkpt>
      <trkpt lat="16.2563328" lon="77.349196">
      </trkpt>
      <trkpt lat="16.2662405" lon="77.3486413">
      </trkpt>
      <trkpt lat="16.2670432" lon="77.3485734">
      </trkpt>
      <trkpt lat="16.267715" lon="77.3484931">
      </trkpt>
      <trkpt lat="16.2684747" lon="77.3483735">
      </trkpt>
      <trkpt lat="16.2692986" lon="77.34819">
      </trkpt>
      <trkpt lat="16.2695888" lon="77.3481041">
      </trkpt>
      <trkpt lat="16.2701191" lon="77.3479479">
      </trkpt>
      <trkpt lat="16.2704853" lon="77.3478246">
      </trkpt>
      <trkpt lat="16.2713659" lon="77.3475196">
      </trkpt>
      <trkpt lat="16.2777659" lon="77.3453062">
      </trkpt>
      <trkpt lat="16.2780977" lon="77.3451914">
      </trkpt>
      <trkpt lat="16.2783171" lon="77.3451199">
      </trkpt>
      <trkpt lat="16.2801756" lon="77.3444692">
      </trkpt>
      <trkpt lat="16.2813535" lon="77.344065">
      </trkpt>
      <trkpt lat="16.2827712" lon="77.3435677">
      </trkpt>
      <trkpt lat="16.2877131" lon="77.3418674">
      </trkpt>
      <trkpt lat="16.2903242" lon="77.3409657">
      </trkpt>
      <trkpt lat="16.2928679" lon="77.3400868">
      </trkpt>
      <trkpt lat="16.2940786" lon="77.3396672">
      </trkpt>
      <trkpt lat="16.2951347" lon="77.3393208">
      </trkpt>
      <trkpt lat="16.2957917" lon="77.3391527">
      </trkpt>
      <trkpt lat="16.2962736" lon="77.3390439">
      </trkpt>
      <trkpt lat="16.2972657" lon="77.3388805">
      </trkpt>
      <trkpt lat="16.2979463" lon="77.3388186">
      </trkpt>
      <trkpt lat="16.298735" lon="77.3387789">
      </trkpt>
      <trkpt lat="16.2992873" lon="77.3387727">
      </trkpt>
      <trkpt lat="16.2998743" lon="77.3387957">
      </trkpt>
      <trkpt lat="16.3004513" lon="77.3388442">
      </trkpt>
      <trkpt lat="16.3012676" lon="77.338944">
      </trkpt>
      <trkpt lat="16.3020038" lon="77.33908">
      </trkpt>
      <trkpt lat="16.3027997" lon="77.3392811">
      </trkpt>
      <trkpt lat="16.3034917" lon="77.3394823">
      </trkpt>
      <trkpt lat="16.3040556" lon="77.3396911">
      </trkpt>
      <trkpt lat="16.3050725" lon="77.3401193">
      </trkpt>
      <trkpt lat="16.3056397" lon="77.3404107">
      </trkpt>
      <trkpt lat="16.3065982" lon="77.3409474">
      </trkpt>
      <trkpt lat="16.3080057" lon="77.3418354">
      </trkpt>
      <trkpt lat="16.3091011" lon="77.3425304">
      </trkpt>
      <trkpt lat="16.3100276" lon="77.3431058">
      </trkpt>
      <trkpt lat="16.3113364" lon="77.3439286">
      </trkpt>
      <trkpt lat="16.3120515" lon="77.3443258">
      </trkpt>
      <trkpt lat="16.3125825" lon="77.3445991">
      </trkpt>
      <trkpt lat="16.3136544" lon="77.3450671">
      </trkpt>
      <trkpt lat="16.3143592" lon="77.3453237">
      </trkpt>
      <trkpt lat="16.3151744" lon="77.3455622">
      </trkpt>
      <trkpt lat="16.3157701" lon="77.3456999">
      </trkpt>
      <trkpt lat="16.3162748" lon="77.3457925">
      </trkpt>
      <trkpt lat="16.3173116" lon="77.345938">
      </trkpt>
      <trkpt lat="16.3183763" lon="77.3460569">
      </trkpt>
      <trkpt lat="16.3197008" lon="77.3461983">
      </trkpt>
      <trkpt lat="16.3231343" lon="77.346568">
      </trkpt>
      <trkpt lat="16.3241597" lon="77.3466846">
      </trkpt>
      <trkpt lat="16.3252646" lon="77.3468135">
      </trkpt>
      <trkpt lat="16.3260643" lon="77.3468929">
      </trkpt>
      <trkpt lat="16.3270133" lon="77.34699">
      </trkpt>
      <trkpt lat="16.3278202" lon="77.3470267">
      </trkpt>
      <trkpt lat="16.328666" lon="77.3470229">
      </trkpt>
      <trkpt lat="16.3293429" lon="77.3469719">
      </trkpt>
      <trkpt lat="16.3300948" lon="77.34689">
      </trkpt>
      <trkpt lat="16.3306974" lon="77.34679">
      </trkpt>
      <trkpt lat="16.3313719" lon="77.3466416">
      </trkpt>
      <trkpt lat="16.3319793" lon="77.3464819">
      </trkpt>
      <trkpt lat="16.3327333" lon="77.3462386">
      </trkpt>
      <trkpt lat="16.3334688" lon="77.345959">
      </trkpt>
      <trkpt lat="16.3339968" lon="77.3457249">
      </trkpt>
      <trkpt lat="16.3345773" lon="77.3454397">
      </trkpt>
      <trkpt lat="16.3352426" lon="77.3450714">
      </trkpt>
      <trkpt lat="16.335941" lon="77.3446456">
      </trkpt>
      <trkpt lat="16.3366722" lon="77.3441477">
      </trkpt>
      <trkpt lat="16.3372783" lon="77.3437247">
      </trkpt>
      <trkpt lat="16.3381171" lon="77.3431472">
      </trkpt>
      <trkpt lat="16.3389424" lon="77.3425854">
      </trkpt>
      <trkpt lat="16.3395402" lon="77.3421677">
      </trkpt>
      <trkpt lat="16.3402334" lon="77.3416881">
      </trkpt>
      <trkpt lat="16.3444197" lon="77.3387966">
      </trkpt>
      <trkpt lat="16.3577107" lon="77.3295968">
      </trkpt>
      <trkpt lat="16.3595312" lon="77.3283231">
      </trkpt>
      <trkpt lat="16.3603622" lon="77.327752">
      </trkpt>
      <trkpt lat="16.3612709" lon="77.3272023">
      </trkpt>
      <trkpt lat="16.3621979" lon="77.3267439">
      </trkpt>
      <trkpt lat="16.3627202" lon="77.3265179">
      </trkpt>
      <trkpt lat="16.3632462" lon="77.3263109">
      </trkpt>
      <trkpt lat="16.3637416" lon="77.3261409">
      </trkpt>
      <trkpt lat="16.3642371" lon="77.3259861">
      </trkpt>
      <trkpt lat="16.3646278" lon="77.325886">
      </trkpt>
      <trkpt lat="16.3650185" lon="77.3257972">
      </trkpt>
      <trkpt lat="16.3655833" lon="77.3256872">
      </trkpt>
      <trkpt lat="16.3661263" lon="77.3255999">
      </trkpt>
      <trkpt lat="16.3666491" lon="77.3255409">
      </trkpt>
      <trkpt lat="16.3671718" lon="77.3254971">
      </trkpt>
      <trkpt lat="16.3678246" lon="77.3254788">
      </trkpt>
      <trkpt lat="16.368197" lon="77.3254752">
      </trkpt>
      <trkpt lat="16.3685658" lon="77.3254868">
      </trkpt>
      <trkpt lat="16.3693572" lon="77.3255441">
      </trkpt>
      <trkpt lat="16.3769767" lon="77.3263293">
      </trkpt>
      <trkpt lat="16.3771235" lon="77.3263445">
      </trkpt>
      <trkpt lat="16.3879445" lon="77.3274597">
      </trkpt>
      <trkpt lat="16.3880951" lon="77.3274773">
      </trkpt>
      <trkpt lat="16.3881797" lon="77.3274871">
      </trkpt>
      <trkpt lat="16.3894923" lon="77.3276192">
      </trkpt>
      <trkpt lat="16.3898101" lon="77.3276554">
      </trkpt>
      <trkpt lat="16.3901176" lon="77.3277023">
      </trkpt>
      <trkpt lat="16.3909642" lon="77.3278767">
      </trkpt>
      <trkpt lat="16.391602" lon="77.3279941">
      </trkpt>
      <trkpt lat="16.3960968" lon="77.3284289">
      </trkpt>
      <trkpt lat="16.3988438" lon="77.3287186">
      </trkpt>
      <trkpt lat="16.4022865" lon="77.3290892">
      </trkpt>
      <trkpt lat="16.4023601" lon="77.329094">
      </trkpt>
      <trkpt lat="16.4041428" lon="77.3292555">
      </trkpt>
      <trkpt lat="16.4042814" lon="77.3292705">
      </trkpt>
      <trkpt lat="16.4046452" lon="77.3293098">
      </trkpt>
      <trkpt lat="16.4051222" lon="77.3293565">
      </trkpt>
      <trkpt lat="16.4057087" lon="77.329393">
      </trkpt>
      <trkpt lat="16.4062484" lon="77.3293973">
      </trkpt>
      <trkpt lat="16.4066663" lon="77.3293712">
      </trkpt>
      <trkpt lat="16.4070859" lon="77.3293368">
      </trkpt>
      <trkpt lat="16.4075165" lon="77.329272">
      </trkpt>
      <trkpt lat="16.4084862" lon="77.3291157">
      </trkpt>
      <trkpt lat="16.4092345" lon="77.328972">
      </trkpt>
      <trkpt lat="16.4099117" lon="77.328815">
      </trkpt>
      <trkpt lat="16.4103645" lon="77.3286906">
      </trkpt>
      <trkpt lat="16.4107061" lon="77.3285893">
      </trkpt>
      <trkpt lat="16.4111393" lon="77.3284331">
      </trkpt>
      <trkpt lat="16.4116868" lon="77.3282153">
      </trkpt>
      <trkpt lat="16.4123178" lon="77.3279315">
      </trkpt>
      <trkpt lat="16.4129675" lon="77.3275979">
      </trkpt>
      <trkpt lat="16.4130277" lon="77.3275644">
      </trkpt>
      <trkpt lat="16.4134991" lon="77.3273025">
      </trkpt>
      <trkpt lat="16.4140934" lon="77.3269258">
      </trkpt>
      <trkpt lat="16.4146828" lon="77.3265162">
      </trkpt>
      <trkpt lat="16.4152054" lon="77.3260972">
      </trkpt>
      <trkpt lat="16.4184888" lon="77.3232278">
      </trkpt>
      <trkpt lat="16.4208239" lon="77.3211953">
      </trkpt>
      <trkpt lat="16.4237734" lon="77.3185725">
      </trkpt>
      <trkpt lat="16.427545" lon="77.3153031">
      </trkpt>
      <trkpt lat="16.4314098" lon="77.3118924">
      </trkpt>
      <trkpt lat="16.4326835" lon="77.3107761">
      </trkpt>
      <trkpt lat="16.4334456" lon="77.3101841">
      </trkpt>
      <trkpt lat="16.4340964" lon="77.3097275">
      </trkpt>
      <trkpt lat="16.4347888" lon="77.3093141">
      </trkpt>
      <trkpt lat="16.4356018" lon="77.308925">
      </trkpt>
      <trkpt lat="16.4362845" lon="77.3086442">
      </trkpt>
      <trkpt lat="16.4371531" lon="77.3083517">
      </trkpt>
      <trkpt lat="16.4380495" lon="77.3081415">
      </trkpt>
      <trkpt lat="16.4389018" lon="77.3080221">
      </trkpt>
      <trkpt lat="16.439765" lon="77.3079489">
      </trkpt>
      <trkpt lat="16.4421214" lon="77.3079096">
      </trkpt>
      <trkpt lat="16.4463203" lon="77.3078912">
      </trkpt>
      <trkpt lat="16.4487284" lon="77.3078969">
      </trkpt>
      <trkpt lat="16.4510715" lon="77.3078542">
      </trkpt>
      <trkpt lat="16.4533137" lon="77.3078595">
      </trkpt>
      <trkpt lat="16.4555374" lon="77.3078454">
      </trkpt>
      <trkpt lat="16.4603415" lon="77.3078157">
      </trkpt>
      <trkpt lat="16.4643335" lon="77.3078012">
      </trkpt>
      <trkpt lat="16.4688839" lon="77.3077707">
      </trkpt>
      <trkpt lat="16.4722601" lon="77.3077539">
      </trkpt>
      <trkpt lat="16.4728946" lon="77.3077331">
      </trkpt>
      <trkpt lat="16.4735384" lon="77.3076735">
      </trkpt>
      <trkpt lat="16.4742607" lon="77.3075603">
      </trkpt>
      <trkpt lat="16.4751498" lon="77.3073555">
      </trkpt>
      <trkpt lat="16.4755479" lon="77.3072458">
      </trkpt>
      <trkpt lat="16.4759553" lon="77.3071072">
      </trkpt>
      <trkpt lat="16.4766526" lon="77.3068355">
      </trkpt>
      <trkpt lat="16.4773258" lon="77.3065256">
      </trkpt>
      <trkpt lat="16.4780407" lon="77.3061384">
      </trkpt>
      <trkpt lat="16.4797757" lon="77.3050536">
      </trkpt>
      <trkpt lat="16.4807875" lon="77.3044281">
      </trkpt>
      <trkpt lat="16.4817824" lon="77.3038133">
      </trkpt>
      <trkpt lat="16.4819802" lon="77.3036903">
      </trkpt>
      <trkpt lat="16.4826253" lon="77.3032889">
      </trkpt>
      <trkpt lat="16.4834125" lon="77.3028007">
      </trkpt>
      <trkpt lat="16.4848267" lon="77.3019186">
      </trkpt>
      <trkpt lat="16.4893173" lon="77.2991416">
      </trkpt>
      <trkpt lat="16.4894879" lon="77.2990361">
      </trkpt>
      <trkpt lat="16.4916174" lon="77.2977192">
      </trkpt>
      <trkpt lat="16.4969466" lon="77.2943879">
      </trkpt>
      <trkpt lat="16.5037187" lon="77.2901966">
      </trkpt>
      <trkpt lat="16.5041053" lon="77.2899573">
      </trkpt>
      <trkpt lat="16.5051986" lon="77.2892806">
      </trkpt>
      <trkpt lat="16.5082485" lon="77.2873367">
      </trkpt>
      <trkpt lat="16.5127725" lon="77.2845886">
      </trkpt>
      <trkpt lat="16.514914" lon="77.2832595">
      </trkpt>
      <trkpt lat="16.5170604" lon="77.2819351">
      </trkpt>
      <trkpt lat="16.5205494" lon="77.2797817">
      </trkpt>
      <trkpt lat="16.5237909" lon="77.2777574">
      </trkpt>
      <trkpt lat="16.5275297" lon="77.2754255">
      </trkpt>
      <trkpt lat="16.5284572" lon="77.274845">
      </trkpt>
      <trkpt lat="16.529321" lon="77.2743141">
      </trkpt>
      <trkpt lat="16.5314417" lon="77.2729908">
      </trkpt>
      <trkpt lat="16.53377" lon="77.2715599">
      </trkpt>
      <trkpt lat="16.5354924" lon="77.2704848">
      </trkpt>
      <trkpt lat="16.5363729" lon="77.2699702">
      </trkpt>
      <trkpt lat="16.5374022" lon="77.2694557">
      </trkpt>
      <trkpt lat="16.5391981" lon="77.268706">
      </trkpt>
      <trkpt lat="16.5409664" lon="77.2679563">
      </trkpt>
      <trkpt lat="16.5417743" lon="77.2676166">
      </trkpt>
      <trkpt lat="16.5426979" lon="77.2671217">
      </trkpt>
      <trkpt lat="16.545183" lon="77.265596">
      </trkpt>
      <trkpt lat="16.5482262" lon="77.263708">
      </trkpt>
      <trkpt lat="16.5513189" lon="77.2618085">
      </trkpt>
      <trkpt lat="16.5531278" lon="77.2606672">
      </trkpt>
      <trkpt lat="16.5559341" lon="77.2589509">
      </trkpt>
      <trkpt lat="16.5584101" lon="77.2574338">
      </trkpt>
      <trkpt lat="16.5617402" lon="77.2553864">
      </trkpt>
      <trkpt lat="16.5636496" lon="77.2542105">
      </trkpt>
      <trkpt lat="16.5659825" lon="77.2527215">
      </trkpt>
      <trkpt lat="16.5661141" lon="77.2526376">
      </trkpt>
      <trkpt lat="16.5664685" lon="77.2524225">
      </trkpt>
      <trkpt lat="16.5697505" lon="77.2503841">
      </trkpt>
      <trkpt lat="16.5727783" lon="77.2485343">
      </trkpt>
      <trkpt lat="16.5736299" lon="77.2480028">
      </trkpt>
      <trkpt lat="16.5738433" lon="77.2478708">
      </trkpt>
      <trkpt lat="16.5753526" lon="77.2469364">
      </trkpt>
      <trkpt lat="16.5762302" lon="77.2464612">
      </trkpt>
      <trkpt lat="16.5771193" lon="77.245928">
      </trkpt>
      <trkpt lat="16.5800588" lon="77.2440943">
      </trkpt>
      <trkpt lat="16.583054" lon="77.2422557">
      </trkpt>
      <trkpt lat="16.5860677" lon="77.2403817">
      </trkpt>
      <trkpt lat="16.5867374" lon="77.2399807">
      </trkpt>
      <trkpt lat="16.5882801" lon="77.2390242">
      </trkpt>
      <trkpt lat="16.5934273" lon="77.235855">
      </trkpt>
      <trkpt lat="16.5961152" lon="77.2342298">
      </trkpt>
      <trkpt lat="16.5991089" lon="77.2323968">
      </trkpt>
      <trkpt lat="16.6009168" lon="77.2312723">
      </trkpt>
      <trkpt lat="16.6030115" lon="77.2299834">
      </trkpt>
      <trkpt lat="16.6083179" lon="77.2267224">
      </trkpt>
      <trkpt lat="16.6103633" lon="77.2254223">
      </trkpt>
      <trkpt lat="16.6124179" lon="77.2241996">
      </trkpt>
      <trkpt lat="16.6167831" lon="77.2215106">
      </trkpt>
      <trkpt lat="16.620845" lon="77.2189482">
      </trkpt>
      <trkpt lat="16.6238695" lon="77.2171171">
      </trkpt>
      <trkpt lat="16.6242633" lon="77.2168788">
      </trkpt>
      <trkpt lat="16.6281502" lon="77.2145273">
      </trkpt>
      <trkpt lat="16.6314769" lon="77.2124869">
      </trkpt>
      <trkpt lat="16.6361902" lon="77.2095607">
      </trkpt>
      <trkpt lat="16.6386819" lon="77.2080349">
      </trkpt>
      <trkpt lat="16.6423436" lon="77.2057448">
      </trkpt>
      <trkpt lat="16.6438282" lon="77.2048665">
      </trkpt>
      <trkpt lat="16.6475474" lon="77.2026117">
      </trkpt>
      <trkpt lat="16.6500179" lon="77.201092">
      </trkpt>
      <trkpt lat="16.652685" lon="77.1994465">
      </trkpt>
      <trkpt lat="16.6559762" lon="77.1974426">
      </trkpt>
      <trkpt lat="16.6597145" lon="77.1951346">
      </trkpt>
      <trkpt lat="16.6625242" lon="77.1933995">
      </trkpt>
      <trkpt lat="16.6645671" lon="77.192151">
      </trkpt>
      <trkpt lat="16.6649761" lon="77.1918944">
      </trkpt>
      <trkpt lat="16.6669529" lon="77.1906901">
      </trkpt>
      <trkpt lat="16.6681421" lon="77.1899575">
      </trkpt>
      <trkpt lat="16.6708206" lon="77.1883419">
      </trkpt>
      <trkpt lat="16.6724389" lon="77.1873304">
      </trkpt>
      <trkpt lat="16.6726561" lon="77.1871946">
      </trkpt>
      <trkpt lat="16.6746234" lon="77.1859649">
      </trkpt>
      <trkpt lat="16.675097" lon="77.1856689">
      </trkpt>
      <trkpt lat="16.6760875" lon="77.1851008">
      </trkpt>
      <trkpt lat="16.6780978" lon="77.1838585">
      </trkpt>
      <trkpt lat="16.6821047" lon="77.1813824">
      </trkpt>
      <trkpt lat="16.6866463" lon="77.1785749">
      </trkpt>
      <trkpt lat="16.6886083" lon="77.1773965">
      </trkpt>
      <trkpt lat="16.6904492" lon="77.176313">
      </trkpt>
      <trkpt lat="16.6920724" lon="77.1752676">
      </trkpt>
      <trkpt lat="16.6931856" lon="77.1744623">
      </trkpt>
      <trkpt lat="16.693734" lon="77.1740367">
      </trkpt>
      <trkpt lat="16.6942823" lon="77.1735766">
      </trkpt>
      <trkpt lat="16.6966836" lon="77.1714729">
      </trkpt>
      <trkpt lat="16.6980802" lon="77.1703068">
      </trkpt>
      <trkpt lat="16.6991463" lon="77.1694167">
      </trkpt>
      <trkpt lat="16.7007764" lon="77.1679994">
      </trkpt>
      <trkpt lat="16.7041374" lon="77.1649167">
      </trkpt>
      <trkpt lat="16.7061902" lon="77.1631689">
      </trkpt>
      <trkpt lat="16.7081001" lon="77.1615031">
      </trkpt>
      <trkpt lat="16.7098667" lon="77.1599753">
      </trkpt>
      <trkpt lat="16.7107357" lon="77.1592869">
      </trkpt>
      <trkpt lat="16.7115276" lon="77.1586445">
      </trkpt>
      <trkpt lat="16.7129727" lon="77.1573619">
      </trkpt>
      <trkpt lat="16.714075" lon="77.156289">
      </trkpt>
      <trkpt lat="16.7166659" lon="77.154002">
      </trkpt>
      <trkpt lat="16.7185237" lon="77.1523974">
      </trkpt>
      <trkpt lat="16.7203815" lon="77.1507638">
      </trkpt>
      <trkpt lat="16.7236872" lon="77.14785">
      </trkpt>
      <trkpt lat="16.7258685" lon="77.145944">
      </trkpt>
      <trkpt lat="16.7293677" lon="77.1428913">
      </trkpt>
      <trkpt lat="16.7312838" lon="77.1412384">
      </trkpt>
      <trkpt lat="16.7344042" lon="77.1384783">
      </trkpt>
      <trkpt lat="16.7352571" lon="77.1377402">
      </trkpt>
      <trkpt lat="16.7361192" lon="77.1369585">
      </trkpt>
      <trkpt lat="16.737161" lon="77.1359159">
      </trkpt>
      <trkpt lat="16.7373644" lon="77.1357098">
      </trkpt>
      <trkpt lat="16.737548" lon="77.1355147">
      </trkpt>
      <trkpt lat="16.7389074" lon="77.1341175">
      </trkpt>
      <trkpt lat="16.7390703" lon="77.1339501">
      </trkpt>
      <trkpt lat="16.7398092" lon="77.1332691">
      </trkpt>
      <trkpt lat="16.740525" lon="77.1326703">
      </trkpt>
      <trkpt lat="16.7421205" lon="77.1314149">
      </trkpt>
      <trkpt lat="16.7441803" lon="77.1298002">
      </trkpt>
      <trkpt lat="16.745572" lon="77.1287228">
      </trkpt>
      <trkpt lat="16.7460725" lon="77.1283315">
      </trkpt>
      <trkpt lat="16.7467517" lon="77.1278006">
      </trkpt>
      <trkpt lat="16.7480509" lon="77.1267937">
      </trkpt>
      <trkpt lat="16.7482359" lon="77.1266585">
      </trkpt>
      <trkpt lat="16.7487819" lon="77.1262558">
      </trkpt>
      <trkpt lat="16.7492844" lon="77.1258239">
      </trkpt>
      <trkpt lat="16.7502761" lon="77.1250357">
      </trkpt>
      <trkpt lat="16.7512576" lon="77.1241983">
      </trkpt>
      <trkpt lat="16.7549289" lon="77.1206326">
      </trkpt>
      <trkpt lat="16.7558207" lon="77.1197639">
      </trkpt>
      <trkpt lat="16.7567803" lon="77.1188289">
      </trkpt>
      <trkpt lat="16.776456" lon="77.0996855">
      </trkpt>
      <trkpt lat="16.7803004" lon="77.0959409">
      </trkpt>
      <trkpt lat="16.7832959" lon="77.0930497">
      </trkpt>
      <trkpt lat="16.7862266" lon="77.0901826">
      </trkpt>
      <trkpt lat="16.7888189" lon="77.0876837">
      </trkpt>
      <trkpt lat="16.7901043" lon="77.086472">
      </trkpt>
      <trkpt lat="16.7913758" lon="77.0851366">
      </trkpt>
      <trkpt lat="16.792076" lon="77.0843288">
      </trkpt>
      <trkpt lat="16.7928563" lon="77.0833209">
      </trkpt>
      <trkpt lat="16.8004557" lon="77.0725505">
      </trkpt>
      <trkpt lat="16.8004945" lon="77.0724954">
      </trkpt>
      <trkpt lat="16.8005657" lon="77.0723938">
      </trkpt>
      <trkpt lat="16.8011248" lon="77.0715955">
      </trkpt>
      <trkpt lat="16.8018386" lon="77.0705877">
      </trkpt>
      <trkpt lat="16.8024696" lon="77.069695">
      </trkpt>
      <trkpt lat="16.8027402" lon="77.0693084">
      </trkpt>
      <trkpt lat="16.8033854" lon="77.0683923">
      </trkpt>
      <trkpt lat="16.8040118" lon="77.0674924">
      </trkpt>
      <trkpt lat="16.8046031" lon="77.0666452">
      </trkpt>
      <trkpt lat="16.8048542" lon="77.066299">
      </trkpt>
      <trkpt lat="16.8055087" lon="77.0653548">
      </trkpt>
      <trkpt lat="16.806049" lon="77.0646046">
      </trkpt>
      <trkpt lat="16.8066115" lon="77.0638059">
      </trkpt>
      <trkpt lat="16.8074239" lon="77.0626554">
      </trkpt>
      <trkpt lat="16.808421" lon="77.0612349">
      </trkpt>
      <trkpt lat="16.8093049" lon="77.0600774">
      </trkpt>
      <trkpt lat="16.8097813" lon="77.059533">
      </trkpt>
      <trkpt lat="16.8103411" lon="77.0589596">
      </trkpt>
      <trkpt lat="16.8110516" lon="77.058319">
      </trkpt>
      <trkpt lat="16.8116352" lon="77.0578374">
      </trkpt>
      <trkpt lat="16.8121263" lon="77.057484">
      </trkpt>
      <trkpt lat="16.8126545" lon="77.0571305">
      </trkpt>
      <trkpt lat="16.8131562" lon="77.0568235">
      </trkpt>
      <trkpt lat="16.8136949" lon="77.0565164">
      </trkpt>
      <trkpt lat="16.8150186" lon="77.0558891">
      </trkpt>
      <trkpt lat="16.8167272" lon="77.0552838">
      </trkpt>
      <trkpt lat="16.8180044" lon="77.0548376">
      </trkpt>
      <trkpt lat="16.8189644" lon="77.0545062">
      </trkpt>
      <trkpt lat="16.8203008" lon="77.0540246">
      </trkpt>
      <trkpt lat="16.8215526" lon="77.0535696">
      </trkpt>
      <trkpt lat="16.8235149" lon="77.0528936">
      </trkpt>
      <trkpt lat="16.8256145" lon="77.0521248">
      </trkpt>
      <trkpt lat="16.8284944" lon="77.0510954">
      </trkpt>
      <trkpt lat="16.8302029" lon="77.0504902">
      </trkpt>
      <trkpt lat="16.8313278" lon="77.0501058">
      </trkpt>
      <trkpt lat="16.8339412" lon="77.0491603">
      </trkpt>
      <trkpt lat="16.8370197" lon="77.0480602">
      </trkpt>
      <trkpt lat="16.8394514" lon="77.0472022">
      </trkpt>
      <trkpt lat="16.8396616" lon="77.0471208">
      </trkpt>
      <trkpt lat="16.8400254" lon="77.0470123">
      </trkpt>
      <trkpt lat="16.8419825" lon="77.0463083">
      </trkpt>
      <trkpt lat="16.8431669" lon="77.0458886">
      </trkpt>
      <trkpt lat="16.8448764" lon="77.0452724">
      </trkpt>
      <trkpt lat="16.8471979" lon="77.044455">
      </trkpt>
      <trkpt lat="16.8499379" lon="77.0434875">
      </trkpt>
      <trkpt lat="16.8519718" lon="77.0427497">
      </trkpt>
      <trkpt lat="16.8535616" lon="77.042193">
      </trkpt>
      <trkpt lat="16.8556546" lon="77.0414463">
      </trkpt>
      <trkpt lat="16.8573139" lon="77.0408543">
      </trkpt>
      <trkpt lat="16.8586382" lon="77.0403755">
      </trkpt>
      <trkpt lat="16.8595149" lon="77.0400634">
      </trkpt>
      <trkpt lat="16.8618869" lon="77.0392328">
      </trkpt>
      <trkpt lat="16.8640939" lon="77.0384463">
      </trkpt>
      <trkpt lat="16.8649691" lon="77.0380576">
      </trkpt>
      <trkpt lat="16.8655903" lon="77.0377117">
      </trkpt>
      <trkpt lat="16.8660488" lon="77.0374194">
      </trkpt>
      <trkpt lat="16.8665166" lon="77.0371077">
      </trkpt>
      <trkpt lat="16.8669251" lon="77.0367679">
      </trkpt>
      <trkpt lat="16.8673707" lon="77.0364184">
      </trkpt>
      <trkpt lat="16.8677221" lon="77.0361825">
      </trkpt>
      <trkpt lat="16.8681106" lon="77.0359369">
      </trkpt>
      <trkpt lat="16.8686602" lon="77.0356541">
      </trkpt>
      <trkpt lat="16.8688307" lon="77.0355867">
      </trkpt>
      <trkpt lat="16.8690442" lon="77.0354923">
      </trkpt>
      <trkpt lat="16.8693045" lon="77.0353939">
      </trkpt>
      <trkpt lat="16.8698833" lon="77.0352052">
      </trkpt>
      <trkpt lat="16.8708093" lon="77.0349376">
      </trkpt>
      <trkpt lat="16.871377" lon="77.0347687">
      </trkpt>
      <trkpt lat="16.8724345" lon="77.0344441">
      </trkpt>
      <trkpt lat="16.8736999" lon="77.0340659">
      </trkpt>
      <trkpt lat="16.8741234" lon="77.0339398">
      </trkpt>
      <trkpt lat="16.8744057" lon="77.0338567">
      </trkpt>
      <trkpt lat="16.8746613" lon="77.0337759">
      </trkpt>
      <trkpt lat="16.8753916" lon="77.0335789">
      </trkpt>
      <trkpt lat="16.8758002" lon="77.0334891">
      </trkpt>
      <trkpt lat="16.8762672" lon="77.0333912">
      </trkpt>
      <trkpt lat="16.8768455" lon="77.0333026">
      </trkpt>
      <trkpt lat="16.8773383" lon="77.0332546">
      </trkpt>
      <trkpt lat="16.8775693" lon="77.0332332">
      </trkpt>
      <trkpt lat="16.8781442" lon="77.0331876">
      </trkpt>
      <trkpt lat="16.8787268" lon="77.0331742">
      </trkpt>
      <trkpt lat="16.8792222" lon="77.0331688">
      </trkpt>
      <trkpt lat="16.8801462" lon="77.0331473">
      </trkpt>
      <trkpt lat="16.8809496" lon="77.0331554">
      </trkpt>
      <trkpt lat="16.8815886" lon="77.0331232">
      </trkpt>
      <trkpt lat="16.8824023" lon="77.0331178">
      </trkpt>
      <trkpt lat="16.8827205" lon="77.0331178">
      </trkpt>
      <trkpt lat="16.8835752" lon="77.0331044">
      </trkpt>
      <trkpt lat="16.8845916" lon="77.0330803">
      </trkpt>
      <trkpt lat="16.8848636" lon="77.0330964">
      </trkpt>
      <trkpt lat="16.8859544" lon="77.0330722">
      </trkpt>
      <trkpt lat="16.8871248" lon="77.0330722">
      </trkpt>
      <trkpt lat="16.8886416" lon="77.0330374">
      </trkpt>
      <trkpt lat="16.8894141" lon="77.033032">
      </trkpt>
      <trkpt lat="16.8907256" lon="77.0330052">
      </trkpt>
      <trkpt lat="16.8919293" lon="77.0330159">
      </trkpt>
      <trkpt lat="16.8932741" lon="77.0329998">
      </trkpt>
      <trkpt lat="16.8946292" lon="77.0329864">
      </trkpt>
      <trkpt lat="16.895009" lon="77.032973">
      </trkpt>
      <trkpt lat="16.8962101" lon="77.0329569">
      </trkpt>
      <trkpt lat="16.8972213" lon="77.0329328">
      </trkpt>
      <trkpt lat="16.8985687" lon="77.0329033">
      </trkpt>
      <trkpt lat="16.8998981" lon="77.0329033">
      </trkpt>
      <trkpt lat="16.9005833" lon="77.0328764">
      </trkpt>
      <trkpt lat="16.901792" lon="77.0328657">
      </trkpt>
      <trkpt lat="16.90297" lon="77.0328523">
      </trkpt>
      <trkpt lat="16.9041171" lon="77.0328308">
      </trkpt>
      <trkpt lat="16.9048049" lon="77.0328255">
      </trkpt>
      <trkpt lat="16.9059666" lon="77.0328255">
      </trkpt>
      <trkpt lat="16.9070658" lon="77.0328174">
      </trkpt>
      <trkpt lat="16.9079618" lon="77.0327932">
      </trkpt>
      <trkpt lat="16.9082798" lon="77.0327907">
      </trkpt>
      <trkpt lat="16.9086133" lon="77.0327638">
      </trkpt>
      <trkpt lat="16.9090983" lon="77.0326994">
      </trkpt>
      <trkpt lat="16.9095331" lon="77.0326312">
      </trkpt>
      <trkpt lat="16.9099989" lon="77.0325346">
      </trkpt>
      <trkpt lat="16.9107817" lon="77.0323346">
      </trkpt>
      <trkpt lat="16.9113617" lon="77.0321281">
      </trkpt>
      <trkpt lat="16.9118878" lon="77.0319189">
      </trkpt>
      <trkpt lat="16.9124652" lon="77.0316533">
      </trkpt>
      <trkpt lat="16.9147594" lon="77.0303927">
      </trkpt>
      <trkpt lat="16.9154907" lon="77.029985">
      </trkpt>
      <trkpt lat="16.9158012" lon="77.0298107">
      </trkpt>
      <trkpt lat="16.9306961" lon="77.0215416">
      </trkpt>
      <trkpt lat="16.9311008" lon="77.0213311">
      </trkpt>
      <trkpt lat="16.9316014" lon="77.0210785">
      </trkpt>
      <trkpt lat="16.9320633" lon="77.0208843">
      </trkpt>
      <trkpt lat="16.9320989" lon="77.0208693">
      </trkpt>
      <trkpt lat="16.9325442" lon="77.0206973">
      </trkpt>
      <trkpt lat="16.9331481" lon="77.0204982">
      </trkpt>
      <trkpt lat="16.933506" lon="77.020386">
      </trkpt>
      <trkpt lat="16.9341835" lon="77.0201952">
      </trkpt>
      <trkpt lat="16.9343648" lon="77.0201441">
      </trkpt>
      <trkpt lat="16.942215" lon="77.0179181">
      </trkpt>
      <trkpt lat="16.9427962" lon="77.0177554">
      </trkpt>
      <trkpt lat="16.9440413" lon="77.0174007">
      </trkpt>
      <trkpt lat="16.944303" lon="77.0173227">
      </trkpt>
      <trkpt lat="16.9567278" lon="77.0138143">
      </trkpt>
      <trkpt lat="16.9593409" lon="77.0130794">
      </trkpt>
      <trkpt lat="16.9601813" lon="77.0128314">
      </trkpt>
      <trkpt lat="16.9610945" lon="77.0125299">
      </trkpt>
      <trkpt lat="16.976535" lon="77.0072079">
      </trkpt>
      <trkpt lat="16.9767661" lon="77.0071287">
      </trkpt>
      <trkpt lat="16.9772776" lon="77.0069633">
      </trkpt>
      <trkpt lat="16.9779917" lon="77.006716">
      </trkpt>
      <trkpt lat="16.979842" lon="77.0062204">
      </trkpt>
      <trkpt lat="16.9809747" lon="77.0058997">
      </trkpt>
      <trkpt lat="16.9819544" lon="77.0055815">
      </trkpt>
      <trkpt lat="16.9828179" lon="77.0052859">
      </trkpt>
      <trkpt lat="16.9865752" lon="77.0039651">
      </trkpt>
      <trkpt lat="16.9872164" lon="77.0037104">
      </trkpt>
      <trkpt lat="16.9880143" lon="77.0033868">
      </trkpt>
      <trkpt lat="16.9889179" lon="77.002979">
      </trkpt>
      <trkpt lat="16.9895545" lon="77.0027131">
      </trkpt>
      <trkpt lat="16.9904348" lon="77.0023464">
      </trkpt>
      <trkpt lat="16.9916071" lon="77.0019287">
      </trkpt>
      <trkpt lat="16.9918375" lon="77.0018467">
      </trkpt>
      <trkpt lat="16.9996788" lon="76.9991217">
      </trkpt>
      <trkpt lat="17.0059045" lon="76.9969495">
      </trkpt>
      <trkpt lat="17.0081327" lon="76.9961521">
      </trkpt>
      <trkpt lat="17.0137761" lon="76.9942103">
      </trkpt>
      <trkpt lat="17.0165394" lon="76.9932506">
      </trkpt>
      <trkpt lat="17.0192983" lon="76.9922684">
      </trkpt>
      <trkpt lat="17.0218497" lon="76.9914003">
      </trkpt>
      <trkpt lat="17.0244701" lon="76.9904826">
      </trkpt>
      <trkpt lat="17.026838" lon="76.9896512">
      </trkpt>
      <trkpt lat="17.027924" lon="76.9892977">
      </trkpt>
      <trkpt lat="17.0289755" lon="76.9890074">
      </trkpt>
      <trkpt lat="17.0296094" lon="76.9888624">
      </trkpt>
      <trkpt lat="17.0302692" lon="76.9887535">
      </trkpt>
      <trkpt lat="17.0313693" lon="76.9886536">
      </trkpt>
      <trkpt lat="17.0320397" lon="76.9886234">
      </trkpt>
      <trkpt lat="17.0331262" lon="76.988667">
      </trkpt>
      <trkpt lat="17.0338517" lon="76.9887316">
      </trkpt>
      <trkpt lat="17.0346325" lon="76.9888585">
      </trkpt>
      <trkpt lat="17.0401228" lon="76.9897527">
      </trkpt>
      <trkpt lat="17.0409052" lon="76.9898841">
      </trkpt>
      <trkpt lat="17.0411818" lon="76.9899359">
      </trkpt>
      <trkpt lat="17.0439234" lon="76.9903683">
      </trkpt>
      <trkpt lat="17.045295" lon="76.9906089">
      </trkpt>
      <trkpt lat="17.0467151" lon="76.9908581">
      </trkpt>
      <trkpt lat="17.0468657" lon="76.9908828">
      </trkpt>
      <trkpt lat="17.0475994" lon="76.9909946">
      </trkpt>
      <trkpt lat="17.0465704" lon="76.9908845">
      </trkpt>
      <trkpt lat="17.0463571" lon="76.9908636">
      </trkpt>
      <trkpt lat="17.046133" lon="76.9908522">
      </trkpt>
      <trkpt lat="17.0458263" lon="76.9908761">
      </trkpt>
      <trkpt lat="17.0456232" lon="76.9908993">
      </trkpt>
      <trkpt lat="17.0453552" lon="76.9909654">
      </trkpt>
      <trkpt lat="17.0450873" lon="76.9910603">
      </trkpt>
      <trkpt lat="17.0449043" lon="76.9911555">
      </trkpt>
      <trkpt lat="17.0447213" lon="76.9912604">
      </trkpt>
      <trkpt lat="17.0445545" lon="76.9913684">
      </trkpt>
      <trkpt lat="17.0443938" lon="76.991502">
      </trkpt>
      <trkpt lat="17.0442048" lon="76.9916861">
      </trkpt>
      <trkpt lat="17.0440569" lon="76.991867">
      </trkpt>
      <trkpt lat="17.043931" lon="76.9920361">
      </trkpt>
      <trkpt lat="17.0438269" lon="76.9922115">
      </trkpt>
      <trkpt lat="17.0437274" lon="76.9923821">
      </trkpt>
      <trkpt lat="17.0435892" lon="76.9927716">
      </trkpt>
      <trkpt lat="17.0435177" lon="76.9930965">
      </trkpt>
      <trkpt lat="17.043483" lon="76.9933872">
      </trkpt>
      <trkpt lat="17.0434769" lon="76.9935854">
      </trkpt>
      <trkpt lat="17.0434837" lon="76.9937745">
      </trkpt>
      <trkpt lat="17.0435084" lon="76.993984">
      </trkpt>
      <trkpt lat="17.0435375" lon="76.9941754">
      </trkpt>
      <trkpt lat="17.0436114" lon="76.994466">
      </trkpt>
      <trkpt lat="17.0436826" lon="76.9946489">
      </trkpt>
      <trkpt lat="17.0437537" lon="76.9948183">
      </trkpt>
      <trkpt lat="17.0439042" lon="76.9950811">
      </trkpt>
      <trkpt lat="17.0440258" lon="76.9952737">
      </trkpt>
      <trkpt lat="17.0441577" lon="76.9954681">
      </trkpt>
      <trkpt lat="17.0442861" lon="76.9956465">
      </trkpt>
      <trkpt lat="17.0445128" lon="76.9959922">
      </trkpt>
      <trkpt lat="17.0446266" lon="76.9961634">
      </trkpt>
      <trkpt lat="17.0447317" lon="76.9963392">
      </trkpt>
      <trkpt lat="17.0448577" lon="76.9965886">
      </trkpt>
      <trkpt lat="17.0449665" lon="76.9968336">
      </trkpt>
      <trkpt lat="17.0451152" lon="76.9972338">
      </trkpt>
      <trkpt lat="17.0452425" lon="76.9976408">
      </trkpt>
      <trkpt lat="17.0453437" lon="76.9980741">
      </trkpt>
      <trkpt lat="17.0454233" lon="76.9984458">
      </trkpt>
      <trkpt lat="17.0455475" lon="76.9991146">
      </trkpt>
      <trkpt lat="17.0457794" lon="77.0003398">
      </trkpt>
      <trkpt lat="17.0458689" lon="77.0007856">
      </trkpt>
      <trkpt lat="17.0463449" lon="77.003235">
      </trkpt>
      <trkpt lat="17.0468279" lon="77.0057362">
      </trkpt>
      <trkpt lat="17.0516844" lon="77.0310437">
      </trkpt>
      <trkpt lat="17.0518049" lon="77.0315773">
      </trkpt>
      <trkpt lat="17.0519348" lon="77.0321117">
      </trkpt>
      <trkpt lat="17.0521463" lon="77.032719">
      </trkpt>
      <trkpt lat="17.0523578" lon="77.0332438">
      </trkpt>
      <trkpt lat="17.0527922" lon="77.0340481">
      </trkpt>
      <trkpt lat="17.0533786" lon="77.0349007">
      </trkpt>
      <trkpt lat="17.0537967" lon="77.0354175">
      </trkpt>
      <trkpt lat="17.0541543" lon="77.0358177">
      </trkpt>
      <trkpt lat="17.054509" lon="77.0361576">
      </trkpt>
      <trkpt lat="17.0549819" lon="77.0365466">
      </trkpt>
      <trkpt lat="17.0554192" lon="77.0368653">
      </trkpt>
      <trkpt lat="17.0558947" lon="77.0371778">
      </trkpt>
      <trkpt lat="17.0769809" lon="77.0504602">
      </trkpt>
      <trkpt lat="17.0770913" lon="77.0505297">
      </trkpt>
      <trkpt lat="17.0842764" lon="77.0550352">
      </trkpt>
      <trkpt lat="17.084668" lon="77.0552855">
      </trkpt>
      <trkpt lat="17.0860814" lon="77.0561889">
      </trkpt>
      <trkpt lat="17.0866851" lon="77.0565995">
      </trkpt>
      <trkpt lat="17.0873163" lon="77.057077">
      </trkpt>
      <trkpt lat="17.0879087" lon="77.0575803">
      </trkpt>
      <trkpt lat="17.0885657" lon="77.0582403">
      </trkpt>
      <trkpt lat="17.1158337" lon="77.0866442">
      </trkpt>
      <trkpt lat="17.1174103" lon="77.0882651">
      </trkpt>
      <trkpt lat="17.1181073" lon="77.08899">
      </trkpt>
      <trkpt lat="17.1196976" lon="77.0906577">
      </trkpt>
      <trkpt lat="17.120443" lon="77.0914254">
      </trkpt>
      <trkpt lat="17.1217732" lon="77.0928">
      </trkpt>
      <trkpt lat="17.1229762" lon="77.0940551">
      </trkpt>
      <trkpt lat="17.1235803" lon="77.0946906">
      </trkpt>
      <trkpt lat="17.1242792" lon="77.0954714">
      </trkpt>
      <trkpt lat="17.1244317" lon="77.0956671">
      </trkpt>
      <trkpt lat="17.1249469" lon="77.0963498">
      </trkpt>
      <trkpt lat="17.1254722" lon="77.0971947">
      </trkpt>
      <trkpt lat="17.1257231" lon="77.0977008">
      </trkpt>
      <trkpt lat="17.1261128" lon="77.0986132">
      </trkpt>
      <trkpt lat="17.1263511" lon="77.0992204">
      </trkpt>
      <trkpt lat="17.1266035" lon="77.1000566">
      </trkpt>
      <trkpt lat="17.1268137" lon="77.1010364">
      </trkpt>
      <trkpt lat="17.1269483" lon="77.1019664">
      </trkpt>
      <trkpt lat="17.1271137" lon="77.1031575">
      </trkpt>
      <trkpt lat="17.1283459" lon="77.1116243">
      </trkpt>
      <trkpt lat="17.1287945" lon="77.1147399">
      </trkpt>
      <trkpt lat="17.1291534" lon="77.1173334">
      </trkpt>
      <trkpt lat="17.129759" lon="77.1213057">
      </trkpt>
      <trkpt lat="17.1304374" lon="77.1260348">
      </trkpt>
      <trkpt lat="17.1307907" lon="77.1281589">
      </trkpt>
      <trkpt lat="17.1314131" lon="77.1327766">
      </trkpt>
      <trkpt lat="17.1322149" lon="77.1380723">
      </trkpt>
      <trkpt lat="17.132343" lon="77.1388623">
      </trkpt>
      <trkpt lat="17.1326915" lon="77.1407622">
      </trkpt>
      <trkpt lat="17.1339811" lon="77.1453271">
      </trkpt>
      <trkpt lat="17.1350521" lon="77.1482609">
      </trkpt>
      <trkpt lat="17.1353436" lon="77.1489415">
      </trkpt>
      <trkpt lat="17.1362912" lon="77.1510186">
      </trkpt>
      <trkpt lat="17.1379116" lon="77.1538936">
      </trkpt>
      <trkpt lat="17.1408777" lon="77.1588869">
      </trkpt>
      <trkpt lat="17.1438545" lon="77.1639933">
      </trkpt>
      <trkpt lat="17.1449423" lon="77.1658713">
      </trkpt>
      <trkpt lat="17.1451476" lon="77.1662012">
      </trkpt>
      <trkpt lat="17.145552" lon="77.1669646">
      </trkpt>
      <trkpt lat="17.1458667" lon="77.1676131">
      </trkpt>
      <trkpt lat="17.146133" lon="77.1682937">
      </trkpt>
      <trkpt lat="17.1463685" lon="77.1689949">
      </trkpt>
      <trkpt lat="17.1465899" lon="77.1699483">
      </trkpt>
      <trkpt lat="17.1467217" lon="77.1707581">
      </trkpt>
      <trkpt lat="17.1468619" lon="77.1719814">
      </trkpt>
      <trkpt lat="17.1470217" lon="77.1733867">
      </trkpt>
      <trkpt lat="17.1472263" lon="77.1753406">
      </trkpt>
      <trkpt lat="17.1474506" lon="77.177312">
      </trkpt>
      <trkpt lat="17.147644" lon="77.1791075">
      </trkpt>
      <trkpt lat="17.1478655" lon="77.181123">
      </trkpt>
      <trkpt lat="17.1482047" lon="77.1839482">
      </trkpt>
      <trkpt lat="17.1483336" lon="77.1852214">
      </trkpt>
      <trkpt lat="17.1484766" lon="77.186656">
      </trkpt>
      <trkpt lat="17.1488018" lon="77.1894225">
      </trkpt>
      <trkpt lat="17.1491045" lon="77.1921656">
      </trkpt>
      <trkpt lat="17.1494157" lon="77.1950436">
      </trkpt>
      <trkpt lat="17.1495928" lon="77.1961207">
      </trkpt>
      <trkpt lat="17.1498899" lon="77.1972444">
      </trkpt>
      <trkpt lat="17.1504001" lon="77.1987494">
      </trkpt>
      <trkpt lat="17.1514402" lon="77.201601">
      </trkpt>
      <trkpt lat="17.151855" lon="77.2027921">
      </trkpt>
      <trkpt lat="17.1522026" lon="77.2037338">
      </trkpt>
      <trkpt lat="17.1524241" lon="77.2043616">
      </trkpt>
      <trkpt lat="17.1531894" lon="77.2064944">
      </trkpt>
      <trkpt lat="17.1547212" lon="77.210982">
      </trkpt>
      <trkpt lat="17.1562504" lon="77.2152556">
      </trkpt>
      <trkpt lat="17.1589356" lon="77.2227656">
      </trkpt>
      <trkpt lat="17.1609235" lon="77.2283461">
      </trkpt>
      <trkpt lat="17.1623454" lon="77.2323008">
      </trkpt>
      <trkpt lat="17.1636476" lon="77.2359773">
      </trkpt>
      <trkpt lat="17.16505" lon="77.2398129">
      </trkpt>
      <trkpt lat="17.1671553" lon="77.2456763">
      </trkpt>
      <trkpt lat="17.1690522" lon="77.251044">
      </trkpt>
      <trkpt lat="17.1727362" lon="77.2613956">
      </trkpt>
      <trkpt lat="17.1770852" lon="77.2735542">
      </trkpt>
      <trkpt lat="17.1777346" lon="77.2754024">
      </trkpt>
      <trkpt lat="17.1789725" lon="77.2788861">
      </trkpt>
      <trkpt lat="17.1795862" lon="77.2804579">
      </trkpt>
      <trkpt lat="17.180167" lon="77.2821018">
      </trkpt>
      <trkpt lat="17.1804909" lon="77.2829739">
      </trkpt>
      <trkpt lat="17.1814305" lon="77.2856437">
      </trkpt>
      <trkpt lat="17.1823502" lon="77.2881556">
      </trkpt>
      <trkpt lat="17.1824665" lon="77.2884731">
      </trkpt>
      <trkpt lat="17.1829619" lon="77.2897821">
      </trkpt>
      <trkpt lat="17.1835702" lon="77.2914471">
      </trkpt>
      <trkpt lat="17.1839485" lon="77.2925423">
      </trkpt>
      <trkpt lat="17.1841836" lon="77.2933855">
      </trkpt>
      <trkpt lat="17.184302" lon="77.29409">
      </trkpt>
      <trkpt lat="17.184386" lon="77.2945901">
      </trkpt>
      <trkpt lat="17.1844555" lon="77.2955617">
      </trkpt>
      <trkpt lat="17.1844637" lon="77.2967816">
      </trkpt>
      <trkpt lat="17.1843165" lon="77.299324">
      </trkpt>
      <trkpt lat="17.1841324" lon="77.3027953">
      </trkpt>
      <trkpt lat="17.1839239" lon="77.3066304">
      </trkpt>
      <trkpt lat="17.1836949" lon="77.3105018">
      </trkpt>
      <trkpt lat="17.183472" lon="77.3143271">
      </trkpt>
      <trkpt lat="17.1833964" lon="77.3159622">
      </trkpt>
      <trkpt lat="17.1833514" lon="77.3178283">
      </trkpt>
      <trkpt lat="17.1833494" lon="77.3198807">
      </trkpt>
      <trkpt lat="17.1833923" lon="77.3219716">
      </trkpt>
      <trkpt lat="17.1834209" lon="77.3234547">
      </trkpt>
      <trkpt lat="17.1834884" lon="77.3251796">
      </trkpt>
      <trkpt lat="17.1836397" lon="77.3272855">
      </trkpt>
      <trkpt lat="17.1837624" lon="77.3287408">
      </trkpt>
      <trkpt lat="17.1839259" lon="77.3304144">
      </trkpt>
      <trkpt lat="17.1841672" lon="77.332486">
      </trkpt>
      <trkpt lat="17.1844473" lon="77.3345105">
      </trkpt>
      <trkpt lat="17.1848018" lon="77.3366762">
      </trkpt>
      <trkpt lat="17.1852037" lon="77.338822">
      </trkpt>
      <trkpt lat="17.1857964" lon="77.3417154">
      </trkpt>
      <trkpt lat="17.1863834" lon="77.3442275">
      </trkpt>
      <trkpt lat="17.1870137" lon="77.3466487">
      </trkpt>
      <trkpt lat="17.187806" lon="77.3493182">
      </trkpt>
      <trkpt lat="17.188789" lon="77.3523478">
      </trkpt>
      <trkpt lat="17.1896709" lon="77.354816">
      </trkpt>
      <trkpt lat="17.1902232" lon="77.3562324">
      </trkpt>
      <trkpt lat="17.1912727" lon="77.3590562">
      </trkpt>
      <trkpt lat="17.1922095" lon="77.3616046">
      </trkpt>
      <trkpt lat="17.1930972" lon="77.3639199">
      </trkpt>
      <trkpt lat="17.1940658" lon="77.3663563">
      </trkpt>
      <trkpt lat="17.1943607" lon="77.3671432">
      </trkpt>
      <trkpt lat="17.194884" lon="77.3685657">
      </trkpt>
      <trkpt lat="17.1956556" lon="77.3705943">
      </trkpt>
      <trkpt lat="17.1964979" lon="77.3728414">
      </trkpt>
      <trkpt lat="17.1969968" lon="77.3742325">
      </trkpt>
      <trkpt lat="17.1980517" lon="77.3771174">
      </trkpt>
      <trkpt lat="17.1996382" lon="77.3813462">
      </trkpt>
      <trkpt lat="17.2012042" lon="77.385528">
      </trkpt>
      <trkpt lat="17.2028356" lon="77.3897911">
      </trkpt>
      <trkpt lat="17.2037682" lon="77.3924191">
      </trkpt>
      <trkpt lat="17.2040299" lon="77.3931511">
      </trkpt>
      <trkpt lat="17.2047127" lon="77.3950772">
      </trkpt>
      <trkpt lat="17.2060793" lon="77.3988534">
      </trkpt>
      <trkpt lat="17.208445" lon="77.4051926">
      </trkpt>
      <trkpt lat="17.2102588" lon="77.4100623">
      </trkpt>
      <trkpt lat="17.2114442" lon="77.4132493">
      </trkpt>
      <trkpt lat="17.2115193" lon="77.413449">
      </trkpt>
      <trkpt lat="17.2126584" lon="77.4165089">
      </trkpt>
      <trkpt lat="17.2139816" lon="77.4200668">
      </trkpt>
      <trkpt lat="17.2141811" lon="77.4206358">
      </trkpt>
      <trkpt lat="17.2153231" lon="77.4236533">
      </trkpt>
      <trkpt lat="17.2180839" lon="77.4311471">
      </trkpt>
      <trkpt lat="17.2184251" lon="77.4321005">
      </trkpt>
      <trkpt lat="17.2185927" lon="77.4326846">
      </trkpt>
      <trkpt lat="17.2187517" lon="77.4334897">
      </trkpt>
      <trkpt lat="17.2191044" lon="77.4353692">
      </trkpt>
      <trkpt lat="17.2196392" lon="77.4382263">
      </trkpt>
      <trkpt lat="17.220229" lon="77.4413376">
      </trkpt>
      <trkpt lat="17.2209824" lon="77.4452819">
      </trkpt>
      <trkpt lat="17.221796" lon="77.4494893">
      </trkpt>
      <trkpt lat="17.222581" lon="77.4536626">
      </trkpt>
      <trkpt lat="17.2238729" lon="77.460314">
      </trkpt>
      <trkpt lat="17.224899" lon="77.4658013">
      </trkpt>
      <trkpt lat="17.2252874" lon="77.4678044">
      </trkpt>
      <trkpt lat="17.2260438" lon="77.4718236">
      </trkpt>
      <trkpt lat="17.2269145" lon="77.4764377">
      </trkpt>
      <trkpt lat="17.2273683" lon="77.4788517">
      </trkpt>
      <trkpt lat="17.2281655" lon="77.4829864">
      </trkpt>
      <trkpt lat="17.2283432" lon="77.4840089">
      </trkpt>
      <trkpt lat="17.2284617" lon="77.4848261">
      </trkpt>
      <trkpt lat="17.2285225" lon="77.4857764">
      </trkpt>
      <trkpt lat="17.2285196" lon="77.4864271">
      </trkpt>
      <trkpt lat="17.228456" lon="77.4874713">
      </trkpt>
      <trkpt lat="17.2281987" lon="77.490401">
      </trkpt>
      <trkpt lat="17.2276208" lon="77.4970669">
      </trkpt>
      <trkpt lat="17.2273259" lon="77.5007394">
      </trkpt>
      <trkpt lat="17.2273028" lon="77.5012102">
      </trkpt>
      <trkpt lat="17.2272652" lon="77.5027763">
      </trkpt>
      <trkpt lat="17.2273103" lon="77.5047405">
      </trkpt>
      <trkpt lat="17.2274201" lon="77.506847">
      </trkpt>
      <trkpt lat="17.227582" lon="77.5088869">
      </trkpt>
      <trkpt lat="17.2277912" lon="77.5104198">
      </trkpt>
      <trkpt lat="17.2281223" lon="77.5123063">
      </trkpt>
      <trkpt lat="17.2284236" lon="77.5140229">
      </trkpt>
      <trkpt lat="17.2290711" lon="77.5166711">
      </trkpt>
      <trkpt lat="17.2295973" lon="77.5184568">
      </trkpt>
      <trkpt lat="17.2302188" lon="77.5202939">
      </trkpt>
      <trkpt lat="17.2309985" lon="77.522344">
      </trkpt>
      <trkpt lat="17.231852" lon="77.5243249">
      </trkpt>
      <trkpt lat="17.2333243" lon="77.5272279">
      </trkpt>
      <trkpt lat="17.2350731" lon="77.5301818">
      </trkpt>
      <trkpt lat="17.2363739" lon="77.5321098">
      </trkpt>
      <trkpt lat="17.2369781" lon="77.5329088">
      </trkpt>
      <trkpt lat="17.2380996" lon="77.5342889">
      </trkpt>
      <trkpt lat="17.2388396" lon="77.5351787">
      </trkpt>
      <trkpt lat="17.2401561" lon="77.5367944">
      </trkpt>
      <trkpt lat="17.2406619" lon="77.5373937">
      </trkpt>
      <trkpt lat="17.2411967" lon="77.5381079">
      </trkpt>
      <trkpt lat="17.2415064" lon="77.5385558">
      </trkpt>
      <trkpt lat="17.2418879" lon="77.5392277">
      </trkpt>
      <trkpt lat="17.2422753" lon="77.5401236">
      </trkpt>
      <trkpt lat="17.242732" lon="77.5416308">
      </trkpt>
      <trkpt lat="17.2442052" lon="77.5473326">
      </trkpt>
      <trkpt lat="17.246233" lon="77.5550618">
      </trkpt>
      <trkpt lat="17.2475026" lon="77.5598399">
      </trkpt>
      <trkpt lat="17.2475529" lon="77.5600289">
      </trkpt>
      <trkpt lat="17.2486455" lon="77.5641935">
      </trkpt>
      <trkpt lat="17.2492987" lon="77.5664997">
      </trkpt>
      <trkpt lat="17.2495853" lon="77.5675814">
      </trkpt>
      <trkpt lat="17.2501601" lon="77.5697503">
      </trkpt>
      <trkpt lat="17.2505416" lon="77.5713725">
      </trkpt>
      <trkpt lat="17.250663" lon="77.5727587">
      </trkpt>
      <trkpt lat="17.2507208" lon="77.5744294">
      </trkpt>
      <trkpt lat="17.2507497" lon="77.577577">
      </trkpt>
      <trkpt lat="17.2507555" lon="77.579738">
      </trkpt>
      <trkpt lat="17.2507528" lon="77.5816732">
      </trkpt>
      <trkpt lat="17.2507527" lon="77.5819409">
      </trkpt>
      <trkpt lat="17.2507589" lon="77.5841676">
      </trkpt>
      <trkpt lat="17.2507728" lon="77.5891617">
      </trkpt>
      <trkpt lat="17.2507804" lon="77.5901229">
      </trkpt>
      <trkpt lat="17.2507427" lon="77.5904515">
      </trkpt>
      <trkpt lat="17.2507438" lon="77.5912616">
      </trkpt>
      <trkpt lat="17.2507176" lon="77.5917576">
      </trkpt>
      <trkpt lat="17.2506283" lon="77.5932335">
      </trkpt>
      <trkpt lat="17.2504433" lon="77.5958364">
      </trkpt>
      <trkpt lat="17.2501832" lon="77.5994017">
      </trkpt>
      <trkpt lat="17.2498595" lon="77.60376">
      </trkpt>
      <trkpt lat="17.2496589" lon="77.6063114">
      </trkpt>
      <trkpt lat="17.249604" lon="77.6073072">
      </trkpt>
      <trkpt lat="17.249604" lon="77.6081213">
      </trkpt>
      <trkpt lat="17.2496416" lon="77.6091715">
      </trkpt>
      <trkpt lat="17.2497341" lon="77.6113204">
      </trkpt>
      <trkpt lat="17.2498353" lon="77.614011">
      </trkpt>
      <trkpt lat="17.2499306" lon="77.6159238">
      </trkpt>
      <trkpt lat="17.2500145" lon="77.6167592">
      </trkpt>
      <trkpt lat="17.250159" lon="77.6174523">
      </trkpt>
      <trkpt lat="17.2504191" lon="77.6183996">
      </trkpt>
      <trkpt lat="17.2512053" lon="77.6205908">
      </trkpt>
      <trkpt lat="17.2526086" lon="77.6244342">
      </trkpt>
      <trkpt lat="17.253749" lon="77.627593">
      </trkpt>
      <trkpt lat="17.2550939" lon="77.6313082">
      </trkpt>
      <trkpt lat="17.2564182" lon="77.6349721">
      </trkpt>
      <trkpt lat="17.2572848" lon="77.6373519">
      </trkpt>
      <trkpt lat="17.2577549" lon="77.638606">
      </trkpt>
      <trkpt lat="17.2586051" lon="77.6409387">
      </trkpt>
      <trkpt lat="17.2590465" lon="77.64221">
      </trkpt>
      <trkpt lat="17.2602115" lon="77.6453773">
      </trkpt>
      <trkpt lat="17.2606039" lon="77.6464688">
      </trkpt>
      <trkpt lat="17.2609349" lon="77.6474147">
      </trkpt>
      <trkpt lat="17.2616298" lon="77.649268">
      </trkpt>
      <trkpt lat="17.262014" lon="77.6500813">
      </trkpt>
      <trkpt lat="17.26248" lon="77.6508089">
      </trkpt>
      <trkpt lat="17.2635305" lon="77.6522257">
      </trkpt>
      <trkpt lat="17.2642498" lon="77.6531673">
      </trkpt>
      <trkpt lat="17.2645523" lon="77.6537195">
      </trkpt>
      <trkpt lat="17.2648752" lon="77.6545755">
      </trkpt>
      <trkpt lat="17.2654638" lon="77.6561849">
      </trkpt>
      <trkpt lat="17.2667595" lon="77.6597717">
      </trkpt>
      <trkpt lat="17.2672214" lon="77.660769">
      </trkpt>
      <trkpt lat="17.2675974" lon="77.6614667">
      </trkpt>
      <trkpt lat="17.2680306" lon="77.6621087">
      </trkpt>
      <trkpt lat="17.2688072" lon="77.6632601">
      </trkpt>
      <trkpt lat="17.2691628" lon="77.6637994">
      </trkpt>
      <trkpt lat="17.2700988" lon="77.6652205">
      </trkpt>
      <trkpt lat="17.2708917" lon="77.6663547">
      </trkpt>
      <trkpt lat="17.2716601" lon="77.6675061">
      </trkpt>
      <trkpt lat="17.272216" lon="77.6684734">
      </trkpt>
      <trkpt lat="17.2725675" lon="77.6691369">
      </trkpt>
      <trkpt lat="17.2728767" lon="77.669846">
      </trkpt>
      <trkpt lat="17.2731542" lon="77.670869">
      </trkpt>
      <trkpt lat="17.2733594" lon="77.671895">
      </trkpt>
      <trkpt lat="17.2736368" lon="77.6733326">
      </trkpt>
      <trkpt lat="17.2738211" lon="77.6741474">
      </trkpt>
      <trkpt lat="17.2740281" lon="77.6749042">
      </trkpt>
      <trkpt lat="17.2744737" lon="77.6763434">
      </trkpt>
      <trkpt lat="17.2747499" lon="77.6772108">
      </trkpt>
      <trkpt lat="17.2755512" lon="77.6796631">
      </trkpt>
      <trkpt lat="17.2758068" lon="77.6804576">
      </trkpt>
      <trkpt lat="17.2760303" lon="77.6811874">
      </trkpt>
      <trkpt lat="17.2762063" lon="77.68183">
      </trkpt>
      <trkpt lat="17.2763303" lon="77.6823468">
      </trkpt>
      <trkpt lat="17.2764045" lon="77.6827242">
      </trkpt>
      <trkpt lat="17.2770874" lon="77.6866563">
      </trkpt>
      <trkpt lat="17.2772019" lon="77.6872995">
      </trkpt>
      <trkpt lat="17.277289" lon="77.6876873">
      </trkpt>
      <trkpt lat="17.2773759" lon="77.6880431">
      </trkpt>
      <trkpt lat="17.2776224" lon="77.6889248">
      </trkpt>
      <trkpt lat="17.2788273" lon="77.6930278">
      </trkpt>
      <trkpt lat="17.2792658" lon="77.694538">
      </trkpt>
      <trkpt lat="17.2794492" lon="77.6951098">
      </trkpt>
      <trkpt lat="17.2795588" lon="77.6954697">
      </trkpt>
      <trkpt lat="17.2798244" lon="77.6963948">
      </trkpt>
      <trkpt lat="17.28044" lon="77.698585">
      </trkpt>
      <trkpt lat="17.2807436" lon="77.6994328">
      </trkpt>
      <trkpt lat="17.2810472" lon="77.7000797">
      </trkpt>
      <trkpt lat="17.2814161" lon="77.7007619">
      </trkpt>
      <trkpt lat="17.2821708" lon="77.701793">
      </trkpt>
      <trkpt lat="17.2826409" lon="77.7023162">
      </trkpt>
      <trkpt lat="17.2834189" lon="77.7029874">
      </trkpt>
      <trkpt lat="17.2839944" lon="77.7034577">
      </trkpt>
      <trkpt lat="17.2853394" lon="77.7045351">
      </trkpt>
      <trkpt lat="17.2865031" lon="77.7055154">
      </trkpt>
      <trkpt lat="17.2878628" lon="77.7066083">
      </trkpt>
      <trkpt lat="17.2892478" lon="77.7077409">
      </trkpt>
      <trkpt lat="17.2904705" lon="77.7087521">
      </trkpt>
      <trkpt lat="17.2915076" lon="77.7096772">
      </trkpt>
      <trkpt lat="17.2919672" lon="77.7101739">
      </trkpt>
      <trkpt lat="17.2922033" lon="77.7104852">
      </trkpt>
      <trkpt lat="17.2924141" lon="77.7107921">
      </trkpt>
      <trkpt lat="17.292665" lon="77.7112447">
      </trkpt>
      <trkpt lat="17.2928694" lon="77.7117304">
      </trkpt>
      <trkpt lat="17.2930676" lon="77.7122979">
      </trkpt>
      <trkpt lat="17.2932236" lon="77.7128873">
      </trkpt>
      <trkpt lat="17.2933269" lon="77.7135629">
      </trkpt>
      <trkpt lat="17.2933353" lon="77.7140222">
      </trkpt>
      <trkpt lat="17.2933079" lon="77.7145013">
      </trkpt>
      <trkpt lat="17.2932383" lon="77.7152144">
      </trkpt>
      <trkpt lat="17.2931287" lon="77.7157465">
      </trkpt>
      <trkpt lat="17.2930065" lon="77.7161108">
      </trkpt>
      <trkpt lat="17.2927345" lon="77.7167511">
      </trkpt>
      <trkpt lat="17.2924921" lon="77.7172235">
      </trkpt>
      <trkpt lat="17.2922855" lon="77.7175591">
      </trkpt>
      <trkpt lat="17.291729" lon="77.7183407">
      </trkpt>
      <trkpt lat="17.2912905" lon="77.7188551">
      </trkpt>
      <trkpt lat="17.2904726" lon="77.7198354">
      </trkpt>
      <trkpt lat="17.2898929" lon="77.7205375">
      </trkpt>
      <trkpt lat="17.2891698" lon="77.7213986">
      </trkpt>
      <trkpt lat="17.288101" lon="77.7227012">
      </trkpt>
      <trkpt lat="17.2877405" lon="77.7232377">
      </trkpt>
      <trkpt lat="17.2875128" lon="77.7236704">
      </trkpt>
      <trkpt lat="17.2872894" lon="77.7241451">
      </trkpt>
      <trkpt lat="17.2870533" lon="77.7247236">
      </trkpt>
      <trkpt lat="17.2868888" lon="77.7253616">
      </trkpt>
      <trkpt lat="17.2868024" lon="77.7257811">
      </trkpt>
      <trkpt lat="17.2867328" lon="77.726375">
      </trkpt>
      <trkpt lat="17.2867118" lon="77.7269226">
      </trkpt>
      <trkpt lat="17.2867455" lon="77.7275915">
      </trkpt>
      <trkpt lat="17.2868024" lon="77.7279227">
      </trkpt>
      <trkpt lat="17.2868973" lon="77.7284703">
      </trkpt>
      <trkpt lat="17.2871966" lon="77.72953">
      </trkpt>
      <trkpt lat="17.2874454" lon="77.7303447">
      </trkpt>
      <trkpt lat="17.2879745" lon="77.7318968">
      </trkpt>
      <trkpt lat="17.2886069" lon="77.733864">
      </trkpt>
      <trkpt lat="17.2893195" lon="77.7358709">
      </trkpt>
      <trkpt lat="17.2900257" lon="77.7376814">
      </trkpt>
      <trkpt lat="17.2907719" lon="77.7397589">
      </trkpt>
      <trkpt lat="17.2915751" lon="77.7418365">
      </trkpt>
      <trkpt lat="17.2918892" lon="77.7427506">
      </trkpt>
      <trkpt lat="17.2920789" lon="77.7434085">
      </trkpt>
      <trkpt lat="17.2922012" lon="77.7440201">
      </trkpt>
      <trkpt lat="17.2922771" lon="77.7445588">
      </trkpt>
      <trkpt lat="17.2923171" lon="77.745071">
      </trkpt>
      <trkpt lat="17.2923277" lon="77.7455656">
      </trkpt>
      <trkpt lat="17.2922771" lon="77.7463206">
      </trkpt>
      <trkpt lat="17.2922012" lon="77.7468505">
      </trkpt>
      <trkpt lat="17.2920431" lon="77.7475614">
      </trkpt>
      <trkpt lat="17.291885" lon="77.7481554">
      </trkpt>
      <trkpt lat="17.2913917" lon="77.7498267">
      </trkpt>
      <trkpt lat="17.2907551" lon="77.7520014">
      </trkpt>
      <trkpt lat="17.2901901" lon="77.7538913">
      </trkpt>
      <trkpt lat="17.2896188" lon="77.7557724">
      </trkpt>
      <trkpt lat="17.2891276" lon="77.7574504">
      </trkpt>
      <trkpt lat="17.288959" lon="77.7581834">
      </trkpt>
      <trkpt lat="17.2888873" lon="77.7587221">
      </trkpt>
      <trkpt lat="17.2888241" lon="77.7592762">
      </trkpt>
      <trkpt lat="17.2887566" lon="77.7606009">
      </trkpt>
      <trkpt lat="17.2887208" lon="77.7614134">
      </trkpt>
      <trkpt lat="17.2886343" lon="77.7622568">
      </trkpt>
      <trkpt lat="17.2884973" lon="77.7628728">
      </trkpt>
      <trkpt lat="17.2883455" lon="77.7633961">
      </trkpt>
      <trkpt lat="17.2880778" lon="77.7640407">
      </trkpt>
      <trkpt lat="17.2878691" lon="77.7644404">
      </trkpt>
      <trkpt lat="17.2874791" lon="77.7650497">
      </trkpt>
      <trkpt lat="17.2872072" lon="77.7654273">
      </trkpt>
      <trkpt lat="17.2867539" lon="77.7659218">
      </trkpt>
      <trkpt lat="17.2865262" lon="77.7661426">
      </trkpt>
      <trkpt lat="17.2859908" lon="77.7665731">
      </trkpt>
      <trkpt lat="17.2854616" lon="77.7669485">
      </trkpt>
      <trkpt lat="17.2852297" lon="77.7671008">
      </trkpt>
      <trkpt lat="17.2847849" lon="77.7674187">
      </trkpt>
      <trkpt lat="17.2834948" lon="77.7683063">
      </trkpt>
      <trkpt lat="17.2822235" lon="77.7692137">
      </trkpt>
      <trkpt lat="17.2817197" lon="77.7696531">
      </trkpt>
      <trkpt lat="17.2813929" lon="77.7700218">
      </trkpt>
      <trkpt lat="17.2810535" lon="77.7704302">
      </trkpt>
      <trkpt lat="17.2807541" lon="77.7709513">
      </trkpt>
      <trkpt lat="17.2804653" lon="77.7715297">
      </trkpt>
      <trkpt lat="17.2803114" lon="77.7719603">
      </trkpt>
      <trkpt lat="17.2801575" lon="77.7724946">
      </trkpt>
      <trkpt lat="17.2797823" lon="77.7740423">
      </trkpt>
      <trkpt lat="17.2793923" lon="77.7758284">
      </trkpt>
      <trkpt lat="17.2791245" lon="77.7768506">
      </trkpt>
      <trkpt lat="17.2790423" lon="77.777343">
      </trkpt>
      <trkpt lat="17.279017" lon="77.7778">
      </trkpt>
      <trkpt lat="17.2790318" lon="77.7781268">
      </trkpt>
      <trkpt lat="17.2790781" lon="77.7785197">
      </trkpt>
      <trkpt lat="17.2792109" lon="77.7790629">
      </trkpt>
      <trkpt lat="17.2795588" lon="77.780339">
      </trkpt>
      <trkpt lat="17.2796811" lon="77.780743">
      </trkpt>
      <trkpt lat="17.2797485" lon="77.7811647">
      </trkpt>
      <trkpt lat="17.279797" lon="77.7816041">
      </trkpt>
      <trkpt lat="17.2797907" lon="77.7819662">
      </trkpt>
      <trkpt lat="17.2797085" lon="77.7824541">
      </trkpt>
      <trkpt lat="17.2796031" lon="77.7828118">
      </trkpt>
      <trkpt lat="17.2793691" lon="77.7834167">
      </trkpt>
      <trkpt lat="17.2790423" lon="77.7839488">
      </trkpt>
      <trkpt lat="17.2784035" lon="77.7847481">
      </trkpt>
      <trkpt lat="17.2780029" lon="77.7853265">
      </trkpt>
      <trkpt lat="17.2777015" lon="77.7858122">
      </trkpt>
      <trkpt lat="17.277556" lon="77.7861986">
      </trkpt>
      <trkpt lat="17.2774738" lon="77.7865254">
      </trkpt>
      <trkpt lat="17.2773831" lon="77.7871723">
      </trkpt>
      <trkpt lat="17.2773789" lon="77.7876337">
      </trkpt>
      <trkpt lat="17.2774084" lon="77.787945">
      </trkpt>
      <trkpt lat="17.277516" lon="77.7884992">
      </trkpt>
      <trkpt lat="17.2776677" lon="77.7888723">
      </trkpt>
      <trkpt lat="17.2779102" lon="77.7893514">
      </trkpt>
      <trkpt lat="17.2783445" lon="77.790144">
      </trkpt>
      <trkpt lat="17.278783" lon="77.790941">
      </trkpt>
      <trkpt lat="17.2792763" lon="77.7918595">
      </trkpt>
      <trkpt lat="17.2794892" lon="77.7923033">
      </trkpt>
      <trkpt lat="17.2796389" lon="77.792683">
      </trkpt>
      <trkpt lat="17.2797759" lon="77.7930186">
      </trkpt>
      <trkpt lat="17.2799003" lon="77.7935595">
      </trkpt>
      <trkpt lat="17.2799657" lon="77.7940894">
      </trkpt>
      <trkpt lat="17.2799762" lon="77.7944802">
      </trkpt>
      <trkpt lat="17.2799973" lon="77.7954914">
      </trkpt>
      <trkpt lat="17.2800289" lon="77.7964187">
      </trkpt>
      <trkpt lat="17.2800584" lon="77.7978472">
      </trkpt>
      <trkpt lat="17.2801027" lon="77.7982291">
      </trkpt>
      <trkpt lat="17.2801955" lon="77.7986067">
      </trkpt>
      <trkpt lat="17.2803831" lon="77.7992293">
      </trkpt>
      <trkpt lat="17.2806614" lon="77.8002449">
      </trkpt>
      <trkpt lat="17.281005" lon="77.8014084">
      </trkpt>
      <trkpt lat="17.2810872" lon="77.8018279">
      </trkpt>
      <trkpt lat="17.2811463" lon="77.8022099">
      </trkpt>
      <trkpt lat="17.2811779" lon="77.8026271">
      </trkpt>
      <trkpt lat="17.2811758" lon="77.8030665">
      </trkpt>
      <trkpt lat="17.2811167" lon="77.8036118">
      </trkpt>
      <trkpt lat="17.2810029" lon="77.8041925">
      </trkpt>
      <trkpt lat="17.2808216" lon="77.8048328">
      </trkpt>
      <trkpt lat="17.2805222" lon="77.8059146">
      </trkpt>
      <trkpt lat="17.280421" lon="77.8063584">
      </trkpt>
      <trkpt lat="17.2803452" lon="77.8070914">
      </trkpt>
      <trkpt lat="17.2803093" lon="77.8080054">
      </trkpt>
      <trkpt lat="17.2803199" lon="77.8088422">
      </trkpt>
      <trkpt lat="17.2803262" lon="77.80952">
      </trkpt>
      <trkpt lat="17.2804442" lon="77.8103766">
      </trkpt>
      <trkpt lat="17.2805539" lon="77.8108072">
      </trkpt>
      <trkpt lat="17.2806804" lon="77.8112267">
      </trkpt>
      <trkpt lat="17.280986" lon="77.8118736">
      </trkpt>
      <trkpt lat="17.2811255" lon="77.812153">
      </trkpt>
      <trkpt lat="17.2811711" lon="77.8122327">
      </trkpt>
      <trkpt lat="17.2812749" lon="77.8123858">
      </trkpt>
      <trkpt lat="17.2817597" lon="77.8130194">
      </trkpt>
      <trkpt lat="17.2821624" lon="77.8134213">
      </trkpt>
      <trkpt lat="17.2832629" lon="77.8143965">
      </trkpt>
      <trkpt lat="17.283761" lon="77.8149369">
      </trkpt>
      <trkpt lat="17.284268" lon="77.8155996">
      </trkpt>
      <trkpt lat="17.2846495" lon="77.8164361">
      </trkpt>
      <trkpt lat="17.2849456" lon="77.8173431">
      </trkpt>
      <trkpt lat="17.2851206" lon="77.8185133">
      </trkpt>
      <trkpt lat="17.2852059" lon="77.8195331">
      </trkpt>
      <trkpt lat="17.2854078" lon="77.8210652">
      </trkpt>
      <trkpt lat="17.2855604" lon="77.8223952">
      </trkpt>
      <trkpt lat="17.285879" lon="77.8251773">
      </trkpt>
      <trkpt lat="17.2859418" lon="77.8259574">
      </trkpt>
      <trkpt lat="17.2859149" lon="77.8264462">
      </trkpt>
      <trkpt lat="17.2858386" lon="77.8270665">
      </trkpt>
      <trkpt lat="17.2856322" lon="77.8278185">
      </trkpt>
      <trkpt lat="17.2853764" lon="77.8284106">
      </trkpt>
      <trkpt lat="17.2850219" lon="77.8290074">
      </trkpt>
      <trkpt lat="17.2846495" lon="77.8295291">
      </trkpt>
      <trkpt lat="17.2836712" lon="77.8305442">
      </trkpt>
      <trkpt lat="17.2827872" lon="77.8314512">
      </trkpt>
      <trkpt lat="17.2822846" lon="77.832128">
      </trkpt>
      <trkpt lat="17.2819615" lon="77.8326825">
      </trkpt>
      <trkpt lat="17.2816833" lon="77.8334015">
      </trkpt>
      <trkpt lat="17.2815307" lon="77.8339984">
      </trkpt>
      <trkpt lat="17.2814589" lon="77.8346704">
      </trkpt>
      <trkpt lat="17.2814275" lon="77.8350135">
      </trkpt>
      <trkpt lat="17.2814814" lon="77.8355446">
      </trkpt>
      <trkpt lat="17.2815711" lon="77.8360333">
      </trkpt>
      <trkpt lat="17.2817147" lon="77.8366724">
      </trkpt>
      <trkpt lat="17.2819391" lon="77.8372082">
      </trkpt>
      <trkpt lat="17.2822487" lon="77.8378238">
      </trkpt>
      <trkpt lat="17.2830999" lon="77.8393786">
      </trkpt>
      <trkpt lat="17.2832077" lon="77.8395707">
      </trkpt>
      <trkpt lat="17.2833078" lon="77.8397673">
      </trkpt>
      <trkpt lat="17.2834001" lon="77.8399681">
      </trkpt>
      <trkpt lat="17.2834843" lon="77.8401727">
      </trkpt>
      <trkpt lat="17.2835604" lon="77.8403808">
      </trkpt>
      <trkpt lat="17.2836281" lon="77.840592">
      </trkpt>
      <trkpt lat="17.2836875" lon="77.8408059">
      </trkpt>
      <trkpt lat="17.2837384" lon="77.8410223">
      </trkpt>
      <trkpt lat="17.2837806" lon="77.8412407">
      </trkpt>
      <trkpt lat="17.2838142" lon="77.8414607">
      </trkpt>
      <trkpt lat="17.283839" lon="77.841682">
      </trkpt>
      <trkpt lat="17.2838547" lon="77.8418973">
      </trkpt>
      <trkpt lat="17.2838621" lon="77.8421132">
      </trkpt>
      <trkpt lat="17.2838613" lon="77.8423292">
      </trkpt>
      <trkpt lat="17.2838521" lon="77.8425449">
      </trkpt>
      <trkpt lat="17.2838347" lon="77.8427601">
      </trkpt>
      <trkpt lat="17.2838091" lon="77.8429744">
      </trkpt>
      <trkpt lat="17.2837753" lon="77.8431875">
      </trkpt>
      <trkpt lat="17.2837333" lon="77.8433989">
      </trkpt>
      <trkpt lat="17.2836833" lon="77.8436084">
      </trkpt>
      <trkpt lat="17.2836252" lon="77.8438157">
      </trkpt>
      <trkpt lat="17.2834075" lon="77.8443837">
      </trkpt>
      <trkpt lat="17.2829823" lon="77.8453806">
      </trkpt>
      <trkpt lat="17.2824619" lon="77.8467066">
      </trkpt>
      <trkpt lat="17.2822906" lon="77.847431">
      </trkpt>
      <trkpt lat="17.2822603" lon="77.8476532">
      </trkpt>
      <trkpt lat="17.282239" lon="77.8478765">
      </trkpt>
      <trkpt lat="17.2822268" lon="77.8481006">
      </trkpt>
      <trkpt lat="17.2822237" lon="77.848325">
      </trkpt>
      <trkpt lat="17.2822296" lon="77.8485494">
      </trkpt>
      <trkpt lat="17.2822447" lon="77.8487733">
      </trkpt>
      <trkpt lat="17.2822688" lon="77.8489963">
      </trkpt>
      <trkpt lat="17.2823018" lon="77.8492181">
      </trkpt>
      <trkpt lat="17.2823379" lon="77.8494095">
      </trkpt>
      <trkpt lat="17.2823806" lon="77.8495994">
      </trkpt>
      <trkpt lat="17.28243" lon="77.8497875">
      </trkpt>
      <trkpt lat="17.282486" lon="77.8499736">
      </trkpt>
      <trkpt lat="17.2825485" lon="77.8501574">
      </trkpt>
      <trkpt lat="17.2826174" lon="77.8503387">
      </trkpt>
      <trkpt lat="17.2830108" lon="77.8510931">
      </trkpt>
      <trkpt lat="17.2836042" lon="77.8520933">
      </trkpt>
      <trkpt lat="17.2848671" lon="77.8541925">
      </trkpt>
      <trkpt lat="17.2849782" lon="77.854371">
      </trkpt>
      <trkpt lat="17.2850787" lon="77.854558">
      </trkpt>
      <trkpt lat="17.285173" lon="77.8547484">
      </trkpt>
      <trkpt lat="17.2852611" lon="77.8549421">
      </trkpt>
      <trkpt lat="17.2853428" lon="77.8551389">
      </trkpt>
      <trkpt lat="17.2854181" lon="77.8553384">
      </trkpt>
      <trkpt lat="17.2854877" lon="77.8555428">
      </trkpt>
      <trkpt lat="17.2855506" lon="77.8557496">
      </trkpt>
      <trkpt lat="17.2856066" lon="77.8559586">
      </trkpt>
      <trkpt lat="17.2856557" lon="77.8561695">
      </trkpt>
      <trkpt lat="17.285698" lon="77.856382">
      </trkpt>
      <trkpt lat="17.285728" lon="77.8566084">
      </trkpt>
      <trkpt lat="17.2857873" lon="77.8571145">
      </trkpt>
      <trkpt lat="17.2857841" lon="77.8578389">
      </trkpt>
      <trkpt lat="17.2857968" lon="77.8587528">
      </trkpt>
      <trkpt lat="17.2858444" lon="77.8593576">
      </trkpt>
      <trkpt lat="17.2859237" lon="77.8598793">
      </trkpt>
      <trkpt lat="17.2860189" lon="77.8602781">
      </trkpt>
      <trkpt lat="17.2861775" lon="77.8607367">
      </trkpt>
      <trkpt lat="17.286406" lon="77.8613083">
      </trkpt>
      <trkpt lat="17.2867994" lon="77.8619396">
      </trkpt>
      <trkpt lat="17.2873833" lon="77.8627073">
      </trkpt>
      <trkpt lat="17.2882844" lon="77.8638571">
      </trkpt>
      <trkpt lat="17.2887603" lon="77.8647344">
      </trkpt>
      <trkpt lat="17.2897663" lon="77.8665759">
      </trkpt>
      <trkpt lat="17.2909815" lon="77.8687425">
      </trkpt>
      <trkpt lat="17.2921459" lon="77.8708062">
      </trkpt>
      <trkpt lat="17.2926092" lon="77.8716536">
      </trkpt>
      <trkpt lat="17.2927812" lon="77.8719286">
      </trkpt>
      <trkpt lat="17.2930078" lon="77.87222">
      </trkpt>
      <trkpt lat="17.2933757" lon="77.872603">
      </trkpt>
      <trkpt lat="17.2936315" lon="77.8728403">
      </trkpt>
      <trkpt lat="17.2940638" lon="77.8731753">
      </trkpt>
      <trkpt lat="17.294876" lon="77.8737017">
      </trkpt>
      <trkpt lat="17.2957689" lon="77.8742562">
      </trkpt>
      <trkpt lat="17.2966125" lon="77.8748296">
      </trkpt>
      <trkpt lat="17.2970746" lon="77.875276">
      </trkpt>
      <trkpt lat="17.2975547" lon="77.8758306">
      </trkpt>
      <trkpt lat="17.2979586" lon="77.8764697">
      </trkpt>
      <trkpt lat="17.2982413" lon="77.8771746">
      </trkpt>
      <trkpt lat="17.2983893" lon="77.8778185">
      </trkpt>
      <trkpt lat="17.298497" lon="77.8784905">
      </trkpt>
      <trkpt lat="17.2985553" lon="77.8790592">
      </trkpt>
      <trkpt lat="17.2985957" lon="77.8797641">
      </trkpt>
      <trkpt lat="17.2986675" lon="77.8803375">
      </trkpt>
      <trkpt lat="17.2987707" lon="77.8808732">
      </trkpt>
      <trkpt lat="17.2989412" lon="77.8812821">
      </trkpt>
      <trkpt lat="17.2992419" lon="77.8818178">
      </trkpt>
      <trkpt lat="17.2995425" lon="77.8822314">
      </trkpt>
      <trkpt lat="17.2998431" lon="77.8825322">
      </trkpt>
      <trkpt lat="17.300395" lon="77.8829504">
      </trkpt>
      <trkpt lat="17.3009873" lon="77.8832277">
      </trkpt>
      <trkpt lat="17.3020238" lon="77.8837681">
      </trkpt>
      <trkpt lat="17.3024343" lon="77.8840501">
      </trkpt>
      <trkpt lat="17.3025771" lon="77.8841674">
      </trkpt>
      <trkpt lat="17.3027139" lon="77.8842922">
      </trkpt>
      <trkpt lat="17.3028444" lon="77.8844243">
      </trkpt>
      <trkpt lat="17.3029682" lon="77.8845632">
      </trkpt>
      <trkpt lat="17.303085" lon="77.8847087">
      </trkpt>
      <trkpt lat="17.3031945" lon="77.8848602">
      </trkpt>
      <trkpt lat="17.3032963" lon="77.8850175">
      </trkpt>
      <trkpt lat="17.3033904" lon="77.88518">
      </trkpt>
      <trkpt lat="17.3034762" lon="77.8853474">
      </trkpt>
      <trkpt lat="17.3035538" lon="77.8855193">
      </trkpt>
      <trkpt lat="17.3036228" lon="77.885695">
      </trkpt>
      <trkpt lat="17.303683" lon="77.8858743">
      </trkpt>
      <trkpt lat="17.3037343" lon="77.8860566">
      </trkpt>
      <trkpt lat="17.3037766" lon="77.8862414">
      </trkpt>
      <trkpt lat="17.3038098" lon="77.8864282">
      </trkpt>
      <trkpt lat="17.3038337" lon="77.8866166">
      </trkpt>
      <trkpt lat="17.3038483" lon="77.8868061">
      </trkpt>
      <trkpt lat="17.3038535" lon="77.886996">
      </trkpt>
      <trkpt lat="17.3038494" lon="77.887186">
      </trkpt>
      <trkpt lat="17.303836" lon="77.8873756">
      </trkpt>
      <trkpt lat="17.3038132" lon="77.8875641">
      </trkpt>
      <trkpt lat="17.3037812" lon="77.8877512">
      </trkpt>
      <trkpt lat="17.3037401" lon="77.8879363">
      </trkpt>
      <trkpt lat="17.3036898" lon="77.8881189">
      </trkpt>
      <trkpt lat="17.3036307" lon="77.8882986">
      </trkpt>
      <trkpt lat="17.3035628" lon="77.8884748">
      </trkpt>
      <trkpt lat="17.3034882" lon="77.8886432">
      </trkpt>
      <trkpt lat="17.3034055" lon="77.8888075">
      </trkpt>
      <trkpt lat="17.3033151" lon="77.8889672">
      </trkpt>
      <trkpt lat="17.3032171" lon="77.8891219">
      </trkpt>
      <trkpt lat="17.3031118" lon="77.8892713">
      </trkpt>
      <trkpt lat="17.302542" lon="77.8899269">
      </trkpt>
      <trkpt lat="17.3022203" lon="77.8903302">
      </trkpt>
      <trkpt lat="17.3018039" lon="77.890801">
      </trkpt>
      <trkpt lat="17.3016312" lon="77.8911089">
      </trkpt>
      <trkpt lat="17.3014517" lon="77.8915083">
      </trkpt>
      <trkpt lat="17.3013238" lon="77.8918843">
      </trkpt>
      <trkpt lat="17.3012386" lon="77.8922203">
      </trkpt>
      <trkpt lat="17.3011735" lon="77.8926198">
      </trkpt>
      <trkpt lat="17.3011735" lon="77.8929065">
      </trkpt>
      <trkpt lat="17.301178" lon="77.8932707">
      </trkpt>
      <trkpt lat="17.3012251" lon="77.8936466">
      </trkpt>
      <trkpt lat="17.3013059" lon="77.8939991">
      </trkpt>
      <trkpt lat="17.3016042" lon="77.8947252">
      </trkpt>
      <trkpt lat="17.3018241" lon="77.8950918">
      </trkpt>
      <trkpt lat="17.3021359" lon="77.8954818">
      </trkpt>
      <trkpt lat="17.3025689" lon="77.8958813">
      </trkpt>
      <trkpt lat="17.3030064" lon="77.8962126">
      </trkpt>
      <trkpt lat="17.3042134" lon="77.8969645">
      </trkpt>
      <trkpt lat="17.304579" lon="77.8972583">
      </trkpt>
      <trkpt lat="17.3049582" lon="77.8976013">
      </trkpt>
      <trkpt lat="17.3052857" lon="77.8979773">
      </trkpt>
      <trkpt lat="17.3055572" lon="77.8983298">
      </trkpt>
      <trkpt lat="17.3058219" lon="77.8987715">
      </trkpt>
      <trkpt lat="17.3060552" lon="77.8992391">
      </trkpt>
      <trkpt lat="17.3066049" lon="77.9003952">
      </trkpt>
      <trkpt lat="17.3071836" lon="77.9015866">
      </trkpt>
      <trkpt lat="17.3073676" lon="77.9018756">
      </trkpt>
      <trkpt lat="17.3075807" lon="77.9021999">
      </trkpt>
      <trkpt lat="17.3079868" lon="77.9026792">
      </trkpt>
      <trkpt lat="17.308238" lon="77.9029706">
      </trkpt>
      <trkpt lat="17.3088684" lon="77.9034993">
      </trkpt>
      <trkpt lat="17.3100529" lon="77.9045191">
      </trkpt>
      <trkpt lat="17.3109862" lon="77.9052217">
      </trkpt>
      <trkpt lat="17.3119396" lon="77.9057151">
      </trkpt>
      <trkpt lat="17.3128952" lon="77.9060676">
      </trkpt>
      <trkpt lat="17.313308" lon="77.906171">
      </trkpt>
      <trkpt lat="17.3142121" lon="77.9063425">
      </trkpt>
      <trkpt lat="17.3155536" lon="77.9065023">
      </trkpt>
      <trkpt lat="17.31683" lon="77.9066292">
      </trkpt>
      <trkpt lat="17.3182524" lon="77.9067747">
      </trkpt>
      <trkpt lat="17.3197645" lon="77.9069393">
      </trkpt>
      <trkpt lat="17.3203667" lon="77.9070456">
      </trkpt>
      <trkpt lat="17.3209754" lon="77.9071998">
      </trkpt>
      <trkpt lat="17.3216398" lon="77.9074775">
      </trkpt>
      <trkpt lat="17.3221078" lon="77.9077004">
      </trkpt>
      <trkpt lat="17.3226904" lon="77.90805">
      </trkpt>
      <trkpt lat="17.3235675" lon="77.9086637">
      </trkpt>
      <trkpt lat="17.3242613" lon="77.9090717">
      </trkpt>
      <trkpt lat="17.3249126" lon="77.9093562">
      </trkpt>
      <trkpt lat="17.3254362" lon="77.9095413">
      </trkpt>
      <trkpt lat="17.3259827" lon="77.9096853">
      </trkpt>
      <trkpt lat="17.3266471" lon="77.9097745">
      </trkpt>
      <trkpt lat="17.3272387" lon="77.9098071">
      </trkpt>
      <trkpt lat="17.332131" lon="77.9098178">
      </trkpt>
      <trkpt lat="17.3326255" lon="77.9098249">
      </trkpt>
      <trkpt lat="17.333101" lon="77.9098248">
      </trkpt>
      <trkpt lat="17.3348308" lon="77.9098441">
      </trkpt>
      <trkpt lat="17.3395387" lon="77.9098736">
      </trkpt>
      <trkpt lat="17.33994" lon="77.9098855">
      </trkpt>
      <trkpt lat="17.3401619" lon="77.9098973">
      </trkpt>
      <trkpt lat="17.3407687" lon="77.9099429">
      </trkpt>
      <trkpt lat="17.3411953" lon="77.9100193">
      </trkpt>
      <trkpt lat="17.3414327" lon="77.9100694">
      </trkpt>
      <trkpt lat="17.3418979" lon="77.9101823">
      </trkpt>
      <trkpt lat="17.3424636" lon="77.910376">
      </trkpt>
      <trkpt lat="17.3427772" lon="77.9105075">
      </trkpt>
      <trkpt lat="17.3429987" lon="77.9106094">
      </trkpt>
      <trkpt lat="17.3433536" lon="77.9107831">
      </trkpt>
      <trkpt lat="17.3438617" lon="77.9110753">
      </trkpt>
      <trkpt lat="17.3442644" lon="77.911344">
      </trkpt>
      <trkpt lat="17.3446377" lon="77.9116313">
      </trkpt>
      <trkpt lat="17.3448976" lon="77.91185">
      </trkpt>
      <trkpt lat="17.345186" lon="77.9121177">
      </trkpt>
      <trkpt lat="17.345404" lon="77.91234">
      </trkpt>
      <trkpt lat="17.3457184" lon="77.9126784">
      </trkpt>
      <trkpt lat="17.3467552" lon="77.9138529">
      </trkpt>
      <trkpt lat="17.3472491" lon="77.9144161">
      </trkpt>
      <trkpt lat="17.3473943" lon="77.9145717">
      </trkpt>
      <trkpt lat="17.3475158" lon="77.9147025">
      </trkpt>
      <trkpt lat="17.3479378" lon="77.9151093">
      </trkpt>
      <trkpt lat="17.3483024" lon="77.9153993">
      </trkpt>
      <trkpt lat="17.3488223" lon="77.9157812">
      </trkpt>
      <trkpt lat="17.3492105" lon="77.9160005">
      </trkpt>
      <trkpt lat="17.3496122" lon="77.9161844">
      </trkpt>
      <trkpt lat="17.3501895" lon="77.9164179">
      </trkpt>
      <trkpt lat="17.3506283" lon="77.9165346">
      </trkpt>
      <trkpt lat="17.3511111" lon="77.9166336">
      </trkpt>
      <trkpt lat="17.3517289" lon="77.916722">
      </trkpt>
      <trkpt lat="17.3532615" lon="77.9168493">
      </trkpt>
      <trkpt lat="17.355362" lon="77.917042">
      </trkpt>
      <trkpt lat="17.3583827" lon="77.9173086">
      </trkpt>
      <trkpt lat="17.3599752" lon="77.9174226">
      </trkpt>
      <trkpt lat="17.3605218" lon="77.9174651">
      </trkpt>
      <trkpt lat="17.3608035" lon="77.9175101">
      </trkpt>
      <trkpt lat="17.3611472" lon="77.9175751">
      </trkpt>
      <trkpt lat="17.3616007" lon="77.9176852">
      </trkpt>
      <trkpt lat="17.362059" lon="77.9178277">
      </trkpt>
      <trkpt lat="17.362565" lon="77.9180453">
      </trkpt>
      <trkpt lat="17.362978" lon="77.9182604">
      </trkpt>
      <trkpt lat="17.3634172" lon="77.9185155">
      </trkpt>
      <trkpt lat="17.3636487" lon="77.9186755">
      </trkpt>
      <trkpt lat="17.3640258" lon="77.9189631">
      </trkpt>
      <trkpt lat="17.3643958" lon="77.9192782">
      </trkpt>
      <trkpt lat="17.3647443" lon="77.9196659">
      </trkpt>
      <trkpt lat="17.3650808" lon="77.920056">
      </trkpt>
      <trkpt lat="17.3653529" lon="77.9204361">
      </trkpt>
      <trkpt lat="17.3657301" lon="77.9210088">
      </trkpt>
      <trkpt lat="17.3661621" lon="77.9216716">
      </trkpt>
      <trkpt lat="17.3666729" lon="77.9224793">
      </trkpt>
      <trkpt lat="17.3681217" lon="77.9247226">
      </trkpt>
      <trkpt lat="17.3693079" lon="77.9266233">
      </trkpt>
      <trkpt lat="17.3704059" lon="77.9284789">
      </trkpt>
      <trkpt lat="17.3714919" lon="77.9302845">
      </trkpt>
      <trkpt lat="17.3726733" lon="77.9322752">
      </trkpt>
      <trkpt lat="17.3740171" lon="77.9345285">
      </trkpt>
      <trkpt lat="17.3752152" lon="77.9365367">
      </trkpt>
      <trkpt lat="17.3765327" lon="77.9387599">
      </trkpt>
      <trkpt lat="17.3777762" lon="77.9408482">
      </trkpt>
      <trkpt lat="17.3789504" lon="77.9428088">
      </trkpt>
      <trkpt lat="17.3801939" lon="77.9449071">
      </trkpt>
      <trkpt lat="17.381423" lon="77.9469828">
      </trkpt>
      <trkpt lat="17.3820436" lon="77.9480882">
      </trkpt>
      <trkpt lat="17.3825495" lon="77.949006">
      </trkpt>
      <trkpt lat="17.3838073" lon="77.9512342">
      </trkpt>
      <trkpt lat="17.3847715" lon="77.9530048">
      </trkpt>
      <trkpt lat="17.3849411" lon="77.9533056">
      </trkpt>
      <trkpt lat="17.3856402" lon="77.9545454">
      </trkpt>
      <trkpt lat="17.3867619" lon="77.9565711">
      </trkpt>
      <trkpt lat="17.3879624" lon="77.9587093">
      </trkpt>
      <trkpt lat="17.3890602" lon="77.9606925">
      </trkpt>
      <trkpt lat="17.3900315" lon="77.9624906">
      </trkpt>
      <trkpt lat="17.3904683" lon="77.9633959">
      </trkpt>
      <trkpt lat="17.3908143" lon="77.9641012">
      </trkpt>
      <trkpt lat="17.3910196" lon="77.9645338">
      </trkpt>
      <trkpt lat="17.3914849" lon="77.9654741">
      </trkpt>
      <trkpt lat="17.3917499" lon="77.9660243">
      </trkpt>
      <trkpt lat="17.3925135" lon="77.9675674">
      </trkpt>
      <trkpt lat="17.3931794" lon="77.9689303">
      </trkpt>
      <trkpt lat="17.3934443" lon="77.9696381">
      </trkpt>
      <trkpt lat="17.3936066" lon="77.9701382">
      </trkpt>
      <trkpt lat="17.3937521" lon="77.970801">
      </trkpt>
      <trkpt lat="17.3938977" lon="77.9718113">
      </trkpt>
      <trkpt lat="17.3940361" lon="77.9734769">
      </trkpt>
      <trkpt lat="17.3941913" lon="77.9756151">
      </trkpt>
      <trkpt lat="17.3943583" lon="77.9779384">
      </trkpt>
      <trkpt lat="17.3944729" lon="77.9797065">
      </trkpt>
      <trkpt lat="17.3945349" lon="77.9803593">
      </trkpt>
      <trkpt lat="17.394628" lon="77.981107">
      </trkpt>
      <trkpt lat="17.3947736" lon="77.9817172">
      </trkpt>
      <trkpt lat="17.3950432" lon="77.982585">
      </trkpt>
      <trkpt lat="17.3957568" lon="77.9847058">
      </trkpt>
      <trkpt lat="17.3965276" lon="77.987009">
      </trkpt>
      <trkpt lat="17.3968498" lon="77.9877993">
      </trkpt>
      <trkpt lat="17.3971219" lon="77.988337">
      </trkpt>
      <trkpt lat="17.3973533" lon="77.9887471">
      </trkpt>
      <trkpt lat="17.3977901" lon="77.9893824">
      </trkpt>
      <trkpt lat="17.3990358" lon="77.991158">
      </trkpt>
      <trkpt lat="17.4000238" lon="77.9925885">
      </trkpt>
      <trkpt lat="17.401174" lon="77.9942215">
      </trkpt>
      <trkpt lat="17.4020713" lon="77.9955095">
      </trkpt>
      <trkpt lat="17.4033146" lon="77.9972626">
      </trkpt>
      <trkpt lat="17.4047536" lon="77.9993308">
      </trkpt>
      <trkpt lat="17.4061401" lon="78.001329">
      </trkpt>
      <trkpt lat="17.4075361" lon="78.0033122">
      </trkpt>
      <trkpt lat="17.4078081" lon="78.0037698">
      </trkpt>
      <trkpt lat="17.4080658" lon="78.00427">
      </trkpt>
      <trkpt lat="17.4082281" lon="78.0046326">
      </trkpt>
      <trkpt lat="17.4083856" lon="78.0050302">
      </trkpt>
      <trkpt lat="17.4085932" lon="78.0056129">
      </trkpt>
      <trkpt lat="17.4087197" lon="78.0061506">
      </trkpt>
      <trkpt lat="17.4088533" lon="78.0069384">
      </trkpt>
      <trkpt lat="17.4091301" lon="78.0089866">
      </trkpt>
      <trkpt lat="17.4094451" lon="78.0111999">
      </trkpt>
      <trkpt lat="17.4095907" lon="78.0120702">
      </trkpt>
      <trkpt lat="17.4097148" lon="78.0126804">
      </trkpt>
      <trkpt lat="17.4098341" lon="78.013158">
      </trkpt>
      <trkpt lat="17.4100202" lon="78.0136807">
      </trkpt>
      <trkpt lat="17.4103328" lon="78.0143284">
      </trkpt>
      <trkpt lat="17.4107266" lon="78.0150812">
      </trkpt>
      <trkpt lat="17.4115092" lon="78.0165792">
      </trkpt>
      <trkpt lat="17.4125711" lon="78.0186074">
      </trkpt>
      <trkpt lat="17.4128814" lon="78.0193252">
      </trkpt>
      <trkpt lat="17.4131057" lon="78.0199579">
      </trkpt>
      <trkpt lat="17.4132298" lon="78.020399">
      </trkpt>
      <trkpt lat="17.4136627" lon="78.0218392">
      </trkpt>
      <trkpt lat="17.4136978" lon="78.0219599">
      </trkpt>
      <trkpt lat="17.4153889" lon="78.0276545">
      </trkpt>
      <trkpt lat="17.4154663" lon="78.0279157">
      </trkpt>
      <trkpt lat="17.4159645" lon="78.0295503">
      </trkpt>
      <trkpt lat="17.4161395" lon="78.0301321">
      </trkpt>
      <trkpt lat="17.4162521" lon="78.0305398">
      </trkpt>
      <trkpt lat="17.4163957" lon="78.0310572">
      </trkpt>
      <trkpt lat="17.4164776" lon="78.031388">
      </trkpt>
      <trkpt lat="17.4165779" lon="78.0318843">
      </trkpt>
      <trkpt lat="17.4167937" lon="78.0329593">
      </trkpt>
      <trkpt lat="17.4172309" lon="78.0350739">
      </trkpt>
      <trkpt lat="17.4178565" lon="78.0380135">
      </trkpt>
      <trkpt lat="17.4179701" lon="78.0385477">
      </trkpt>
      <trkpt lat="17.4179951" lon="78.0386767">
      </trkpt>
      <trkpt lat="17.418283" lon="78.0400775">
      </trkpt>
      <trkpt lat="17.4183506" lon="78.0403199">
      </trkpt>
      <trkpt lat="17.4185128" lon="78.0409176">
      </trkpt>
      <trkpt lat="17.4187037" lon="78.0414453">
      </trkpt>
      <trkpt lat="17.4189423" lon="78.0419805">
      </trkpt>
      <trkpt lat="17.4193337" lon="78.0426982">
      </trkpt>
      <trkpt lat="17.4196773" lon="78.0432334">
      </trkpt>
      <trkpt lat="17.4201545" lon="78.0438311">
      </trkpt>
      <trkpt lat="17.4205602" lon="78.0442838">
      </trkpt>
      <trkpt lat="17.4209897" lon="78.0447089">
      </trkpt>
      <trkpt lat="17.4220539" lon="78.0455117">
      </trkpt>
      <trkpt lat="17.4223818" lon="78.0457312">
      </trkpt>
      <trkpt lat="17.4227029" lon="78.0459443">
      </trkpt>
      <trkpt lat="17.4236788" lon="78.0465845">
      </trkpt>
      <trkpt lat="17.4249411" lon="78.0474348">
      </trkpt>
      <trkpt lat="17.4252083" lon="78.0476824">
      </trkpt>
      <trkpt lat="17.4256688" lon="78.0480801">
      </trkpt>
      <trkpt lat="17.4260387" lon="78.0484702">
      </trkpt>
      <trkpt lat="17.4265016" lon="78.0490254">
      </trkpt>
      <trkpt lat="17.4267927" lon="78.049438">
      </trkpt>
      <trkpt lat="17.427184" lon="78.0500557">
      </trkpt>
      <trkpt lat="17.4273964" lon="78.0504709">
      </trkpt>
      <trkpt lat="17.4276541" lon="78.0510736">
      </trkpt>
      <trkpt lat="17.4278736" lon="78.0516438">
      </trkpt>
      <trkpt lat="17.4280096" lon="78.0521089">
      </trkpt>
      <trkpt lat="17.4281861" lon="78.0527917">
      </trkpt>
      <trkpt lat="17.4285369" lon="78.0541196">
      </trkpt>
      <trkpt lat="17.4287755" lon="78.055065">
      </trkpt>
      <trkpt lat="17.4291286" lon="78.0562029">
      </trkpt>
      <trkpt lat="17.4293219" lon="78.0567305">
      </trkpt>
      <trkpt lat="17.4295486" lon="78.0572657">
      </trkpt>
      <trkpt lat="17.4302143" lon="78.0583111">
      </trkpt>
      <trkpt lat="17.4304982" lon="78.0586862">
      </trkpt>
      <trkpt lat="17.4313787" lon="78.0598916">
      </trkpt>
      <trkpt lat="17.4320658" lon="78.0608351">
      </trkpt>
      <trkpt lat="17.4321283" lon="78.0609202">
      </trkpt>
      <trkpt lat="17.4326933" lon="78.0616672">
      </trkpt>
      <trkpt lat="17.4333877" lon="78.0626251">
      </trkpt>
      <trkpt lat="17.4337336" lon="78.0632328">
      </trkpt>
      <trkpt lat="17.4340462" lon="78.0638355">
      </trkpt>
      <trkpt lat="17.4343969" lon="78.0645532">
      </trkpt>
      <trkpt lat="17.4354396" lon="78.0667215">
      </trkpt>
      <trkpt lat="17.4366039" lon="78.0691873">
      </trkpt>
      <trkpt lat="17.4375774" lon="78.071238">
      </trkpt>
      <trkpt lat="17.4378351" lon="78.0718908">
      </trkpt>
      <trkpt lat="17.4380403" lon="78.0725035">
      </trkpt>
      <trkpt lat="17.4381858" lon="78.0731462">
      </trkpt>
      <trkpt lat="17.4382908" lon="78.0737289">
      </trkpt>
      <trkpt lat="17.4384912" lon="78.0751719">
      </trkpt>
      <trkpt lat="17.4387775" lon="78.0773251">
      </trkpt>
      <trkpt lat="17.4391068" lon="78.0796909">
      </trkpt>
      <trkpt lat="17.4394384" lon="78.0821118">
      </trkpt>
      <trkpt lat="17.4397104" lon="78.0841775">
      </trkpt>
      <trkpt lat="17.4399991" lon="78.0860981">
      </trkpt>
      <trkpt lat="17.4402806" lon="78.0882564">
      </trkpt>
      <trkpt lat="17.4405288" lon="78.0898794">
      </trkpt>
      <trkpt lat="17.4406266" lon="78.0903296">
      </trkpt>
      <trkpt lat="17.440765" lon="78.0907222">
      </trkpt>
      <trkpt lat="17.4410871" lon="78.0916225">
      </trkpt>
      <trkpt lat="17.4412708" lon="78.0920577">
      </trkpt>
      <trkpt lat="17.4416" lon="78.0926604">
      </trkpt>
      <trkpt lat="17.4419818" lon="78.0932531">
      </trkpt>
      <trkpt lat="17.442447" lon="78.0938383">
      </trkpt>
      <trkpt lat="17.442898" lon="78.0943285">
      </trkpt>
      <trkpt lat="17.4439931" lon="78.0954164">
      </trkpt>
      <trkpt lat="17.445427" lon="78.0968243">
      </trkpt>
      <trkpt lat="17.4466986" lon="78.0980523">
      </trkpt>
      <trkpt lat="17.4477269" lon="78.0991226">
      </trkpt>
      <trkpt lat="17.448173" lon="78.0997003">
      </trkpt>
      <trkpt lat="17.4484856" lon="78.1001455">
      </trkpt>
      <trkpt lat="17.4487695" lon="78.1005806">
      </trkpt>
      <trkpt lat="17.4490414" lon="78.1010708">
      </trkpt>
      <trkpt lat="17.4493588" lon="78.101706">
      </trkpt>
      <trkpt lat="17.4496427" lon="78.1024038">
      </trkpt>
      <trkpt lat="17.4498216" lon="78.1029339">
      </trkpt>
      <trkpt lat="17.4500053" lon="78.1035617">
      </trkpt>
      <trkpt lat="17.4501556" lon="78.1042119">
      </trkpt>
      <trkpt lat="17.4502439" lon="78.1047446">
      </trkpt>
      <trkpt lat="17.4503226" lon="78.1053698">
      </trkpt>
      <trkpt lat="17.4503823" lon="78.10604">
      </trkpt>
      <trkpt lat="17.4504204" lon="78.1068478">
      </trkpt>
      <trkpt lat="17.4504729" lon="78.1079332">
      </trkpt>
      <trkpt lat="17.450523" lon="78.1091161">
      </trkpt>
      <trkpt lat="17.4505922" lon="78.1100464">
      </trkpt>
      <trkpt lat="17.4506375" lon="78.1107666">
      </trkpt>
      <trkpt lat="17.4506948" lon="78.111962">
      </trkpt>
      <trkpt lat="17.4507449" lon="78.1129024">
      </trkpt>
      <trkpt lat="17.4508093" lon="78.1140678">
      </trkpt>
      <trkpt lat="17.4508737" lon="78.1152782">
      </trkpt>
      <trkpt lat="17.4509811" lon="78.1168937">
      </trkpt>
      <trkpt lat="17.4510192" lon="78.117649">
      </trkpt>
      <trkpt lat="17.4510527" lon="78.1183868">
      </trkpt>
      <trkpt lat="17.4510789" lon="78.119097">
      </trkpt>
      <trkpt lat="17.4511123" lon="78.1197472">
      </trkpt>
      <trkpt lat="17.4510884" lon="78.120495">
      </trkpt>
      <trkpt lat="17.4510676" lon="78.1209354">
      </trkpt>
      <trkpt lat="17.4510574" lon="78.1211502">
      </trkpt>
      <trkpt lat="17.4510156" lon="78.1217999">
      </trkpt>
      <trkpt lat="17.4510025" lon="78.122003">
      </trkpt>
      <trkpt lat="17.4508976" lon="78.1235385">
      </trkpt>
      <trkpt lat="17.4508212" lon="78.1243163">
      </trkpt>
      <trkpt lat="17.4507234" lon="78.1259444">
      </trkpt>
      <trkpt lat="17.4506137" lon="78.1276374">
      </trkpt>
      <trkpt lat="17.4504777" lon="78.1295556">
      </trkpt>
      <trkpt lat="17.4503825" lon="78.1308564">
      </trkpt>
      <trkpt lat="17.4503155" lon="78.1317714">
      </trkpt>
      <trkpt lat="17.4502296" lon="78.1328817">
      </trkpt>
      <trkpt lat="17.4501294" lon="78.1335045">
      </trkpt>
      <trkpt lat="17.4499886" lon="78.1340797">
      </trkpt>
      <trkpt lat="17.4495639" lon="78.1355077">
      </trkpt>
      <trkpt lat="17.4493635" lon="78.1360603">
      </trkpt>
      <trkpt lat="17.4491069" lon="78.1366617">
      </trkpt>
      <trkpt lat="17.448675" lon="78.1376449">
      </trkpt>
      <trkpt lat="17.4480525" lon="78.1389004">
      </trkpt>
      <trkpt lat="17.4472151" lon="78.140616">
      </trkpt>
      <trkpt lat="17.4470576" lon="78.1410187">
      </trkpt>
      <trkpt lat="17.4467618" lon="78.1419465">
      </trkpt>
      <trkpt lat="17.446652" lon="78.1423441">
      </trkpt>
      <trkpt lat="17.4465945" lon="78.1426498">
      </trkpt>
      <trkpt lat="17.4465184" lon="78.1431019">
      </trkpt>
      <trkpt lat="17.4465114" lon="78.1432338">
      </trkpt>
      <trkpt lat="17.4464588" lon="78.1442198">
      </trkpt>
      <trkpt lat="17.4464945" lon="78.14489">
      </trkpt>
      <trkpt lat="17.4465518" lon="78.1454877">
      </trkpt>
      <trkpt lat="17.4468238" lon="78.1466831">
      </trkpt>
      <trkpt lat="17.4471602" lon="78.1475459">
      </trkpt>
      <trkpt lat="17.4478401" lon="78.1488489">
      </trkpt>
      <trkpt lat="17.4484318" lon="78.1497917">
      </trkpt>
      <trkpt lat="17.4491484" lon="78.1509378">
      </trkpt>
      <trkpt lat="17.4492621" lon="78.1511197">
      </trkpt>
      <trkpt lat="17.4498633" lon="78.152155">
      </trkpt>
      <trkpt lat="17.4503166" lon="78.1530878">
      </trkpt>
      <trkpt lat="17.4505194" lon="78.153623">
      </trkpt>
      <trkpt lat="17.4506339" lon="78.1540382">
      </trkpt>
      <trkpt lat="17.4508009" lon="78.1546159">
      </trkpt>
      <trkpt lat="17.450913" lon="78.1552311">
      </trkpt>
      <trkpt lat="17.4509846" lon="78.1559188">
      </trkpt>
      <trkpt lat="17.4509917" lon="78.1561894">
      </trkpt>
      <trkpt lat="17.4509934" lon="78.1563363">
      </trkpt>
      <trkpt lat="17.4509894" lon="78.1570742">
      </trkpt>
      <trkpt lat="17.4509894" lon="78.1578295">
      </trkpt>
      <trkpt lat="17.4509965" lon="78.1602278">
      </trkpt>
      <trkpt lat="17.4510204" lon="78.1625636">
      </trkpt>
      <trkpt lat="17.4510371" lon="78.1646593">
      </trkpt>
      <trkpt lat="17.4510323" lon="78.1671702">
      </trkpt>
      <trkpt lat="17.4510323" lon="78.1678854">
      </trkpt>
      <trkpt lat="17.4510633" lon="78.1683006">
      </trkpt>
      <trkpt lat="17.4511206" lon="78.1686932">
      </trkpt>
      <trkpt lat="17.451247" lon="78.1692584">
      </trkpt>
      <trkpt lat="17.4514045" lon="78.169696">
      </trkpt>
      <trkpt lat="17.4516526" lon="78.1702913">
      </trkpt>
      <trkpt lat="17.4519532" lon="78.170969">
      </trkpt>
      <trkpt lat="17.4521131" lon="78.1713316">
      </trkpt>
      <trkpt lat="17.4522753" lon="78.1718643">
      </trkpt>
      <trkpt lat="17.4524137" lon="78.172542">
      </trkpt>
      <trkpt lat="17.4524685" lon="78.1730172">
      </trkpt>
      <trkpt lat="17.4524972" lon="78.173855">
      </trkpt>
      <trkpt lat="17.4524924" lon="78.1743977">
      </trkpt>
      <trkpt lat="17.4525377" lon="78.1751254">
      </trkpt>
      <trkpt lat="17.4525989" lon="78.1755874">
      </trkpt>
      <trkpt lat="17.4526973" lon="78.1760105">
      </trkpt>
      <trkpt lat="17.4529828" lon="78.1768309">
      </trkpt>
      <trkpt lat="17.4535514" lon="78.178059">
      </trkpt>
      <trkpt lat="17.4547327" lon="78.1805177">
      </trkpt>
      <trkpt lat="17.4555671" lon="78.1822825">
      </trkpt>
      <trkpt lat="17.4557861" lon="78.1828526">
      </trkpt>
      <trkpt lat="17.4561356" lon="78.1838434">
      </trkpt>
      <trkpt lat="17.4563374" lon="78.1845451">
      </trkpt>
      <trkpt lat="17.4564605" lon="78.1851359">
      </trkpt>
      <trkpt lat="17.4566377" lon="78.1862195">
      </trkpt>
      <trkpt lat="17.4567755" lon="78.1875095">
      </trkpt>
      <trkpt lat="17.45697" lon="78.1894497">
      </trkpt>
      <trkpt lat="17.4572308" lon="78.1917923">
      </trkpt>
      <trkpt lat="17.45744" lon="78.1937531">
      </trkpt>
      <trkpt lat="17.4576542" lon="78.1957268">
      </trkpt>
      <trkpt lat="17.4578029" lon="78.1970532">
      </trkpt>
      <trkpt lat="17.457957" lon="78.1984278">
      </trkpt>
      <trkpt lat="17.4581791" lon="78.2006291">
      </trkpt>
      <trkpt lat="17.4582298" lon="78.201064">
      </trkpt>
      <trkpt lat="17.458318" lon="78.2015795">
      </trkpt>
      <trkpt lat="17.4592592" lon="78.2060065">
      </trkpt>
      <trkpt lat="17.4593268" lon="78.2064526">
      </trkpt>
      <trkpt lat="17.4593606" lon="78.2068906">
      </trkpt>
      <trkpt lat="17.4593581" lon="78.2073374">
      </trkpt>
      <trkpt lat="17.4593448" lon="78.2077075">
      </trkpt>
      <trkpt lat="17.4585904" lon="78.2195489">
      </trkpt>
      <trkpt lat="17.4585391" lon="78.2205063">
      </trkpt>
      <trkpt lat="17.4585064" lon="78.2209181">
      </trkpt>
      <trkpt lat="17.4584489" lon="78.2216383">
      </trkpt>
      <trkpt lat="17.4584196" lon="78.2222209">
      </trkpt>
      <trkpt lat="17.458415" lon="78.2227502">
      </trkpt>
      <trkpt lat="17.45842" lon="78.2230403">
      </trkpt>
      <trkpt lat="17.4584525" lon="78.2236901">
      </trkpt>
      <trkpt lat="17.4584774" lon="78.2239638">
      </trkpt>
      <trkpt lat="17.4585331" lon="78.2244706">
      </trkpt>
      <trkpt lat="17.4586055" lon="78.224902">
      </trkpt>
      <trkpt lat="17.4587003" lon="78.2253744">
      </trkpt>
      <trkpt lat="17.4588833" lon="78.226064">
      </trkpt>
      <trkpt lat="17.4590534" lon="78.226583">
      </trkpt>
      <trkpt lat="17.4591728" lon="78.2268954">
      </trkpt>
      <trkpt lat="17.4621339" lon="78.2340801">
      </trkpt>
      <trkpt lat="17.4638233" lon="78.238111">
      </trkpt>
      <trkpt lat="17.4642652" lon="78.2391421">
      </trkpt>
      <trkpt lat="17.4657827" lon="78.2428163">
      </trkpt>
      <trkpt lat="17.4671052" lon="78.2459979">
      </trkpt>
      <trkpt lat="17.4672926" lon="78.2464662">
      </trkpt>
      <trkpt lat="17.4680394" lon="78.2482617">
      </trkpt>
      <trkpt lat="17.4689915" lon="78.2504389">
      </trkpt>
      <trkpt lat="17.4691379" lon="78.2508423">
      </trkpt>
      <trkpt lat="17.4692776" lon="78.2512364">
      </trkpt>
      <trkpt lat="17.4694061" lon="78.2516674">
      </trkpt>
      <trkpt lat="17.4694783" lon="78.2519487">
      </trkpt>
      <trkpt lat="17.4734018" lon="78.2692929">
      </trkpt>
      <trkpt lat="17.473541" lon="78.2699508">
      </trkpt>
      <trkpt lat="17.4756257" lon="78.2791289">
      </trkpt>
      <trkpt lat="17.4756952" lon="78.2794793">
      </trkpt>
      <trkpt lat="17.4757509" lon="78.2797899">
      </trkpt>
      <trkpt lat="17.4758143" lon="78.280255">
      </trkpt>
      <trkpt lat="17.4758351" lon="78.2806586">
      </trkpt>
      <trkpt lat="17.475835" lon="78.2810853">
      </trkpt>
      <trkpt lat="17.475798" lon="78.2815284">
      </trkpt>
      <trkpt lat="17.4757311" lon="78.2819894">
      </trkpt>
      <trkpt lat="17.4756608" lon="78.282331">
      </trkpt>
      <trkpt lat="17.4755534" lon="78.2827605">
      </trkpt>
      <trkpt lat="17.4754024" lon="78.2832385">
      </trkpt>
      <trkpt lat="17.4752208" lon="78.2837275">
      </trkpt>
      <trkpt lat="17.4750251" lon="78.2842787">
      </trkpt>
      <trkpt lat="17.4747846" lon="78.2849868">
      </trkpt>
      <trkpt lat="17.4745437" lon="78.2856768">
      </trkpt>
      <trkpt lat="17.4744019" lon="78.2861345">
      </trkpt>
      <trkpt lat="17.474297" lon="78.2865545">
      </trkpt>
      <trkpt lat="17.4742307" lon="78.2869278">
      </trkpt>
      <trkpt lat="17.4741951" lon="78.2872801">
      </trkpt>
      <trkpt lat="17.4741699" lon="78.2876426">
      </trkpt>
      <trkpt lat="17.4741769" lon="78.2880717">
      </trkpt>
      <trkpt lat="17.4742092" lon="78.2885015">
      </trkpt>
      <trkpt lat="17.474301" lon="78.2890061">
      </trkpt>
      <trkpt lat="17.4743983" lon="78.2894088">
      </trkpt>
      <trkpt lat="17.4745336" lon="78.2897932">
      </trkpt>
      <trkpt lat="17.4746848" lon="78.2901755">
      </trkpt>
      <trkpt lat="17.4752299" lon="78.2915043">
      </trkpt>
      <trkpt lat="17.4754222" lon="78.291966">
      </trkpt>
      <trkpt lat="17.4757581" lon="78.29276">
      </trkpt>
      <trkpt lat="17.4782988" lon="78.2990266">
      </trkpt>
      <trkpt lat="17.4802267" lon="78.3037555">
      </trkpt>
      <trkpt lat="17.480491" lon="78.3046328">
      </trkpt>
      <trkpt lat="17.4806319" lon="78.3053346">
      </trkpt>
      <trkpt lat="17.4806836" lon="78.3057912">
      </trkpt>
      <trkpt lat="17.4808571" lon="78.3076108">
      </trkpt>
      <trkpt lat="17.481031" lon="78.3097466">
      </trkpt>
      <trkpt lat="17.4811611" lon="78.3112764">
      </trkpt>
      <trkpt lat="17.481197" lon="78.3116987">
      </trkpt>
      <trkpt lat="17.4812759" lon="78.3122591">
      </trkpt>
      <trkpt lat="17.4813444" lon="78.3126226">
      </trkpt>
      <trkpt lat="17.481391" lon="78.3128614">
      </trkpt>
      <trkpt lat="17.4814738" lon="78.3131922">
      </trkpt>
      <trkpt lat="17.4815631" lon="78.3135464">
      </trkpt>
      <trkpt lat="17.4817088" lon="78.3140342">
      </trkpt>
      <trkpt lat="17.481774" lon="78.314258">
      </trkpt>
      <trkpt lat="17.4818558" lon="78.3144822">
      </trkpt>
      <trkpt lat="17.4819698" lon="78.3147835">
      </trkpt>
      <trkpt lat="17.4822211" lon="78.3153546">
      </trkpt>
      <trkpt lat="17.4828128" lon="78.3166267">
      </trkpt>
      <trkpt lat="17.4838747" lon="78.3189213">
      </trkpt>
      <trkpt lat="17.4842885" lon="78.3198013">
      </trkpt>
      <trkpt lat="17.4847421" lon="78.3207354">
      </trkpt>
      <trkpt lat="17.4849105" lon="78.3210987">
      </trkpt>
      <trkpt lat="17.4850728" lon="78.3214429">
      </trkpt>
      <trkpt lat="17.4854775" lon="78.3223014">
      </trkpt>
      <trkpt lat="17.4859032" lon="78.3231961">
      </trkpt>
      <trkpt lat="17.4860641" lon="78.3235343">
      </trkpt>
      <trkpt lat="17.4865657" lon="78.3246162">
      </trkpt>
      <trkpt lat="17.4866875" lon="78.3249086">
      </trkpt>
      <trkpt lat="17.4868263" lon="78.3253164">
      </trkpt>
      <trkpt lat="17.4869061" lon="78.32565">
      </trkpt>
      <trkpt lat="17.4869533" lon="78.3259617">
      </trkpt>
      <trkpt lat="17.4869965" lon="78.3263873">
      </trkpt>
      <trkpt lat="17.4869821" lon="78.3267991">
      </trkpt>
      <trkpt lat="17.4869651" lon="78.3271135">
      </trkpt>
      <trkpt lat="17.4868747" lon="78.3280389">
      </trkpt>
      <trkpt lat="17.4868263" lon="78.328459">
      </trkpt>
      <trkpt lat="17.4867503" lon="78.3292539">
      </trkpt>
      <trkpt lat="17.4867241" lon="78.329685">
      </trkpt>
      <trkpt lat="17.4867228" lon="78.3301326">
      </trkpt>
      <trkpt lat="17.4867804" lon="78.330642">
      </trkpt>
      <trkpt lat="17.4868551" lon="78.3310621">
      </trkpt>
      <trkpt lat="17.4869076" lon="78.3312783">
      </trkpt>
      <trkpt lat="17.4869241" lon="78.3313377">
      </trkpt>
      <trkpt lat="17.4869671" lon="78.3315044">
      </trkpt>
      <trkpt lat="17.4875176" lon="78.3333924">
      </trkpt>
      <trkpt lat="17.4885349" lon="78.3367787">
      </trkpt>
      <trkpt lat="17.4886165" lon="78.3370735">
      </trkpt>
      <trkpt lat="17.4886652" lon="78.337255">
      </trkpt>
      <trkpt lat="17.4887079" lon="78.337438">
      </trkpt>
      <trkpt lat="17.4887446" lon="78.3376219">
      </trkpt>
      <trkpt lat="17.4887753" lon="78.3378069">
      </trkpt>
      <trkpt lat="17.4887992" lon="78.3379979">
      </trkpt>
      <trkpt lat="17.4888152" lon="78.3381898">
      </trkpt>
      <trkpt lat="17.4888238" lon="78.3383974">
      </trkpt>
      <trkpt lat="17.4888231" lon="78.3386052">
      </trkpt>
      <trkpt lat="17.4888117" lon="78.3387978">
      </trkpt>
      <trkpt lat="17.488792" lon="78.3389897">
      </trkpt>
      <trkpt lat="17.4887643" lon="78.3391805">
      </trkpt>
      <trkpt lat="17.4887342" lon="78.339342">
      </trkpt>
      <trkpt lat="17.4886983" lon="78.3395022">
      </trkpt>
      <trkpt lat="17.4886566" lon="78.3396609">
      </trkpt>
      <trkpt lat="17.4885962" lon="78.3398532">
      </trkpt>
      <trkpt lat="17.4885273" lon="78.3400423">
      </trkpt>
      <trkpt lat="17.4884501" lon="78.3402279">
      </trkpt>
      <trkpt lat="17.4883648" lon="78.3404096">
      </trkpt>
      <trkpt lat="17.4882715" lon="78.3405872">
      </trkpt>
      <trkpt lat="17.4881705" lon="78.3407601">
      </trkpt>
      <trkpt lat="17.488062" lon="78.3409279">
      </trkpt>
      <trkpt lat="17.4879461" lon="78.3410903">
      </trkpt>
      <trkpt lat="17.4878232" lon="78.3412469">
      </trkpt>
      <trkpt lat="17.4877015" lon="78.3413949">
      </trkpt>
      <trkpt lat="17.4875733" lon="78.3415379">
      </trkpt>
      <trkpt lat="17.4840916" lon="78.3455021">
      </trkpt>
      <trkpt lat="17.4839745" lon="78.3456505">
      </trkpt>
      <trkpt lat="17.4838614" lon="78.3458023">
      </trkpt>
      <trkpt lat="17.4837523" lon="78.3459573">
      </trkpt>
      <trkpt lat="17.4836315" lon="78.3461399">
      </trkpt>
      <trkpt lat="17.4835175" lon="78.3463272">
      </trkpt>
      <trkpt lat="17.4834104" lon="78.3465189">
      </trkpt>
      <trkpt lat="17.4833126" lon="78.34671">
      </trkpt>
      <trkpt lat="17.4832217" lon="78.3469047">
      </trkpt>
      <trkpt lat="17.4831377" lon="78.3471029">
      </trkpt>
      <trkpt lat="17.4830607" lon="78.3473042">
      </trkpt>
      <trkpt lat="17.482991" lon="78.3475083">
      </trkpt>
      <trkpt lat="17.4829275" lon="78.3477139">
      </trkpt>
      <trkpt lat="17.4828743" lon="78.3479173">
      </trkpt>
      <trkpt lat="17.4828281" lon="78.3481226">
      </trkpt>
      <trkpt lat="17.4827889" lon="78.3483296">
      </trkpt>
      <trkpt lat="17.4827577" lon="78.348531">
      </trkpt>
      <trkpt lat="17.4827333" lon="78.3487335">
      </trkpt>
      <trkpt lat="17.4827155" lon="78.3489367">
      </trkpt>
      <trkpt lat="17.4827024" lon="78.3493889">
      </trkpt>
      <trkpt lat="17.4827525" lon="78.3587053">
      </trkpt>
      <trkpt lat="17.4827404" lon="78.3591986">
      </trkpt>
      <trkpt lat="17.4827489" lon="78.3602291">
      </trkpt>
      <trkpt lat="17.4827441" lon="78.3607876">
      </trkpt>
      <trkpt lat="17.4825834" lon="78.3630523">
      </trkpt>
      <trkpt lat="17.482246" lon="78.3674713">
      </trkpt>
      <trkpt lat="17.4821959" lon="78.368268">
      </trkpt>
      <trkpt lat="17.4821788" lon="78.3685388">
      </trkpt>
      <trkpt lat="17.482084" lon="78.369848">
      </trkpt>
      <trkpt lat="17.4819801" lon="78.3708829">
      </trkpt>
      <trkpt lat="17.4819019" lon="78.3712616">
      </trkpt>
      <trkpt lat="17.4817913" lon="78.3716773">
      </trkpt>
      <trkpt lat="17.4816631" lon="78.3720661">
      </trkpt>
      <trkpt lat="17.4813844" lon="78.3727266">
      </trkpt>
      <trkpt lat="17.4810332" lon="78.3732994">
      </trkpt>
      <trkpt lat="17.4805064" lon="78.3739657">
      </trkpt>
      <trkpt lat="17.479974" lon="78.3745473">
      </trkpt>
      <trkpt lat="17.4787503" lon="78.3759296">
      </trkpt>
      <trkpt lat="17.4777802" lon="78.3770459">
      </trkpt>
      <trkpt lat="17.4772939" lon="78.3775736">
      </trkpt>
      <trkpt lat="17.4766899" lon="78.3783432">
      </trkpt>
      <trkpt lat="17.4763483" lon="78.378808">
      </trkpt>
      <trkpt lat="17.475722" lon="78.3798462">
      </trkpt>
      <trkpt lat="17.4753478" lon="78.3805177">
      </trkpt>
      <trkpt lat="17.4749717" lon="78.3811679">
      </trkpt>
      <trkpt lat="17.47463" lon="78.3817073">
      </trkpt>
      <trkpt lat="17.4744442" lon="78.3819641">
      </trkpt>
      <trkpt lat="17.4743555" lon="78.3820868">
      </trkpt>
      <trkpt lat="17.4741257" lon="78.382366">
      </trkpt>
      <trkpt lat="17.4735157" lon="78.3830056">
      </trkpt>
      <trkpt lat="17.4732513" lon="78.3832635">
      </trkpt>
      <trkpt lat="17.4728934" lon="78.3835876">
      </trkpt>
      <trkpt lat="17.4724563" lon="78.3838903">
      </trkpt>
      <trkpt lat="17.4722387" lon="78.3840459">
      </trkpt>
      <trkpt lat="17.4717245" lon="78.3843363">
      </trkpt>
      <trkpt lat="17.4715595" lon="78.3844281">
      </trkpt>
      <trkpt lat="17.4712341" lon="78.3845938">
      </trkpt>
      <trkpt lat="17.469728" lon="78.3852406">
      </trkpt>
      <trkpt lat="17.4686617" lon="78.3857152">
      </trkpt>
      <trkpt lat="17.4681567" lon="78.3859294">
      </trkpt>
      <trkpt lat="17.4673298" lon="78.3862801">
      </trkpt>
      <trkpt lat="17.4668171" lon="78.3864999">
      </trkpt>
      <trkpt lat="17.4667062" lon="78.3865474">
      </trkpt>
      <trkpt lat="17.4663699" lon="78.3866916">
      </trkpt>
      <trkpt lat="17.4659876" lon="78.3868706">
      </trkpt>
      <trkpt lat="17.4653572" lon="78.3872757">
      </trkpt>
      <trkpt lat="17.4650989" lon="78.3874974">
      </trkpt>
      <trkpt lat="17.4649139" lon="78.3876807">
      </trkpt>
      <trkpt lat="17.4645804" lon="78.3880709">
      </trkpt>
      <trkpt lat="17.4643404" lon="78.3884141">
      </trkpt>
      <trkpt lat="17.4640944" lon="78.388881">
      </trkpt>
      <trkpt lat="17.4639479" lon="78.3892178">
      </trkpt>
      <trkpt lat="17.46383" lon="78.3896229">
      </trkpt>
      <trkpt lat="17.4637568" lon="78.3900599">
      </trkpt>
      <trkpt lat="17.4637181" lon="78.3903498">
      </trkpt>
      <trkpt lat="17.4637039" lon="78.3908018">
      </trkpt>
      <trkpt lat="17.4637242" lon="78.3911599">
      </trkpt>
      <trkpt lat="17.4638869" lon="78.3924859">
      </trkpt>
      <trkpt lat="17.4639573" lon="78.3930483">
      </trkpt>
      <trkpt lat="17.4639674" lon="78.3931287">
      </trkpt>
      <trkpt lat="17.4640049" lon="78.3934282">
      </trkpt>
      <trkpt lat="17.4640516" lon="78.3939079">
      </trkpt>
      <trkpt lat="17.4640638" lon="78.3945133">
      </trkpt>
      <trkpt lat="17.464011" lon="78.3949781">
      </trkpt>
      <trkpt lat="17.4639378" lon="78.395413">
      </trkpt>
      <trkpt lat="17.4637812" lon="78.3960419">
      </trkpt>
      <trkpt lat="17.4634883" lon="78.3967859">
      </trkpt>
      <trkpt lat="17.4633623" lon="78.3970268">
      </trkpt>
      <trkpt lat="17.4628231" lon="78.397869">
      </trkpt>
      <trkpt lat="17.4627605" lon="78.3979674">
      </trkpt>
      <trkpt lat="17.4623373" lon="78.3986278">
      </trkpt>
      <trkpt lat="17.461408" lon="78.4000433">
      </trkpt>
      <trkpt lat="17.4609707" lon="78.4007213">
      </trkpt>
      <trkpt lat="17.460564" lon="78.4014802">
      </trkpt>
      <trkpt lat="17.4603261" lon="78.4019941">
      </trkpt>
      <trkpt lat="17.4602976" lon="78.4020655">
      </trkpt>
      <trkpt lat="17.4601431" lon="78.4025483">
      </trkpt>
      <trkpt lat="17.4599092" lon="78.4033733">
      </trkpt>
      <trkpt lat="17.4597628" lon="78.4041066">
      </trkpt>
      <trkpt lat="17.4595858" lon="78.4054412">
      </trkpt>
      <trkpt lat="17.4595225" lon="78.4058829">
      </trkpt>
      <trkpt lat="17.4594984" lon="78.406051">
      </trkpt>
      <trkpt lat="17.4592409" lon="78.4078466">
      </trkpt>
      <trkpt lat="17.4591976" lon="78.4081571">
      </trkpt>
      <trkpt lat="17.4590419" lon="78.4092726">
      </trkpt>
      <trkpt lat="17.4588863" lon="78.4103871">
      </trkpt>
      <trkpt lat="17.458744" lon="78.4118854">
      </trkpt>
      <trkpt lat="17.4587398" lon="78.4130625">
      </trkpt>
      <trkpt lat="17.4588517" lon="78.4147467">
      </trkpt>
      <trkpt lat="17.4590063" lon="78.4157104">
      </trkpt>
      <trkpt lat="17.4592781" lon="78.4168092">
      </trkpt>
      <trkpt lat="17.4599395" lon="78.4195376">
      </trkpt>
      <trkpt lat="17.4601721" lon="78.4204795">
      </trkpt>
      <trkpt lat="17.4605556" lon="78.4220448">
      </trkpt>
      <trkpt lat="17.4606148" lon="78.4222756">
      </trkpt>
      <trkpt lat="17.4617093" lon="78.4266009">
      </trkpt>
      <trkpt lat="17.4618737" lon="78.4273427">
      </trkpt>
      <trkpt lat="17.4620138" lon="78.4279518">
      </trkpt>
      <trkpt lat="17.4620973" lon="78.4283407">
      </trkpt>
      <trkpt lat="17.4621388" lon="78.4286604">
      </trkpt>
      <trkpt lat="17.462161" lon="78.4289758">
      </trkpt>
      <trkpt lat="17.4621692" lon="78.4292962">
      </trkpt>
      <trkpt lat="17.462175" lon="78.4295605">
      </trkpt>
      <trkpt lat="17.4621592" lon="78.4300505">
      </trkpt>
      <trkpt lat="17.4621287" lon="78.4306437">
      </trkpt>
      <trkpt lat="17.4620978" lon="78.430998">
      </trkpt>
      <trkpt lat="17.4620534" lon="78.4316226">
      </trkpt>
      <trkpt lat="17.461957" lon="78.4329298">
      </trkpt>
      <trkpt lat="17.4619343" lon="78.4331974">
      </trkpt>
      <trkpt lat="17.4613606" lon="78.4409145">
      </trkpt>
      <trkpt lat="17.4611674" lon="78.4438543">
      </trkpt>
      <trkpt lat="17.4611444" lon="78.4441745">
      </trkpt>
      <trkpt lat="17.4611373" lon="78.4442863">
      </trkpt>
      <trkpt lat="17.4611086" lon="78.4446631">
      </trkpt>
      <trkpt lat="17.4610142" lon="78.446076">
      </trkpt>
      <trkpt lat="17.4609786" lon="78.4463165">
      </trkpt>
      <trkpt lat="17.4609234" lon="78.4465963">
      </trkpt>
      <trkpt lat="17.4608483" lon="78.4468862">
      </trkpt>
      <trkpt lat="17.4607734" lon="78.447124">
      </trkpt>
      <trkpt lat="17.4606817" lon="78.4473773">
      </trkpt>
      <trkpt lat="17.4605415" lon="78.4476593">
      </trkpt>
      <trkpt lat="17.4603124" lon="78.4480395">
      </trkpt>
      <trkpt lat="17.4600613" lon="78.448392">
      </trkpt>
      <trkpt lat="17.4598286" lon="78.4486625">
      </trkpt>
      <trkpt lat="17.4594762" lon="78.449003">
      </trkpt>
      <trkpt lat="17.4590915" lon="78.4492879">
      </trkpt>
      <trkpt lat="17.4585962" lon="78.4495439">
      </trkpt>
      <trkpt lat="17.4583328" lon="78.4496537">
      </trkpt>
      <trkpt lat="17.4581036" lon="78.4497442">
      </trkpt>
      <trkpt lat="17.457618" lon="78.449869">
      </trkpt>
      <trkpt lat="17.4568537" lon="78.4500012">
      </trkpt>
      <trkpt lat="17.4561656" lon="78.4501202">
      </trkpt>
      <trkpt lat="17.4552072" lon="78.4502878">
      </trkpt>
      <trkpt lat="17.4537191" lon="78.4505927">
      </trkpt>
      <trkpt lat="17.4526359" lon="78.4508027">
      </trkpt>
      <trkpt lat="17.4517754" lon="78.4509642">
      </trkpt>
      <trkpt lat="17.4512158" lon="78.4510331">
      </trkpt>
      <trkpt lat="17.450961" lon="78.4510858">
      </trkpt>
      <trkpt lat="17.4503996" lon="78.4511983">
      </trkpt>
      <trkpt lat="17.4502708" lon="78.4512261">
      </trkpt>
      <trkpt lat="17.4493045" lon="78.4514032">
      </trkpt>
      <trkpt lat="17.4488957" lon="78.451476">
      </trkpt>
      <trkpt lat="17.4482639" lon="78.4515885">
      </trkpt>
      <trkpt lat="17.4477762" lon="78.4516682">
      </trkpt>
      <trkpt lat="17.447575" lon="78.4517162">
      </trkpt>
      <trkpt lat="17.4472928" lon="78.4517872">
      </trkpt>
      <trkpt lat="17.4469928" lon="78.4518666">
      </trkpt>
      <trkpt lat="17.4467104" lon="78.4519412">
      </trkpt>
      <trkpt lat="17.4463091" lon="78.4521099">
      </trkpt>
      <trkpt lat="17.445761" lon="78.4523207">
      </trkpt>
      <trkpt lat="17.4453349" lon="78.4525138">
      </trkpt>
      <trkpt lat="17.4445612" lon="78.4528382">
      </trkpt>
      <trkpt lat="17.443519" lon="78.4533">
      </trkpt>
      <trkpt lat="17.4425471" lon="78.4536971">
      </trkpt>
      <trkpt lat="17.4418239" lon="78.454023">
      </trkpt>
      <trkpt lat="17.441144" lon="78.4543876">
      </trkpt>
      <trkpt lat="17.4407297" lon="78.4546877">
      </trkpt>
      <trkpt lat="17.4403643" lon="78.4550047">
      </trkpt>
      <trkpt lat="17.4400728" lon="78.4552926">
      </trkpt>
      <trkpt lat="17.4396162" lon="78.4558661">
      </trkpt>
      <trkpt lat="17.4394638" lon="78.4560691">
      </trkpt>
      <trkpt lat="17.4392185" lon="78.4564643">
      </trkpt>
      <trkpt lat="17.4389783" lon="78.4569136">
      </trkpt>
      <trkpt lat="17.4388389" lon="78.4572465">
      </trkpt>
      <trkpt lat="17.4386943" lon="78.4577202">
      </trkpt>
      <trkpt lat="17.4386323" lon="78.4580666">
      </trkpt>
      <trkpt lat="17.4383773" lon="78.4597857">
      </trkpt>
      <trkpt lat="17.438263" lon="78.4603375">
      </trkpt>
      <trkpt lat="17.4381417" lon="78.4607868">
      </trkpt>
      <trkpt lat="17.4379694" lon="78.4612321">
      </trkpt>
      <trkpt lat="17.437866" lon="78.4614942">
      </trkpt>
      <trkpt lat="17.4377838" lon="78.4616803">
      </trkpt>
      <trkpt lat="17.4375366" lon="78.4622305">
      </trkpt>
      <trkpt lat="17.4374787" lon="78.4623477">
      </trkpt>
      <trkpt lat="17.4372408" lon="78.4627682">
      </trkpt>
      <trkpt lat="17.4370656" lon="78.4630661">
      </trkpt>
      <trkpt lat="17.4369206" lon="78.4633385">
      </trkpt>
      <trkpt lat="17.4368229" lon="78.4635769">
      </trkpt>
      <trkpt lat="17.436779" lon="78.463727">
      </trkpt>
      <trkpt lat="17.4367385" lon="78.4638859">
      </trkpt>
      <trkpt lat="17.4366947" lon="78.464082">
      </trkpt>
      <trkpt lat="17.4366492" lon="78.4643083">
      </trkpt>
      <trkpt lat="17.4366146" lon="78.4646011">
      </trkpt>
      <trkpt lat="17.4365902" lon="78.4649204">
      </trkpt>
      <trkpt lat="17.4365893" lon="78.4652207">
      </trkpt>
      <trkpt lat="17.4366001" lon="78.465445">
      </trkpt>
      <trkpt lat="17.4366136" lon="78.4656349">
      </trkpt>
      <trkpt lat="17.4366795" lon="78.4660478">
      </trkpt>
      <trkpt lat="17.4367776" lon="78.4664102">
      </trkpt>
      <trkpt lat="17.4367883" lon="78.4664499">
      </trkpt>
      <trkpt lat="17.4369348" lon="78.4668312">
      </trkpt>
      <trkpt lat="17.4370256" lon="78.4670586">
      </trkpt>
      <trkpt lat="17.4371405" lon="78.4673082">
      </trkpt>
      <trkpt lat="17.4372325" lon="78.4674988">
      </trkpt>
      <trkpt lat="17.4373519" lon="78.4677846">
      </trkpt>
      <trkpt lat="17.4374222" lon="78.4679684">
      </trkpt>
      <trkpt lat="17.4374704" lon="78.4681167">
      </trkpt>
      <trkpt lat="17.4375221" lon="78.4683299">
      </trkpt>
      <trkpt lat="17.4376124" lon="78.4688756">
      </trkpt>
      <trkpt lat="17.4376643" lon="78.4691277">
      </trkpt>
      <trkpt lat="17.4378171" lon="78.4698989">
      </trkpt>
      <trkpt lat="17.4379183" lon="78.4704869">
      </trkpt>
      <trkpt lat="17.4379465" lon="78.4708044">
      </trkpt>
      <trkpt lat="17.4379551" lon="78.4712923">
      </trkpt>
      <trkpt lat="17.4379166" lon="78.4716471">
      </trkpt>
      <trkpt lat="17.437847" lon="78.4720125">
      </trkpt>
      <trkpt lat="17.4376908" lon="78.4725092">
      </trkpt>
      <trkpt lat="17.4375648" lon="78.4728192">
      </trkpt>
      <trkpt lat="17.4374443" lon="78.4730549">
      </trkpt>
      <trkpt lat="17.4372945" lon="78.4733182">
      </trkpt>
      <trkpt lat="17.4369704" lon="78.4737742">
      </trkpt>
      <trkpt lat="17.4365292" lon="78.4743314">
      </trkpt>
      <trkpt lat="17.4362188" lon="78.4748224">
      </trkpt>
      <trkpt lat="17.4361977" lon="78.4748652">
      </trkpt>
      <trkpt lat="17.4360896" lon="78.4750761">
      </trkpt>
      <trkpt lat="17.4359446" lon="78.4754241">
      </trkpt>
      <trkpt lat="17.4357993" lon="78.4759817">
      </trkpt>
      <trkpt lat="17.435725" lon="78.4764076">
      </trkpt>
      <trkpt lat="17.4356718" lon="78.476728">
      </trkpt>
      <trkpt lat="17.4354414" lon="78.4781998">
      </trkpt>
      <trkpt lat="17.4352961" lon="78.4789367">
      </trkpt>
      <trkpt lat="17.4350917" lon="78.4797291">
      </trkpt>
      <trkpt lat="17.4349909" lon="78.4800536">
      </trkpt>
      <trkpt lat="17.4345875" lon="78.4814005">
      </trkpt>
      <trkpt lat="17.43403" lon="78.4831681">
      </trkpt>
      <trkpt lat="17.4334648" lon="78.4850782">
      </trkpt>
      <trkpt lat="17.4333872" lon="78.4853277">
      </trkpt>
      <trkpt lat="17.4329159" lon="78.4868351">
      </trkpt>
      <trkpt lat="17.4324643" lon="78.4883271">
      </trkpt>
      <trkpt lat="17.4324214" lon="78.4884664">
      </trkpt>
      <trkpt lat="17.4320496" lon="78.4895931">
      </trkpt>
      <trkpt lat="17.4319089" lon="78.4900796">
      </trkpt>
      <trkpt lat="17.4318659" lon="78.4902155">
      </trkpt>
      <trkpt lat="17.4317324" lon="78.4906465">
      </trkpt>
      <trkpt lat="17.4316196" lon="78.4910293">
      </trkpt>
      <trkpt lat="17.4315434" lon="78.4913436">
      </trkpt>
      <trkpt lat="17.4314745" lon="78.4917119">
      </trkpt>
      <trkpt lat="17.4314189" lon="78.4921991">
      </trkpt>
      <trkpt lat="17.4313859" lon="78.4925311">
      </trkpt>
      <trkpt lat="17.431386" lon="78.4926256">
      </trkpt>
      <trkpt lat="17.4313886" lon="78.4927946">
      </trkpt>
      <trkpt lat="17.4313861" lon="78.4928553">
      </trkpt>
      <trkpt lat="17.4314031" lon="78.4932046">
      </trkpt>
      <trkpt lat="17.431425" lon="78.4934348">
      </trkpt>
      <trkpt lat="17.4314555" lon="78.4936986">
      </trkpt>
      <trkpt lat="17.4317395" lon="78.495476">
      </trkpt>
      <trkpt lat="17.4319613" lon="78.4969576">
      </trkpt>
      <trkpt lat="17.4320725" lon="78.4975666">
      </trkpt>
      <trkpt lat="17.4321262" lon="78.4977688">
      </trkpt>
      <trkpt lat="17.4321872" lon="78.4979442">
      </trkpt>
      <trkpt lat="17.4322998" lon="78.4982075">
      </trkpt>
      <trkpt lat="17.4323817" lon="78.498403">
      </trkpt>
      <trkpt lat="17.4325988" lon="78.4989245">
      </trkpt>
      <trkpt lat="17.432611" lon="78.498959">
      </trkpt>
      <trkpt lat="17.432621" lon="78.4989827">
      </trkpt>
      <trkpt lat="17.4326702" lon="78.4991052">
      </trkpt>
      <trkpt lat="17.4327253" lon="78.4992264">
      </trkpt>
      <trkpt lat="17.432819" lon="78.4994734">
      </trkpt>
      <trkpt lat="17.4329062" lon="78.4997216">
      </trkpt>
      <trkpt lat="17.4329974" lon="78.4999897">
      </trkpt>
      <trkpt lat="17.4330802" lon="78.5002828">
      </trkpt>
      <trkpt lat="17.4333974" lon="78.5015179">
      </trkpt>
    </trkseg>
  </trk>
</gpx>