<?xml version="1.0" encoding="UTF-8"?>
<gpx xmlns="http://www.topografix.com/GPX/1/1" xmlns:xsi="http://www.w3.org/2001/XMLSchema-instance" xsi:schemaLocation="http://www.topografix.com/GPX/1/1 http://www.topografix.com/GPX/1/1/gpx.xsd" version="1.1" creator="gpx.py -- https://github.com/tkrajina/gpxpy">
  <wpt lat="17.4337836" lon="78.5030113">
    <name>Secunderabad Junction</name>
  </wpt>
  <wpt lat="17.9745417" lon="79.5113426">
    <name>Kazipet Junction</name>
  </wpt>
  <wpt lat="18.7607104" lon="79.4339419">
    <name>Ramagundam</name>
  </wpt>
  <wpt lat="18.8728176" lon="79.4489045">
    <name>Manchiryal</name>
  </wpt>
  <wpt lat="19.3390079" lon="79.4816607">
    <name>Sirpur Kaghaznagar</name>
  </wpt>
  <wpt lat="19.8472934" lon="79.3498125">
    <name>Balharshah</name>
  </wpt>
  <wpt lat="19.9613609" lon="79.2983295">
    <name>Chandrapur</name>
  </wpt>
  <wpt lat="21.1522721" lon="79.0887006">
    <name>Nagpur Junction railway station</name>
  </wpt>
  <trk>
    <name>Hyderabad - Nagpur (Vies regionals)</name>
    <trkseg>
      <trkpt lat="17.4337836" lon="78.5030113">
      </trkpt>
      <trkpt lat="17.4338421" lon="78.5032695">
      </trkpt>
      <trkpt lat="17.4339032" lon="78.5035918">
      </trkpt>
      <trkpt lat="17.433931" lon="78.5037965">
      </trkpt>
      <trkpt lat="17.433973" lon="78.5041733">
      </trkpt>
      <trkpt lat="17.4340233" lon="78.5045481">
      </trkpt>
      <trkpt lat="17.4340842" lon="78.5048973">
      </trkpt>
      <trkpt lat="17.4341825" lon="78.5054019">
      </trkpt>
      <trkpt lat="17.4342285" lon="78.5056279">
      </trkpt>
      <trkpt lat="17.434273" lon="78.5058263">
      </trkpt>
      <trkpt lat="17.4343613" lon="78.5061935">
      </trkpt>
      <trkpt lat="17.4344665" lon="78.5066308">
      </trkpt>
      <trkpt lat="17.4344908" lon="78.5067261">
      </trkpt>
      <trkpt lat="17.4348331" lon="78.5080712">
      </trkpt>
      <trkpt lat="17.4351755" lon="78.5094401">
      </trkpt>
      <trkpt lat="17.4357215" lon="78.5116393">
      </trkpt>
      <trkpt lat="17.4357582" lon="78.5117871">
      </trkpt>
      <trkpt lat="17.4358584" lon="78.5120938">
      </trkpt>
      <trkpt lat="17.4359363" lon="78.5122826">
      </trkpt>
      <trkpt lat="17.4359696" lon="78.5123725">
      </trkpt>
      <trkpt lat="17.4361113" lon="78.5126642">
      </trkpt>
      <trkpt lat="17.4363166" lon="78.5129942">
      </trkpt>
      <trkpt lat="17.4365333" lon="78.5132754">
      </trkpt>
      <trkpt lat="17.4367262" lon="78.513514">
      </trkpt>
      <trkpt lat="17.4382444" lon="78.5152073">
      </trkpt>
      <trkpt lat="17.4384861" lon="78.5155008">
      </trkpt>
      <trkpt lat="17.438734" lon="78.515872">
      </trkpt>
      <trkpt lat="17.4389154" lon="78.5161912">
      </trkpt>
      <trkpt lat="17.4390737" lon="78.516534">
      </trkpt>
      <trkpt lat="17.4392024" lon="78.5168922">
      </trkpt>
      <trkpt lat="17.4393087" lon="78.5173021">
      </trkpt>
      <trkpt lat="17.4393759" lon="78.5176636">
      </trkpt>
      <trkpt lat="17.4394229" lon="78.5180533">
      </trkpt>
      <trkpt lat="17.4394466" lon="78.518473">
      </trkpt>
      <trkpt lat="17.4394176" lon="78.5218351">
      </trkpt>
      <trkpt lat="17.4393951" lon="78.5222193">
      </trkpt>
      <trkpt lat="17.4393489" lon="78.522529">
      </trkpt>
      <trkpt lat="17.4392514" lon="78.5229244">
      </trkpt>
      <trkpt lat="17.4391169" lon="78.5233096">
      </trkpt>
      <trkpt lat="17.4388911" lon="78.5238994">
      </trkpt>
      <trkpt lat="17.43756" lon="78.5272507">
      </trkpt>
      <trkpt lat="17.4374241" lon="78.5276215">
      </trkpt>
      <trkpt lat="17.4373335" lon="78.5279218">
      </trkpt>
      <trkpt lat="17.4372183" lon="78.5284238">
      </trkpt>
      <trkpt lat="17.4371501" lon="78.5288989">
      </trkpt>
      <trkpt lat="17.4371154" lon="78.529298">
      </trkpt>
      <trkpt lat="17.4370966" lon="78.5298212">
      </trkpt>
      <trkpt lat="17.4370997" lon="78.5313837">
      </trkpt>
      <trkpt lat="17.4370804" lon="78.5318765">
      </trkpt>
      <trkpt lat="17.4370284" lon="78.5322986">
      </trkpt>
      <trkpt lat="17.4369588" lon="78.5326178">
      </trkpt>
      <trkpt lat="17.4368795" lon="78.5329066">
      </trkpt>
      <trkpt lat="17.4367113" lon="78.533335">
      </trkpt>
      <trkpt lat="17.4365427" lon="78.5336744">
      </trkpt>
      <trkpt lat="17.4364321" lon="78.5338591">
      </trkpt>
      <trkpt lat="17.4362771" lon="78.534082">
      </trkpt>
      <trkpt lat="17.4360415" lon="78.5343799">
      </trkpt>
      <trkpt lat="17.435732" lon="78.5347066">
      </trkpt>
      <trkpt lat="17.4346357" lon="78.5356886">
      </trkpt>
      <trkpt lat="17.4343928" lon="78.5359358">
      </trkpt>
      <trkpt lat="17.4342734" lon="78.536065">
      </trkpt>
      <trkpt lat="17.4340795" lon="78.5363152">
      </trkpt>
      <trkpt lat="17.4338968" lon="78.5366065">
      </trkpt>
      <trkpt lat="17.4337163" lon="78.5369803">
      </trkpt>
      <trkpt lat="17.43358" lon="78.5373595">
      </trkpt>
      <trkpt lat="17.4334932" lon="78.5376987">
      </trkpt>
      <trkpt lat="17.4334404" lon="78.5380323">
      </trkpt>
      <trkpt lat="17.4334071" lon="78.5384646">
      </trkpt>
      <trkpt lat="17.4334102" lon="78.5386281">
      </trkpt>
      <trkpt lat="17.4334353" lon="78.5389923">
      </trkpt>
      <trkpt lat="17.4335107" lon="78.5394268">
      </trkpt>
      <trkpt lat="17.4344644" lon="78.5441395">
      </trkpt>
      <trkpt lat="17.4345744" lon="78.5445638">
      </trkpt>
      <trkpt lat="17.4347213" lon="78.5449932">
      </trkpt>
      <trkpt lat="17.4348954" lon="78.5454154">
      </trkpt>
      <trkpt lat="17.4350912" lon="78.5457938">
      </trkpt>
      <trkpt lat="17.435317" lon="78.5461467">
      </trkpt>
      <trkpt lat="17.4355731" lon="78.5464991">
      </trkpt>
      <trkpt lat="17.435773" lon="78.5467308">
      </trkpt>
      <trkpt lat="17.4361146" lon="78.5470956">
      </trkpt>
      <trkpt lat="17.4363399" lon="78.5473005">
      </trkpt>
      <trkpt lat="17.4376252" lon="78.5483335">
      </trkpt>
      <trkpt lat="17.4387458" lon="78.549248">
      </trkpt>
      <trkpt lat="17.4391377" lon="78.5495748">
      </trkpt>
      <trkpt lat="17.440664" lon="78.5507939">
      </trkpt>
      <trkpt lat="17.4424836" lon="78.5522466">
      </trkpt>
      <trkpt lat="17.4427928" lon="78.5525087">
      </trkpt>
      <trkpt lat="17.4430634" lon="78.5527519">
      </trkpt>
      <trkpt lat="17.4433093" lon="78.5530185">
      </trkpt>
      <trkpt lat="17.4435712" lon="78.5533289">
      </trkpt>
      <trkpt lat="17.4438243" lon="78.5536895">
      </trkpt>
      <trkpt lat="17.4440384" lon="78.5540638">
      </trkpt>
      <trkpt lat="17.4442151" lon="78.5544069">
      </trkpt>
      <trkpt lat="17.4449296" lon="78.5558408">
      </trkpt>
      <trkpt lat="17.4491641" lon="78.5642002">
      </trkpt>
      <trkpt lat="17.4493162" lon="78.5645654">
      </trkpt>
      <trkpt lat="17.4494381" lon="78.56495">
      </trkpt>
      <trkpt lat="17.4495327" lon="78.5653159">
      </trkpt>
      <trkpt lat="17.4495905" lon="78.5655751">
      </trkpt>
      <trkpt lat="17.4496424" lon="78.565933">
      </trkpt>
      <trkpt lat="17.4496633" lon="78.5661886">
      </trkpt>
      <trkpt lat="17.4496732" lon="78.5663803">
      </trkpt>
      <trkpt lat="17.4496705" lon="78.5668221">
      </trkpt>
      <trkpt lat="17.4496433" lon="78.5672068">
      </trkpt>
      <trkpt lat="17.4495818" lon="78.5676654">
      </trkpt>
      <trkpt lat="17.4494621" lon="78.5682039">
      </trkpt>
      <trkpt lat="17.4493208" lon="78.5687159">
      </trkpt>
      <trkpt lat="17.4479001" lon="78.5735187">
      </trkpt>
      <trkpt lat="17.4476555" lon="78.574346">
      </trkpt>
      <trkpt lat="17.4476248" lon="78.5744485">
      </trkpt>
      <trkpt lat="17.4472503" lon="78.5757017">
      </trkpt>
      <trkpt lat="17.4463098" lon="78.5788482">
      </trkpt>
      <trkpt lat="17.4461891" lon="78.5793233">
      </trkpt>
      <trkpt lat="17.4461137" lon="78.579675">
      </trkpt>
      <trkpt lat="17.4460457" lon="78.5800943">
      </trkpt>
      <trkpt lat="17.4460397" lon="78.5801844">
      </trkpt>
      <trkpt lat="17.4460314" lon="78.5803103">
      </trkpt>
      <trkpt lat="17.4460184" lon="78.5805056">
      </trkpt>
      <trkpt lat="17.4460143" lon="78.5808827">
      </trkpt>
      <trkpt lat="17.446043" lon="78.5812789">
      </trkpt>
      <trkpt lat="17.4460845" lon="78.5816364">
      </trkpt>
      <trkpt lat="17.4461499" lon="78.582004">
      </trkpt>
      <trkpt lat="17.4462226" lon="78.5823007">
      </trkpt>
      <trkpt lat="17.4463418" lon="78.5826867">
      </trkpt>
      <trkpt lat="17.4465157" lon="78.5831304">
      </trkpt>
      <trkpt lat="17.4467065" lon="78.5835486">
      </trkpt>
      <trkpt lat="17.4473243" lon="78.5847853">
      </trkpt>
      <trkpt lat="17.4476171" lon="78.585387">
      </trkpt>
      <trkpt lat="17.4480158" lon="78.5861922">
      </trkpt>
      <trkpt lat="17.4486791" lon="78.5875641">
      </trkpt>
      <trkpt lat="17.4497768" lon="78.5897273">
      </trkpt>
      <trkpt lat="17.4499948" lon="78.5901695">
      </trkpt>
      <trkpt lat="17.4526712" lon="78.5955646">
      </trkpt>
      <trkpt lat="17.4550449" lon="78.6003638">
      </trkpt>
      <trkpt lat="17.4551808" lon="78.600654">
      </trkpt>
      <trkpt lat="17.4558343" lon="78.6019779">
      </trkpt>
      <trkpt lat="17.4597028" lon="78.6097679">
      </trkpt>
      <trkpt lat="17.4598519" lon="78.6100906">
      </trkpt>
      <trkpt lat="17.460004" lon="78.6104648">
      </trkpt>
      <trkpt lat="17.4601363" lon="78.610877">
      </trkpt>
      <trkpt lat="17.4602394" lon="78.6112905">
      </trkpt>
      <trkpt lat="17.460308" lon="78.6116423">
      </trkpt>
      <trkpt lat="17.4603499" lon="78.6119728">
      </trkpt>
      <trkpt lat="17.4603548" lon="78.6123075">
      </trkpt>
      <trkpt lat="17.4603609" lon="78.6126575">
      </trkpt>
      <trkpt lat="17.4603399" lon="78.6130489">
      </trkpt>
      <trkpt lat="17.460292" lon="78.6134611">
      </trkpt>
      <trkpt lat="17.4602372" lon="78.6137644">
      </trkpt>
      <trkpt lat="17.4601626" lon="78.6140978">
      </trkpt>
      <trkpt lat="17.4600702" lon="78.6144253">
      </trkpt>
      <trkpt lat="17.459951" lon="78.6148">
      </trkpt>
      <trkpt lat="17.4597963" lon="78.6151642">
      </trkpt>
      <trkpt lat="17.4594462" lon="78.6158708">
      </trkpt>
      <trkpt lat="17.4581623" lon="78.618213">
      </trkpt>
      <trkpt lat="17.456948" lon="78.6204083">
      </trkpt>
      <trkpt lat="17.4562646" lon="78.6216558">
      </trkpt>
      <trkpt lat="17.4561827" lon="78.6218054">
      </trkpt>
      <trkpt lat="17.4547989" lon="78.6243316">
      </trkpt>
      <trkpt lat="17.4544798" lon="78.6249313">
      </trkpt>
      <trkpt lat="17.4543352" lon="78.6252089">
      </trkpt>
      <trkpt lat="17.4541897" lon="78.6255093">
      </trkpt>
      <trkpt lat="17.4540474" lon="78.6258633">
      </trkpt>
      <trkpt lat="17.4539421" lon="78.6261697">
      </trkpt>
      <trkpt lat="17.4538637" lon="78.626421">
      </trkpt>
      <trkpt lat="17.4533785" lon="78.628098">
      </trkpt>
      <trkpt lat="17.4532356" lon="78.6287907">
      </trkpt>
      <trkpt lat="17.4531535" lon="78.6295351">
      </trkpt>
      <trkpt lat="17.4530382" lon="78.6311676">
      </trkpt>
      <trkpt lat="17.4530203" lon="78.6315004">
      </trkpt>
      <trkpt lat="17.4530108" lon="78.6319797">
      </trkpt>
      <trkpt lat="17.4530342" lon="78.6325145">
      </trkpt>
      <trkpt lat="17.4530716" lon="78.6329645">
      </trkpt>
      <trkpt lat="17.4539758" lon="78.6406455">
      </trkpt>
      <trkpt lat="17.4543468" lon="78.6437958">
      </trkpt>
      <trkpt lat="17.4543812" lon="78.6440665">
      </trkpt>
      <trkpt lat="17.4548799" lon="78.6484775">
      </trkpt>
      <trkpt lat="17.4549936" lon="78.6494705">
      </trkpt>
      <trkpt lat="17.4550795" lon="78.6503296">
      </trkpt>
      <trkpt lat="17.4550977" lon="78.6506804">
      </trkpt>
      <trkpt lat="17.4550811" lon="78.6511934">
      </trkpt>
      <trkpt lat="17.4550399" lon="78.6517003">
      </trkpt>
      <trkpt lat="17.4549792" lon="78.6523262">
      </trkpt>
      <trkpt lat="17.4530401" lon="78.6693413">
      </trkpt>
      <trkpt lat="17.4529855" lon="78.6698315">
      </trkpt>
      <trkpt lat="17.4529446" lon="78.6702499">
      </trkpt>
      <trkpt lat="17.4529175" lon="78.6706737">
      </trkpt>
      <trkpt lat="17.4529049" lon="78.6712155">
      </trkpt>
      <trkpt lat="17.4529066" lon="78.6716866">
      </trkpt>
      <trkpt lat="17.4529315" lon="78.6724396">
      </trkpt>
      <trkpt lat="17.4529728" lon="78.6741996">
      </trkpt>
      <trkpt lat="17.4529752" lon="78.6743042">
      </trkpt>
      <trkpt lat="17.4529835" lon="78.6750118">
      </trkpt>
      <trkpt lat="17.452988" lon="78.6751708">
      </trkpt>
      <trkpt lat="17.4530571" lon="78.6783325">
      </trkpt>
      <trkpt lat="17.4531487" lon="78.6835047">
      </trkpt>
      <trkpt lat="17.453167" lon="78.6837865">
      </trkpt>
      <trkpt lat="17.4531676" lon="78.6838195">
      </trkpt>
      <trkpt lat="17.4531917" lon="78.6851291">
      </trkpt>
      <trkpt lat="17.4532483" lon="78.6869317">
      </trkpt>
      <trkpt lat="17.4534192" lon="78.6955271">
      </trkpt>
      <trkpt lat="17.4534547" lon="78.6972744">
      </trkpt>
      <trkpt lat="17.4535305" lon="78.7005589">
      </trkpt>
      <trkpt lat="17.4535556" lon="78.7010319">
      </trkpt>
      <trkpt lat="17.4536247" lon="78.7015923">
      </trkpt>
      <trkpt lat="17.4537055" lon="78.7019761">
      </trkpt>
      <trkpt lat="17.4539103" lon="78.7028683">
      </trkpt>
      <trkpt lat="17.4547641" lon="78.7061297">
      </trkpt>
      <trkpt lat="17.4559046" lon="78.7106146">
      </trkpt>
      <trkpt lat="17.4561607" lon="78.7116447">
      </trkpt>
      <trkpt lat="17.4562159" lon="78.7120101">
      </trkpt>
      <trkpt lat="17.4562604" lon="78.7124573">
      </trkpt>
      <trkpt lat="17.4562606" lon="78.7129282">
      </trkpt>
      <trkpt lat="17.4562151" lon="78.7134584">
      </trkpt>
      <trkpt lat="17.4561437" lon="78.7138997">
      </trkpt>
      <trkpt lat="17.4560349" lon="78.7143948">
      </trkpt>
      <trkpt lat="17.4543496" lon="78.720188">
      </trkpt>
      <trkpt lat="17.4526356" lon="78.7260851">
      </trkpt>
      <trkpt lat="17.4524423" lon="78.7271237">
      </trkpt>
      <trkpt lat="17.4524184" lon="78.7276566">
      </trkpt>
      <trkpt lat="17.45244" lon="78.7285146">
      </trkpt>
      <trkpt lat="17.4525363" lon="78.7298008">
      </trkpt>
      <trkpt lat="17.4526246" lon="78.7311619">
      </trkpt>
      <trkpt lat="17.4526766" lon="78.7316391">
      </trkpt>
      <trkpt lat="17.4527822" lon="78.7321467">
      </trkpt>
      <trkpt lat="17.4528913" lon="78.732497">
      </trkpt>
      <trkpt lat="17.4530444" lon="78.7329137">
      </trkpt>
      <trkpt lat="17.4532885" lon="78.7334448">
      </trkpt>
      <trkpt lat="17.4534313" lon="78.7336959">
      </trkpt>
      <trkpt lat="17.4536651" lon="78.734039">
      </trkpt>
      <trkpt lat="17.4541579" lon="78.7346851">
      </trkpt>
      <trkpt lat="17.4572469" lon="78.7383218">
      </trkpt>
      <trkpt lat="17.4587963" lon="78.7401504">
      </trkpt>
      <trkpt lat="17.4603892" lon="78.7420303">
      </trkpt>
      <trkpt lat="17.4609859" lon="78.7428452">
      </trkpt>
      <trkpt lat="17.4613206" lon="78.7434429">
      </trkpt>
      <trkpt lat="17.46153" lon="78.7438636">
      </trkpt>
      <trkpt lat="17.4618496" lon="78.7446625">
      </trkpt>
      <trkpt lat="17.4629251" lon="78.7477671">
      </trkpt>
      <trkpt lat="17.4651759" lon="78.754323">
      </trkpt>
      <trkpt lat="17.4674167" lon="78.7608876">
      </trkpt>
      <trkpt lat="17.4679387" lon="78.7624192">
      </trkpt>
      <trkpt lat="17.4681644" lon="78.7630813">
      </trkpt>
      <trkpt lat="17.4683178" lon="78.7636217">
      </trkpt>
      <trkpt lat="17.4684663" lon="78.7642334">
      </trkpt>
      <trkpt lat="17.4685499" lon="78.7647691">
      </trkpt>
      <trkpt lat="17.4686087" lon="78.76545">
      </trkpt>
      <trkpt lat="17.4698314" lon="78.781975">
      </trkpt>
      <trkpt lat="17.4703811" lon="78.7894538">
      </trkpt>
      <trkpt lat="17.4704315" lon="78.7901393">
      </trkpt>
      <trkpt lat="17.470458" lon="78.7906482">
      </trkpt>
      <trkpt lat="17.4707439" lon="78.7945001">
      </trkpt>
      <trkpt lat="17.4708999" lon="78.7965113">
      </trkpt>
      <trkpt lat="17.4709328" lon="78.796885">
      </trkpt>
      <trkpt lat="17.470994" lon="78.797292">
      </trkpt>
      <trkpt lat="17.471102" lon="78.7977561">
      </trkpt>
      <trkpt lat="17.4712039" lon="78.7981019">
      </trkpt>
      <trkpt lat="17.4712831" lon="78.7983452">
      </trkpt>
      <trkpt lat="17.4714371" lon="78.7987105">
      </trkpt>
      <trkpt lat="17.4715661" lon="78.798957">
      </trkpt>
      <trkpt lat="17.471693" lon="78.7991938">
      </trkpt>
      <trkpt lat="17.4720438" lon="78.7997312">
      </trkpt>
      <trkpt lat="17.4725684" lon="78.8004743">
      </trkpt>
      <trkpt lat="17.4745208" lon="78.8033022">
      </trkpt>
      <trkpt lat="17.4760347" lon="78.8055619">
      </trkpt>
      <trkpt lat="17.4775957" lon="78.8079611">
      </trkpt>
      <trkpt lat="17.4785413" lon="78.8093881">
      </trkpt>
      <trkpt lat="17.4802122" lon="78.8119433">
      </trkpt>
      <trkpt lat="17.480641" lon="78.8126036">
      </trkpt>
      <trkpt lat="17.4811297" lon="78.8133598">
      </trkpt>
      <trkpt lat="17.4817753" lon="78.8142979">
      </trkpt>
      <trkpt lat="17.4825414" lon="78.8154733">
      </trkpt>
      <trkpt lat="17.4828371" lon="78.8159814">
      </trkpt>
      <trkpt lat="17.4830174" lon="78.8163301">
      </trkpt>
      <trkpt lat="17.4831265" lon="78.8165543">
      </trkpt>
      <trkpt lat="17.4833212" lon="78.816995">
      </trkpt>
      <trkpt lat="17.4834031" lon="78.8171837">
      </trkpt>
      <trkpt lat="17.4834996" lon="78.8174456">
      </trkpt>
      <trkpt lat="17.4835649" lon="78.8176171">
      </trkpt>
      <trkpt lat="17.4837628" lon="78.8182203">
      </trkpt>
      <trkpt lat="17.4860709" lon="78.8261849">
      </trkpt>
      <trkpt lat="17.486371" lon="78.8272051">
      </trkpt>
      <trkpt lat="17.4866519" lon="78.8281688">
      </trkpt>
      <trkpt lat="17.4870619" lon="78.8294555">
      </trkpt>
      <trkpt lat="17.489369" lon="78.8372396">
      </trkpt>
      <trkpt lat="17.4897707" lon="78.8383849">
      </trkpt>
      <trkpt lat="17.4900546" lon="78.8391273">
      </trkpt>
      <trkpt lat="17.4906018" lon="78.840154">
      </trkpt>
      <trkpt lat="17.4912024" lon="78.8411461">
      </trkpt>
      <trkpt lat="17.4920868" lon="78.8422802">
      </trkpt>
      <trkpt lat="17.4929645" lon="78.8432037">
      </trkpt>
      <trkpt lat="17.4940031" lon="78.8441389">
      </trkpt>
      <trkpt lat="17.4994137" lon="78.8486781">
      </trkpt>
      <trkpt lat="17.502404" lon="78.8513078">
      </trkpt>
      <trkpt lat="17.5027197" lon="78.8515301">
      </trkpt>
      <trkpt lat="17.5028497" lon="78.8516151">
      </trkpt>
      <trkpt lat="17.5031653" lon="78.8518345">
      </trkpt>
      <trkpt lat="17.5037391" lon="78.8522132">
      </trkpt>
      <trkpt lat="17.506021" lon="78.8535126">
      </trkpt>
      <trkpt lat="17.508689" lon="78.8550036">
      </trkpt>
      <trkpt lat="17.509333" lon="78.8554331">
      </trkpt>
      <trkpt lat="17.5099334" lon="78.8559059">
      </trkpt>
      <trkpt lat="17.5104235" lon="78.8563246">
      </trkpt>
      <trkpt lat="17.5120163" lon="78.8576724">
      </trkpt>
      <trkpt lat="17.5122608" lon="78.8578679">
      </trkpt>
      <trkpt lat="17.5130819" lon="78.8585514">
      </trkpt>
      <trkpt lat="17.5139733" lon="78.859355">
      </trkpt>
      <trkpt lat="17.5144734" lon="78.8598818">
      </trkpt>
      <trkpt lat="17.5148282" lon="78.8603557">
      </trkpt>
      <trkpt lat="17.5150489" lon="78.8607471">
      </trkpt>
      <trkpt lat="17.5153474" lon="78.8613452">
      </trkpt>
      <trkpt lat="17.5161805" lon="78.863212">
      </trkpt>
      <trkpt lat="17.5162233" lon="78.8633117">
      </trkpt>
      <trkpt lat="17.5163613" lon="78.8636332">
      </trkpt>
      <trkpt lat="17.5168806" lon="78.8648432">
      </trkpt>
      <trkpt lat="17.5170293" lon="78.8651896">
      </trkpt>
      <trkpt lat="17.5175981" lon="78.8665151">
      </trkpt>
      <trkpt lat="17.5185762" lon="78.868706">
      </trkpt>
      <trkpt lat="17.5199157" lon="78.8718018">
      </trkpt>
      <trkpt lat="17.5206692" lon="78.8734819">
      </trkpt>
      <trkpt lat="17.5222051" lon="78.8766893">
      </trkpt>
      <trkpt lat="17.5232111" lon="78.8788724">
      </trkpt>
      <trkpt lat="17.5234904" lon="78.8795371">
      </trkpt>
      <trkpt lat="17.5236868" lon="78.8802037">
      </trkpt>
      <trkpt lat="17.523796" lon="78.8807463">
      </trkpt>
      <trkpt lat="17.5238613" lon="78.8811935">
      </trkpt>
      <trkpt lat="17.5239332" lon="78.881717">
      </trkpt>
      <trkpt lat="17.5239406" lon="78.8822235">
      </trkpt>
      <trkpt lat="17.5239396" lon="78.8828395">
      </trkpt>
      <trkpt lat="17.5238496" lon="78.8840589">
      </trkpt>
      <trkpt lat="17.523716" lon="78.8849223">
      </trkpt>
      <trkpt lat="17.5233508" lon="78.8880251">
      </trkpt>
      <trkpt lat="17.5231451" lon="78.8895312">
      </trkpt>
      <trkpt lat="17.5229886" lon="78.8908412">
      </trkpt>
      <trkpt lat="17.5228395" lon="78.8923217">
      </trkpt>
      <trkpt lat="17.522826" lon="78.8926614">
      </trkpt>
      <trkpt lat="17.5228072" lon="78.8934077">
      </trkpt>
      <trkpt lat="17.5228294" lon="78.8937887">
      </trkpt>
      <trkpt lat="17.5229306" lon="78.8946788">
      </trkpt>
      <trkpt lat="17.5230975" lon="78.8954651">
      </trkpt>
      <trkpt lat="17.5234806" lon="78.8965597">
      </trkpt>
      <trkpt lat="17.5242815" lon="78.8983453">
      </trkpt>
      <trkpt lat="17.5245841" lon="78.8989307">
      </trkpt>
      <trkpt lat="17.5247979" lon="78.8992692">
      </trkpt>
      <trkpt lat="17.5249348" lon="78.8994689">
      </trkpt>
      <trkpt lat="17.5251586" lon="78.8997806">
      </trkpt>
      <trkpt lat="17.525428" lon="78.9001881">
      </trkpt>
      <trkpt lat="17.5255894" lon="78.9004227">
      </trkpt>
      <trkpt lat="17.5258499" lon="78.9008138">
      </trkpt>
      <trkpt lat="17.5261127" lon="78.9011933">
      </trkpt>
      <trkpt lat="17.5262396" lon="78.9013847">
      </trkpt>
      <trkpt lat="17.5264422" lon="78.9016848">
      </trkpt>
      <trkpt lat="17.5266426" lon="78.901965">
      </trkpt>
      <trkpt lat="17.5269143" lon="78.9023456">
      </trkpt>
      <trkpt lat="17.5272917" lon="78.9028768">
      </trkpt>
      <trkpt lat="17.5276067" lon="78.9033473">
      </trkpt>
      <trkpt lat="17.5277236" lon="78.9035143">
      </trkpt>
      <trkpt lat="17.5279" lon="78.9037561">
      </trkpt>
      <trkpt lat="17.5280643" lon="78.9039891">
      </trkpt>
      <trkpt lat="17.5282113" lon="78.9041762">
      </trkpt>
      <trkpt lat="17.5283716" lon="78.9043829">
      </trkpt>
      <trkpt lat="17.5285519" lon="78.9046152">
      </trkpt>
      <trkpt lat="17.5294312" lon="78.9054968">
      </trkpt>
      <trkpt lat="17.5298772" lon="78.9058251">
      </trkpt>
      <trkpt lat="17.5316773" lon="78.9069548">
      </trkpt>
      <trkpt lat="17.5320666" lon="78.9072234">
      </trkpt>
      <trkpt lat="17.5324213" lon="78.9075283">
      </trkpt>
      <trkpt lat="17.5329543" lon="78.9080386">
      </trkpt>
      <trkpt lat="17.5342472" lon="78.909492">
      </trkpt>
      <trkpt lat="17.5351834" lon="78.910549">
      </trkpt>
      <trkpt lat="17.5358166" lon="78.911195">
      </trkpt>
      <trkpt lat="17.5364221" lon="78.9116687">
      </trkpt>
      <trkpt lat="17.536979" lon="78.9120474">
      </trkpt>
      <trkpt lat="17.5373247" lon="78.9122508">
      </trkpt>
      <trkpt lat="17.5377349" lon="78.9124455">
      </trkpt>
      <trkpt lat="17.5383848" lon="78.9127336">
      </trkpt>
      <trkpt lat="17.5389896" lon="78.9129267">
      </trkpt>
      <trkpt lat="17.5400292" lon="78.9132674">
      </trkpt>
      <trkpt lat="17.5428711" lon="78.9142043">
      </trkpt>
      <trkpt lat="17.5432877" lon="78.9143584">
      </trkpt>
      <trkpt lat="17.5435415" lon="78.914467">
      </trkpt>
      <trkpt lat="17.5437871" lon="78.914581">
      </trkpt>
      <trkpt lat="17.5442256" lon="78.9148016">
      </trkpt>
      <trkpt lat="17.5447855" lon="78.9151483">
      </trkpt>
      <trkpt lat="17.5458544" lon="78.9158413">
      </trkpt>
      <trkpt lat="17.5463202" lon="78.9161111">
      </trkpt>
      <trkpt lat="17.5467031" lon="78.9163714">
      </trkpt>
      <trkpt lat="17.5469258" lon="78.916515">
      </trkpt>
      <trkpt lat="17.5470772" lon="78.9165968">
      </trkpt>
      <trkpt lat="17.5480202" lon="78.9172094">
      </trkpt>
      <trkpt lat="17.5517166" lon="78.9195921">
      </trkpt>
      <trkpt lat="17.5523309" lon="78.9200573">
      </trkpt>
      <trkpt lat="17.5528954" lon="78.9205988">
      </trkpt>
      <trkpt lat="17.5533257" lon="78.9210989">
      </trkpt>
      <trkpt lat="17.5536155" lon="78.9214969">
      </trkpt>
      <trkpt lat="17.5539086" lon="78.9219725">
      </trkpt>
      <trkpt lat="17.5542325" lon="78.9226492">
      </trkpt>
      <trkpt lat="17.5544702" lon="78.9232439">
      </trkpt>
      <trkpt lat="17.5546931" lon="78.9239951">
      </trkpt>
      <trkpt lat="17.5548329" lon="78.9248226">
      </trkpt>
      <trkpt lat="17.5548795" lon="78.925545">
      </trkpt>
      <trkpt lat="17.5548329" lon="78.9264996">
      </trkpt>
      <trkpt lat="17.5547275" lon="78.9272475">
      </trkpt>
      <trkpt lat="17.5543361" lon="78.929891">
      </trkpt>
      <trkpt lat="17.5539131" lon="78.9324976">
      </trkpt>
      <trkpt lat="17.5537192" lon="78.9333603">
      </trkpt>
      <trkpt lat="17.553255" lon="78.9348269">
      </trkpt>
      <trkpt lat="17.5521623" lon="78.9379942">
      </trkpt>
      <trkpt lat="17.5517655" lon="78.9391082">
      </trkpt>
      <trkpt lat="17.5516246" lon="78.9396228">
      </trkpt>
      <trkpt lat="17.5514609" lon="78.9402987">
      </trkpt>
      <trkpt lat="17.5507321" lon="78.944241">
      </trkpt>
      <trkpt lat="17.5501207" lon="78.9474221">
      </trkpt>
      <trkpt lat="17.5498902" lon="78.9486409">
      </trkpt>
      <trkpt lat="17.5498031" lon="78.9491475">
      </trkpt>
      <trkpt lat="17.5497527" lon="78.9496087">
      </trkpt>
      <trkpt lat="17.5497202" lon="78.9499276">
      </trkpt>
      <trkpt lat="17.5497107" lon="78.9502106">
      </trkpt>
      <trkpt lat="17.549714" lon="78.9504946">
      </trkpt>
      <trkpt lat="17.549744" lon="78.9508193">
      </trkpt>
      <trkpt lat="17.5498206" lon="78.9512762">
      </trkpt>
      <trkpt lat="17.5499465" lon="78.9518132">
      </trkpt>
      <trkpt lat="17.5501328" lon="78.9523356">
      </trkpt>
      <trkpt lat="17.5503968" lon="78.9529029">
      </trkpt>
      <trkpt lat="17.5507602" lon="78.9534673">
      </trkpt>
      <trkpt lat="17.5511479" lon="78.953964">
      </trkpt>
      <trkpt lat="17.5517003" lon="78.9545369">
      </trkpt>
      <trkpt lat="17.5552552" lon="78.9576767">
      </trkpt>
      <trkpt lat="17.5554099" lon="78.9578119">
      </trkpt>
      <trkpt lat="17.5643207" lon="78.9656883">
      </trkpt>
      <trkpt lat="17.564418" lon="78.9657743">
      </trkpt>
      <trkpt lat="17.5659241" lon="78.9671031">
      </trkpt>
      <trkpt lat="17.5664804" lon="78.9675946">
      </trkpt>
      <trkpt lat="17.5668436" lon="78.9679575">
      </trkpt>
      <trkpt lat="17.5673007" lon="78.968461">
      </trkpt>
      <trkpt lat="17.5685936" lon="78.9699576">
      </trkpt>
      <trkpt lat="17.5687217" lon="78.9701039">
      </trkpt>
      <trkpt lat="17.5723562" lon="78.9743136">
      </trkpt>
      <trkpt lat="17.5724049" lon="78.97437">
      </trkpt>
      <trkpt lat="17.5762575" lon="78.9788324">
      </trkpt>
      <trkpt lat="17.5773748" lon="78.9801226">
      </trkpt>
      <trkpt lat="17.5774666" lon="78.9802287">
      </trkpt>
      <trkpt lat="17.5832066" lon="78.9868806">
      </trkpt>
      <trkpt lat="17.5834471" lon="78.9871502">
      </trkpt>
      <trkpt lat="17.5836615" lon="78.9873817">
      </trkpt>
      <trkpt lat="17.58396" lon="78.9876755">
      </trkpt>
      <trkpt lat="17.5842332" lon="78.9879154">
      </trkpt>
      <trkpt lat="17.5844702" lon="78.9880912">
      </trkpt>
      <trkpt lat="17.5847277" lon="78.9882627">
      </trkpt>
      <trkpt lat="17.5850822" lon="78.988468">
      </trkpt>
      <trkpt lat="17.5854675" lon="78.9886605">
      </trkpt>
      <trkpt lat="17.588768" lon="78.9901294">
      </trkpt>
      <trkpt lat="17.5958112" lon="78.9932566">
      </trkpt>
      <trkpt lat="17.5958843" lon="78.9932909">
      </trkpt>
      <trkpt lat="17.6006332" lon="78.99539">
      </trkpt>
      <trkpt lat="17.6085231" lon="78.9988632">
      </trkpt>
      <trkpt lat="17.6085806" lon="78.9988876">
      </trkpt>
      <trkpt lat="17.6126802" lon="79.0006956">
      </trkpt>
      <trkpt lat="17.6130314" lon="79.0008486">
      </trkpt>
      <trkpt lat="17.615586" lon="79.0020137">
      </trkpt>
      <trkpt lat="17.6215545" lon="79.0046584">
      </trkpt>
      <trkpt lat="17.6216058" lon="79.0046813">
      </trkpt>
      <trkpt lat="17.6256284" lon="79.0064514">
      </trkpt>
      <trkpt lat="17.626197" lon="79.006703">
      </trkpt>
      <trkpt lat="17.6265159" lon="79.0068569">
      </trkpt>
      <trkpt lat="17.6268074" lon="79.0070123">
      </trkpt>
      <trkpt lat="17.6270551" lon="79.0071545">
      </trkpt>
      <trkpt lat="17.6273746" lon="79.0073631">
      </trkpt>
      <trkpt lat="17.6276251" lon="79.0075503">
      </trkpt>
      <trkpt lat="17.6278725" lon="79.0077672">
      </trkpt>
      <trkpt lat="17.6280854" lon="79.0079692">
      </trkpt>
      <trkpt lat="17.6282858" lon="79.0081843">
      </trkpt>
      <trkpt lat="17.6285494" lon="79.0085133">
      </trkpt>
      <trkpt lat="17.6288191" lon="79.0088949">
      </trkpt>
      <trkpt lat="17.629095" lon="79.0093721">
      </trkpt>
      <trkpt lat="17.6293134" lon="79.0098298">
      </trkpt>
      <trkpt lat="17.6338954" lon="79.0205128">
      </trkpt>
      <trkpt lat="17.633924" lon="79.0205809">
      </trkpt>
      <trkpt lat="17.635359" lon="79.0239204">
      </trkpt>
      <trkpt lat="17.6354484" lon="79.0241215">
      </trkpt>
      <trkpt lat="17.6416601" lon="79.0385848">
      </trkpt>
      <trkpt lat="17.6417147" lon="79.0387055">
      </trkpt>
      <trkpt lat="17.6436292" lon="79.0431167">
      </trkpt>
      <trkpt lat="17.6445136" lon="79.0452162">
      </trkpt>
      <trkpt lat="17.6457664" lon="79.0485254">
      </trkpt>
      <trkpt lat="17.6470912" lon="79.0521338">
      </trkpt>
      <trkpt lat="17.6478253" lon="79.053961">
      </trkpt>
      <trkpt lat="17.6486508" lon="79.0561425">
      </trkpt>
      <trkpt lat="17.6491365" lon="79.0574375">
      </trkpt>
      <trkpt lat="17.6495558" lon="79.0587679">
      </trkpt>
      <trkpt lat="17.6498105" lon="79.0597929">
      </trkpt>
      <trkpt lat="17.6501243" lon="79.0606778">
      </trkpt>
      <trkpt lat="17.6504152" lon="79.0615077">
      </trkpt>
      <trkpt lat="17.6506229" lon="79.0620871">
      </trkpt>
      <trkpt lat="17.6508696" lon="79.0626521">
      </trkpt>
      <trkpt lat="17.6512346" lon="79.0632672">
      </trkpt>
      <trkpt lat="17.652075" lon="79.0644201">
      </trkpt>
      <trkpt lat="17.6562928" lon="79.0700446">
      </trkpt>
      <trkpt lat="17.6802332" lon="79.1022089">
      </trkpt>
      <trkpt lat="17.6813105" lon="79.1034986">
      </trkpt>
      <trkpt lat="17.6864924" lon="79.1095545">
      </trkpt>
      <trkpt lat="17.6865242" lon="79.1095918">
      </trkpt>
      <trkpt lat="17.6901278" lon="79.1138165">
      </trkpt>
      <trkpt lat="17.6907418" lon="79.1145164">
      </trkpt>
      <trkpt lat="17.6914705" lon="79.1153735">
      </trkpt>
      <trkpt lat="17.6915653" lon="79.1154847">
      </trkpt>
      <trkpt lat="17.6943893" lon="79.118779">
      </trkpt>
      <trkpt lat="17.6949177" lon="79.1193879">
      </trkpt>
      <trkpt lat="17.695455" lon="79.1200205">
      </trkpt>
      <trkpt lat="17.6963315" lon="79.1210674">
      </trkpt>
      <trkpt lat="17.6963982" lon="79.1211424">
      </trkpt>
      <trkpt lat="17.7220796" lon="79.1511369">
      </trkpt>
      <trkpt lat="17.7222764" lon="79.1513667">
      </trkpt>
      <trkpt lat="17.7225508" lon="79.1516827">
      </trkpt>
      <trkpt lat="17.7229938" lon="79.1522066">
      </trkpt>
      <trkpt lat="17.7243068" lon="79.1537327">
      </trkpt>
      <trkpt lat="17.7263952" lon="79.1561832">
      </trkpt>
      <trkpt lat="17.7266535" lon="79.1564975">
      </trkpt>
      <trkpt lat="17.7268678" lon="79.1567998">
      </trkpt>
      <trkpt lat="17.7271775" lon="79.1573084">
      </trkpt>
      <trkpt lat="17.7274296" lon="79.1578016">
      </trkpt>
      <trkpt lat="17.7275568" lon="79.158137">
      </trkpt>
      <trkpt lat="17.7276782" lon="79.1584867">
      </trkpt>
      <trkpt lat="17.727802" lon="79.158998">
      </trkpt>
      <trkpt lat="17.7279933" lon="79.1599552">
      </trkpt>
      <trkpt lat="17.7305129" lon="79.172517">
      </trkpt>
      <trkpt lat="17.7326871" lon="79.1836726">
      </trkpt>
      <trkpt lat="17.7329804" lon="79.1850473">
      </trkpt>
      <trkpt lat="17.7337425" lon="79.188837">
      </trkpt>
      <trkpt lat="17.7343459" lon="79.1918336">
      </trkpt>
      <trkpt lat="17.7344617" lon="79.1925152">
      </trkpt>
      <trkpt lat="17.7403614" lon="79.2220925">
      </trkpt>
      <trkpt lat="17.7423419" lon="79.2320214">
      </trkpt>
      <trkpt lat="17.7426197" lon="79.2334033">
      </trkpt>
      <trkpt lat="17.7427089" lon="79.2338471">
      </trkpt>
      <trkpt lat="17.7434968" lon="79.2377664">
      </trkpt>
      <trkpt lat="17.743773" lon="79.239037">
      </trkpt>
      <trkpt lat="17.7441901" lon="79.240344">
      </trkpt>
      <trkpt lat="17.7444893" lon="79.2409805">
      </trkpt>
      <trkpt lat="17.7448656" lon="79.2416021">
      </trkpt>
      <trkpt lat="17.7452751" lon="79.2421937">
      </trkpt>
      <trkpt lat="17.7457848" lon="79.2428299">
      </trkpt>
      <trkpt lat="17.7474443" lon="79.2448361">
      </trkpt>
      <trkpt lat="17.7525363" lon="79.2509709">
      </trkpt>
      <trkpt lat="17.7538777" lon="79.2525901">
      </trkpt>
      <trkpt lat="17.7572095" lon="79.2565965">
      </trkpt>
      <trkpt lat="17.7592757" lon="79.2590778">
      </trkpt>
      <trkpt lat="17.7598936" lon="79.2598155">
      </trkpt>
      <trkpt lat="17.761672" lon="79.2619701">
      </trkpt>
      <trkpt lat="17.7689324" lon="79.2707153">
      </trkpt>
      <trkpt lat="17.7693394" lon="79.2712851">
      </trkpt>
      <trkpt lat="17.7695702" lon="79.2716547">
      </trkpt>
      <trkpt lat="17.7846216" lon="79.2987226">
      </trkpt>
      <trkpt lat="17.784782" lon="79.2990116">
      </trkpt>
      <trkpt lat="17.7915985" lon="79.3112655">
      </trkpt>
      <trkpt lat="17.7918768" lon="79.3117665">
      </trkpt>
      <trkpt lat="17.7983209" lon="79.3233522">
      </trkpt>
      <trkpt lat="17.7989375" lon="79.3241984">
      </trkpt>
      <trkpt lat="17.799816" lon="79.3252698">
      </trkpt>
      <trkpt lat="17.8016435" lon="79.3272108">
      </trkpt>
      <trkpt lat="17.8078042" lon="79.3338118">
      </trkpt>
      <trkpt lat="17.8102258" lon="79.3363918">
      </trkpt>
      <trkpt lat="17.8201857" lon="79.3470452">
      </trkpt>
      <trkpt lat="17.8281564" lon="79.3541412">
      </trkpt>
      <trkpt lat="17.8317566" lon="79.3573255">
      </trkpt>
      <trkpt lat="17.8323247" lon="79.3578246">
      </trkpt>
      <trkpt lat="17.8395241" lon="79.3652688">
      </trkpt>
      <trkpt lat="17.845821" lon="79.3718479">
      </trkpt>
      <trkpt lat="17.849932" lon="79.3761431">
      </trkpt>
      <trkpt lat="17.8514694" lon="79.3777423">
      </trkpt>
      <trkpt lat="17.8520108" lon="79.3783054">
      </trkpt>
      <trkpt lat="17.8520845" lon="79.3783804">
      </trkpt>
      <trkpt lat="17.8710759" lon="79.3982893">
      </trkpt>
      <trkpt lat="17.8847554" lon="79.4124574">
      </trkpt>
      <trkpt lat="17.8847711" lon="79.4124736">
      </trkpt>
      <trkpt lat="17.8849359" lon="79.4126443">
      </trkpt>
      <trkpt lat="17.8986381" lon="79.4269599">
      </trkpt>
      <trkpt lat="17.8998249" lon="79.4281711">
      </trkpt>
      <trkpt lat="17.9008259" lon="79.4292307">
      </trkpt>
      <trkpt lat="17.9028018" lon="79.4312939">
      </trkpt>
      <trkpt lat="17.9059318" lon="79.434558">
      </trkpt>
      <trkpt lat="17.9199724" lon="79.4491732">
      </trkpt>
      <trkpt lat="17.9262659" lon="79.4557246">
      </trkpt>
      <trkpt lat="17.9360093" lon="79.465886">
      </trkpt>
      <trkpt lat="17.9442469" lon="79.4744775">
      </trkpt>
      <trkpt lat="17.946292" lon="79.4766256">
      </trkpt>
      <trkpt lat="17.9482917" lon="79.4786158">
      </trkpt>
      <trkpt lat="17.9491159" lon="79.4794822">
      </trkpt>
      <trkpt lat="17.9495522" lon="79.4799355">
      </trkpt>
      <trkpt lat="17.9501902" lon="79.4806167">
      </trkpt>
      <trkpt lat="17.9508204" lon="79.4812819">
      </trkpt>
      <trkpt lat="17.9512414" lon="79.4817057">
      </trkpt>
      <trkpt lat="17.9515655" lon="79.482041">
      </trkpt>
      <trkpt lat="17.9521549" lon="79.4826659">
      </trkpt>
      <trkpt lat="17.9527622" lon="79.4832748">
      </trkpt>
      <trkpt lat="17.9531577" lon="79.4837281">
      </trkpt>
      <trkpt lat="17.9540787" lon="79.4846495">
      </trkpt>
      <trkpt lat="17.9546103" lon="79.4853051">
      </trkpt>
      <trkpt lat="17.9549365" lon="79.4856614">
      </trkpt>
      <trkpt lat="17.9553569" lon="79.4861667">
      </trkpt>
      <trkpt lat="17.9606249" lon="79.4930106">
      </trkpt>
      <trkpt lat="17.9652483" lon="79.4992112">
      </trkpt>
      <trkpt lat="17.9691992" lon="79.5043842">
      </trkpt>
      <trkpt lat="17.9704478" lon="79.506005">
      </trkpt>
      <trkpt lat="17.9708429" lon="79.5065179">
      </trkpt>
      <trkpt lat="17.9712809" lon="79.5071043">
      </trkpt>
      <trkpt lat="17.9745417" lon="79.5113426">
      </trkpt>
      <trkpt lat="17.9752581" lon="79.5122737">
      </trkpt>
      <trkpt lat="17.9764114" lon="79.5137858">
      </trkpt>
      <trkpt lat="17.9780315" lon="79.5159115">
      </trkpt>
      <trkpt lat="17.9784397" lon="79.5164439">
      </trkpt>
      <trkpt lat="17.9786119" lon="79.5166612">
      </trkpt>
      <trkpt lat="17.9788199" lon="79.5168958">
      </trkpt>
      <trkpt lat="17.9789398" lon="79.5170179">
      </trkpt>
      <trkpt lat="17.9791171" lon="79.5171775">
      </trkpt>
      <trkpt lat="17.9793568" lon="79.5173707">
      </trkpt>
      <trkpt lat="17.9795424" lon="79.517508">
      </trkpt>
      <trkpt lat="17.9798991" lon="79.5177597">
      </trkpt>
      <trkpt lat="17.9801669" lon="79.5179299">
      </trkpt>
      <trkpt lat="17.9804629" lon="79.5180842">
      </trkpt>
      <trkpt lat="17.9808522" lon="79.5182282">
      </trkpt>
      <trkpt lat="17.9813172" lon="79.5183621">
      </trkpt>
      <trkpt lat="17.9816232" lon="79.5184384">
      </trkpt>
      <trkpt lat="17.9819584" lon="79.5185113">
      </trkpt>
      <trkpt lat="17.9824442" lon="79.5185698">
      </trkpt>
      <trkpt lat="17.9826747" lon="79.5185964">
      </trkpt>
      <trkpt lat="17.9829422" lon="79.5185941">
      </trkpt>
      <trkpt lat="17.9832565" lon="79.5185522">
      </trkpt>
      <trkpt lat="17.9835219" lon="79.5185106">
      </trkpt>
      <trkpt lat="17.9840362" lon="79.5183692">
      </trkpt>
      <trkpt lat="17.984312" lon="79.5182863">
      </trkpt>
      <trkpt lat="17.984607" lon="79.518173">
      </trkpt>
      <trkpt lat="17.9848825" lon="79.5180537">
      </trkpt>
      <trkpt lat="17.9852081" lon="79.5179">
      </trkpt>
      <trkpt lat="17.9853723" lon="79.5178307">
      </trkpt>
      <trkpt lat="17.9857588" lon="79.5176887">
      </trkpt>
      <trkpt lat="17.9860109" lon="79.5175797">
      </trkpt>
      <trkpt lat="17.9870524" lon="79.5170467">
      </trkpt>
      <trkpt lat="17.9871756" lon="79.5169898">
      </trkpt>
      <trkpt lat="17.9875092" lon="79.5168558">
      </trkpt>
      <trkpt lat="17.9879996" lon="79.5166022">
      </trkpt>
      <trkpt lat="17.9883014" lon="79.5164468">
      </trkpt>
      <trkpt lat="17.988869" lon="79.5161872">
      </trkpt>
      <trkpt lat="17.9892923" lon="79.5160165">
      </trkpt>
      <trkpt lat="17.9897237" lon="79.5158578">
      </trkpt>
      <trkpt lat="17.9899321" lon="79.5157836">
      </trkpt>
      <trkpt lat="17.9903061" lon="79.5156646">
      </trkpt>
      <trkpt lat="17.9906523" lon="79.5155456">
      </trkpt>
      <trkpt lat="17.9909967" lon="79.5154455">
      </trkpt>
      <trkpt lat="17.9916776" lon="79.5152938">
      </trkpt>
      <trkpt lat="17.9920566" lon="79.5152317">
      </trkpt>
      <trkpt lat="17.9926307" lon="79.5151334">
      </trkpt>
      <trkpt lat="17.9931393" lon="79.5150695">
      </trkpt>
      <trkpt lat="17.9941055" lon="79.5150023">
      </trkpt>
      <trkpt lat="17.9946846" lon="79.5149695">
      </trkpt>
      <trkpt lat="17.9951981" lon="79.514985">
      </trkpt>
      <trkpt lat="17.9962759" lon="79.5150212">
      </trkpt>
      <trkpt lat="17.9978045" lon="79.5150941">
      </trkpt>
      <trkpt lat="18.0005095" lon="79.5152185">
      </trkpt>
      <trkpt lat="18.003124" lon="79.5153307">
      </trkpt>
      <trkpt lat="18.0058939" lon="79.51546">
      </trkpt>
      <trkpt lat="18.0072464" lon="79.515521">
      </trkpt>
      <trkpt lat="18.0077226" lon="79.5155496">
      </trkpt>
      <trkpt lat="18.0102312" lon="79.5156597">
      </trkpt>
      <trkpt lat="18.0122847" lon="79.515766">
      </trkpt>
      <trkpt lat="18.015124" lon="79.5158953">
      </trkpt>
      <trkpt lat="18.0201845" lon="79.5161116">
      </trkpt>
      <trkpt lat="18.0232924" lon="79.516268">
      </trkpt>
      <trkpt lat="18.0237535" lon="79.5162912">
      </trkpt>
      <trkpt lat="18.0260672" lon="79.5164077">
      </trkpt>
      <trkpt lat="18.0309966" lon="79.5166181">
      </trkpt>
      <trkpt lat="18.0319563" lon="79.5166134">
      </trkpt>
      <trkpt lat="18.0329961" lon="79.516522">
      </trkpt>
      <trkpt lat="18.0338916" lon="79.5163822">
      </trkpt>
      <trkpt lat="18.0346083" lon="79.5162477">
      </trkpt>
      <trkpt lat="18.0354317" lon="79.5160338">
      </trkpt>
      <trkpt lat="18.0363009" lon="79.5157406">
      </trkpt>
      <trkpt lat="18.0376199" lon="79.5152122">
      </trkpt>
      <trkpt lat="18.0441845" lon="79.5121217">
      </trkpt>
      <trkpt lat="18.0535885" lon="79.5076895">
      </trkpt>
      <trkpt lat="18.0540625" lon="79.5074808">
      </trkpt>
      <trkpt lat="18.0546905" lon="79.5072634">
      </trkpt>
      <trkpt lat="18.0555475" lon="79.5069847">
      </trkpt>
      <trkpt lat="18.056227" lon="79.5067968">
      </trkpt>
      <trkpt lat="18.057644" lon="79.5065041">
      </trkpt>
      <trkpt lat="18.059126" lon="79.5062065">
      </trkpt>
      <trkpt lat="18.0618835" lon="79.5056413">
      </trkpt>
      <trkpt lat="18.0657292" lon="79.504882">
      </trkpt>
      <trkpt lat="18.0691379" lon="79.5042026">
      </trkpt>
      <trkpt lat="18.0697674" lon="79.5040771">
      </trkpt>
      <trkpt lat="18.0724806" lon="79.5035241">
      </trkpt>
      <trkpt lat="18.0735335" lon="79.5033095">
      </trkpt>
      <trkpt lat="18.0761488" lon="79.502823">
      </trkpt>
      <trkpt lat="18.0771392" lon="79.5026126">
      </trkpt>
      <trkpt lat="18.0779509" lon="79.5024608">
      </trkpt>
      <trkpt lat="18.0789216" lon="79.502259">
      </trkpt>
      <trkpt lat="18.07993" lon="79.5020641">
      </trkpt>
      <trkpt lat="18.0807777" lon="79.5018882">
      </trkpt>
      <trkpt lat="18.0824429" lon="79.5015537">
      </trkpt>
      <trkpt lat="18.0827981" lon="79.5014905">
      </trkpt>
      <trkpt lat="18.0834265" lon="79.5013787">
      </trkpt>
      <trkpt lat="18.0842506" lon="79.5012105">
      </trkpt>
      <trkpt lat="18.0851341" lon="79.5010302">
      </trkpt>
      <trkpt lat="18.0862286" lon="79.5008083">
      </trkpt>
      <trkpt lat="18.0870906" lon="79.5006301">
      </trkpt>
      <trkpt lat="18.0882848" lon="79.5004081">
      </trkpt>
      <trkpt lat="18.0905664" lon="79.4999008">
      </trkpt>
      <trkpt lat="18.0911577" lon="79.4997812">
      </trkpt>
      <trkpt lat="18.0913896" lon="79.49973">
      </trkpt>
      <trkpt lat="18.0927576" lon="79.4994739">
      </trkpt>
      <trkpt lat="18.094405" lon="79.4991688">
      </trkpt>
      <trkpt lat="18.0965429" lon="79.4987376">
      </trkpt>
      <trkpt lat="18.0983628" lon="79.4983823">
      </trkpt>
      <trkpt lat="18.1003072" lon="79.4980028">
      </trkpt>
      <trkpt lat="18.1017861" lon="79.4976992">
      </trkpt>
      <trkpt lat="18.1047336" lon="79.4971097">
      </trkpt>
      <trkpt lat="18.1071943" lon="79.4966324">
      </trkpt>
      <trkpt lat="18.1083373" lon="79.4963983">
      </trkpt>
      <trkpt lat="18.1092427" lon="79.4962187">
      </trkpt>
      <trkpt lat="18.1106743" lon="79.4959348">
      </trkpt>
      <trkpt lat="18.115709" lon="79.4949258">
      </trkpt>
      <trkpt lat="18.1168488" lon="79.4947072">
      </trkpt>
      <trkpt lat="18.125401" lon="79.4929626">
      </trkpt>
      <trkpt lat="18.125746" lon="79.4928879">
      </trkpt>
      <trkpt lat="18.1262398" lon="79.4927811">
      </trkpt>
      <trkpt lat="18.1269535" lon="79.4926317">
      </trkpt>
      <trkpt lat="18.129907" lon="79.4920534">
      </trkpt>
      <trkpt lat="18.1320285" lon="79.4916359">
      </trkpt>
      <trkpt lat="18.1343721" lon="79.4911678">
      </trkpt>
      <trkpt lat="18.1370338" lon="79.4906341">
      </trkpt>
      <trkpt lat="18.1372993" lon="79.4905878">
      </trkpt>
      <trkpt lat="18.13827" lon="79.4904027">
      </trkpt>
      <trkpt lat="18.1408411" lon="79.4899319">
      </trkpt>
      <trkpt lat="18.1436247" lon="79.4893906">
      </trkpt>
      <trkpt lat="18.1463935" lon="79.4888394">
      </trkpt>
      <trkpt lat="18.1487848" lon="79.4883764">
      </trkpt>
      <trkpt lat="18.1501479" lon="79.4880971">
      </trkpt>
      <trkpt lat="18.1515348" lon="79.4878404">
      </trkpt>
      <trkpt lat="18.1529672" lon="79.487546">
      </trkpt>
      <trkpt lat="18.1543111" lon="79.4872792">
      </trkpt>
      <trkpt lat="18.1555808" lon="79.487025">
      </trkpt>
      <trkpt lat="18.1569797" lon="79.4867507">
      </trkpt>
      <trkpt lat="18.1596615" lon="79.4862261">
      </trkpt>
      <trkpt lat="18.1610101" lon="79.4859544">
      </trkpt>
      <trkpt lat="18.1672943" lon="79.484707">
      </trkpt>
      <trkpt lat="18.1730778" lon="79.4835276">
      </trkpt>
      <trkpt lat="18.1737033" lon="79.4833995">
      </trkpt>
      <trkpt lat="18.174574" lon="79.4832375">
      </trkpt>
      <trkpt lat="18.1773122" lon="79.4827292">
      </trkpt>
      <trkpt lat="18.1782278" lon="79.4825329">
      </trkpt>
      <trkpt lat="18.1785289" lon="79.4824862">
      </trkpt>
      <trkpt lat="18.1786505" lon="79.4824421">
      </trkpt>
      <trkpt lat="18.1794637" lon="79.4822749">
      </trkpt>
      <trkpt lat="18.1801382" lon="79.4821396">
      </trkpt>
      <trkpt lat="18.1811492" lon="79.4819439">
      </trkpt>
      <trkpt lat="18.1819658" lon="79.4817802">
      </trkpt>
      <trkpt lat="18.1828009" lon="79.4816165">
      </trkpt>
      <trkpt lat="18.1853587" lon="79.4811147">
      </trkpt>
      <trkpt lat="18.186125" lon="79.4809831">
      </trkpt>
      <trkpt lat="18.1863156" lon="79.4809278">
      </trkpt>
      <trkpt lat="18.1866147" lon="79.4808598">
      </trkpt>
      <trkpt lat="18.1872234" lon="79.4807517">
      </trkpt>
      <trkpt lat="18.1884068" lon="79.4805147">
      </trkpt>
      <trkpt lat="18.1917103" lon="79.4798544">
      </trkpt>
      <trkpt lat="18.1944948" lon="79.4792973">
      </trkpt>
      <trkpt lat="18.2000918" lon="79.4781875">
      </trkpt>
      <trkpt lat="18.204876" lon="79.4772406">
      </trkpt>
      <trkpt lat="18.2097612" lon="79.4762652">
      </trkpt>
      <trkpt lat="18.2112183" lon="79.476041">
      </trkpt>
      <trkpt lat="18.2122696" lon="79.4759164">
      </trkpt>
      <trkpt lat="18.21305" lon="79.4758532">
      </trkpt>
      <trkpt lat="18.2138562" lon="79.4758052">
      </trkpt>
      <trkpt lat="18.2149549" lon="79.4757803">
      </trkpt>
      <trkpt lat="18.2162463" lon="79.4757732">
      </trkpt>
      <trkpt lat="18.2181562" lon="79.4757803">
      </trkpt>
      <trkpt lat="18.2200662" lon="79.475791">
      </trkpt>
      <trkpt lat="18.2235852" lon="79.4758159">
      </trkpt>
      <trkpt lat="18.2247041" lon="79.475823">
      </trkpt>
      <trkpt lat="18.2256033" lon="79.4758194">
      </trkpt>
      <trkpt lat="18.2358142" lon="79.475857">
      </trkpt>
      <trkpt lat="18.2433635" lon="79.4759068">
      </trkpt>
      <trkpt lat="18.2486444" lon="79.4759143">
      </trkpt>
      <trkpt lat="18.2533955" lon="79.4759395">
      </trkpt>
      <trkpt lat="18.2585004" lon="79.4758995">
      </trkpt>
      <trkpt lat="18.2590074" lon="79.4759048">
      </trkpt>
      <trkpt lat="18.2599959" lon="79.4759101">
      </trkpt>
      <trkpt lat="18.2618813" lon="79.4759651">
      </trkpt>
      <trkpt lat="18.2657881" lon="79.4759793">
      </trkpt>
      <trkpt lat="18.2691903" lon="79.476006">
      </trkpt>
      <trkpt lat="18.2706371" lon="79.4760106">
      </trkpt>
      <trkpt lat="18.270872" lon="79.476016">
      </trkpt>
      <trkpt lat="18.2714617" lon="79.4760088">
      </trkpt>
      <trkpt lat="18.2753565" lon="79.4760228">
      </trkpt>
      <trkpt lat="18.277173" lon="79.4760312">
      </trkpt>
      <trkpt lat="18.2805144" lon="79.4760508">
      </trkpt>
      <trkpt lat="18.281007" lon="79.4760631">
      </trkpt>
      <trkpt lat="18.2815975" lon="79.4761024">
      </trkpt>
      <trkpt lat="18.2825425" lon="79.4761808">
      </trkpt>
      <trkpt lat="18.2848099" lon="79.4763868">
      </trkpt>
      <trkpt lat="18.2870414" lon="79.4766472">
      </trkpt>
      <trkpt lat="18.2923702" lon="79.4771454">
      </trkpt>
      <trkpt lat="18.2944348" lon="79.4773376">
      </trkpt>
      <trkpt lat="18.2965973" lon="79.4775191">
      </trkpt>
      <trkpt lat="18.2988646" lon="79.4776828">
      </trkpt>
      <trkpt lat="18.3001055" lon="79.4777988">
      </trkpt>
      <trkpt lat="18.3006165" lon="79.4778465">
      </trkpt>
      <trkpt lat="18.3068216" lon="79.4784354">
      </trkpt>
      <trkpt lat="18.3140838" lon="79.4791081">
      </trkpt>
      <trkpt lat="18.3225032" lon="79.4799068">
      </trkpt>
      <trkpt lat="18.3271187" lon="79.4803447">
      </trkpt>
      <trkpt lat="18.3400848" lon="79.4816078">
      </trkpt>
      <trkpt lat="18.3431465" lon="79.4818566">
      </trkpt>
      <trkpt lat="18.3438316" lon="79.4819475">
      </trkpt>
      <trkpt lat="18.3444131" lon="79.4820487">
      </trkpt>
      <trkpt lat="18.3451179" lon="79.4822019">
      </trkpt>
      <trkpt lat="18.3459902" lon="79.4824408">
      </trkpt>
      <trkpt lat="18.3465816" lon="79.4826433">
      </trkpt>
      <trkpt lat="18.3469414" lon="79.4827808">
      </trkpt>
      <trkpt lat="18.3473061" lon="79.4829262">
      </trkpt>
      <trkpt lat="18.3479887" lon="79.4832196">
      </trkpt>
      <trkpt lat="18.3482721" lon="79.4833624">
      </trkpt>
      <trkpt lat="18.3500652" lon="79.4842555">
      </trkpt>
      <trkpt lat="18.3509278" lon="79.4846938">
      </trkpt>
      <trkpt lat="18.3580077" lon="79.4882398">
      </trkpt>
      <trkpt lat="18.3622116" lon="79.4903453">
      </trkpt>
      <trkpt lat="18.3678594" lon="79.4931767">
      </trkpt>
      <trkpt lat="18.3734173" lon="79.4959587">
      </trkpt>
      <trkpt lat="18.3747009" lon="79.4965771">
      </trkpt>
      <trkpt lat="18.3751225" lon="79.4967735">
      </trkpt>
      <trkpt lat="18.3755043" lon="79.4969149">
      </trkpt>
      <trkpt lat="18.3761852" lon="79.497137">
      </trkpt>
      <trkpt lat="18.376802" lon="79.4973022">
      </trkpt>
      <trkpt lat="18.3770088" lon="79.4973416">
      </trkpt>
      <trkpt lat="18.3774674" lon="79.4974289">
      </trkpt>
      <trkpt lat="18.3780772" lon="79.4974949">
      </trkpt>
      <trkpt lat="18.378612" lon="79.497539">
      </trkpt>
      <trkpt lat="18.3793071" lon="79.497539">
      </trkpt>
      <trkpt lat="18.3798994" lon="79.497517">
      </trkpt>
      <trkpt lat="18.3803959" lon="79.4974546">
      </trkpt>
      <trkpt lat="18.3809517" lon="79.4973554">
      </trkpt>
      <trkpt lat="18.3814133" lon="79.4972526">
      </trkpt>
      <trkpt lat="18.3822443" lon="79.4970232">
      </trkpt>
      <trkpt lat="18.3832233" lon="79.496634">
      </trkpt>
      <trkpt lat="18.3839951" lon="79.4962356">
      </trkpt>
      <trkpt lat="18.3848626" lon="79.4957051">
      </trkpt>
      <trkpt lat="18.3864723" lon="79.4945357">
      </trkpt>
      <trkpt lat="18.3872801" lon="79.4939449">
      </trkpt>
      <trkpt lat="18.3912701" lon="79.4910128">
      </trkpt>
      <trkpt lat="18.3933671" lon="79.4894394">
      </trkpt>
      <trkpt lat="18.3941086" lon="79.4888319">
      </trkpt>
      <trkpt lat="18.3952689" lon="79.4877883">
      </trkpt>
      <trkpt lat="18.3965278" lon="79.4866304">
      </trkpt>
      <trkpt lat="18.3975107" lon="79.4857971">
      </trkpt>
      <trkpt lat="18.3982054" lon="79.4852311">
      </trkpt>
      <trkpt lat="18.3992918" lon="79.4844055">
      </trkpt>
      <trkpt lat="18.4003215" lon="79.4836604">
      </trkpt>
      <trkpt lat="18.4068294" lon="79.4788729">
      </trkpt>
      <trkpt lat="18.4138723" lon="79.4736916">
      </trkpt>
      <trkpt lat="18.4175737" lon="79.4709706">
      </trkpt>
      <trkpt lat="18.418451" lon="79.4703756">
      </trkpt>
      <trkpt lat="18.4196963" lon="79.4696027">
      </trkpt>
      <trkpt lat="18.42071" lon="79.4690079">
      </trkpt>
      <trkpt lat="18.4210705" lon="79.4687921">
      </trkpt>
      <trkpt lat="18.4214153" lon="79.4685857">
      </trkpt>
      <trkpt lat="18.4231947" lon="79.4675337">
      </trkpt>
      <trkpt lat="18.4235858" lon="79.4672984">
      </trkpt>
      <trkpt lat="18.424666" lon="79.4666631">
      </trkpt>
      <trkpt lat="18.425122" lon="79.4663902">
      </trkpt>
      <trkpt lat="18.4259456" lon="79.4658973">
      </trkpt>
      <trkpt lat="18.4307164" lon="79.463122">
      </trkpt>
      <trkpt lat="18.4319044" lon="79.4623956">
      </trkpt>
      <trkpt lat="18.4333322" lon="79.4615225">
      </trkpt>
      <trkpt lat="18.4354229" lon="79.460286">
      </trkpt>
      <trkpt lat="18.4387353" lon="79.4583213">
      </trkpt>
      <trkpt lat="18.4403767" lon="79.4573512">
      </trkpt>
      <trkpt lat="18.4418444" lon="79.4564882">
      </trkpt>
      <trkpt lat="18.4430886" lon="79.4558284">
      </trkpt>
      <trkpt lat="18.4446013" lon="79.4550738">
      </trkpt>
      <trkpt lat="18.4489593" lon="79.4529115">
      </trkpt>
      <trkpt lat="18.4502667" lon="79.4522453">
      </trkpt>
      <trkpt lat="18.4509624" lon="79.4519013">
      </trkpt>
      <trkpt lat="18.4531538" lon="79.4508111">
      </trkpt>
      <trkpt lat="18.456714" lon="79.4490337">
      </trkpt>
      <trkpt lat="18.4568952" lon="79.4489432">
      </trkpt>
      <trkpt lat="18.4593125" lon="79.4477598">
      </trkpt>
      <trkpt lat="18.4606386" lon="79.4470902">
      </trkpt>
      <trkpt lat="18.4611157" lon="79.4468148">
      </trkpt>
      <trkpt lat="18.4617252" lon="79.4464311">
      </trkpt>
      <trkpt lat="18.4623955" lon="79.445952">
      </trkpt>
      <trkpt lat="18.4633271" lon="79.4452122">
      </trkpt>
      <trkpt lat="18.4643318" lon="79.4444247">
      </trkpt>
      <trkpt lat="18.4691987" lon="79.4405421">
      </trkpt>
      <trkpt lat="18.4730861" lon="79.4374416">
      </trkpt>
      <trkpt lat="18.4753022" lon="79.4356803">
      </trkpt>
      <trkpt lat="18.4810113" lon="79.4311339">
      </trkpt>
      <trkpt lat="18.4828285" lon="79.4296868">
      </trkpt>
      <trkpt lat="18.4865445" lon="79.4267276">
      </trkpt>
      <trkpt lat="18.4884763" lon="79.425181">
      </trkpt>
      <trkpt lat="18.4884945" lon="79.4251664">
      </trkpt>
      <trkpt lat="18.4895757" lon="79.4242944">
      </trkpt>
      <trkpt lat="18.4905019" lon="79.4235656">
      </trkpt>
      <trkpt lat="18.4915273" lon="79.4227579">
      </trkpt>
      <trkpt lat="18.4925505" lon="79.4219333">
      </trkpt>
      <trkpt lat="18.4929897" lon="79.4215793">
      </trkpt>
      <trkpt lat="18.4940709" lon="79.4207147">
      </trkpt>
      <trkpt lat="18.4950806" lon="79.4199069">
      </trkpt>
      <trkpt lat="18.4961217" lon="79.4190717">
      </trkpt>
      <trkpt lat="18.4976589" lon="79.4178564">
      </trkpt>
      <trkpt lat="18.4983362" lon="79.4173153">
      </trkpt>
      <trkpt lat="18.4986721" lon="79.4170468">
      </trkpt>
      <trkpt lat="18.4997636" lon="79.4161795">
      </trkpt>
      <trkpt lat="18.5008656" lon="79.4152937">
      </trkpt>
      <trkpt lat="18.5024574" lon="79.4141678">
      </trkpt>
      <trkpt lat="18.5031349" lon="79.4137642">
      </trkpt>
      <trkpt lat="18.5036657" lon="79.4134857">
      </trkpt>
      <trkpt lat="18.5041407" lon="79.4132527">
      </trkpt>
      <trkpt lat="18.5047431" lon="79.412987">
      </trkpt>
      <trkpt lat="18.5052963" lon="79.4127843">
      </trkpt>
      <trkpt lat="18.5064169" lon="79.4124169">
      </trkpt>
      <trkpt lat="18.5075699" lon="79.4121025">
      </trkpt>
      <trkpt lat="18.5115987" lon="79.411007">
      </trkpt>
      <trkpt lat="18.513685" lon="79.4104376">
      </trkpt>
      <trkpt lat="18.5170832" lon="79.4095223">
      </trkpt>
      <trkpt lat="18.5224855" lon="79.4080602">
      </trkpt>
      <trkpt lat="18.5259851" lon="79.4071129">
      </trkpt>
      <trkpt lat="18.5264514" lon="79.4069847">
      </trkpt>
      <trkpt lat="18.5307101" lon="79.4058311">
      </trkpt>
      <trkpt lat="18.5333311" lon="79.4051173">
      </trkpt>
      <trkpt lat="18.5344781" lon="79.4048048">
      </trkpt>
      <trkpt lat="18.5356435" lon="79.4044999">
      </trkpt>
      <trkpt lat="18.5367729" lon="79.4041874">
      </trkpt>
      <trkpt lat="18.5379508" lon="79.4038711">
      </trkpt>
      <trkpt lat="18.5394994" lon="79.4034608">
      </trkpt>
      <trkpt lat="18.5415607" lon="79.4028973">
      </trkpt>
      <trkpt lat="18.5429481" lon="79.4025196">
      </trkpt>
      <trkpt lat="18.5449087" lon="79.4019847">
      </trkpt>
      <trkpt lat="18.5455105" lon="79.4018026">
      </trkpt>
      <trkpt lat="18.5462683" lon="79.4015719">
      </trkpt>
      <trkpt lat="18.5465847" lon="79.4014785">
      </trkpt>
      <trkpt lat="18.5491926" lon="79.4006731">
      </trkpt>
      <trkpt lat="18.5498778" lon="79.4004538">
      </trkpt>
      <trkpt lat="18.5506539" lon="79.4002198">
      </trkpt>
      <trkpt lat="18.5527527" lon="79.3995738">
      </trkpt>
      <trkpt lat="18.5559769" lon="79.3985749">
      </trkpt>
      <trkpt lat="18.5588014" lon="79.3977101">
      </trkpt>
      <trkpt lat="18.5591301" lon="79.3976095">
      </trkpt>
      <trkpt lat="18.5591558" lon="79.3976016">
      </trkpt>
      <trkpt lat="18.5631788" lon="79.3963589">
      </trkpt>
      <trkpt lat="18.5651848" lon="79.3957366">
      </trkpt>
      <trkpt lat="18.5677591" lon="79.3949462">
      </trkpt>
      <trkpt lat="18.5683795" lon="79.3947611">
      </trkpt>
      <trkpt lat="18.574129" lon="79.3929815">
      </trkpt>
      <trkpt lat="18.5799028" lon="79.3912126">
      </trkpt>
      <trkpt lat="18.5818996" lon="79.3905986">
      </trkpt>
      <trkpt lat="18.5851406" lon="79.3895996">
      </trkpt>
      <trkpt lat="18.5902998" lon="79.3880077">
      </trkpt>
      <trkpt lat="18.590667" lon="79.387903">
      </trkpt>
      <trkpt lat="18.5909805" lon="79.387832">
      </trkpt>
      <trkpt lat="18.5915961" lon="79.3877262">
      </trkpt>
      <trkpt lat="18.59202" lon="79.387674">
      </trkpt>
      <trkpt lat="18.5925658" lon="79.3876258">
      </trkpt>
      <trkpt lat="18.5931154" lon="79.387603">
      </trkpt>
      <trkpt lat="18.5939112" lon="79.3876164">
      </trkpt>
      <trkpt lat="18.594683" lon="79.3877034">
      </trkpt>
      <trkpt lat="18.5951117" lon="79.3877851">
      </trkpt>
      <trkpt lat="18.5956663" lon="79.3879015">
      </trkpt>
      <trkpt lat="18.5965179" lon="79.388097">
      </trkpt>
      <trkpt lat="18.5972972" lon="79.3882952">
      </trkpt>
      <trkpt lat="18.5981222" lon="79.3884867">
      </trkpt>
      <trkpt lat="18.5989548" lon="79.3886903">
      </trkpt>
      <trkpt lat="18.6017772" lon="79.3893859">
      </trkpt>
      <trkpt lat="18.6038785" lon="79.3898854">
      </trkpt>
      <trkpt lat="18.6051858" lon="79.3902108">
      </trkpt>
      <trkpt lat="18.6070301" lon="79.3907145">
      </trkpt>
      <trkpt lat="18.6088899" lon="79.3911722">
      </trkpt>
      <trkpt lat="18.6105995" lon="79.3915807">
      </trkpt>
      <trkpt lat="18.6135258" lon="79.3922941">
      </trkpt>
      <trkpt lat="18.6153703" lon="79.392724">
      </trkpt>
      <trkpt lat="18.6163283" lon="79.3929291">
      </trkpt>
      <trkpt lat="18.6176467" lon="79.3932601">
      </trkpt>
      <trkpt lat="18.6185646" lon="79.3934696">
      </trkpt>
      <trkpt lat="18.6191926" lon="79.3936092">
      </trkpt>
      <trkpt lat="18.6201338" lon="79.3938104">
      </trkpt>
      <trkpt lat="18.6240697" lon="79.3947534">
      </trkpt>
      <trkpt lat="18.6262134" lon="79.3952712">
      </trkpt>
      <trkpt lat="18.6283568" lon="79.3957805">
      </trkpt>
      <trkpt lat="18.6333101" lon="79.3969709">
      </trkpt>
      <trkpt lat="18.6354864" lon="79.3974944">
      </trkpt>
      <trkpt lat="18.6409264" lon="79.3988031">
      </trkpt>
      <trkpt lat="18.6435088" lon="79.3994446">
      </trkpt>
      <trkpt lat="18.6457082" lon="79.3999746">
      </trkpt>
      <trkpt lat="18.6480979" lon="79.4005394">
      </trkpt>
      <trkpt lat="18.6532001" lon="79.4017832">
      </trkpt>
      <trkpt lat="18.6551124" lon="79.4022422">
      </trkpt>
      <trkpt lat="18.6599694" lon="79.403407">
      </trkpt>
      <trkpt lat="18.6679074" lon="79.4053166">
      </trkpt>
      <trkpt lat="18.671674" lon="79.4062172">
      </trkpt>
      <trkpt lat="18.672507" lon="79.4064448">
      </trkpt>
      <trkpt lat="18.6730665" lon="79.4066209">
      </trkpt>
      <trkpt lat="18.6736229" lon="79.4068137">
      </trkpt>
      <trkpt lat="18.6740993" lon="79.4069847">
      </trkpt>
      <trkpt lat="18.6746991" lon="79.4072123">
      </trkpt>
      <trkpt lat="18.6752373" lon="79.4074416">
      </trkpt>
      <trkpt lat="18.6757578" lon="79.4076901">
      </trkpt>
      <trkpt lat="18.6761905" lon="79.4079072">
      </trkpt>
      <trkpt lat="18.676911" lon="79.4082998">
      </trkpt>
      <trkpt lat="18.6769798" lon="79.4083372">
      </trkpt>
      <trkpt lat="18.677715" lon="79.408784">
      </trkpt>
      <trkpt lat="18.6785689" lon="79.409346">
      </trkpt>
      <trkpt lat="18.6791514" lon="79.4097687">
      </trkpt>
      <trkpt lat="18.6813023" lon="79.4114417">
      </trkpt>
      <trkpt lat="18.6861813" lon="79.4152309">
      </trkpt>
      <trkpt lat="18.6886831" lon="79.4172063">
      </trkpt>
      <trkpt lat="18.6937076" lon="79.4211737">
      </trkpt>
      <trkpt lat="18.6949617" lon="79.4221421">
      </trkpt>
      <trkpt lat="18.6953877" lon="79.4224505">
      </trkpt>
      <trkpt lat="18.6966618" lon="79.4232952">
      </trkpt>
      <trkpt lat="18.6979269" lon="79.4239518">
      </trkpt>
      <trkpt lat="18.6989434" lon="79.424409">
      </trkpt>
      <trkpt lat="18.6995956" lon="79.4246459">
      </trkpt>
      <trkpt lat="18.7001444" lon="79.424833">
      </trkpt>
      <trkpt lat="18.7006111" lon="79.4249641">
      </trkpt>
      <trkpt lat="18.701146" lon="79.4250803">
      </trkpt>
      <trkpt lat="18.7019061" lon="79.4252476">
      </trkpt>
      <trkpt lat="18.702442" lon="79.4253302">
      </trkpt>
      <trkpt lat="18.7030941" lon="79.4254114">
      </trkpt>
      <trkpt lat="18.7035678" lon="79.4254447">
      </trkpt>
      <trkpt lat="18.7070136" lon="79.4256197">
      </trkpt>
      <trkpt lat="18.7109352" lon="79.4258317">
      </trkpt>
      <trkpt lat="18.7150682" lon="79.4260323">
      </trkpt>
      <trkpt lat="18.7174747" lon="79.4261931">
      </trkpt>
      <trkpt lat="18.7185821" lon="79.4262515">
      </trkpt>
      <trkpt lat="18.7218261" lon="79.426425">
      </trkpt>
      <trkpt lat="18.7245806" lon="79.4265722">
      </trkpt>
      <trkpt lat="18.7259152" lon="79.4266462">
      </trkpt>
      <trkpt lat="18.72973" lon="79.4268718">
      </trkpt>
      <trkpt lat="18.7333136" lon="79.4270586">
      </trkpt>
      <trkpt lat="18.7340266" lon="79.427122">
      </trkpt>
      <trkpt lat="18.7348886" lon="79.4272546">
      </trkpt>
      <trkpt lat="18.7356491" lon="79.4274121">
      </trkpt>
      <trkpt lat="18.7395439" lon="79.4284276">
      </trkpt>
      <trkpt lat="18.7441318" lon="79.4296314">
      </trkpt>
      <trkpt lat="18.7473494" lon="79.4304627">
      </trkpt>
      <trkpt lat="18.7497934" lon="79.4310941">
      </trkpt>
      <trkpt lat="18.7528176" lon="79.4318751">
      </trkpt>
      <trkpt lat="18.7540929" lon="79.4322225">
      </trkpt>
      <trkpt lat="18.7559431" lon="79.4326973">
      </trkpt>
      <trkpt lat="18.7567376" lon="79.4329021">
      </trkpt>
      <trkpt lat="18.7573549" lon="79.433061">
      </trkpt>
      <trkpt lat="18.7574802" lon="79.433091">
      </trkpt>
      <trkpt lat="18.7588566" lon="79.4334492">
      </trkpt>
      <trkpt lat="18.7598969" lon="79.4337257">
      </trkpt>
      <trkpt lat="18.7607104" lon="79.4339419">
      </trkpt>
      <trkpt lat="18.7606937" lon="79.433977">
      </trkpt>
      <trkpt lat="18.7620086" lon="79.4343268">
      </trkpt>
      <trkpt lat="18.7636503" lon="79.4347604">
      </trkpt>
      <trkpt lat="18.764874" lon="79.4350818">
      </trkpt>
      <trkpt lat="18.7660683" lon="79.4353834">
      </trkpt>
      <trkpt lat="18.7669997" lon="79.4356236">
      </trkpt>
      <trkpt lat="18.7679869" lon="79.4358778">
      </trkpt>
      <trkpt lat="18.7681131" lon="79.4359097">
      </trkpt>
      <trkpt lat="18.7684041" lon="79.4359709">
      </trkpt>
      <trkpt lat="18.7686139" lon="79.4360196">
      </trkpt>
      <trkpt lat="18.7692793" lon="79.4361221">
      </trkpt>
      <trkpt lat="18.7699024" lon="79.4361909">
      </trkpt>
      <trkpt lat="18.7706125" lon="79.4362525">
      </trkpt>
      <trkpt lat="18.7712986" lon="79.436275">
      </trkpt>
      <trkpt lat="18.7722259" lon="79.4362509">
      </trkpt>
      <trkpt lat="18.7728828" lon="79.4362027">
      </trkpt>
      <trkpt lat="18.7735501" lon="79.4361168">
      </trkpt>
      <trkpt lat="18.7741828" lon="79.4360192">
      </trkpt>
      <trkpt lat="18.774334" lon="79.4360002">
      </trkpt>
      <trkpt lat="18.7746717" lon="79.4359347">
      </trkpt>
      <trkpt lat="18.775174" lon="79.4358113">
      </trkpt>
      <trkpt lat="18.7759038" lon="79.4356166">
      </trkpt>
      <trkpt lat="18.7770137" lon="79.4352767">
      </trkpt>
      <trkpt lat="18.7831452" lon="79.4333914">
      </trkpt>
      <trkpt lat="18.7867076" lon="79.432331">
      </trkpt>
      <trkpt lat="18.7956777" lon="79.4296404">
      </trkpt>
      <trkpt lat="18.795846" lon="79.4295674">
      </trkpt>
      <trkpt lat="18.7988066" lon="79.4286715">
      </trkpt>
      <trkpt lat="18.8003961" lon="79.4281887">
      </trkpt>
      <trkpt lat="18.8039712" lon="79.4271051">
      </trkpt>
      <trkpt lat="18.8050172" lon="79.4267886">
      </trkpt>
      <trkpt lat="18.8057891" lon="79.4266438">
      </trkpt>
      <trkpt lat="18.8064493" lon="79.4265419">
      </trkpt>
      <trkpt lat="18.8070688" lon="79.4264775">
      </trkpt>
      <trkpt lat="18.807668" lon="79.4264507">
      </trkpt>
      <trkpt lat="18.8087902" lon="79.4264507">
      </trkpt>
      <trkpt lat="18.8095824" lon="79.4265043">
      </trkpt>
      <trkpt lat="18.8103288" lon="79.4266223">
      </trkpt>
      <trkpt lat="18.8112885" lon="79.4268101">
      </trkpt>
      <trkpt lat="18.813147" lon="79.4271856">
      </trkpt>
      <trkpt lat="18.8166355" lon="79.427883">
      </trkpt>
      <trkpt lat="18.8190931" lon="79.4283658">
      </trkpt>
      <trkpt lat="18.8200375" lon="79.4285803">
      </trkpt>
      <trkpt lat="18.8207128" lon="79.4287735">
      </trkpt>
      <trkpt lat="18.8213749" lon="79.4289961">
      </trkpt>
      <trkpt lat="18.8222675" lon="79.4293749">
      </trkpt>
      <trkpt lat="18.8227184" lon="79.4295913">
      </trkpt>
      <trkpt lat="18.8231221" lon="79.4297776">
      </trkpt>
      <trkpt lat="18.823364" lon="79.4299051">
      </trkpt>
      <trkpt lat="18.8237186" lon="79.4300956">
      </trkpt>
      <trkpt lat="18.8241884" lon="79.430385">
      </trkpt>
      <trkpt lat="18.8246859" lon="79.4306883">
      </trkpt>
      <trkpt lat="18.8252455" lon="79.4310952">
      </trkpt>
      <trkpt lat="18.8298895" lon="79.4347159">
      </trkpt>
      <trkpt lat="18.8379705" lon="79.4410914">
      </trkpt>
      <trkpt lat="18.8464943" lon="79.4477576">
      </trkpt>
      <trkpt lat="18.8477956" lon="79.4487654">
      </trkpt>
      <trkpt lat="18.8487037" lon="79.4494455">
      </trkpt>
      <trkpt lat="18.8492556" lon="79.4497901">
      </trkpt>
      <trkpt lat="18.8497297" lon="79.4500607">
      </trkpt>
      <trkpt lat="18.8502555" lon="79.4502987">
      </trkpt>
      <trkpt lat="18.8511878" lon="79.4506791">
      </trkpt>
      <trkpt lat="18.852085" lon="79.4509614">
      </trkpt>
      <trkpt lat="18.852958" lon="79.4511587">
      </trkpt>
      <trkpt lat="18.8540588" lon="79.4512706">
      </trkpt>
      <trkpt lat="18.8547022" lon="79.4512837">
      </trkpt>
      <trkpt lat="18.8553528" lon="79.4512588">
      </trkpt>
      <trkpt lat="18.8563407" lon="79.4511647">
      </trkpt>
      <trkpt lat="18.857095" lon="79.4510828">
      </trkpt>
      <trkpt lat="18.8599595" lon="79.4506618">
      </trkpt>
      <trkpt lat="18.8622353" lon="79.4503583">
      </trkpt>
      <trkpt lat="18.8642346" lon="79.4500852">
      </trkpt>
      <trkpt lat="18.8651966" lon="79.4499449">
      </trkpt>
      <trkpt lat="18.8671636" lon="79.4496756">
      </trkpt>
      <trkpt lat="18.8690444" lon="79.44941">
      </trkpt>
      <trkpt lat="18.8701069" lon="79.4492621">
      </trkpt>
      <trkpt lat="18.8710809" lon="79.4491353">
      </trkpt>
      <trkpt lat="18.8728176" lon="79.4489045">
      </trkpt>
      <trkpt lat="18.8735562" lon="79.4488538">
      </trkpt>
      <trkpt lat="18.874181" lon="79.4488385">
      </trkpt>
      <trkpt lat="18.8745739" lon="79.4488355">
      </trkpt>
      <trkpt lat="18.8749487" lon="79.4488576">
      </trkpt>
      <trkpt lat="18.8750071" lon="79.4488613">
      </trkpt>
      <trkpt lat="18.8757158" lon="79.4489033">
      </trkpt>
      <trkpt lat="18.8763636" lon="79.4489916">
      </trkpt>
      <trkpt lat="18.88225" lon="79.4498679">
      </trkpt>
      <trkpt lat="18.8830518" lon="79.4499925">
      </trkpt>
      <trkpt lat="18.884376" lon="79.4501935">
      </trkpt>
      <trkpt lat="18.8844069" lon="79.4501982">
      </trkpt>
      <trkpt lat="18.8852249" lon="79.4503239">
      </trkpt>
      <trkpt lat="18.8858282" lon="79.4504046">
      </trkpt>
      <trkpt lat="18.8974401" lon="79.4521173">
      </trkpt>
      <trkpt lat="18.8994839" lon="79.4524353">
      </trkpt>
      <trkpt lat="18.9010381" lon="79.4527867">
      </trkpt>
      <trkpt lat="18.905811" lon="79.4539943">
      </trkpt>
      <trkpt lat="18.9069436" lon="79.4542681">
      </trkpt>
      <trkpt lat="18.9081316" lon="79.4545664">
      </trkpt>
      <trkpt lat="18.9103803" lon="79.4551274">
      </trkpt>
      <trkpt lat="18.9126432" lon="79.4556971">
      </trkpt>
      <trkpt lat="18.914888" lon="79.4562579">
      </trkpt>
      <trkpt lat="18.9174291" lon="79.4568885">
      </trkpt>
      <trkpt lat="18.9196013" lon="79.4574427">
      </trkpt>
      <trkpt lat="18.9216232" lon="79.4579483">
      </trkpt>
      <trkpt lat="18.9234573" lon="79.4584092">
      </trkpt>
      <trkpt lat="18.9292765" lon="79.4598559">
      </trkpt>
      <trkpt lat="18.9331387" lon="79.4608179">
      </trkpt>
      <trkpt lat="18.9368269" lon="79.4617289">
      </trkpt>
      <trkpt lat="18.9380063" lon="79.4620245">
      </trkpt>
      <trkpt lat="18.9419531" lon="79.4630339">
      </trkpt>
      <trkpt lat="18.944417" lon="79.4636726">
      </trkpt>
      <trkpt lat="18.9453874" lon="79.4639048">
      </trkpt>
      <trkpt lat="18.9464561" lon="79.4642145">
      </trkpt>
      <trkpt lat="18.9476097" lon="79.4645163">
      </trkpt>
      <trkpt lat="18.9477434" lon="79.4645492">
      </trkpt>
      <trkpt lat="18.9482494" lon="79.4646737">
      </trkpt>
      <trkpt lat="18.948477" lon="79.4647296">
      </trkpt>
      <trkpt lat="18.9556392" lon="79.4665323">
      </trkpt>
      <trkpt lat="18.9559035" lon="79.466586">
      </trkpt>
      <trkpt lat="18.9592586" lon="79.4674399">
      </trkpt>
      <trkpt lat="18.9620667" lon="79.468081">
      </trkpt>
      <trkpt lat="18.9654452" lon="79.4689271">
      </trkpt>
      <trkpt lat="18.9656162" lon="79.4689692">
      </trkpt>
      <trkpt lat="18.9658886" lon="79.4690373">
      </trkpt>
      <trkpt lat="18.9661361" lon="79.4690976">
      </trkpt>
      <trkpt lat="18.9667037" lon="79.4692358">
      </trkpt>
      <trkpt lat="18.970143" lon="79.4700738">
      </trkpt>
      <trkpt lat="18.973979" lon="79.4710275">
      </trkpt>
      <trkpt lat="18.9749013" lon="79.4712585">
      </trkpt>
      <trkpt lat="18.9758037" lon="79.4714791">
      </trkpt>
      <trkpt lat="18.9759252" lon="79.4715089">
      </trkpt>
      <trkpt lat="18.9778105" lon="79.471986">
      </trkpt>
      <trkpt lat="18.982856" lon="79.4732216">
      </trkpt>
      <trkpt lat="18.9893069" lon="79.4747772">
      </trkpt>
      <trkpt lat="18.9900106" lon="79.4749486">
      </trkpt>
      <trkpt lat="18.9914242" lon="79.4752833">
      </trkpt>
      <trkpt lat="18.9943575" lon="79.4760189">
      </trkpt>
      <trkpt lat="19.0009091" lon="79.4776322">
      </trkpt>
      <trkpt lat="19.0078668" lon="79.4793229">
      </trkpt>
      <trkpt lat="19.0095103" lon="79.4797107">
      </trkpt>
      <trkpt lat="19.0147088" lon="79.4809825">
      </trkpt>
      <trkpt lat="19.0169158" lon="79.4815129">
      </trkpt>
      <trkpt lat="19.0280672" lon="79.4842255">
      </trkpt>
      <trkpt lat="19.0344487" lon="79.4857496">
      </trkpt>
      <trkpt lat="19.040709" lon="79.487266">
      </trkpt>
      <trkpt lat="19.0413649" lon="79.4873848">
      </trkpt>
      <trkpt lat="19.0417659" lon="79.4874377">
      </trkpt>
      <trkpt lat="19.0422762" lon="79.4874762">
      </trkpt>
      <trkpt lat="19.0427793" lon="79.4875034">
      </trkpt>
      <trkpt lat="19.0433354" lon="79.4874895">
      </trkpt>
      <trkpt lat="19.0439464" lon="79.4874459">
      </trkpt>
      <trkpt lat="19.0443944" lon="79.4874096">
      </trkpt>
      <trkpt lat="19.0449202" lon="79.4873294">
      </trkpt>
      <trkpt lat="19.0474651" lon="79.4869105">
      </trkpt>
      <trkpt lat="19.047979" lon="79.4868233">
      </trkpt>
      <trkpt lat="19.0480773" lon="79.4868067">
      </trkpt>
      <trkpt lat="19.0489716" lon="79.4866666">
      </trkpt>
      <trkpt lat="19.0494892" lon="79.4866136">
      </trkpt>
      <trkpt lat="19.0500354" lon="79.4865304">
      </trkpt>
      <trkpt lat="19.0511939" lon="79.4863438">
      </trkpt>
      <trkpt lat="19.0525016" lon="79.486146">
      </trkpt>
      <trkpt lat="19.0541746" lon="79.4858803">
      </trkpt>
      <trkpt lat="19.0559229" lon="79.4856146">
      </trkpt>
      <trkpt lat="19.0567752" lon="79.4854824">
      </trkpt>
      <trkpt lat="19.059137" lon="79.4851159">
      </trkpt>
      <trkpt lat="19.0597844" lon="79.4850155">
      </trkpt>
      <trkpt lat="19.0601452" lon="79.484965">
      </trkpt>
      <trkpt lat="19.0619006" lon="79.4846824">
      </trkpt>
      <trkpt lat="19.0626617" lon="79.4845171">
      </trkpt>
      <trkpt lat="19.0627936" lon="79.4844886">
      </trkpt>
      <trkpt lat="19.0631709" lon="79.4843931">
      </trkpt>
      <trkpt lat="19.0635864" lon="79.4842646">
      </trkpt>
      <trkpt lat="19.066576" lon="79.4831759">
      </trkpt>
      <trkpt lat="19.0728943" lon="79.4808461">
      </trkpt>
      <trkpt lat="19.079255" lon="79.4784966">
      </trkpt>
      <trkpt lat="19.0831491" lon="79.4770491">
      </trkpt>
      <trkpt lat="19.0846713" lon="79.4764777">
      </trkpt>
      <trkpt lat="19.0859416" lon="79.4760009">
      </trkpt>
      <trkpt lat="19.0890675" lon="79.4748812">
      </trkpt>
      <trkpt lat="19.0907626" lon="79.4742501">
      </trkpt>
      <trkpt lat="19.0922866" lon="79.4736859">
      </trkpt>
      <trkpt lat="19.0930693" lon="79.4734052">
      </trkpt>
      <trkpt lat="19.0938691" lon="79.4731233">
      </trkpt>
      <trkpt lat="19.0954809" lon="79.4726332">
      </trkpt>
      <trkpt lat="19.0991924" lon="79.471692">
      </trkpt>
      <trkpt lat="19.1020665" lon="79.4709791">
      </trkpt>
      <trkpt lat="19.1054616" lon="79.4700881">
      </trkpt>
      <trkpt lat="19.1085609" lon="79.4693034">
      </trkpt>
      <trkpt lat="19.1098293" lon="79.4689487">
      </trkpt>
      <trkpt lat="19.1104273" lon="79.4687767">
      </trkpt>
      <trkpt lat="19.1110114" lon="79.4685349">
      </trkpt>
      <trkpt lat="19.1116125" lon="79.4682879">
      </trkpt>
      <trkpt lat="19.1120744" lon="79.4680817">
      </trkpt>
      <trkpt lat="19.1124946" lon="79.4678732">
      </trkpt>
      <trkpt lat="19.113396" lon="79.4674009">
      </trkpt>
      <trkpt lat="19.115259" lon="79.4664126">
      </trkpt>
      <trkpt lat="19.1189067" lon="79.46447">
      </trkpt>
      <trkpt lat="19.1253105" lon="79.4610567">
      </trkpt>
      <trkpt lat="19.1268433" lon="79.4601564">
      </trkpt>
      <trkpt lat="19.1269829" lon="79.4600747">
      </trkpt>
      <trkpt lat="19.128469" lon="79.4591524">
      </trkpt>
      <trkpt lat="19.1310442" lon="79.4575154">
      </trkpt>
      <trkpt lat="19.1343114" lon="79.4554931">
      </trkpt>
      <trkpt lat="19.1377631" lon="79.4533399">
      </trkpt>
      <trkpt lat="19.1406761" lon="79.4515021">
      </trkpt>
      <trkpt lat="19.1422959" lon="79.4505019">
      </trkpt>
      <trkpt lat="19.1424061" lon="79.4504339">
      </trkpt>
      <trkpt lat="19.1440105" lon="79.4494432">
      </trkpt>
      <trkpt lat="19.1448715" lon="79.4488969">
      </trkpt>
      <trkpt lat="19.1494009" lon="79.4460234">
      </trkpt>
      <trkpt lat="19.1495193" lon="79.4459483">
      </trkpt>
      <trkpt lat="19.1550332" lon="79.4424906">
      </trkpt>
      <trkpt lat="19.1573003" lon="79.4410628">
      </trkpt>
      <trkpt lat="19.1595621" lon="79.4396509">
      </trkpt>
      <trkpt lat="19.1619659" lon="79.4381471">
      </trkpt>
      <trkpt lat="19.1641268" lon="79.4367952">
      </trkpt>
      <trkpt lat="19.168725" lon="79.4339154">
      </trkpt>
      <trkpt lat="19.1710275" lon="79.432475">
      </trkpt>
      <trkpt lat="19.1716076" lon="79.4321284">
      </trkpt>
      <trkpt lat="19.1721848" lon="79.4318142">
      </trkpt>
      <trkpt lat="19.1722596" lon="79.4317801">
      </trkpt>
      <trkpt lat="19.173362" lon="79.4312771">
      </trkpt>
      <trkpt lat="19.174365" lon="79.4309132">
      </trkpt>
      <trkpt lat="19.1751277" lon="79.4306822">
      </trkpt>
      <trkpt lat="19.1759259" lon="79.4304889">
      </trkpt>
      <trkpt lat="19.1764835" lon="79.430373">
      </trkpt>
      <trkpt lat="19.1772164" lon="79.430263">
      </trkpt>
      <trkpt lat="19.1780325" lon="79.430197">
      </trkpt>
      <trkpt lat="19.1790601" lon="79.4301554">
      </trkpt>
      <trkpt lat="19.186211" lon="79.4301834">
      </trkpt>
      <trkpt lat="19.1872423" lon="79.4301874">
      </trkpt>
      <trkpt lat="19.1895697" lon="79.4301335">
      </trkpt>
      <trkpt lat="19.1896415" lon="79.4301332">
      </trkpt>
      <trkpt lat="19.1958099" lon="79.4301457">
      </trkpt>
      <trkpt lat="19.2000281" lon="79.4301791">
      </trkpt>
      <trkpt lat="19.2021612" lon="79.4301867">
      </trkpt>
      <trkpt lat="19.2033105" lon="79.4301174">
      </trkpt>
      <trkpt lat="19.2041905" lon="79.430044">
      </trkpt>
      <trkpt lat="19.2049969" lon="79.4299274">
      </trkpt>
      <trkpt lat="19.2057713" lon="79.4297719">
      </trkpt>
      <trkpt lat="19.2065338" lon="79.4295818">
      </trkpt>
      <trkpt lat="19.2072349" lon="79.4293666">
      </trkpt>
      <trkpt lat="19.2080178" lon="79.4290901">
      </trkpt>
      <trkpt lat="19.2086706" lon="79.4288262">
      </trkpt>
      <trkpt lat="19.2094331" lon="79.4284648">
      </trkpt>
      <trkpt lat="19.209573" lon="79.428386">
      </trkpt>
      <trkpt lat="19.2100696" lon="79.4281063">
      </trkpt>
      <trkpt lat="19.2154244" lon="79.4251025">
      </trkpt>
      <trkpt lat="19.2190288" lon="79.4230639">
      </trkpt>
      <trkpt lat="19.2207976" lon="79.4221041">
      </trkpt>
      <trkpt lat="19.2215968" lon="79.4217309">
      </trkpt>
      <trkpt lat="19.2222" lon="79.4214842">
      </trkpt>
      <trkpt lat="19.2241366" lon="79.4209637">
      </trkpt>
      <trkpt lat="19.2258558" lon="79.4206377">
      </trkpt>
      <trkpt lat="19.2279698" lon="79.4203604">
      </trkpt>
      <trkpt lat="19.2343414" lon="79.4197165">
      </trkpt>
      <trkpt lat="19.2360232" lon="79.4196258">
      </trkpt>
      <trkpt lat="19.2376336" lon="79.4194884">
      </trkpt>
      <trkpt lat="19.2396209" lon="79.4192075">
      </trkpt>
      <trkpt lat="19.2403437" lon="79.4191179">
      </trkpt>
      <trkpt lat="19.2423464" lon="79.4189374">
      </trkpt>
      <trkpt lat="19.243622" lon="79.4187396">
      </trkpt>
      <trkpt lat="19.2445236" lon="79.4185518">
      </trkpt>
      <trkpt lat="19.2462235" lon="79.4182226">
      </trkpt>
      <trkpt lat="19.2482258" lon="79.4179521">
      </trkpt>
      <trkpt lat="19.2493975" lon="79.4178284">
      </trkpt>
      <trkpt lat="19.2512366" lon="79.4175928">
      </trkpt>
      <trkpt lat="19.252376" lon="79.417466">
      </trkpt>
      <trkpt lat="19.2535114" lon="79.4173357">
      </trkpt>
      <trkpt lat="19.2616485" lon="79.4163571">
      </trkpt>
      <trkpt lat="19.2680905" lon="79.4156876">
      </trkpt>
      <trkpt lat="19.2722138" lon="79.4151917">
      </trkpt>
      <trkpt lat="19.2769976" lon="79.4146249">
      </trkpt>
      <trkpt lat="19.2799655" lon="79.4143027">
      </trkpt>
      <trkpt lat="19.2809408" lon="79.41424">
      </trkpt>
      <trkpt lat="19.2818741" lon="79.4142325">
      </trkpt>
      <trkpt lat="19.2827454" lon="79.414277">
      </trkpt>
      <trkpt lat="19.283514" lon="79.4143595">
      </trkpt>
      <trkpt lat="19.2849817" lon="79.4146707">
      </trkpt>
      <trkpt lat="19.2863264" lon="79.4150548">
      </trkpt>
      <trkpt lat="19.2872683" lon="79.4153956">
      </trkpt>
      <trkpt lat="19.2879626" lon="79.4156617">
      </trkpt>
      <trkpt lat="19.2948312" lon="79.4182337">
      </trkpt>
      <trkpt lat="19.2952498" lon="79.4183968">
      </trkpt>
      <trkpt lat="19.3002621" lon="79.42031">
      </trkpt>
      <trkpt lat="19.3064724" lon="79.422668">
      </trkpt>
      <trkpt lat="19.3110773" lon="79.4244073">
      </trkpt>
      <trkpt lat="19.3118352" lon="79.4247354">
      </trkpt>
      <trkpt lat="19.3120805" lon="79.4248511">
      </trkpt>
      <trkpt lat="19.3122311" lon="79.4249267">
      </trkpt>
      <trkpt lat="19.3128042" lon="79.4252442">
      </trkpt>
      <trkpt lat="19.3132563" lon="79.4255353">
      </trkpt>
      <trkpt lat="19.3137365" lon="79.4258722">
      </trkpt>
      <trkpt lat="19.3142563" lon="79.426246">
      </trkpt>
      <trkpt lat="19.3146383" lon="79.4265937">
      </trkpt>
      <trkpt lat="19.3147657" lon="79.4267133">
      </trkpt>
      <trkpt lat="19.3152463" lon="79.4271694">
      </trkpt>
      <trkpt lat="19.3159529" lon="79.4280186">
      </trkpt>
      <trkpt lat="19.3168338" lon="79.4293475">
      </trkpt>
      <trkpt lat="19.3180267" lon="79.431157">
      </trkpt>
      <trkpt lat="19.318861" lon="79.4324814">
      </trkpt>
      <trkpt lat="19.3197083" lon="79.4339173">
      </trkpt>
      <trkpt lat="19.3202497" lon="79.434705">
      </trkpt>
      <trkpt lat="19.3207972" lon="79.4354213">
      </trkpt>
      <trkpt lat="19.3218042" lon="79.436634">
      </trkpt>
      <trkpt lat="19.3231378" lon="79.4382039">
      </trkpt>
      <trkpt lat="19.3255199" lon="79.4411422">
      </trkpt>
      <trkpt lat="19.3260735" lon="79.4418585">
      </trkpt>
      <trkpt lat="19.3266822" lon="79.4427499">
      </trkpt>
      <trkpt lat="19.3274703" lon="79.4443699">
      </trkpt>
      <trkpt lat="19.3277807" lon="79.4451093">
      </trkpt>
      <trkpt lat="19.3280804" lon="79.4461044">
      </trkpt>
      <trkpt lat="19.3285637" lon="79.4478968">
      </trkpt>
      <trkpt lat="19.3294314" lon="79.4514126">
      </trkpt>
      <trkpt lat="19.3297452" lon="79.4526655">
      </trkpt>
      <trkpt lat="19.330051" lon="79.4541436">
      </trkpt>
      <trkpt lat="19.3303936" lon="79.4556216">
      </trkpt>
      <trkpt lat="19.330678" lon="79.4567852">
      </trkpt>
      <trkpt lat="19.3320146" lon="79.4621723">
      </trkpt>
      <trkpt lat="19.3334114" lon="79.4678071">
      </trkpt>
      <trkpt lat="19.3335085" lon="79.4681848">
      </trkpt>
      <trkpt lat="19.3346958" lon="79.4729557">
      </trkpt>
      <trkpt lat="19.3349691" lon="79.4741281">
      </trkpt>
      <trkpt lat="19.3352443" lon="79.4751199">
      </trkpt>
      <trkpt lat="19.3358499" lon="79.476773">
      </trkpt>
      <trkpt lat="19.3362948" lon="79.4777503">
      </trkpt>
      <trkpt lat="19.3369133" lon="79.4788596">
      </trkpt>
      <trkpt lat="19.3374237" lon="79.4796801">
      </trkpt>
      <trkpt lat="19.3380739" lon="79.4805787">
      </trkpt>
      <trkpt lat="19.3390079" lon="79.4816607">
      </trkpt>
      <trkpt lat="19.3397356" lon="79.482426">
      </trkpt>
      <trkpt lat="19.3398454" lon="79.4825387">
      </trkpt>
      <trkpt lat="19.3415642" lon="79.4843021">
      </trkpt>
      <trkpt lat="19.3418861" lon="79.4846476">
      </trkpt>
      <trkpt lat="19.3423883" lon="79.485217">
      </trkpt>
      <trkpt lat="19.3435388" lon="79.4866012">
      </trkpt>
      <trkpt lat="19.3439367" lon="79.4870375">
      </trkpt>
      <trkpt lat="19.3443533" lon="79.487582">
      </trkpt>
      <trkpt lat="19.3452043" lon="79.4886384">
      </trkpt>
      <trkpt lat="19.3459109" lon="79.489529">
      </trkpt>
      <trkpt lat="19.3463159" lon="79.4900452">
      </trkpt>
      <trkpt lat="19.3478801" lon="79.4919618">
      </trkpt>
      <trkpt lat="19.348141" lon="79.4922926">
      </trkpt>
      <trkpt lat="19.3482622" lon="79.492437">
      </trkpt>
      <trkpt lat="19.3484885" lon="79.492708">
      </trkpt>
      <trkpt lat="19.3488537" lon="79.4932653">
      </trkpt>
      <trkpt lat="19.3499786" lon="79.4945963">
      </trkpt>
      <trkpt lat="19.3510847" lon="79.4960237">
      </trkpt>
      <trkpt lat="19.351571" lon="79.4966836">
      </trkpt>
      <trkpt lat="19.3518015" lon="79.4969944">
      </trkpt>
      <trkpt lat="19.3525037" lon="79.4978846">
      </trkpt>
      <trkpt lat="19.3540579" lon="79.4998309">
      </trkpt>
      <trkpt lat="19.3553459" lon="79.5014072">
      </trkpt>
      <trkpt lat="19.356562" lon="79.5026559">
      </trkpt>
      <trkpt lat="19.3577677" lon="79.5036418">
      </trkpt>
      <trkpt lat="19.3592539" lon="79.5046383">
      </trkpt>
      <trkpt lat="19.3607169" lon="79.5054566">
      </trkpt>
      <trkpt lat="19.3623662" lon="79.5064399">
      </trkpt>
      <trkpt lat="19.3626931" lon="79.5066508">
      </trkpt>
      <trkpt lat="19.3637292" lon="79.507409">
      </trkpt>
      <trkpt lat="19.3645423" lon="79.5080746">
      </trkpt>
      <trkpt lat="19.3654329" lon="79.5089235">
      </trkpt>
      <trkpt lat="19.3664477" lon="79.5101258">
      </trkpt>
      <trkpt lat="19.3694433" lon="79.5137172">
      </trkpt>
      <trkpt lat="19.3717032" lon="79.5164314">
      </trkpt>
      <trkpt lat="19.3730595" lon="79.5180614">
      </trkpt>
      <trkpt lat="19.3736638" lon="79.5187518">
      </trkpt>
      <trkpt lat="19.3741532" lon="79.5192155">
      </trkpt>
      <trkpt lat="19.3750445" lon="79.519938">
      </trkpt>
      <trkpt lat="19.375857" lon="79.5204505">
      </trkpt>
      <trkpt lat="19.3767433" lon="79.5208206">
      </trkpt>
      <trkpt lat="19.3778936" lon="79.5211161">
      </trkpt>
      <trkpt lat="19.3788975" lon="79.5212168">
      </trkpt>
      <trkpt lat="19.3796898" lon="79.5211954">
      </trkpt>
      <trkpt lat="19.3809924" lon="79.5211029">
      </trkpt>
      <trkpt lat="19.3835371" lon="79.5208111">
      </trkpt>
      <trkpt lat="19.3860683" lon="79.520562">
      </trkpt>
      <trkpt lat="19.3875924" lon="79.5205762">
      </trkpt>
      <trkpt lat="19.3885636" lon="79.5206677">
      </trkpt>
      <trkpt lat="19.3899424" lon="79.5209107">
      </trkpt>
      <trkpt lat="19.3915403" lon="79.5213591">
      </trkpt>
      <trkpt lat="19.3936464" lon="79.5222266">
      </trkpt>
      <trkpt lat="19.395629" lon="79.5234233">
      </trkpt>
      <trkpt lat="19.3978296" lon="79.5247963">
      </trkpt>
      <trkpt lat="19.4073378" lon="79.530727">
      </trkpt>
      <trkpt lat="19.4120578" lon="79.5336617">
      </trkpt>
      <trkpt lat="19.4144391" lon="79.5351537">
      </trkpt>
      <trkpt lat="19.4157985" lon="79.5360007">
      </trkpt>
      <trkpt lat="19.4165268" lon="79.5364206">
      </trkpt>
      <trkpt lat="19.4170817" lon="79.5366912">
      </trkpt>
      <trkpt lat="19.4175571" lon="79.5368851">
      </trkpt>
      <trkpt lat="19.4181291" lon="79.5371116">
      </trkpt>
      <trkpt lat="19.4188007" lon="79.5373154">
      </trkpt>
      <trkpt lat="19.4193585" lon="79.5374639">
      </trkpt>
      <trkpt lat="19.4199545" lon="79.5375499">
      </trkpt>
      <trkpt lat="19.4205989" lon="79.5376406">
      </trkpt>
      <trkpt lat="19.4211727" lon="79.5376706">
      </trkpt>
      <trkpt lat="19.4218079" lon="79.5376611">
      </trkpt>
      <trkpt lat="19.4229114" lon="79.537548">
      </trkpt>
      <trkpt lat="19.423697" lon="79.5373945">
      </trkpt>
      <trkpt lat="19.4240418" lon="79.5373087">
      </trkpt>
      <trkpt lat="19.4242428" lon="79.5372586">
      </trkpt>
      <trkpt lat="19.425344" lon="79.5369114">
      </trkpt>
      <trkpt lat="19.4286408" lon="79.5358306">
      </trkpt>
      <trkpt lat="19.4303326" lon="79.5355207">
      </trkpt>
      <trkpt lat="19.4316521" lon="79.5354452">
      </trkpt>
      <trkpt lat="19.4330475" lon="79.5356012">
      </trkpt>
      <trkpt lat="19.4341201" lon="79.535868">
      </trkpt>
      <trkpt lat="19.4349086" lon="79.5361412">
      </trkpt>
      <trkpt lat="19.4353921" lon="79.536336">
      </trkpt>
      <trkpt lat="19.4359664" lon="79.5366028">
      </trkpt>
      <trkpt lat="19.4368777" lon="79.5371363">
      </trkpt>
      <trkpt lat="19.4386454" lon="79.538391">
      </trkpt>
      <trkpt lat="19.4418658" lon="79.5407243">
      </trkpt>
      <trkpt lat="19.4435706" lon="79.5419308">
      </trkpt>
      <trkpt lat="19.4443861" lon="79.5425536">
      </trkpt>
      <trkpt lat="19.4450579" lon="79.5431759">
      </trkpt>
      <trkpt lat="19.4458559" lon="79.54397">
      </trkpt>
      <trkpt lat="19.4463795" lon="79.5445714">
      </trkpt>
      <trkpt lat="19.4471077" lon="79.5455181">
      </trkpt>
      <trkpt lat="19.448101" lon="79.5469665">
      </trkpt>
      <trkpt lat="19.4506357" lon="79.5507">
      </trkpt>
      <trkpt lat="19.4516077" lon="79.5520272">
      </trkpt>
      <trkpt lat="19.4525507" lon="79.5530735">
      </trkpt>
      <trkpt lat="19.454346" lon="79.5547675">
      </trkpt>
      <trkpt lat="19.4570696" lon="79.55719">
      </trkpt>
      <trkpt lat="19.4573442" lon="79.5574325">
      </trkpt>
      <trkpt lat="19.4634145" lon="79.5629772">
      </trkpt>
      <trkpt lat="19.4647444" lon="79.5639985">
      </trkpt>
      <trkpt lat="19.4657616" lon="79.5645603">
      </trkpt>
      <trkpt lat="19.4668823" lon="79.5649732">
      </trkpt>
      <trkpt lat="19.4678084" lon="79.5651796">
      </trkpt>
      <trkpt lat="19.46856" lon="79.5653148">
      </trkpt>
      <trkpt lat="19.4696768" lon="79.5653639">
      </trkpt>
      <trkpt lat="19.4707544" lon="79.5652436">
      </trkpt>
      <trkpt lat="19.4715395" lon="79.5650799">
      </trkpt>
      <trkpt lat="19.4725327" lon="79.5647881">
      </trkpt>
      <trkpt lat="19.4736834" lon="79.5642678">
      </trkpt>
      <trkpt lat="19.4748291" lon="79.5634788">
      </trkpt>
      <trkpt lat="19.4762715" lon="79.5623909">
      </trkpt>
      <trkpt lat="19.4827908" lon="79.5575036">
      </trkpt>
      <trkpt lat="19.488557" lon="79.5532476">
      </trkpt>
      <trkpt lat="19.490341" lon="79.5520623">
      </trkpt>
      <trkpt lat="19.4920128" lon="79.550826">
      </trkpt>
      <trkpt lat="19.5055818" lon="79.5406597">
      </trkpt>
      <trkpt lat="19.5069882" lon="79.5396053">
      </trkpt>
      <trkpt lat="19.5082879" lon="79.5385412">
      </trkpt>
      <trkpt lat="19.5084284" lon="79.5384184">
      </trkpt>
      <trkpt lat="19.5092898" lon="79.5376025">
      </trkpt>
      <trkpt lat="19.5099976" lon="79.5367947">
      </trkpt>
      <trkpt lat="19.5107188" lon="79.5358658">
      </trkpt>
      <trkpt lat="19.5117982" lon="79.5343565">
      </trkpt>
      <trkpt lat="19.5134512" lon="79.5320886">
      </trkpt>
      <trkpt lat="19.5135294" lon="79.5319819">
      </trkpt>
      <trkpt lat="19.5141857" lon="79.5311242">
      </trkpt>
      <trkpt lat="19.5166445" lon="79.5277362">
      </trkpt>
      <trkpt lat="19.5173473" lon="79.5269109">
      </trkpt>
      <trkpt lat="19.5181482" lon="79.5260642">
      </trkpt>
      <trkpt lat="19.5196757" lon="79.5246399">
      </trkpt>
      <trkpt lat="19.520526" lon="79.5238279">
      </trkpt>
      <trkpt lat="19.5212328" lon="79.5230176">
      </trkpt>
      <trkpt lat="19.521987" lon="79.5219607">
      </trkpt>
      <trkpt lat="19.5225144" lon="79.5209489">
      </trkpt>
      <trkpt lat="19.5229168" lon="79.5200481">
      </trkpt>
      <trkpt lat="19.5232726" lon="79.5189862">
      </trkpt>
      <trkpt lat="19.5235335" lon="79.5178638">
      </trkpt>
      <trkpt lat="19.5236671" lon="79.5168237">
      </trkpt>
      <trkpt lat="19.5236947" lon="79.5157047">
      </trkpt>
      <trkpt lat="19.5235951" lon="79.5143508">
      </trkpt>
      <trkpt lat="19.5234152" lon="79.5125677">
      </trkpt>
      <trkpt lat="19.5232536" lon="79.5108127">
      </trkpt>
      <trkpt lat="19.5232583" lon="79.5095141">
      </trkpt>
      <trkpt lat="19.5233574" lon="79.5083837">
      </trkpt>
      <trkpt lat="19.5235524" lon="79.5074456">
      </trkpt>
      <trkpt lat="19.523875" lon="79.506278">
      </trkpt>
      <trkpt lat="19.5245818" lon="79.5044107">
      </trkpt>
      <trkpt lat="19.5257966" lon="79.5012384">
      </trkpt>
      <trkpt lat="19.5270891" lon="79.4978951">
      </trkpt>
      <trkpt lat="19.5278955" lon="79.4958216">
      </trkpt>
      <trkpt lat="19.5283326" lon="79.4943577">
      </trkpt>
      <trkpt lat="19.5286829" lon="79.4927213">
      </trkpt>
      <trkpt lat="19.5287458" lon="79.4917173">
      </trkpt>
      <trkpt lat="19.5289165" lon="79.4893566">
      </trkpt>
      <trkpt lat="19.5290909" lon="79.4876697">
      </trkpt>
      <trkpt lat="19.529202" lon="79.4869623">
      </trkpt>
      <trkpt lat="19.5296946" lon="79.4856625">
      </trkpt>
      <trkpt lat="19.5301077" lon="79.484784">
      </trkpt>
      <trkpt lat="19.5304126" lon="79.4842562">
      </trkpt>
      <trkpt lat="19.530909" lon="79.4835586">
      </trkpt>
      <trkpt lat="19.5317138" lon="79.4827728">
      </trkpt>
      <trkpt lat="19.5331065" lon="79.4816946">
      </trkpt>
      <trkpt lat="19.5372284" lon="79.4787495">
      </trkpt>
      <trkpt lat="19.5526867" lon="79.467764">
      </trkpt>
      <trkpt lat="19.560435" lon="79.4622882">
      </trkpt>
      <trkpt lat="19.5672212" lon="79.4574502">
      </trkpt>
      <trkpt lat="19.5681143" lon="79.456811">
      </trkpt>
      <trkpt lat="19.5691339" lon="79.4561366">
      </trkpt>
      <trkpt lat="19.5699733" lon="79.4556837">
      </trkpt>
      <trkpt lat="19.5708743" lon="79.4553012">
      </trkpt>
      <trkpt lat="19.5715974" lon="79.4550796">
      </trkpt>
      <trkpt lat="19.5727759" lon="79.454818">
      </trkpt>
      <trkpt lat="19.5739045" lon="79.4546922">
      </trkpt>
      <trkpt lat="19.5764276" lon="79.4545275">
      </trkpt>
      <trkpt lat="19.5781202" lon="79.4544003">
      </trkpt>
      <trkpt lat="19.5790306" lon="79.4542795">
      </trkpt>
      <trkpt lat="19.5796329" lon="79.4541587">
      </trkpt>
      <trkpt lat="19.5804627" lon="79.4539574">
      </trkpt>
      <trkpt lat="19.5812072" lon="79.4537309">
      </trkpt>
      <trkpt lat="19.5824586" lon="79.4532763">
      </trkpt>
      <trkpt lat="19.5911491" lon="79.4492749">
      </trkpt>
      <trkpt lat="19.6061814" lon="79.442353">
      </trkpt>
      <trkpt lat="19.6121969" lon="79.4397034">
      </trkpt>
      <trkpt lat="19.6180932" lon="79.4370199">
      </trkpt>
      <trkpt lat="19.6240315" lon="79.4342662">
      </trkpt>
      <trkpt lat="19.6270133" lon="79.4327865">
      </trkpt>
      <trkpt lat="19.6290186" lon="79.4318806">
      </trkpt>
      <trkpt lat="19.6297464" lon="79.4315564">
      </trkpt>
      <trkpt lat="19.6320342" lon="79.4305054">
      </trkpt>
      <trkpt lat="19.6332208" lon="79.4300321">
      </trkpt>
      <trkpt lat="19.633794" lon="79.4298506">
      </trkpt>
      <trkpt lat="19.6344665" lon="79.4297025">
      </trkpt>
      <trkpt lat="19.635185" lon="79.4296157">
      </trkpt>
      <trkpt lat="19.6357113" lon="79.4296051">
      </trkpt>
      <trkpt lat="19.6363615" lon="79.4296335">
      </trkpt>
      <trkpt lat="19.636918" lon="79.4297047">
      </trkpt>
      <trkpt lat="19.6378095" lon="79.4299147">
      </trkpt>
      <trkpt lat="19.6378129" lon="79.429916">
      </trkpt>
      <trkpt lat="19.6391126" lon="79.4303093">
      </trkpt>
      <trkpt lat="19.6408329" lon="79.4308684">
      </trkpt>
      <trkpt lat="19.642445" lon="79.4313665">
      </trkpt>
      <trkpt lat="19.644905" lon="79.4321369">
      </trkpt>
      <trkpt lat="19.6465138" lon="79.4326602">
      </trkpt>
      <trkpt lat="19.6481372" lon="79.4331308">
      </trkpt>
      <trkpt lat="19.6510994" lon="79.4339506">
      </trkpt>
      <trkpt lat="19.652301" lon="79.4343185">
      </trkpt>
      <trkpt lat="19.6556801" lon="79.4354511">
      </trkpt>
      <trkpt lat="19.6599952" lon="79.4368319">
      </trkpt>
      <trkpt lat="19.6639173" lon="79.4380609">
      </trkpt>
      <trkpt lat="19.6663177" lon="79.4388195">
      </trkpt>
      <trkpt lat="19.6695182" lon="79.4398058">
      </trkpt>
      <trkpt lat="19.6710112" lon="79.4402761">
      </trkpt>
      <trkpt lat="19.6722756" lon="79.4406403">
      </trkpt>
      <trkpt lat="19.6732686" lon="79.4408603">
      </trkpt>
      <trkpt lat="19.6742758" lon="79.4410044">
      </trkpt>
      <trkpt lat="19.6749759" lon="79.4410423">
      </trkpt>
      <trkpt lat="19.6768046" lon="79.4410803">
      </trkpt>
      <trkpt lat="19.6786048" lon="79.4410803">
      </trkpt>
      <trkpt lat="19.6803334" lon="79.441103">
      </trkpt>
      <trkpt lat="19.6816549" lon="79.4410423">
      </trkpt>
      <trkpt lat="19.6830622" lon="79.4409817">
      </trkpt>
      <trkpt lat="19.6839193" lon="79.4409513">
      </trkpt>
      <trkpt lat="19.6843865" lon="79.4409475">
      </trkpt>
      <trkpt lat="19.7007291" lon="79.4410837">
      </trkpt>
      <trkpt lat="19.7023005" lon="79.4411629">
      </trkpt>
      <trkpt lat="19.7034499" lon="79.4412712">
      </trkpt>
      <trkpt lat="19.7052215" lon="79.4413411">
      </trkpt>
      <trkpt lat="19.7146134" lon="79.4413857">
      </trkpt>
      <trkpt lat="19.7163131" lon="79.4413496">
      </trkpt>
      <trkpt lat="19.7173058" lon="79.4412869">
      </trkpt>
      <trkpt lat="19.723744" lon="79.4413422">
      </trkpt>
      <trkpt lat="19.7246108" lon="79.4412874">
      </trkpt>
      <trkpt lat="19.7255199" lon="79.4411846">
      </trkpt>
      <trkpt lat="19.7262507" lon="79.4410637">
      </trkpt>
      <trkpt lat="19.7268541" lon="79.4409158">
      </trkpt>
      <trkpt lat="19.727665" lon="79.4406933">
      </trkpt>
      <trkpt lat="19.7291406" lon="79.4402427">
      </trkpt>
      <trkpt lat="19.7323504" lon="79.43918">
      </trkpt>
      <trkpt lat="19.7340457" lon="79.4386683">
      </trkpt>
      <trkpt lat="19.7341037" lon="79.4386495">
      </trkpt>
      <trkpt lat="19.7344755" lon="79.438538">
      </trkpt>
      <trkpt lat="19.7345711" lon="79.4385097">
      </trkpt>
      <trkpt lat="19.7357215" lon="79.4381624">
      </trkpt>
      <trkpt lat="19.7437119" lon="79.4357099">
      </trkpt>
      <trkpt lat="19.7506817" lon="79.4335737">
      </trkpt>
      <trkpt lat="19.7528131" lon="79.432934">
      </trkpt>
      <trkpt lat="19.7597143" lon="79.4309427">
      </trkpt>
      <trkpt lat="19.7608094" lon="79.4305772">
      </trkpt>
      <trkpt lat="19.7615965" lon="79.4302546">
      </trkpt>
      <trkpt lat="19.7622925" lon="79.4298812">
      </trkpt>
      <trkpt lat="19.7628068" lon="79.4295615">
      </trkpt>
      <trkpt lat="19.763188" lon="79.4292795">
      </trkpt>
      <trkpt lat="19.7636197" lon="79.4289384">
      </trkpt>
      <trkpt lat="19.7640504" lon="79.4285452">
      </trkpt>
      <trkpt lat="19.764707" lon="79.4278922">
      </trkpt>
      <trkpt lat="19.7718339" lon="79.4209913">
      </trkpt>
      <trkpt lat="19.7723717" lon="79.4204213">
      </trkpt>
      <trkpt lat="19.7729651" lon="79.4197472">
      </trkpt>
      <trkpt lat="19.7757722" lon="79.4159464">
      </trkpt>
      <trkpt lat="19.7784006" lon="79.4122462">
      </trkpt>
      <trkpt lat="19.7798396" lon="79.4102659">
      </trkpt>
      <trkpt lat="19.7808668" lon="79.4086646">
      </trkpt>
      <trkpt lat="19.7831335" lon="79.4053941">
      </trkpt>
      <trkpt lat="19.7833465" lon="79.4050959">
      </trkpt>
      <trkpt lat="19.7847941" lon="79.4030695">
      </trkpt>
      <trkpt lat="19.7852409" lon="79.402444">
      </trkpt>
      <trkpt lat="19.7865822" lon="79.4005584">
      </trkpt>
      <trkpt lat="19.7880763" lon="79.3984676">
      </trkpt>
      <trkpt lat="19.7896574" lon="79.3962607">
      </trkpt>
      <trkpt lat="19.7916735" lon="79.3934628">
      </trkpt>
      <trkpt lat="19.7930551" lon="79.3915229">
      </trkpt>
      <trkpt lat="19.7934179" lon="79.3910135">
      </trkpt>
      <trkpt lat="19.7939995" lon="79.3901969">
      </trkpt>
      <trkpt lat="19.795468" lon="79.3881399">
      </trkpt>
      <trkpt lat="19.7961726" lon="79.3871294">
      </trkpt>
      <trkpt lat="19.7965716" lon="79.3865205">
      </trkpt>
      <trkpt lat="19.7969451" lon="79.3858303">
      </trkpt>
      <trkpt lat="19.7975181" lon="79.3844815">
      </trkpt>
      <trkpt lat="19.7993261" lon="79.380133">
      </trkpt>
      <trkpt lat="19.8002811" lon="79.377873">
      </trkpt>
      <trkpt lat="19.8007047" lon="79.3770502">
      </trkpt>
      <trkpt lat="19.8011758" lon="79.3762642">
      </trkpt>
      <trkpt lat="19.801754" lon="79.3755721">
      </trkpt>
      <trkpt lat="19.8022627" lon="79.3751728">
      </trkpt>
      <trkpt lat="19.805851" lon="79.3715837">
      </trkpt>
      <trkpt lat="19.8062547" lon="79.3712653">
      </trkpt>
      <trkpt lat="19.807238" lon="79.3706425">
      </trkpt>
      <trkpt lat="19.8078761" lon="79.3703518">
      </trkpt>
      <trkpt lat="19.8087747" lon="79.3700888">
      </trkpt>
      <trkpt lat="19.8093152" lon="79.369978">
      </trkpt>
      <trkpt lat="19.8100379" lon="79.3699296">
      </trkpt>
      <trkpt lat="19.8107021" lon="79.3699711">
      </trkpt>
      <trkpt lat="19.8112621" lon="79.3700888">
      </trkpt>
      <trkpt lat="19.8130319" lon="79.3706271">
      </trkpt>
      <trkpt lat="19.8169226" lon="79.3718066">
      </trkpt>
      <trkpt lat="19.8183187" lon="79.3722182">
      </trkpt>
      <trkpt lat="19.8186902" lon="79.372322">
      </trkpt>
      <trkpt lat="19.8192816" lon="79.3724625">
      </trkpt>
      <trkpt lat="19.8197085" lon="79.3725407">
      </trkpt>
      <trkpt lat="19.8201007" lon="79.3725899">
      </trkpt>
      <trkpt lat="19.8204817" lon="79.3726131">
      </trkpt>
      <trkpt lat="19.8246357" lon="79.3727889">
      </trkpt>
      <trkpt lat="19.8252381" lon="79.3727916">
      </trkpt>
      <trkpt lat="19.8258417" lon="79.3727535">
      </trkpt>
      <trkpt lat="19.8264434" lon="79.3726725">
      </trkpt>
      <trkpt lat="19.8270356" lon="79.3725462">
      </trkpt>
      <trkpt lat="19.8276134" lon="79.3723762">
      </trkpt>
      <trkpt lat="19.8281903" lon="79.3721553">
      </trkpt>
      <trkpt lat="19.8287066" lon="79.3719147">
      </trkpt>
      <trkpt lat="19.8292687" lon="79.3715924">
      </trkpt>
      <trkpt lat="19.8297113" lon="79.3712968">
      </trkpt>
      <trkpt lat="19.832324" lon="79.3693942">
      </trkpt>
      <trkpt lat="19.8341911" lon="79.3680424">
      </trkpt>
      <trkpt lat="19.8353769" lon="79.3671412">
      </trkpt>
      <trkpt lat="19.8357352" lon="79.3667978">
      </trkpt>
      <trkpt lat="19.8359875" lon="79.366535">
      </trkpt>
      <trkpt lat="19.8363458" lon="79.3660951">
      </trkpt>
      <trkpt lat="19.8365678" lon="79.3657464">
      </trkpt>
      <trkpt lat="19.8369665" lon="79.3649418">
      </trkpt>
      <trkpt lat="19.839603" lon="79.358416">
      </trkpt>
      <trkpt lat="19.8398578" lon="79.3578527">
      </trkpt>
      <trkpt lat="19.8401404" lon="79.3572867">
      </trkpt>
      <trkpt lat="19.8404687" lon="79.3567039">
      </trkpt>
      <trkpt lat="19.840758" lon="79.3562436">
      </trkpt>
      <trkpt lat="19.8411402" lon="79.3557056">
      </trkpt>
      <trkpt lat="19.8415278" lon="79.3552088">
      </trkpt>
      <trkpt lat="19.8418889" lon="79.3547926">
      </trkpt>
      <trkpt lat="19.8422508" lon="79.3544076">
      </trkpt>
      <trkpt lat="19.842787" lon="79.3538812">
      </trkpt>
      <trkpt lat="19.8452602" lon="79.3516707">
      </trkpt>
      <trkpt lat="19.8458323" lon="79.3511159">
      </trkpt>
      <trkpt lat="19.8472934" lon="79.3498125">
      </trkpt>
      <trkpt lat="19.8512459" lon="79.346292">
      </trkpt>
      <trkpt lat="19.8517991" lon="79.345801">
      </trkpt>
      <trkpt lat="19.8532348" lon="79.3445245">
      </trkpt>
      <trkpt lat="19.8542878" lon="79.3435814">
      </trkpt>
      <trkpt lat="19.8548537" lon="79.3430746">
      </trkpt>
      <trkpt lat="19.8555861" lon="79.3424268">
      </trkpt>
      <trkpt lat="19.8564349" lon="79.3417569">
      </trkpt>
      <trkpt lat="19.8568203" lon="79.3414911">
      </trkpt>
      <trkpt lat="19.858091" lon="79.3407215">
      </trkpt>
      <trkpt lat="19.8597383" lon="79.3399012">
      </trkpt>
      <trkpt lat="19.8602435" lon="79.3397129">
      </trkpt>
      <trkpt lat="19.8612693" lon="79.3393254">
      </trkpt>
      <trkpt lat="19.8617068" lon="79.3391482">
      </trkpt>
      <trkpt lat="19.8718871" lon="79.3339546">
      </trkpt>
      <trkpt lat="19.8729519" lon="79.3333993">
      </trkpt>
      <trkpt lat="19.8748423" lon="79.3324227">
      </trkpt>
      <trkpt lat="19.8764979" lon="79.3315801">
      </trkpt>
      <trkpt lat="19.8773577" lon="79.3311561">
      </trkpt>
      <trkpt lat="19.8783124" lon="79.3306458">
      </trkpt>
      <trkpt lat="19.8793602" lon="79.330106">
      </trkpt>
      <trkpt lat="19.8803356" lon="79.3296122">
      </trkpt>
      <trkpt lat="19.8813214" lon="79.3291037">
      </trkpt>
      <trkpt lat="19.8822518" lon="79.3286209">
      </trkpt>
      <trkpt lat="19.8830011" lon="79.3282336">
      </trkpt>
      <trkpt lat="19.8844031" lon="79.3275341">
      </trkpt>
      <trkpt lat="19.8854233" lon="79.3269944">
      </trkpt>
      <trkpt lat="19.8859619" lon="79.3266823">
      </trkpt>
      <trkpt lat="19.8864709" lon="79.3263572">
      </trkpt>
      <trkpt lat="19.8869127" lon="79.3260327">
      </trkpt>
      <trkpt lat="19.8877403" lon="79.3253135">
      </trkpt>
      <trkpt lat="19.8886168" lon="79.3245321">
      </trkpt>
      <trkpt lat="19.8890269" lon="79.3241661">
      </trkpt>
      <trkpt lat="19.8896323" lon="79.3236105">
      </trkpt>
      <trkpt lat="19.8898154" lon="79.3234417">
      </trkpt>
      <trkpt lat="19.8906454" lon="79.3226967">
      </trkpt>
      <trkpt lat="19.8917538" lon="79.3216894">
      </trkpt>
      <trkpt lat="19.8929548" lon="79.320612">
      </trkpt>
      <trkpt lat="19.8941242" lon="79.3195268">
      </trkpt>
      <trkpt lat="19.8953106" lon="79.3184728">
      </trkpt>
      <trkpt lat="19.8961772" lon="79.3176965">
      </trkpt>
      <trkpt lat="19.8969706" lon="79.3170579">
      </trkpt>
      <trkpt lat="19.8974032" lon="79.316741">
      </trkpt>
      <trkpt lat="19.897978" lon="79.3163954">
      </trkpt>
      <trkpt lat="19.8986351" lon="79.3160619">
      </trkpt>
      <trkpt lat="19.8992391" lon="79.3158051">
      </trkpt>
      <trkpt lat="19.8999694" lon="79.3155648">
      </trkpt>
      <trkpt lat="19.9007752" lon="79.315363">
      </trkpt>
      <trkpt lat="19.9013794" lon="79.3152394">
      </trkpt>
      <trkpt lat="19.9019607" lon="79.3151515">
      </trkpt>
      <trkpt lat="19.9139191" lon="79.313668">
      </trkpt>
      <trkpt lat="19.9167883" lon="79.3133028">
      </trkpt>
      <trkpt lat="19.9198634" lon="79.3129269">
      </trkpt>
      <trkpt lat="19.9204193" lon="79.3128551">
      </trkpt>
      <trkpt lat="19.92629" lon="79.3121311">
      </trkpt>
      <trkpt lat="19.9302184" lon="79.3116207">
      </trkpt>
      <trkpt lat="19.938595" lon="79.3105793">
      </trkpt>
      <trkpt lat="19.947072" lon="79.3096219">
      </trkpt>
      <trkpt lat="19.9475499" lon="79.3095639">
      </trkpt>
      <trkpt lat="19.9498058" lon="79.3092903">
      </trkpt>
      <trkpt lat="19.9502617" lon="79.309235">
      </trkpt>
      <trkpt lat="19.9510681" lon="79.3091305">
      </trkpt>
      <trkpt lat="19.9518749" lon="79.3089713">
      </trkpt>
      <trkpt lat="19.9527108" lon="79.3086803">
      </trkpt>
      <trkpt lat="19.9536199" lon="79.3081846">
      </trkpt>
      <trkpt lat="19.9543901" lon="79.3075524">
      </trkpt>
      <trkpt lat="19.9549568" lon="79.3069782">
      </trkpt>
      <trkpt lat="19.9560325" lon="79.3055326">
      </trkpt>
      <trkpt lat="19.9564747" lon="79.3049316">
      </trkpt>
      <trkpt lat="19.9573818" lon="79.3036988">
      </trkpt>
      <trkpt lat="19.9613609" lon="79.2983295">
      </trkpt>
      <trkpt lat="19.9620885" lon="79.2975314">
      </trkpt>
      <trkpt lat="19.9624578" lon="79.2970854">
      </trkpt>
      <trkpt lat="19.9632519" lon="79.2962828">
      </trkpt>
      <trkpt lat="19.9660738" lon="79.2944344">
      </trkpt>
      <trkpt lat="19.9673156" lon="79.2936209">
      </trkpt>
      <trkpt lat="19.9690329" lon="79.292391">
      </trkpt>
      <trkpt lat="19.9692822" lon="79.2921843">
      </trkpt>
      <trkpt lat="19.9699391" lon="79.2916398">
      </trkpt>
      <trkpt lat="19.9709166" lon="79.2907293">
      </trkpt>
      <trkpt lat="19.9764588" lon="79.2850143">
      </trkpt>
      <trkpt lat="19.9767011" lon="79.2847644">
      </trkpt>
      <trkpt lat="19.9783841" lon="79.2830407">
      </trkpt>
      <trkpt lat="19.9789629" lon="79.2824463">
      </trkpt>
      <trkpt lat="19.9790961" lon="79.2823114">
      </trkpt>
      <trkpt lat="19.9844653" lon="79.2768121">
      </trkpt>
      <trkpt lat="19.9854266" lon="79.2758276">
      </trkpt>
      <trkpt lat="19.988437" lon="79.2727444">
      </trkpt>
      <trkpt lat="19.9904475" lon="79.2707091">
      </trkpt>
      <trkpt lat="19.9905868" lon="79.2705663">
      </trkpt>
      <trkpt lat="19.9921966" lon="79.2689171">
      </trkpt>
      <trkpt lat="19.9929662" lon="79.2680693">
      </trkpt>
      <trkpt lat="19.9934574" lon="79.2674612">
      </trkpt>
      <trkpt lat="19.9940116" lon="79.266597">
      </trkpt>
      <trkpt lat="19.9947238" lon="79.2653199">
      </trkpt>
      <trkpt lat="19.9959445" lon="79.2630106">
      </trkpt>
      <trkpt lat="19.9983909" lon="79.257764">
      </trkpt>
      <trkpt lat="19.9997917" lon="79.2547298">
      </trkpt>
      <trkpt lat="20.0009042" lon="79.2522895">
      </trkpt>
      <trkpt lat="20.0027533" lon="79.2482863">
      </trkpt>
      <trkpt lat="20.0043585" lon="79.2447556">
      </trkpt>
      <trkpt lat="20.0062369" lon="79.2406433">
      </trkpt>
      <trkpt lat="20.0082226" lon="79.2363286">
      </trkpt>
      <trkpt lat="20.0105596" lon="79.2312506">
      </trkpt>
      <trkpt lat="20.0126491" lon="79.2266289">
      </trkpt>
      <trkpt lat="20.0128038" lon="79.2262868">
      </trkpt>
      <trkpt lat="20.0148967" lon="79.2217384">
      </trkpt>
      <trkpt lat="20.0169262" lon="79.217351">
      </trkpt>
      <trkpt lat="20.0187557" lon="79.2133062">
      </trkpt>
      <trkpt lat="20.0204827" lon="79.2094848">
      </trkpt>
      <trkpt lat="20.022356" lon="79.2054141">
      </trkpt>
      <trkpt lat="20.0235987" lon="79.2027323">
      </trkpt>
      <trkpt lat="20.0252177" lon="79.1993601">
      </trkpt>
      <trkpt lat="20.0263172" lon="79.1974845">
      </trkpt>
      <trkpt lat="20.0270221" lon="79.1964373">
      </trkpt>
      <trkpt lat="20.027705" lon="79.1954839">
      </trkpt>
      <trkpt lat="20.0282465" lon="79.1947981">
      </trkpt>
      <trkpt lat="20.028654" lon="79.1943234">
      </trkpt>
      <trkpt lat="20.0293179" lon="79.1935922">
      </trkpt>
      <trkpt lat="20.0293937" lon="79.1935087">
      </trkpt>
      <trkpt lat="20.0303831" lon="79.1924067">
      </trkpt>
      <trkpt lat="20.0312642" lon="79.1914181">
      </trkpt>
      <trkpt lat="20.0322536" lon="79.190328">
      </trkpt>
      <trkpt lat="20.0331989" lon="79.1892592">
      </trkpt>
      <trkpt lat="20.0342047" lon="79.1881046">
      </trkpt>
      <trkpt lat="20.0347632" lon="79.1874827">
      </trkpt>
      <trkpt lat="20.0364477" lon="79.1856038">
      </trkpt>
      <trkpt lat="20.0373747" lon="79.1845898">
      </trkpt>
      <trkpt lat="20.0380538" lon="79.1838141">
      </trkpt>
      <trkpt lat="20.0390101" lon="79.1827454">
      </trkpt>
      <trkpt lat="20.0393023" lon="79.1824213">
      </trkpt>
      <trkpt lat="20.0416499" lon="79.1798181">
      </trkpt>
      <trkpt lat="20.0438157" lon="79.1773798">
      </trkpt>
      <trkpt lat="20.0461687" lon="79.1747774">
      </trkpt>
      <trkpt lat="20.0482427" lon="79.1724407">
      </trkpt>
      <trkpt lat="20.0518735" lon="79.1683815">
      </trkpt>
      <trkpt lat="20.0534152" lon="79.1666629">
      </trkpt>
      <trkpt lat="20.054931" lon="79.1649608">
      </trkpt>
      <trkpt lat="20.0564675" lon="79.1632312">
      </trkpt>
      <trkpt lat="20.0573889" lon="79.1620541">
      </trkpt>
      <trkpt lat="20.0579313" lon="79.1613247">
      </trkpt>
      <trkpt lat="20.0586374" lon="79.1602823">
      </trkpt>
      <trkpt lat="20.059403" lon="79.1590997">
      </trkpt>
      <trkpt lat="20.0605917" lon="79.1569335">
      </trkpt>
      <trkpt lat="20.0619854" lon="79.1543722">
      </trkpt>
      <trkpt lat="20.063554" lon="79.1515428">
      </trkpt>
      <trkpt lat="20.0644095" lon="79.1499375">
      </trkpt>
      <trkpt lat="20.0658083" lon="79.1474011">
      </trkpt>
      <trkpt lat="20.0671449" lon="79.1449586">
      </trkpt>
      <trkpt lat="20.0683803" lon="79.1426846">
      </trkpt>
      <trkpt lat="20.0698258" lon="79.1400376">
      </trkpt>
      <trkpt lat="20.0710326" lon="79.1378023">
      </trkpt>
      <trkpt lat="20.0723614" lon="79.1353626">
      </trkpt>
      <trkpt lat="20.0737109" lon="79.1328703">
      </trkpt>
      <trkpt lat="20.0751953" lon="79.1301432">
      </trkpt>
      <trkpt lat="20.0759209" lon="79.1287999">
      </trkpt>
      <trkpt lat="20.0776008" lon="79.1257257">
      </trkpt>
      <trkpt lat="20.0795192" lon="79.1222523">
      </trkpt>
      <trkpt lat="20.0810199" lon="79.1194865">
      </trkpt>
      <trkpt lat="20.0815309" lon="79.1185448">
      </trkpt>
      <trkpt lat="20.0818141" lon="79.1180229">
      </trkpt>
      <trkpt lat="20.0821409" lon="79.1174281">
      </trkpt>
      <trkpt lat="20.0832032" lon="79.1154948">
      </trkpt>
      <trkpt lat="20.0844857" lon="79.1131341">
      </trkpt>
      <trkpt lat="20.0858803" lon="79.1106143">
      </trkpt>
      <trkpt lat="20.0860263" lon="79.1103419">
      </trkpt>
      <trkpt lat="20.086517" lon="79.1094264">
      </trkpt>
      <trkpt lat="20.0873389" lon="79.1078958">
      </trkpt>
      <trkpt lat="20.0881351" lon="79.1064173">
      </trkpt>
      <trkpt lat="20.0881779" lon="79.1063379">
      </trkpt>
      <trkpt lat="20.088325" lon="79.1061054">
      </trkpt>
      <trkpt lat="20.0895109" lon="79.104">
      </trkpt>
      <trkpt lat="20.0906319" lon="79.1022316">
      </trkpt>
      <trkpt lat="20.0933098" lon="79.0980208">
      </trkpt>
      <trkpt lat="20.0961474" lon="79.0935441">
      </trkpt>
      <trkpt lat="20.0961823" lon="79.0934894">
      </trkpt>
      <trkpt lat="20.0977443" lon="79.0910497">
      </trkpt>
      <trkpt lat="20.101953" lon="79.0844378">
      </trkpt>
      <trkpt lat="20.1056824" lon="79.0786042">
      </trkpt>
      <trkpt lat="20.1125858" lon="79.0676828">
      </trkpt>
      <trkpt lat="20.1135387" lon="79.0661747">
      </trkpt>
      <trkpt lat="20.1169766" lon="79.0607055">
      </trkpt>
      <trkpt lat="20.1176511" lon="79.0596487">
      </trkpt>
      <trkpt lat="20.1176986" lon="79.0595698">
      </trkpt>
      <trkpt lat="20.1187523" lon="79.0578672">
      </trkpt>
      <trkpt lat="20.119132" lon="79.0572635">
      </trkpt>
      <trkpt lat="20.1204778" lon="79.0553513">
      </trkpt>
      <trkpt lat="20.1211632" lon="79.0544538">
      </trkpt>
      <trkpt lat="20.121952" lon="79.0535472">
      </trkpt>
      <trkpt lat="20.1231152" lon="79.0524213">
      </trkpt>
      <trkpt lat="20.1243075" lon="79.0514255">
      </trkpt>
      <trkpt lat="20.1250325" lon="79.0508795">
      </trkpt>
      <trkpt lat="20.1257607" lon="79.0503659">
      </trkpt>
      <trkpt lat="20.1268523" lon="79.0497237">
      </trkpt>
      <trkpt lat="20.127976" lon="79.0491149">
      </trkpt>
      <trkpt lat="20.1312326" lon="79.0473934">
      </trkpt>
      <trkpt lat="20.1316743" lon="79.0471634">
      </trkpt>
      <trkpt lat="20.132707" lon="79.0466262">
      </trkpt>
      <trkpt lat="20.1334335" lon="79.0462403">
      </trkpt>
      <trkpt lat="20.1349284" lon="79.045444">
      </trkpt>
      <trkpt lat="20.1356079" lon="79.0450821">
      </trkpt>
      <trkpt lat="20.1361778" lon="79.0447817">
      </trkpt>
      <trkpt lat="20.1364284" lon="79.0446483">
      </trkpt>
      <trkpt lat="20.139541" lon="79.0429922">
      </trkpt>
      <trkpt lat="20.1422072" lon="79.0415964">
      </trkpt>
      <trkpt lat="20.1430628" lon="79.0411546">
      </trkpt>
      <trkpt lat="20.1437858" lon="79.0407631">
      </trkpt>
      <trkpt lat="20.1451792" lon="79.0400373">
      </trkpt>
      <trkpt lat="20.1456767" lon="79.0397779">
      </trkpt>
      <trkpt lat="20.1463979" lon="79.0393979">
      </trkpt>
      <trkpt lat="20.1469255" lon="79.0391069">
      </trkpt>
      <trkpt lat="20.149446" lon="79.0377586">
      </trkpt>
      <trkpt lat="20.1528075" lon="79.0359832">
      </trkpt>
      <trkpt lat="20.1562935" lon="79.0341478">
      </trkpt>
      <trkpt lat="20.1596768" lon="79.0323579">
      </trkpt>
      <trkpt lat="20.1626955" lon="79.0307561">
      </trkpt>
      <trkpt lat="20.164837" lon="79.0296276">
      </trkpt>
      <trkpt lat="20.1658138" lon="79.0291118">
      </trkpt>
      <trkpt lat="20.168952" lon="79.0274645">
      </trkpt>
      <trkpt lat="20.1722325" lon="79.0257292">
      </trkpt>
      <trkpt lat="20.173457" lon="79.0250891">
      </trkpt>
      <trkpt lat="20.1748609" lon="79.0243458">
      </trkpt>
      <trkpt lat="20.1764868" lon="79.0235085">
      </trkpt>
      <trkpt lat="20.1770193" lon="79.0232143">
      </trkpt>
      <trkpt lat="20.1779077" lon="79.0227622">
      </trkpt>
      <trkpt lat="20.1796655" lon="79.0218411">
      </trkpt>
      <trkpt lat="20.181836" lon="79.0207342">
      </trkpt>
      <trkpt lat="20.1829032" lon="79.0202408">
      </trkpt>
      <trkpt lat="20.1839381" lon="79.0198345">
      </trkpt>
      <trkpt lat="20.1850656" lon="79.0194269">
      </trkpt>
      <trkpt lat="20.1862676" lon="79.0190258">
      </trkpt>
      <trkpt lat="20.1872844" lon="79.0187705">
      </trkpt>
      <trkpt lat="20.1884098" lon="79.0184981">
      </trkpt>
      <trkpt lat="20.1897085" lon="79.0182471">
      </trkpt>
      <trkpt lat="20.1905742" lon="79.0181034">
      </trkpt>
      <trkpt lat="20.1910111" lon="79.0180626">
      </trkpt>
      <trkpt lat="20.1918509" lon="79.0179537">
      </trkpt>
      <trkpt lat="20.1930184" lon="79.0178781">
      </trkpt>
      <trkpt lat="20.1937787" lon="79.0178342">
      </trkpt>
      <trkpt lat="20.1950659" lon="79.0177902">
      </trkpt>
      <trkpt lat="20.2012188" lon="79.01757">
      </trkpt>
      <trkpt lat="20.2069221" lon="79.0173988">
      </trkpt>
      <trkpt lat="20.2122641" lon="79.0172204">
      </trkpt>
      <trkpt lat="20.212795" lon="79.0172174">
      </trkpt>
      <trkpt lat="20.2133715" lon="79.0172705">
      </trkpt>
      <trkpt lat="20.2140491" lon="79.0173812">
      </trkpt>
      <trkpt lat="20.2146" lon="79.0175193">
      </trkpt>
      <trkpt lat="20.2161729" lon="79.017988">
      </trkpt>
      <trkpt lat="20.2167949" lon="79.0181746">
      </trkpt>
      <trkpt lat="20.2173728" lon="79.0182868">
      </trkpt>
      <trkpt lat="20.218113" lon="79.0183687">
      </trkpt>
      <trkpt lat="20.2187022" lon="79.0183869">
      </trkpt>
      <trkpt lat="20.2195193" lon="79.0183232">
      </trkpt>
      <trkpt lat="20.2199619" lon="79.018258">
      </trkpt>
      <trkpt lat="20.2203761" lon="79.0181442">
      </trkpt>
      <trkpt lat="20.2209882" lon="79.0179561">
      </trkpt>
      <trkpt lat="20.2217568" lon="79.0176528">
      </trkpt>
      <trkpt lat="20.2226251" lon="79.0173175">
      </trkpt>
      <trkpt lat="20.2234748" lon="79.0169823">
      </trkpt>
      <trkpt lat="20.2242178" lon="79.0166835">
      </trkpt>
      <trkpt lat="20.2251601" lon="79.0163209">
      </trkpt>
      <trkpt lat="20.2265727" lon="79.0157623">
      </trkpt>
      <trkpt lat="20.2305632" lon="79.0141843">
      </trkpt>
      <trkpt lat="20.2328699" lon="79.0132661">
      </trkpt>
      <trkpt lat="20.2355739" lon="79.0122713">
      </trkpt>
      <trkpt lat="20.2369043" lon="79.0119238">
      </trkpt>
      <trkpt lat="20.2388325" lon="79.0115055">
      </trkpt>
      <trkpt lat="20.2400462" lon="79.0112738">
      </trkpt>
      <trkpt lat="20.241282" lon="79.0110743">
      </trkpt>
      <trkpt lat="20.2418235" lon="79.0109888">
      </trkpt>
      <trkpt lat="20.2446049" lon="79.010486">
      </trkpt>
      <trkpt lat="20.2460559" lon="79.0102303">
      </trkpt>
      <trkpt lat="20.2466817" lon="79.0101069">
      </trkpt>
      <trkpt lat="20.2472312" lon="79.0099841">
      </trkpt>
      <trkpt lat="20.2483495" lon="79.0096965">
      </trkpt>
      <trkpt lat="20.2490041" lon="79.0093931">
      </trkpt>
      <trkpt lat="20.2498523" lon="79.0090352">
      </trkpt>
      <trkpt lat="20.2506151" lon="79.0086468">
      </trkpt>
      <trkpt lat="20.2515989" lon="79.0080214">
      </trkpt>
      <trkpt lat="20.2522953" lon="79.0075838">
      </trkpt>
      <trkpt lat="20.2535028" lon="79.0067966">
      </trkpt>
      <trkpt lat="20.2559661" lon="79.0051984">
      </trkpt>
      <trkpt lat="20.2582724" lon="79.0036839">
      </trkpt>
      <trkpt lat="20.2605345" lon="79.0022016">
      </trkpt>
      <trkpt lat="20.2616956" lon="79.0014401">
      </trkpt>
      <trkpt lat="20.2628608" lon="79.0006785">
      </trkpt>
      <trkpt lat="20.2641528" lon="78.9998419">
      </trkpt>
      <trkpt lat="20.2653401" lon="78.9990503">
      </trkpt>
      <trkpt lat="20.2664731" lon="78.9983103">
      </trkpt>
      <trkpt lat="20.267596" lon="78.9975852">
      </trkpt>
      <trkpt lat="20.2702241" lon="78.9958626">
      </trkpt>
      <trkpt lat="20.2725744" lon="78.9943181">
      </trkpt>
      <trkpt lat="20.2746612" lon="78.9928143">
      </trkpt>
      <trkpt lat="20.2757433" lon="78.9922443">
      </trkpt>
      <trkpt lat="20.2776593" lon="78.9910134">
      </trkpt>
      <trkpt lat="20.2781444" lon="78.9906881">
      </trkpt>
      <trkpt lat="20.2783053" lon="78.9905787">
      </trkpt>
      <trkpt lat="20.2791305" lon="78.9900274">
      </trkpt>
      <trkpt lat="20.2807411" lon="78.9889929">
      </trkpt>
      <trkpt lat="20.282477" lon="78.9878553">
      </trkpt>
      <trkpt lat="20.2841132" lon="78.9867722">
      </trkpt>
      <trkpt lat="20.2855656" lon="78.9858213">
      </trkpt>
      <trkpt lat="20.2884037" lon="78.9840081">
      </trkpt>
      <trkpt lat="20.290148" lon="78.9828553">
      </trkpt>
      <trkpt lat="20.2919321" lon="78.9816843">
      </trkpt>
      <trkpt lat="20.2936735" lon="78.9805557">
      </trkpt>
      <trkpt lat="20.2953921" lon="78.9794272">
      </trkpt>
      <trkpt lat="20.298576" lon="78.9773612">
      </trkpt>
      <trkpt lat="20.3002519" lon="78.9762296">
      </trkpt>
      <trkpt lat="20.3018481" lon="78.9752164">
      </trkpt>
      <trkpt lat="20.3032964" lon="78.9742425">
      </trkpt>
      <trkpt lat="20.3055295" lon="78.972824">
      </trkpt>
      <trkpt lat="20.3057998" lon="78.9726495">
      </trkpt>
      <trkpt lat="20.3065011" lon="78.9721915">
      </trkpt>
      <trkpt lat="20.3073319" lon="78.9716393">
      </trkpt>
      <trkpt lat="20.3082281" lon="78.9710629">
      </trkpt>
      <trkpt lat="20.3091457" lon="78.9704683">
      </trkpt>
      <trkpt lat="20.3099594" lon="78.9699359">
      </trkpt>
      <trkpt lat="20.3106024" lon="78.9695112">
      </trkpt>
      <trkpt lat="20.3112468" lon="78.969091">
      </trkpt>
      <trkpt lat="20.3142017" lon="78.9671566">
      </trkpt>
      <trkpt lat="20.3166826" lon="78.9655821">
      </trkpt>
      <trkpt lat="20.3224484" lon="78.9618511">
      </trkpt>
      <trkpt lat="20.3256139" lon="78.9596952">
      </trkpt>
      <trkpt lat="20.3280853" lon="78.9581159">
      </trkpt>
      <trkpt lat="20.328982" lon="78.9575262">
      </trkpt>
      <trkpt lat="20.3304026" lon="78.9566228">
      </trkpt>
      <trkpt lat="20.3307065" lon="78.9564155">
      </trkpt>
      <trkpt lat="20.3312516" lon="78.9560851">
      </trkpt>
      <trkpt lat="20.332364" lon="78.9553515">
      </trkpt>
      <trkpt lat="20.3333677" lon="78.9546886">
      </trkpt>
      <trkpt lat="20.3345183" lon="78.9539507">
      </trkpt>
      <trkpt lat="20.3370389" lon="78.9522963">
      </trkpt>
      <trkpt lat="20.3512034" lon="78.9430854">
      </trkpt>
      <trkpt lat="20.3523136" lon="78.9423614">
      </trkpt>
      <trkpt lat="20.358988" lon="78.9380079">
      </trkpt>
      <trkpt lat="20.3621489" lon="78.9359461">
      </trkpt>
      <trkpt lat="20.3638744" lon="78.934825">
      </trkpt>
      <trkpt lat="20.366845" lon="78.9328773">
      </trkpt>
      <trkpt lat="20.3722892" lon="78.9293373">
      </trkpt>
      <trkpt lat="20.3777725" lon="78.9257853">
      </trkpt>
      <trkpt lat="20.378647" lon="78.9251603">
      </trkpt>
      <trkpt lat="20.3793267" lon="78.9246249">
      </trkpt>
      <trkpt lat="20.3799851" lon="78.9240318">
      </trkpt>
      <trkpt lat="20.3805766" lon="78.9234615">
      </trkpt>
      <trkpt lat="20.3817013" lon="78.9221782">
      </trkpt>
      <trkpt lat="20.3822743" lon="78.9214471">
      </trkpt>
      <trkpt lat="20.3827521" lon="78.9207326">
      </trkpt>
      <trkpt lat="20.3835782" lon="78.9193007">
      </trkpt>
      <trkpt lat="20.384892" lon="78.9166553">
      </trkpt>
      <trkpt lat="20.3857852" lon="78.9149382">
      </trkpt>
      <trkpt lat="20.3868373" lon="78.9128591">
      </trkpt>
      <trkpt lat="20.3873374" lon="78.9118791">
      </trkpt>
      <trkpt lat="20.388383" lon="78.9098219">
      </trkpt>
      <trkpt lat="20.3895573" lon="78.9074772">
      </trkpt>
      <trkpt lat="20.39044" lon="78.9057332">
      </trkpt>
      <trkpt lat="20.3916042" lon="78.90341">
      </trkpt>
      <trkpt lat="20.3927383" lon="78.9011876">
      </trkpt>
      <trkpt lat="20.3934883" lon="78.8998511">
      </trkpt>
      <trkpt lat="20.3937437" lon="78.8994779">
      </trkpt>
      <trkpt lat="20.3948777" lon="78.8979548">
      </trkpt>
      <trkpt lat="20.3967581" lon="78.896174">
      </trkpt>
      <trkpt lat="20.3972206" lon="78.8958544">
      </trkpt>
      <trkpt lat="20.3981535" lon="78.8951937">
      </trkpt>
      <trkpt lat="20.3992956" lon="78.894548">
      </trkpt>
      <trkpt lat="20.4016874" lon="78.8931935">
      </trkpt>
      <trkpt lat="20.4042489" lon="78.8917734">
      </trkpt>
      <trkpt lat="20.4073359" lon="78.8899492">
      </trkpt>
      <trkpt lat="20.4077937" lon="78.8896929">
      </trkpt>
      <trkpt lat="20.4084419" lon="78.8893182">
      </trkpt>
      <trkpt lat="20.4092267" lon="78.8888798">
      </trkpt>
      <trkpt lat="20.4114975" lon="78.8875738">
      </trkpt>
      <trkpt lat="20.4118691" lon="78.8873601">
      </trkpt>
      <trkpt lat="20.4159786" lon="78.8849973">
      </trkpt>
      <trkpt lat="20.4205433" lon="78.8823969">
      </trkpt>
      <trkpt lat="20.4268265" lon="78.8788086">
      </trkpt>
      <trkpt lat="20.4277995" lon="78.8782509">
      </trkpt>
      <trkpt lat="20.4283905" lon="78.8779141">
      </trkpt>
      <trkpt lat="20.4319374" lon="78.8758383">
      </trkpt>
      <trkpt lat="20.4356894" lon="78.8736954">
      </trkpt>
      <trkpt lat="20.4408985" lon="78.8707203">
      </trkpt>
      <trkpt lat="20.4477308" lon="78.866791">
      </trkpt>
      <trkpt lat="20.4559785" lon="78.8620829">
      </trkpt>
      <trkpt lat="20.4648367" lon="78.8570096">
      </trkpt>
      <trkpt lat="20.4742435" lon="78.8516191">
      </trkpt>
      <trkpt lat="20.4763646" lon="78.8504064">
      </trkpt>
      <trkpt lat="20.4818799" lon="78.8472393">
      </trkpt>
      <trkpt lat="20.4847023" lon="78.8456217">
      </trkpt>
      <trkpt lat="20.4881511" lon="78.8436708">
      </trkpt>
      <trkpt lat="20.4890695" lon="78.8431861">
      </trkpt>
      <trkpt lat="20.4900962" lon="78.8427066">
      </trkpt>
      <trkpt lat="20.4929786" lon="78.8415831">
      </trkpt>
      <trkpt lat="20.4949309" lon="78.8409737">
      </trkpt>
      <trkpt lat="20.4987172" lon="78.8398331">
      </trkpt>
      <trkpt lat="20.5036775" lon="78.8383679">
      </trkpt>
      <trkpt lat="20.5074195" lon="78.8369631">
      </trkpt>
      <trkpt lat="20.5084426" lon="78.8366125">
      </trkpt>
      <trkpt lat="20.509477" lon="78.8363246">
      </trkpt>
      <trkpt lat="20.5102156" lon="78.8361016">
      </trkpt>
      <trkpt lat="20.5108825" lon="78.8359217">
      </trkpt>
      <trkpt lat="20.5113672" lon="78.8357702">
      </trkpt>
      <trkpt lat="20.512314" lon="78.8355355">
      </trkpt>
      <trkpt lat="20.5132608" lon="78.8353853">
      </trkpt>
      <trkpt lat="20.5142018" lon="78.8353133">
      </trkpt>
      <trkpt lat="20.5152365" lon="78.8353415">
      </trkpt>
      <trkpt lat="20.5160836" lon="78.8354573">
      </trkpt>
      <trkpt lat="20.517391" lon="78.8357828">
      </trkpt>
      <trkpt lat="20.5191467" lon="78.8363962">
      </trkpt>
      <trkpt lat="20.5292968" lon="78.8400436">
      </trkpt>
      <trkpt lat="20.5301805" lon="78.8402783">
      </trkpt>
      <trkpt lat="20.5308986" lon="78.8404098">
      </trkpt>
      <trkpt lat="20.5316343" lon="78.8404771">
      </trkpt>
      <trkpt lat="20.5322717" lon="78.8405037">
      </trkpt>
      <trkpt lat="20.5329048" lon="78.8404661">
      </trkpt>
      <trkpt lat="20.533768" lon="78.8403535">
      </trkpt>
      <trkpt lat="20.5345271" lon="78.8401766">
      </trkpt>
      <trkpt lat="20.5352671" lon="78.8399435">
      </trkpt>
      <trkpt lat="20.5360218" lon="78.8396242">
      </trkpt>
      <trkpt lat="20.5366431" lon="78.8393206">
      </trkpt>
      <trkpt lat="20.5372647" lon="78.8389448">
      </trkpt>
      <trkpt lat="20.537651" lon="78.8386462">
      </trkpt>
      <trkpt lat="20.5381076" lon="78.8382913">
      </trkpt>
      <trkpt lat="20.5386879" lon="78.837742">
      </trkpt>
      <trkpt lat="20.5392579" lon="78.8372053">
      </trkpt>
      <trkpt lat="20.5416412" lon="78.8346452">
      </trkpt>
      <trkpt lat="20.5428846" lon="78.8332863">
      </trkpt>
      <trkpt lat="20.544157" lon="78.8319275">
      </trkpt>
      <trkpt lat="20.5452367" lon="78.8307347">
      </trkpt>
      <trkpt lat="20.5463682" lon="78.8295109">
      </trkpt>
      <trkpt lat="20.5471788" lon="78.8286606">
      </trkpt>
      <trkpt lat="20.5483682" lon="78.8273483">
      </trkpt>
      <trkpt lat="20.5496883" lon="78.8259695">
      </trkpt>
      <trkpt lat="20.5514954" lon="78.8240619">
      </trkpt>
      <trkpt lat="20.5527472" lon="78.822581">
      </trkpt>
      <trkpt lat="20.5540132" lon="78.8205279">
      </trkpt>
      <trkpt lat="20.5547506" lon="78.8186222">
      </trkpt>
      <trkpt lat="20.5553115" lon="78.8166239">
      </trkpt>
      <trkpt lat="20.5558239" lon="78.8144751">
      </trkpt>
      <trkpt lat="20.5563175" lon="78.8124663">
      </trkpt>
      <trkpt lat="20.5567183" lon="78.811328">
      </trkpt>
      <trkpt lat="20.5571858" lon="78.8102237">
      </trkpt>
      <trkpt lat="20.5578092" lon="78.8090797">
      </trkpt>
      <trkpt lat="20.558713" lon="78.8076878">
      </trkpt>
      <trkpt lat="20.5596666" lon="78.8062618">
      </trkpt>
      <trkpt lat="20.5605666" lon="78.8048915">
      </trkpt>
      <trkpt lat="20.561865" lon="78.8029144">
      </trkpt>
      <trkpt lat="20.5640654" lon="78.7996138">
      </trkpt>
      <trkpt lat="20.566285" lon="78.796297">
      </trkpt>
      <trkpt lat="20.5674219" lon="78.7945913">
      </trkpt>
      <trkpt lat="20.5685024" lon="78.7929543">
      </trkpt>
      <trkpt lat="20.5720979" lon="78.7875601">
      </trkpt>
      <trkpt lat="20.5756314" lon="78.7822475">
      </trkpt>
      <trkpt lat="20.5780504" lon="78.7786128">
      </trkpt>
      <trkpt lat="20.5804483" lon="78.7750184">
      </trkpt>
      <trkpt lat="20.5995151" lon="78.7463521">
      </trkpt>
      <trkpt lat="20.6083859" lon="78.7330092">
      </trkpt>
      <trkpt lat="20.6183466" lon="78.7180054">
      </trkpt>
      <trkpt lat="20.6185858" lon="78.7176449">
      </trkpt>
      <trkpt lat="20.6192196" lon="78.7167563">
      </trkpt>
      <trkpt lat="20.6198412" lon="78.7159571">
      </trkpt>
      <trkpt lat="20.6206322" lon="78.7151386">
      </trkpt>
      <trkpt lat="20.6214243" lon="78.7144077">
      </trkpt>
      <trkpt lat="20.6223492" lon="78.7137112">
      </trkpt>
      <trkpt lat="20.6232958" lon="78.7130937">
      </trkpt>
      <trkpt lat="20.6252122" lon="78.7119119">
      </trkpt>
      <trkpt lat="20.6288825" lon="78.7095934">
      </trkpt>
      <trkpt lat="20.6322222" lon="78.7074606">
      </trkpt>
      <trkpt lat="20.6324426" lon="78.7073125">
      </trkpt>
      <trkpt lat="20.6397222" lon="78.7026717">
      </trkpt>
      <trkpt lat="20.6469924" lon="78.6980727">
      </trkpt>
      <trkpt lat="20.6506629" lon="78.6957426">
      </trkpt>
      <trkpt lat="20.6527345" lon="78.6944328">
      </trkpt>
      <trkpt lat="20.6535401" lon="78.6938862">
      </trkpt>
      <trkpt lat="20.6541961" lon="78.6933701">
      </trkpt>
      <trkpt lat="20.6550697" lon="78.6925895">
      </trkpt>
      <trkpt lat="20.6558364" lon="78.6918553">
      </trkpt>
      <trkpt lat="20.6567512" lon="78.6907748">
      </trkpt>
      <trkpt lat="20.6575882" lon="78.689776">
      </trkpt>
      <trkpt lat="20.6593207" lon="78.6876735">
      </trkpt>
      <trkpt lat="20.6689114" lon="78.6759171">
      </trkpt>
      <trkpt lat="20.6713367" lon="78.6729436">
      </trkpt>
      <trkpt lat="20.6762739" lon="78.6668902">
      </trkpt>
      <trkpt lat="20.6785143" lon="78.6641432">
      </trkpt>
      <trkpt lat="20.6844828" lon="78.656836">
      </trkpt>
      <trkpt lat="20.6929195" lon="78.6465064">
      </trkpt>
      <trkpt lat="20.6953191" lon="78.6436009">
      </trkpt>
      <trkpt lat="20.6956514" lon="78.6432276">
      </trkpt>
      <trkpt lat="20.6959823" lon="78.6428717">
      </trkpt>
      <trkpt lat="20.6966979" lon="78.6421462">
      </trkpt>
      <trkpt lat="20.7104045" lon="78.6288878">
      </trkpt>
      <trkpt lat="20.7118399" lon="78.6275187">
      </trkpt>
      <trkpt lat="20.7138569" lon="78.625586">
      </trkpt>
      <trkpt lat="20.7143193" lon="78.6251786">
      </trkpt>
      <trkpt lat="20.7154834" lon="78.6241824">
      </trkpt>
      <trkpt lat="20.7160252" lon="78.6237042">
      </trkpt>
      <trkpt lat="20.7176725" lon="78.6221178">
      </trkpt>
      <trkpt lat="20.7178671" lon="78.621922">
      </trkpt>
      <trkpt lat="20.7181414" lon="78.6216333">
      </trkpt>
      <trkpt lat="20.7196458" lon="78.6202254">
      </trkpt>
      <trkpt lat="20.722593" lon="78.6173675">
      </trkpt>
      <trkpt lat="20.7226449" lon="78.6173139">
      </trkpt>
      <trkpt lat="20.7254935" lon="78.6145663">
      </trkpt>
      <trkpt lat="20.72619" lon="78.6139238">
      </trkpt>
      <trkpt lat="20.7266665" lon="78.6135187">
      </trkpt>
      <trkpt lat="20.7271832" lon="78.6131422">
      </trkpt>
      <trkpt lat="20.7278127" lon="78.6127244">
      </trkpt>
      <trkpt lat="20.7284318" lon="78.6123694">
      </trkpt>
      <trkpt lat="20.7290686" lon="78.6120638">
      </trkpt>
      <trkpt lat="20.7297618" lon="78.6117957">
      </trkpt>
      <trkpt lat="20.7303665" lon="78.6115996">
      </trkpt>
      <trkpt lat="20.7311385" lon="78.6114143">
      </trkpt>
      <trkpt lat="20.7316134" lon="78.6113236">
      </trkpt>
      <trkpt lat="20.7345849" lon="78.6108325">
      </trkpt>
      <trkpt lat="20.7349072" lon="78.610804">
      </trkpt>
      <trkpt lat="20.7351643" lon="78.610804">
      </trkpt>
      <trkpt lat="20.7354618" lon="78.6108376">
      </trkpt>
      <trkpt lat="20.7357432" lon="78.6109139">
      </trkpt>
      <trkpt lat="20.735927" lon="78.6109818">
      </trkpt>
      <trkpt lat="20.7362499" lon="78.6111488">
      </trkpt>
      <trkpt lat="20.7364516" lon="78.6112874">
      </trkpt>
      <trkpt lat="20.7365983" lon="78.6114345">
      </trkpt>
      <trkpt lat="20.736651" lon="78.6114966">
      </trkpt>
      <trkpt lat="20.7367884" lon="78.6116583">
      </trkpt>
      <trkpt lat="20.7369483" lon="78.6118885">
      </trkpt>
      <trkpt lat="20.7370914" lon="78.6121529">
      </trkpt>
      <trkpt lat="20.7371985" lon="78.612433">
      </trkpt>
      <trkpt lat="20.7372859" lon="78.612716">
      </trkpt>
      <trkpt lat="20.7375146" lon="78.6136113">
      </trkpt>
      <trkpt lat="20.737569" lon="78.6138379">
      </trkpt>
      <trkpt lat="20.7378078" lon="78.6148295">
      </trkpt>
      <trkpt lat="20.7378853" lon="78.6151404">
      </trkpt>
      <trkpt lat="20.7379329" lon="78.6153304">
      </trkpt>
      <trkpt lat="20.7380437" lon="78.6157895">
      </trkpt>
      <trkpt lat="20.7381216" lon="78.6162656">
      </trkpt>
      <trkpt lat="20.7381705" lon="78.6167277">
      </trkpt>
      <trkpt lat="20.7381979" lon="78.6168867">
      </trkpt>
      <trkpt lat="20.7382506" lon="78.6171248">
      </trkpt>
      <trkpt lat="20.7390808" lon="78.6204829">
      </trkpt>
      <trkpt lat="20.7391492" lon="78.620727">
      </trkpt>
      <trkpt lat="20.7392281" lon="78.6209804">
      </trkpt>
      <trkpt lat="20.7394323" lon="78.6215435">
      </trkpt>
      <trkpt lat="20.7394597" lon="78.6216251">
      </trkpt>
      <trkpt lat="20.7395311" lon="78.6218293">
      </trkpt>
      <trkpt lat="20.7395985" lon="78.6220811">
      </trkpt>
      <trkpt lat="20.7397996" lon="78.6228938">
      </trkpt>
      <trkpt lat="20.7399001" lon="78.6232599">
      </trkpt>
      <trkpt lat="20.740049" lon="78.6237156">
      </trkpt>
      <trkpt lat="20.7402318" lon="78.6242907">
      </trkpt>
      <trkpt lat="20.740392" lon="78.6249754">
      </trkpt>
      <trkpt lat="20.7406653" lon="78.6260307">
      </trkpt>
      <trkpt lat="20.746828" lon="78.6510631">
      </trkpt>
      <trkpt lat="20.7469054" lon="78.6514195">
      </trkpt>
      <trkpt lat="20.7493104" lon="78.6611725">
      </trkpt>
      <trkpt lat="20.7506426" lon="78.6665601">
      </trkpt>
      <trkpt lat="20.7506935" lon="78.6667726">
      </trkpt>
      <trkpt lat="20.7508804" lon="78.6675517">
      </trkpt>
      <trkpt lat="20.7508999" lon="78.667631">
      </trkpt>
      <trkpt lat="20.7522477" lon="78.6731655">
      </trkpt>
      <trkpt lat="20.7530952" lon="78.6767797">
      </trkpt>
      <trkpt lat="20.7536488" lon="78.6784096">
      </trkpt>
      <trkpt lat="20.7543875" lon="78.6799965">
      </trkpt>
      <trkpt lat="20.7549064" lon="78.6809547">
      </trkpt>
      <trkpt lat="20.7565102" lon="78.6830735">
      </trkpt>
      <trkpt lat="20.7567323" lon="78.6833113">
      </trkpt>
      <trkpt lat="20.75829" lon="78.684789">
      </trkpt>
      <trkpt lat="20.759155" lon="78.6854763">
      </trkpt>
      <trkpt lat="20.7600352" lon="78.6860373">
      </trkpt>
      <trkpt lat="20.7608271" lon="78.6864893">
      </trkpt>
      <trkpt lat="20.7616893" lon="78.6868318">
      </trkpt>
      <trkpt lat="20.7638019" lon="78.6875951">
      </trkpt>
      <trkpt lat="20.7650907" lon="78.688006">
      </trkpt>
      <trkpt lat="20.7663195" lon="78.6884395">
      </trkpt>
      <trkpt lat="20.7673799" lon="78.6888506">
      </trkpt>
      <trkpt lat="20.7680121" lon="78.6892021">
      </trkpt>
      <trkpt lat="20.7686493" lon="78.6896457">
      </trkpt>
      <trkpt lat="20.7692314" lon="78.6901561">
      </trkpt>
      <trkpt lat="20.769765" lon="78.690704">
      </trkpt>
      <trkpt lat="20.7703408" lon="78.6915083">
      </trkpt>
      <trkpt lat="20.7706703" lon="78.6920818">
      </trkpt>
      <trkpt lat="20.7710005" lon="78.6927883">
      </trkpt>
      <trkpt lat="20.7712445" lon="78.6934923">
      </trkpt>
      <trkpt lat="20.7715959" lon="78.6948273">
      </trkpt>
      <trkpt lat="20.7717306" lon="78.6953998">
      </trkpt>
      <trkpt lat="20.773823" lon="78.7037206">
      </trkpt>
      <trkpt lat="20.7750695" lon="78.7086295">
      </trkpt>
      <trkpt lat="20.7750936" lon="78.7087244">
      </trkpt>
      <trkpt lat="20.7759401" lon="78.7120581">
      </trkpt>
      <trkpt lat="20.7759745" lon="78.7122052">
      </trkpt>
      <trkpt lat="20.7768906" lon="78.7158117">
      </trkpt>
      <trkpt lat="20.7782294" lon="78.7211141">
      </trkpt>
      <trkpt lat="20.7786014" lon="78.7225841">
      </trkpt>
      <trkpt lat="20.7787054" lon="78.7229951">
      </trkpt>
      <trkpt lat="20.7795924" lon="78.7264998">
      </trkpt>
      <trkpt lat="20.7796356" lon="78.7266704">
      </trkpt>
      <trkpt lat="20.7828035" lon="78.7391707">
      </trkpt>
      <trkpt lat="20.7830005" lon="78.7399615">
      </trkpt>
      <trkpt lat="20.7877296" lon="78.7587">
      </trkpt>
      <trkpt lat="20.7877888" lon="78.7589371">
      </trkpt>
      <trkpt lat="20.7919318" lon="78.7754746">
      </trkpt>
      <trkpt lat="20.7919695" lon="78.7756292">
      </trkpt>
      <trkpt lat="20.7927535" lon="78.7788434">
      </trkpt>
      <trkpt lat="20.7932271" lon="78.780604">
      </trkpt>
      <trkpt lat="20.7936675" lon="78.7820807">
      </trkpt>
      <trkpt lat="20.7940945" lon="78.7833975">
      </trkpt>
      <trkpt lat="20.794934" lon="78.7860071">
      </trkpt>
      <trkpt lat="20.7959104" lon="78.7889048">
      </trkpt>
      <trkpt lat="20.7959421" lon="78.7889987">
      </trkpt>
      <trkpt lat="20.7974647" lon="78.7935787">
      </trkpt>
      <trkpt lat="20.7976854" lon="78.7942752">
      </trkpt>
      <trkpt lat="20.7979169" lon="78.7951046">
      </trkpt>
      <trkpt lat="20.7981066" lon="78.7958711">
      </trkpt>
      <trkpt lat="20.7982769" lon="78.7966709">
      </trkpt>
      <trkpt lat="20.8000959" lon="78.8056489">
      </trkpt>
      <trkpt lat="20.8014024" lon="78.8120647">
      </trkpt>
      <trkpt lat="20.8043366" lon="78.8265952">
      </trkpt>
      <trkpt lat="20.8043698" lon="78.826762">
      </trkpt>
      <trkpt lat="20.8055912" lon="78.8326984">
      </trkpt>
      <trkpt lat="20.8078384" lon="78.8438938">
      </trkpt>
      <trkpt lat="20.8078891" lon="78.844141">
      </trkpt>
      <trkpt lat="20.8144823" lon="78.876447">
      </trkpt>
      <trkpt lat="20.8162641" lon="78.8851723">
      </trkpt>
      <trkpt lat="20.8164941" lon="78.886245">
      </trkpt>
      <trkpt lat="20.8179359" lon="78.8936362">
      </trkpt>
      <trkpt lat="20.8180102" lon="78.8940039">
      </trkpt>
      <trkpt lat="20.82375" lon="78.9224039">
      </trkpt>
      <trkpt lat="20.8257158" lon="78.9318904">
      </trkpt>
      <trkpt lat="20.8288468" lon="78.9475049">
      </trkpt>
      <trkpt lat="20.8291073" lon="78.9486126">
      </trkpt>
      <trkpt lat="20.8292878" lon="78.9492302">
      </trkpt>
      <trkpt lat="20.8295304" lon="78.9499726">
      </trkpt>
      <trkpt lat="20.8297979" lon="78.9506264">
      </trkpt>
      <trkpt lat="20.8301482" lon="78.951391">
      </trkpt>
      <trkpt lat="20.8305842" lon="78.952235">
      </trkpt>
      <trkpt lat="20.8310083" lon="78.9529536">
      </trkpt>
      <trkpt lat="20.8314715" lon="78.9536292">
      </trkpt>
      <trkpt lat="20.8319761" lon="78.9542571">
      </trkpt>
      <trkpt lat="20.832447" lon="78.9548455">
      </trkpt>
      <trkpt lat="20.8328781" lon="78.9553204">
      </trkpt>
      <trkpt lat="20.8333703" lon="78.9558319">
      </trkpt>
      <trkpt lat="20.8337372" lon="78.9561777">
      </trkpt>
      <trkpt lat="20.8344048" lon="78.9566857">
      </trkpt>
      <trkpt lat="20.8349653" lon="78.9571002">
      </trkpt>
      <trkpt lat="20.8508696" lon="78.967467">
      </trkpt>
      <trkpt lat="20.851544" lon="78.9679401">
      </trkpt>
      <trkpt lat="20.8565987" lon="78.9718701">
      </trkpt>
      <trkpt lat="20.8569695" lon="78.9721501">
      </trkpt>
      <trkpt lat="20.8626536" lon="78.9766045">
      </trkpt>
      <trkpt lat="20.8721446" lon="78.9840019">
      </trkpt>
      <trkpt lat="20.8728496" lon="78.9845972">
      </trkpt>
      <trkpt lat="20.8733572" lon="78.9850628">
      </trkpt>
      <trkpt lat="20.8739967" lon="78.9857371">
      </trkpt>
      <trkpt lat="20.8744661" lon="78.986248">
      </trkpt>
      <trkpt lat="20.878159" lon="78.9906605">
      </trkpt>
      <trkpt lat="20.8894695" lon="79.0041852">
      </trkpt>
      <trkpt lat="20.8899164" lon="79.0046861">
      </trkpt>
      <trkpt lat="20.8903165" lon="79.0050792">
      </trkpt>
      <trkpt lat="20.8908454" lon="79.0055472">
      </trkpt>
      <trkpt lat="20.8912872" lon="79.0058845">
      </trkpt>
      <trkpt lat="20.8918251" lon="79.0062657">
      </trkpt>
      <trkpt lat="20.8923414" lon="79.0065696">
      </trkpt>
      <trkpt lat="20.8929296" lon="79.0068737">
      </trkpt>
      <trkpt lat="20.8934893" lon="79.0071311">
      </trkpt>
      <trkpt lat="20.8940013" lon="79.007337">
      </trkpt>
      <trkpt lat="20.9008914" lon="79.0098638">
      </trkpt>
      <trkpt lat="20.902271" lon="79.0103779">
      </trkpt>
      <trkpt lat="20.9089407" lon="79.0129201">
      </trkpt>
      <trkpt lat="20.9095204" lon="79.0131149">
      </trkpt>
      <trkpt lat="20.9101854" lon="79.0133091">
      </trkpt>
      <trkpt lat="20.9107056" lon="79.0134048">
      </trkpt>
      <trkpt lat="20.9114719" lon="79.0135413">
      </trkpt>
      <trkpt lat="20.9119617" lon="79.0136142">
      </trkpt>
      <trkpt lat="20.9126914" lon="79.0136906">
      </trkpt>
      <trkpt lat="20.9135775" lon="79.013705">
      </trkpt>
      <trkpt lat="20.9139176" lon="79.0136968">
      </trkpt>
      <trkpt lat="20.9143851" lon="79.01368">
      </trkpt>
      <trkpt lat="20.9151126" lon="79.0136538">
      </trkpt>
      <trkpt lat="20.9156061" lon="79.0136354">
      </trkpt>
      <trkpt lat="20.9207033" lon="79.0134424">
      </trkpt>
      <trkpt lat="20.9241053" lon="79.0133029">
      </trkpt>
      <trkpt lat="20.9249408" lon="79.0132708">
      </trkpt>
      <trkpt lat="20.9302939" lon="79.0130542">
      </trkpt>
      <trkpt lat="20.9466639" lon="79.012331">
      </trkpt>
      <trkpt lat="20.9541765" lon="79.0120556">
      </trkpt>
      <trkpt lat="20.9556697" lon="79.012198">
      </trkpt>
      <trkpt lat="20.9569399" lon="79.0124136">
      </trkpt>
      <trkpt lat="20.9583065" lon="79.0127624">
      </trkpt>
      <trkpt lat="20.9593672" lon="79.0130912">
      </trkpt>
      <trkpt lat="20.9605328" lon="79.0137208">
      </trkpt>
      <trkpt lat="20.9612458" lon="79.0141504">
      </trkpt>
      <trkpt lat="20.9617689" lon="79.0144656">
      </trkpt>
      <trkpt lat="20.9687542" lon="79.0193889">
      </trkpt>
      <trkpt lat="20.9754502" lon="79.0240111">
      </trkpt>
      <trkpt lat="20.9766929" lon="79.0248676">
      </trkpt>
      <trkpt lat="20.9780148" lon="79.0255723">
      </trkpt>
      <trkpt lat="20.9791786" lon="79.0260421">
      </trkpt>
      <trkpt lat="20.9808341" lon="79.0265399">
      </trkpt>
      <trkpt lat="20.9852539" lon="79.0278405">
      </trkpt>
      <trkpt lat="20.9892546" lon="79.0290436">
      </trkpt>
      <trkpt lat="20.9900993" lon="79.0292902">
      </trkpt>
      <trkpt lat="20.9985752" lon="79.0317704">
      </trkpt>
      <trkpt lat="20.9987224" lon="79.031809">
      </trkpt>
      <trkpt lat="21.0297169" lon="79.0409598">
      </trkpt>
      <trkpt lat="21.0325759" lon="79.0417964">
      </trkpt>
      <trkpt lat="21.0328047" lon="79.0418635">
      </trkpt>
      <trkpt lat="21.0369217" lon="79.0430723">
      </trkpt>
      <trkpt lat="21.0373982" lon="79.0432242">
      </trkpt>
      <trkpt lat="21.0379741" lon="79.0434452">
      </trkpt>
      <trkpt lat="21.0383718" lon="79.043604">
      </trkpt>
      <trkpt lat="21.0387742" lon="79.0437815">
      </trkpt>
      <trkpt lat="21.0473082" lon="79.0476839">
      </trkpt>
      <trkpt lat="21.0557346" lon="79.0515146">
      </trkpt>
      <trkpt lat="21.0566082" lon="79.0519004">
      </trkpt>
      <trkpt lat="21.0654276" lon="79.0559383">
      </trkpt>
      <trkpt lat="21.0707243" lon="79.0583491">
      </trkpt>
      <trkpt lat="21.0709847" lon="79.0584691">
      </trkpt>
      <trkpt lat="21.0748057" lon="79.0602155">
      </trkpt>
      <trkpt lat="21.0816772" lon="79.0633438">
      </trkpt>
      <trkpt lat="21.090051" lon="79.0671915">
      </trkpt>
      <trkpt lat="21.0902583" lon="79.0672713">
      </trkpt>
      <trkpt lat="21.0926734" lon="79.0683768">
      </trkpt>
      <trkpt lat="21.0965693" lon="79.0701933">
      </trkpt>
      <trkpt lat="21.0976228" lon="79.0706747">
      </trkpt>
      <trkpt lat="21.0976812" lon="79.0707014">
      </trkpt>
      <trkpt lat="21.100503" lon="79.0719907">
      </trkpt>
      <trkpt lat="21.1041254" lon="79.0736254">
      </trkpt>
      <trkpt lat="21.1075493" lon="79.0751527">
      </trkpt>
      <trkpt lat="21.1087253" lon="79.0756704">
      </trkpt>
      <trkpt lat="21.1089589" lon="79.0757732">
      </trkpt>
      <trkpt lat="21.1103989" lon="79.0763124">
      </trkpt>
      <trkpt lat="21.111225" lon="79.0765978">
      </trkpt>
      <trkpt lat="21.1125849" lon="79.0770677">
      </trkpt>
      <trkpt lat="21.1158436" lon="79.0782068">
      </trkpt>
      <trkpt lat="21.119223" lon="79.0793565">
      </trkpt>
      <trkpt lat="21.1205996" lon="79.0799345">
      </trkpt>
      <trkpt lat="21.1214574" lon="79.0803309">
      </trkpt>
      <trkpt lat="21.1244059" lon="79.0816935">
      </trkpt>
      <trkpt lat="21.1252453" lon="79.0820688">
      </trkpt>
      <trkpt lat="21.1265803" lon="79.0826467">
      </trkpt>
      <trkpt lat="21.127414" lon="79.083035">
      </trkpt>
      <trkpt lat="21.1282443" lon="79.083463">
      </trkpt>
      <trkpt lat="21.1295493" lon="79.0841746">
      </trkpt>
      <trkpt lat="21.1308031" lon="79.0848983">
      </trkpt>
      <trkpt lat="21.1309241" lon="79.0849573">
      </trkpt>
      <trkpt lat="21.1325928" lon="79.0857709">
      </trkpt>
      <trkpt lat="21.1334815" lon="79.0861314">
      </trkpt>
      <trkpt lat="21.1346268" lon="79.0864762">
      </trkpt>
      <trkpt lat="21.1357871" lon="79.086758">
      </trkpt>
      <trkpt lat="21.13744" lon="79.0870204">
      </trkpt>
      <trkpt lat="21.1380803" lon="79.0871183">
      </trkpt>
      <trkpt lat="21.1387019" lon="79.0872203">
      </trkpt>
      <trkpt lat="21.1392023" lon="79.0873023">
      </trkpt>
      <trkpt lat="21.1403934" lon="79.0875118">
      </trkpt>
      <trkpt lat="21.1418211" lon="79.087827">
      </trkpt>
      <trkpt lat="21.1427693" lon="79.0880566">
      </trkpt>
      <trkpt lat="21.142989" lon="79.0881112">
      </trkpt>
      <trkpt lat="21.1431608" lon="79.0881489">
      </trkpt>
      <trkpt lat="21.1433004" lon="79.0881796">
      </trkpt>
      <trkpt lat="21.1435841" lon="79.0882312">
      </trkpt>
      <trkpt lat="21.1438033" lon="79.0882641">
      </trkpt>
      <trkpt lat="21.1457226" lon="79.088559">
      </trkpt>
      <trkpt lat="21.146091" lon="79.0885994">
      </trkpt>
      <trkpt lat="21.1464152" lon="79.0886224">
      </trkpt>
      <trkpt lat="21.1468577" lon="79.0886197">
      </trkpt>
      <trkpt lat="21.1474789" lon="79.0885633">
      </trkpt>
      <trkpt lat="21.1478449" lon="79.0885274">
      </trkpt>
      <trkpt lat="21.1480771" lon="79.0885042">
      </trkpt>
      <trkpt lat="21.1484613" lon="79.0884666">
      </trkpt>
      <trkpt lat="21.1490081" lon="79.088454">
      </trkpt>
      <trkpt lat="21.1494669" lon="79.0884378">
      </trkpt>
      <trkpt lat="21.1499696" lon="79.0884206">
      </trkpt>
      <trkpt lat="21.1501906" lon="79.0884262">
      </trkpt>
      <trkpt lat="21.1503892" lon="79.0884383">
      </trkpt>
      <trkpt lat="21.1506345" lon="79.0884753">
      </trkpt>
      <trkpt lat="21.1522721" lon="79.0887006">
      </trkpt>
    </trkseg>
  </trk>
</gpx>