<?xml version="1.0" encoding="UTF-8"?>
<gpx xmlns="http://www.topografix.com/GPX/1/1" xmlns:xsi="http://www.w3.org/2001/XMLSchema-instance" xsi:schemaLocation="http://www.topografix.com/GPX/1/1 http://www.topografix.com/GPX/1/1/gpx.xsd" version="1.1" creator="gpx.py -- https://github.com/tkrajina/gpxpy">
  <wpt lat="8.0878718" lon="77.5461791">
    <name>Kanyakumari</name>
  </wpt>
  <wpt lat="8.1726659" lon="77.4449168">
    <name>Nagercoil Junction</name>
  </wpt>
  <wpt lat="8.4872333" lon="76.950466">
    <name>Thiruvananthapuram Central</name>
  </wpt>
  <wpt lat="8.8813313" lon="76.595945">
    <name>Kollam Junction</name>
  </wpt>
  <wpt lat="9.1802231" lon="76.5118905">
    <name>Kayamkulam Junction</name>
  </wpt>
  <wpt lat="9.48407" lon="76.3223435">
    <name>Alappuzha</name>
  </wpt>
  <trk>
    <name>Kanyakumari - Alappuzha (Vies regionals)</name>
    <trkseg>
      <trkpt lat="8.0878718" lon="77.5461791">
      </trkpt>
      <trkpt lat="8.0880638" lon="77.5428178">
      </trkpt>
      <trkpt lat="8.0882376" lon="77.5400124">
      </trkpt>
      <trkpt lat="8.0883197" lon="77.5387559">
      </trkpt>
      <trkpt lat="8.0883584" lon="77.5382558">
      </trkpt>
      <trkpt lat="8.0883801" lon="77.5379763">
      </trkpt>
      <trkpt lat="8.0884272" lon="77.5369224">
      </trkpt>
      <trkpt lat="8.08855" lon="77.5351061">
      </trkpt>
      <trkpt lat="8.0885726" lon="77.5347415">
      </trkpt>
      <trkpt lat="8.0886172" lon="77.5343825">
      </trkpt>
      <trkpt lat="8.0886558" lon="77.5341477">
      </trkpt>
      <trkpt lat="8.0887055" lon="77.5339128">
      </trkpt>
      <trkpt lat="8.0887701" lon="77.5336359">
      </trkpt>
      <trkpt lat="8.0888678" lon="77.5333591">
      </trkpt>
      <trkpt lat="8.08898" lon="77.5330846">
      </trkpt>
      <trkpt lat="8.0891087" lon="77.5328212">
      </trkpt>
      <trkpt lat="8.0892307" lon="77.5325616">
      </trkpt>
      <trkpt lat="8.0893912" lon="77.5323019">
      </trkpt>
      <trkpt lat="8.0895349" lon="77.5320745">
      </trkpt>
      <trkpt lat="8.0897006" lon="77.5318415">
      </trkpt>
      <trkpt lat="8.089871" lon="77.5316402">
      </trkpt>
      <trkpt lat="8.090047" lon="77.5314557">
      </trkpt>
      <trkpt lat="8.0904928" lon="77.5310223">
      </trkpt>
      <trkpt lat="8.0906002" lon="77.5309406">
      </trkpt>
      <trkpt lat="8.0911455" lon="77.5305639">
      </trkpt>
      <trkpt lat="8.0927967" lon="77.5295677">
      </trkpt>
      <trkpt lat="8.0951654" lon="77.5281387">
      </trkpt>
      <trkpt lat="8.0955596" lon="77.5278769">
      </trkpt>
      <trkpt lat="8.0982481" lon="77.5262547">
      </trkpt>
      <trkpt lat="8.0997867" lon="77.5253316">
      </trkpt>
      <trkpt lat="8.1013437" lon="77.5243897">
      </trkpt>
      <trkpt lat="8.1020753" lon="77.5239532">
      </trkpt>
      <trkpt lat="8.1027792" lon="77.5234606">
      </trkpt>
      <trkpt lat="8.1031506" lon="77.5231671">
      </trkpt>
      <trkpt lat="8.1034827" lon="77.5228736">
      </trkpt>
      <trkpt lat="8.1037957" lon="77.5225519">
      </trkpt>
      <trkpt lat="8.1052541" lon="77.5210782">
      </trkpt>
      <trkpt lat="8.1101217" lon="77.5162171">
      </trkpt>
      <trkpt lat="8.1103551" lon="77.5159604">
      </trkpt>
      <trkpt lat="8.1108015" lon="77.5153721">
      </trkpt>
      <trkpt lat="8.1111323" lon="77.5148771">
      </trkpt>
      <trkpt lat="8.1114684" lon="77.514306">
      </trkpt>
      <trkpt lat="8.1137832" lon="77.510258">
      </trkpt>
      <trkpt lat="8.1149072" lon="77.5083484">
      </trkpt>
      <trkpt lat="8.1180632" lon="77.5028491">
      </trkpt>
      <trkpt lat="8.1203851" lon="77.4988039">
      </trkpt>
      <trkpt lat="8.1250033" lon="77.4907538">
      </trkpt>
      <trkpt lat="8.1261994" lon="77.4886988">
      </trkpt>
      <trkpt lat="8.1280239" lon="77.4855431">
      </trkpt>
      <trkpt lat="8.1285254" lon="77.4846504">
      </trkpt>
      <trkpt lat="8.1297808" lon="77.4824863">
      </trkpt>
      <trkpt lat="8.1301115" lon="77.4819038">
      </trkpt>
      <trkpt lat="8.1308199" lon="77.4806944">
      </trkpt>
      <trkpt lat="8.1309984" lon="77.4803837">
      </trkpt>
      <trkpt lat="8.1311326" lon="77.4801824">
      </trkpt>
      <trkpt lat="8.1313196" lon="77.4798974">
      </trkpt>
      <trkpt lat="8.1315179" lon="77.4796564">
      </trkpt>
      <trkpt lat="8.1319004" lon="77.4792679">
      </trkpt>
      <trkpt lat="8.1322111" lon="77.4789864">
      </trkpt>
      <trkpt lat="8.1326744" lon="77.4786536">
      </trkpt>
      <trkpt lat="8.1328717" lon="77.4785595">
      </trkpt>
      <trkpt lat="8.1349333" lon="77.4773869">
      </trkpt>
      <trkpt lat="8.1352741" lon="77.477194">
      </trkpt>
      <trkpt lat="8.1369938" lon="77.4762201">
      </trkpt>
      <trkpt lat="8.1392133" lon="77.4749818">
      </trkpt>
      <trkpt lat="8.1435534" lon="77.472572">
      </trkpt>
      <trkpt lat="8.1442255" lon="77.4721674">
      </trkpt>
      <trkpt lat="8.1446203" lon="77.4719262">
      </trkpt>
      <trkpt lat="8.1451603" lon="77.4715186">
      </trkpt>
      <trkpt lat="8.1456251" lon="77.4711129">
      </trkpt>
      <trkpt lat="8.1460437" lon="77.4706792">
      </trkpt>
      <trkpt lat="8.14633" lon="77.4703572">
      </trkpt>
      <trkpt lat="8.1465886" lon="77.4700165">
      </trkpt>
      <trkpt lat="8.1470966" lon="77.4693491">
      </trkpt>
      <trkpt lat="8.1480201" lon="77.4680609">
      </trkpt>
      <trkpt lat="8.1492141" lon="77.4664273">
      </trkpt>
      <trkpt lat="8.1506057" lon="77.4645915">
      </trkpt>
      <trkpt lat="8.1557093" lon="77.4577324">
      </trkpt>
      <trkpt lat="8.1557542" lon="77.4576721">
      </trkpt>
      <trkpt lat="8.1557981" lon="77.4576131">
      </trkpt>
      <trkpt lat="8.1562427" lon="77.457052">
      </trkpt>
      <trkpt lat="8.1567619" lon="77.4565392">
      </trkpt>
      <trkpt lat="8.1572476" lon="77.4561828">
      </trkpt>
      <trkpt lat="8.1577671" lon="77.455884">
      </trkpt>
      <trkpt lat="8.1611671" lon="77.4544008">
      </trkpt>
      <trkpt lat="8.1616553" lon="77.4541716">
      </trkpt>
      <trkpt lat="8.1622731" lon="77.4537476">
      </trkpt>
      <trkpt lat="8.1629056" lon="77.4533229">
      </trkpt>
      <trkpt lat="8.1633077" lon="77.4529886">
      </trkpt>
      <trkpt lat="8.1637278" lon="77.4525364">
      </trkpt>
      <trkpt lat="8.1640484" lon="77.4521297">
      </trkpt>
      <trkpt lat="8.1644321" lon="77.4516106">
      </trkpt>
      <trkpt lat="8.1665794" lon="77.4487685">
      </trkpt>
      <trkpt lat="8.1673089" lon="77.447825">
      </trkpt>
      <trkpt lat="8.1675922" lon="77.4474815">
      </trkpt>
      <trkpt lat="8.1677549" lon="77.4473195">
      </trkpt>
      <trkpt lat="8.1681299" lon="77.4469621">
      </trkpt>
      <trkpt lat="8.1686066" lon="77.4465789">
      </trkpt>
      <trkpt lat="8.168867" lon="77.4464005">
      </trkpt>
      <trkpt lat="8.1691897" lon="77.4462181">
      </trkpt>
      <trkpt lat="8.1693365" lon="77.4461425">
      </trkpt>
      <trkpt lat="8.1696635" lon="77.4459799">
      </trkpt>
      <trkpt lat="8.1699652" lon="77.4458431">
      </trkpt>
      <trkpt lat="8.1702672" lon="77.445738">
      </trkpt>
      <trkpt lat="8.1703018" lon="77.4457259">
      </trkpt>
      <trkpt lat="8.1703427" lon="77.4457115">
      </trkpt>
      <trkpt lat="8.1706427" lon="77.445607">
      </trkpt>
      <trkpt lat="8.1709998" lon="77.4454861">
      </trkpt>
      <trkpt lat="8.1715497" lon="77.4452907">
      </trkpt>
      <trkpt lat="8.1717249" lon="77.4452278">
      </trkpt>
      <trkpt lat="8.1719851" lon="77.4451428">
      </trkpt>
      <trkpt lat="8.1721939" lon="77.4450811">
      </trkpt>
      <trkpt lat="8.1724047" lon="77.4450045">
      </trkpt>
      <trkpt lat="8.1726318" lon="77.4449284">
      </trkpt>
      <trkpt lat="8.1726659" lon="77.4449168">
      </trkpt>
      <trkpt lat="8.1728382" lon="77.444858">
      </trkpt>
      <trkpt lat="8.1732382" lon="77.4447264">
      </trkpt>
      <trkpt lat="8.1735952" lon="77.4446057">
      </trkpt>
      <trkpt lat="8.1741607" lon="77.4444153">
      </trkpt>
      <trkpt lat="8.1746313" lon="77.4442556">
      </trkpt>
      <trkpt lat="8.1748324" lon="77.4441873">
      </trkpt>
      <trkpt lat="8.1754483" lon="77.4439741">
      </trkpt>
      <trkpt lat="8.1761983" lon="77.4437206">
      </trkpt>
      <trkpt lat="8.1766281" lon="77.4435735">
      </trkpt>
      <trkpt lat="8.1768369" lon="77.443502">
      </trkpt>
      <trkpt lat="8.1776957" lon="77.4431976">
      </trkpt>
      <trkpt lat="8.1779732" lon="77.4431117">
      </trkpt>
      <trkpt lat="8.1787073" lon="77.442869">
      </trkpt>
      <trkpt lat="8.1793113" lon="77.4426625">
      </trkpt>
      <trkpt lat="8.1798157" lon="77.4424962">
      </trkpt>
      <trkpt lat="8.1800906" lon="77.4424046">
      </trkpt>
      <trkpt lat="8.1803095" lon="77.4423258">
      </trkpt>
      <trkpt lat="8.1804379" lon="77.442283">
      </trkpt>
      <trkpt lat="8.1810498" lon="77.4420789">
      </trkpt>
      <trkpt lat="8.1813422" lon="77.4419776">
      </trkpt>
      <trkpt lat="8.1822448" lon="77.4416595">
      </trkpt>
      <trkpt lat="8.1831684" lon="77.4413686">
      </trkpt>
      <trkpt lat="8.1836892" lon="77.4411821">
      </trkpt>
      <trkpt lat="8.1837542" lon="77.4411588">
      </trkpt>
      <trkpt lat="8.184449" lon="77.4409269">
      </trkpt>
      <trkpt lat="8.1882522" lon="77.4396399">
      </trkpt>
      <trkpt lat="8.1886106" lon="77.4395226">
      </trkpt>
      <trkpt lat="8.1888928" lon="77.4394301">
      </trkpt>
      <trkpt lat="8.1892467" lon="77.4393103">
      </trkpt>
      <trkpt lat="8.1894686" lon="77.4392116">
      </trkpt>
      <trkpt lat="8.1899906" lon="77.4390075">
      </trkpt>
      <trkpt lat="8.1908325" lon="77.4385838">
      </trkpt>
      <trkpt lat="8.1918702" lon="77.4380082">
      </trkpt>
      <trkpt lat="8.192839" lon="77.4374929">
      </trkpt>
      <trkpt lat="8.1933683" lon="77.4372328">
      </trkpt>
      <trkpt lat="8.1938398" lon="77.4370653">
      </trkpt>
      <trkpt lat="8.1942927" lon="77.4369567">
      </trkpt>
      <trkpt lat="8.1947332" lon="77.4368765">
      </trkpt>
      <trkpt lat="8.1951883" lon="77.4368338">
      </trkpt>
      <trkpt lat="8.1975237" lon="77.4367086">
      </trkpt>
      <trkpt lat="8.1979202" lon="77.4366865">
      </trkpt>
      <trkpt lat="8.1982324" lon="77.4366626">
      </trkpt>
      <trkpt lat="8.19855" lon="77.4366253">
      </trkpt>
      <trkpt lat="8.1988746" lon="77.4365694">
      </trkpt>
      <trkpt lat="8.1992124" lon="77.4364866">
      </trkpt>
      <trkpt lat="8.1995517" lon="77.4363689">
      </trkpt>
      <trkpt lat="8.1999043" lon="77.4362271">
      </trkpt>
      <trkpt lat="8.2002563" lon="77.4360541">
      </trkpt>
      <trkpt lat="8.200619" lon="77.435849">
      </trkpt>
      <trkpt lat="8.2010196" lon="77.4355534">
      </trkpt>
      <trkpt lat="8.2013831" lon="77.4352416">
      </trkpt>
      <trkpt lat="8.2016817" lon="77.4349245">
      </trkpt>
      <trkpt lat="8.2019592" lon="77.434586">
      </trkpt>
      <trkpt lat="8.202228" lon="77.4342006">
      </trkpt>
      <trkpt lat="8.2024996" lon="77.4337776">
      </trkpt>
      <trkpt lat="8.2027248" lon="77.4334071">
      </trkpt>
      <trkpt lat="8.2029881" lon="77.4329793">
      </trkpt>
      <trkpt lat="8.203139" lon="77.4326615">
      </trkpt>
      <trkpt lat="8.2032475" lon="77.4323867">
      </trkpt>
      <trkpt lat="8.2034502" lon="77.4318583">
      </trkpt>
      <trkpt lat="8.2035461" lon="77.4313428">
      </trkpt>
      <trkpt lat="8.2035734" lon="77.4311177">
      </trkpt>
      <trkpt lat="8.2036079" lon="77.4306384">
      </trkpt>
      <trkpt lat="8.2035906" lon="77.4299739">
      </trkpt>
      <trkpt lat="8.2035735" lon="77.4297202">
      </trkpt>
      <trkpt lat="8.2034573" lon="77.4291217">
      </trkpt>
      <trkpt lat="8.2033229" lon="77.4286908">
      </trkpt>
      <trkpt lat="8.2031513" lon="77.4282198">
      </trkpt>
      <trkpt lat="8.2022824" lon="77.4260402">
      </trkpt>
      <trkpt lat="8.2019636" lon="77.4252435">
      </trkpt>
      <trkpt lat="8.2014927" lon="77.4240487">
      </trkpt>
      <trkpt lat="8.2010106" lon="77.4228467">
      </trkpt>
      <trkpt lat="8.2006347" lon="77.421904">
      </trkpt>
      <trkpt lat="8.199978" lon="77.4202656">
      </trkpt>
      <trkpt lat="8.1992018" lon="77.4183274">
      </trkpt>
      <trkpt lat="8.198637" lon="77.4168798">
      </trkpt>
      <trkpt lat="8.1978698" lon="77.4149681">
      </trkpt>
      <trkpt lat="8.1971178" lon="77.4131788">
      </trkpt>
      <trkpt lat="8.1964132" lon="77.4113597">
      </trkpt>
      <trkpt lat="8.1958253" lon="77.4099111">
      </trkpt>
      <trkpt lat="8.1952813" lon="77.4085908">
      </trkpt>
      <trkpt lat="8.1949404" lon="77.4077077">
      </trkpt>
      <trkpt lat="8.1946856" lon="77.4070771">
      </trkpt>
      <trkpt lat="8.1944626" lon="77.4064544">
      </trkpt>
      <trkpt lat="8.1943343" lon="77.4058073">
      </trkpt>
      <trkpt lat="8.1942105" lon="77.4051178">
      </trkpt>
      <trkpt lat="8.1941795" lon="77.404829">
      </trkpt>
      <trkpt lat="8.194114" lon="77.4044942">
      </trkpt>
      <trkpt lat="8.1934101" lon="77.3994381">
      </trkpt>
      <trkpt lat="8.1930644" lon="77.3969752">
      </trkpt>
      <trkpt lat="8.1923863" lon="77.3925298">
      </trkpt>
      <trkpt lat="8.191997" lon="77.3898649">
      </trkpt>
      <trkpt lat="8.1918431" lon="77.3890532">
      </trkpt>
      <trkpt lat="8.191747" lon="77.3887536">
      </trkpt>
      <trkpt lat="8.1913309" lon="77.3874836">
      </trkpt>
      <trkpt lat="8.1905123" lon="77.3849925">
      </trkpt>
      <trkpt lat="8.1903411" lon="77.3844042">
      </trkpt>
      <trkpt lat="8.1902124" lon="77.3837757">
      </trkpt>
      <trkpt lat="8.1901754" lon="77.3834023">
      </trkpt>
      <trkpt lat="8.190149" lon="77.3830289">
      </trkpt>
      <trkpt lat="8.1901607" lon="77.3825962">
      </trkpt>
      <trkpt lat="8.1902148" lon="77.3819382">
      </trkpt>
      <trkpt lat="8.1902965" lon="77.380735">
      </trkpt>
      <trkpt lat="8.1904437" lon="77.3786793">
      </trkpt>
      <trkpt lat="8.1906855" lon="77.3755079">
      </trkpt>
      <trkpt lat="8.1907848" lon="77.3745565">
      </trkpt>
      <trkpt lat="8.1909426" lon="77.3739122">
      </trkpt>
      <trkpt lat="8.1911323" lon="77.3733537">
      </trkpt>
      <trkpt lat="8.1914139" lon="77.3728005">
      </trkpt>
      <trkpt lat="8.1917912" lon="77.372124">
      </trkpt>
      <trkpt lat="8.1926866" lon="77.3707109">
      </trkpt>
      <trkpt lat="8.1937267" lon="77.3690416">
      </trkpt>
      <trkpt lat="8.1943637" lon="77.3680501">
      </trkpt>
      <trkpt lat="8.1981378" lon="77.3620467">
      </trkpt>
      <trkpt lat="8.1994922" lon="77.3598695">
      </trkpt>
      <trkpt lat="8.2034795" lon="77.3535662">
      </trkpt>
      <trkpt lat="8.2039818" lon="77.3527958">
      </trkpt>
      <trkpt lat="8.2042996" lon="77.3523784">
      </trkpt>
      <trkpt lat="8.2046806" lon="77.351961">
      </trkpt>
      <trkpt lat="8.2052416" lon="77.3513961">
      </trkpt>
      <trkpt lat="8.2058278" lon="77.3508057">
      </trkpt>
      <trkpt lat="8.2075985" lon="77.3490795">
      </trkpt>
      <trkpt lat="8.207779" lon="77.3488998">
      </trkpt>
      <trkpt lat="8.2104518" lon="77.3462568">
      </trkpt>
      <trkpt lat="8.2110235" lon="77.3456954">
      </trkpt>
      <trkpt lat="8.2115138" lon="77.3450911">
      </trkpt>
      <trkpt lat="8.2118614" lon="77.3445579">
      </trkpt>
      <trkpt lat="8.2121578" lon="77.3439729">
      </trkpt>
      <trkpt lat="8.2123888" lon="77.343357">
      </trkpt>
      <trkpt lat="8.2125222" lon="77.3428066">
      </trkpt>
      <trkpt lat="8.2126348" lon="77.3422376">
      </trkpt>
      <trkpt lat="8.2126693" lon="77.341761">
      </trkpt>
      <trkpt lat="8.212677" lon="77.3413695">
      </trkpt>
      <trkpt lat="8.2126876" lon="77.3410718">
      </trkpt>
      <trkpt lat="8.2126889" lon="77.3404576">
      </trkpt>
      <trkpt lat="8.2126798" lon="77.339613">
      </trkpt>
      <trkpt lat="8.212672" lon="77.3370511">
      </trkpt>
      <trkpt lat="8.2126707" lon="77.3364694">
      </trkpt>
      <trkpt lat="8.212621" lon="77.3360381">
      </trkpt>
      <trkpt lat="8.212532" lon="77.3354756">
      </trkpt>
      <trkpt lat="8.2124225" lon="77.3349776">
      </trkpt>
      <trkpt lat="8.2123259" lon="77.3346223">
      </trkpt>
      <trkpt lat="8.2121779" lon="77.3341074">
      </trkpt>
      <trkpt lat="8.2105214" lon="77.3289788">
      </trkpt>
      <trkpt lat="8.2102004" lon="77.3278397">
      </trkpt>
      <trkpt lat="8.2101499" lon="77.3274826">
      </trkpt>
      <trkpt lat="8.2100959" lon="77.3271103">
      </trkpt>
      <trkpt lat="8.2100541" lon="77.3267044">
      </trkpt>
      <trkpt lat="8.2100376" lon="77.3262476">
      </trkpt>
      <trkpt lat="8.2100235" lon="77.32527">
      </trkpt>
      <trkpt lat="8.2100221" lon="77.3237597">
      </trkpt>
      <trkpt lat="8.2100135" lon="77.3230032">
      </trkpt>
      <trkpt lat="8.210011" lon="77.3227791">
      </trkpt>
      <trkpt lat="8.2099927" lon="77.3214213">
      </trkpt>
      <trkpt lat="8.2099931" lon="77.3199105">
      </trkpt>
      <trkpt lat="8.209993" lon="77.3194512">
      </trkpt>
      <trkpt lat="8.2099681" lon="77.3178768">
      </trkpt>
      <trkpt lat="8.2099893" lon="77.3174325">
      </trkpt>
      <trkpt lat="8.2100387" lon="77.3168715">
      </trkpt>
      <trkpt lat="8.2101216" lon="77.3163226">
      </trkpt>
      <trkpt lat="8.2103499" lon="77.3155124">
      </trkpt>
      <trkpt lat="8.2104237" lon="77.3152808">
      </trkpt>
      <trkpt lat="8.2106715" lon="77.3146544">
      </trkpt>
      <trkpt lat="8.210913" lon="77.3140854">
      </trkpt>
      <trkpt lat="8.2113739" lon="77.3129666">
      </trkpt>
      <trkpt lat="8.2119269" lon="77.3117329">
      </trkpt>
      <trkpt lat="8.2124489" lon="77.3104315">
      </trkpt>
      <trkpt lat="8.2135636" lon="77.3077176">
      </trkpt>
      <trkpt lat="8.2141588" lon="77.3062854">
      </trkpt>
      <trkpt lat="8.2144321" lon="77.3056095">
      </trkpt>
      <trkpt lat="8.2146124" lon="77.3051626">
      </trkpt>
      <trkpt lat="8.214794" lon="77.3045052">
      </trkpt>
      <trkpt lat="8.214896" lon="77.3039243">
      </trkpt>
      <trkpt lat="8.2149334" lon="77.3035537">
      </trkpt>
      <trkpt lat="8.2149634" lon="77.3030873">
      </trkpt>
      <trkpt lat="8.2149611" lon="77.3026572">
      </trkpt>
      <trkpt lat="8.214954" lon="77.3020309">
      </trkpt>
      <trkpt lat="8.2149152" lon="77.2999517">
      </trkpt>
      <trkpt lat="8.2149573" lon="77.2991925">
      </trkpt>
      <trkpt lat="8.2150971" lon="77.2984181">
      </trkpt>
      <trkpt lat="8.2152323" lon="77.2979511">
      </trkpt>
      <trkpt lat="8.2154295" lon="77.297486">
      </trkpt>
      <trkpt lat="8.2155474" lon="77.2972267">
      </trkpt>
      <trkpt lat="8.2158015" lon="77.296696">
      </trkpt>
      <trkpt lat="8.216303" lon="77.2956972">
      </trkpt>
      <trkpt lat="8.2166262" lon="77.2950161">
      </trkpt>
      <trkpt lat="8.2170983" lon="77.2939888">
      </trkpt>
      <trkpt lat="8.2176229" lon="77.2930222">
      </trkpt>
      <trkpt lat="8.2180182" lon="77.2925085">
      </trkpt>
      <trkpt lat="8.2185787" lon="77.291881">
      </trkpt>
      <trkpt lat="8.2190593" lon="77.2914357">
      </trkpt>
      <trkpt lat="8.2195548" lon="77.291017">
      </trkpt>
      <trkpt lat="8.2201675" lon="77.2906225">
      </trkpt>
      <trkpt lat="8.2209116" lon="77.2902432">
      </trkpt>
      <trkpt lat="8.2217097" lon="77.2898479">
      </trkpt>
      <trkpt lat="8.2223292" lon="77.2895424">
      </trkpt>
      <trkpt lat="8.2234203" lon="77.2890167">
      </trkpt>
      <trkpt lat="8.2242914" lon="77.2886035">
      </trkpt>
      <trkpt lat="8.2247381" lon="77.2884089">
      </trkpt>
      <trkpt lat="8.2254212" lon="77.288074">
      </trkpt>
      <trkpt lat="8.2254398" lon="77.2880632">
      </trkpt>
      <trkpt lat="8.2259729" lon="77.2877531">
      </trkpt>
      <trkpt lat="8.2264577" lon="77.2874349">
      </trkpt>
      <trkpt lat="8.2270264" lon="77.2869892">
      </trkpt>
      <trkpt lat="8.2273172" lon="77.2866952">
      </trkpt>
      <trkpt lat="8.2278557" lon="77.2860868">
      </trkpt>
      <trkpt lat="8.2283154" lon="77.2854898">
      </trkpt>
      <trkpt lat="8.2286334" lon="77.2849617">
      </trkpt>
      <trkpt lat="8.2287886" lon="77.2846713">
      </trkpt>
      <trkpt lat="8.2288913" lon="77.2844792">
      </trkpt>
      <trkpt lat="8.2317667" lon="77.2785451">
      </trkpt>
      <trkpt lat="8.232119" lon="77.2779888">
      </trkpt>
      <trkpt lat="8.2324772" lon="77.2775397">
      </trkpt>
      <trkpt lat="8.232745" lon="77.2772228">
      </trkpt>
      <trkpt lat="8.2329827" lon="77.2769514">
      </trkpt>
      <trkpt lat="8.2333324" lon="77.2766032">
      </trkpt>
      <trkpt lat="8.2336512" lon="77.2762959">
      </trkpt>
      <trkpt lat="8.2340896" lon="77.2759536">
      </trkpt>
      <trkpt lat="8.2345504" lon="77.2756605">
      </trkpt>
      <trkpt lat="8.2352244" lon="77.2752869">
      </trkpt>
      <trkpt lat="8.2382388" lon="77.2738171">
      </trkpt>
      <trkpt lat="8.240286" lon="77.272826">
      </trkpt>
      <trkpt lat="8.2423971" lon="77.2718122">
      </trkpt>
      <trkpt lat="8.2435573" lon="77.2712497">
      </trkpt>
      <trkpt lat="8.2443511" lon="77.2708804">
      </trkpt>
      <trkpt lat="8.2448464" lon="77.2706199">
      </trkpt>
      <trkpt lat="8.2453205" lon="77.2703379">
      </trkpt>
      <trkpt lat="8.245833" lon="77.2699673">
      </trkpt>
      <trkpt lat="8.2462606" lon="77.2696129">
      </trkpt>
      <trkpt lat="8.2479452" lon="77.2681396">
      </trkpt>
      <trkpt lat="8.2493124" lon="77.2668613">
      </trkpt>
      <trkpt lat="8.2508418" lon="77.2654939">
      </trkpt>
      <trkpt lat="8.2516597" lon="77.2648065">
      </trkpt>
      <trkpt lat="8.2520003" lon="77.2645314">
      </trkpt>
      <trkpt lat="8.2526834" lon="77.2641148">
      </trkpt>
      <trkpt lat="8.2531107" lon="77.2638991">
      </trkpt>
      <trkpt lat="8.2532975" lon="77.2638258">
      </trkpt>
      <trkpt lat="8.2538928" lon="77.2635922">
      </trkpt>
      <trkpt lat="8.2542966" lon="77.2634607">
      </trkpt>
      <trkpt lat="8.2547129" lon="77.263361">
      </trkpt>
      <trkpt lat="8.2552661" lon="77.26325">
      </trkpt>
      <trkpt lat="8.2558097" lon="77.2631677">
      </trkpt>
      <trkpt lat="8.2568971" lon="77.2630286">
      </trkpt>
      <trkpt lat="8.2590772" lon="77.2627536">
      </trkpt>
      <trkpt lat="8.2597253" lon="77.2626611">
      </trkpt>
      <trkpt lat="8.2603891" lon="77.2625208">
      </trkpt>
      <trkpt lat="8.2608283" lon="77.2623813">
      </trkpt>
      <trkpt lat="8.2612738" lon="77.2621941">
      </trkpt>
      <trkpt lat="8.2616512" lon="77.2620377">
      </trkpt>
      <trkpt lat="8.262013" lon="77.2618527">
      </trkpt>
      <trkpt lat="8.2632856" lon="77.2610736">
      </trkpt>
      <trkpt lat="8.265985" lon="77.2594487">
      </trkpt>
      <trkpt lat="8.2667351" lon="77.2589976">
      </trkpt>
      <trkpt lat="8.2675168" lon="77.2585338">
      </trkpt>
      <trkpt lat="8.2683335" lon="77.2580492">
      </trkpt>
      <trkpt lat="8.2691629" lon="77.2576028">
      </trkpt>
      <trkpt lat="8.2708027" lon="77.256825">
      </trkpt>
      <trkpt lat="8.2732545" lon="77.2557075">
      </trkpt>
      <trkpt lat="8.2757189" lon="77.2545582">
      </trkpt>
      <trkpt lat="8.2777087" lon="77.2536799">
      </trkpt>
      <trkpt lat="8.2787384" lon="77.2531873">
      </trkpt>
      <trkpt lat="8.2803658" lon="77.252507">
      </trkpt>
      <trkpt lat="8.2807444" lon="77.252267">
      </trkpt>
      <trkpt lat="8.2810904" lon="77.2520398">
      </trkpt>
      <trkpt lat="8.2814038" lon="77.2517936">
      </trkpt>
      <trkpt lat="8.2819765" lon="77.2512347">
      </trkpt>
      <trkpt lat="8.2824265" lon="77.2506803">
      </trkpt>
      <trkpt lat="8.2826801" lon="77.2503175">
      </trkpt>
      <trkpt lat="8.2829191" lon="77.2498978">
      </trkpt>
      <trkpt lat="8.283228" lon="77.2491924">
      </trkpt>
      <trkpt lat="8.2833764" lon="77.2483985">
      </trkpt>
      <trkpt lat="8.2835185" lon="77.2478546">
      </trkpt>
      <trkpt lat="8.2836544" lon="77.2471668">
      </trkpt>
      <trkpt lat="8.2838881" lon="77.246109">
      </trkpt>
      <trkpt lat="8.2841547" lon="77.2451547">
      </trkpt>
      <trkpt lat="8.2844051" lon="77.2443701">
      </trkpt>
      <trkpt lat="8.284744" lon="77.2435379">
      </trkpt>
      <trkpt lat="8.2850351" lon="77.2428836">
      </trkpt>
      <trkpt lat="8.285364" lon="77.2422293">
      </trkpt>
      <trkpt lat="8.285774" lon="77.2415452">
      </trkpt>
      <trkpt lat="8.2865278" lon="77.2402333">
      </trkpt>
      <trkpt lat="8.2872164" lon="77.2390556">
      </trkpt>
      <trkpt lat="8.2878661" lon="77.2380296">
      </trkpt>
      <trkpt lat="8.2884669" lon="77.2369649">
      </trkpt>
      <trkpt lat="8.2894763" lon="77.2353597">
      </trkpt>
      <trkpt lat="8.2901142" lon="77.2343532">
      </trkpt>
      <trkpt lat="8.2907504" lon="77.2332262">
      </trkpt>
      <trkpt lat="8.2913484" lon="77.2322281">
      </trkpt>
      <trkpt lat="8.2916657" lon="77.2316984">
      </trkpt>
      <trkpt lat="8.292033" lon="77.2310733">
      </trkpt>
      <trkpt lat="8.2923313" lon="77.2305071">
      </trkpt>
      <trkpt lat="8.2925823" lon="77.2299134">
      </trkpt>
      <trkpt lat="8.2928228" lon="77.2293196">
      </trkpt>
      <trkpt lat="8.2930184" lon="77.2288309">
      </trkpt>
      <trkpt lat="8.2932114" lon="77.2283423">
      </trkpt>
      <trkpt lat="8.2935761" lon="77.2273649">
      </trkpt>
      <trkpt lat="8.2939333" lon="77.2264019">
      </trkpt>
      <trkpt lat="8.2943497" lon="77.2253362">
      </trkpt>
      <trkpt lat="8.2947688" lon="77.2242786">
      </trkpt>
      <trkpt lat="8.2950052" lon="77.2238009">
      </trkpt>
      <trkpt lat="8.2953" lon="77.2232641">
      </trkpt>
      <trkpt lat="8.2956613" lon="77.2226895">
      </trkpt>
      <trkpt lat="8.2961319" lon="77.2220893">
      </trkpt>
      <trkpt lat="8.2966277" lon="77.22147">
      </trkpt>
      <trkpt lat="8.2966292" lon="77.2214686">
      </trkpt>
      <trkpt lat="8.2968934" lon="77.2211946">
      </trkpt>
      <trkpt lat="8.2972205" lon="77.2208892">
      </trkpt>
      <trkpt lat="8.2977496" lon="77.2204244">
      </trkpt>
      <trkpt lat="8.2982673" lon="77.2200176">
      </trkpt>
      <trkpt lat="8.2988102" lon="77.2196492">
      </trkpt>
      <trkpt lat="8.2993931" lon="77.2193036">
      </trkpt>
      <trkpt lat="8.3000012" lon="77.2190028">
      </trkpt>
      <trkpt lat="8.3006367" lon="77.2187445">
      </trkpt>
      <trkpt lat="8.3012754" lon="77.2185436">
      </trkpt>
      <trkpt lat="8.3033486" lon="77.2179353">
      </trkpt>
      <trkpt lat="8.3037342" lon="77.2178086">
      </trkpt>
      <trkpt lat="8.3041287" lon="77.2176953">
      </trkpt>
      <trkpt lat="8.3042994" lon="77.2176492">
      </trkpt>
      <trkpt lat="8.3055037" lon="77.2173127">
      </trkpt>
      <trkpt lat="8.3058165" lon="77.2172232">
      </trkpt>
      <trkpt lat="8.3067238" lon="77.2169634">
      </trkpt>
      <trkpt lat="8.3072596" lon="77.2168316">
      </trkpt>
      <trkpt lat="8.3077322" lon="77.21677">
      </trkpt>
      <trkpt lat="8.3079968" lon="77.216764">
      </trkpt>
      <trkpt lat="8.3086736" lon="77.216767">
      </trkpt>
      <trkpt lat="8.3092372" lon="77.216778">
      </trkpt>
      <trkpt lat="8.3102974" lon="77.2168214">
      </trkpt>
      <trkpt lat="8.3113482" lon="77.2168616">
      </trkpt>
      <trkpt lat="8.3117359" lon="77.2168654">
      </trkpt>
      <trkpt lat="8.3121708" lon="77.2168671">
      </trkpt>
      <trkpt lat="8.3132355" lon="77.2168957">
      </trkpt>
      <trkpt lat="8.3143002" lon="77.2168351">
      </trkpt>
      <trkpt lat="8.3153415" lon="77.2167472">
      </trkpt>
      <trkpt lat="8.3164017" lon="77.2166816">
      </trkpt>
      <trkpt lat="8.3169538" lon="77.2166385">
      </trkpt>
      <trkpt lat="8.3175208" lon="77.216565">
      </trkpt>
      <trkpt lat="8.317722" lon="77.2165383">
      </trkpt>
      <trkpt lat="8.3186221" lon="77.2164237">
      </trkpt>
      <trkpt lat="8.3187636" lon="77.2163938">
      </trkpt>
      <trkpt lat="8.3190381" lon="77.2163347">
      </trkpt>
      <trkpt lat="8.3193181" lon="77.2162624">
      </trkpt>
      <trkpt lat="8.3196436" lon="77.2161477">
      </trkpt>
      <trkpt lat="8.3199785" lon="77.2160236">
      </trkpt>
      <trkpt lat="8.3203477" lon="77.2158566">
      </trkpt>
      <trkpt lat="8.3207131" lon="77.2156669">
      </trkpt>
      <trkpt lat="8.321154" lon="77.2153663">
      </trkpt>
      <trkpt lat="8.3215724" lon="77.2150487">
      </trkpt>
      <trkpt lat="8.3218991" lon="77.2147397">
      </trkpt>
      <trkpt lat="8.3222164" lon="77.2143947">
      </trkpt>
      <trkpt lat="8.3224637" lon="77.2140833">
      </trkpt>
      <trkpt lat="8.3227035" lon="77.2137625">
      </trkpt>
      <trkpt lat="8.322906" lon="77.2134146">
      </trkpt>
      <trkpt lat="8.3231066" lon="77.2130668">
      </trkpt>
      <trkpt lat="8.3233016" lon="77.2126516">
      </trkpt>
      <trkpt lat="8.3234722" lon="77.2122363">
      </trkpt>
      <trkpt lat="8.323588" lon="77.2118829">
      </trkpt>
      <trkpt lat="8.3236737" lon="77.2115332">
      </trkpt>
      <trkpt lat="8.3237251" lon="77.2112811">
      </trkpt>
      <trkpt lat="8.3237652" lon="77.2110213">
      </trkpt>
      <trkpt lat="8.3238359" lon="77.2104894">
      </trkpt>
      <trkpt lat="8.3238915" lon="77.2099726">
      </trkpt>
      <trkpt lat="8.3239631" lon="77.2093788">
      </trkpt>
      <trkpt lat="8.3240328" lon="77.2089158">
      </trkpt>
      <trkpt lat="8.3241194" lon="77.2085036">
      </trkpt>
      <trkpt lat="8.3242303" lon="77.2081275">
      </trkpt>
      <trkpt lat="8.3243611" lon="77.2077608">
      </trkpt>
      <trkpt lat="8.3245069" lon="77.2073922">
      </trkpt>
      <trkpt lat="8.3246658" lon="77.2070502">
      </trkpt>
      <trkpt lat="8.3248717" lon="77.2067063">
      </trkpt>
      <trkpt lat="8.3249918" lon="77.2065309">
      </trkpt>
      <trkpt lat="8.3251195" lon="77.2063592">
      </trkpt>
      <trkpt lat="8.3252602" lon="77.2061538">
      </trkpt>
      <trkpt lat="8.3256781" lon="77.2055877">
      </trkpt>
      <trkpt lat="8.3261084" lon="77.205044">
      </trkpt>
      <trkpt lat="8.3265119" lon="77.2045635">
      </trkpt>
      <trkpt lat="8.3267182" lon="77.204254">
      </trkpt>
      <trkpt lat="8.3269413" lon="77.2038958">
      </trkpt>
      <trkpt lat="8.3271923" lon="77.2034539">
      </trkpt>
      <trkpt lat="8.3274979" lon="77.2027136">
      </trkpt>
      <trkpt lat="8.3280021" lon="77.2013998">
      </trkpt>
      <trkpt lat="8.3286302" lon="77.1998674">
      </trkpt>
      <trkpt lat="8.3292874" lon="77.1980943">
      </trkpt>
      <trkpt lat="8.3303306" lon="77.1953288">
      </trkpt>
      <trkpt lat="8.3306861" lon="77.1944326">
      </trkpt>
      <trkpt lat="8.3313753" lon="77.192616">
      </trkpt>
      <trkpt lat="8.3316533" lon="77.191925">
      </trkpt>
      <trkpt lat="8.331903" lon="77.1914703">
      </trkpt>
      <trkpt lat="8.3321919" lon="77.1909845">
      </trkpt>
      <trkpt lat="8.3324384" lon="77.1906175">
      </trkpt>
      <trkpt lat="8.3327877" lon="77.190015">
      </trkpt>
      <trkpt lat="8.3330534" lon="77.1894365">
      </trkpt>
      <trkpt lat="8.3333431" lon="77.1884502">
      </trkpt>
      <trkpt lat="8.3335301" lon="77.1872993">
      </trkpt>
      <trkpt lat="8.3335256" lon="77.1866309">
      </trkpt>
      <trkpt lat="8.333443" lon="77.185834">
      </trkpt>
      <trkpt lat="8.3331748" lon="77.1843066">
      </trkpt>
      <trkpt lat="8.333065" lon="77.1833988">
      </trkpt>
      <trkpt lat="8.333073" lon="77.182909">
      </trkpt>
      <trkpt lat="8.3330944" lon="77.1824191">
      </trkpt>
      <trkpt lat="8.3331571" lon="77.1819592">
      </trkpt>
      <trkpt lat="8.3332556" lon="77.1814633">
      </trkpt>
      <trkpt lat="8.3334788" lon="77.1807882">
      </trkpt>
      <trkpt lat="8.3337625" lon="77.1801529">
      </trkpt>
      <trkpt lat="8.3341027" lon="77.1796003">
      </trkpt>
      <trkpt lat="8.3345129" lon="77.1790464">
      </trkpt>
      <trkpt lat="8.3350613" lon="77.1784364">
      </trkpt>
      <trkpt lat="8.336039" lon="77.177423">
      </trkpt>
      <trkpt lat="8.3367762" lon="77.1766995">
      </trkpt>
      <trkpt lat="8.3372312" lon="77.1762296">
      </trkpt>
      <trkpt lat="8.3380201" lon="77.1753861">
      </trkpt>
      <trkpt lat="8.3384538" lon="77.1747979">
      </trkpt>
      <trkpt lat="8.3389719" lon="77.1738331">
      </trkpt>
      <trkpt lat="8.3392852" lon="77.1729177">
      </trkpt>
      <trkpt lat="8.3394212" lon="77.1722177">
      </trkpt>
      <trkpt lat="8.3394993" lon="77.1715719">
      </trkpt>
      <trkpt lat="8.3394924" lon="77.1709198">
      </trkpt>
      <trkpt lat="8.3394643" lon="77.1699461">
      </trkpt>
      <trkpt lat="8.3394359" lon="77.1686564">
      </trkpt>
      <trkpt lat="8.3394519" lon="77.1678723">
      </trkpt>
      <trkpt lat="8.33949" lon="77.1674008">
      </trkpt>
      <trkpt lat="8.3395448" lon="77.1669258">
      </trkpt>
      <trkpt lat="8.3396248" lon="77.1665624">
      </trkpt>
      <trkpt lat="8.3397118" lon="77.1661629">
      </trkpt>
      <trkpt lat="8.3398429" lon="77.1657602">
      </trkpt>
      <trkpt lat="8.3400264" lon="77.1652746">
      </trkpt>
      <trkpt lat="8.3402667" lon="77.1647572">
      </trkpt>
      <trkpt lat="8.3405026" lon="77.1643203">
      </trkpt>
      <trkpt lat="8.340734" lon="77.1639337">
      </trkpt>
      <trkpt lat="8.3410033" lon="77.1635471">
      </trkpt>
      <trkpt lat="8.3417393" lon="77.162615">
      </trkpt>
      <trkpt lat="8.3431783" lon="77.1606637">
      </trkpt>
      <trkpt lat="8.343682" lon="77.1599851">
      </trkpt>
      <trkpt lat="8.3444381" lon="77.1590131">
      </trkpt>
      <trkpt lat="8.3448886" lon="77.1583972">
      </trkpt>
      <trkpt lat="8.3452083" lon="77.1579165">
      </trkpt>
      <trkpt lat="8.3454965" lon="77.1574231">
      </trkpt>
      <trkpt lat="8.3463732" lon="77.1556889">
      </trkpt>
      <trkpt lat="8.3466916" lon="77.1551018">
      </trkpt>
      <trkpt lat="8.3470354" lon="77.1545211">
      </trkpt>
      <trkpt lat="8.3473879" lon="77.154059">
      </trkpt>
      <trkpt lat="8.3477562" lon="77.1536287">
      </trkpt>
      <trkpt lat="8.3481652" lon="77.1532112">
      </trkpt>
      <trkpt lat="8.34859" lon="77.1528448">
      </trkpt>
      <trkpt lat="8.3490263" lon="77.1524944">
      </trkpt>
      <trkpt lat="8.3494752" lon="77.1521918">
      </trkpt>
      <trkpt lat="8.3512506" lon="77.1512012">
      </trkpt>
      <trkpt lat="8.3521649" lon="77.1506846">
      </trkpt>
      <trkpt lat="8.3526344" lon="77.1503436">
      </trkpt>
      <trkpt lat="8.3530976" lon="77.1499771">
      </trkpt>
      <trkpt lat="8.3535411" lon="77.149549">
      </trkpt>
      <trkpt lat="8.3539277" lon="77.1491082">
      </trkpt>
      <trkpt lat="8.3547326" lon="77.148169">
      </trkpt>
      <trkpt lat="8.3556802" lon="77.1470698">
      </trkpt>
      <trkpt lat="8.3566155" lon="77.1460165">
      </trkpt>
      <trkpt lat="8.3577338" lon="77.1447003">
      </trkpt>
      <trkpt lat="8.3586646" lon="77.1436189">
      </trkpt>
      <trkpt lat="8.3601601" lon="77.1418901">
      </trkpt>
      <trkpt lat="8.3610012" lon="77.1409254">
      </trkpt>
      <trkpt lat="8.361432" lon="77.1404901">
      </trkpt>
      <trkpt lat="8.3618623" lon="77.1401341">
      </trkpt>
      <trkpt lat="8.3623241" lon="77.1398292">
      </trkpt>
      <trkpt lat="8.3627256" lon="77.1396109">
      </trkpt>
      <trkpt lat="8.363146" lon="77.139418">
      </trkpt>
      <trkpt lat="8.3640627" lon="77.1390388">
      </trkpt>
      <trkpt lat="8.3658392" lon="77.138293">
      </trkpt>
      <trkpt lat="8.3674607" lon="77.1376124">
      </trkpt>
      <trkpt lat="8.3680491" lon="77.1372925">
      </trkpt>
      <trkpt lat="8.368587" lon="77.1369471">
      </trkpt>
      <trkpt lat="8.3693523" lon="77.1363795">
      </trkpt>
      <trkpt lat="8.370026" lon="77.135824">
      </trkpt>
      <trkpt lat="8.3706177" lon="77.1352173">
      </trkpt>
      <trkpt lat="8.3710026" lon="77.1347409">
      </trkpt>
      <trkpt lat="8.3729458" lon="77.1321094">
      </trkpt>
      <trkpt lat="8.3743529" lon="77.130188">
      </trkpt>
      <trkpt lat="8.3757222" lon="77.1282922">
      </trkpt>
      <trkpt lat="8.3761093" lon="77.1278077">
      </trkpt>
      <trkpt lat="8.3764523" lon="77.1274381">
      </trkpt>
      <trkpt lat="8.3774147" lon="77.1265522">
      </trkpt>
      <trkpt lat="8.3783834" lon="77.1256217">
      </trkpt>
      <trkpt lat="8.3794002" lon="77.124619">
      </trkpt>
      <trkpt lat="8.3796517" lon="77.1243116">
      </trkpt>
      <trkpt lat="8.3798906" lon="77.1239787">
      </trkpt>
      <trkpt lat="8.3807127" lon="77.1227633">
      </trkpt>
      <trkpt lat="8.3816674" lon="77.1213789">
      </trkpt>
      <trkpt lat="8.3819062" lon="77.1210424">
      </trkpt>
      <trkpt lat="8.382145" lon="77.1207187">
      </trkpt>
      <trkpt lat="8.382509" lon="77.1203074">
      </trkpt>
      <trkpt lat="8.3827903" lon="77.1200356">
      </trkpt>
      <trkpt lat="8.3830779" lon="77.1197894">
      </trkpt>
      <trkpt lat="8.3835174" lon="77.1194596">
      </trkpt>
      <trkpt lat="8.3842199" lon="77.1190464">
      </trkpt>
      <trkpt lat="8.3846321" lon="77.1188501">
      </trkpt>
      <trkpt lat="8.3850147" lon="77.1186954">
      </trkpt>
      <trkpt lat="8.3853941" lon="77.1185663">
      </trkpt>
      <trkpt lat="8.3876884" lon="77.117767">
      </trkpt>
      <trkpt lat="8.3878918" lon="77.1176942">
      </trkpt>
      <trkpt lat="8.3884999" lon="77.1174345">
      </trkpt>
      <trkpt lat="8.3886395" lon="77.1173749">
      </trkpt>
      <trkpt lat="8.3891916" lon="77.1170652">
      </trkpt>
      <trkpt lat="8.3897209" lon="77.116682">
      </trkpt>
      <trkpt lat="8.3902587" lon="77.1162003">
      </trkpt>
      <trkpt lat="8.3907019" lon="77.115706">
      </trkpt>
      <trkpt lat="8.3909895" lon="77.1153042">
      </trkpt>
      <trkpt lat="8.3914025" lon="77.1146136">
      </trkpt>
      <trkpt lat="8.3916419" lon="77.1140953">
      </trkpt>
      <trkpt lat="8.3919009" lon="77.1133877">
      </trkpt>
      <trkpt lat="8.3921303" lon="77.1125781">
      </trkpt>
      <trkpt lat="8.3932254" lon="77.1087435">
      </trkpt>
      <trkpt lat="8.3946672" lon="77.1038954">
      </trkpt>
      <trkpt lat="8.394886" lon="77.1031736">
      </trkpt>
      <trkpt lat="8.3951426" lon="77.1026192">
      </trkpt>
      <trkpt lat="8.395396" lon="77.1021509">
      </trkpt>
      <trkpt lat="8.3956478" lon="77.1017599">
      </trkpt>
      <trkpt lat="8.3958996" lon="77.1014198">
      </trkpt>
      <trkpt lat="8.3960237" lon="77.1012661">
      </trkpt>
      <trkpt lat="8.3960855" lon="77.101207">
      </trkpt>
      <trkpt lat="8.3962455" lon="77.1010237">
      </trkpt>
      <trkpt lat="8.3971833" lon="77.1000177">
      </trkpt>
      <trkpt lat="8.3984805" lon="77.0985979">
      </trkpt>
      <trkpt lat="8.399683" lon="77.0972356">
      </trkpt>
      <trkpt lat="8.4013129" lon="77.0954301">
      </trkpt>
      <trkpt lat="8.4025791" lon="77.0940854">
      </trkpt>
      <trkpt lat="8.404264" lon="77.0922387">
      </trkpt>
      <trkpt lat="8.4047536" lon="77.0917022">
      </trkpt>
      <trkpt lat="8.405031" lon="77.0913981">
      </trkpt>
      <trkpt lat="8.4053511" lon="77.0910535">
      </trkpt>
      <trkpt lat="8.405833" lon="77.0905029">
      </trkpt>
      <trkpt lat="8.4061108" lon="77.090168">
      </trkpt>
      <trkpt lat="8.4063475" lon="77.0898139">
      </trkpt>
      <trkpt lat="8.4064966" lon="77.0895108">
      </trkpt>
      <trkpt lat="8.4066556" lon="77.0891471">
      </trkpt>
      <trkpt lat="8.4067704" lon="77.0887834">
      </trkpt>
      <trkpt lat="8.4069573" lon="77.0880132">
      </trkpt>
      <trkpt lat="8.4071663" lon="77.0870317">
      </trkpt>
      <trkpt lat="8.4072832" lon="77.0866737">
      </trkpt>
      <trkpt lat="8.4074191" lon="77.0863093">
      </trkpt>
      <trkpt lat="8.4075666" lon="77.0859908">
      </trkpt>
      <trkpt lat="8.4077395" lon="77.0856819">
      </trkpt>
      <trkpt lat="8.4080265" lon="77.0852076">
      </trkpt>
      <trkpt lat="8.4082789" lon="77.084797">
      </trkpt>
      <trkpt lat="8.4086204" lon="77.0842569">
      </trkpt>
      <trkpt lat="8.4088957" lon="77.0838188">
      </trkpt>
      <trkpt lat="8.4091252" lon="77.0834556">
      </trkpt>
      <trkpt lat="8.4093705" lon="77.0830637">
      </trkpt>
      <trkpt lat="8.4101872" lon="77.0817104">
      </trkpt>
      <trkpt lat="8.4117657" lon="77.0791609">
      </trkpt>
      <trkpt lat="8.4126532" lon="77.0776993">
      </trkpt>
      <trkpt lat="8.413588" lon="77.0761611">
      </trkpt>
      <trkpt lat="8.4143253" lon="77.0749789">
      </trkpt>
      <trkpt lat="8.415031" lon="77.0737967">
      </trkpt>
      <trkpt lat="8.4159111" lon="77.0723593">
      </trkpt>
      <trkpt lat="8.4161617" lon="77.07195">
      </trkpt>
      <trkpt lat="8.4174306" lon="77.0698949">
      </trkpt>
      <trkpt lat="8.4188101" lon="77.0677453">
      </trkpt>
      <trkpt lat="8.4191458" lon="77.0672086">
      </trkpt>
      <trkpt lat="8.4202774" lon="77.0652314">
      </trkpt>
      <trkpt lat="8.4205353" lon="77.0647458">
      </trkpt>
      <trkpt lat="8.4207302" lon="77.0642635">
      </trkpt>
      <trkpt lat="8.4209053" lon="77.0637006">
      </trkpt>
      <trkpt lat="8.4211971" lon="77.0625728">
      </trkpt>
      <trkpt lat="8.4214457" lon="77.0617049">
      </trkpt>
      <trkpt lat="8.4216249" lon="77.0612484">
      </trkpt>
      <trkpt lat="8.4218761" lon="77.0606226">
      </trkpt>
      <trkpt lat="8.4221029" lon="77.0601448">
      </trkpt>
      <trkpt lat="8.4225133" lon="77.0593884">
      </trkpt>
      <trkpt lat="8.4229679" lon="77.0586575">
      </trkpt>
      <trkpt lat="8.423091" lon="77.0584732">
      </trkpt>
      <trkpt lat="8.4232164" lon="77.0582854">
      </trkpt>
      <trkpt lat="8.4234807" lon="77.0579452">
      </trkpt>
      <trkpt lat="8.423759" lon="77.0576052">
      </trkpt>
      <trkpt lat="8.4240282" lon="77.0573095">
      </trkpt>
      <trkpt lat="8.4247163" lon="77.0565933">
      </trkpt>
      <trkpt lat="8.4250447" lon="77.0562886">
      </trkpt>
      <trkpt lat="8.427087" lon="77.0546521">
      </trkpt>
      <trkpt lat="8.4284918" lon="77.0533962">
      </trkpt>
      <trkpt lat="8.429708" lon="77.0523442">
      </trkpt>
      <trkpt lat="8.4303104" lon="77.0518267">
      </trkpt>
      <trkpt lat="8.4309354" lon="77.0513244">
      </trkpt>
      <trkpt lat="8.4313648" lon="77.0509378">
      </trkpt>
      <trkpt lat="8.4317605" lon="77.050536">
      </trkpt>
      <trkpt lat="8.4320718" lon="77.050298">
      </trkpt>
      <trkpt lat="8.4323759" lon="77.0497738">
      </trkpt>
      <trkpt lat="8.4336731" lon="77.04817">
      </trkpt>
      <trkpt lat="8.4344347" lon="77.0472187">
      </trkpt>
      <trkpt lat="8.4346045" lon="77.0470066">
      </trkpt>
      <trkpt lat="8.4355133" lon="77.0458773">
      </trkpt>
      <trkpt lat="8.4367534" lon="77.0443196">
      </trkpt>
      <trkpt lat="8.4368742" lon="77.0441476">
      </trkpt>
      <trkpt lat="8.4373088" lon="77.0435175">
      </trkpt>
      <trkpt lat="8.4385129" lon="77.042047">
      </trkpt>
      <trkpt lat="8.4388884" lon="77.0415666">
      </trkpt>
      <trkpt lat="8.439116" lon="77.0412534">
      </trkpt>
      <trkpt lat="8.4391676" lon="77.0411688">
      </trkpt>
      <trkpt lat="8.4394296" lon="77.0407397">
      </trkpt>
      <trkpt lat="8.4397146" lon="77.0401544">
      </trkpt>
      <trkpt lat="8.4400163" lon="77.0393905">
      </trkpt>
      <trkpt lat="8.4400881" lon="77.0388634">
      </trkpt>
      <trkpt lat="8.4402052" lon="77.0382482">
      </trkpt>
      <trkpt lat="8.4403308" lon="77.0369795">
      </trkpt>
      <trkpt lat="8.4404659" lon="77.0355634">
      </trkpt>
      <trkpt lat="8.4407469" lon="77.0324601">
      </trkpt>
      <trkpt lat="8.4409571" lon="77.0300987">
      </trkpt>
      <trkpt lat="8.4410458" lon="77.0295239">
      </trkpt>
      <trkpt lat="8.441174" lon="77.028999">
      </trkpt>
      <trkpt lat="8.4412743" lon="77.028652">
      </trkpt>
      <trkpt lat="8.4413275" lon="77.0284681">
      </trkpt>
      <trkpt lat="8.4415617" lon="77.0278347">
      </trkpt>
      <trkpt lat="8.4419323" lon="77.0267539">
      </trkpt>
      <trkpt lat="8.4423123" lon="77.025675">
      </trkpt>
      <trkpt lat="8.4430311" lon="77.0236687">
      </trkpt>
      <trkpt lat="8.4434544" lon="77.0225144">
      </trkpt>
      <trkpt lat="8.4434609" lon="77.0224968">
      </trkpt>
      <trkpt lat="8.4436468" lon="77.0219905">
      </trkpt>
      <trkpt lat="8.4437743" lon="77.0216435">
      </trkpt>
      <trkpt lat="8.4441768" lon="77.0206631">
      </trkpt>
      <trkpt lat="8.4446561" lon="77.0198401">
      </trkpt>
      <trkpt lat="8.4448084" lon="77.0195378">
      </trkpt>
      <trkpt lat="8.4449214" lon="77.0193531">
      </trkpt>
      <trkpt lat="8.4455789" lon="77.0181772">
      </trkpt>
      <trkpt lat="8.4460656" lon="77.0175191">
      </trkpt>
      <trkpt lat="8.4470295" lon="77.0162924">
      </trkpt>
      <trkpt lat="8.4479958" lon="77.0150717">
      </trkpt>
      <trkpt lat="8.448438" lon="77.0146492">
      </trkpt>
      <trkpt lat="8.44868" lon="77.0142452">
      </trkpt>
      <trkpt lat="8.4489615" lon="77.0139868">
      </trkpt>
      <trkpt lat="8.4492697" lon="77.0137061">
      </trkpt>
      <trkpt lat="8.450235" lon="77.0130385">
      </trkpt>
      <trkpt lat="8.4509179" lon="77.0126038">
      </trkpt>
      <trkpt lat="8.4513229" lon="77.012346">
      </trkpt>
      <trkpt lat="8.452535" lon="77.0116035">
      </trkpt>
      <trkpt lat="8.4537569" lon="77.0107446">
      </trkpt>
      <trkpt lat="8.4543399" lon="77.0103569">
      </trkpt>
      <trkpt lat="8.454408" lon="77.0103117">
      </trkpt>
      <trkpt lat="8.4549374" lon="77.0099603">
      </trkpt>
      <trkpt lat="8.4553481" lon="77.0096457">
      </trkpt>
      <trkpt lat="8.4557611" lon="77.0092815">
      </trkpt>
      <trkpt lat="8.4561481" lon="77.0089219">
      </trkpt>
      <trkpt lat="8.4565939" lon="77.0084723">
      </trkpt>
      <trkpt lat="8.4570924" lon="77.0079734">
      </trkpt>
      <trkpt lat="8.4574256" lon="77.007611">
      </trkpt>
      <trkpt lat="8.4575792" lon="77.0074516">
      </trkpt>
      <trkpt lat="8.4581475" lon="77.0068844">
      </trkpt>
      <trkpt lat="8.4590865" lon="77.0059427">
      </trkpt>
      <trkpt lat="8.4593728" lon="77.0056286">
      </trkpt>
      <trkpt lat="8.4597352" lon="77.0051853">
      </trkpt>
      <trkpt lat="8.4600684" lon="77.0047285">
      </trkpt>
      <trkpt lat="8.4603984" lon="77.00425">
      </trkpt>
      <trkpt lat="8.4606648" lon="77.0037688">
      </trkpt>
      <trkpt lat="8.4608774" lon="77.0033658">
      </trkpt>
      <trkpt lat="8.4610198" lon="77.0030479">
      </trkpt>
      <trkpt lat="8.4613562" lon="77.0021353">
      </trkpt>
      <trkpt lat="8.4623388" lon="76.9997406">
      </trkpt>
      <trkpt lat="8.4632366" lon="76.9975831">
      </trkpt>
      <trkpt lat="8.4635358" lon="76.9968702">
      </trkpt>
      <trkpt lat="8.463851" lon="76.9962538">
      </trkpt>
      <trkpt lat="8.464111" lon="76.9958646">
      </trkpt>
      <trkpt lat="8.4643789" lon="76.9954889">
      </trkpt>
      <trkpt lat="8.4662822" lon="76.9931461">
      </trkpt>
      <trkpt lat="8.4683727" lon="76.990553">
      </trkpt>
      <trkpt lat="8.4686579" lon="76.9902017">
      </trkpt>
      <trkpt lat="8.4692983" lon="76.9894131">
      </trkpt>
      <trkpt lat="8.4699046" lon="76.9886664">
      </trkpt>
      <trkpt lat="8.4700463" lon="76.9884951">
      </trkpt>
      <trkpt lat="8.4704068" lon="76.9880593">
      </trkpt>
      <trkpt lat="8.470698" lon="76.9877073">
      </trkpt>
      <trkpt lat="8.4710146" lon="76.9873247">
      </trkpt>
      <trkpt lat="8.4711546" lon="76.9871541">
      </trkpt>
      <trkpt lat="8.4721112" lon="76.9859884">
      </trkpt>
      <trkpt lat="8.472486" lon="76.9855508">
      </trkpt>
      <trkpt lat="8.4728676" lon="76.9851052">
      </trkpt>
      <trkpt lat="8.4731376" lon="76.9847966">
      </trkpt>
      <trkpt lat="8.4731904" lon="76.9847351">
      </trkpt>
      <trkpt lat="8.4735376" lon="76.9842901">
      </trkpt>
      <trkpt lat="8.4738001" lon="76.9839667">
      </trkpt>
      <trkpt lat="8.4742346" lon="76.9834408">
      </trkpt>
      <trkpt lat="8.4746597" lon="76.9829463">
      </trkpt>
      <trkpt lat="8.4749833" lon="76.9825474">
      </trkpt>
      <trkpt lat="8.4750576" lon="76.9824558">
      </trkpt>
      <trkpt lat="8.4751852" lon="76.9822859">
      </trkpt>
      <trkpt lat="8.475322" lon="76.9821198">
      </trkpt>
      <trkpt lat="8.475341" lon="76.9820939">
      </trkpt>
      <trkpt lat="8.4758726" lon="76.9814512">
      </trkpt>
      <trkpt lat="8.4763853" lon="76.9808376">
      </trkpt>
      <trkpt lat="8.4765289" lon="76.980675">
      </trkpt>
      <trkpt lat="8.4765865" lon="76.9805999">
      </trkpt>
      <trkpt lat="8.4767054" lon="76.9804561">
      </trkpt>
      <trkpt lat="8.4768393" lon="76.9802884">
      </trkpt>
      <trkpt lat="8.4768987" lon="76.9802157">
      </trkpt>
      <trkpt lat="8.4775456" lon="76.9794059">
      </trkpt>
      <trkpt lat="8.477634" lon="76.9792997">
      </trkpt>
      <trkpt lat="8.4778612" lon="76.9790136">
      </trkpt>
      <trkpt lat="8.478794" lon="76.9778613">
      </trkpt>
      <trkpt lat="8.4790302" lon="76.9774965">
      </trkpt>
      <trkpt lat="8.4792187" lon="76.9771666">
      </trkpt>
      <trkpt lat="8.4793274" lon="76.976965">
      </trkpt>
      <trkpt lat="8.4794472" lon="76.9767428">
      </trkpt>
      <trkpt lat="8.4795571" lon="76.9765148">
      </trkpt>
      <trkpt lat="8.4796196" lon="76.9763225">
      </trkpt>
      <trkpt lat="8.4797124" lon="76.9759344">
      </trkpt>
      <trkpt lat="8.4797719" lon="76.975671">
      </trkpt>
      <trkpt lat="8.4798212" lon="76.9754532">
      </trkpt>
      <trkpt lat="8.4799478" lon="76.9748357">
      </trkpt>
      <trkpt lat="8.4800427" lon="76.9744408">
      </trkpt>
      <trkpt lat="8.4801064" lon="76.9741593">
      </trkpt>
      <trkpt lat="8.4801348" lon="76.9740261">
      </trkpt>
      <trkpt lat="8.4802324" lon="76.9735682">
      </trkpt>
      <trkpt lat="8.4803163" lon="76.9733069">
      </trkpt>
      <trkpt lat="8.4803727" lon="76.973131">
      </trkpt>
      <trkpt lat="8.480521" lon="76.972742">
      </trkpt>
      <trkpt lat="8.4807351" lon="76.9723419">
      </trkpt>
      <trkpt lat="8.4809502" lon="76.9720481">
      </trkpt>
      <trkpt lat="8.4816206" lon="76.9713468">
      </trkpt>
      <trkpt lat="8.4819912" lon="76.9710587">
      </trkpt>
      <trkpt lat="8.483159" lon="76.9703151">
      </trkpt>
      <trkpt lat="8.4834779" lon="76.9700899">
      </trkpt>
      <trkpt lat="8.4835805" lon="76.9699955">
      </trkpt>
      <trkpt lat="8.4839692" lon="76.969642">
      </trkpt>
      <trkpt lat="8.4843563" lon="76.9691823">
      </trkpt>
      <trkpt lat="8.4845894" lon="76.9688244">
      </trkpt>
      <trkpt lat="8.4848038" lon="76.9683899">
      </trkpt>
      <trkpt lat="8.484981" lon="76.9678762">
      </trkpt>
      <trkpt lat="8.4850835" lon="76.9673801">
      </trkpt>
      <trkpt lat="8.4851142" lon="76.966925">
      </trkpt>
      <trkpt lat="8.4851079" lon="76.96647">
      </trkpt>
      <trkpt lat="8.4850897" lon="76.9661342">
      </trkpt>
      <trkpt lat="8.4850885" lon="76.9657503">
      </trkpt>
      <trkpt lat="8.4850752" lon="76.9654441">
      </trkpt>
      <trkpt lat="8.485063" lon="76.9651312">
      </trkpt>
      <trkpt lat="8.4850742" lon="76.9647477">
      </trkpt>
      <trkpt lat="8.4851408" lon="76.9643531">
      </trkpt>
      <trkpt lat="8.4851838" lon="76.963934">
      </trkpt>
      <trkpt lat="8.4854603" lon="76.9628161">
      </trkpt>
      <trkpt lat="8.485583" lon="76.9623244">
      </trkpt>
      <trkpt lat="8.4856271" lon="76.9620952">
      </trkpt>
      <trkpt lat="8.4857209" lon="76.9615442">
      </trkpt>
      <trkpt lat="8.4857617" lon="76.9607798">
      </trkpt>
      <trkpt lat="8.4857784" lon="76.9600694">
      </trkpt>
      <trkpt lat="8.485811" lon="76.9589005">
      </trkpt>
      <trkpt lat="8.4858382" lon="76.9582038">
      </trkpt>
      <trkpt lat="8.4858443" lon="76.9574319">
      </trkpt>
      <trkpt lat="8.4858801" lon="76.9569829">
      </trkpt>
      <trkpt lat="8.4859054" lon="76.9567235">
      </trkpt>
      <trkpt lat="8.4859285" lon="76.9565339">
      </trkpt>
      <trkpt lat="8.4859797" lon="76.956146">
      </trkpt>
      <trkpt lat="8.4860267" lon="76.9559012">
      </trkpt>
      <trkpt lat="8.4860708" lon="76.9557085">
      </trkpt>
      <trkpt lat="8.4862242" lon="76.9550681">
      </trkpt>
      <trkpt lat="8.486271" lon="76.9548566">
      </trkpt>
      <trkpt lat="8.4871095" lon="76.951031">
      </trkpt>
      <trkpt lat="8.4872333" lon="76.950466">
      </trkpt>
      <trkpt lat="8.48735" lon="76.9498922">
      </trkpt>
      <trkpt lat="8.4874435" lon="76.9494462">
      </trkpt>
      <trkpt lat="8.4875382" lon="76.948975">
      </trkpt>
      <trkpt lat="8.4875942" lon="76.9487536">
      </trkpt>
      <trkpt lat="8.4877117" lon="76.9482295">
      </trkpt>
      <trkpt lat="8.4877933" lon="76.9478662">
      </trkpt>
      <trkpt lat="8.4878573" lon="76.9475411">
      </trkpt>
      <trkpt lat="8.48794" lon="76.9471684">
      </trkpt>
      <trkpt lat="8.4883707" lon="76.9452278">
      </trkpt>
      <trkpt lat="8.4885683" lon="76.944358">
      </trkpt>
      <trkpt lat="8.4887244" lon="76.9437618">
      </trkpt>
      <trkpt lat="8.4888918" lon="76.9432083">
      </trkpt>
      <trkpt lat="8.4890645" lon="76.9427568">
      </trkpt>
      <trkpt lat="8.4894674" lon="76.941794">
      </trkpt>
      <trkpt lat="8.4899561" lon="76.9408897">
      </trkpt>
      <trkpt lat="8.4900292" lon="76.9407443">
      </trkpt>
      <trkpt lat="8.4903267" lon="76.9401186">
      </trkpt>
      <trkpt lat="8.4905897" lon="76.9396173">
      </trkpt>
      <trkpt lat="8.4906254" lon="76.9395519">
      </trkpt>
      <trkpt lat="8.4912456" lon="76.9384501">
      </trkpt>
      <trkpt lat="8.4919228" lon="76.9371678">
      </trkpt>
      <trkpt lat="8.4921084" lon="76.9368087">
      </trkpt>
      <trkpt lat="8.495563" lon="76.9302883">
      </trkpt>
      <trkpt lat="8.4958666" lon="76.929594">
      </trkpt>
      <trkpt lat="8.4961251" lon="76.9290122">
      </trkpt>
      <trkpt lat="8.4962893" lon="76.9284703">
      </trkpt>
      <trkpt lat="8.4964312" lon="76.9277489">
      </trkpt>
      <trkpt lat="8.4965022" lon="76.9269884">
      </trkpt>
      <trkpt lat="8.4964925" lon="76.9265925">
      </trkpt>
      <trkpt lat="8.4964047" lon="76.9258542">
      </trkpt>
      <trkpt lat="8.4963418" lon="76.9255125">
      </trkpt>
      <trkpt lat="8.4962964" lon="76.9252149">
      </trkpt>
      <trkpt lat="8.4960952" lon="76.9243693">
      </trkpt>
      <trkpt lat="8.4957305" lon="76.922897">
      </trkpt>
      <trkpt lat="8.4955834" lon="76.9222616">
      </trkpt>
      <trkpt lat="8.4954998" lon="76.9219254">
      </trkpt>
      <trkpt lat="8.4952626" lon="76.9209713">
      </trkpt>
      <trkpt lat="8.4950715" lon="76.920213">
      </trkpt>
      <trkpt lat="8.4948292" lon="76.9192518">
      </trkpt>
      <trkpt lat="8.4945669" lon="76.9181817">
      </trkpt>
      <trkpt lat="8.4944584" lon="76.9177392">
      </trkpt>
      <trkpt lat="8.4941975" lon="76.916675">
      </trkpt>
      <trkpt lat="8.4940041" lon="76.9158375">
      </trkpt>
      <trkpt lat="8.4938611" lon="76.915029">
      </trkpt>
      <trkpt lat="8.4938175" lon="76.9142629">
      </trkpt>
      <trkpt lat="8.4938287" lon="76.9134974">
      </trkpt>
      <trkpt lat="8.4939105" lon="76.9128833">
      </trkpt>
      <trkpt lat="8.494016" lon="76.9123361">
      </trkpt>
      <trkpt lat="8.4941265" lon="76.9118874">
      </trkpt>
      <trkpt lat="8.494353" lon="76.911231">
      </trkpt>
      <trkpt lat="8.4945859" lon="76.9106989">
      </trkpt>
      <trkpt lat="8.4948512" lon="76.9101802">
      </trkpt>
      <trkpt lat="8.4952225" lon="76.9095624">
      </trkpt>
      <trkpt lat="8.4955771" lon="76.9090865">
      </trkpt>
      <trkpt lat="8.4959998" lon="76.9085922">
      </trkpt>
      <trkpt lat="8.4960067" lon="76.9085842">
      </trkpt>
      <trkpt lat="8.4963764" lon="76.9082185">
      </trkpt>
      <trkpt lat="8.5018063" lon="76.9032431">
      </trkpt>
      <trkpt lat="8.5045742" lon="76.9006906">
      </trkpt>
      <trkpt lat="8.5071386" lon="76.8983472">
      </trkpt>
      <trkpt lat="8.5108487" lon="76.8949283">
      </trkpt>
      <trkpt lat="8.5118366" lon="76.8940211">
      </trkpt>
      <trkpt lat="8.5121364" lon="76.8937075">
      </trkpt>
      <trkpt lat="8.5124516" lon="76.8933232">
      </trkpt>
      <trkpt lat="8.5126625" lon="76.8930554">
      </trkpt>
      <trkpt lat="8.5128072" lon="76.8928265">
      </trkpt>
      <trkpt lat="8.5129551" lon="76.8925748">
      </trkpt>
      <trkpt lat="8.5130711" lon="76.8923634">
      </trkpt>
      <trkpt lat="8.5132113" lon="76.8920654">
      </trkpt>
      <trkpt lat="8.5133495" lon="76.8917144">
      </trkpt>
      <trkpt lat="8.5134668" lon="76.8913934">
      </trkpt>
      <trkpt lat="8.5136825" lon="76.8907185">
      </trkpt>
      <trkpt lat="8.5137573" lon="76.8904301">
      </trkpt>
      <trkpt lat="8.5138971" lon="76.8899673">
      </trkpt>
      <trkpt lat="8.5141017" lon="76.8893531">
      </trkpt>
      <trkpt lat="8.5142299" lon="76.8889711">
      </trkpt>
      <trkpt lat="8.5144181" lon="76.8884787">
      </trkpt>
      <trkpt lat="8.5146065" lon="76.8881097">
      </trkpt>
      <trkpt lat="8.5148631" lon="76.88769">
      </trkpt>
      <trkpt lat="8.5151228" lon="76.8873509">
      </trkpt>
      <trkpt lat="8.5153752" lon="76.8870736">
      </trkpt>
      <trkpt lat="8.5156948" lon="76.8867561">
      </trkpt>
      <trkpt lat="8.517938" lon="76.8846649">
      </trkpt>
      <trkpt lat="8.5183143" lon="76.8843652">
      </trkpt>
      <trkpt lat="8.5186277" lon="76.8841025">
      </trkpt>
      <trkpt lat="8.5189906" lon="76.8838759">
      </trkpt>
      <trkpt lat="8.5192875" lon="76.8837112">
      </trkpt>
      <trkpt lat="8.5196286" lon="76.8835295">
      </trkpt>
      <trkpt lat="8.5200625" lon="76.8833642">
      </trkpt>
      <trkpt lat="8.5205241" lon="76.8832302">
      </trkpt>
      <trkpt lat="8.5210195" lon="76.883119">
      </trkpt>
      <trkpt lat="8.5211402" lon="76.8830987">
      </trkpt>
      <trkpt lat="8.5219491" lon="76.8829624">
      </trkpt>
      <trkpt lat="8.5227686" lon="76.8828432">
      </trkpt>
      <trkpt lat="8.5248972" lon="76.8823543">
      </trkpt>
      <trkpt lat="8.5257077" lon="76.8822023">
      </trkpt>
      <trkpt lat="8.5269942" lon="76.8819611">
      </trkpt>
      <trkpt lat="8.5289711" lon="76.8815375">
      </trkpt>
      <trkpt lat="8.5304287" lon="76.8810465">
      </trkpt>
      <trkpt lat="8.5314056" lon="76.8806233">
      </trkpt>
      <trkpt lat="8.5327324" lon="76.8799186">
      </trkpt>
      <trkpt lat="8.5405056" lon="76.8757686">
      </trkpt>
      <trkpt lat="8.5415502" lon="76.8752135">
      </trkpt>
      <trkpt lat="8.5425911" lon="76.874719">
      </trkpt>
      <trkpt lat="8.5433206" lon="76.8744446">
      </trkpt>
      <trkpt lat="8.5438623" lon="76.8742533">
      </trkpt>
      <trkpt lat="8.5447006" lon="76.874009">
      </trkpt>
      <trkpt lat="8.5455539" lon="76.8738216">
      </trkpt>
      <trkpt lat="8.5463193" lon="76.8736816">
      </trkpt>
      <trkpt lat="8.5471034" lon="76.8735833">
      </trkpt>
      <trkpt lat="8.5505983" lon="76.8732143">
      </trkpt>
      <trkpt lat="8.5519068" lon="76.8730872">
      </trkpt>
      <trkpt lat="8.5528688" lon="76.8729697">
      </trkpt>
      <trkpt lat="8.5561077" lon="76.872633">
      </trkpt>
      <trkpt lat="8.560197" lon="76.8722043">
      </trkpt>
      <trkpt lat="8.5609861" lon="76.8721206">
      </trkpt>
      <trkpt lat="8.5611209" lon="76.8721063">
      </trkpt>
      <trkpt lat="8.562052" lon="76.8720076">
      </trkpt>
      <trkpt lat="8.5622139" lon="76.8719904">
      </trkpt>
      <trkpt lat="8.5633352" lon="76.8718453">
      </trkpt>
      <trkpt lat="8.5639838" lon="76.8716847">
      </trkpt>
      <trkpt lat="8.5645358" lon="76.8715084">
      </trkpt>
      <trkpt lat="8.5650026" lon="76.8713066">
      </trkpt>
      <trkpt lat="8.5654583" lon="76.8710788">
      </trkpt>
      <trkpt lat="8.5659896" lon="76.8707521">
      </trkpt>
      <trkpt lat="8.5665954" lon="76.8703312">
      </trkpt>
      <trkpt lat="8.5674623" lon="76.8696781">
      </trkpt>
      <trkpt lat="8.5685119" lon="76.8688668">
      </trkpt>
      <trkpt lat="8.5701663" lon="76.8676112">
      </trkpt>
      <trkpt lat="8.5737114" lon="76.864941">
      </trkpt>
      <trkpt lat="8.5738537" lon="76.8648338">
      </trkpt>
      <trkpt lat="8.5754708" lon="76.8636099">
      </trkpt>
      <trkpt lat="8.5755652" lon="76.8635385">
      </trkpt>
      <trkpt lat="8.5772326" lon="76.8622687">
      </trkpt>
      <trkpt lat="8.5790766" lon="76.8608942">
      </trkpt>
      <trkpt lat="8.5802583" lon="76.8600056">
      </trkpt>
      <trkpt lat="8.5870494" lon="76.8545082">
      </trkpt>
      <trkpt lat="8.5884072" lon="76.853388">
      </trkpt>
      <trkpt lat="8.589124" lon="76.8528067">
      </trkpt>
      <trkpt lat="8.5911577" lon="76.851137">
      </trkpt>
      <trkpt lat="8.5922941" lon="76.8502351">
      </trkpt>
      <trkpt lat="8.5942248" lon="76.8486448">
      </trkpt>
      <trkpt lat="8.5963376" lon="76.8469322">
      </trkpt>
      <trkpt lat="8.5974756" lon="76.8460073">
      </trkpt>
      <trkpt lat="8.5987093" lon="76.8449709">
      </trkpt>
      <trkpt lat="8.600117" lon="76.843865">
      </trkpt>
      <trkpt lat="8.6011247" lon="76.8431703">
      </trkpt>
      <trkpt lat="8.6020201" lon="76.842566">
      </trkpt>
      <trkpt lat="8.6031117" lon="76.8418549">
      </trkpt>
      <trkpt lat="8.6035359" lon="76.8415751">
      </trkpt>
      <trkpt lat="8.6039034" lon="76.8412953">
      </trkpt>
      <trkpt lat="8.6044326" lon="76.8408289">
      </trkpt>
      <trkpt lat="8.6050585" lon="76.840103">
      </trkpt>
      <trkpt lat="8.6070679" lon="76.8377235">
      </trkpt>
      <trkpt lat="8.607362" lon="76.8373768">
      </trkpt>
      <trkpt lat="8.6073613" lon="76.8373761">
      </trkpt>
      <trkpt lat="8.6085871" lon="76.8359331">
      </trkpt>
      <trkpt lat="8.6087211" lon="76.835773">
      </trkpt>
      <trkpt lat="8.6100908" lon="76.8341611">
      </trkpt>
      <trkpt lat="8.6106427" lon="76.8335226">
      </trkpt>
      <trkpt lat="8.6107295" lon="76.8334223">
      </trkpt>
      <trkpt lat="8.6113484" lon="76.8326892">
      </trkpt>
      <trkpt lat="8.6123305" lon="76.8315443">
      </trkpt>
      <trkpt lat="8.6131047" lon="76.8307235">
      </trkpt>
      <trkpt lat="8.6135063" lon="76.8303404">
      </trkpt>
      <trkpt lat="8.614013" lon="76.8298892">
      </trkpt>
      <trkpt lat="8.6150532" lon="76.8290243">
      </trkpt>
      <trkpt lat="8.6159862" lon="76.8282536">
      </trkpt>
      <trkpt lat="8.6166405" lon="76.82771">
      </trkpt>
      <trkpt lat="8.6181402" lon="76.826464">
      </trkpt>
      <trkpt lat="8.6200312" lon="76.8246877">
      </trkpt>
      <trkpt lat="8.6202642" lon="76.8243623">
      </trkpt>
      <trkpt lat="8.6204744" lon="76.8240213">
      </trkpt>
      <trkpt lat="8.6208435" lon="76.8232428">
      </trkpt>
      <trkpt lat="8.6210666" lon="76.8227108">
      </trkpt>
      <trkpt lat="8.6226978" lon="76.8180651">
      </trkpt>
      <trkpt lat="8.6238296" lon="76.8147649">
      </trkpt>
      <trkpt lat="8.6240805" lon="76.8141045">
      </trkpt>
      <trkpt lat="8.6243895" lon="76.8134099">
      </trkpt>
      <trkpt lat="8.6246672" lon="76.8128314">
      </trkpt>
      <trkpt lat="8.6250864" lon="76.8121083">
      </trkpt>
      <trkpt lat="8.6254365" lon="76.8116281">
      </trkpt>
      <trkpt lat="8.6256734" lon="76.81135">
      </trkpt>
      <trkpt lat="8.6259328" lon="76.8110758">
      </trkpt>
      <trkpt lat="8.6263843" lon="76.8106517">
      </trkpt>
      <trkpt lat="8.6268659" lon="76.8102522">
      </trkpt>
      <trkpt lat="8.6273348" lon="76.8099319">
      </trkpt>
      <trkpt lat="8.6277399" lon="76.8096931">
      </trkpt>
      <trkpt lat="8.628584" lon="76.8092763">
      </trkpt>
      <trkpt lat="8.6311105" lon="76.8082547">
      </trkpt>
      <trkpt lat="8.6322767" lon="76.8077565">
      </trkpt>
      <trkpt lat="8.6341332" lon="76.806965">
      </trkpt>
      <trkpt lat="8.6360492" lon="76.8061571">
      </trkpt>
      <trkpt lat="8.6368585" lon="76.8057625">
      </trkpt>
      <trkpt lat="8.6375538" lon="76.8052981">
      </trkpt>
      <trkpt lat="8.6380002" lon="76.8049059">
      </trkpt>
      <trkpt lat="8.638396" lon="76.8044388">
      </trkpt>
      <trkpt lat="8.6386963" lon="76.8039933">
      </trkpt>
      <trkpt lat="8.6391193" lon="76.803263">
      </trkpt>
      <trkpt lat="8.6401138" lon="76.8014271">
      </trkpt>
      <trkpt lat="8.6408733" lon="76.8001553">
      </trkpt>
      <trkpt lat="8.6414552" lon="76.7994253">
      </trkpt>
      <trkpt lat="8.6432899" lon="76.7974102">
      </trkpt>
      <trkpt lat="8.6457218" lon="76.7947764">
      </trkpt>
      <trkpt lat="8.647678" lon="76.7926177">
      </trkpt>
      <trkpt lat="8.6478264" lon="76.7924639">
      </trkpt>
      <trkpt lat="8.6481083" lon="76.7921833">
      </trkpt>
      <trkpt lat="8.6495702" lon="76.7907283">
      </trkpt>
      <trkpt lat="8.6498755" lon="76.7904901">
      </trkpt>
      <trkpt lat="8.6501998" lon="76.7902631">
      </trkpt>
      <trkpt lat="8.6506164" lon="76.790003">
      </trkpt>
      <trkpt lat="8.6510457" lon="76.7897509">
      </trkpt>
      <trkpt lat="8.6527511" lon="76.7888847">
      </trkpt>
      <trkpt lat="8.6528195" lon="76.7888499">
      </trkpt>
      <trkpt lat="8.6528845" lon="76.7888153">
      </trkpt>
      <trkpt lat="8.6548308" lon="76.7877794">
      </trkpt>
      <trkpt lat="8.658628" lon="76.7857892">
      </trkpt>
      <trkpt lat="8.6604957" lon="76.7847632">
      </trkpt>
      <trkpt lat="8.6614647" lon="76.78432">
      </trkpt>
      <trkpt lat="8.6615287" lon="76.7842907">
      </trkpt>
      <trkpt lat="8.6619443" lon="76.7841103">
      </trkpt>
      <trkpt lat="8.6624419" lon="76.7839362">
      </trkpt>
      <trkpt lat="8.6642956" lon="76.7833591">
      </trkpt>
      <trkpt lat="8.6662186" lon="76.7827533">
      </trkpt>
      <trkpt lat="8.6662968" lon="76.7827294">
      </trkpt>
      <trkpt lat="8.669535" lon="76.7817389">
      </trkpt>
      <trkpt lat="8.6702189" lon="76.7814792">
      </trkpt>
      <trkpt lat="8.67087" lon="76.7810843">
      </trkpt>
      <trkpt lat="8.6715116" lon="76.7805099">
      </trkpt>
      <trkpt lat="8.6721433" lon="76.7799378">
      </trkpt>
      <trkpt lat="8.6729762" lon="76.7791587">
      </trkpt>
      <trkpt lat="8.6733085" lon="76.7788258">
      </trkpt>
      <trkpt lat="8.6736051" lon="76.778502">
      </trkpt>
      <trkpt lat="8.6740344" lon="76.7779227">
      </trkpt>
      <trkpt lat="8.6743278" lon="76.7774696">
      </trkpt>
      <trkpt lat="8.6745778" lon="76.7770634">
      </trkpt>
      <trkpt lat="8.674792" lon="76.7766482">
      </trkpt>
      <trkpt lat="8.6749684" lon="76.7762207">
      </trkpt>
      <trkpt lat="8.6751316" lon="76.7757458">
      </trkpt>
      <trkpt lat="8.6753831" lon="76.7749583">
      </trkpt>
      <trkpt lat="8.6755298" lon="76.7744881">
      </trkpt>
      <trkpt lat="8.6763003" lon="76.772092">
      </trkpt>
      <trkpt lat="8.6764486" lon="76.7716494">
      </trkpt>
      <trkpt lat="8.6766533" lon="76.7711523">
      </trkpt>
      <trkpt lat="8.6768881" lon="76.7706893">
      </trkpt>
      <trkpt lat="8.6770861" lon="76.7703616">
      </trkpt>
      <trkpt lat="8.6773625" lon="76.7699435">
      </trkpt>
      <trkpt lat="8.6776571" lon="76.7694911">
      </trkpt>
      <trkpt lat="8.6803641" lon="76.7655266">
      </trkpt>
      <trkpt lat="8.6809919" lon="76.7645892">
      </trkpt>
      <trkpt lat="8.6813889" lon="76.7640063">
      </trkpt>
      <trkpt lat="8.6818729" lon="76.7633265">
      </trkpt>
      <trkpt lat="8.6821661" lon="76.7630011">
      </trkpt>
      <trkpt lat="8.6823609" lon="76.7627983">
      </trkpt>
      <trkpt lat="8.6829892" lon="76.7622766">
      </trkpt>
      <trkpt lat="8.6836137" lon="76.7618997">
      </trkpt>
      <trkpt lat="8.6842076" lon="76.7616342">
      </trkpt>
      <trkpt lat="8.6847551" lon="76.7614806">
      </trkpt>
      <trkpt lat="8.6852828" lon="76.761366">
      </trkpt>
      <trkpt lat="8.6884199" lon="76.760836">
      </trkpt>
      <trkpt lat="8.6975269" lon="76.7592532">
      </trkpt>
      <trkpt lat="8.699212" lon="76.7589798">
      </trkpt>
      <trkpt lat="8.6997022" lon="76.7588961">
      </trkpt>
      <trkpt lat="8.7002681" lon="76.7587839">
      </trkpt>
      <trkpt lat="8.7008233" lon="76.7586196">
      </trkpt>
      <trkpt lat="8.7014006" lon="76.7583787">
      </trkpt>
      <trkpt lat="8.7020082" lon="76.7580738">
      </trkpt>
      <trkpt lat="8.7028608" lon="76.7576117">
      </trkpt>
      <trkpt lat="8.7032382" lon="76.7573743">
      </trkpt>
      <trkpt lat="8.7035631" lon="76.7571217">
      </trkpt>
      <trkpt lat="8.7038659" lon="76.756851">
      </trkpt>
      <trkpt lat="8.7041499" lon="76.7565651">
      </trkpt>
      <trkpt lat="8.7044466" lon="76.7561529">
      </trkpt>
      <trkpt lat="8.7046982" lon="76.7557161">
      </trkpt>
      <trkpt lat="8.7048677" lon="76.7553176">
      </trkpt>
      <trkpt lat="8.7049922" lon="76.7549134">
      </trkpt>
      <trkpt lat="8.7054335" lon="76.753478">
      </trkpt>
      <trkpt lat="8.7058504" lon="76.7520862">
      </trkpt>
      <trkpt lat="8.7059547" lon="76.751798">
      </trkpt>
      <trkpt lat="8.7060739" lon="76.7515174">
      </trkpt>
      <trkpt lat="8.7062404" lon="76.7511609">
      </trkpt>
      <trkpt lat="8.7064406" lon="76.7508234">
      </trkpt>
      <trkpt lat="8.7066944" lon="76.7504865">
      </trkpt>
      <trkpt lat="8.7069783" lon="76.7501837">
      </trkpt>
      <trkpt lat="8.7072436" lon="76.7499706">
      </trkpt>
      <trkpt lat="8.7075201" lon="76.7497764">
      </trkpt>
      <trkpt lat="8.7078649" lon="76.749599">
      </trkpt>
      <trkpt lat="8.7082097" lon="76.7494519">
      </trkpt>
      <trkpt lat="8.7086539" lon="76.7493207">
      </trkpt>
      <trkpt lat="8.7090516" lon="76.749266">
      </trkpt>
      <trkpt lat="8.7093878" lon="76.7492621">
      </trkpt>
      <trkpt lat="8.7098047" lon="76.7492913">
      </trkpt>
      <trkpt lat="8.7101578" lon="76.7493585">
      </trkpt>
      <trkpt lat="8.7106016" lon="76.7494948">
      </trkpt>
      <trkpt lat="8.7119735" lon="76.7501109">
      </trkpt>
      <trkpt lat="8.7123109" lon="76.7502378">
      </trkpt>
      <trkpt lat="8.712712" lon="76.7503608">
      </trkpt>
      <trkpt lat="8.7129611" lon="76.7504022">
      </trkpt>
      <trkpt lat="8.7132264" lon="76.7504237">
      </trkpt>
      <trkpt lat="8.7135338" lon="76.7504282">
      </trkpt>
      <trkpt lat="8.713808" lon="76.7503979">
      </trkpt>
      <trkpt lat="8.7142084" lon="76.7503334">
      </trkpt>
      <trkpt lat="8.7145648" lon="76.7502363">
      </trkpt>
      <trkpt lat="8.7148403" lon="76.7501366">
      </trkpt>
      <trkpt lat="8.7151507" lon="76.7499917">
      </trkpt>
      <trkpt lat="8.7154612" lon="76.7498051">
      </trkpt>
      <trkpt lat="8.7157205" lon="76.7496138">
      </trkpt>
      <trkpt lat="8.7159216" lon="76.7494263">
      </trkpt>
      <trkpt lat="8.7160951" lon="76.7492409">
      </trkpt>
      <trkpt lat="8.7163168" lon="76.7490216">
      </trkpt>
      <trkpt lat="8.7164642" lon="76.7488053">
      </trkpt>
      <trkpt lat="8.7166378" lon="76.7485151">
      </trkpt>
      <trkpt lat="8.7167959" lon="76.7482087">
      </trkpt>
      <trkpt lat="8.7168974" lon="76.7479024">
      </trkpt>
      <trkpt lat="8.71701" lon="76.747444">
      </trkpt>
      <trkpt lat="8.7171196" lon="76.7469766">
      </trkpt>
      <trkpt lat="8.7172449" lon="76.7465312">
      </trkpt>
      <trkpt lat="8.7174185" lon="76.7461182">
      </trkpt>
      <trkpt lat="8.7176078" lon="76.7457233">
      </trkpt>
      <trkpt lat="8.7178525" lon="76.7453755">
      </trkpt>
      <trkpt lat="8.7180178" lon="76.7451549">
      </trkpt>
      <trkpt lat="8.7182793" lon="76.7448834">
      </trkpt>
      <trkpt lat="8.7185268" lon="76.7446679">
      </trkpt>
      <trkpt lat="8.7188198" lon="76.7444627">
      </trkpt>
      <trkpt lat="8.7191365" lon="76.7442672">
      </trkpt>
      <trkpt lat="8.7194941" lon="76.7440923">
      </trkpt>
      <trkpt lat="8.7199099" lon="76.7439247">
      </trkpt>
      <trkpt lat="8.7205628" lon="76.7436338">
      </trkpt>
      <trkpt lat="8.7212031" lon="76.7433173">
      </trkpt>
      <trkpt lat="8.7215456" lon="76.7430994">
      </trkpt>
      <trkpt lat="8.7218679" lon="76.7428416">
      </trkpt>
      <trkpt lat="8.722106" lon="76.7425718">
      </trkpt>
      <trkpt lat="8.7223269" lon="76.7422903">
      </trkpt>
      <trkpt lat="8.7225616" lon="76.7419391">
      </trkpt>
      <trkpt lat="8.7227333" lon="76.7415619">
      </trkpt>
      <trkpt lat="8.7228657" lon="76.7412183">
      </trkpt>
      <trkpt lat="8.7230768" lon="76.7406114">
      </trkpt>
      <trkpt lat="8.7232833" lon="76.7400077">
      </trkpt>
      <trkpt lat="8.723407" lon="76.7397056">
      </trkpt>
      <trkpt lat="8.7235829" lon="76.7393627">
      </trkpt>
      <trkpt lat="8.7237913" lon="76.7390266">
      </trkpt>
      <trkpt lat="8.7240962" lon="76.7386388">
      </trkpt>
      <trkpt lat="8.7243633" lon="76.7383326">
      </trkpt>
      <trkpt lat="8.7281812" lon="76.7339671">
      </trkpt>
      <trkpt lat="8.729794" lon="76.7321178">
      </trkpt>
      <trkpt lat="8.7325167" lon="76.7289434">
      </trkpt>
      <trkpt lat="8.7327646" lon="76.7286631">
      </trkpt>
      <trkpt lat="8.7338993" lon="76.7273596">
      </trkpt>
      <trkpt lat="8.7343738" lon="76.7268258">
      </trkpt>
      <trkpt lat="8.7346687" lon="76.7265496">
      </trkpt>
      <trkpt lat="8.7349849" lon="76.7262787">
      </trkpt>
      <trkpt lat="8.735486" lon="76.7259394">
      </trkpt>
      <trkpt lat="8.7358041" lon="76.7257476">
      </trkpt>
      <trkpt lat="8.736097" lon="76.725596">
      </trkpt>
      <trkpt lat="8.736891" lon="76.7252098">
      </trkpt>
      <trkpt lat="8.7386447" lon="76.7243716">
      </trkpt>
      <trkpt lat="8.7392346" lon="76.7240819">
      </trkpt>
      <trkpt lat="8.7397476" lon="76.7238244">
      </trkpt>
      <trkpt lat="8.7403043" lon="76.723512">
      </trkpt>
      <trkpt lat="8.7407407" lon="76.7232379">
      </trkpt>
      <trkpt lat="8.7408637" lon="76.7231606">
      </trkpt>
      <trkpt lat="8.7414111" lon="76.7228025">
      </trkpt>
      <trkpt lat="8.7418286" lon="76.72249">
      </trkpt>
      <trkpt lat="8.7422979" lon="76.7221145">
      </trkpt>
      <trkpt lat="8.7426916" lon="76.7217658">
      </trkpt>
      <trkpt lat="8.7437312" lon="76.7207552">
      </trkpt>
      <trkpt lat="8.7438686" lon="76.7206272">
      </trkpt>
      <trkpt lat="8.7443065" lon="76.7202182">
      </trkpt>
      <trkpt lat="8.7459606" lon="76.7185506">
      </trkpt>
      <trkpt lat="8.7466149" lon="76.7178956">
      </trkpt>
      <trkpt lat="8.7472841" lon="76.71721">
      </trkpt>
      <trkpt lat="8.7477115" lon="76.7167933">
      </trkpt>
      <trkpt lat="8.7481154" lon="76.7163795">
      </trkpt>
      <trkpt lat="8.7484553" lon="76.7160225">
      </trkpt>
      <trkpt lat="8.7489875" lon="76.7154129">
      </trkpt>
      <trkpt lat="8.7493122" lon="76.7150026">
      </trkpt>
      <trkpt lat="8.7496546" lon="76.7145539">
      </trkpt>
      <trkpt lat="8.7500363" lon="76.7140146">
      </trkpt>
      <trkpt lat="8.7502445" lon="76.7136967">
      </trkpt>
      <trkpt lat="8.7505905" lon="76.7131733">
      </trkpt>
      <trkpt lat="8.7515529" lon="76.7116123">
      </trkpt>
      <trkpt lat="8.7521527" lon="76.7106377">
      </trkpt>
      <trkpt lat="8.7525084" lon="76.7100732">
      </trkpt>
      <trkpt lat="8.7527973" lon="76.7095922">
      </trkpt>
      <trkpt lat="8.753415" lon="76.7086757">
      </trkpt>
      <trkpt lat="8.7540144" lon="76.7078134">
      </trkpt>
      <trkpt lat="8.7551595" lon="76.7064871">
      </trkpt>
      <trkpt lat="8.7561804" lon="76.7054916">
      </trkpt>
      <trkpt lat="8.7569245" lon="76.704841">
      </trkpt>
      <trkpt lat="8.757672" lon="76.7042959">
      </trkpt>
      <trkpt lat="8.7583665" lon="76.703692">
      </trkpt>
      <trkpt lat="8.7587539" lon="76.7033132">
      </trkpt>
      <trkpt lat="8.7591056" lon="76.7029255">
      </trkpt>
      <trkpt lat="8.7597603" lon="76.7020623">
      </trkpt>
      <trkpt lat="8.7607356" lon="76.7007902">
      </trkpt>
      <trkpt lat="8.7611803" lon="76.7002093">
      </trkpt>
      <trkpt lat="8.7614442" lon="76.6998211">
      </trkpt>
      <trkpt lat="8.7615424" lon="76.6996953">
      </trkpt>
      <trkpt lat="8.762398" lon="76.6986087">
      </trkpt>
      <trkpt lat="8.7628796" lon="76.6979897">
      </trkpt>
      <trkpt lat="8.7633924" lon="76.6973977">
      </trkpt>
      <trkpt lat="8.7637406" lon="76.6970094">
      </trkpt>
      <trkpt lat="8.7641423" lon="76.6965986">
      </trkpt>
      <trkpt lat="8.7642642" lon="76.6964761">
      </trkpt>
      <trkpt lat="8.765357" lon="76.6955052">
      </trkpt>
      <trkpt lat="8.7661853" lon="76.6948173">
      </trkpt>
      <trkpt lat="8.7673797" lon="76.6937993">
      </trkpt>
      <trkpt lat="8.7690068" lon="76.6924423">
      </trkpt>
      <trkpt lat="8.7723378" lon="76.6896324">
      </trkpt>
      <trkpt lat="8.7729654" lon="76.689121">
      </trkpt>
      <trkpt lat="8.7732882" lon="76.6887887">
      </trkpt>
      <trkpt lat="8.7735731" lon="76.6884677">
      </trkpt>
      <trkpt lat="8.7738234" lon="76.6881184">
      </trkpt>
      <trkpt lat="8.7740513" lon="76.6877692">
      </trkpt>
      <trkpt lat="8.774225" lon="76.6874212">
      </trkpt>
      <trkpt lat="8.7743765" lon="76.6870957">
      </trkpt>
      <trkpt lat="8.7745226" lon="76.6866579">
      </trkpt>
      <trkpt lat="8.7746085" lon="76.6862674">
      </trkpt>
      <trkpt lat="8.7746638" lon="76.6858331">
      </trkpt>
      <trkpt lat="8.7746958" lon="76.6854596">
      </trkpt>
      <trkpt lat="8.7747121" lon="76.6851065">
      </trkpt>
      <trkpt lat="8.7746857" lon="76.6845165">
      </trkpt>
      <trkpt lat="8.7746794" lon="76.6840527">
      </trkpt>
      <trkpt lat="8.7746744" lon="76.6835059">
      </trkpt>
      <trkpt lat="8.7747123" lon="76.6831323">
      </trkpt>
      <trkpt lat="8.7747702" lon="76.6828331">
      </trkpt>
      <trkpt lat="8.7748299" lon="76.6825996">
      </trkpt>
      <trkpt lat="8.774923" lon="76.6823502">
      </trkpt>
      <trkpt lat="8.775049" lon="76.6820504">
      </trkpt>
      <trkpt lat="8.7752063" lon="76.6817597">
      </trkpt>
      <trkpt lat="8.7754307" lon="76.6813964">
      </trkpt>
      <trkpt lat="8.77562" lon="76.6811343">
      </trkpt>
      <trkpt lat="8.7758584" lon="76.6808903">
      </trkpt>
      <trkpt lat="8.7761547" lon="76.6806326">
      </trkpt>
      <trkpt lat="8.7764355" lon="76.6804252">
      </trkpt>
      <trkpt lat="8.7767221" lon="76.6802502">
      </trkpt>
      <trkpt lat="8.7772411" lon="76.6800172">
      </trkpt>
      <trkpt lat="8.777582" lon="76.6799145">
      </trkpt>
      <trkpt lat="8.777914" lon="76.6798253">
      </trkpt>
      <trkpt lat="8.7789231" lon="76.6795472">
      </trkpt>
      <trkpt lat="8.7796038" lon="76.6793957">
      </trkpt>
      <trkpt lat="8.7798125" lon="76.6793422">
      </trkpt>
      <trkpt lat="8.7810207" lon="76.6789998">
      </trkpt>
      <trkpt lat="8.7811113" lon="76.6789784">
      </trkpt>
      <trkpt lat="8.781606" lon="76.678851">
      </trkpt>
      <trkpt lat="8.7829488" lon="76.678504">
      </trkpt>
      <trkpt lat="8.7837048" lon="76.6783039">
      </trkpt>
      <trkpt lat="8.7841998" lon="76.6782302">
      </trkpt>
      <trkpt lat="8.784451" lon="76.6781706">
      </trkpt>
      <trkpt lat="8.7847043" lon="76.6780394">
      </trkpt>
      <trkpt lat="8.7873371" lon="76.67736">
      </trkpt>
      <trkpt lat="8.7879054" lon="76.6771979">
      </trkpt>
      <trkpt lat="8.7885235" lon="76.6770013">
      </trkpt>
      <trkpt lat="8.7902461" lon="76.6764406">
      </trkpt>
      <trkpt lat="8.7906917" lon="76.6763018">
      </trkpt>
      <trkpt lat="8.791162" lon="76.6762173">
      </trkpt>
      <trkpt lat="8.7917441" lon="76.6761613">
      </trkpt>
      <trkpt lat="8.7922137" lon="76.6761864">
      </trkpt>
      <trkpt lat="8.7927084" lon="76.6762729">
      </trkpt>
      <trkpt lat="8.7931944" lon="76.6763802">
      </trkpt>
      <trkpt lat="8.7938917" lon="76.6765401">
      </trkpt>
      <trkpt lat="8.7942639" lon="76.676613">
      </trkpt>
      <trkpt lat="8.7946306" lon="76.6766477">
      </trkpt>
      <trkpt lat="8.7950685" lon="76.676671">
      </trkpt>
      <trkpt lat="8.7956446" lon="76.6766077">
      </trkpt>
      <trkpt lat="8.7961388" lon="76.6764724">
      </trkpt>
      <trkpt lat="8.7964932" lon="76.6763276">
      </trkpt>
      <trkpt lat="8.7968626" lon="76.6761525">
      </trkpt>
      <trkpt lat="8.7974859" lon="76.6758572">
      </trkpt>
      <trkpt lat="8.7979756" lon="76.6756489">
      </trkpt>
      <trkpt lat="8.7982791" lon="76.6755762">
      </trkpt>
      <trkpt lat="8.79868" lon="76.6755073">
      </trkpt>
      <trkpt lat="8.7990472" lon="76.6754696">
      </trkpt>
      <trkpt lat="8.7993902" lon="76.6754716">
      </trkpt>
      <trkpt lat="8.7997707" lon="76.6754964">
      </trkpt>
      <trkpt lat="8.800159" lon="76.675523">
      </trkpt>
      <trkpt lat="8.8006219" lon="76.6755621">
      </trkpt>
      <trkpt lat="8.8019735" lon="76.6756144">
      </trkpt>
      <trkpt lat="8.8028879" lon="76.6756949">
      </trkpt>
      <trkpt lat="8.8043086" lon="76.6757485">
      </trkpt>
      <trkpt lat="8.805459" lon="76.6758377">
      </trkpt>
      <trkpt lat="8.8065696" lon="76.6760087">
      </trkpt>
      <trkpt lat="8.8075609" lon="76.6762501">
      </trkpt>
      <trkpt lat="8.808812" lon="76.6765894">
      </trkpt>
      <trkpt lat="8.8095436" lon="76.6767411">
      </trkpt>
      <trkpt lat="8.8101055" lon="76.6767776">
      </trkpt>
      <trkpt lat="8.8105031" lon="76.6767624">
      </trkpt>
      <trkpt lat="8.8110212" lon="76.6766471">
      </trkpt>
      <trkpt lat="8.8113339" lon="76.6765416">
      </trkpt>
      <trkpt lat="8.81186" lon="76.6762873">
      </trkpt>
      <trkpt lat="8.8122699" lon="76.6760001">
      </trkpt>
      <trkpt lat="8.8126327" lon="76.6756172">
      </trkpt>
      <trkpt lat="8.8129774" lon="76.6751109">
      </trkpt>
      <trkpt lat="8.8132206" lon="76.6746201">
      </trkpt>
      <trkpt lat="8.8134487" lon="76.6740201">
      </trkpt>
      <trkpt lat="8.8139912" lon="76.6724228">
      </trkpt>
      <trkpt lat="8.8140281" lon="76.6723247">
      </trkpt>
      <trkpt lat="8.8145285" lon="76.6708621">
      </trkpt>
      <trkpt lat="8.8150584" lon="76.6693294">
      </trkpt>
      <trkpt lat="8.8151706" lon="76.6690049">
      </trkpt>
      <trkpt lat="8.8161398" lon="76.6662105">
      </trkpt>
      <trkpt lat="8.8164272" lon="76.6654403">
      </trkpt>
      <trkpt lat="8.8165512" lon="76.6651303">
      </trkpt>
      <trkpt lat="8.8167577" lon="76.6646951">
      </trkpt>
      <trkpt lat="8.8169571" lon="76.6643143">
      </trkpt>
      <trkpt lat="8.8173135" lon="76.6637283">
      </trkpt>
      <trkpt lat="8.8175043" lon="76.6634597">
      </trkpt>
      <trkpt lat="8.8176838" lon="76.6632177">
      </trkpt>
      <trkpt lat="8.8178818" lon="76.6629881">
      </trkpt>
      <trkpt lat="8.8182822" lon="76.6624866">
      </trkpt>
      <trkpt lat="8.8213458" lon="76.6597007">
      </trkpt>
      <trkpt lat="8.8225046" lon="76.6586242">
      </trkpt>
      <trkpt lat="8.8250155" lon="76.6562607">
      </trkpt>
      <trkpt lat="8.825419" lon="76.6559034">
      </trkpt>
      <trkpt lat="8.825832" lon="76.6555716">
      </trkpt>
      <trkpt lat="8.8262281" lon="76.6552634">
      </trkpt>
      <trkpt lat="8.8266368" lon="76.6549936">
      </trkpt>
      <trkpt lat="8.8275097" lon="76.6544813">
      </trkpt>
      <trkpt lat="8.8287572" lon="76.6536973">
      </trkpt>
      <trkpt lat="8.8300634" lon="76.6528764">
      </trkpt>
      <trkpt lat="8.8329922" lon="76.6510318">
      </trkpt>
      <trkpt lat="8.8378908" lon="76.6479173">
      </trkpt>
      <trkpt lat="8.8381035" lon="76.6477829">
      </trkpt>
      <trkpt lat="8.8399577" lon="76.6465932">
      </trkpt>
      <trkpt lat="8.8409787" lon="76.6459667">
      </trkpt>
      <trkpt lat="8.8411252" lon="76.6458751">
      </trkpt>
      <trkpt lat="8.8542031" lon="76.6377067">
      </trkpt>
      <trkpt lat="8.8553164" lon="76.6369978">
      </trkpt>
      <trkpt lat="8.8564247" lon="76.6363138">
      </trkpt>
      <trkpt lat="8.8574645" lon="76.635649">
      </trkpt>
      <trkpt lat="8.858353" lon="76.6350735">
      </trkpt>
      <trkpt lat="8.8589658" lon="76.6346014">
      </trkpt>
      <trkpt lat="8.8595785" lon="76.6340974">
      </trkpt>
      <trkpt lat="8.8603333" lon="76.633428">
      </trkpt>
      <trkpt lat="8.860757" lon="76.6329782">
      </trkpt>
      <trkpt lat="8.8611491" lon="76.6325285">
      </trkpt>
      <trkpt lat="8.8615818" lon="76.6320254">
      </trkpt>
      <trkpt lat="8.8620082" lon="76.6314776">
      </trkpt>
      <trkpt lat="8.8624427" lon="76.6308688">
      </trkpt>
      <trkpt lat="8.8630748" lon="76.6299467">
      </trkpt>
      <trkpt lat="8.8643571" lon="76.6280903">
      </trkpt>
      <trkpt lat="8.864611" lon="76.627709">
      </trkpt>
      <trkpt lat="8.8647055" lon="76.6275693">
      </trkpt>
      <trkpt lat="8.8649191" lon="76.6272401">
      </trkpt>
      <trkpt lat="8.8657263" lon="76.6261015">
      </trkpt>
      <trkpt lat="8.8667565" lon="76.6246401">
      </trkpt>
      <trkpt lat="8.8685876" lon="76.622015">
      </trkpt>
      <trkpt lat="8.8695584" lon="76.6206107">
      </trkpt>
      <trkpt lat="8.8700765" lon="76.619922">
      </trkpt>
      <trkpt lat="8.870347" lon="76.6195354">
      </trkpt>
      <trkpt lat="8.8710096" lon="76.6185618">
      </trkpt>
      <trkpt lat="8.8712293" lon="76.6182532">
      </trkpt>
      <trkpt lat="8.8717408" lon="76.61743">
      </trkpt>
      <trkpt lat="8.8723272" lon="76.6164232">
      </trkpt>
      <trkpt lat="8.8728488" lon="76.6155442">
      </trkpt>
      <trkpt lat="8.8734058" lon="76.6145123">
      </trkpt>
      <trkpt lat="8.8735629" lon="76.6142397">
      </trkpt>
      <trkpt lat="8.8768691" lon="76.6086598">
      </trkpt>
      <trkpt lat="8.8775653" lon="76.6074902">
      </trkpt>
      <trkpt lat="8.8780705" lon="76.6065311">
      </trkpt>
      <trkpt lat="8.8785788" lon="76.6056393">
      </trkpt>
      <trkpt lat="8.8789821" lon="76.6049413">
      </trkpt>
      <trkpt lat="8.879145" lon="76.6045605">
      </trkpt>
      <trkpt lat="8.8793985" lon="76.6039947">
      </trkpt>
      <trkpt lat="8.8796204" lon="76.6034481">
      </trkpt>
      <trkpt lat="8.8797107" lon="76.6032281">
      </trkpt>
      <trkpt lat="8.8799147" lon="76.602604">
      </trkpt>
      <trkpt lat="8.8800768" lon="76.6020188">
      </trkpt>
      <trkpt lat="8.8802322" lon="76.6013236">
      </trkpt>
      <trkpt lat="8.8803415" lon="76.6007632">
      </trkpt>
      <trkpt lat="8.8804003" lon="76.600451">
      </trkpt>
      <trkpt lat="8.8806936" lon="76.5989991">
      </trkpt>
      <trkpt lat="8.8807571" lon="76.598679">
      </trkpt>
      <trkpt lat="8.8811104" lon="76.5971004">
      </trkpt>
      <trkpt lat="8.8813313" lon="76.595945">
      </trkpt>
      <trkpt lat="8.8862456" lon="76.5955277">
      </trkpt>
      <trkpt lat="8.8866997" lon="76.5988528">
      </trkpt>
      <trkpt lat="8.8867423" lon="76.5991605">
      </trkpt>
      <trkpt lat="8.8868165" lon="76.5996772">
      </trkpt>
      <trkpt lat="8.8868735" lon="76.6000916">
      </trkpt>
      <trkpt lat="8.8870826" lon="76.6015717">
      </trkpt>
      <trkpt lat="8.8870974" lon="76.6016723">
      </trkpt>
      <trkpt lat="8.8871535" lon="76.6020468">
      </trkpt>
      <trkpt lat="8.8874665" lon="76.6043432">
      </trkpt>
      <trkpt lat="8.8875673" lon="76.604927">
      </trkpt>
      <trkpt lat="8.887609" lon="76.6051176">
      </trkpt>
      <trkpt lat="8.8876728" lon="76.6054088">
      </trkpt>
      <trkpt lat="8.8877699" lon="76.6057623">
      </trkpt>
      <trkpt lat="8.8879351" lon="76.6062362">
      </trkpt>
      <trkpt lat="8.8881374" lon="76.6067193">
      </trkpt>
      <trkpt lat="8.8883713" lon="76.6071997">
      </trkpt>
      <trkpt lat="8.8883893" lon="76.6072318">
      </trkpt>
      <trkpt lat="8.8884185" lon="76.6072842">
      </trkpt>
      <trkpt lat="8.8886235" lon="76.6076506">
      </trkpt>
      <trkpt lat="8.8903544" lon="76.6102886">
      </trkpt>
      <trkpt lat="8.8929942" lon="76.6143759">
      </trkpt>
      <trkpt lat="8.8933649" lon="76.6149298">
      </trkpt>
      <trkpt lat="8.8948922" lon="76.6172361">
      </trkpt>
      <trkpt lat="8.8953054" lon="76.6178467">
      </trkpt>
      <trkpt lat="8.8954563" lon="76.6180455">
      </trkpt>
      <trkpt lat="8.8956796" lon="76.6183052">
      </trkpt>
      <trkpt lat="8.8958938" lon="76.6185164">
      </trkpt>
      <trkpt lat="8.8962467" lon="76.6188458">
      </trkpt>
      <trkpt lat="8.897309" lon="76.6196927">
      </trkpt>
      <trkpt lat="8.8995915" lon="76.6215223">
      </trkpt>
      <trkpt lat="8.8997694" lon="76.621657">
      </trkpt>
      <trkpt lat="8.9012652" lon="76.622831">
      </trkpt>
      <trkpt lat="8.903251" lon="76.6244019">
      </trkpt>
      <trkpt lat="8.9036773" lon="76.6247194">
      </trkpt>
      <trkpt lat="8.9039997" lon="76.6248931">
      </trkpt>
      <trkpt lat="8.9043928" lon="76.6251437">
      </trkpt>
      <trkpt lat="8.9046749" lon="76.6252908">
      </trkpt>
      <trkpt lat="8.9050407" lon="76.625448">
      </trkpt>
      <trkpt lat="8.9054797" lon="76.6256184">
      </trkpt>
      <trkpt lat="8.9057745" lon="76.6257126">
      </trkpt>
      <trkpt lat="8.9064202" lon="76.6258374">
      </trkpt>
      <trkpt lat="8.9087629" lon="76.6263331">
      </trkpt>
      <trkpt lat="8.9112727" lon="76.6267764">
      </trkpt>
      <trkpt lat="8.9134564" lon="76.6271448">
      </trkpt>
      <trkpt lat="8.9142101" lon="76.6272116">
      </trkpt>
      <trkpt lat="8.9147321" lon="76.6272117">
      </trkpt>
      <trkpt lat="8.9155946" lon="76.6271754">
      </trkpt>
      <trkpt lat="8.9161259" lon="76.6270535">
      </trkpt>
      <trkpt lat="8.9168387" lon="76.6268924">
      </trkpt>
      <trkpt lat="8.9179554" lon="76.6266033">
      </trkpt>
      <trkpt lat="8.9235956" lon="76.6250713">
      </trkpt>
      <trkpt lat="8.9253232" lon="76.6245778">
      </trkpt>
      <trkpt lat="8.9265792" lon="76.6242317">
      </trkpt>
      <trkpt lat="8.9275092" lon="76.6240413">
      </trkpt>
      <trkpt lat="8.9277609" lon="76.6240118">
      </trkpt>
      <trkpt lat="8.928654" lon="76.6239742">
      </trkpt>
      <trkpt lat="8.929478" lon="76.6240038">
      </trkpt>
      <trkpt lat="8.9336782" lon="76.6241089">
      </trkpt>
      <trkpt lat="8.9403631" lon="76.6242834">
      </trkpt>
      <trkpt lat="8.9409496" lon="76.6242612">
      </trkpt>
      <trkpt lat="8.941293" lon="76.6242246">
      </trkpt>
      <trkpt lat="8.9416497" lon="76.6241746">
      </trkpt>
      <trkpt lat="8.9419765" lon="76.6240898">
      </trkpt>
      <trkpt lat="8.9422944" lon="76.6239869">
      </trkpt>
      <trkpt lat="8.9428588" lon="76.6237638">
      </trkpt>
      <trkpt lat="8.9434549" lon="76.6234298">
      </trkpt>
      <trkpt lat="8.9452427" lon="76.6224042">
      </trkpt>
      <trkpt lat="8.9460748" lon="76.6219195">
      </trkpt>
      <trkpt lat="8.9483906" lon="76.6205714">
      </trkpt>
      <trkpt lat="8.9511641" lon="76.6189559">
      </trkpt>
      <trkpt lat="8.9517571" lon="76.6186497">
      </trkpt>
      <trkpt lat="8.9523018" lon="76.6184045">
      </trkpt>
      <trkpt lat="8.9528355" lon="76.6182324">
      </trkpt>
      <trkpt lat="8.9531324" lon="76.6181475">
      </trkpt>
      <trkpt lat="8.9536934" lon="76.6180056">
      </trkpt>
      <trkpt lat="8.9549561" lon="76.6177211">
      </trkpt>
      <trkpt lat="8.9554616" lon="76.6176076">
      </trkpt>
      <trkpt lat="8.9558963" lon="76.6175383">
      </trkpt>
      <trkpt lat="8.9567083" lon="76.6174809">
      </trkpt>
      <trkpt lat="8.9570832" lon="76.6174795">
      </trkpt>
      <trkpt lat="8.9574937" lon="76.6175052">
      </trkpt>
      <trkpt lat="8.9605148" lon="76.6177554">
      </trkpt>
      <trkpt lat="8.9610133" lon="76.6177625">
      </trkpt>
      <trkpt lat="8.9615028" lon="76.6177516">
      </trkpt>
      <trkpt lat="8.9617446" lon="76.617723">
      </trkpt>
      <trkpt lat="8.9621431" lon="76.6176758">
      </trkpt>
      <trkpt lat="8.9627522" lon="76.6175147">
      </trkpt>
      <trkpt lat="8.9633439" lon="76.6172754">
      </trkpt>
      <trkpt lat="8.9636612" lon="76.6170989">
      </trkpt>
      <trkpt lat="8.9639343" lon="76.6169251">
      </trkpt>
      <trkpt lat="8.9641724" lon="76.6167451">
      </trkpt>
      <trkpt lat="8.9647138" lon="76.616309">
      </trkpt>
      <trkpt lat="8.9650359" lon="76.6159497">
      </trkpt>
      <trkpt lat="8.9653358" lon="76.6155769">
      </trkpt>
      <trkpt lat="8.9655947" lon="76.6152006">
      </trkpt>
      <trkpt lat="8.9658579" lon="76.614716">
      </trkpt>
      <trkpt lat="8.9661976" lon="76.6138087">
      </trkpt>
      <trkpt lat="8.9669254" lon="76.6118201">
      </trkpt>
      <trkpt lat="8.9670981" lon="76.611366">
      </trkpt>
      <trkpt lat="8.967296" lon="76.6109375">
      </trkpt>
      <trkpt lat="8.9676227" lon="76.6103909">
      </trkpt>
      <trkpt lat="8.9677545" lon="76.6102191">
      </trkpt>
      <trkpt lat="8.9678782" lon="76.6100579">
      </trkpt>
      <trkpt lat="8.9681463" lon="76.6097569">
      </trkpt>
      <trkpt lat="8.9685207" lon="76.6094068">
      </trkpt>
      <trkpt lat="8.9689329" lon="76.6090759">
      </trkpt>
      <trkpt lat="8.9695599" lon="76.6087115">
      </trkpt>
      <trkpt lat="8.9699663" lon="76.6085338">
      </trkpt>
      <trkpt lat="8.9703728" lon="76.6083688">
      </trkpt>
      <trkpt lat="8.9708266" lon="76.6082208">
      </trkpt>
      <trkpt lat="8.972436" lon="76.6076811">
      </trkpt>
      <trkpt lat="8.9726924" lon="76.6075894">
      </trkpt>
      <trkpt lat="8.973" lon="76.6074978">
      </trkpt>
      <trkpt lat="8.973616" lon="76.6073541">
      </trkpt>
      <trkpt lat="8.9739714" lon="76.6073254">
      </trkpt>
      <trkpt lat="8.9742935" lon="76.6073405">
      </trkpt>
      <trkpt lat="8.9749958" lon="76.6073926">
      </trkpt>
      <trkpt lat="8.9755742" lon="76.6075122">
      </trkpt>
      <trkpt lat="8.9758789" lon="76.6075939">
      </trkpt>
      <trkpt lat="8.9768152" lon="76.6078918">
      </trkpt>
      <trkpt lat="8.9772884" lon="76.6080454">
      </trkpt>
      <trkpt lat="8.9816192" lon="76.6094377">
      </trkpt>
      <trkpt lat="8.9877407" lon="76.6114064">
      </trkpt>
      <trkpt lat="8.9889218" lon="76.6117863">
      </trkpt>
      <trkpt lat="8.989412" lon="76.6119173">
      </trkpt>
      <trkpt lat="8.990008" lon="76.6120438">
      </trkpt>
      <trkpt lat="8.9906439" lon="76.6121078">
      </trkpt>
      <trkpt lat="8.9913645" lon="76.6121373">
      </trkpt>
      <trkpt lat="8.9917618" lon="76.6121269">
      </trkpt>
      <trkpt lat="8.9923522" lon="76.6120774">
      </trkpt>
      <trkpt lat="8.9925386" lon="76.6120466">
      </trkpt>
      <trkpt lat="8.9930131" lon="76.611952">
      </trkpt>
      <trkpt lat="8.9934069" lon="76.6118661">
      </trkpt>
      <trkpt lat="8.993912" lon="76.6116997">
      </trkpt>
      <trkpt lat="8.9961019" lon="76.6108659">
      </trkpt>
      <trkpt lat="8.9977182" lon="76.6102329">
      </trkpt>
      <trkpt lat="9.0002245" lon="76.6092065">
      </trkpt>
      <trkpt lat="9.000761" lon="76.6090198">
      </trkpt>
      <trkpt lat="9.0009401" lon="76.6089521">
      </trkpt>
      <trkpt lat="9.0014524" lon="76.6087546">
      </trkpt>
      <trkpt lat="9.002806" lon="76.6082446">
      </trkpt>
      <trkpt lat="9.0035657" lon="76.6079579">
      </trkpt>
      <trkpt lat="9.0042895" lon="76.6076666">
      </trkpt>
      <trkpt lat="9.0048851" lon="76.6073669">
      </trkpt>
      <trkpt lat="9.0054545" lon="76.6070254">
      </trkpt>
      <trkpt lat="9.006001" lon="76.6066875">
      </trkpt>
      <trkpt lat="9.0063651" lon="76.6064807">
      </trkpt>
      <trkpt lat="9.0067648" lon="76.6062853">
      </trkpt>
      <trkpt lat="9.0072649" lon="76.6060979">
      </trkpt>
      <trkpt lat="9.0077726" lon="76.6059654">
      </trkpt>
      <trkpt lat="9.0086052" lon="76.6058159">
      </trkpt>
      <trkpt lat="9.0091961" lon="76.605762">
      </trkpt>
      <trkpt lat="9.0095757" lon="76.60571">
      </trkpt>
      <trkpt lat="9.0097061" lon="76.6056939">
      </trkpt>
      <trkpt lat="9.0103834" lon="76.605632">
      </trkpt>
      <trkpt lat="9.0109911" lon="76.6056343">
      </trkpt>
      <trkpt lat="9.0116078" lon="76.6056854">
      </trkpt>
      <trkpt lat="9.0122845" lon="76.605784">
      </trkpt>
      <trkpt lat="9.0133774" lon="76.6059735">
      </trkpt>
      <trkpt lat="9.0147137" lon="76.6061696">
      </trkpt>
      <trkpt lat="9.0157384" lon="76.6063396">
      </trkpt>
      <trkpt lat="9.0166987" lon="76.6064847">
      </trkpt>
      <trkpt lat="9.0176966" lon="76.6066421">
      </trkpt>
      <trkpt lat="9.018835" lon="76.6068205">
      </trkpt>
      <trkpt lat="9.019439" lon="76.6069188">
      </trkpt>
      <trkpt lat="9.02128" lon="76.6072021">
      </trkpt>
      <trkpt lat="9.0217713" lon="76.6072488">
      </trkpt>
      <trkpt lat="9.0222644" lon="76.6072841">
      </trkpt>
      <trkpt lat="9.0226388" lon="76.6072703">
      </trkpt>
      <trkpt lat="9.0230807" lon="76.6072128">
      </trkpt>
      <trkpt lat="9.0236239" lon="76.6070732">
      </trkpt>
      <trkpt lat="9.0241726" lon="76.6068767">
      </trkpt>
      <trkpt lat="9.0248219" lon="76.6066313">
      </trkpt>
      <trkpt lat="9.0257321" lon="76.6063589">
      </trkpt>
      <trkpt lat="9.0263244" lon="76.6061723">
      </trkpt>
      <trkpt lat="9.0268659" lon="76.6060123">
      </trkpt>
      <trkpt lat="9.027225" lon="76.6058966">
      </trkpt>
      <trkpt lat="9.0276294" lon="76.6057237">
      </trkpt>
      <trkpt lat="9.0279945" lon="76.6055185">
      </trkpt>
      <trkpt lat="9.0282151" lon="76.6053717">
      </trkpt>
      <trkpt lat="9.0284282" lon="76.6052172">
      </trkpt>
      <trkpt lat="9.0287606" lon="76.6049526">
      </trkpt>
      <trkpt lat="9.0290116" lon="76.6047109">
      </trkpt>
      <trkpt lat="9.0293" lon="76.6043838">
      </trkpt>
      <trkpt lat="9.0295305" lon="76.6040974">
      </trkpt>
      <trkpt lat="9.0296672" lon="76.6038964">
      </trkpt>
      <trkpt lat="9.0298621" lon="76.603574">
      </trkpt>
      <trkpt lat="9.0300619" lon="76.6032383">
      </trkpt>
      <trkpt lat="9.0301049" lon="76.6031576">
      </trkpt>
      <trkpt lat="9.0301865" lon="76.6029991">
      </trkpt>
      <trkpt lat="9.0302325" lon="76.6029141">
      </trkpt>
      <trkpt lat="9.0306813" lon="76.6020511">
      </trkpt>
      <trkpt lat="9.0321505" lon="76.5993299">
      </trkpt>
      <trkpt lat="9.0324229" lon="76.5988029">
      </trkpt>
      <trkpt lat="9.0327103" lon="76.5982797">
      </trkpt>
      <trkpt lat="9.0337784" lon="76.5963555">
      </trkpt>
      <trkpt lat="9.0344745" lon="76.5950925">
      </trkpt>
      <trkpt lat="9.0348391" lon="76.5944232">
      </trkpt>
      <trkpt lat="9.0350432" lon="76.5940516">
      </trkpt>
      <trkpt lat="9.0352453" lon="76.5936859">
      </trkpt>
      <trkpt lat="9.0356376" lon="76.5929762">
      </trkpt>
      <trkpt lat="9.0364207" lon="76.5915559">
      </trkpt>
      <trkpt lat="9.0370655" lon="76.5903291">
      </trkpt>
      <trkpt lat="9.0375946" lon="76.5892773">
      </trkpt>
      <trkpt lat="9.0376405" lon="76.5891861">
      </trkpt>
      <trkpt lat="9.0381247" lon="76.5882954">
      </trkpt>
      <trkpt lat="9.0385692" lon="76.5875438">
      </trkpt>
      <trkpt lat="9.0385786" lon="76.5875265">
      </trkpt>
      <trkpt lat="9.0391528" lon="76.5864687">
      </trkpt>
      <trkpt lat="9.0396403" lon="76.585573">
      </trkpt>
      <trkpt lat="9.0400979" lon="76.5847096">
      </trkpt>
      <trkpt lat="9.0406518" lon="76.5836657">
      </trkpt>
      <trkpt lat="9.0407119" lon="76.5835525">
      </trkpt>
      <trkpt lat="9.0412199" lon="76.582587">
      </trkpt>
      <trkpt lat="9.0416386" lon="76.5817866">
      </trkpt>
      <trkpt lat="9.0423515" lon="76.5804917">
      </trkpt>
      <trkpt lat="9.0426328" lon="76.5799807">
      </trkpt>
      <trkpt lat="9.0429002" lon="76.5795753">
      </trkpt>
      <trkpt lat="9.0430686" lon="76.5793251">
      </trkpt>
      <trkpt lat="9.0432951" lon="76.5790332">
      </trkpt>
      <trkpt lat="9.043573" lon="76.5787046">
      </trkpt>
      <trkpt lat="9.043909" lon="76.5783456">
      </trkpt>
      <trkpt lat="9.0441484" lon="76.5781155">
      </trkpt>
      <trkpt lat="9.0443568" lon="76.5779033">
      </trkpt>
      <trkpt lat="9.0447206" lon="76.5776178">
      </trkpt>
      <trkpt lat="9.0453415" lon="76.5771688">
      </trkpt>
      <trkpt lat="9.0460617" lon="76.5766553">
      </trkpt>
      <trkpt lat="9.0476549" lon="76.5754616">
      </trkpt>
      <trkpt lat="9.0483172" lon="76.5749691">
      </trkpt>
      <trkpt lat="9.0483511" lon="76.5749433">
      </trkpt>
      <trkpt lat="9.0493406" lon="76.5741902">
      </trkpt>
      <trkpt lat="9.0497777" lon="76.5737732">
      </trkpt>
      <trkpt lat="9.0499728" lon="76.5735265">
      </trkpt>
      <trkpt lat="9.0501749" lon="76.5732513">
      </trkpt>
      <trkpt lat="9.050367" lon="76.5729174">
      </trkpt>
      <trkpt lat="9.0504899" lon="76.5726574">
      </trkpt>
      <trkpt lat="9.0506261" lon="76.5723248">
      </trkpt>
      <trkpt lat="9.0507381" lon="76.5720112">
      </trkpt>
      <trkpt lat="9.0508087" lon="76.5717239">
      </trkpt>
      <trkpt lat="9.0508662" lon="76.5714461">
      </trkpt>
      <trkpt lat="9.0509142" lon="76.5710593">
      </trkpt>
      <trkpt lat="9.0509246" lon="76.5706611">
      </trkpt>
      <trkpt lat="9.0509034" lon="76.5703244">
      </trkpt>
      <trkpt lat="9.0508629" lon="76.5700119">
      </trkpt>
      <trkpt lat="9.0508208" lon="76.5697765">
      </trkpt>
      <trkpt lat="9.0507674" lon="76.5695526">
      </trkpt>
      <trkpt lat="9.0506625" lon="76.5690118">
      </trkpt>
      <trkpt lat="9.0505229" lon="76.5684728">
      </trkpt>
      <trkpt lat="9.0503402" lon="76.5678891">
      </trkpt>
      <trkpt lat="9.0501304" lon="76.5672199">
      </trkpt>
      <trkpt lat="9.0500195" lon="76.5668411">
      </trkpt>
      <trkpt lat="9.0499237" lon="76.5664623">
      </trkpt>
      <trkpt lat="9.0498106" lon="76.5659175">
      </trkpt>
      <trkpt lat="9.0497368" lon="76.5653101">
      </trkpt>
      <trkpt lat="9.0497166" lon="76.5649828">
      </trkpt>
      <trkpt lat="9.0497301" lon="76.5647016">
      </trkpt>
      <trkpt lat="9.0497605" lon="76.5643977">
      </trkpt>
      <trkpt lat="9.0498034" lon="76.564091">
      </trkpt>
      <trkpt lat="9.0498595" lon="76.5637729">
      </trkpt>
      <trkpt lat="9.0499085" lon="76.563543">
      </trkpt>
      <trkpt lat="9.0499688" lon="76.5633093">
      </trkpt>
      <trkpt lat="9.0500329" lon="76.5631087">
      </trkpt>
      <trkpt lat="9.0501082" lon="76.5629158">
      </trkpt>
      <trkpt lat="9.0502143" lon="76.5626537">
      </trkpt>
      <trkpt lat="9.0504085" lon="76.5623291">
      </trkpt>
      <trkpt lat="9.0507146" lon="76.5617556">
      </trkpt>
      <trkpt lat="9.0510233" lon="76.5612307">
      </trkpt>
      <trkpt lat="9.0513582" lon="76.5606166">
      </trkpt>
      <trkpt lat="9.0519607" lon="76.5595137">
      </trkpt>
      <trkpt lat="9.0523106" lon="76.5588512">
      </trkpt>
      <trkpt lat="9.052425" lon="76.5586405">
      </trkpt>
      <trkpt lat="9.0528123" lon="76.557944">
      </trkpt>
      <trkpt lat="9.0531877" lon="76.5572463">
      </trkpt>
      <trkpt lat="9.0535369" lon="76.5566188">
      </trkpt>
      <trkpt lat="9.05383" lon="76.556116">
      </trkpt>
      <trkpt lat="9.0538609" lon="76.5560661">
      </trkpt>
      <trkpt lat="9.0539122" lon="76.5559595">
      </trkpt>
      <trkpt lat="9.0543956" lon="76.5550626">
      </trkpt>
      <trkpt lat="9.0548659" lon="76.5542218">
      </trkpt>
      <trkpt lat="9.0553834" lon="76.5532959">
      </trkpt>
      <trkpt lat="9.0558523" lon="76.5524477">
      </trkpt>
      <trkpt lat="9.0562454" lon="76.5517328">
      </trkpt>
      <trkpt lat="9.0575433" lon="76.5493682">
      </trkpt>
      <trkpt lat="9.0578253" lon="76.5488821">
      </trkpt>
      <trkpt lat="9.0580968" lon="76.5484141">
      </trkpt>
      <trkpt lat="9.0583196" lon="76.548019">
      </trkpt>
      <trkpt lat="9.0585613" lon="76.5476843">
      </trkpt>
      <trkpt lat="9.0589566" lon="76.5472243">
      </trkpt>
      <trkpt lat="9.0592539" lon="76.5469652">
      </trkpt>
      <trkpt lat="9.059521" lon="76.5467682">
      </trkpt>
      <trkpt lat="9.0598873" lon="76.5465219">
      </trkpt>
      <trkpt lat="9.0601462" lon="76.5463773">
      </trkpt>
      <trkpt lat="9.0604276" lon="76.546238">
      </trkpt>
      <trkpt lat="9.0606459" lon="76.546154">
      </trkpt>
      <trkpt lat="9.0608814" lon="76.5460605">
      </trkpt>
      <trkpt lat="9.0612187" lon="76.5459492">
      </trkpt>
      <trkpt lat="9.0616009" lon="76.5458259">
      </trkpt>
      <trkpt lat="9.0618621" lon="76.5457565">
      </trkpt>
      <trkpt lat="9.0620169" lon="76.5457154">
      </trkpt>
      <trkpt lat="9.0622697" lon="76.5456439">
      </trkpt>
      <trkpt lat="9.0626243" lon="76.5455436">
      </trkpt>
      <trkpt lat="9.0628606" lon="76.5454767">
      </trkpt>
      <trkpt lat="9.0652483" lon="76.5447559">
      </trkpt>
      <trkpt lat="9.0655597" lon="76.5446619">
      </trkpt>
      <trkpt lat="9.069734" lon="76.5434255">
      </trkpt>
      <trkpt lat="9.0705476" lon="76.5431743">
      </trkpt>
      <trkpt lat="9.0710565" lon="76.5430299">
      </trkpt>
      <trkpt lat="9.0710839" lon="76.5430221">
      </trkpt>
      <trkpt lat="9.0722329" lon="76.5426745">
      </trkpt>
      <trkpt lat="9.0728991" lon="76.5424753">
      </trkpt>
      <trkpt lat="9.0741467" lon="76.5421037">
      </trkpt>
      <trkpt lat="9.0770117" lon="76.5412587">
      </trkpt>
      <trkpt lat="9.0812693" lon="76.5399893">
      </trkpt>
      <trkpt lat="9.0825834" lon="76.5396033">
      </trkpt>
      <trkpt lat="9.0839019" lon="76.5392174">
      </trkpt>
      <trkpt lat="9.0865568" lon="76.5384365">
      </trkpt>
      <trkpt lat="9.0883501" lon="76.5379032">
      </trkpt>
      <trkpt lat="9.0895679" lon="76.5375411">
      </trkpt>
      <trkpt lat="9.0926973" lon="76.5366281">
      </trkpt>
      <trkpt lat="9.0971069" lon="76.5353299">
      </trkpt>
      <trkpt lat="9.098414" lon="76.5349477">
      </trkpt>
      <trkpt lat="9.1033536" lon="76.5335014">
      </trkpt>
      <trkpt lat="9.1050936" lon="76.5330001">
      </trkpt>
      <trkpt lat="9.1076061" lon="76.5322435">
      </trkpt>
      <trkpt lat="9.1091249" lon="76.5318327">
      </trkpt>
      <trkpt lat="9.1167033" lon="76.5296147">
      </trkpt>
      <trkpt lat="9.1215743" lon="76.5282102">
      </trkpt>
      <trkpt lat="9.1244585" lon="76.527381">
      </trkpt>
      <trkpt lat="9.1285792" lon="76.5261865">
      </trkpt>
      <trkpt lat="9.1288801" lon="76.5261006">
      </trkpt>
      <trkpt lat="9.1304924" lon="76.5256398">
      </trkpt>
      <trkpt lat="9.132588" lon="76.5250351">
      </trkpt>
      <trkpt lat="9.1354364" lon="76.5242131">
      </trkpt>
      <trkpt lat="9.1361698" lon="76.5239905">
      </trkpt>
      <trkpt lat="9.1365656" lon="76.5238854">
      </trkpt>
      <trkpt lat="9.1369431" lon="76.5237853">
      </trkpt>
      <trkpt lat="9.137476" lon="76.5236027">
      </trkpt>
      <trkpt lat="9.1385748" lon="76.5231281">
      </trkpt>
      <trkpt lat="9.1407994" lon="76.5220203">
      </trkpt>
      <trkpt lat="9.14082" lon="76.5220102">
      </trkpt>
      <trkpt lat="9.142156" lon="76.5213541">
      </trkpt>
      <trkpt lat="9.1448757" lon="76.5200034">
      </trkpt>
      <trkpt lat="9.1522506" lon="76.5163462">
      </trkpt>
      <trkpt lat="9.1547674" lon="76.5151044">
      </trkpt>
      <trkpt lat="9.1573107" lon="76.5138465">
      </trkpt>
      <trkpt lat="9.1586859" lon="76.5131452">
      </trkpt>
      <trkpt lat="9.1598192" lon="76.5125933">
      </trkpt>
      <trkpt lat="9.1647373" lon="76.5101597">
      </trkpt>
      <trkpt lat="9.1675285" lon="76.5088111">
      </trkpt>
      <trkpt lat="9.1679432" lon="76.5086356">
      </trkpt>
      <trkpt lat="9.1679672" lon="76.5086278">
      </trkpt>
      <trkpt lat="9.1685477" lon="76.5084511">
      </trkpt>
      <trkpt lat="9.1690389" lon="76.5083632">
      </trkpt>
      <trkpt lat="9.1697035" lon="76.508321">
      </trkpt>
      <trkpt lat="9.170298" lon="76.5083626">
      </trkpt>
      <trkpt lat="9.1707161" lon="76.5084142">
      </trkpt>
      <trkpt lat="9.1710646" lon="76.508498">
      </trkpt>
      <trkpt lat="9.1715425" lon="76.5086415">
      </trkpt>
      <trkpt lat="9.172329" lon="76.5089259">
      </trkpt>
      <trkpt lat="9.173175" lon="76.5092424">
      </trkpt>
      <trkpt lat="9.1754719" lon="76.5100968">
      </trkpt>
      <trkpt lat="9.1756079" lon="76.5101491">
      </trkpt>
      <trkpt lat="9.1766057" lon="76.5105269">
      </trkpt>
      <trkpt lat="9.1771427" lon="76.51072">
      </trkpt>
      <trkpt lat="9.1780672" lon="76.511074">
      </trkpt>
      <trkpt lat="9.1788561" lon="76.5113683">
      </trkpt>
      <trkpt lat="9.1789737" lon="76.5114102">
      </trkpt>
      <trkpt lat="9.1802231" lon="76.5118905">
      </trkpt>
      <trkpt lat="9.1851939" lon="76.5137589">
      </trkpt>
      <trkpt lat="9.1857428" lon="76.5139634">
      </trkpt>
      <trkpt lat="9.1863536" lon="76.5141947">
      </trkpt>
      <trkpt lat="9.1870846" lon="76.5144637">
      </trkpt>
      <trkpt lat="9.1873703" lon="76.5145688">
      </trkpt>
      <trkpt lat="9.1886569" lon="76.5150587">
      </trkpt>
      <trkpt lat="9.1895205" lon="76.515376">
      </trkpt>
      <trkpt lat="9.1895954" lon="76.5154035">
      </trkpt>
      <trkpt lat="9.1903266" lon="76.5156722">
      </trkpt>
      <trkpt lat="9.1907376" lon="76.5157889">
      </trkpt>
      <trkpt lat="9.191148" lon="76.5158658">
      </trkpt>
      <trkpt lat="9.1913902" lon="76.5158893">
      </trkpt>
      <trkpt lat="9.1916045" lon="76.5158932">
      </trkpt>
      <trkpt lat="9.1919131" lon="76.5158988">
      </trkpt>
      <trkpt lat="9.1923254" lon="76.5158674">
      </trkpt>
      <trkpt lat="9.1928018" lon="76.5157824">
      </trkpt>
      <trkpt lat="9.1933025" lon="76.515622">
      </trkpt>
      <trkpt lat="9.1937154" lon="76.5154442">
      </trkpt>
      <trkpt lat="9.1942725" lon="76.5151261">
      </trkpt>
      <trkpt lat="9.194611" lon="76.5148787">
      </trkpt>
      <trkpt lat="9.1950739" lon="76.5144383">
      </trkpt>
      <trkpt lat="9.1953762" lon="76.5140669">
      </trkpt>
      <trkpt lat="9.1956747" lon="76.5136386">
      </trkpt>
      <trkpt lat="9.1959199" lon="76.5131613">
      </trkpt>
      <trkpt lat="9.1968088" lon="76.5112763">
      </trkpt>
      <trkpt lat="9.1981431" lon="76.5084129">
      </trkpt>
      <trkpt lat="9.1984683" lon="76.5077246">
      </trkpt>
      <trkpt lat="9.2013956" lon="76.50153">
      </trkpt>
      <trkpt lat="9.2029152" lon="76.4983828">
      </trkpt>
      <trkpt lat="9.2031315" lon="76.4979174">
      </trkpt>
      <trkpt lat="9.2039738" lon="76.4961093">
      </trkpt>
      <trkpt lat="9.2043894" lon="76.4953244">
      </trkpt>
      <trkpt lat="9.2048359" lon="76.4945278">
      </trkpt>
      <trkpt lat="9.2051179" lon="76.4940878">
      </trkpt>
      <trkpt lat="9.2054415" lon="76.4936113">
      </trkpt>
      <trkpt lat="9.2058064" lon="76.4931271">
      </trkpt>
      <trkpt lat="9.2062074" lon="76.4926286">
      </trkpt>
      <trkpt lat="9.2066197" lon="76.492149">
      </trkpt>
      <trkpt lat="9.2070118" lon="76.4917285">
      </trkpt>
      <trkpt lat="9.2072012" lon="76.4915421">
      </trkpt>
      <trkpt lat="9.2078295" lon="76.4909488">
      </trkpt>
      <trkpt lat="9.208484" lon="76.490401">
      </trkpt>
      <trkpt lat="9.2093525" lon="76.48976">
      </trkpt>
      <trkpt lat="9.2094451" lon="76.4896916">
      </trkpt>
      <trkpt lat="9.2113327" lon="76.4882863">
      </trkpt>
      <trkpt lat="9.2126695" lon="76.4873059">
      </trkpt>
      <trkpt lat="9.2141337" lon="76.4862534">
      </trkpt>
      <trkpt lat="9.2177855" lon="76.4835571">
      </trkpt>
      <trkpt lat="9.2198062" lon="76.4821054">
      </trkpt>
      <trkpt lat="9.2198904" lon="76.4820449">
      </trkpt>
      <trkpt lat="9.2203812" lon="76.481718">
      </trkpt>
      <trkpt lat="9.2211263" lon="76.4812964">
      </trkpt>
      <trkpt lat="9.2219454" lon="76.4808811">
      </trkpt>
      <trkpt lat="9.2225504" lon="76.4806303">
      </trkpt>
      <trkpt lat="9.2233129" lon="76.4803188">
      </trkpt>
      <trkpt lat="9.2236562" lon="76.4801955">
      </trkpt>
      <trkpt lat="9.2241062" lon="76.4800483">
      </trkpt>
      <trkpt lat="9.2260741" lon="76.4794281">
      </trkpt>
      <trkpt lat="9.2279118" lon="76.4788028">
      </trkpt>
      <trkpt lat="9.2287423" lon="76.478544">
      </trkpt>
      <trkpt lat="9.2288894" lon="76.4784982">
      </trkpt>
      <trkpt lat="9.2298359" lon="76.4782033">
      </trkpt>
      <trkpt lat="9.2312161" lon="76.4777435">
      </trkpt>
      <trkpt lat="9.2325402" lon="76.4773273">
      </trkpt>
      <trkpt lat="9.2388908" lon="76.4752724">
      </trkpt>
      <trkpt lat="9.2400368" lon="76.4748954">
      </trkpt>
      <trkpt lat="9.2410508" lon="76.4745797">
      </trkpt>
      <trkpt lat="9.2412587" lon="76.4745116">
      </trkpt>
      <trkpt lat="9.243172" lon="76.4738956">
      </trkpt>
      <trkpt lat="9.2438292" lon="76.4736828">
      </trkpt>
      <trkpt lat="9.2471809" lon="76.4725977">
      </trkpt>
      <trkpt lat="9.2493875" lon="76.47189">
      </trkpt>
      <trkpt lat="9.2515496" lon="76.4711778">
      </trkpt>
      <trkpt lat="9.253516" lon="76.4705393">
      </trkpt>
      <trkpt lat="9.2548747" lon="76.4701615">
      </trkpt>
      <trkpt lat="9.2564009" lon="76.4698712">
      </trkpt>
      <trkpt lat="9.2586724" lon="76.4695721">
      </trkpt>
      <trkpt lat="9.2603844" lon="76.4693518">
      </trkpt>
      <trkpt lat="9.2609674" lon="76.4692228">
      </trkpt>
      <trkpt lat="9.2615379" lon="76.4690527">
      </trkpt>
      <trkpt lat="9.2623255" lon="76.4687656">
      </trkpt>
      <trkpt lat="9.2629634" lon="76.4684868">
      </trkpt>
      <trkpt lat="9.2636289" lon="76.4681619">
      </trkpt>
      <trkpt lat="9.2654202" lon="76.4672742">
      </trkpt>
      <trkpt lat="9.2664021" lon="76.4668344">
      </trkpt>
      <trkpt lat="9.2664438" lon="76.4668157">
      </trkpt>
      <trkpt lat="9.2672742" lon="76.4665176">
      </trkpt>
      <trkpt lat="9.2680424" lon="76.4662662">
      </trkpt>
      <trkpt lat="9.2689365" lon="76.4660123">
      </trkpt>
      <trkpt lat="9.2731442" lon="76.4647847">
      </trkpt>
      <trkpt lat="9.2732682" lon="76.4647481">
      </trkpt>
      <trkpt lat="9.2742663" lon="76.464454">
      </trkpt>
      <trkpt lat="9.2744211" lon="76.4644084">
      </trkpt>
      <trkpt lat="9.2829783" lon="76.4618865">
      </trkpt>
      <trkpt lat="9.2837619" lon="76.4616502">
      </trkpt>
      <trkpt lat="9.284118" lon="76.4615325">
      </trkpt>
      <trkpt lat="9.2858396" lon="76.4610445">
      </trkpt>
      <trkpt lat="9.2916389" lon="76.4593344">
      </trkpt>
      <trkpt lat="9.2925237" lon="76.4590716">
      </trkpt>
      <trkpt lat="9.2931564" lon="76.4588839">
      </trkpt>
      <trkpt lat="9.2937567" lon="76.4586877">
      </trkpt>
      <trkpt lat="9.2943634" lon="76.4584359">
      </trkpt>
      <trkpt lat="9.2948055" lon="76.458208">
      </trkpt>
      <trkpt lat="9.2951328" lon="76.4580131">
      </trkpt>
      <trkpt lat="9.295319" lon="76.4579022">
      </trkpt>
      <trkpt lat="9.2958457" lon="76.4575052">
      </trkpt>
      <trkpt lat="9.2962666" lon="76.457127">
      </trkpt>
      <trkpt lat="9.2967113" lon="76.4566523">
      </trkpt>
      <trkpt lat="9.2969257" lon="76.456368">
      </trkpt>
      <trkpt lat="9.2971851" lon="76.4560112">
      </trkpt>
      <trkpt lat="9.2974392" lon="76.4556082">
      </trkpt>
      <trkpt lat="9.2976298" lon="76.45522">
      </trkpt>
      <trkpt lat="9.2978389" lon="76.454756">
      </trkpt>
      <trkpt lat="9.2980321" lon="76.4542598">
      </trkpt>
      <trkpt lat="9.2981539" lon="76.4539164">
      </trkpt>
      <trkpt lat="9.2988897" lon="76.4517948">
      </trkpt>
      <trkpt lat="9.2990605" lon="76.4513442">
      </trkpt>
      <trkpt lat="9.2993106" lon="76.4508426">
      </trkpt>
      <trkpt lat="9.2995224" lon="76.450451">
      </trkpt>
      <trkpt lat="9.2998162" lon="76.4500138">
      </trkpt>
      <trkpt lat="9.3001338" lon="76.4495739">
      </trkpt>
      <trkpt lat="9.3003323" lon="76.4493299">
      </trkpt>
      <trkpt lat="9.3006288" lon="76.4489892">
      </trkpt>
      <trkpt lat="9.3017709" lon="76.4477232">
      </trkpt>
      <trkpt lat="9.3025469" lon="76.4468753">
      </trkpt>
      <trkpt lat="9.3052913" lon="76.4439261">
      </trkpt>
      <trkpt lat="9.3074831" lon="76.4415237">
      </trkpt>
      <trkpt lat="9.3114146" lon="76.4371376">
      </trkpt>
      <trkpt lat="9.3117167" lon="76.436812">
      </trkpt>
      <trkpt lat="9.3184728" lon="76.4294144">
      </trkpt>
      <trkpt lat="9.3194957" lon="76.4282718">
      </trkpt>
      <trkpt lat="9.3236752" lon="76.4237213">
      </trkpt>
      <trkpt lat="9.323742" lon="76.4236581">
      </trkpt>
      <trkpt lat="9.324022" lon="76.4233934">
      </trkpt>
      <trkpt lat="9.3245116" lon="76.4229884">
      </trkpt>
      <trkpt lat="9.3249747" lon="76.4226638">
      </trkpt>
      <trkpt lat="9.325467" lon="76.4223554">
      </trkpt>
      <trkpt lat="9.326097" lon="76.4220496">
      </trkpt>
      <trkpt lat="9.3267984" lon="76.4217707">
      </trkpt>
      <trkpt lat="9.3275686" lon="76.4215561">
      </trkpt>
      <trkpt lat="9.3281985" lon="76.42143">
      </trkpt>
      <trkpt lat="9.3287753" lon="76.4213571">
      </trkpt>
      <trkpt lat="9.3317449" lon="76.4210246">
      </trkpt>
      <trkpt lat="9.3329979" lon="76.4208822">
      </trkpt>
      <trkpt lat="9.3400382" lon="76.4201007">
      </trkpt>
      <trkpt lat="9.3410769" lon="76.4199805">
      </trkpt>
      <trkpt lat="9.3425919" lon="76.4197983">
      </trkpt>
      <trkpt lat="9.3434922" lon="76.4196446">
      </trkpt>
      <trkpt lat="9.3445046" lon="76.4194133">
      </trkpt>
      <trkpt lat="9.3453205" lon="76.4191785">
      </trkpt>
      <trkpt lat="9.3461348" lon="76.4188895">
      </trkpt>
      <trkpt lat="9.3493303" lon="76.417647">
      </trkpt>
      <trkpt lat="9.3498691" lon="76.4174223">
      </trkpt>
      <trkpt lat="9.3540533" lon="76.4157378">
      </trkpt>
      <trkpt lat="9.3541884" lon="76.4156815">
      </trkpt>
      <trkpt lat="9.3559814" lon="76.4149627">
      </trkpt>
      <trkpt lat="9.3561084" lon="76.414909">
      </trkpt>
      <trkpt lat="9.3619955" lon="76.4125728">
      </trkpt>
      <trkpt lat="9.3621834" lon="76.4124978">
      </trkpt>
      <trkpt lat="9.3631203" lon="76.4121196">
      </trkpt>
      <trkpt lat="9.3672051" lon="76.4104391">
      </trkpt>
      <trkpt lat="9.3675452" lon="76.4103037">
      </trkpt>
      <trkpt lat="9.3682915" lon="76.4099845">
      </trkpt>
      <trkpt lat="9.373542" lon="76.4078817">
      </trkpt>
      <trkpt lat="9.373886" lon="76.4077395">
      </trkpt>
      <trkpt lat="9.3742757" lon="76.407564">
      </trkpt>
      <trkpt lat="9.3747037" lon="76.4073399">
      </trkpt>
      <trkpt lat="9.375196" lon="76.4070207">
      </trkpt>
      <trkpt lat="9.3756273" lon="76.4066827">
      </trkpt>
      <trkpt lat="9.3760216" lon="76.4063367">
      </trkpt>
      <trkpt lat="9.3763577" lon="76.4059666">
      </trkpt>
      <trkpt lat="9.3766647" lon="76.4055616">
      </trkpt>
      <trkpt lat="9.3768579" lon="76.4052585">
      </trkpt>
      <trkpt lat="9.3770908" lon="76.40484">
      </trkpt>
      <trkpt lat="9.3773633" lon="76.4043358">
      </trkpt>
      <trkpt lat="9.3817655" lon="76.39575">
      </trkpt>
      <trkpt lat="9.3839712" lon="76.3914666">
      </trkpt>
      <trkpt lat="9.3842094" lon="76.3909543">
      </trkpt>
      <trkpt lat="9.3843814" lon="76.3905171">
      </trkpt>
      <trkpt lat="9.3845217" lon="76.3900638">
      </trkpt>
      <trkpt lat="9.3846355" lon="76.3896158">
      </trkpt>
      <trkpt lat="9.384744" lon="76.3890526">
      </trkpt>
      <trkpt lat="9.3848128" lon="76.3884383">
      </trkpt>
      <trkpt lat="9.3848313" lon="76.3880253">
      </trkpt>
      <trkpt lat="9.3848313" lon="76.3876095">
      </trkpt>
      <trkpt lat="9.3848254" lon="76.3871093">
      </trkpt>
      <trkpt lat="9.3848161" lon="76.3867392">
      </trkpt>
      <trkpt lat="9.3846937" lon="76.3838491">
      </trkpt>
      <trkpt lat="9.3846805" lon="76.383656">
      </trkpt>
      <trkpt lat="9.3845561" lon="76.3805312">
      </trkpt>
      <trkpt lat="9.3844883" lon="76.3787975">
      </trkpt>
      <trkpt lat="9.3843973" lon="76.3764462">
      </trkpt>
      <trkpt lat="9.3843603" lon="76.3748342">
      </trkpt>
      <trkpt lat="9.3843603" lon="76.374346">
      </trkpt>
      <trkpt lat="9.3843867" lon="76.3738471">
      </trkpt>
      <trkpt lat="9.3844459" lon="76.3732671">
      </trkpt>
      <trkpt lat="9.3845243" lon="76.372624">
      </trkpt>
      <trkpt lat="9.3845852" lon="76.3722244">
      </trkpt>
      <trkpt lat="9.3846963" lon="76.3716236">
      </trkpt>
      <trkpt lat="9.384998" lon="76.3701993">
      </trkpt>
      <trkpt lat="9.3854059" lon="76.36821">
      </trkpt>
      <trkpt lat="9.3856858" lon="76.3669236">
      </trkpt>
      <trkpt lat="9.3857155" lon="76.3667654">
      </trkpt>
      <trkpt lat="9.3857428" lon="76.366634">
      </trkpt>
      <trkpt lat="9.3860027" lon="76.3653612">
      </trkpt>
      <trkpt lat="9.3860556" lon="76.3651386">
      </trkpt>
      <trkpt lat="9.3862122" lon="76.3645322">
      </trkpt>
      <trkpt lat="9.3862832" lon="76.3642347">
      </trkpt>
      <trkpt lat="9.3863416" lon="76.3639405">
      </trkpt>
      <trkpt lat="9.3866907" lon="76.3621077">
      </trkpt>
      <trkpt lat="9.3867384" lon="76.3618744">
      </trkpt>
      <trkpt lat="9.3868098" lon="76.3615874">
      </trkpt>
      <trkpt lat="9.3869369" lon="76.3611126">
      </trkpt>
      <trkpt lat="9.3870771" lon="76.3606513">
      </trkpt>
      <trkpt lat="9.3872174" lon="76.360198">
      </trkpt>
      <trkpt lat="9.3873788" lon="76.3597286">
      </trkpt>
      <trkpt lat="9.3875746" lon="76.3592646">
      </trkpt>
      <trkpt lat="9.3877222" lon="76.3589367">
      </trkpt>
      <trkpt lat="9.3881355" lon="76.3580683">
      </trkpt>
      <trkpt lat="9.3885776" lon="76.3571242">
      </trkpt>
      <trkpt lat="9.3888183" lon="76.3566065">
      </trkpt>
      <trkpt lat="9.3890295" lon="76.3560819">
      </trkpt>
      <trkpt lat="9.389897" lon="76.3544376">
      </trkpt>
      <trkpt lat="9.3905063" lon="76.3531269">
      </trkpt>
      <trkpt lat="9.3909053" lon="76.3523509">
      </trkpt>
      <trkpt lat="9.3909641" lon="76.3522567">
      </trkpt>
      <trkpt lat="9.3911941" lon="76.3518882">
      </trkpt>
      <trkpt lat="9.3915118" lon="76.3514516">
      </trkpt>
      <trkpt lat="9.3916874" lon="76.3512623">
      </trkpt>
      <trkpt lat="9.3921102" lon="76.3508185">
      </trkpt>
      <trkpt lat="9.3924668" lon="76.350537">
      </trkpt>
      <trkpt lat="9.3925536" lon="76.3504662">
      </trkpt>
      <trkpt lat="9.3931346" lon="76.3500681">
      </trkpt>
      <trkpt lat="9.3936091" lon="76.3498196">
      </trkpt>
      <trkpt lat="9.3942483" lon="76.3495408">
      </trkpt>
      <trkpt lat="9.3945259" lon="76.3494491">
      </trkpt>
      <trkpt lat="9.3950626" lon="76.3492867">
      </trkpt>
      <trkpt lat="9.3977741" lon="76.3485382">
      </trkpt>
      <trkpt lat="9.4014049" lon="76.3476047">
      </trkpt>
      <trkpt lat="9.4017887" lon="76.3475035">
      </trkpt>
      <trkpt lat="9.4047052" lon="76.3467342">
      </trkpt>
      <trkpt lat="9.4089217" lon="76.3456221">
      </trkpt>
      <trkpt lat="9.4141528" lon="76.3442185">
      </trkpt>
      <trkpt lat="9.4171703" lon="76.3434135">
      </trkpt>
      <trkpt lat="9.4196776" lon="76.3427516">
      </trkpt>
      <trkpt lat="9.4224508" lon="76.3420063">
      </trkpt>
      <trkpt lat="9.422727" lon="76.3419362">
      </trkpt>
      <trkpt lat="9.4256009" lon="76.3412072">
      </trkpt>
      <trkpt lat="9.4278328" lon="76.3406168">
      </trkpt>
      <trkpt lat="9.4291469" lon="76.340271">
      </trkpt>
      <trkpt lat="9.4300214" lon="76.3400063">
      </trkpt>
      <trkpt lat="9.4303942" lon="76.3398935">
      </trkpt>
      <trkpt lat="9.4310359" lon="76.3396836">
      </trkpt>
      <trkpt lat="9.4318875" lon="76.3394051">
      </trkpt>
      <trkpt lat="9.433752" lon="76.3388005">
      </trkpt>
      <trkpt lat="9.4366768" lon="76.3377762">
      </trkpt>
      <trkpt lat="9.4410682" lon="76.3362382">
      </trkpt>
      <trkpt lat="9.4415274" lon="76.3360865">
      </trkpt>
      <trkpt lat="9.4434791" lon="76.3353933">
      </trkpt>
      <trkpt lat="9.4467945" lon="76.3342314">
      </trkpt>
      <trkpt lat="9.4502174" lon="76.3330319">
      </trkpt>
      <trkpt lat="9.4518759" lon="76.3324513">
      </trkpt>
      <trkpt lat="9.4567446" lon="76.33062">
      </trkpt>
      <trkpt lat="9.4613185" lon="76.3288937">
      </trkpt>
      <trkpt lat="9.4639845" lon="76.3278143">
      </trkpt>
      <trkpt lat="9.4667302" lon="76.3267118">
      </trkpt>
      <trkpt lat="9.4672501" lon="76.326534">
      </trkpt>
      <trkpt lat="9.4675869" lon="76.3264276">
      </trkpt>
      <trkpt lat="9.4681" lon="76.3262626">
      </trkpt>
      <trkpt lat="9.4687719" lon="76.3260774">
      </trkpt>
      <trkpt lat="9.4694945" lon="76.3258659">
      </trkpt>
      <trkpt lat="9.4713886" lon="76.3254325">
      </trkpt>
      <trkpt lat="9.4733333" lon="76.32496">
      </trkpt>
      <trkpt lat="9.4772439" lon="76.324015">
      </trkpt>
      <trkpt lat="9.4777395" lon="76.3238932">
      </trkpt>
      <trkpt lat="9.4788185" lon="76.3236285">
      </trkpt>
      <trkpt lat="9.4812819" lon="76.323025">
      </trkpt>
      <trkpt lat="9.48407" lon="76.3223435">
      </trkpt>
    </trkseg>
  </trk>
</gpx>