<?xml version="1.0" encoding="UTF-8"?>
<gpx xmlns="http://www.topografix.com/GPX/1/1" xmlns:xsi="http://www.w3.org/2001/XMLSchema-instance" xsi:schemaLocation="http://www.topografix.com/GPX/1/1 http://www.topografix.com/GPX/1/1/gpx.xsd" version="1.1" creator="gpx.py -- https://github.com/tkrajina/gpxpy">
  <wpt lat="25.2260128" lon="75.8813734">
    <name>Kota Junction</name>
  </wpt>
  <wpt lat="25.4084176" lon="75.6513245">
    <name>Bundi</name>
  </wpt>
  <wpt lat="24.8790894" lon="74.6232216">
    <name>Chittaurgarh Junction</name>
  </wpt>
  <wpt lat="24.794911" lon="73.9747408">
    <name>Mavli Junction</name>
  </wpt>
  <wpt lat="24.5697755" lon="73.6998119">
    <name>Udaipur City</name>
  </wpt>
  <trk>
    <name>Kota - Udaipur (Vies regionals)</name>
    <trkseg>
      <trkpt lat="25.2260128" lon="75.8813734">
      </trkpt>
      <trkpt lat="25.2262008" lon="75.8813962">
      </trkpt>
      <trkpt lat="25.2263961" lon="75.8814324">
      </trkpt>
      <trkpt lat="25.2265963" lon="75.8814794">
      </trkpt>
      <trkpt lat="25.2267965" lon="75.8815384">
      </trkpt>
      <trkpt lat="25.2270452" lon="75.8816282">
      </trkpt>
      <trkpt lat="25.227266" lon="75.8817114">
      </trkpt>
      <trkpt lat="25.227471" lon="75.8818053">
      </trkpt>
      <trkpt lat="25.227727" lon="75.8819313">
      </trkpt>
      <trkpt lat="25.2279587" lon="75.8820628">
      </trkpt>
      <trkpt lat="25.2281407" lon="75.8821788">
      </trkpt>
      <trkpt lat="25.2283288" lon="75.8823122">
      </trkpt>
      <trkpt lat="25.2284974" lon="75.8824402">
      </trkpt>
      <trkpt lat="25.2286631" lon="75.8825774">
      </trkpt>
      <trkpt lat="25.2288262" lon="75.8827306">
      </trkpt>
      <trkpt lat="25.228983" lon="75.8828853">
      </trkpt>
      <trkpt lat="25.2292725" lon="75.8831893">
      </trkpt>
      <trkpt lat="25.2301161" lon="75.884099">
      </trkpt>
      <trkpt lat="25.2303376" lon="75.8843549">
      </trkpt>
      <trkpt lat="25.2306198" lon="75.8847202">
      </trkpt>
      <trkpt lat="25.2307776" lon="75.8849409">
      </trkpt>
      <trkpt lat="25.2309189" lon="75.8851473">
      </trkpt>
      <trkpt lat="25.2310839" lon="75.8854061">
      </trkpt>
      <trkpt lat="25.231288" lon="75.8857591">
      </trkpt>
      <trkpt lat="25.2313529" lon="75.8858849">
      </trkpt>
      <trkpt lat="25.231517" lon="75.886192">
      </trkpt>
      <trkpt lat="25.2316324" lon="75.8864439">
      </trkpt>
      <trkpt lat="25.2317572" lon="75.8867432">
      </trkpt>
      <trkpt lat="25.2318452" lon="75.8869884">
      </trkpt>
      <trkpt lat="25.2319545" lon="75.8873111">
      </trkpt>
      <trkpt lat="25.2320459" lon="75.8875975">
      </trkpt>
      <trkpt lat="25.2321357" lon="75.8879194">
      </trkpt>
      <trkpt lat="25.2322128" lon="75.8882406">
      </trkpt>
      <trkpt lat="25.2322876" lon="75.8886129">
      </trkpt>
      <trkpt lat="25.2323419" lon="75.8889869">
      </trkpt>
      <trkpt lat="25.2323788" lon="75.8893542">
      </trkpt>
      <trkpt lat="25.2324104" lon="75.889808">
      </trkpt>
      <trkpt lat="25.2324208" lon="75.8901496">
      </trkpt>
      <trkpt lat="25.2324165" lon="75.8905293">
      </trkpt>
      <trkpt lat="25.2323983" lon="75.8909169">
      </trkpt>
      <trkpt lat="25.2323637" lon="75.8912735">
      </trkpt>
      <trkpt lat="25.2323277" lon="75.8915809">
      </trkpt>
      <trkpt lat="25.2322667" lon="75.8919655">
      </trkpt>
      <trkpt lat="25.2321988" lon="75.8923175">
      </trkpt>
      <trkpt lat="25.2321282" lon="75.8926206">
      </trkpt>
      <trkpt lat="25.2313191" lon="75.8958487">
      </trkpt>
      <trkpt lat="25.2311973" lon="75.8963541">
      </trkpt>
      <trkpt lat="25.2311629" lon="75.896496">
      </trkpt>
      <trkpt lat="25.2309891" lon="75.897213">
      </trkpt>
      <trkpt lat="25.230786" lon="75.898003">
      </trkpt>
      <trkpt lat="25.2286045" lon="75.9069252">
      </trkpt>
      <trkpt lat="25.2288543" lon="75.9060795">
      </trkpt>
      <trkpt lat="25.2299594" lon="75.9015277">
      </trkpt>
      <trkpt lat="25.230813" lon="75.8980912">
      </trkpt>
      <trkpt lat="25.2314521" lon="75.8955108">
      </trkpt>
      <trkpt lat="25.2318975" lon="75.8937072">
      </trkpt>
      <trkpt lat="25.2319702" lon="75.8934511">
      </trkpt>
      <trkpt lat="25.2320656" lon="75.8931729">
      </trkpt>
      <trkpt lat="25.2321563" lon="75.8929365">
      </trkpt>
      <trkpt lat="25.233005" lon="75.890697">
      </trkpt>
      <trkpt lat="25.2336525" lon="75.8889946">
      </trkpt>
      <trkpt lat="25.2338868" lon="75.8883642">
      </trkpt>
      <trkpt lat="25.2339406" lon="75.8882169">
      </trkpt>
      <trkpt lat="25.233973" lon="75.8881284">
      </trkpt>
      <trkpt lat="25.2340504" lon="75.8879242">
      </trkpt>
      <trkpt lat="25.2342002" lon="75.8875342">
      </trkpt>
      <trkpt lat="25.2343439" lon="75.887082">
      </trkpt>
      <trkpt lat="25.2344852" lon="75.8865648">
      </trkpt>
      <trkpt lat="25.2346168" lon="75.8859214">
      </trkpt>
      <trkpt lat="25.2347472" lon="75.8850418">
      </trkpt>
      <trkpt lat="25.2350124" lon="75.8832388">
      </trkpt>
      <trkpt lat="25.235145" lon="75.8822855">
      </trkpt>
      <trkpt lat="25.2352532" lon="75.8817248">
      </trkpt>
      <trkpt lat="25.2353761" lon="75.8813605">
      </trkpt>
      <trkpt lat="25.235533" lon="75.8810216">
      </trkpt>
      <trkpt lat="25.2357531" lon="75.8806573">
      </trkpt>
      <trkpt lat="25.2359137" lon="75.8804421">
      </trkpt>
      <trkpt lat="25.2360253" lon="75.8803166">
      </trkpt>
      <trkpt lat="25.2361324" lon="75.8801895">
      </trkpt>
      <trkpt lat="25.2362337" lon="75.8800911">
      </trkpt>
      <trkpt lat="25.2363683" lon="75.8799827">
      </trkpt>
      <trkpt lat="25.2365316" lon="75.8798519">
      </trkpt>
      <trkpt lat="25.2367373" lon="75.8797132">
      </trkpt>
      <trkpt lat="25.2369087" lon="75.8796061">
      </trkpt>
      <trkpt lat="25.237046" lon="75.8795305">
      </trkpt>
      <trkpt lat="25.2371883" lon="75.879461">
      </trkpt>
      <trkpt lat="25.2373333" lon="75.8794081">
      </trkpt>
      <trkpt lat="25.2375001" lon="75.8793564">
      </trkpt>
      <trkpt lat="25.2376857" lon="75.8793095">
      </trkpt>
      <trkpt lat="25.2377888" lon="75.879288">
      </trkpt>
      <trkpt lat="25.2380271" lon="75.879241">
      </trkpt>
      <trkpt lat="25.2381077" lon="75.8792297">
      </trkpt>
      <trkpt lat="25.2391308" lon="75.8791023">
      </trkpt>
      <trkpt lat="25.2436214" lon="75.878447">
      </trkpt>
      <trkpt lat="25.2442139" lon="75.8783816">
      </trkpt>
      <trkpt lat="25.2466305" lon="75.878038">
      </trkpt>
      <trkpt lat="25.2498913" lon="75.8775871">
      </trkpt>
      <trkpt lat="25.2499919" lon="75.8775748">
      </trkpt>
      <trkpt lat="25.2502606" lon="75.8775379">
      </trkpt>
      <trkpt lat="25.2505149" lon="75.8775114">
      </trkpt>
      <trkpt lat="25.2508719" lon="75.8774722">
      </trkpt>
      <trkpt lat="25.2512164" lon="75.8774451">
      </trkpt>
      <trkpt lat="25.2515991" lon="75.8774272">
      </trkpt>
      <trkpt lat="25.2519114" lon="75.8774199">
      </trkpt>
      <trkpt lat="25.2522226" lon="75.8774197">
      </trkpt>
      <trkpt lat="25.2525646" lon="75.8774239">
      </trkpt>
      <trkpt lat="25.2528982" lon="75.8774401">
      </trkpt>
      <trkpt lat="25.2533942" lon="75.8774722">
      </trkpt>
      <trkpt lat="25.253883" lon="75.8775225">
      </trkpt>
      <trkpt lat="25.2543391" lon="75.8775888">
      </trkpt>
      <trkpt lat="25.254787" lon="75.877668">
      </trkpt>
      <trkpt lat="25.2554383" lon="75.8778038">
      </trkpt>
      <trkpt lat="25.2560081" lon="75.877955">
      </trkpt>
      <trkpt lat="25.2563798" lon="75.8780662">
      </trkpt>
      <trkpt lat="25.256737" lon="75.878187">
      </trkpt>
      <trkpt lat="25.2570703" lon="75.8783038">
      </trkpt>
      <trkpt lat="25.2575972" lon="75.8785134">
      </trkpt>
      <trkpt lat="25.2578252" lon="75.8786049">
      </trkpt>
      <trkpt lat="25.2580609" lon="75.8787057">
      </trkpt>
      <trkpt lat="25.2583999" lon="75.8788589">
      </trkpt>
      <trkpt lat="25.2587125" lon="75.8790139">
      </trkpt>
      <trkpt lat="25.2590888" lon="75.8792089">
      </trkpt>
      <trkpt lat="25.2594528" lon="75.8794116">
      </trkpt>
      <trkpt lat="25.264459" lon="75.8822724">
      </trkpt>
      <trkpt lat="25.2675472" lon="75.8840351">
      </trkpt>
      <trkpt lat="25.2679146" lon="75.8842754">
      </trkpt>
      <trkpt lat="25.2713379" lon="75.8861999">
      </trkpt>
      <trkpt lat="25.2748519" lon="75.8882061">
      </trkpt>
      <trkpt lat="25.2749823" lon="75.888282">
      </trkpt>
      <trkpt lat="25.2788968" lon="75.8905205">
      </trkpt>
      <trkpt lat="25.2850066" lon="75.8940311">
      </trkpt>
      <trkpt lat="25.2887771" lon="75.8961806">
      </trkpt>
      <trkpt lat="25.289366" lon="75.8965453">
      </trkpt>
      <trkpt lat="25.2899574" lon="75.8969362">
      </trkpt>
      <trkpt lat="25.2905773" lon="75.8973888">
      </trkpt>
      <trkpt lat="25.2910624" lon="75.8977811">
      </trkpt>
      <trkpt lat="25.2917188" lon="75.8983696">
      </trkpt>
      <trkpt lat="25.2922699" lon="75.8989145">
      </trkpt>
      <trkpt lat="25.2927296" lon="75.8994006">
      </trkpt>
      <trkpt lat="25.2932107" lon="75.8999693">
      </trkpt>
      <trkpt lat="25.2936431" lon="75.9004941">
      </trkpt>
      <trkpt lat="25.3003679" lon="75.9087688">
      </trkpt>
      <trkpt lat="25.3034743" lon="75.9125869">
      </trkpt>
      <trkpt lat="25.3114" lon="75.922331">
      </trkpt>
      <trkpt lat="25.3172448" lon="75.9295202">
      </trkpt>
      <trkpt lat="25.3177059" lon="75.9301054">
      </trkpt>
      <trkpt lat="25.3206227" lon="75.9336795">
      </trkpt>
      <trkpt lat="25.3203196" lon="75.9332438">
      </trkpt>
      <trkpt lat="25.3177232" lon="75.9300319">
      </trkpt>
      <trkpt lat="25.3172817" lon="75.9294818">
      </trkpt>
      <trkpt lat="25.3114357" lon="75.9223025">
      </trkpt>
      <trkpt lat="25.303506" lon="75.9125522">
      </trkpt>
      <trkpt lat="25.3004082" lon="75.9087412">
      </trkpt>
      <trkpt lat="25.2932428" lon="75.8999084">
      </trkpt>
      <trkpt lat="25.2927662" lon="75.8993597">
      </trkpt>
      <trkpt lat="25.2923001" lon="75.8988751">
      </trkpt>
      <trkpt lat="25.2917422" lon="75.8983239">
      </trkpt>
      <trkpt lat="25.2910803" lon="75.8977366">
      </trkpt>
      <trkpt lat="25.2905977" lon="75.8973512">
      </trkpt>
      <trkpt lat="25.2902385" lon="75.8970663">
      </trkpt>
      <trkpt lat="25.2897989" lon="75.8967629">
      </trkpt>
      <trkpt lat="25.2893876" lon="75.8964917">
      </trkpt>
      <trkpt lat="25.2887934" lon="75.8961296">
      </trkpt>
      <trkpt lat="25.2850271" lon="75.8939908">
      </trkpt>
      <trkpt lat="25.2782114" lon="75.8900704">
      </trkpt>
      <trkpt lat="25.2777359" lon="75.8898055">
      </trkpt>
      <trkpt lat="25.2758346" lon="75.8887156">
      </trkpt>
      <trkpt lat="25.276456" lon="75.8890432">
      </trkpt>
      <trkpt lat="25.2769313" lon="75.8892873">
      </trkpt>
      <trkpt lat="25.2771072" lon="75.8893879">
      </trkpt>
      <trkpt lat="25.2782374" lon="75.8900303">
      </trkpt>
      <trkpt lat="25.2784885" lon="75.8901644">
      </trkpt>
      <trkpt lat="25.2787153" lon="75.8902784">
      </trkpt>
      <trkpt lat="25.2789214" lon="75.8903709">
      </trkpt>
      <trkpt lat="25.2791298" lon="75.8904593">
      </trkpt>
      <trkpt lat="25.2794562" lon="75.8905815">
      </trkpt>
      <trkpt lat="25.2796869" lon="75.8906599">
      </trkpt>
      <trkpt lat="25.2800237" lon="75.8907518">
      </trkpt>
      <trkpt lat="25.2803087" lon="75.8908175">
      </trkpt>
      <trkpt lat="25.2805845" lon="75.8908729">
      </trkpt>
      <trkpt lat="25.2809174" lon="75.8909248">
      </trkpt>
      <trkpt lat="25.2812195" lon="75.8909535">
      </trkpt>
      <trkpt lat="25.2814425" lon="75.8909717">
      </trkpt>
      <trkpt lat="25.2817518" lon="75.8909824">
      </trkpt>
      <trkpt lat="25.2820731" lon="75.8909771">
      </trkpt>
      <trkpt lat="25.2822089" lon="75.8909744">
      </trkpt>
      <trkpt lat="25.2825481" lon="75.8909457">
      </trkpt>
      <trkpt lat="25.2829304" lon="75.8908953">
      </trkpt>
      <trkpt lat="25.2832353" lon="75.8908432">
      </trkpt>
      <trkpt lat="25.2835428" lon="75.8907773">
      </trkpt>
      <trkpt lat="25.2838373" lon="75.8907033">
      </trkpt>
      <trkpt lat="25.2841176" lon="75.8906123">
      </trkpt>
      <trkpt lat="25.2843633" lon="75.8905261">
      </trkpt>
      <trkpt lat="25.2852291" lon="75.8901323">
      </trkpt>
      <trkpt lat="25.2859173" lon="75.8897377">
      </trkpt>
      <trkpt lat="25.2864251" lon="75.8893432">
      </trkpt>
      <trkpt lat="25.2871886" lon="75.8886475">
      </trkpt>
      <trkpt lat="25.2876988" lon="75.888088">
      </trkpt>
      <trkpt lat="25.2881136" lon="75.8875405">
      </trkpt>
      <trkpt lat="25.2884636" lon="75.8869806">
      </trkpt>
      <trkpt lat="25.2889064" lon="75.8861211">
      </trkpt>
      <trkpt lat="25.2897578" lon="75.8843337">
      </trkpt>
      <trkpt lat="25.2903622" lon="75.8830676">
      </trkpt>
      <trkpt lat="25.2950093" lon="75.873333">
      </trkpt>
      <trkpt lat="25.2988253" lon="75.8650696">
      </trkpt>
      <trkpt lat="25.2993608" lon="75.8638897">
      </trkpt>
      <trkpt lat="25.2998519" lon="75.8625185">
      </trkpt>
      <trkpt lat="25.3002711" lon="75.8609883">
      </trkpt>
      <trkpt lat="25.3005107" lon="75.8597231">
      </trkpt>
      <trkpt lat="25.3006697" lon="75.8581673">
      </trkpt>
      <trkpt lat="25.3007083" lon="75.8569675">
      </trkpt>
      <trkpt lat="25.3006903" lon="75.8555632">
      </trkpt>
      <trkpt lat="25.3004867" lon="75.8527876">
      </trkpt>
      <trkpt lat="25.3003287" lon="75.8504357">
      </trkpt>
      <trkpt lat="25.3001378" lon="75.8475117">
      </trkpt>
      <trkpt lat="25.2998945" lon="75.8439941">
      </trkpt>
      <trkpt lat="25.297654" lon="75.8115987">
      </trkpt>
      <trkpt lat="25.2974515" lon="75.8079014">
      </trkpt>
      <trkpt lat="25.2963528" lon="75.7919066">
      </trkpt>
      <trkpt lat="25.2959783" lon="75.7864267">
      </trkpt>
      <trkpt lat="25.2959449" lon="75.7858653">
      </trkpt>
      <trkpt lat="25.2955629" lon="75.7807588">
      </trkpt>
      <trkpt lat="25.2952248" lon="75.7757898">
      </trkpt>
      <trkpt lat="25.2951132" lon="75.774101">
      </trkpt>
      <trkpt lat="25.2950773" lon="75.7724914">
      </trkpt>
      <trkpt lat="25.2951674" lon="75.770918">
      </trkpt>
      <trkpt lat="25.2954375" lon="75.7693097">
      </trkpt>
      <trkpt lat="25.2954589" lon="75.7691841">
      </trkpt>
      <trkpt lat="25.2957186" lon="75.7679269">
      </trkpt>
      <trkpt lat="25.2960595" lon="75.7668343">
      </trkpt>
      <trkpt lat="25.2964547" lon="75.7658076">
      </trkpt>
      <trkpt lat="25.2969103" lon="75.7647421">
      </trkpt>
      <trkpt lat="25.2975986" lon="75.7634958">
      </trkpt>
      <trkpt lat="25.298461" lon="75.7621312">
      </trkpt>
      <trkpt lat="25.3002038" lon="75.7596935">
      </trkpt>
      <trkpt lat="25.3033585" lon="75.7551598">
      </trkpt>
      <trkpt lat="25.3036053" lon="75.7548314">
      </trkpt>
      <trkpt lat="25.3092219" lon="75.7468632">
      </trkpt>
      <trkpt lat="25.3103925" lon="75.7452024">
      </trkpt>
      <trkpt lat="25.3118543" lon="75.7431067">
      </trkpt>
      <trkpt lat="25.3118788" lon="75.7430716">
      </trkpt>
      <trkpt lat="25.3134523" lon="75.7408533">
      </trkpt>
      <trkpt lat="25.3158346" lon="75.7374615">
      </trkpt>
      <trkpt lat="25.3197865" lon="75.731938">
      </trkpt>
      <trkpt lat="25.3203515" lon="75.7311043">
      </trkpt>
      <trkpt lat="25.3222287" lon="75.728482">
      </trkpt>
      <trkpt lat="25.323236" lon="75.727207">
      </trkpt>
      <trkpt lat="25.3245104" lon="75.725919">
      </trkpt>
      <trkpt lat="25.3271975" lon="75.7236527">
      </trkpt>
      <trkpt lat="25.3308568" lon="75.7204668">
      </trkpt>
      <trkpt lat="25.3332863" lon="75.7183865">
      </trkpt>
      <trkpt lat="25.3345273" lon="75.7173238">
      </trkpt>
      <trkpt lat="25.3418023" lon="75.7111036">
      </trkpt>
      <trkpt lat="25.3457988" lon="75.7077067">
      </trkpt>
      <trkpt lat="25.3463555" lon="75.7072268">
      </trkpt>
      <trkpt lat="25.3490716" lon="75.704885">
      </trkpt>
      <trkpt lat="25.3562636" lon="75.6986555">
      </trkpt>
      <trkpt lat="25.3586667" lon="75.6966622">
      </trkpt>
      <trkpt lat="25.3612778" lon="75.694411">
      </trkpt>
      <trkpt lat="25.361945" lon="75.6938845">
      </trkpt>
      <trkpt lat="25.362352" lon="75.693583">
      </trkpt>
      <trkpt lat="25.362621" lon="75.6933837">
      </trkpt>
      <trkpt lat="25.3641318" lon="75.6924811">
      </trkpt>
      <trkpt lat="25.3654987" lon="75.6918683">
      </trkpt>
      <trkpt lat="25.3669979" lon="75.6913189">
      </trkpt>
      <trkpt lat="25.3682308" lon="75.6909016">
      </trkpt>
      <trkpt lat="25.3689995" lon="75.6906319">
      </trkpt>
      <trkpt lat="25.3700678" lon="75.6902677">
      </trkpt>
      <trkpt lat="25.3718547" lon="75.6896641">
      </trkpt>
      <trkpt lat="25.3732297" lon="75.6890027">
      </trkpt>
      <trkpt lat="25.374448" lon="75.68829">
      </trkpt>
      <trkpt lat="25.3758751" lon="75.6872883">
      </trkpt>
      <trkpt lat="25.3812062" lon="75.6834779">
      </trkpt>
      <trkpt lat="25.3926433" lon="75.6754121">
      </trkpt>
      <trkpt lat="25.4009143" lon="75.6695904">
      </trkpt>
      <trkpt lat="25.4009381" lon="75.6695468">
      </trkpt>
      <trkpt lat="25.4011567" lon="75.669381">
      </trkpt>
      <trkpt lat="25.4025249" lon="75.6684223">
      </trkpt>
      <trkpt lat="25.4031278" lon="75.667941">
      </trkpt>
      <trkpt lat="25.4036384" lon="75.6674797">
      </trkpt>
      <trkpt lat="25.4047081" lon="75.666285">
      </trkpt>
      <trkpt lat="25.4053589" lon="75.6653394">
      </trkpt>
      <trkpt lat="25.4058839" lon="75.664454">
      </trkpt>
      <trkpt lat="25.406387" lon="75.6633404">
      </trkpt>
      <trkpt lat="25.4066713" lon="75.6625199">
      </trkpt>
      <trkpt lat="25.4069297" lon="75.6615755">
      </trkpt>
      <trkpt lat="25.4071839" lon="75.6600772">
      </trkpt>
      <trkpt lat="25.4075982" lon="75.6570216">
      </trkpt>
      <trkpt lat="25.4076345" lon="75.6567695">
      </trkpt>
      <trkpt lat="25.4084176" lon="75.6513245">
      </trkpt>
      <trkpt lat="25.4094554" lon="75.6438371">
      </trkpt>
      <trkpt lat="25.4105276" lon="75.6362493">
      </trkpt>
      <trkpt lat="25.4111769" lon="75.6316067">
      </trkpt>
      <trkpt lat="25.4113135" lon="75.6303463">
      </trkpt>
      <trkpt lat="25.4113358" lon="75.6294354">
      </trkpt>
      <trkpt lat="25.4112999" lon="75.6286329">
      </trkpt>
      <trkpt lat="25.4112227" lon="75.627864">
      </trkpt>
      <trkpt lat="25.4111237" lon="75.6272641">
      </trkpt>
      <trkpt lat="25.4109801" lon="75.6265494">
      </trkpt>
      <trkpt lat="25.4107707" lon="75.6258184">
      </trkpt>
      <trkpt lat="25.410511" lon="75.6250749">
      </trkpt>
      <trkpt lat="25.4103129" lon="75.6245682">
      </trkpt>
      <trkpt lat="25.4099985" lon="75.6239219">
      </trkpt>
      <trkpt lat="25.4096343" lon="75.6232384">
      </trkpt>
      <trkpt lat="25.4092414" lon="75.6226181">
      </trkpt>
      <trkpt lat="25.4089256" lon="75.6221851">
      </trkpt>
      <trkpt lat="25.4085215" lon="75.6216666">
      </trkpt>
      <trkpt lat="25.4061561" lon="75.6188558">
      </trkpt>
      <trkpt lat="25.403752" lon="75.6160049">
      </trkpt>
      <trkpt lat="25.3990143" lon="75.610404">
      </trkpt>
      <trkpt lat="25.3968971" lon="75.6079039">
      </trkpt>
      <trkpt lat="25.3947245" lon="75.6053632">
      </trkpt>
      <trkpt lat="25.3894051" lon="75.5990812">
      </trkpt>
      <trkpt lat="25.3846549" lon="75.5934583">
      </trkpt>
      <trkpt lat="25.3808482" lon="75.5889642">
      </trkpt>
      <trkpt lat="25.3724025" lon="75.5790045">
      </trkpt>
      <trkpt lat="25.3723203" lon="75.578908">
      </trkpt>
      <trkpt lat="25.3721129" lon="75.5786645">
      </trkpt>
      <trkpt lat="25.365602" lon="75.571021">
      </trkpt>
      <trkpt lat="25.3638255" lon="75.5689189">
      </trkpt>
      <trkpt lat="25.3630814" lon="75.5680384">
      </trkpt>
      <trkpt lat="25.3610915" lon="75.565604">
      </trkpt>
      <trkpt lat="25.359002" lon="75.5631824">
      </trkpt>
      <trkpt lat="25.357342" lon="75.5612148">
      </trkpt>
      <trkpt lat="25.356776" lon="75.5605714">
      </trkpt>
      <trkpt lat="25.3567329" lon="75.5604835">
      </trkpt>
      <trkpt lat="25.3561786" lon="75.5596055">
      </trkpt>
      <trkpt lat="25.355209" lon="75.5574597">
      </trkpt>
      <trkpt lat="25.3541437" lon="75.5551181">
      </trkpt>
      <trkpt lat="25.3537063" lon="75.5540944">
      </trkpt>
      <trkpt lat="25.3532438" lon="75.5531385">
      </trkpt>
      <trkpt lat="25.3528347" lon="75.5525167">
      </trkpt>
      <trkpt lat="25.352442" lon="75.5521206">
      </trkpt>
      <trkpt lat="25.3519939" lon="75.5517835">
      </trkpt>
      <trkpt lat="25.3514989" lon="75.5515155">
      </trkpt>
      <trkpt lat="25.3509586" lon="75.5512936">
      </trkpt>
      <trkpt lat="25.3502818" lon="75.5511661">
      </trkpt>
      <trkpt lat="25.3494887" lon="75.5511083">
      </trkpt>
      <trkpt lat="25.3483048" lon="75.5510577">
      </trkpt>
      <trkpt lat="25.3477158" lon="75.551016">
      </trkpt>
      <trkpt lat="25.3473556" lon="75.5509795">
      </trkpt>
      <trkpt lat="25.3466832" lon="75.550871">
      </trkpt>
      <trkpt lat="25.346046" lon="75.5506511">
      </trkpt>
      <trkpt lat="25.3455864" lon="75.5504109">
      </trkpt>
      <trkpt lat="25.3449767" lon="75.5499145">
      </trkpt>
      <trkpt lat="25.3446098" lon="75.5495115">
      </trkpt>
      <trkpt lat="25.3443359" lon="75.5491218">
      </trkpt>
      <trkpt lat="25.3437573" lon="75.5479392">
      </trkpt>
      <trkpt lat="25.3432384" lon="75.5468774">
      </trkpt>
      <trkpt lat="25.3427401" lon="75.5456151">
      </trkpt>
      <trkpt lat="25.3425656" lon="75.544671">
      </trkpt>
      <trkpt lat="25.3426373" lon="75.5436579">
      </trkpt>
      <trkpt lat="25.3427659" lon="75.5426676">
      </trkpt>
      <trkpt lat="25.342927" lon="75.5413248">
      </trkpt>
      <trkpt lat="25.343131" lon="75.5398116">
      </trkpt>
      <trkpt lat="25.3432473" lon="75.5388461">
      </trkpt>
      <trkpt lat="25.3433055" lon="75.5376659">
      </trkpt>
      <trkpt lat="25.3433432" lon="75.5366899">
      </trkpt>
      <trkpt lat="25.3434158" lon="75.5361948">
      </trkpt>
      <trkpt lat="25.3435964" lon="75.5355416">
      </trkpt>
      <trkpt lat="25.3443721" lon="75.5332241">
      </trkpt>
      <trkpt lat="25.3455153" lon="75.530097">
      </trkpt>
      <trkpt lat="25.3459719" lon="75.5288146">
      </trkpt>
      <trkpt lat="25.3461562" lon="75.527967">
      </trkpt>
      <trkpt lat="25.3461562" lon="75.5271731">
      </trkpt>
      <trkpt lat="25.3461184" lon="75.5267727">
      </trkpt>
      <trkpt lat="25.3460398" lon="75.5263362">
      </trkpt>
      <trkpt lat="25.3458671" lon="75.5258106">
      </trkpt>
      <trkpt lat="25.3456822" lon="75.5254204">
      </trkpt>
      <trkpt lat="25.345379" lon="75.524814">
      </trkpt>
      <trkpt lat="25.3449387" lon="75.524026">
      </trkpt>
      <trkpt lat="25.3445794" lon="75.5234349">
      </trkpt>
      <trkpt lat="25.3440104" lon="75.5225885">
      </trkpt>
      <trkpt lat="25.3434574" lon="75.5219379">
      </trkpt>
      <trkpt lat="25.3426999" lon="75.5211282">
      </trkpt>
      <trkpt lat="25.3420909" lon="75.5204895">
      </trkpt>
      <trkpt lat="25.3415575" lon="75.5199125">
      </trkpt>
      <trkpt lat="25.3410153" lon="75.5194483">
      </trkpt>
      <trkpt lat="25.3405148" lon="75.5191273">
      </trkpt>
      <trkpt lat="25.3398126" lon="75.5186156">
      </trkpt>
      <trkpt lat="25.3392095" lon="75.5180086">
      </trkpt>
      <trkpt lat="25.3387874" lon="75.5173017">
      </trkpt>
      <trkpt lat="25.338467" lon="75.5167237">
      </trkpt>
      <trkpt lat="25.3381517" lon="75.5159942">
      </trkpt>
      <trkpt lat="25.3378445" lon="75.5150329">
      </trkpt>
      <trkpt lat="25.3376059" lon="75.5142462">
      </trkpt>
      <trkpt lat="25.3373578" lon="75.5134938">
      </trkpt>
      <trkpt lat="25.3370199" lon="75.5127742">
      </trkpt>
      <trkpt lat="25.3368098" lon="75.5123574">
      </trkpt>
      <trkpt lat="25.336362" lon="75.5116968">
      </trkpt>
      <trkpt lat="25.3329106" lon="75.5065514">
      </trkpt>
      <trkpt lat="25.331211" lon="75.5039972">
      </trkpt>
      <trkpt lat="25.3308472" lon="75.5034357">
      </trkpt>
      <trkpt lat="25.3304852" lon="75.5029061">
      </trkpt>
      <trkpt lat="25.3298124" lon="75.5020692">
      </trkpt>
      <trkpt lat="25.3291031" lon="75.5012428">
      </trkpt>
      <trkpt lat="25.3282577" lon="75.5002303">
      </trkpt>
      <trkpt lat="25.3267208" lon="75.4984447">
      </trkpt>
      <trkpt lat="25.3226364" lon="75.4936767">
      </trkpt>
      <trkpt lat="25.3202584" lon="75.4910964">
      </trkpt>
      <trkpt lat="25.3190109" lon="75.4897677">
      </trkpt>
      <trkpt lat="25.3176223" lon="75.4882683">
      </trkpt>
      <trkpt lat="25.316596" lon="75.4872089">
      </trkpt>
      <trkpt lat="25.3143856" lon="75.4851409">
      </trkpt>
      <trkpt lat="25.3139075" lon="75.4846699">
      </trkpt>
      <trkpt lat="25.3134704" lon="75.4842025">
      </trkpt>
      <trkpt lat="25.3124247" lon="75.4829365">
      </trkpt>
      <trkpt lat="25.3115777" lon="75.4819434">
      </trkpt>
      <trkpt lat="25.3107289" lon="75.4809942">
      </trkpt>
      <trkpt lat="25.3100545" lon="75.4801359">
      </trkpt>
      <trkpt lat="25.30942" lon="75.479015">
      </trkpt>
      <trkpt lat="25.3084039" lon="75.4768755">
      </trkpt>
      <trkpt lat="25.3079772" lon="75.4761674">
      </trkpt>
      <trkpt lat="25.307531" lon="75.4755451">
      </trkpt>
      <trkpt lat="25.3067551" lon="75.4747082">
      </trkpt>
      <trkpt lat="25.3062992" lon="75.4741289">
      </trkpt>
      <trkpt lat="25.3055912" lon="75.4732062">
      </trkpt>
      <trkpt lat="25.3009063" lon="75.4657819">
      </trkpt>
      <trkpt lat="25.3002734" lon="75.4646311">
      </trkpt>
      <trkpt lat="25.2997811" lon="75.4636039">
      </trkpt>
      <trkpt lat="25.2993447" lon="75.4626383">
      </trkpt>
      <trkpt lat="25.2989567" lon="75.4615654">
      </trkpt>
      <trkpt lat="25.2985493" lon="75.4603745">
      </trkpt>
      <trkpt lat="25.2981807" lon="75.45972">
      </trkpt>
      <trkpt lat="25.2975987" lon="75.4588295">
      </trkpt>
      <trkpt lat="25.2968906" lon="75.4576064">
      </trkpt>
      <trkpt lat="25.2958139" lon="75.4558684">
      </trkpt>
      <trkpt lat="25.2949348" lon="75.4544777">
      </trkpt>
      <trkpt lat="25.2901781" lon="75.4469635">
      </trkpt>
      <trkpt lat="25.2893244" lon="75.4455795">
      </trkpt>
      <trkpt lat="25.288529" lon="75.4440023">
      </trkpt>
      <trkpt lat="25.2881022" lon="75.4429294">
      </trkpt>
      <trkpt lat="25.2877529" lon="75.4418136">
      </trkpt>
      <trkpt lat="25.2874619" lon="75.4406764">
      </trkpt>
      <trkpt lat="25.2862452" lon="75.4361582">
      </trkpt>
      <trkpt lat="25.2859098" lon="75.4341747">
      </trkpt>
      <trkpt lat="25.2857667" lon="75.4324339">
      </trkpt>
      <trkpt lat="25.2857577" lon="75.4322872">
      </trkpt>
      <trkpt lat="25.2857373" lon="75.4308402">
      </trkpt>
      <trkpt lat="25.285788" lon="75.4298827">
      </trkpt>
      <trkpt lat="25.28586" lon="75.4294047">
      </trkpt>
      <trkpt lat="25.2861001" lon="75.4286119">
      </trkpt>
      <trkpt lat="25.2866935" lon="75.4266698">
      </trkpt>
      <trkpt lat="25.2870605" lon="75.4254294">
      </trkpt>
      <trkpt lat="25.2874103" lon="75.4244925">
      </trkpt>
      <trkpt lat="25.2876024" lon="75.424079">
      </trkpt>
      <trkpt lat="25.2877723" lon="75.4238321">
      </trkpt>
      <trkpt lat="25.2883544" lon="75.4230596">
      </trkpt>
      <trkpt lat="25.2888508" lon="75.4226945">
      </trkpt>
      <trkpt lat="25.2892371" lon="75.4224588">
      </trkpt>
      <trkpt lat="25.2898248" lon="75.42208">
      </trkpt>
      <trkpt lat="25.2919435" lon="75.4209997">
      </trkpt>
      <trkpt lat="25.2936313" lon="75.4201199">
      </trkpt>
      <trkpt lat="25.2953074" lon="75.4191936">
      </trkpt>
      <trkpt lat="25.2963086" lon="75.418575">
      </trkpt>
      <trkpt lat="25.2973174" lon="75.4175235">
      </trkpt>
      <trkpt lat="25.2975047" lon="75.4171757">
      </trkpt>
      <trkpt lat="25.2978888" lon="75.4164623">
      </trkpt>
      <trkpt lat="25.2986948" lon="75.4149486">
      </trkpt>
      <trkpt lat="25.2995484" lon="75.413232">
      </trkpt>
      <trkpt lat="25.2999872" lon="75.4123443">
      </trkpt>
      <trkpt lat="25.3000606" lon="75.4121534">
      </trkpt>
      <trkpt lat="25.3001254" lon="75.4119588">
      </trkpt>
      <trkpt lat="25.3001812" lon="75.4117609">
      </trkpt>
      <trkpt lat="25.3002281" lon="75.4115601">
      </trkpt>
      <trkpt lat="25.3002659" lon="75.411357">
      </trkpt>
      <trkpt lat="25.3002945" lon="75.411152">
      </trkpt>
      <trkpt lat="25.3003139" lon="75.4109458">
      </trkpt>
      <trkpt lat="25.3003239" lon="75.4107387">
      </trkpt>
      <trkpt lat="25.3003247" lon="75.4105357">
      </trkpt>
      <trkpt lat="25.3003165" lon="75.4103328">
      </trkpt>
      <trkpt lat="25.3002994" lon="75.4101307">
      </trkpt>
      <trkpt lat="25.3002734" lon="75.4099297">
      </trkpt>
      <trkpt lat="25.3002386" lon="75.4097304">
      </trkpt>
      <trkpt lat="25.300195" lon="75.4095331">
      </trkpt>
      <trkpt lat="25.3001428" lon="75.4093385">
      </trkpt>
      <trkpt lat="25.300082" lon="75.4091469">
      </trkpt>
      <trkpt lat="25.2995084" lon="75.4079065">
      </trkpt>
      <trkpt lat="25.2987142" lon="75.4065587">
      </trkpt>
      <trkpt lat="25.29773" lon="75.4052196">
      </trkpt>
      <trkpt lat="25.2969197" lon="75.4044343">
      </trkpt>
      <trkpt lat="25.2960418" lon="75.4038362">
      </trkpt>
      <trkpt lat="25.2917107" lon="75.4017521">
      </trkpt>
      <trkpt lat="25.2906349" lon="75.401285">
      </trkpt>
      <trkpt lat="25.2904709" lon="75.4012053">
      </trkpt>
      <trkpt lat="25.2903106" lon="75.4011172">
      </trkpt>
      <trkpt lat="25.2901542" lon="75.4010207">
      </trkpt>
      <trkpt lat="25.290002" lon="75.4009163">
      </trkpt>
      <trkpt lat="25.2898545" lon="75.400804">
      </trkpt>
      <trkpt lat="25.2897119" lon="75.4006841">
      </trkpt>
      <trkpt lat="25.2895746" lon="75.400557">
      </trkpt>
      <trkpt lat="25.2894429" lon="75.4004228">
      </trkpt>
      <trkpt lat="25.289317" lon="75.4002819">
      </trkpt>
      <trkpt lat="25.2891973" lon="75.4001346">
      </trkpt>
      <trkpt lat="25.2890839" lon="75.3999813">
      </trkpt>
      <trkpt lat="25.2889773" lon="75.3998222">
      </trkpt>
      <trkpt lat="25.2888775" lon="75.3996577">
      </trkpt>
      <trkpt lat="25.2887848" lon="75.3994882">
      </trkpt>
      <trkpt lat="25.2886963" lon="75.3993071">
      </trkpt>
      <trkpt lat="25.2886158" lon="75.3991214">
      </trkpt>
      <trkpt lat="25.2885437" lon="75.3989315">
      </trkpt>
      <trkpt lat="25.2884801" lon="75.398738">
      </trkpt>
      <trkpt lat="25.2884251" lon="75.3985412">
      </trkpt>
      <trkpt lat="25.2883789" lon="75.3983417">
      </trkpt>
      <trkpt lat="25.2883416" lon="75.3981399">
      </trkpt>
      <trkpt lat="25.2883133" lon="75.3979364">
      </trkpt>
      <trkpt lat="25.288294" lon="75.3977316">
      </trkpt>
      <trkpt lat="25.2882839" lon="75.3975259">
      </trkpt>
      <trkpt lat="25.2882828" lon="75.39732">
      </trkpt>
      <trkpt lat="25.2882909" lon="75.3971143">
      </trkpt>
      <trkpt lat="25.2882926" lon="75.3968997">
      </trkpt>
      <trkpt lat="25.288338" lon="75.3964986">
      </trkpt>
      <trkpt lat="25.2883797" lon="75.3962833">
      </trkpt>
      <trkpt lat="25.2885661" lon="75.3956223">
      </trkpt>
      <trkpt lat="25.2887133" lon="75.3952076">
      </trkpt>
      <trkpt lat="25.2894603" lon="75.3931047">
      </trkpt>
      <trkpt lat="25.2939805" lon="75.3805305">
      </trkpt>
      <trkpt lat="25.298559" lon="75.3676559">
      </trkpt>
      <trkpt lat="25.2991216" lon="75.3661324">
      </trkpt>
      <trkpt lat="25.2996177" lon="75.3643448">
      </trkpt>
      <trkpt lat="25.2996787" lon="75.3636078">
      </trkpt>
      <trkpt lat="25.2996708" lon="75.3627667">
      </trkpt>
      <trkpt lat="25.2995842" lon="75.3619972">
      </trkpt>
      <trkpt lat="25.2994397" lon="75.3611985">
      </trkpt>
      <trkpt lat="25.2992544" lon="75.360596">
      </trkpt>
      <trkpt lat="25.2990017" lon="75.359929">
      </trkpt>
      <trkpt lat="25.2986239" lon="75.359146">
      </trkpt>
      <trkpt lat="25.2974361" lon="75.3568084">
      </trkpt>
      <trkpt lat="25.2960296" lon="75.3539944">
      </trkpt>
      <trkpt lat="25.2956179" lon="75.3533375">
      </trkpt>
      <trkpt lat="25.2952113" lon="75.3527163">
      </trkpt>
      <trkpt lat="25.2946805" lon="75.3519502">
      </trkpt>
      <trkpt lat="25.294209" lon="75.3513958">
      </trkpt>
      <trkpt lat="25.2923203" lon="75.3492675">
      </trkpt>
      <trkpt lat="25.2913852" lon="75.3482509">
      </trkpt>
      <trkpt lat="25.2904671" lon="75.3473668">
      </trkpt>
      <trkpt lat="25.2896503" lon="75.3466269">
      </trkpt>
      <trkpt lat="25.2887277" lon="75.3458046">
      </trkpt>
      <trkpt lat="25.2879206" lon="75.3448693">
      </trkpt>
      <trkpt lat="25.2869431" lon="75.3437608">
      </trkpt>
      <trkpt lat="25.2853277" lon="75.3418638">
      </trkpt>
      <trkpt lat="25.2812664" lon="75.3371544">
      </trkpt>
      <trkpt lat="25.2792274" lon="75.3347767">
      </trkpt>
      <trkpt lat="25.2785994" lon="75.3340466">
      </trkpt>
      <trkpt lat="25.2779289" lon="75.3332928">
      </trkpt>
      <trkpt lat="25.2772623" lon="75.33246">
      </trkpt>
      <trkpt lat="25.2766768" lon="75.331625">
      </trkpt>
      <trkpt lat="25.2750811" lon="75.3291828">
      </trkpt>
      <trkpt lat="25.2746198" lon="75.3284133">
      </trkpt>
      <trkpt lat="25.2741522" lon="75.3276519">
      </trkpt>
      <trkpt lat="25.2732179" lon="75.3261375">
      </trkpt>
      <trkpt lat="25.2712637" lon="75.3230095">
      </trkpt>
      <trkpt lat="25.2686321" lon="75.3188433">
      </trkpt>
      <trkpt lat="25.2660277" lon="75.3146857">
      </trkpt>
      <trkpt lat="25.2653029" lon="75.3135312">
      </trkpt>
      <trkpt lat="25.2646058" lon="75.3124051">
      </trkpt>
      <trkpt lat="25.2642502" lon="75.3117664">
      </trkpt>
      <trkpt lat="25.2639875" lon="75.3111921">
      </trkpt>
      <trkpt lat="25.2635733" lon="75.3102396">
      </trkpt>
      <trkpt lat="25.2631198" lon="75.3091258">
      </trkpt>
      <trkpt lat="25.2626776" lon="75.3080548">
      </trkpt>
      <trkpt lat="25.2620909" lon="75.306636">
      </trkpt>
      <trkpt lat="25.2619422" lon="75.3062803">
      </trkpt>
      <trkpt lat="25.2615119" lon="75.3053497">
      </trkpt>
      <trkpt lat="25.2610978" lon="75.3046155">
      </trkpt>
      <trkpt lat="25.2607377" lon="75.3040514">
      </trkpt>
      <trkpt lat="25.260346" lon="75.303503">
      </trkpt>
      <trkpt lat="25.2596712" lon="75.3027338">
      </trkpt>
      <trkpt lat="25.2590398" lon="75.3020669">
      </trkpt>
      <trkpt lat="25.2585844" lon="75.3016001">
      </trkpt>
      <trkpt lat="25.2580845" lon="75.3010942">
      </trkpt>
      <trkpt lat="25.2575894" lon="75.3004426">
      </trkpt>
      <trkpt lat="25.2569713" lon="75.2995547">
      </trkpt>
      <trkpt lat="25.2566142" lon="75.2988934">
      </trkpt>
      <trkpt lat="25.2562818" lon="75.2981981">
      </trkpt>
      <trkpt lat="25.255838" lon="75.2971484">
      </trkpt>
      <trkpt lat="25.2550047" lon="75.2951636">
      </trkpt>
      <trkpt lat="25.254228" lon="75.2932314">
      </trkpt>
      <trkpt lat="25.2538782" lon="75.292402">
      </trkpt>
      <trkpt lat="25.2536764" lon="75.2918993">
      </trkpt>
      <trkpt lat="25.2535685" lon="75.2916301">
      </trkpt>
      <trkpt lat="25.2529601" lon="75.2901854">
      </trkpt>
      <trkpt lat="25.2521664" lon="75.2887912">
      </trkpt>
      <trkpt lat="25.2514025" lon="75.2874911">
      </trkpt>
      <trkpt lat="25.2509402" lon="75.2866483">
      </trkpt>
      <trkpt lat="25.2503615" lon="75.2851292">
      </trkpt>
      <trkpt lat="25.2497195" lon="75.2827804">
      </trkpt>
      <trkpt lat="25.2486327" lon="75.2788011">
      </trkpt>
      <trkpt lat="25.2476076" lon="75.2747218">
      </trkpt>
      <trkpt lat="25.246854" lon="75.271976">
      </trkpt>
      <trkpt lat="25.2452757" lon="75.2662255">
      </trkpt>
      <trkpt lat="25.2434273" lon="75.2594108">
      </trkpt>
      <trkpt lat="25.242965" lon="75.2577387">
      </trkpt>
      <trkpt lat="25.242733" lon="75.2569845">
      </trkpt>
      <trkpt lat="25.2424808" lon="75.2562477">
      </trkpt>
      <trkpt lat="25.2422175" lon="75.2555981">
      </trkpt>
      <trkpt lat="25.2418792" lon="75.2549173">
      </trkpt>
      <trkpt lat="25.2415248" lon="75.2543174">
      </trkpt>
      <trkpt lat="25.2411969" lon="75.2538164">
      </trkpt>
      <trkpt lat="25.2407645" lon="75.253248">
      </trkpt>
      <trkpt lat="25.2402558" lon="75.2526449">
      </trkpt>
      <trkpt lat="25.239571" lon="75.2519583">
      </trkpt>
      <trkpt lat="25.2379655" lon="75.2504756">
      </trkpt>
      <trkpt lat="25.2338864" lon="75.2467496">
      </trkpt>
      <trkpt lat="25.2314669" lon="75.2445141">
      </trkpt>
      <trkpt lat="25.2290661" lon="75.2423145">
      </trkpt>
      <trkpt lat="25.2281367" lon="75.2414598">
      </trkpt>
      <trkpt lat="25.2272062" lon="75.2406177">
      </trkpt>
      <trkpt lat="25.2267074" lon="75.2401395">
      </trkpt>
      <trkpt lat="25.226144" lon="75.2395432">
      </trkpt>
      <trkpt lat="25.2255577" lon="75.238796">
      </trkpt>
      <trkpt lat="25.2250512" lon="75.238049">
      </trkpt>
      <trkpt lat="25.224619" lon="75.2373109">
      </trkpt>
      <trkpt lat="25.2243265" lon="75.2367331">
      </trkpt>
      <trkpt lat="25.2237333" lon="75.2355735">
      </trkpt>
      <trkpt lat="25.223419" lon="75.2349275">
      </trkpt>
      <trkpt lat="25.2231938" lon="75.2344864">
      </trkpt>
      <trkpt lat="25.2230007" lon="75.2340749">
      </trkpt>
      <trkpt lat="25.2226241" lon="75.2331807">
      </trkpt>
      <trkpt lat="25.2219386" lon="75.2308283">
      </trkpt>
      <trkpt lat="25.2212121" lon="75.2283908">
      </trkpt>
      <trkpt lat="25.220907" lon="75.2275746">
      </trkpt>
      <trkpt lat="25.2205968" lon="75.2268948">
      </trkpt>
      <trkpt lat="25.2202053" lon="75.2261798">
      </trkpt>
      <trkpt lat="25.2197451" lon="75.2254317">
      </trkpt>
      <trkpt lat="25.2169965" lon="75.2207753">
      </trkpt>
      <trkpt lat="25.2163369" lon="75.2196848">
      </trkpt>
      <trkpt lat="25.2157937" lon="75.2187811">
      </trkpt>
      <trkpt lat="25.2155019" lon="75.2182181">
      </trkpt>
      <trkpt lat="25.2152181" lon="75.217621">
      </trkpt>
      <trkpt lat="25.2149575" lon="75.2169947">
      </trkpt>
      <trkpt lat="25.2146774" lon="75.2161537">
      </trkpt>
      <trkpt lat="25.2144859" lon="75.2154089">
      </trkpt>
      <trkpt lat="25.2142727" lon="75.2143647">
      </trkpt>
      <trkpt lat="25.2133799" lon="75.2096917">
      </trkpt>
      <trkpt lat="25.2124566" lon="75.2047424">
      </trkpt>
      <trkpt lat="25.2120452" lon="75.2025543">
      </trkpt>
      <trkpt lat="25.2116526" lon="75.200355">
      </trkpt>
      <trkpt lat="25.2114283" lon="75.1992337">
      </trkpt>
      <trkpt lat="25.2112478" lon="75.198184">
      </trkpt>
      <trkpt lat="25.2111619" lon="75.197342">
      </trkpt>
      <trkpt lat="25.2111133" lon="75.1964467">
      </trkpt>
      <trkpt lat="25.2110907" lon="75.1943958">
      </trkpt>
      <trkpt lat="25.2110689" lon="75.1918464">
      </trkpt>
      <trkpt lat="25.2110431" lon="75.1905253">
      </trkpt>
      <trkpt lat="25.2110151" lon="75.1894012">
      </trkpt>
      <trkpt lat="25.2110009" lon="75.1885347">
      </trkpt>
      <trkpt lat="25.2109541" lon="75.1877805">
      </trkpt>
      <trkpt lat="25.2108871" lon="75.1872309">
      </trkpt>
      <trkpt lat="25.2107839" lon="75.1865903">
      </trkpt>
      <trkpt lat="25.2105814" lon="75.1857388">
      </trkpt>
      <trkpt lat="25.2103255" lon="75.1848701">
      </trkpt>
      <trkpt lat="25.2099593" lon="75.1837799">
      </trkpt>
      <trkpt lat="25.2086609" lon="75.1799569">
      </trkpt>
      <trkpt lat="25.2073062" lon="75.1759651">
      </trkpt>
      <trkpt lat="25.2066524" lon="75.173989">
      </trkpt>
      <trkpt lat="25.2060011" lon="75.1720546">
      </trkpt>
      <trkpt lat="25.2047348" lon="75.1682699">
      </trkpt>
      <trkpt lat="25.2038884" lon="75.1656598">
      </trkpt>
      <trkpt lat="25.2034106" lon="75.1642438">
      </trkpt>
      <trkpt lat="25.2031396" lon="75.1632867">
      </trkpt>
      <trkpt lat="25.2029824" lon="75.16238">
      </trkpt>
      <trkpt lat="25.2028865" lon="75.1616631">
      </trkpt>
      <trkpt lat="25.2028638" lon="75.1608443">
      </trkpt>
      <trkpt lat="25.2027846" lon="75.1581161">
      </trkpt>
      <trkpt lat="25.2027496" lon="75.1546602">
      </trkpt>
      <trkpt lat="25.2027627" lon="75.1537609">
      </trkpt>
      <trkpt lat="25.2026803" lon="75.1528923">
      </trkpt>
      <trkpt lat="25.2025784" lon="75.151767">
      </trkpt>
      <trkpt lat="25.2024644" lon="75.1510383">
      </trkpt>
      <trkpt lat="25.2022881" lon="75.1502992">
      </trkpt>
      <trkpt lat="25.2021223" lon="75.1495584">
      </trkpt>
      <trkpt lat="25.2018813" lon="75.1487278">
      </trkpt>
      <trkpt lat="25.2011559" lon="75.1465766">
      </trkpt>
      <trkpt lat="25.2002132" lon="75.1438073">
      </trkpt>
      <trkpt lat="25.1984321" lon="75.1384117">
      </trkpt>
      <trkpt lat="25.1968885" lon="75.13379">
      </trkpt>
      <trkpt lat="25.196455" lon="75.1324207">
      </trkpt>
      <trkpt lat="25.1959566" lon="75.1309562">
      </trkpt>
      <trkpt lat="25.1956121" lon="75.1299234">
      </trkpt>
      <trkpt lat="25.195391" lon="75.1291336">
      </trkpt>
      <trkpt lat="25.1952631" lon="75.1285052">
      </trkpt>
      <trkpt lat="25.1951368" lon="75.1277159">
      </trkpt>
      <trkpt lat="25.1950555" lon="75.1268091">
      </trkpt>
      <trkpt lat="25.1950325" lon="75.1251547">
      </trkpt>
      <trkpt lat="25.19501" lon="75.1227636">
      </trkpt>
      <trkpt lat="25.194925" lon="75.1215188">
      </trkpt>
      <trkpt lat="25.1947591" lon="75.1205217">
      </trkpt>
      <trkpt lat="25.1936148" lon="75.1142417">
      </trkpt>
      <trkpt lat="25.1923888" lon="75.1075217">
      </trkpt>
      <trkpt lat="25.192263" lon="75.1065447">
      </trkpt>
      <trkpt lat="25.1921612" lon="75.1057704">
      </trkpt>
      <trkpt lat="25.1921133" lon="75.1050081">
      </trkpt>
      <trkpt lat="25.1921083" lon="75.1045097">
      </trkpt>
      <trkpt lat="25.1921226" lon="75.1041358">
      </trkpt>
      <trkpt lat="25.1921264" lon="75.1033837">
      </trkpt>
      <trkpt lat="25.1921621" lon="75.1025777">
      </trkpt>
      <trkpt lat="25.1924197" lon="75.0993331">
      </trkpt>
      <trkpt lat="25.1928184" lon="75.0939887">
      </trkpt>
      <trkpt lat="25.1931381" lon="75.0898795">
      </trkpt>
      <trkpt lat="25.1933045" lon="75.0878231">
      </trkpt>
      <trkpt lat="25.1933297" lon="75.0873739">
      </trkpt>
      <trkpt lat="25.1934028" lon="75.0864798">
      </trkpt>
      <trkpt lat="25.1934474" lon="75.0859335">
      </trkpt>
      <trkpt lat="25.1934495" lon="75.0855647">
      </trkpt>
      <trkpt lat="25.1934859" lon="75.0851785">
      </trkpt>
      <trkpt lat="25.1935603" lon="75.0843942">
      </trkpt>
      <trkpt lat="25.1936801" lon="75.0836657">
      </trkpt>
      <trkpt lat="25.1938008" lon="75.083006">
      </trkpt>
      <trkpt lat="25.194107" lon="75.0811801">
      </trkpt>
      <trkpt lat="25.1944265" lon="75.07927">
      </trkpt>
      <trkpt lat="25.1947224" lon="75.0776649">
      </trkpt>
      <trkpt lat="25.1948407" lon="75.0769714">
      </trkpt>
      <trkpt lat="25.1967893" lon="75.0654545">
      </trkpt>
      <trkpt lat="25.1975996" lon="75.0607897">
      </trkpt>
      <trkpt lat="25.1978112" lon="75.0596425">
      </trkpt>
      <trkpt lat="25.1979254" lon="75.0586534">
      </trkpt>
      <trkpt lat="25.1979693" lon="75.0576139">
      </trkpt>
      <trkpt lat="25.197958" lon="75.056584">
      </trkpt>
      <trkpt lat="25.1977356" lon="75.0543037">
      </trkpt>
      <trkpt lat="25.1970048" lon="75.0461148">
      </trkpt>
      <trkpt lat="25.1967831" lon="75.044814">
      </trkpt>
      <trkpt lat="25.1967075" lon="75.0444872">
      </trkpt>
      <trkpt lat="25.1966656" lon="75.044291">
      </trkpt>
      <trkpt lat="25.1964759" lon="75.0435485">
      </trkpt>
      <trkpt lat="25.1962844" lon="75.0429259">
      </trkpt>
      <trkpt lat="25.1960999" lon="75.0423476">
      </trkpt>
      <trkpt lat="25.1958901" lon="75.0418">
      </trkpt>
      <trkpt lat="25.1958091" lon="75.0416185">
      </trkpt>
      <trkpt lat="25.195593" lon="75.0411344">
      </trkpt>
      <trkpt lat="25.1955411" lon="75.0410182">
      </trkpt>
      <trkpt lat="25.1941317" lon="75.0378612">
      </trkpt>
      <trkpt lat="25.192106" lon="75.0334288">
      </trkpt>
      <trkpt lat="25.1917121" lon="75.0325347">
      </trkpt>
      <trkpt lat="25.1906819" lon="75.0301702">
      </trkpt>
      <trkpt lat="25.1894208" lon="75.0273656">
      </trkpt>
      <trkpt lat="25.188584" lon="75.025458">
      </trkpt>
      <trkpt lat="25.1879751" lon="75.0236087">
      </trkpt>
      <trkpt lat="25.1875567" lon="75.0218256">
      </trkpt>
      <trkpt lat="25.1873802" lon="75.0205535">
      </trkpt>
      <trkpt lat="25.1872761" lon="75.0191453">
      </trkpt>
      <trkpt lat="25.1871686" lon="75.016975">
      </trkpt>
      <trkpt lat="25.1870557" lon="75.0149441">
      </trkpt>
      <trkpt lat="25.1868957" lon="75.0109897">
      </trkpt>
      <trkpt lat="25.186682" lon="75.0078294">
      </trkpt>
      <trkpt lat="25.1865455" lon="75.00581">
      </trkpt>
      <trkpt lat="25.1862758" lon="75.0008624">
      </trkpt>
      <trkpt lat="25.1860933" lon="74.9980256">
      </trkpt>
      <trkpt lat="25.1858956" lon="74.9964433">
      </trkpt>
      <trkpt lat="25.1853389" lon="74.9925621">
      </trkpt>
      <trkpt lat="25.18458" lon="74.9872715">
      </trkpt>
      <trkpt lat="25.1832217" lon="74.9780492">
      </trkpt>
      <trkpt lat="25.1830656" lon="74.9767937">
      </trkpt>
      <trkpt lat="25.1826334" lon="74.9737822">
      </trkpt>
      <trkpt lat="25.1821599" lon="74.9704181">
      </trkpt>
      <trkpt lat="25.1817122" lon="74.9673865">
      </trkpt>
      <trkpt lat="25.1817033" lon="74.9673262">
      </trkpt>
      <trkpt lat="25.1808763" lon="74.9617254">
      </trkpt>
      <trkpt lat="25.1804471" lon="74.9588186">
      </trkpt>
      <trkpt lat="25.1801654" lon="74.9568335">
      </trkpt>
      <trkpt lat="25.1799306" lon="74.9552627">
      </trkpt>
      <trkpt lat="25.1797436" lon="74.9540423">
      </trkpt>
      <trkpt lat="25.179666" lon="74.9531148">
      </trkpt>
      <trkpt lat="25.1796131" lon="74.9521597">
      </trkpt>
      <trkpt lat="25.1796166" lon="74.9504886">
      </trkpt>
      <trkpt lat="25.1796784" lon="74.9479236">
      </trkpt>
      <trkpt lat="25.1797332" lon="74.9466418">
      </trkpt>
      <trkpt lat="25.179733" lon="74.9457824">
      </trkpt>
      <trkpt lat="25.1796678" lon="74.9448337">
      </trkpt>
      <trkpt lat="25.1795778" lon="74.9440711">
      </trkpt>
      <trkpt lat="25.1793501" lon="74.9430334">
      </trkpt>
      <trkpt lat="25.1789085" lon="74.9415329">
      </trkpt>
      <trkpt lat="25.1781759" lon="74.9391669">
      </trkpt>
      <trkpt lat="25.177348" lon="74.9365489">
      </trkpt>
      <trkpt lat="25.1770484" lon="74.9356785">
      </trkpt>
      <trkpt lat="25.1767055" lon="74.9348059">
      </trkpt>
      <trkpt lat="25.1765183" lon="74.9344131">
      </trkpt>
      <trkpt lat="25.1761834" lon="74.9338032">
      </trkpt>
      <trkpt lat="25.1757256" lon="74.9330808">
      </trkpt>
      <trkpt lat="25.1751654" lon="74.9323185">
      </trkpt>
      <trkpt lat="25.1744245" lon="74.9313934">
      </trkpt>
      <trkpt lat="25.1714951" lon="74.9278184">
      </trkpt>
      <trkpt lat="25.171284" lon="74.9275581">
      </trkpt>
      <trkpt lat="25.1681129" lon="74.9236472">
      </trkpt>
      <trkpt lat="25.1669952" lon="74.9223129">
      </trkpt>
      <trkpt lat="25.1664795" lon="74.9217584">
      </trkpt>
      <trkpt lat="25.1658864" lon="74.9212107">
      </trkpt>
      <trkpt lat="25.1651353" lon="74.9206202">
      </trkpt>
      <trkpt lat="25.164294" lon="74.9200639">
      </trkpt>
      <trkpt lat="25.1623409" lon="74.9190375">
      </trkpt>
      <trkpt lat="25.1603037" lon="74.917963">
      </trkpt>
      <trkpt lat="25.1596242" lon="74.9174822">
      </trkpt>
      <trkpt lat="25.15893" lon="74.9169309">
      </trkpt>
      <trkpt lat="25.1554466" lon="74.9139505">
      </trkpt>
      <trkpt lat="25.1517826" lon="74.910874">
      </trkpt>
      <trkpt lat="25.1437876" lon="74.9039116">
      </trkpt>
      <trkpt lat="25.1403541" lon="74.9009955">
      </trkpt>
      <trkpt lat="25.1380972" lon="74.8990788">
      </trkpt>
      <trkpt lat="25.1335976" lon="74.895366">
      </trkpt>
      <trkpt lat="25.1286448" lon="74.8910535">
      </trkpt>
      <trkpt lat="25.127464" lon="74.8900298">
      </trkpt>
      <trkpt lat="25.1273067" lon="74.8898619">
      </trkpt>
      <trkpt lat="25.1268756" lon="74.8894019">
      </trkpt>
      <trkpt lat="25.126134" lon="74.8884706">
      </trkpt>
      <trkpt lat="25.1250324" lon="74.8869492">
      </trkpt>
      <trkpt lat="25.1240503" lon="74.8856404">
      </trkpt>
      <trkpt lat="25.1236104" lon="74.8850872">
      </trkpt>
      <trkpt lat="25.1230157" lon="74.884461">
      </trkpt>
      <trkpt lat="25.122621" lon="74.8840911">
      </trkpt>
      <trkpt lat="25.1221481" lon="74.8836946">
      </trkpt>
      <trkpt lat="25.1212448" lon="74.8830252">
      </trkpt>
      <trkpt lat="25.1201518" lon="74.8822999">
      </trkpt>
      <trkpt lat="25.1196464" lon="74.8819264">
      </trkpt>
      <trkpt lat="25.1190461" lon="74.881498">
      </trkpt>
      <trkpt lat="25.1183597" lon="74.8810034">
      </trkpt>
      <trkpt lat="25.1178033" lon="74.8805387">
      </trkpt>
      <trkpt lat="25.1171348" lon="74.8799148">
      </trkpt>
      <trkpt lat="25.1170242" lon="74.8797895">
      </trkpt>
      <trkpt lat="25.1164694" lon="74.8791611">
      </trkpt>
      <trkpt lat="25.1150765" lon="74.8775605">
      </trkpt>
      <trkpt lat="25.1122547" lon="74.8743128">
      </trkpt>
      <trkpt lat="25.1106991" lon="74.8725292">
      </trkpt>
      <trkpt lat="25.1105867" lon="74.8724003">
      </trkpt>
      <trkpt lat="25.109653" lon="74.8713297">
      </trkpt>
      <trkpt lat="25.1084327" lon="74.8698749">
      </trkpt>
      <trkpt lat="25.1070574" lon="74.8682923">
      </trkpt>
      <trkpt lat="25.1057764" lon="74.8667629">
      </trkpt>
      <trkpt lat="25.1049524" lon="74.8659124">
      </trkpt>
      <trkpt lat="25.1043093" lon="74.8651535">
      </trkpt>
      <trkpt lat="25.1028632" lon="74.8642589">
      </trkpt>
      <trkpt lat="25.1009508" lon="74.8631282">
      </trkpt>
      <trkpt lat="25.0978702" lon="74.8612357">
      </trkpt>
      <trkpt lat="25.0961922" lon="74.8601838">
      </trkpt>
      <trkpt lat="25.0954945" lon="74.8596859">
      </trkpt>
      <trkpt lat="25.0949143" lon="74.8591883">
      </trkpt>
      <trkpt lat="25.0939234" lon="74.8581536">
      </trkpt>
      <trkpt lat="25.0934828" lon="74.8575908">
      </trkpt>
      <trkpt lat="25.0929604" lon="74.8568243">
      </trkpt>
      <trkpt lat="25.0925557" lon="74.8561148">
      </trkpt>
      <trkpt lat="25.0921016" lon="74.8551216">
      </trkpt>
      <trkpt lat="25.0917945" lon="74.8543127">
      </trkpt>
      <trkpt lat="25.0916609" lon="74.853917">
      </trkpt>
      <trkpt lat="25.0911477" lon="74.8523972">
      </trkpt>
      <trkpt lat="25.0909766" lon="74.8519289">
      </trkpt>
      <trkpt lat="25.0906783" lon="74.8511061">
      </trkpt>
      <trkpt lat="25.0903622" lon="74.8502733">
      </trkpt>
      <trkpt lat="25.0900912" lon="74.849674">
      </trkpt>
      <trkpt lat="25.0899527" lon="74.8494133">
      </trkpt>
      <trkpt lat="25.089796" lon="74.8491184">
      </trkpt>
      <trkpt lat="25.0896218" lon="74.8488062">
      </trkpt>
      <trkpt lat="25.0892171" lon="74.8481836">
      </trkpt>
      <trkpt lat="25.0882815" lon="74.8468852">
      </trkpt>
      <trkpt lat="25.0877045" lon="74.8460995">
      </trkpt>
      <trkpt lat="25.0870198" lon="74.8451172">
      </trkpt>
      <trkpt lat="25.0865203" lon="74.8442389">
      </trkpt>
      <trkpt lat="25.0860751" lon="74.8433437">
      </trkpt>
      <trkpt lat="25.0857905" lon="74.842664">
      </trkpt>
      <trkpt lat="25.0854787" lon="74.841752">
      </trkpt>
      <trkpt lat="25.0850689" lon="74.8403653">
      </trkpt>
      <trkpt lat="25.0844769" lon="74.8381809">
      </trkpt>
      <trkpt lat="25.0838199" lon="74.8358002">
      </trkpt>
      <trkpt lat="25.0835348" lon="74.8346867">
      </trkpt>
      <trkpt lat="25.0830094" lon="74.8332464">
      </trkpt>
      <trkpt lat="25.0827419" lon="74.832525">
      </trkpt>
      <trkpt lat="25.082507" lon="74.8320488">
      </trkpt>
      <trkpt lat="25.0822664" lon="74.8315869">
      </trkpt>
      <trkpt lat="25.0818238" lon="74.8308439">
      </trkpt>
      <trkpt lat="25.0812655" lon="74.83004">
      </trkpt>
      <trkpt lat="25.0802115" lon="74.8286142">
      </trkpt>
      <trkpt lat="25.0780741" lon="74.825731">
      </trkpt>
      <trkpt lat="25.0712701" lon="74.8161405">
      </trkpt>
      <trkpt lat="25.0691597" lon="74.813208">
      </trkpt>
      <trkpt lat="25.0685383" lon="74.8123592">
      </trkpt>
      <trkpt lat="25.0679535" lon="74.8114655">
      </trkpt>
      <trkpt lat="25.067548" lon="74.8107366">
      </trkpt>
      <trkpt lat="25.0671698" lon="74.8099327">
      </trkpt>
      <trkpt lat="25.0668476" lon="74.809042">
      </trkpt>
      <trkpt lat="25.0664226" lon="74.8075992">
      </trkpt>
      <trkpt lat="25.0663381" lon="74.8072708">
      </trkpt>
      <trkpt lat="25.0660346" lon="74.8060909">
      </trkpt>
      <trkpt lat="25.0657967" lon="74.8051889">
      </trkpt>
      <trkpt lat="25.0654105" lon="74.8039819">
      </trkpt>
      <trkpt lat="25.0651431" lon="74.8033301">
      </trkpt>
      <trkpt lat="25.0648209" lon="74.8026614">
      </trkpt>
      <trkpt lat="25.064244" lon="74.8016929">
      </trkpt>
      <trkpt lat="25.0636352" lon="74.80089">
      </trkpt>
      <trkpt lat="25.0598274" lon="74.7964194">
      </trkpt>
      <trkpt lat="25.0577429" lon="74.7939666">
      </trkpt>
      <trkpt lat="25.056899" lon="74.7930772">
      </trkpt>
      <trkpt lat="25.0564011" lon="74.792597">
      </trkpt>
      <trkpt lat="25.0557755" lon="74.7920998">
      </trkpt>
      <trkpt lat="25.055031" lon="74.7916003">
      </trkpt>
      <trkpt lat="25.0541349" lon="74.7910986">
      </trkpt>
      <trkpt lat="25.0472256" lon="74.7884829">
      </trkpt>
      <trkpt lat="25.0425324" lon="74.7865817">
      </trkpt>
      <trkpt lat="25.0411235" lon="74.7861386">
      </trkpt>
      <trkpt lat="25.0402284" lon="74.7856702">
      </trkpt>
      <trkpt lat="25.0393686" lon="74.7851625">
      </trkpt>
      <trkpt lat="25.0387617" lon="74.7846959">
      </trkpt>
      <trkpt lat="25.0379814" lon="74.7840478">
      </trkpt>
      <trkpt lat="25.0368176" lon="74.7827132">
      </trkpt>
      <trkpt lat="25.0298745" lon="74.7724465">
      </trkpt>
      <trkpt lat="25.0290254" lon="74.7711864">
      </trkpt>
      <trkpt lat="25.0267578" lon="74.7678217">
      </trkpt>
      <trkpt lat="25.0263352" lon="74.767193">
      </trkpt>
      <trkpt lat="25.0246383" lon="74.7646708">
      </trkpt>
      <trkpt lat="25.0242757" lon="74.7641333">
      </trkpt>
      <trkpt lat="25.0238318" lon="74.7634713">
      </trkpt>
      <trkpt lat="25.0224876" lon="74.7614723">
      </trkpt>
      <trkpt lat="25.0221378" lon="74.7609532">
      </trkpt>
      <trkpt lat="25.0196498" lon="74.7572618">
      </trkpt>
      <trkpt lat="25.0191974" lon="74.7565807">
      </trkpt>
      <trkpt lat="25.0185179" lon="74.7555912">
      </trkpt>
      <trkpt lat="25.0159513" lon="74.7518075">
      </trkpt>
      <trkpt lat="25.013843" lon="74.7486244">
      </trkpt>
      <trkpt lat="25.0119553" lon="74.7458315">
      </trkpt>
      <trkpt lat="25.0110997" lon="74.7445548">
      </trkpt>
      <trkpt lat="25.0091162" lon="74.741599">
      </trkpt>
      <trkpt lat="25.0071814" lon="74.7387183">
      </trkpt>
      <trkpt lat="25.0046874" lon="74.7350276">
      </trkpt>
      <trkpt lat="25.0026017" lon="74.7319538">
      </trkpt>
      <trkpt lat="25.0003459" lon="74.7285581">
      </trkpt>
      <trkpt lat="24.9985683" lon="74.7254661">
      </trkpt>
      <trkpt lat="24.9984175" lon="74.7252005">
      </trkpt>
      <trkpt lat="24.9977983" lon="74.7241217">
      </trkpt>
      <trkpt lat="24.9957222" lon="74.7205705">
      </trkpt>
      <trkpt lat="24.9947936" lon="74.718988">
      </trkpt>
      <trkpt lat="24.9936802" lon="74.7170568">
      </trkpt>
      <trkpt lat="24.992241" lon="74.7141278">
      </trkpt>
      <trkpt lat="24.9908212" lon="74.7111881">
      </trkpt>
      <trkpt lat="24.9904663" lon="74.7104317">
      </trkpt>
      <trkpt lat="24.9901016" lon="74.7096646">
      </trkpt>
      <trkpt lat="24.9897856" lon="74.7090906">
      </trkpt>
      <trkpt lat="24.9896154" lon="74.7087795">
      </trkpt>
      <trkpt lat="24.9893383" lon="74.7083557">
      </trkpt>
      <trkpt lat="24.9889639" lon="74.7078085">
      </trkpt>
      <trkpt lat="24.9885068" lon="74.7072989">
      </trkpt>
      <trkpt lat="24.9877801" lon="74.7065505">
      </trkpt>
      <trkpt lat="24.9873058" lon="74.7061134">
      </trkpt>
      <trkpt lat="24.9867175" lon="74.7056681">
      </trkpt>
      <trkpt lat="24.9859687" lon="74.7052685">
      </trkpt>
      <trkpt lat="24.985443" lon="74.7049396">
      </trkpt>
      <trkpt lat="24.9777899" lon="74.7004056">
      </trkpt>
      <trkpt lat="24.9727229" lon="74.6974525">
      </trkpt>
      <trkpt lat="24.9702671" lon="74.695921">
      </trkpt>
      <trkpt lat="24.9677869" lon="74.6944726">
      </trkpt>
      <trkpt lat="24.9659195" lon="74.6933997">
      </trkpt>
      <trkpt lat="24.9648691" lon="74.6927721">
      </trkpt>
      <trkpt lat="24.9629967" lon="74.6917314">
      </trkpt>
      <trkpt lat="24.9621456" lon="74.6912057">
      </trkpt>
      <trkpt lat="24.961348" lon="74.6906638">
      </trkpt>
      <trkpt lat="24.9606088" lon="74.6900469">
      </trkpt>
      <trkpt lat="24.9599523" lon="74.6893871">
      </trkpt>
      <trkpt lat="24.9592908" lon="74.6885717">
      </trkpt>
      <trkpt lat="24.9586805" lon="74.6877161">
      </trkpt>
      <trkpt lat="24.9581528" lon="74.6866942">
      </trkpt>
      <trkpt lat="24.9577102" lon="74.6857071">
      </trkpt>
      <trkpt lat="24.957185" lon="74.6842641">
      </trkpt>
      <trkpt lat="24.9563484" lon="74.6819467">
      </trkpt>
      <trkpt lat="24.9559448" lon="74.6807343">
      </trkpt>
      <trkpt lat="24.9556773" lon="74.6795756">
      </trkpt>
      <trkpt lat="24.9555411" lon="74.6785885">
      </trkpt>
      <trkpt lat="24.9554973" lon="74.6777517">
      </trkpt>
      <trkpt lat="24.9555435" lon="74.6762751">
      </trkpt>
      <trkpt lat="24.9555538" lon="74.6761577">
      </trkpt>
      <trkpt lat="24.9556384" lon="74.6754986">
      </trkpt>
      <trkpt lat="24.9558864" lon="74.6743185">
      </trkpt>
      <trkpt lat="24.9562317" lon="74.6731866">
      </trkpt>
      <trkpt lat="24.9570172" lon="74.6708799">
      </trkpt>
      <trkpt lat="24.9577102" lon="74.6689224">
      </trkpt>
      <trkpt lat="24.9582138" lon="74.6673608">
      </trkpt>
      <trkpt lat="24.9588122" lon="74.66561">
      </trkpt>
      <trkpt lat="24.9590477" lon="74.6647913">
      </trkpt>
      <trkpt lat="24.9591803" lon="74.6642789">
      </trkpt>
      <trkpt lat="24.9592852" lon="74.6638122">
      </trkpt>
      <trkpt lat="24.9593573" lon="74.6633867">
      </trkpt>
      <trkpt lat="24.9594225" lon="74.6629612">
      </trkpt>
      <trkpt lat="24.9594685" lon="74.6623359">
      </trkpt>
      <trkpt lat="24.9594805" lon="74.6617818">
      </trkpt>
      <trkpt lat="24.9594665" lon="74.6610831">
      </trkpt>
      <trkpt lat="24.9594171" lon="74.6603519">
      </trkpt>
      <trkpt lat="24.9593318" lon="74.6596647">
      </trkpt>
      <trkpt lat="24.95925" lon="74.6591398">
      </trkpt>
      <trkpt lat="24.9591268" lon="74.6586225">
      </trkpt>
      <trkpt lat="24.9589073" lon="74.6578449">
      </trkpt>
      <trkpt lat="24.9587666" lon="74.6573939">
      </trkpt>
      <trkpt lat="24.9585366" lon="74.656757">
      </trkpt>
      <trkpt lat="24.9582518" lon="74.6560634">
      </trkpt>
      <trkpt lat="24.957463" lon="74.6541839">
      </trkpt>
      <trkpt lat="24.9571372" lon="74.6533589">
      </trkpt>
      <trkpt lat="24.9568779" lon="74.6525423">
      </trkpt>
      <trkpt lat="24.9567267" lon="74.6519304">
      </trkpt>
      <trkpt lat="24.9566041" lon="74.6514029">
      </trkpt>
      <trkpt lat="24.9564774" lon="74.6507341">
      </trkpt>
      <trkpt lat="24.9556733" lon="74.6455621">
      </trkpt>
      <trkpt lat="24.9555499" lon="74.6448345">
      </trkpt>
      <trkpt lat="24.9554203" lon="74.6442314">
      </trkpt>
      <trkpt lat="24.9552231" lon="74.6435507">
      </trkpt>
      <trkpt lat="24.9550134" lon="74.6428883">
      </trkpt>
      <trkpt lat="24.9548126" lon="74.6423822">
      </trkpt>
      <trkpt lat="24.9545739" lon="74.6418549">
      </trkpt>
      <trkpt lat="24.9543878" lon="74.6414955">
      </trkpt>
      <trkpt lat="24.9541725" lon="74.6410943">
      </trkpt>
      <trkpt lat="24.9541188" lon="74.6410325">
      </trkpt>
      <trkpt lat="24.9538862" lon="74.6406217">
      </trkpt>
      <trkpt lat="24.9536264" lon="74.6402287">
      </trkpt>
      <trkpt lat="24.9532339" lon="74.6397065">
      </trkpt>
      <trkpt lat="24.9527681" lon="74.6390761">
      </trkpt>
      <trkpt lat="24.9520907" lon="74.6381719">
      </trkpt>
      <trkpt lat="24.9511159" lon="74.6369086">
      </trkpt>
      <trkpt lat="24.9505333" lon="74.6361713">
      </trkpt>
      <trkpt lat="24.9501661" lon="74.6357194">
      </trkpt>
      <trkpt lat="24.9496724" lon="74.6351735">
      </trkpt>
      <trkpt lat="24.9493891" lon="74.6348919">
      </trkpt>
      <trkpt lat="24.9491471" lon="74.6346894">
      </trkpt>
      <trkpt lat="24.9489936" lon="74.6345684">
      </trkpt>
      <trkpt lat="24.9488133" lon="74.6344366">
      </trkpt>
      <trkpt lat="24.9485063" lon="74.6342321">
      </trkpt>
      <trkpt lat="24.9478898" lon="74.6338619">
      </trkpt>
      <trkpt lat="24.9467341" lon="74.6332608">
      </trkpt>
      <trkpt lat="24.9461243" lon="74.6329865">
      </trkpt>
      <trkpt lat="24.9456646" lon="74.6327797">
      </trkpt>
      <trkpt lat="24.9455552" lon="74.632726">
      </trkpt>
      <trkpt lat="24.9450831" lon="74.6325046">
      </trkpt>
      <trkpt lat="24.9434612" lon="74.6317637">
      </trkpt>
      <trkpt lat="24.9371855" lon="74.6288759">
      </trkpt>
      <trkpt lat="24.9364197" lon="74.6285153">
      </trkpt>
      <trkpt lat="24.9359922" lon="74.6283185">
      </trkpt>
      <trkpt lat="24.935045" lon="74.6278828">
      </trkpt>
      <trkpt lat="24.9346165" lon="74.6276868">
      </trkpt>
      <trkpt lat="24.9344601" lon="74.6276091">
      </trkpt>
      <trkpt lat="24.9332763" lon="74.6270903">
      </trkpt>
      <trkpt lat="24.9287263" lon="74.624969">
      </trkpt>
      <trkpt lat="24.9243146" lon="74.6229385">
      </trkpt>
      <trkpt lat="24.9102442" lon="74.6165315">
      </trkpt>
      <trkpt lat="24.9098524" lon="74.61635">
      </trkpt>
      <trkpt lat="24.9047081" lon="74.6139666">
      </trkpt>
      <trkpt lat="24.9041413" lon="74.613728">
      </trkpt>
      <trkpt lat="24.9035913" lon="74.6135294">
      </trkpt>
      <trkpt lat="24.9031847" lon="74.6133925">
      </trkpt>
      <trkpt lat="24.9026327" lon="74.6132599">
      </trkpt>
      <trkpt lat="24.9021586" lon="74.6131592">
      </trkpt>
      <trkpt lat="24.901632" lon="74.613114">
      </trkpt>
      <trkpt lat="24.9011725" lon="74.6131125">
      </trkpt>
      <trkpt lat="24.9006667" lon="74.6131486">
      </trkpt>
      <trkpt lat="24.9002488" lon="74.6132181">
      </trkpt>
      <trkpt lat="24.899843" lon="74.6133036">
      </trkpt>
      <trkpt lat="24.8993418" lon="74.6134404">
      </trkpt>
      <trkpt lat="24.8990134" lon="74.6135557">
      </trkpt>
      <trkpt lat="24.8987239" lon="74.6136764">
      </trkpt>
      <trkpt lat="24.898269" lon="74.6138829">
      </trkpt>
      <trkpt lat="24.8979144" lon="74.614075">
      </trkpt>
      <trkpt lat="24.897589" lon="74.6142777">
      </trkpt>
      <trkpt lat="24.8970817" lon="74.614642">
      </trkpt>
      <trkpt lat="24.8964911" lon="74.6150927">
      </trkpt>
      <trkpt lat="24.8961505" lon="74.6153527">
      </trkpt>
      <trkpt lat="24.894892" lon="74.6163131">
      </trkpt>
      <trkpt lat="24.8938983" lon="74.6170707">
      </trkpt>
      <trkpt lat="24.893313" lon="74.6175271">
      </trkpt>
      <trkpt lat="24.8928647" lon="74.6178826">
      </trkpt>
      <trkpt lat="24.8901008" lon="74.6200633">
      </trkpt>
      <trkpt lat="24.8892986" lon="74.6206346">
      </trkpt>
      <trkpt lat="24.8887723" lon="74.6209216">
      </trkpt>
      <trkpt lat="24.8877747" lon="74.6213776">
      </trkpt>
      <trkpt lat="24.886828" lon="74.6216549">
      </trkpt>
      <trkpt lat="24.8863768" lon="74.6217636">
      </trkpt>
      <trkpt lat="24.8822077" lon="74.6224948">
      </trkpt>
      <trkpt lat="24.8818682" lon="74.6225564">
      </trkpt>
      <trkpt lat="24.8813559" lon="74.6226496">
      </trkpt>
      <trkpt lat="24.8810275" lon="74.6227059">
      </trkpt>
      <trkpt lat="24.880671" lon="74.6227777">
      </trkpt>
      <trkpt lat="24.8802452" lon="74.622881">
      </trkpt>
      <trkpt lat="24.8799119" lon="74.6229788">
      </trkpt>
      <trkpt lat="24.8790894" lon="74.6232216">
      </trkpt>
      <trkpt lat="24.8789592" lon="74.6229661">
      </trkpt>
      <trkpt lat="24.8805134" lon="74.6227009">
      </trkpt>
      <trkpt lat="24.8809241" lon="74.6226308">
      </trkpt>
      <trkpt lat="24.8830909" lon="74.6222553">
      </trkpt>
      <trkpt lat="24.8861968" lon="74.6217001">
      </trkpt>
      <trkpt lat="24.8868538" lon="74.6215177">
      </trkpt>
      <trkpt lat="24.8876956" lon="74.6212119">
      </trkpt>
      <trkpt lat="24.8882553" lon="74.6209491">
      </trkpt>
      <trkpt lat="24.8889122" lon="74.6205682">
      </trkpt>
      <trkpt lat="24.8895156" lon="74.6201659">
      </trkpt>
      <trkpt lat="24.8927516" lon="74.6175856">
      </trkpt>
      <trkpt lat="24.8931141" lon="74.6173173">
      </trkpt>
      <trkpt lat="24.8937102" lon="74.6168453">
      </trkpt>
      <trkpt lat="24.8947284" lon="74.6160641">
      </trkpt>
      <trkpt lat="24.8959407" lon="74.6151274">
      </trkpt>
      <trkpt lat="24.8963796" lon="74.614794">
      </trkpt>
      <trkpt lat="24.8970751" lon="74.6142658">
      </trkpt>
      <trkpt lat="24.8975495" lon="74.6138957">
      </trkpt>
      <trkpt lat="24.897957" lon="74.6135643">
      </trkpt>
      <trkpt lat="24.8981541" lon="74.6134088">
      </trkpt>
      <trkpt lat="24.8984849" lon="74.6131217">
      </trkpt>
      <trkpt lat="24.8987172" lon="74.612869">
      </trkpt>
      <trkpt lat="24.8989203" lon="74.6126136">
      </trkpt>
      <trkpt lat="24.8991174" lon="74.6123299">
      </trkpt>
      <trkpt lat="24.899295" lon="74.6120355">
      </trkpt>
      <trkpt lat="24.8994362" lon="74.6117266">
      </trkpt>
      <trkpt lat="24.899558" lon="74.6114338">
      </trkpt>
      <trkpt lat="24.9004739" lon="74.6088383">
      </trkpt>
      <trkpt lat="24.9007649" lon="74.6079504">
      </trkpt>
      <trkpt lat="24.900878" lon="74.6075167">
      </trkpt>
      <trkpt lat="24.9009302" lon="74.6072756">
      </trkpt>
      <trkpt lat="24.9010076" lon="74.6068065">
      </trkpt>
      <trkpt lat="24.9010357" lon="74.6065906">
      </trkpt>
      <trkpt lat="24.9010778" lon="74.6062677">
      </trkpt>
      <trkpt lat="24.9011051" lon="74.6058503">
      </trkpt>
      <trkpt lat="24.9011151" lon="74.6053801">
      </trkpt>
      <trkpt lat="24.9010911" lon="74.6048563">
      </trkpt>
      <trkpt lat="24.9009774" lon="74.6016892">
      </trkpt>
      <trkpt lat="24.9006803" lon="74.5953817">
      </trkpt>
      <trkpt lat="24.9005026" lon="74.5932766">
      </trkpt>
      <trkpt lat="24.9002902" lon="74.5923453">
      </trkpt>
      <trkpt lat="24.8999851" lon="74.591516">
      </trkpt>
      <trkpt lat="24.899527" lon="74.5905116">
      </trkpt>
      <trkpt lat="24.899173" lon="74.5899282">
      </trkpt>
      <trkpt lat="24.8982367" lon="74.5886457">
      </trkpt>
      <trkpt lat="24.8972076" lon="74.5876892">
      </trkpt>
      <trkpt lat="24.8917488" lon="74.5824712">
      </trkpt>
      <trkpt lat="24.88851" lon="74.5793486">
      </trkpt>
      <trkpt lat="24.8867382" lon="74.5775628">
      </trkpt>
      <trkpt lat="24.8857847" lon="74.5765357">
      </trkpt>
      <trkpt lat="24.8850939" lon="74.5755287">
      </trkpt>
      <trkpt lat="24.8845977" lon="74.5745645">
      </trkpt>
      <trkpt lat="24.8840419" lon="74.5730562">
      </trkpt>
      <trkpt lat="24.8830264" lon="74.5701104">
      </trkpt>
      <trkpt lat="24.8813656" lon="74.5655066">
      </trkpt>
      <trkpt lat="24.8809506" lon="74.564379">
      </trkpt>
      <trkpt lat="24.8801081" lon="74.5629578">
      </trkpt>
      <trkpt lat="24.8791246" lon="74.5616145">
      </trkpt>
      <trkpt lat="24.8769085" lon="74.5588887">
      </trkpt>
      <trkpt lat="24.8758321" lon="74.5571957">
      </trkpt>
      <trkpt lat="24.8752441" lon="74.5553221">
      </trkpt>
      <trkpt lat="24.8748486" lon="74.5531422">
      </trkpt>
      <trkpt lat="24.8741858" lon="74.5492301">
      </trkpt>
      <trkpt lat="24.8739987" lon="74.548135">
      </trkpt>
      <trkpt lat="24.8739859" lon="74.5480598">
      </trkpt>
      <trkpt lat="24.8727719" lon="74.5409545">
      </trkpt>
      <trkpt lat="24.8723558" lon="74.5387731">
      </trkpt>
      <trkpt lat="24.8722347" lon="74.538335">
      </trkpt>
      <trkpt lat="24.8722206" lon="74.5382873">
      </trkpt>
      <trkpt lat="24.8717415" lon="74.5365437">
      </trkpt>
      <trkpt lat="24.8711928" lon="74.5345379">
      </trkpt>
      <trkpt lat="24.8698968" lon="74.5299739">
      </trkpt>
      <trkpt lat="24.8684129" lon="74.524367">
      </trkpt>
      <trkpt lat="24.8675843" lon="74.5214838">
      </trkpt>
      <trkpt lat="24.8673451" lon="74.5203533">
      </trkpt>
      <trkpt lat="24.8671591" lon="74.5180772">
      </trkpt>
      <trkpt lat="24.8670703" lon="74.5169907">
      </trkpt>
      <trkpt lat="24.8669617" lon="74.5159703">
      </trkpt>
      <trkpt lat="24.8663812" lon="74.5100281">
      </trkpt>
      <trkpt lat="24.8657423" lon="74.5026742">
      </trkpt>
      <trkpt lat="24.8657319" lon="74.5026119">
      </trkpt>
      <trkpt lat="24.8657268" lon="74.5025486">
      </trkpt>
      <trkpt lat="24.8655407" lon="74.501013">
      </trkpt>
      <trkpt lat="24.8647739" lon="74.4920321">
      </trkpt>
      <trkpt lat="24.8643433" lon="74.4876469">
      </trkpt>
      <trkpt lat="24.8642092" lon="74.486554">
      </trkpt>
      <trkpt lat="24.8641995" lon="74.4858903">
      </trkpt>
      <trkpt lat="24.8642144" lon="74.4851544">
      </trkpt>
      <trkpt lat="24.8643101" lon="74.4838942">
      </trkpt>
      <trkpt lat="24.8643314" lon="74.4826576">
      </trkpt>
      <trkpt lat="24.8642322" lon="74.4816581">
      </trkpt>
      <trkpt lat="24.8640773" lon="74.4806247">
      </trkpt>
      <trkpt lat="24.8634489" lon="74.4775685">
      </trkpt>
      <trkpt lat="24.8624916" lon="74.4727455">
      </trkpt>
      <trkpt lat="24.8618676" lon="74.4694919">
      </trkpt>
      <trkpt lat="24.8615845" lon="74.4680302">
      </trkpt>
      <trkpt lat="24.8614839" lon="74.4671911">
      </trkpt>
      <trkpt lat="24.861416" lon="74.4665324">
      </trkpt>
      <trkpt lat="24.8612672" lon="74.462571">
      </trkpt>
      <trkpt lat="24.861218" lon="74.4588045">
      </trkpt>
      <trkpt lat="24.8612159" lon="74.4587533">
      </trkpt>
      <trkpt lat="24.8611458" lon="74.4570796">
      </trkpt>
      <trkpt lat="24.8610173" lon="74.4554922">
      </trkpt>
      <trkpt lat="24.8603786" lon="74.4483991">
      </trkpt>
      <trkpt lat="24.8591923" lon="74.4352402">
      </trkpt>
      <trkpt lat="24.8591164" lon="74.4343983">
      </trkpt>
      <trkpt lat="24.859016" lon="74.4329122">
      </trkpt>
      <trkpt lat="24.8590254" lon="74.4323261">
      </trkpt>
      <trkpt lat="24.8591186" lon="74.4315795">
      </trkpt>
      <trkpt lat="24.8593034" lon="74.4308181">
      </trkpt>
      <trkpt lat="24.8595797" lon="74.4300405">
      </trkpt>
      <trkpt lat="24.8616585" lon="74.4257994">
      </trkpt>
      <trkpt lat="24.8620711" lon="74.4248821">
      </trkpt>
      <trkpt lat="24.8622892" lon="74.4242943">
      </trkpt>
      <trkpt lat="24.862423" lon="74.4237999">
      </trkpt>
      <trkpt lat="24.8625971" lon="74.4230519">
      </trkpt>
      <trkpt lat="24.8627078" lon="74.4223309">
      </trkpt>
      <trkpt lat="24.8633103" lon="74.4178009">
      </trkpt>
      <trkpt lat="24.8642336" lon="74.4112266">
      </trkpt>
      <trkpt lat="24.864488" lon="74.4091182">
      </trkpt>
      <trkpt lat="24.864778" lon="74.4070648">
      </trkpt>
      <trkpt lat="24.8648008" lon="74.4069012">
      </trkpt>
      <trkpt lat="24.864896" lon="74.4062259">
      </trkpt>
      <trkpt lat="24.8650853" lon="74.404884">
      </trkpt>
      <trkpt lat="24.8652674" lon="74.4036184">
      </trkpt>
      <trkpt lat="24.865323" lon="74.4032314">
      </trkpt>
      <trkpt lat="24.8653869" lon="74.4028767">
      </trkpt>
      <trkpt lat="24.8654869" lon="74.4024101">
      </trkpt>
      <trkpt lat="24.8657255" lon="74.4013794">
      </trkpt>
      <trkpt lat="24.8659273" lon="74.4004894">
      </trkpt>
      <trkpt lat="24.8666116" lon="74.3976333">
      </trkpt>
      <trkpt lat="24.8667477" lon="74.3970818">
      </trkpt>
      <trkpt lat="24.867307" lon="74.394815">
      </trkpt>
      <trkpt lat="24.8687213" lon="74.3891291">
      </trkpt>
      <trkpt lat="24.8700695" lon="74.3834432">
      </trkpt>
      <trkpt lat="24.8711394" lon="74.3790334">
      </trkpt>
      <trkpt lat="24.8713146" lon="74.3780568">
      </trkpt>
      <trkpt lat="24.8716448" lon="74.3724765">
      </trkpt>
      <trkpt lat="24.8720268" lon="74.3657036">
      </trkpt>
      <trkpt lat="24.8726541" lon="74.3543107">
      </trkpt>
      <trkpt lat="24.8726484" lon="74.353421">
      </trkpt>
      <trkpt lat="24.8726001" lon="74.3523935">
      </trkpt>
      <trkpt lat="24.8723849" lon="74.3502525">
      </trkpt>
      <trkpt lat="24.8721234" lon="74.3480008">
      </trkpt>
      <trkpt lat="24.8721071" lon="74.3477894">
      </trkpt>
      <trkpt lat="24.8720828" lon="74.3474735">
      </trkpt>
      <trkpt lat="24.8720585" lon="74.3470372">
      </trkpt>
      <trkpt lat="24.8720533" lon="74.3463462">
      </trkpt>
      <trkpt lat="24.8721258" lon="74.3455238">
      </trkpt>
      <trkpt lat="24.8723793" lon="74.3436625">
      </trkpt>
      <trkpt lat="24.8729652" lon="74.3393445">
      </trkpt>
      <trkpt lat="24.8732417" lon="74.3372145">
      </trkpt>
      <trkpt lat="24.8732907" lon="74.3365841">
      </trkpt>
      <trkpt lat="24.8732812" lon="74.3358894">
      </trkpt>
      <trkpt lat="24.8731718" lon="74.3347933">
      </trkpt>
      <trkpt lat="24.8730104" lon="74.3339994">
      </trkpt>
      <trkpt lat="24.8728512" lon="74.3334222">
      </trkpt>
      <trkpt lat="24.8725973" lon="74.332754">
      </trkpt>
      <trkpt lat="24.8721984" lon="74.3318953">
      </trkpt>
      <trkpt lat="24.8709832" lon="74.3298629">
      </trkpt>
      <trkpt lat="24.8700329" lon="74.3282854">
      </trkpt>
      <trkpt lat="24.869904" lon="74.3280714">
      </trkpt>
      <trkpt lat="24.8686901" lon="74.3260562">
      </trkpt>
      <trkpt lat="24.8663699" lon="74.3221759">
      </trkpt>
      <trkpt lat="24.8655503" lon="74.3208226">
      </trkpt>
      <trkpt lat="24.8647772" lon="74.3195272">
      </trkpt>
      <trkpt lat="24.8641577" lon="74.3184933">
      </trkpt>
      <trkpt lat="24.8631931" lon="74.3168835">
      </trkpt>
      <trkpt lat="24.8629332" lon="74.3163978">
      </trkpt>
      <trkpt lat="24.862603" lon="74.3156794">
      </trkpt>
      <trkpt lat="24.8624104" lon="74.3151802">
      </trkpt>
      <trkpt lat="24.8622622" lon="74.3146818">
      </trkpt>
      <trkpt lat="24.8618139" lon="74.3131133">
      </trkpt>
      <trkpt lat="24.8612835" lon="74.3112873">
      </trkpt>
      <trkpt lat="24.8608821" lon="74.3098586">
      </trkpt>
      <trkpt lat="24.8604732" lon="74.3084035">
      </trkpt>
      <trkpt lat="24.8603467" lon="74.3078354">
      </trkpt>
      <trkpt lat="24.8602171" lon="74.3072586">
      </trkpt>
      <trkpt lat="24.8601601" lon="74.3064676">
      </trkpt>
      <trkpt lat="24.8601083" lon="74.3052341">
      </trkpt>
      <trkpt lat="24.860186" lon="74.3017618">
      </trkpt>
      <trkpt lat="24.8602273" lon="74.2989681">
      </trkpt>
      <trkpt lat="24.8602741" lon="74.2958005">
      </trkpt>
      <trkpt lat="24.8603891" lon="74.2878799">
      </trkpt>
      <trkpt lat="24.8603985" lon="74.287234">
      </trkpt>
      <trkpt lat="24.8603622" lon="74.2861879">
      </trkpt>
      <trkpt lat="24.8602275" lon="74.285217">
      </trkpt>
      <trkpt lat="24.8600583" lon="74.2845663">
      </trkpt>
      <trkpt lat="24.8582588" lon="74.2775633">
      </trkpt>
      <trkpt lat="24.8571395" lon="74.2732515">
      </trkpt>
      <trkpt lat="24.8567716" lon="74.2717781">
      </trkpt>
      <trkpt lat="24.856677" lon="74.2712277">
      </trkpt>
      <trkpt lat="24.8566213" lon="74.270613">
      </trkpt>
      <trkpt lat="24.8565462" lon="74.2696068">
      </trkpt>
      <trkpt lat="24.8562827" lon="74.2599176">
      </trkpt>
      <trkpt lat="24.8559138" lon="74.2491679">
      </trkpt>
      <trkpt lat="24.8551202" lon="74.2278281">
      </trkpt>
      <trkpt lat="24.8550444" lon="74.2259596">
      </trkpt>
      <trkpt lat="24.8549392" lon="74.2250382">
      </trkpt>
      <trkpt lat="24.854917" lon="74.224945">
      </trkpt>
      <trkpt lat="24.8547798" lon="74.2243679">
      </trkpt>
      <trkpt lat="24.8544281" lon="74.2232669">
      </trkpt>
      <trkpt lat="24.8533385" lon="74.220658">
      </trkpt>
      <trkpt lat="24.852681" lon="74.2191122">
      </trkpt>
      <trkpt lat="24.8522685" lon="74.2183991">
      </trkpt>
      <trkpt lat="24.8518978" lon="74.2178234">
      </trkpt>
      <trkpt lat="24.8491746" lon="74.2142509">
      </trkpt>
      <trkpt lat="24.8488263" lon="74.2138511">
      </trkpt>
      <trkpt lat="24.8487966" lon="74.213817">
      </trkpt>
      <trkpt lat="24.847168" lon="74.2116287">
      </trkpt>
      <trkpt lat="24.8454464" lon="74.2093495">
      </trkpt>
      <trkpt lat="24.8443567" lon="74.2078688">
      </trkpt>
      <trkpt lat="24.8440279" lon="74.2074428">
      </trkpt>
      <trkpt lat="24.8439213" lon="74.2073048">
      </trkpt>
      <trkpt lat="24.8433244" lon="74.2064942">
      </trkpt>
      <trkpt lat="24.8424199" lon="74.2052661">
      </trkpt>
      <trkpt lat="24.8419496" lon="74.2046596">
      </trkpt>
      <trkpt lat="24.841373" lon="74.2038373">
      </trkpt>
      <trkpt lat="24.8406328" lon="74.2025693">
      </trkpt>
      <trkpt lat="24.8400566" lon="74.2008106">
      </trkpt>
      <trkpt lat="24.8384448" lon="74.1953808">
      </trkpt>
      <trkpt lat="24.8369888" lon="74.1910025">
      </trkpt>
      <trkpt lat="24.8355862" lon="74.186742">
      </trkpt>
      <trkpt lat="24.8351278" lon="74.1855434">
      </trkpt>
      <trkpt lat="24.8346733" lon="74.1846066">
      </trkpt>
      <trkpt lat="24.8339623" lon="74.183597">
      </trkpt>
      <trkpt lat="24.8331781" lon="74.1827247">
      </trkpt>
      <trkpt lat="24.8315215" lon="74.1812306">
      </trkpt>
      <trkpt lat="24.8280023" lon="74.1781926">
      </trkpt>
      <trkpt lat="24.8271235" lon="74.1773538">
      </trkpt>
      <trkpt lat="24.8264492" lon="74.1764977">
      </trkpt>
      <trkpt lat="24.8257308" lon="74.1753024">
      </trkpt>
      <trkpt lat="24.82548" lon="74.1748173">
      </trkpt>
      <trkpt lat="24.8252877" lon="74.1742892">
      </trkpt>
      <trkpt lat="24.8249685" lon="74.1731136">
      </trkpt>
      <trkpt lat="24.8248292" lon="74.1723221">
      </trkpt>
      <trkpt lat="24.8247485" lon="74.1713529">
      </trkpt>
      <trkpt lat="24.8248145" lon="74.1701737">
      </trkpt>
      <trkpt lat="24.8250344" lon="74.1679042">
      </trkpt>
      <trkpt lat="24.8255759" lon="74.1618196">
      </trkpt>
      <trkpt lat="24.8260598" lon="74.1578713">
      </trkpt>
      <trkpt lat="24.8265173" lon="74.1560444">
      </trkpt>
      <trkpt lat="24.8268466" lon="74.1546543">
      </trkpt>
      <trkpt lat="24.8269276" lon="74.1536904">
      </trkpt>
      <trkpt lat="24.8269069" lon="74.1526173">
      </trkpt>
      <trkpt lat="24.8266117" lon="74.1505329">
      </trkpt>
      <trkpt lat="24.8261429" lon="74.1474092">
      </trkpt>
      <trkpt lat="24.8252205" lon="74.1411018">
      </trkpt>
      <trkpt lat="24.8250051" lon="74.1401693">
      </trkpt>
      <trkpt lat="24.8245506" lon="74.1389416">
      </trkpt>
      <trkpt lat="24.8234364" lon="74.1366156">
      </trkpt>
      <trkpt lat="24.8227254" lon="74.1352587">
      </trkpt>
      <trkpt lat="24.8222856" lon="74.1338696">
      </trkpt>
      <trkpt lat="24.822032" lon="74.1325096">
      </trkpt>
      <trkpt lat="24.8210013" lon="74.1232918">
      </trkpt>
      <trkpt lat="24.8209326" lon="74.1228343">
      </trkpt>
      <trkpt lat="24.8203148" lon="74.1175268">
      </trkpt>
      <trkpt lat="24.819776" lon="74.1122318">
      </trkpt>
      <trkpt lat="24.818855" lon="74.1039335">
      </trkpt>
      <trkpt lat="24.818567" lon="74.1013387">
      </trkpt>
      <trkpt lat="24.818026" lon="74.0966533">
      </trkpt>
      <trkpt lat="24.817805" lon="74.0944779">
      </trkpt>
      <trkpt lat="24.8177636" lon="74.0940709">
      </trkpt>
      <trkpt lat="24.8176892" lon="74.0933047">
      </trkpt>
      <trkpt lat="24.817548" lon="74.0921771">
      </trkpt>
      <trkpt lat="24.8173448" lon="74.0910476">
      </trkpt>
      <trkpt lat="24.8169416" lon="74.0895373">
      </trkpt>
      <trkpt lat="24.8156807" lon="74.0855717">
      </trkpt>
      <trkpt lat="24.8142113" lon="74.0807745">
      </trkpt>
      <trkpt lat="24.813594" lon="74.078599">
      </trkpt>
      <trkpt lat="24.8134143" lon="74.0776735">
      </trkpt>
      <trkpt lat="24.8132908" lon="74.0768328">
      </trkpt>
      <trkpt lat="24.8130668" lon="74.0746931">
      </trkpt>
      <trkpt lat="24.8125797" lon="74.0693378">
      </trkpt>
      <trkpt lat="24.8123236" lon="74.0668108">
      </trkpt>
      <trkpt lat="24.8120959" lon="74.0645645">
      </trkpt>
      <trkpt lat="24.8119126" lon="74.0626907">
      </trkpt>
      <trkpt lat="24.8114056" lon="74.0602631">
      </trkpt>
      <trkpt lat="24.8113268" lon="74.0599053">
      </trkpt>
      <trkpt lat="24.8109776" lon="74.0582446">
      </trkpt>
      <trkpt lat="24.810841" lon="74.0576945">
      </trkpt>
      <trkpt lat="24.8106548" lon="74.0571114">
      </trkpt>
      <trkpt lat="24.8103511" lon="74.0562928">
      </trkpt>
      <trkpt lat="24.8099119" lon="74.0554373">
      </trkpt>
      <trkpt lat="24.8093733" lon="74.0544781">
      </trkpt>
      <trkpt lat="24.8092513" lon="74.0542608">
      </trkpt>
      <trkpt lat="24.8044716" lon="74.0457491">
      </trkpt>
      <trkpt lat="24.8039347" lon="74.0445807">
      </trkpt>
      <trkpt lat="24.8035563" lon="74.0433128">
      </trkpt>
      <trkpt lat="24.8033696" lon="74.0420793">
      </trkpt>
      <trkpt lat="24.8033178" lon="74.0410684">
      </trkpt>
      <trkpt lat="24.8031208" lon="74.0367509">
      </trkpt>
      <trkpt lat="24.8030638" lon="74.0349063">
      </trkpt>
      <trkpt lat="24.8029445" lon="74.0339068">
      </trkpt>
      <trkpt lat="24.8025967" lon="74.0325806">
      </trkpt>
      <trkpt lat="24.8022523" lon="74.0317074">
      </trkpt>
      <trkpt lat="24.8019371" lon="74.0311179">
      </trkpt>
      <trkpt lat="24.8014423" lon="74.0303348">
      </trkpt>
      <trkpt lat="24.8009384" lon="74.0296307">
      </trkpt>
      <trkpt lat="24.7996789" lon="74.0278711">
      </trkpt>
      <trkpt lat="24.7974647" lon="74.0247939">
      </trkpt>
      <trkpt lat="24.7962012" lon="74.022998">
      </trkpt>
      <trkpt lat="24.7958297" lon="74.0222498">
      </trkpt>
      <trkpt lat="24.7954108" lon="74.0210384">
      </trkpt>
      <trkpt lat="24.7919196" lon="74.0059117">
      </trkpt>
      <trkpt lat="24.7918868" lon="74.0057697">
      </trkpt>
      <trkpt lat="24.791774" lon="74.0048835">
      </trkpt>
      <trkpt lat="24.7917147" lon="74.0040469">
      </trkpt>
      <trkpt lat="24.7917824" lon="74.0031083">
      </trkpt>
      <trkpt lat="24.79186" lon="74.0024498">
      </trkpt>
      <trkpt lat="24.7919407" lon="74.0019744">
      </trkpt>
      <trkpt lat="24.7920752" lon="74.001449">
      </trkpt>
      <trkpt lat="24.7922736" lon="74.0008195">
      </trkpt>
      <trkpt lat="24.7929849" lon="73.9992235">
      </trkpt>
      <trkpt lat="24.7941193" lon="73.9968897">
      </trkpt>
      <trkpt lat="24.7946272" lon="73.9958717">
      </trkpt>
      <trkpt lat="24.7979265" lon="73.9889481">
      </trkpt>
      <trkpt lat="24.7981117" lon="73.9884528">
      </trkpt>
      <trkpt lat="24.7983611" lon="73.9876669">
      </trkpt>
      <trkpt lat="24.7984928" lon="73.9871025">
      </trkpt>
      <trkpt lat="24.7985865" lon="73.986616">
      </trkpt>
      <trkpt lat="24.7986539" lon="73.9858527">
      </trkpt>
      <trkpt lat="24.7986515" lon="73.9851949">
      </trkpt>
      <trkpt lat="24.7986235" lon="73.9845516">
      </trkpt>
      <trkpt lat="24.7985584" lon="73.9840138">
      </trkpt>
      <trkpt lat="24.7984821" lon="73.9835404">
      </trkpt>
      <trkpt lat="24.798363" lon="73.9830764">
      </trkpt>
      <trkpt lat="24.7981868" lon="73.9824641">
      </trkpt>
      <trkpt lat="24.7980038" lon="73.9819694">
      </trkpt>
      <trkpt lat="24.7969139" lon="73.9793745">
      </trkpt>
      <trkpt lat="24.7965926" lon="73.978651">
      </trkpt>
      <trkpt lat="24.7963814" lon="73.9781757">
      </trkpt>
      <trkpt lat="24.7960617" lon="73.9774383">
      </trkpt>
      <trkpt lat="24.7954249" lon="73.9759587">
      </trkpt>
      <trkpt lat="24.794911" lon="73.9747408">
      </trkpt>
      <trkpt lat="24.7935473" lon="73.9715561">
      </trkpt>
      <trkpt lat="24.7929402" lon="73.9701266">
      </trkpt>
      <trkpt lat="24.7927416" lon="73.969644">
      </trkpt>
      <trkpt lat="24.7924566" lon="73.9690339">
      </trkpt>
      <trkpt lat="24.7922912" lon="73.9686453">
      </trkpt>
      <trkpt lat="24.7912334" lon="73.9661629">
      </trkpt>
      <trkpt lat="24.7910199" lon="73.965722">
      </trkpt>
      <trkpt lat="24.7908064" lon="73.9653442">
      </trkpt>
      <trkpt lat="24.7904283" lon="73.9647355">
      </trkpt>
      <trkpt lat="24.790201" lon="73.9644179">
      </trkpt>
      <trkpt lat="24.7894117" lon="73.9635167">
      </trkpt>
      <trkpt lat="24.7886095" lon="73.9628373">
      </trkpt>
      <trkpt lat="24.7878355" lon="73.9623117">
      </trkpt>
      <trkpt lat="24.7868504" lon="73.9618034">
      </trkpt>
      <trkpt lat="24.7864267" lon="73.9616951">
      </trkpt>
      <trkpt lat="24.785422" lon="73.9614383">
      </trkpt>
      <trkpt lat="24.7842113" lon="73.9611352">
      </trkpt>
      <trkpt lat="24.783477" lon="73.960864">
      </trkpt>
      <trkpt lat="24.782827" lon="73.9605674">
      </trkpt>
      <trkpt lat="24.7820387" lon="73.9601186">
      </trkpt>
      <trkpt lat="24.7811488" lon="73.9594326">
      </trkpt>
      <trkpt lat="24.7805807" lon="73.9588851">
      </trkpt>
      <trkpt lat="24.780133" lon="73.9583543">
      </trkpt>
      <trkpt lat="24.7796973" lon="73.9577424">
      </trkpt>
      <trkpt lat="24.7792373" lon="73.9569537">
      </trkpt>
      <trkpt lat="24.7783853" lon="73.9553049">
      </trkpt>
      <trkpt lat="24.7768774" lon="73.9523896">
      </trkpt>
      <trkpt lat="24.7753065" lon="73.9493285">
      </trkpt>
      <trkpt lat="24.7721448" lon="73.9432768">
      </trkpt>
      <trkpt lat="24.7715533" lon="73.9421573">
      </trkpt>
      <trkpt lat="24.7710842" lon="73.9413901">
      </trkpt>
      <trkpt lat="24.7703947" lon="73.9405994">
      </trkpt>
      <trkpt lat="24.7695274" lon="73.9398008">
      </trkpt>
      <trkpt lat="24.7675797" lon="73.9380237">
      </trkpt>
      <trkpt lat="24.7638845" lon="73.9346735">
      </trkpt>
      <trkpt lat="24.7633443" lon="73.9339781">
      </trkpt>
      <trkpt lat="24.7629317" lon="73.9333361">
      </trkpt>
      <trkpt lat="24.7627181" lon="73.9328888">
      </trkpt>
      <trkpt lat="24.7623257" lon="73.932032">
      </trkpt>
      <trkpt lat="24.7612945" lon="73.929444">
      </trkpt>
      <trkpt lat="24.7610022" lon="73.9287644">
      </trkpt>
      <trkpt lat="24.7607698" lon="73.9283478">
      </trkpt>
      <trkpt lat="24.7605431" lon="73.927991">
      </trkpt>
      <trkpt lat="24.7601296" lon="73.9274627">
      </trkpt>
      <trkpt lat="24.7595822" lon="73.9268912">
      </trkpt>
      <trkpt lat="24.7592458" lon="73.9266099">
      </trkpt>
      <trkpt lat="24.7588163" lon="73.9262952">
      </trkpt>
      <trkpt lat="24.7559522" lon="73.9245071">
      </trkpt>
      <trkpt lat="24.7530629" lon="73.9226871">
      </trkpt>
      <trkpt lat="24.7517943" lon="73.9219022">
      </trkpt>
      <trkpt lat="24.7489748" lon="73.9201577">
      </trkpt>
      <trkpt lat="24.7472402" lon="73.9190845">
      </trkpt>
      <trkpt lat="24.7461168" lon="73.9183969">
      </trkpt>
      <trkpt lat="24.7454053" lon="73.918085">
      </trkpt>
      <trkpt lat="24.7448272" lon="73.9178893">
      </trkpt>
      <trkpt lat="24.7441473" lon="73.917708">
      </trkpt>
      <trkpt lat="24.7430048" lon="73.917484">
      </trkpt>
      <trkpt lat="24.7418046" lon="73.9172115">
      </trkpt>
      <trkpt lat="24.7414508" lon="73.9171031">
      </trkpt>
      <trkpt lat="24.7411169" lon="73.9169896">
      </trkpt>
      <trkpt lat="24.7406346" lon="73.9167519">
      </trkpt>
      <trkpt lat="24.7402225" lon="73.9165258">
      </trkpt>
      <trkpt lat="24.7395454" lon="73.9160348">
      </trkpt>
      <trkpt lat="24.7391346" lon="73.9156687">
      </trkpt>
      <trkpt lat="24.7386974" lon="73.9152108">
      </trkpt>
      <trkpt lat="24.7364704" lon="73.9126551">
      </trkpt>
      <trkpt lat="24.7360833" lon="73.9122912">
      </trkpt>
      <trkpt lat="24.7356809" lon="73.9119697">
      </trkpt>
      <trkpt lat="24.7350427" lon="73.9115027">
      </trkpt>
      <trkpt lat="24.7319602" lon="73.9092372">
      </trkpt>
      <trkpt lat="24.7296641" lon="73.9075717">
      </trkpt>
      <trkpt lat="24.7284181" lon="73.9066819">
      </trkpt>
      <trkpt lat="24.7277694" lon="73.9061879">
      </trkpt>
      <trkpt lat="24.727215" lon="73.9057494">
      </trkpt>
      <trkpt lat="24.7223325" lon="73.9014258">
      </trkpt>
      <trkpt lat="24.7137838" lon="73.8938562">
      </trkpt>
      <trkpt lat="24.7131847" lon="73.893258">
      </trkpt>
      <trkpt lat="24.7069817" lon="73.886109">
      </trkpt>
      <trkpt lat="24.7059963" lon="73.8849914">
      </trkpt>
      <trkpt lat="24.7051357" lon="73.8838563">
      </trkpt>
      <trkpt lat="24.7047723" lon="73.8832632">
      </trkpt>
      <trkpt lat="24.7045169" lon="73.8828463">
      </trkpt>
      <trkpt lat="24.7041066" lon="73.8819138">
      </trkpt>
      <trkpt lat="24.7034857" lon="73.8798714">
      </trkpt>
      <trkpt lat="24.7023358" lon="73.8756768">
      </trkpt>
      <trkpt lat="24.7006763" lon="73.8696313">
      </trkpt>
      <trkpt lat="24.6988618" lon="73.863136">
      </trkpt>
      <trkpt lat="24.6986998" lon="73.8625755">
      </trkpt>
      <trkpt lat="24.6985997" lon="73.8622294">
      </trkpt>
      <trkpt lat="24.6979308" lon="73.8599158">
      </trkpt>
      <trkpt lat="24.6975759" lon="73.8591605">
      </trkpt>
      <trkpt lat="24.696278" lon="73.8565039">
      </trkpt>
      <trkpt lat="24.6947769" lon="73.8520501">
      </trkpt>
      <trkpt lat="24.6932539" lon="73.8475634">
      </trkpt>
      <trkpt lat="24.6932191" lon="73.8474494">
      </trkpt>
      <trkpt lat="24.6930535" lon="73.8469733">
      </trkpt>
      <trkpt lat="24.6927707" lon="73.8461065">
      </trkpt>
      <trkpt lat="24.6916299" lon="73.8427011">
      </trkpt>
      <trkpt lat="24.6914794" lon="73.8422961">
      </trkpt>
      <trkpt lat="24.6913152" lon="73.8418607">
      </trkpt>
      <trkpt lat="24.691085" lon="73.8414119">
      </trkpt>
      <trkpt lat="24.6908936" lon="73.841117">
      </trkpt>
      <trkpt lat="24.6906159" lon="73.8407499">
      </trkpt>
      <trkpt lat="24.6903468" lon="73.8404773">
      </trkpt>
      <trkpt lat="24.6900735" lon="73.8402334">
      </trkpt>
      <trkpt lat="24.6897366" lon="73.839988">
      </trkpt>
      <trkpt lat="24.6892636" lon="73.8397297">
      </trkpt>
      <trkpt lat="24.688442" lon="73.8394556">
      </trkpt>
      <trkpt lat="24.6873779" lon="73.8391659">
      </trkpt>
      <trkpt lat="24.6870305" lon="73.8390417">
      </trkpt>
      <trkpt lat="24.6866694" lon="73.8388833">
      </trkpt>
      <trkpt lat="24.6861384" lon="73.8386021">
      </trkpt>
      <trkpt lat="24.6858435" lon="73.8384319">
      </trkpt>
      <trkpt lat="24.6857423" lon="73.8383735">
      </trkpt>
      <trkpt lat="24.6853322" lon="73.8380787">
      </trkpt>
      <trkpt lat="24.6849565" lon="73.8377725">
      </trkpt>
      <trkpt lat="24.6834686" lon="73.8364838">
      </trkpt>
      <trkpt lat="24.6829754" lon="73.8360814">
      </trkpt>
      <trkpt lat="24.6823139" lon="73.8356117">
      </trkpt>
      <trkpt lat="24.6812526" lon="73.8350387">
      </trkpt>
      <trkpt lat="24.6714997" lon="73.8311427">
      </trkpt>
      <trkpt lat="24.6705986" lon="73.8306973">
      </trkpt>
      <trkpt lat="24.6702445" lon="73.8304851">
      </trkpt>
      <trkpt lat="24.669797" lon="73.8301746">
      </trkpt>
      <trkpt lat="24.6693416" lon="73.8297699">
      </trkpt>
      <trkpt lat="24.6687983" lon="73.8292082">
      </trkpt>
      <trkpt lat="24.6681049" lon="73.8284459">
      </trkpt>
      <trkpt lat="24.6675503" lon="73.8277561">
      </trkpt>
      <trkpt lat="24.6671902" lon="73.8271893">
      </trkpt>
      <trkpt lat="24.6669133" lon="73.8266738">
      </trkpt>
      <trkpt lat="24.6662248" lon="73.8251537">
      </trkpt>
      <trkpt lat="24.6653687" lon="73.8232501">
      </trkpt>
      <trkpt lat="24.665082" lon="73.8227058">
      </trkpt>
      <trkpt lat="24.6647425" lon="73.8221609">
      </trkpt>
      <trkpt lat="24.6643975" lon="73.8216816">
      </trkpt>
      <trkpt lat="24.6639226" lon="73.8211479">
      </trkpt>
      <trkpt lat="24.6635647" lon="73.8208192">
      </trkpt>
      <trkpt lat="24.6630553" lon="73.8204044">
      </trkpt>
      <trkpt lat="24.6625648" lon="73.8200906">
      </trkpt>
      <trkpt lat="24.6622116" lon="73.8198957">
      </trkpt>
      <trkpt lat="24.6617896" lon="73.8196945">
      </trkpt>
      <trkpt lat="24.6611566" lon="73.8194674">
      </trkpt>
      <trkpt lat="24.660577" lon="73.8193191">
      </trkpt>
      <trkpt lat="24.6600759" lon="73.8192478">
      </trkpt>
      <trkpt lat="24.6596659" lon="73.8192221">
      </trkpt>
      <trkpt lat="24.6590881" lon="73.8192109">
      </trkpt>
      <trkpt lat="24.6584514" lon="73.8192491">
      </trkpt>
      <trkpt lat="24.6552155" lon="73.8194811">
      </trkpt>
      <trkpt lat="24.6537737" lon="73.8196059">
      </trkpt>
      <trkpt lat="24.6532339" lon="73.8195848">
      </trkpt>
      <trkpt lat="24.6527991" lon="73.8195518">
      </trkpt>
      <trkpt lat="24.6523684" lon="73.8194783">
      </trkpt>
      <trkpt lat="24.6520132" lon="73.8193841">
      </trkpt>
      <trkpt lat="24.6514831" lon="73.8192158">
      </trkpt>
      <trkpt lat="24.6507893" lon="73.8188713">
      </trkpt>
      <trkpt lat="24.65025" lon="73.818505">
      </trkpt>
      <trkpt lat="24.6498295" lon="73.8181726">
      </trkpt>
      <trkpt lat="24.6496018" lon="73.8179475">
      </trkpt>
      <trkpt lat="24.6494097" lon="73.8177499">
      </trkpt>
      <trkpt lat="24.6490312" lon="73.8172717">
      </trkpt>
      <trkpt lat="24.6487021" lon="73.8168121">
      </trkpt>
      <trkpt lat="24.648393" lon="73.8162216">
      </trkpt>
      <trkpt lat="24.6480955" lon="73.8155091">
      </trkpt>
      <trkpt lat="24.6471899" lon="73.8130348">
      </trkpt>
      <trkpt lat="24.6468775" lon="73.8121954">
      </trkpt>
      <trkpt lat="24.6465989" lon="73.8115688">
      </trkpt>
      <trkpt lat="24.6463084" lon="73.8109932">
      </trkpt>
      <trkpt lat="24.6460467" lon="73.8105567">
      </trkpt>
      <trkpt lat="24.645684" lon="73.8100258">
      </trkpt>
      <trkpt lat="24.645025" lon="73.8092744">
      </trkpt>
      <trkpt lat="24.6445736" lon="73.8088519">
      </trkpt>
      <trkpt lat="24.6439614" lon="73.8083539">
      </trkpt>
      <trkpt lat="24.6407592" lon="73.8060036">
      </trkpt>
      <trkpt lat="24.6393926" lon="73.8050063">
      </trkpt>
      <trkpt lat="24.6384074" lon="73.804271">
      </trkpt>
      <trkpt lat="24.6374155" lon="73.8035467">
      </trkpt>
      <trkpt lat="24.6366116" lon="73.8029514">
      </trkpt>
      <trkpt lat="24.6361258" lon="73.8026138">
      </trkpt>
      <trkpt lat="24.6356612" lon="73.8023602">
      </trkpt>
      <trkpt lat="24.6351094" lon="73.8021072">
      </trkpt>
      <trkpt lat="24.6346827" lon="73.8019697">
      </trkpt>
      <trkpt lat="24.6338629" lon="73.801784">
      </trkpt>
      <trkpt lat="24.6333109" lon="73.8017554">
      </trkpt>
      <trkpt lat="24.6327834" lon="73.801765">
      </trkpt>
      <trkpt lat="24.6322335" lon="73.8018431">
      </trkpt>
      <trkpt lat="24.6315872" lon="73.8020054">
      </trkpt>
      <trkpt lat="24.630941" lon="73.8022228">
      </trkpt>
      <trkpt lat="24.6301248" lon="73.8025349">
      </trkpt>
      <trkpt lat="24.6291805" lon="73.8028741">
      </trkpt>
      <trkpt lat="24.6286082" lon="73.8030549">
      </trkpt>
      <trkpt lat="24.6279429" lon="73.8032244">
      </trkpt>
      <trkpt lat="24.6253829" lon="73.8038182">
      </trkpt>
      <trkpt lat="24.6244154" lon="73.8040304">
      </trkpt>
      <trkpt lat="24.6225211" lon="73.8044458">
      </trkpt>
      <trkpt lat="24.6196213" lon="73.805138">
      </trkpt>
      <trkpt lat="24.6186557" lon="73.8053773">
      </trkpt>
      <trkpt lat="24.6180687" lon="73.8054942">
      </trkpt>
      <trkpt lat="24.617624" lon="73.8056201">
      </trkpt>
      <trkpt lat="24.6168194" lon="73.8058293">
      </trkpt>
      <trkpt lat="24.6160162" lon="73.8060821">
      </trkpt>
      <trkpt lat="24.6152048" lon="73.8062742">
      </trkpt>
      <trkpt lat="24.6143588" lon="73.8064838">
      </trkpt>
      <trkpt lat="24.6132836" lon="73.8067362">
      </trkpt>
      <trkpt lat="24.6127972" lon="73.8068008">
      </trkpt>
      <trkpt lat="24.612373" lon="73.8068423">
      </trkpt>
      <trkpt lat="24.6117805" lon="73.8068237">
      </trkpt>
      <trkpt lat="24.6111636" lon="73.8067762">
      </trkpt>
      <trkpt lat="24.6106737" lon="73.8066701">
      </trkpt>
      <trkpt lat="24.6101044" lon="73.8064793">
      </trkpt>
      <trkpt lat="24.6094682" lon="73.8061924">
      </trkpt>
      <trkpt lat="24.608588" lon="73.8057613">
      </trkpt>
      <trkpt lat="24.6079874" lon="73.8053906">
      </trkpt>
      <trkpt lat="24.6072064" lon="73.8048176">
      </trkpt>
      <trkpt lat="24.606484" lon="73.8042231">
      </trkpt>
      <trkpt lat="24.6058899" lon="73.8036371">
      </trkpt>
      <trkpt lat="24.6051381" lon="73.8027212">
      </trkpt>
      <trkpt lat="24.6048852" lon="73.8023716">
      </trkpt>
      <trkpt lat="24.6046188" lon="73.8019411">
      </trkpt>
      <trkpt lat="24.604333" lon="73.8013389">
      </trkpt>
      <trkpt lat="24.6041229" lon="73.8007102">
      </trkpt>
      <trkpt lat="24.6039603" lon="73.8000337">
      </trkpt>
      <trkpt lat="24.603827" lon="73.7989816">
      </trkpt>
      <trkpt lat="24.6036569" lon="73.7974519">
      </trkpt>
      <trkpt lat="24.603451" lon="73.7965184">
      </trkpt>
      <trkpt lat="24.603273" lon="73.7959331">
      </trkpt>
      <trkpt lat="24.603056" lon="73.7953477">
      </trkpt>
      <trkpt lat="24.6028259" lon="73.7948564">
      </trkpt>
      <trkpt lat="24.6024495" lon="73.7943115">
      </trkpt>
      <trkpt lat="24.6020576" lon="73.7938655">
      </trkpt>
      <trkpt lat="24.6017557" lon="73.7935366">
      </trkpt>
      <trkpt lat="24.6013855" lon="73.7931863">
      </trkpt>
      <trkpt lat="24.6009687" lon="73.7928637">
      </trkpt>
      <trkpt lat="24.6002058" lon="73.7923875">
      </trkpt>
      <trkpt lat="24.5990691" lon="73.7917304">
      </trkpt>
      <trkpt lat="24.5984853" lon="73.7913569">
      </trkpt>
      <trkpt lat="24.5983329" lon="73.7912723">
      </trkpt>
      <trkpt lat="24.598069" lon="73.7910707">
      </trkpt>
      <trkpt lat="24.597618" lon="73.7906785">
      </trkpt>
      <trkpt lat="24.596944" lon="73.7898953">
      </trkpt>
      <trkpt lat="24.5965876" lon="73.7893461">
      </trkpt>
      <trkpt lat="24.596323" lon="73.7888658">
      </trkpt>
      <trkpt lat="24.5951007" lon="73.7867889">
      </trkpt>
      <trkpt lat="24.5945655" lon="73.7860268">
      </trkpt>
      <trkpt lat="24.5938524" lon="73.7851724">
      </trkpt>
      <trkpt lat="24.5927306" lon="73.7839611">
      </trkpt>
      <trkpt lat="24.5922894" lon="73.7833735">
      </trkpt>
      <trkpt lat="24.591789" lon="73.78256">
      </trkpt>
      <trkpt lat="24.5915426" lon="73.7819935">
      </trkpt>
      <trkpt lat="24.5913405" lon="73.7814814">
      </trkpt>
      <trkpt lat="24.5912054" lon="73.7809663">
      </trkpt>
      <trkpt lat="24.5911233" lon="73.7805875">
      </trkpt>
      <trkpt lat="24.5910472" lon="73.7800605">
      </trkpt>
      <trkpt lat="24.5910249" lon="73.779656">
      </trkpt>
      <trkpt lat="24.5908831" lon="73.7779996">
      </trkpt>
      <trkpt lat="24.5907936" lon="73.7772743">
      </trkpt>
      <trkpt lat="24.5906576" lon="73.7765967">
      </trkpt>
      <trkpt lat="24.5906309" lon="73.7765006">
      </trkpt>
      <trkpt lat="24.5904772" lon="73.7759485">
      </trkpt>
      <trkpt lat="24.5901407" lon="73.7751683">
      </trkpt>
      <trkpt lat="24.5898446" lon="73.774534">
      </trkpt>
      <trkpt lat="24.5895357" lon="73.7738713">
      </trkpt>
      <trkpt lat="24.5892299" lon="73.773195">
      </trkpt>
      <trkpt lat="24.5889858" lon="73.7725779">
      </trkpt>
      <trkpt lat="24.5888479" lon="73.7720727">
      </trkpt>
      <trkpt lat="24.5887666" lon="73.771669">
      </trkpt>
      <trkpt lat="24.5887017" lon="73.7712128">
      </trkpt>
      <trkpt lat="24.5886731" lon="73.7707566">
      </trkpt>
      <trkpt lat="24.5886718" lon="73.7702152">
      </trkpt>
      <trkpt lat="24.588697" lon="73.7698156">
      </trkpt>
      <trkpt lat="24.58883" lon="73.7689812">
      </trkpt>
      <trkpt lat="24.5891866" lon="73.7671936">
      </trkpt>
      <trkpt lat="24.5896715" lon="73.7648527">
      </trkpt>
      <trkpt lat="24.5901369" lon="73.762627">
      </trkpt>
      <trkpt lat="24.5907035" lon="73.7598755">
      </trkpt>
      <trkpt lat="24.5908085" lon="73.7591785">
      </trkpt>
      <trkpt lat="24.5908513" lon="73.758545">
      </trkpt>
      <trkpt lat="24.5908605" lon="73.7579886">
      </trkpt>
      <trkpt lat="24.5908185" lon="73.7573992">
      </trkpt>
      <trkpt lat="24.5907443" lon="73.7568285">
      </trkpt>
      <trkpt lat="24.5906742" lon="73.7564776">
      </trkpt>
      <trkpt lat="24.5905979" lon="73.7561621">
      </trkpt>
      <trkpt lat="24.5904243" lon="73.7555979">
      </trkpt>
      <trkpt lat="24.5901614" lon="73.7548501">
      </trkpt>
      <trkpt lat="24.5897902" lon="73.7541361">
      </trkpt>
      <trkpt lat="24.5894111" lon="73.7535305">
      </trkpt>
      <trkpt lat="24.5890366" lon="73.753027">
      </trkpt>
      <trkpt lat="24.5884833" lon="73.7524249">
      </trkpt>
      <trkpt lat="24.5864366" lon="73.7506996">
      </trkpt>
      <trkpt lat="24.5859353" lon="73.7503275">
      </trkpt>
      <trkpt lat="24.5854653" lon="73.7499405">
      </trkpt>
      <trkpt lat="24.5846795" lon="73.7492684">
      </trkpt>
      <trkpt lat="24.5844644" lon="73.7490905">
      </trkpt>
      <trkpt lat="24.5842866" lon="73.748893">
      </trkpt>
      <trkpt lat="24.5839543" lon="73.7485213">
      </trkpt>
      <trkpt lat="24.5835994" lon="73.7480262">
      </trkpt>
      <trkpt lat="24.5832029" lon="73.7473737">
      </trkpt>
      <trkpt lat="24.5828788" lon="73.7467525">
      </trkpt>
      <trkpt lat="24.5825962" lon="73.7458054">
      </trkpt>
      <trkpt lat="24.5823617" lon="73.7448794">
      </trkpt>
      <trkpt lat="24.5821238" lon="73.7438401">
      </trkpt>
      <trkpt lat="24.5818896" lon="73.7430074">
      </trkpt>
      <trkpt lat="24.5810892" lon="73.7410549">
      </trkpt>
      <trkpt lat="24.5807022" lon="73.7400759">
      </trkpt>
      <trkpt lat="24.5804444" lon="73.7391374">
      </trkpt>
      <trkpt lat="24.5803227" lon="73.7384591">
      </trkpt>
      <trkpt lat="24.5803" lon="73.7382561">
      </trkpt>
      <trkpt lat="24.5802902" lon="73.7381678">
      </trkpt>
      <trkpt lat="24.5802749" lon="73.7378038">
      </trkpt>
      <trkpt lat="24.5802727" lon="73.7372908">
      </trkpt>
      <trkpt lat="24.5803161" lon="73.7364583">
      </trkpt>
      <trkpt lat="24.5804223" lon="73.7358257">
      </trkpt>
      <trkpt lat="24.5809011" lon="73.7340298">
      </trkpt>
      <trkpt lat="24.5814681" lon="73.7320935">
      </trkpt>
      <trkpt lat="24.5825364" lon="73.7284655">
      </trkpt>
      <trkpt lat="24.5826245" lon="73.7279573">
      </trkpt>
      <trkpt lat="24.5826529" lon="73.7276538">
      </trkpt>
      <trkpt lat="24.582649" lon="73.7272639">
      </trkpt>
      <trkpt lat="24.5826386" lon="73.7270202">
      </trkpt>
      <trkpt lat="24.5826196" lon="73.7267258">
      </trkpt>
      <trkpt lat="24.5825946" lon="73.7265573">
      </trkpt>
      <trkpt lat="24.582556" lon="73.7263617">
      </trkpt>
      <trkpt lat="24.5825032" lon="73.7261404">
      </trkpt>
      <trkpt lat="24.5824433" lon="73.7259533">
      </trkpt>
      <trkpt lat="24.5822971" lon="73.7255649">
      </trkpt>
      <trkpt lat="24.5821851" lon="73.7253226">
      </trkpt>
      <trkpt lat="24.5820477" lon="73.7250478">
      </trkpt>
      <trkpt lat="24.5818697" lon="73.724734">
      </trkpt>
      <trkpt lat="24.5817004" lon="73.7244751">
      </trkpt>
      <trkpt lat="24.5814186" lon="73.724146">
      </trkpt>
      <trkpt lat="24.5810261" lon="73.723777">
      </trkpt>
      <trkpt lat="24.5802115" lon="73.7230507">
      </trkpt>
      <trkpt lat="24.5791753" lon="73.7221304">
      </trkpt>
      <trkpt lat="24.5782162" lon="73.7212759">
      </trkpt>
      <trkpt lat="24.5773267" lon="73.7204711">
      </trkpt>
      <trkpt lat="24.5768863" lon="73.7200749">
      </trkpt>
      <trkpt lat="24.5767385" lon="73.7199391">
      </trkpt>
      <trkpt lat="24.5765752" lon="73.7197582">
      </trkpt>
      <trkpt lat="24.5763724" lon="73.7194982">
      </trkpt>
      <trkpt lat="24.5761645" lon="73.7191524">
      </trkpt>
      <trkpt lat="24.5760316" lon="73.7188925">
      </trkpt>
      <trkpt lat="24.5758813" lon="73.7185046">
      </trkpt>
      <trkpt lat="24.5758036" lon="73.7182578">
      </trkpt>
      <trkpt lat="24.5757182" lon="73.7179202">
      </trkpt>
      <trkpt lat="24.5756601" lon="73.7174631">
      </trkpt>
      <trkpt lat="24.5756411" lon="73.7171498">
      </trkpt>
      <trkpt lat="24.5756496" lon="73.7167901">
      </trkpt>
      <trkpt lat="24.5757213" lon="73.7162952">
      </trkpt>
      <trkpt lat="24.5758584" lon="73.7155986">
      </trkpt>
      <trkpt lat="24.5763544" lon="73.7133434">
      </trkpt>
      <trkpt lat="24.5768539" lon="73.7111613">
      </trkpt>
      <trkpt lat="24.5772645" lon="73.709353">
      </trkpt>
      <trkpt lat="24.5773864" lon="73.7088516">
      </trkpt>
      <trkpt lat="24.5775666" lon="73.7079749">
      </trkpt>
      <trkpt lat="24.5776136" lon="73.7077407">
      </trkpt>
      <trkpt lat="24.5776437" lon="73.7075758">
      </trkpt>
      <trkpt lat="24.5776805" lon="73.7073464">
      </trkpt>
      <trkpt lat="24.5777059" lon="73.7071694">
      </trkpt>
      <trkpt lat="24.5777301" lon="73.706937">
      </trkpt>
      <trkpt lat="24.5777413" lon="73.7067537">
      </trkpt>
      <trkpt lat="24.5777461" lon="73.7065954">
      </trkpt>
      <trkpt lat="24.5777488" lon="73.7063949">
      </trkpt>
      <trkpt lat="24.577746" lon="73.7061845">
      </trkpt>
      <trkpt lat="24.5777388" lon="73.7059604">
      </trkpt>
      <trkpt lat="24.5777346" lon="73.7058838">
      </trkpt>
      <trkpt lat="24.5777193" lon="73.705709">
      </trkpt>
      <trkpt lat="24.5776894" lon="73.7054822">
      </trkpt>
      <trkpt lat="24.577651" lon="73.7052356">
      </trkpt>
      <trkpt lat="24.5776017" lon="73.7049677">
      </trkpt>
      <trkpt lat="24.5775498" lon="73.7047327">
      </trkpt>
      <trkpt lat="24.5774898" lon="73.7045226">
      </trkpt>
      <trkpt lat="24.5774242" lon="73.7043075">
      </trkpt>
      <trkpt lat="24.5773272" lon="73.7040137">
      </trkpt>
      <trkpt lat="24.5771732" lon="73.7036483">
      </trkpt>
      <trkpt lat="24.5770082" lon="73.7033073">
      </trkpt>
      <trkpt lat="24.5768752" lon="73.7030552">
      </trkpt>
      <trkpt lat="24.5767501" lon="73.702828">
      </trkpt>
      <trkpt lat="24.5765876" lon="73.7025982">
      </trkpt>
      <trkpt lat="24.5763797" lon="73.7023116">
      </trkpt>
      <trkpt lat="24.5761643" lon="73.7020295">
      </trkpt>
      <trkpt lat="24.5758938" lon="73.7017201">
      </trkpt>
      <trkpt lat="24.5756997" lon="73.7015532">
      </trkpt>
      <trkpt lat="24.5754411" lon="73.7013174">
      </trkpt>
      <trkpt lat="24.5752639" lon="73.701184">
      </trkpt>
      <trkpt lat="24.5752022" lon="73.7011341">
      </trkpt>
      <trkpt lat="24.5749392" lon="73.700948">
      </trkpt>
      <trkpt lat="24.5744709" lon="73.7006758">
      </trkpt>
      <trkpt lat="24.5740792" lon="73.7004784">
      </trkpt>
      <trkpt lat="24.5739809" lon="73.7004414">
      </trkpt>
      <trkpt lat="24.5736288" lon="73.7003092">
      </trkpt>
      <trkpt lat="24.5730133" lon="73.7001464">
      </trkpt>
      <trkpt lat="24.5727213" lon="73.7000887">
      </trkpt>
      <trkpt lat="24.5719595" lon="73.700026">
      </trkpt>
      <trkpt lat="24.5709883" lon="73.6999509">
      </trkpt>
      <trkpt lat="24.5706052" lon="73.6998824">
      </trkpt>
      <trkpt lat="24.5702563" lon="73.6998463">
      </trkpt>
      <trkpt lat="24.5697755" lon="73.6998119">
      </trkpt>
    </trkseg>
  </trk>
</gpx>