<?xml version="1.0" encoding="UTF-8"?>
<gpx xmlns="http://www.topografix.com/GPX/1/1" xmlns:xsi="http://www.w3.org/2001/XMLSchema-instance" xsi:schemaLocation="http://www.topografix.com/GPX/1/1 http://www.topografix.com/GPX/1/1/gpx.xsd" version="1.1" creator="gpx.py -- https://github.com/tkrajina/gpxpy">
  <wpt lat="15.2709481" lon="73.956115">
    <name>Madgaon Junction</name>
  </wpt>
  <wpt lat="15.264414" lon="74.1105253">
    <name>Sanvordem Curchorem</name>
  </wpt>
  <wpt lat="15.335148" lon="74.2557822">
    <name>Kulem</name>
  </wpt>
  <wpt lat="15.3985236" lon="74.3344017">
    <name>Castle Rock</name>
  </wpt>
  <wpt lat="15.4472428" lon="74.4949557">
    <name>Londa Junction</name>
  </wpt>
  <wpt lat="15.4247424" lon="74.7353949">
    <name>Alnavar Junction</name>
  </wpt>
  <wpt lat="15.4427684" lon="75.0007067">
    <name>Dharwad</name>
  </wpt>
  <wpt lat="15.3487691" lon="75.1527346">
    <name>Hubli Junction</name>
  </wpt>
  <wpt lat="15.4366232" lon="75.6391273">
    <name>Gadag Junction</name>
  </wpt>
  <wpt lat="15.3544276" lon="76.150426">
    <name>Koppala</name>
  </wpt>
  <wpt lat="15.2827774" lon="76.3943975">
    <name>Hospet Junction</name>
  </wpt>
  <trk>
    <name>Madgaon - Hospet (Vies regionals)</name>
    <trkseg>
      <trkpt lat="15.2709481" lon="73.956115">
      </trkpt>
      <trkpt lat="15.2705587" lon="73.9566168">
      </trkpt>
      <trkpt lat="15.2703567" lon="73.9569336">
      </trkpt>
      <trkpt lat="15.2701608" lon="73.9572504">
      </trkpt>
      <trkpt lat="15.2700278" lon="73.9574832">
      </trkpt>
      <trkpt lat="15.2699132" lon="73.9577033">
      </trkpt>
      <trkpt lat="15.2697347" lon="73.9580685">
      </trkpt>
      <trkpt lat="15.2695261" lon="73.9585492">
      </trkpt>
      <trkpt lat="15.2693834" lon="73.9589155">
      </trkpt>
      <trkpt lat="15.2692421" lon="73.9592835">
      </trkpt>
      <trkpt lat="15.2690972" lon="73.9597334">
      </trkpt>
      <trkpt lat="15.2689997" lon="73.9600358">
      </trkpt>
      <trkpt lat="15.2689217" lon="73.9602889">
      </trkpt>
      <trkpt lat="15.2688621" lon="73.9605388">
      </trkpt>
      <trkpt lat="15.2687686" lon="73.9609183">
      </trkpt>
      <trkpt lat="15.2686732" lon="73.9613279">
      </trkpt>
      <trkpt lat="15.2685908" lon="73.9617556">
      </trkpt>
      <trkpt lat="15.2685325" lon="73.9621027">
      </trkpt>
      <trkpt lat="15.2684817" lon="73.9624356">
      </trkpt>
      <trkpt lat="15.2684179" lon="73.9629761">
      </trkpt>
      <trkpt lat="15.2683723" lon="73.963338">
      </trkpt>
      <trkpt lat="15.2683549" lon="73.9636222">
      </trkpt>
      <trkpt lat="15.2683479" lon="73.9637427">
      </trkpt>
      <trkpt lat="15.2683135" lon="73.9642131">
      </trkpt>
      <trkpt lat="15.2682687" lon="73.9650183">
      </trkpt>
      <trkpt lat="15.2682575" lon="73.9652929">
      </trkpt>
      <trkpt lat="15.2681727" lon="73.9669199">
      </trkpt>
      <trkpt lat="15.2679731" lon="73.9701562">
      </trkpt>
      <trkpt lat="15.2677625" lon="73.9735709">
      </trkpt>
      <trkpt lat="15.2677366" lon="73.9740783">
      </trkpt>
      <trkpt lat="15.2677408" lon="73.9743782">
      </trkpt>
      <trkpt lat="15.2677609" lon="73.9755858">
      </trkpt>
      <trkpt lat="15.2677703" lon="73.9759355">
      </trkpt>
      <trkpt lat="15.2677863" lon="73.9765249">
      </trkpt>
      <trkpt lat="15.267789" lon="73.9766261">
      </trkpt>
      <trkpt lat="15.2677982" lon="73.9771752">
      </trkpt>
      <trkpt lat="15.2677937" lon="73.9775792">
      </trkpt>
      <trkpt lat="15.2677645" lon="73.9781156">
      </trkpt>
      <trkpt lat="15.2677301" lon="73.9787056">
      </trkpt>
      <trkpt lat="15.267681" lon="73.9794142">
      </trkpt>
      <trkpt lat="15.2676282" lon="73.9800951">
      </trkpt>
      <trkpt lat="15.2675122" lon="73.9815504">
      </trkpt>
      <trkpt lat="15.267266" lon="73.9854182">
      </trkpt>
      <trkpt lat="15.2671236" lon="73.9879057">
      </trkpt>
      <trkpt lat="15.2670227" lon="73.9897978">
      </trkpt>
      <trkpt lat="15.266901" lon="73.9916392">
      </trkpt>
      <trkpt lat="15.2667025" lon="73.994895">
      </trkpt>
      <trkpt lat="15.2662756" lon="74.0021642">
      </trkpt>
      <trkpt lat="15.2660404" lon="74.0056813">
      </trkpt>
      <trkpt lat="15.2652403" lon="74.0190806">
      </trkpt>
      <trkpt lat="15.2652432" lon="74.0203496">
      </trkpt>
      <trkpt lat="15.2653015" lon="74.0213571">
      </trkpt>
      <trkpt lat="15.2653582" lon="74.0224076">
      </trkpt>
      <trkpt lat="15.2654912" lon="74.0234879">
      </trkpt>
      <trkpt lat="15.2659565" lon="74.0267372">
      </trkpt>
      <trkpt lat="15.2660451" lon="74.0274727">
      </trkpt>
      <trkpt lat="15.2661081" lon="74.0283682">
      </trkpt>
      <trkpt lat="15.2661104" lon="74.0290296">
      </trkpt>
      <trkpt lat="15.2661003" lon="74.0296528">
      </trkpt>
      <trkpt lat="15.2660556" lon="74.0306056">
      </trkpt>
      <trkpt lat="15.2659661" lon="74.0317713">
      </trkpt>
      <trkpt lat="15.26548" lon="74.0369745">
      </trkpt>
      <trkpt lat="15.264957" lon="74.0426116">
      </trkpt>
      <trkpt lat="15.2648944" lon="74.0436133">
      </trkpt>
      <trkpt lat="15.264841" lon="74.0445356">
      </trkpt>
      <trkpt lat="15.2648293" lon="74.0450651">
      </trkpt>
      <trkpt lat="15.2648967" lon="74.0479073">
      </trkpt>
      <trkpt lat="15.2649101" lon="74.0516015">
      </trkpt>
      <trkpt lat="15.2649325" lon="74.0529184">
      </trkpt>
      <trkpt lat="15.2650204" lon="74.0578484">
      </trkpt>
      <trkpt lat="15.2650741" lon="74.0621627">
      </trkpt>
      <trkpt lat="15.2650868" lon="74.0631891">
      </trkpt>
      <trkpt lat="15.2651546" lon="74.0678065">
      </trkpt>
      <trkpt lat="15.265415" lon="74.0851394">
      </trkpt>
      <trkpt lat="15.2654882" lon="74.0902385">
      </trkpt>
      <trkpt lat="15.2654771" lon="74.0909436">
      </trkpt>
      <trkpt lat="15.2654716" lon="74.0913715">
      </trkpt>
      <trkpt lat="15.26544" lon="74.091822">
      </trkpt>
      <trkpt lat="15.2653637" lon="74.0923575">
      </trkpt>
      <trkpt lat="15.265283" lon="74.0927726">
      </trkpt>
      <trkpt lat="15.2651762" lon="74.0932238">
      </trkpt>
      <trkpt lat="15.26498" lon="74.0939458">
      </trkpt>
      <trkpt lat="15.2641006" lon="74.0971596">
      </trkpt>
      <trkpt lat="15.2640432" lon="74.0974786">
      </trkpt>
      <trkpt lat="15.2639946" lon="74.0977977">
      </trkpt>
      <trkpt lat="15.2639608" lon="74.0982118">
      </trkpt>
      <trkpt lat="15.2639312" lon="74.0987179">
      </trkpt>
      <trkpt lat="15.2639204" lon="74.098999">
      </trkpt>
      <trkpt lat="15.2638335" lon="74.1008131">
      </trkpt>
      <trkpt lat="15.2638253" lon="74.1014897">
      </trkpt>
      <trkpt lat="15.2638302" lon="74.1017081">
      </trkpt>
      <trkpt lat="15.2638442" lon="74.1020417">
      </trkpt>
      <trkpt lat="15.2638759" lon="74.1026887">
      </trkpt>
      <trkpt lat="15.2639026" lon="74.1031682">
      </trkpt>
      <trkpt lat="15.264414" lon="74.1105253">
      </trkpt>
      <trkpt lat="15.2645349" lon="74.1122593">
      </trkpt>
      <trkpt lat="15.2646101" lon="74.1133262">
      </trkpt>
      <trkpt lat="15.2646535" lon="74.1139876">
      </trkpt>
      <trkpt lat="15.2647126" lon="74.1143871">
      </trkpt>
      <trkpt lat="15.264849" lon="74.1148841">
      </trkpt>
      <trkpt lat="15.2650353" lon="74.1153083">
      </trkpt>
      <trkpt lat="15.2653192" lon="74.1157509">
      </trkpt>
      <trkpt lat="15.2655902" lon="74.1160486">
      </trkpt>
      <trkpt lat="15.2658934" lon="74.1163306">
      </trkpt>
      <trkpt lat="15.2661368" lon="74.1164986">
      </trkpt>
      <trkpt lat="15.2664321" lon="74.1166664">
      </trkpt>
      <trkpt lat="15.2677816" lon="74.117341">
      </trkpt>
      <trkpt lat="15.268068" lon="74.1174929">
      </trkpt>
      <trkpt lat="15.2683494" lon="74.11769">
      </trkpt>
      <trkpt lat="15.2685467" lon="74.1178706">
      </trkpt>
      <trkpt lat="15.2687433" lon="74.1180879">
      </trkpt>
      <trkpt lat="15.2693138" lon="74.1187452">
      </trkpt>
      <trkpt lat="15.2695583" lon="74.1189809">
      </trkpt>
      <trkpt lat="15.2697629" lon="74.1191574">
      </trkpt>
      <trkpt lat="15.2700267" lon="74.1193539">
      </trkpt>
      <trkpt lat="15.2703816" lon="74.1195941">
      </trkpt>
      <trkpt lat="15.2712472" lon="74.1200988">
      </trkpt>
      <trkpt lat="15.2715844" lon="74.1202712">
      </trkpt>
      <trkpt lat="15.2719243" lon="74.1204111">
      </trkpt>
      <trkpt lat="15.2724413" lon="74.120581">
      </trkpt>
      <trkpt lat="15.2727261" lon="74.1206517">
      </trkpt>
      <trkpt lat="15.2730489" lon="74.1207191">
      </trkpt>
      <trkpt lat="15.2736759" lon="74.1207708">
      </trkpt>
      <trkpt lat="15.2740591" lon="74.1207942">
      </trkpt>
      <trkpt lat="15.2745254" lon="74.1208625">
      </trkpt>
      <trkpt lat="15.275044" lon="74.1209884">
      </trkpt>
      <trkpt lat="15.2755977" lon="74.1212489">
      </trkpt>
      <trkpt lat="15.2759495" lon="74.1214986">
      </trkpt>
      <trkpt lat="15.2762925" lon="74.1218001">
      </trkpt>
      <trkpt lat="15.2765423" lon="74.1221124">
      </trkpt>
      <trkpt lat="15.276804" lon="74.122474">
      </trkpt>
      <trkpt lat="15.2770375" lon="74.1229718">
      </trkpt>
      <trkpt lat="15.2771811" lon="74.123484">
      </trkpt>
      <trkpt lat="15.2772211" lon="74.1238782">
      </trkpt>
      <trkpt lat="15.2772443" lon="74.1243716">
      </trkpt>
      <trkpt lat="15.2771986" lon="74.1247574">
      </trkpt>
      <trkpt lat="15.2771115" lon="74.1251485">
      </trkpt>
      <trkpt lat="15.2769486" lon="74.1255676">
      </trkpt>
      <trkpt lat="15.2767391" lon="74.1259867">
      </trkpt>
      <trkpt lat="15.2764662" lon="74.1263732">
      </trkpt>
      <trkpt lat="15.2761777" lon="74.12669">
      </trkpt>
      <trkpt lat="15.2759574" lon="74.1269956">
      </trkpt>
      <trkpt lat="15.275675" lon="74.1273496">
      </trkpt>
      <trkpt lat="15.2754414" lon="74.1277571">
      </trkpt>
      <trkpt lat="15.2752788" lon="74.1281467">
      </trkpt>
      <trkpt lat="15.2751226" lon="74.1286151">
      </trkpt>
      <trkpt lat="15.2750387" lon="74.1290727">
      </trkpt>
      <trkpt lat="15.2750451" lon="74.129573">
      </trkpt>
      <trkpt lat="15.2750896" lon="74.1300323">
      </trkpt>
      <trkpt lat="15.2752274" lon="74.130556">
      </trkpt>
      <trkpt lat="15.275421" lon="74.1309709">
      </trkpt>
      <trkpt lat="15.2755902" lon="74.1312641">
      </trkpt>
      <trkpt lat="15.2758112" lon="74.1315466">
      </trkpt>
      <trkpt lat="15.2760851" lon="74.1318247">
      </trkpt>
      <trkpt lat="15.2763899" lon="74.132092">
      </trkpt>
      <trkpt lat="15.2767206" lon="74.1322945">
      </trkpt>
      <trkpt lat="15.2771236" lon="74.1324862">
      </trkpt>
      <trkpt lat="15.2775261" lon="74.1326229">
      </trkpt>
      <trkpt lat="15.2779482" lon="74.1327032">
      </trkpt>
      <trkpt lat="15.2783576" lon="74.1327135">
      </trkpt>
      <trkpt lat="15.2793872" lon="74.1327642">
      </trkpt>
      <trkpt lat="15.2801269" lon="74.1328149">
      </trkpt>
      <trkpt lat="15.2804858" lon="74.1328824">
      </trkpt>
      <trkpt lat="15.2809222" lon="74.1330143">
      </trkpt>
      <trkpt lat="15.2813501" lon="74.1332136">
      </trkpt>
      <trkpt lat="15.2817504" lon="74.1334515">
      </trkpt>
      <trkpt lat="15.2821234" lon="74.1338235">
      </trkpt>
      <trkpt lat="15.2823462" lon="74.1341259">
      </trkpt>
      <trkpt lat="15.2826057" lon="74.1345052">
      </trkpt>
      <trkpt lat="15.2827313" lon="74.1347919">
      </trkpt>
      <trkpt lat="15.2828978" lon="74.1352377">
      </trkpt>
      <trkpt lat="15.2830062" lon="74.135674">
      </trkpt>
      <trkpt lat="15.2830422" lon="74.1361263">
      </trkpt>
      <trkpt lat="15.2830416" lon="74.136575">
      </trkpt>
      <trkpt lat="15.2829784" lon="74.1370218">
      </trkpt>
      <trkpt lat="15.2828377" lon="74.1374497">
      </trkpt>
      <trkpt lat="15.2826193" lon="74.137942">
      </trkpt>
      <trkpt lat="15.2823481" lon="74.1383578">
      </trkpt>
      <trkpt lat="15.2820017" lon="74.1387383">
      </trkpt>
      <trkpt lat="15.2815673" lon="74.1390919">
      </trkpt>
      <trkpt lat="15.2809004" lon="74.1396222">
      </trkpt>
      <trkpt lat="15.2805118" lon="74.1399676">
      </trkpt>
      <trkpt lat="15.2802215" lon="74.140329">
      </trkpt>
      <trkpt lat="15.2799927" lon="74.1406979">
      </trkpt>
      <trkpt lat="15.279828" lon="74.1410687">
      </trkpt>
      <trkpt lat="15.2796995" lon="74.1414502">
      </trkpt>
      <trkpt lat="15.2796081" lon="74.1419343">
      </trkpt>
      <trkpt lat="15.2795909" lon="74.1424305">
      </trkpt>
      <trkpt lat="15.2796233" lon="74.1427985">
      </trkpt>
      <trkpt lat="15.2797281" lon="74.1433275">
      </trkpt>
      <trkpt lat="15.2798447" lon="74.1439134">
      </trkpt>
      <trkpt lat="15.2800688" lon="74.1449686">
      </trkpt>
      <trkpt lat="15.2802412" lon="74.1455677">
      </trkpt>
      <trkpt lat="15.2805031" lon="74.1462939">
      </trkpt>
      <trkpt lat="15.2808615" lon="74.1473064">
      </trkpt>
      <trkpt lat="15.2811124" lon="74.1480762">
      </trkpt>
      <trkpt lat="15.2821008" lon="74.151479">
      </trkpt>
      <trkpt lat="15.2823802" lon="74.152416">
      </trkpt>
      <trkpt lat="15.2825279" lon="74.1528886">
      </trkpt>
      <trkpt lat="15.2826962" lon="74.1533718">
      </trkpt>
      <trkpt lat="15.2829708" lon="74.1541023">
      </trkpt>
      <trkpt lat="15.2845449" lon="74.1574153">
      </trkpt>
      <trkpt lat="15.2846659" lon="74.157805">
      </trkpt>
      <trkpt lat="15.2847903" lon="74.1582919">
      </trkpt>
      <trkpt lat="15.2848666" lon="74.1587356">
      </trkpt>
      <trkpt lat="15.2849028" lon="74.1591962">
      </trkpt>
      <trkpt lat="15.2849821" lon="74.1607317">
      </trkpt>
      <trkpt lat="15.2850477" lon="74.1622679">
      </trkpt>
      <trkpt lat="15.2850749" lon="74.163724">
      </trkpt>
      <trkpt lat="15.2850726" lon="74.1641991">
      </trkpt>
      <trkpt lat="15.2850481" lon="74.1648772">
      </trkpt>
      <trkpt lat="15.2850652" lon="74.1654934">
      </trkpt>
      <trkpt lat="15.2851366" lon="74.1659827">
      </trkpt>
      <trkpt lat="15.2852776" lon="74.1664855">
      </trkpt>
      <trkpt lat="15.2855336" lon="74.1670851">
      </trkpt>
      <trkpt lat="15.2863414" lon="74.1686633">
      </trkpt>
      <trkpt lat="15.2878177" lon="74.1715399">
      </trkpt>
      <trkpt lat="15.2880064" lon="74.1720798">
      </trkpt>
      <trkpt lat="15.2881627" lon="74.1727143">
      </trkpt>
      <trkpt lat="15.2882659" lon="74.1733263">
      </trkpt>
      <trkpt lat="15.2885318" lon="74.1767476">
      </trkpt>
      <trkpt lat="15.2886031" lon="74.177932">
      </trkpt>
      <trkpt lat="15.2886369" lon="74.1782909">
      </trkpt>
      <trkpt lat="15.2886968" lon="74.1786667">
      </trkpt>
      <trkpt lat="15.2887734" lon="74.1790016">
      </trkpt>
      <trkpt lat="15.2888555" lon="74.179289">
      </trkpt>
      <trkpt lat="15.2889986" lon="74.1797161">
      </trkpt>
      <trkpt lat="15.2891473" lon="74.1800995">
      </trkpt>
      <trkpt lat="15.2892752" lon="74.1803534">
      </trkpt>
      <trkpt lat="15.2894599" lon="74.1806965">
      </trkpt>
      <trkpt lat="15.289661" lon="74.1810244">
      </trkpt>
      <trkpt lat="15.2908798" lon="74.182916">
      </trkpt>
      <trkpt lat="15.2909839" lon="74.1830775">
      </trkpt>
      <trkpt lat="15.291906" lon="74.1845086">
      </trkpt>
      <trkpt lat="15.2925078" lon="74.1854654">
      </trkpt>
      <trkpt lat="15.2927313" lon="74.1858206">
      </trkpt>
      <trkpt lat="15.2928553" lon="74.186031">
      </trkpt>
      <trkpt lat="15.2929464" lon="74.1862111">
      </trkpt>
      <trkpt lat="15.2930257" lon="74.1863808">
      </trkpt>
      <trkpt lat="15.2931049" lon="74.1865675">
      </trkpt>
      <trkpt lat="15.2931883" lon="74.1867778">
      </trkpt>
      <trkpt lat="15.293312" lon="74.1871892">
      </trkpt>
      <trkpt lat="15.2949899" lon="74.1926131">
      </trkpt>
      <trkpt lat="15.2967502" lon="74.1982267">
      </trkpt>
      <trkpt lat="15.2968863" lon="74.1987132">
      </trkpt>
      <trkpt lat="15.2969859" lon="74.1991618">
      </trkpt>
      <trkpt lat="15.2970424" lon="74.199657">
      </trkpt>
      <trkpt lat="15.2970456" lon="74.2000554">
      </trkpt>
      <trkpt lat="15.2970379" lon="74.2006769">
      </trkpt>
      <trkpt lat="15.2969936" lon="74.2013363">
      </trkpt>
      <trkpt lat="15.2969124" lon="74.2025034">
      </trkpt>
      <trkpt lat="15.2968438" lon="74.20332">
      </trkpt>
      <trkpt lat="15.2968519" lon="74.2037079">
      </trkpt>
      <trkpt lat="15.2968756" lon="74.2040566">
      </trkpt>
      <trkpt lat="15.2969468" lon="74.204523">
      </trkpt>
      <trkpt lat="15.2970601" lon="74.2049701">
      </trkpt>
      <trkpt lat="15.2971988" lon="74.2054245">
      </trkpt>
      <trkpt lat="15.2973636" lon="74.2058493">
      </trkpt>
      <trkpt lat="15.2975393" lon="74.2061984">
      </trkpt>
      <trkpt lat="15.2978249" lon="74.2066461">
      </trkpt>
      <trkpt lat="15.2980594" lon="74.2069952">
      </trkpt>
      <trkpt lat="15.3007712" lon="74.210529">
      </trkpt>
      <trkpt lat="15.3034024" lon="74.2141007">
      </trkpt>
      <trkpt lat="15.3048921" lon="74.2160331">
      </trkpt>
      <trkpt lat="15.3052683" lon="74.2164118">
      </trkpt>
      <trkpt lat="15.3056556" lon="74.2167147">
      </trkpt>
      <trkpt lat="15.3063458" lon="74.2171535">
      </trkpt>
      <trkpt lat="15.3068337" lon="74.2173636">
      </trkpt>
      <trkpt lat="15.3072301" lon="74.2174935">
      </trkpt>
      <trkpt lat="15.3075679" lon="74.2175931">
      </trkpt>
      <trkpt lat="15.3080752" lon="74.2177012">
      </trkpt>
      <trkpt lat="15.3084194" lon="74.217762">
      </trkpt>
      <trkpt lat="15.3087954" lon="74.2177863">
      </trkpt>
      <trkpt lat="15.3106308" lon="74.2177507">
      </trkpt>
      <trkpt lat="15.3110287" lon="74.2178213">
      </trkpt>
      <trkpt lat="15.3113828" lon="74.2179147">
      </trkpt>
      <trkpt lat="15.311769" lon="74.2180635">
      </trkpt>
      <trkpt lat="15.3121181" lon="74.2182374">
      </trkpt>
      <trkpt lat="15.3123819" lon="74.2183891">
      </trkpt>
      <trkpt lat="15.3126312" lon="74.218604">
      </trkpt>
      <trkpt lat="15.3129354" lon="74.2189175">
      </trkpt>
      <trkpt lat="15.3179658" lon="74.224468">
      </trkpt>
      <trkpt lat="15.318442" lon="74.2250214">
      </trkpt>
      <trkpt lat="15.3187818" lon="74.2255071">
      </trkpt>
      <trkpt lat="15.3190285" lon="74.2259131">
      </trkpt>
      <trkpt lat="15.319246" lon="74.2263342">
      </trkpt>
      <trkpt lat="15.319417" lon="74.2267745">
      </trkpt>
      <trkpt lat="15.3214639" lon="74.2323416">
      </trkpt>
      <trkpt lat="15.3217993" lon="74.2332405">
      </trkpt>
      <trkpt lat="15.3220213" lon="74.2336918">
      </trkpt>
      <trkpt lat="15.3221975" lon="74.2339989">
      </trkpt>
      <trkpt lat="15.322414" lon="74.2343173">
      </trkpt>
      <trkpt lat="15.3226542" lon="74.2346463">
      </trkpt>
      <trkpt lat="15.3229456" lon="74.2349678">
      </trkpt>
      <trkpt lat="15.3233601" lon="74.2353679">
      </trkpt>
      <trkpt lat="15.325212" lon="74.2371669">
      </trkpt>
      <trkpt lat="15.3270563" lon="74.2389254">
      </trkpt>
      <trkpt lat="15.3272479" lon="74.2391152">
      </trkpt>
      <trkpt lat="15.3273957" lon="74.2392689">
      </trkpt>
      <trkpt lat="15.3276983" lon="74.2395834">
      </trkpt>
      <trkpt lat="15.3279316" lon="74.2398084">
      </trkpt>
      <trkpt lat="15.3280544" lon="74.2399286">
      </trkpt>
      <trkpt lat="15.3283758" lon="74.240234">
      </trkpt>
      <trkpt lat="15.3285303" lon="74.2403873">
      </trkpt>
      <trkpt lat="15.3287835" lon="74.240626">
      </trkpt>
      <trkpt lat="15.329066" lon="74.240868">
      </trkpt>
      <trkpt lat="15.3296009" lon="74.241256">
      </trkpt>
      <trkpt lat="15.3303071" lon="74.2417368">
      </trkpt>
      <trkpt lat="15.3307371" lon="74.2420363">
      </trkpt>
      <trkpt lat="15.3311288" lon="74.2423032">
      </trkpt>
      <trkpt lat="15.3314565" lon="74.242517">
      </trkpt>
      <trkpt lat="15.3320349" lon="74.2428954">
      </trkpt>
      <trkpt lat="15.3343356" lon="74.2444583">
      </trkpt>
      <trkpt lat="15.3350869" lon="74.2449624">
      </trkpt>
      <trkpt lat="15.3355493" lon="74.2452711">
      </trkpt>
      <trkpt lat="15.336452" lon="74.245881">
      </trkpt>
      <trkpt lat="15.3366612" lon="74.2460265">
      </trkpt>
      <trkpt lat="15.3367977" lon="74.2461312">
      </trkpt>
      <trkpt lat="15.3369086" lon="74.2462263">
      </trkpt>
      <trkpt lat="15.3370386" lon="74.2463413">
      </trkpt>
      <trkpt lat="15.3371242" lon="74.2464373">
      </trkpt>
      <trkpt lat="15.3372207" lon="74.2465466">
      </trkpt>
      <trkpt lat="15.3373076" lon="74.2466778">
      </trkpt>
      <trkpt lat="15.3374305" lon="74.2468561">
      </trkpt>
      <trkpt lat="15.3375368" lon="74.2470249">
      </trkpt>
      <trkpt lat="15.3376275" lon="74.2471882">
      </trkpt>
      <trkpt lat="15.3377181" lon="74.2473781">
      </trkpt>
      <trkpt lat="15.3378191" lon="74.2476351">
      </trkpt>
      <trkpt lat="15.3378799" lon="74.2478466">
      </trkpt>
      <trkpt lat="15.3379254" lon="74.2480366">
      </trkpt>
      <trkpt lat="15.3379634" lon="74.24823">
      </trkpt>
      <trkpt lat="15.3379794" lon="74.2484728">
      </trkpt>
      <trkpt lat="15.3379968" lon="74.2487663">
      </trkpt>
      <trkpt lat="15.3380067" lon="74.2499353">
      </trkpt>
      <trkpt lat="15.3380421" lon="74.250943">
      </trkpt>
      <trkpt lat="15.3380437" lon="74.2512016">
      </trkpt>
      <trkpt lat="15.3380501" lon="74.25181">
      </trkpt>
      <trkpt lat="15.3380497" lon="74.2519149">
      </trkpt>
      <trkpt lat="15.3380436" lon="74.2522614">
      </trkpt>
      <trkpt lat="15.338022" lon="74.2524952">
      </trkpt>
      <trkpt lat="15.3379805" lon="74.2527349">
      </trkpt>
      <trkpt lat="15.337921" lon="74.2529934">
      </trkpt>
      <trkpt lat="15.3378342" lon="74.2532216">
      </trkpt>
      <trkpt lat="15.3377422" lon="74.2534579">
      </trkpt>
      <trkpt lat="15.337608" lon="74.2537217">
      </trkpt>
      <trkpt lat="15.3374116" lon="74.2540364">
      </trkpt>
      <trkpt lat="15.3371421" lon="74.2543383">
      </trkpt>
      <trkpt lat="15.3369267" lon="74.2545367">
      </trkpt>
      <trkpt lat="15.336688" lon="74.2547405">
      </trkpt>
      <trkpt lat="15.336067" lon="74.255139">
      </trkpt>
      <trkpt lat="15.3353947" lon="74.2555704">
      </trkpt>
      <trkpt lat="15.335148" lon="74.2557822">
      </trkpt>
      <trkpt lat="15.3349323" lon="74.2559832">
      </trkpt>
      <trkpt lat="15.3347077" lon="74.2562217">
      </trkpt>
      <trkpt lat="15.3344935" lon="74.256471">
      </trkpt>
      <trkpt lat="15.3342775" lon="74.2567956">
      </trkpt>
      <trkpt lat="15.3340874" lon="74.2571363">
      </trkpt>
      <trkpt lat="15.3338415" lon="74.2576353">
      </trkpt>
      <trkpt lat="15.333381" lon="74.2587512">
      </trkpt>
      <trkpt lat="15.3332482" lon="74.2590346">
      </trkpt>
      <trkpt lat="15.3330946" lon="74.2593072">
      </trkpt>
      <trkpt lat="15.3329634" lon="74.2594949">
      </trkpt>
      <trkpt lat="15.3328859" lon="74.2596057">
      </trkpt>
      <trkpt lat="15.3323493" lon="74.2603047">
      </trkpt>
      <trkpt lat="15.331823" lon="74.2609608">
      </trkpt>
      <trkpt lat="15.3316173" lon="74.2612287">
      </trkpt>
      <trkpt lat="15.3314561" lon="74.2614906">
      </trkpt>
      <trkpt lat="15.3312742" lon="74.2618223">
      </trkpt>
      <trkpt lat="15.3311482" lon="74.2620975">
      </trkpt>
      <trkpt lat="15.3310274" lon="74.2624452">
      </trkpt>
      <trkpt lat="15.330929" lon="74.2627904">
      </trkpt>
      <trkpt lat="15.3308721" lon="74.2631141">
      </trkpt>
      <trkpt lat="15.3308394" lon="74.2633467">
      </trkpt>
      <trkpt lat="15.3308274" lon="74.2635954">
      </trkpt>
      <trkpt lat="15.3308188" lon="74.2639318">
      </trkpt>
      <trkpt lat="15.3308204" lon="74.2641956">
      </trkpt>
      <trkpt lat="15.3308583" lon="74.2644835">
      </trkpt>
      <trkpt lat="15.3308905" lon="74.2646541">
      </trkpt>
      <trkpt lat="15.3309184" lon="74.2648018">
      </trkpt>
      <trkpt lat="15.3309902" lon="74.2651143">
      </trkpt>
      <trkpt lat="15.3310983" lon="74.265451">
      </trkpt>
      <trkpt lat="15.3317247" lon="74.267224">
      </trkpt>
      <trkpt lat="15.3323545" lon="74.2689253">
      </trkpt>
      <trkpt lat="15.33279" lon="74.2700816">
      </trkpt>
      <trkpt lat="15.332909" lon="74.2704728">
      </trkpt>
      <trkpt lat="15.332945" lon="74.2707364">
      </trkpt>
      <trkpt lat="15.3329581" lon="74.2708322">
      </trkpt>
      <trkpt lat="15.3329621" lon="74.2713012">
      </trkpt>
      <trkpt lat="15.3328994" lon="74.2724424">
      </trkpt>
      <trkpt lat="15.332813" lon="74.2739918">
      </trkpt>
      <trkpt lat="15.3327726" lon="74.2747489">
      </trkpt>
      <trkpt lat="15.3327245" lon="74.2752484">
      </trkpt>
      <trkpt lat="15.3326571" lon="74.2755117">
      </trkpt>
      <trkpt lat="15.3325948" lon="74.2757482">
      </trkpt>
      <trkpt lat="15.3324949" lon="74.2759949">
      </trkpt>
      <trkpt lat="15.3324197" lon="74.2761592">
      </trkpt>
      <trkpt lat="15.3323795" lon="74.276247">
      </trkpt>
      <trkpt lat="15.3320945" lon="74.2766613">
      </trkpt>
      <trkpt lat="15.3317732" lon="74.277097">
      </trkpt>
      <trkpt lat="15.3300516" lon="74.2794362">
      </trkpt>
      <trkpt lat="15.3297216" lon="74.2798846">
      </trkpt>
      <trkpt lat="15.3294222" lon="74.2802368">
      </trkpt>
      <trkpt lat="15.3291863" lon="74.2804645">
      </trkpt>
      <trkpt lat="15.3289763" lon="74.280652">
      </trkpt>
      <trkpt lat="15.3287738" lon="74.2808193">
      </trkpt>
      <trkpt lat="15.3285507" lon="74.280984">
      </trkpt>
      <trkpt lat="15.3281691" lon="74.2812355">
      </trkpt>
      <trkpt lat="15.3277205" lon="74.2814685">
      </trkpt>
      <trkpt lat="15.3274497" lon="74.2815983">
      </trkpt>
      <trkpt lat="15.3271892" lon="74.2816853">
      </trkpt>
      <trkpt lat="15.3268536" lon="74.281786">
      </trkpt>
      <trkpt lat="15.3260431" lon="74.2820182">
      </trkpt>
      <trkpt lat="15.3255446" lon="74.282161">
      </trkpt>
      <trkpt lat="15.3251249" lon="74.2822869">
      </trkpt>
      <trkpt lat="15.3247854" lon="74.2824129">
      </trkpt>
      <trkpt lat="15.3245726" lon="74.2825223">
      </trkpt>
      <trkpt lat="15.3243701" lon="74.2826317">
      </trkpt>
      <trkpt lat="15.3241413" lon="74.2827599">
      </trkpt>
      <trkpt lat="15.3239651" lon="74.2828586">
      </trkpt>
      <trkpt lat="15.3233491" lon="74.2832943">
      </trkpt>
      <trkpt lat="15.3223536" lon="74.2839396">
      </trkpt>
      <trkpt lat="15.3221414" lon="74.2840771">
      </trkpt>
      <trkpt lat="15.3219292" lon="74.284177">
      </trkpt>
      <trkpt lat="15.3217342" lon="74.2842594">
      </trkpt>
      <trkpt lat="15.3215772" lon="74.2843258">
      </trkpt>
      <trkpt lat="15.3204054" lon="74.2847652">
      </trkpt>
      <trkpt lat="15.3201597" lon="74.2848955">
      </trkpt>
      <trkpt lat="15.3198984" lon="74.2850473">
      </trkpt>
      <trkpt lat="15.3195802" lon="74.2852517">
      </trkpt>
      <trkpt lat="15.3192484" lon="74.2855061">
      </trkpt>
      <trkpt lat="15.3190178" lon="74.2857057">
      </trkpt>
      <trkpt lat="15.3188027" lon="74.2859053">
      </trkpt>
      <trkpt lat="15.3181687" lon="74.2866021">
      </trkpt>
      <trkpt lat="15.3172191" lon="74.2877333">
      </trkpt>
      <trkpt lat="15.3169813" lon="74.2880024">
      </trkpt>
      <trkpt lat="15.3168014" lon="74.288173">
      </trkpt>
      <trkpt lat="15.3166546" lon="74.2882931">
      </trkpt>
      <trkpt lat="15.316487" lon="74.2884133">
      </trkpt>
      <trkpt lat="15.3162153" lon="74.2885705">
      </trkpt>
      <trkpt lat="15.3160433" lon="74.2886571">
      </trkpt>
      <trkpt lat="15.3158764" lon="74.2887276">
      </trkpt>
      <trkpt lat="15.3157017" lon="74.2887902">
      </trkpt>
      <trkpt lat="15.3154624" lon="74.2888501">
      </trkpt>
      <trkpt lat="15.3153692" lon="74.2888568">
      </trkpt>
      <trkpt lat="15.3152166" lon="74.2888679">
      </trkpt>
      <trkpt lat="15.3150271" lon="74.288883">
      </trkpt>
      <trkpt lat="15.3148221" lon="74.2888793">
      </trkpt>
      <trkpt lat="15.3145855" lon="74.2888586">
      </trkpt>
      <trkpt lat="15.3141249" lon="74.2887823">
      </trkpt>
      <trkpt lat="15.313685" lon="74.2886953">
      </trkpt>
      <trkpt lat="15.313495" lon="74.2886807">
      </trkpt>
      <trkpt lat="15.3133076" lon="74.2886742">
      </trkpt>
      <trkpt lat="15.3131087" lon="74.288704">
      </trkpt>
      <trkpt lat="15.3129022" lon="74.2887535">
      </trkpt>
      <trkpt lat="15.3126956" lon="74.2888111">
      </trkpt>
      <trkpt lat="15.3123964" lon="74.2889317">
      </trkpt>
      <trkpt lat="15.3121828" lon="74.2890331">
      </trkpt>
      <trkpt lat="15.3114684" lon="74.2893723">
      </trkpt>
      <trkpt lat="15.3113001" lon="74.2894649">
      </trkpt>
      <trkpt lat="15.3111654" lon="74.2895496">
      </trkpt>
      <trkpt lat="15.3109894" lon="74.289669">
      </trkpt>
      <trkpt lat="15.3108289" lon="74.2898099">
      </trkpt>
      <trkpt lat="15.3106748" lon="74.2899578">
      </trkpt>
      <trkpt lat="15.3105594" lon="74.2900869">
      </trkpt>
      <trkpt lat="15.3104373" lon="74.290255">
      </trkpt>
      <trkpt lat="15.310354" lon="74.290399">
      </trkpt>
      <trkpt lat="15.3102476" lon="74.2906625">
      </trkpt>
      <trkpt lat="15.3101723" lon="74.2909206">
      </trkpt>
      <trkpt lat="15.3101378" lon="74.2911897">
      </trkpt>
      <trkpt lat="15.3101292" lon="74.2913623">
      </trkpt>
      <trkpt lat="15.310118" lon="74.291602">
      </trkpt>
      <trkpt lat="15.3101871" lon="74.2919258">
      </trkpt>
      <trkpt lat="15.3102254" lon="74.2921054">
      </trkpt>
      <trkpt lat="15.310298" lon="74.2922875">
      </trkpt>
      <trkpt lat="15.3103775" lon="74.2924373">
      </trkpt>
      <trkpt lat="15.3104518" lon="74.2925629">
      </trkpt>
      <trkpt lat="15.3105942" lon="74.292767">
      </trkpt>
      <trkpt lat="15.310707" lon="74.2929242">
      </trkpt>
      <trkpt lat="15.3107914" lon="74.2930465">
      </trkpt>
      <trkpt lat="15.3108934" lon="74.2931977">
      </trkpt>
      <trkpt lat="15.3110134" lon="74.293381">
      </trkpt>
      <trkpt lat="15.3111083" lon="74.2935432">
      </trkpt>
      <trkpt lat="15.3111826" lon="74.2937216">
      </trkpt>
      <trkpt lat="15.3112389" lon="74.2938813">
      </trkpt>
      <trkpt lat="15.3112848" lon="74.2940652">
      </trkpt>
      <trkpt lat="15.3113137" lon="74.2942334">
      </trkpt>
      <trkpt lat="15.3113375" lon="74.2944284">
      </trkpt>
      <trkpt lat="15.3113409" lon="74.2946016">
      </trkpt>
      <trkpt lat="15.3113261" lon="74.2948149">
      </trkpt>
      <trkpt lat="15.3112825" lon="74.2949993">
      </trkpt>
      <trkpt lat="15.3112209" lon="74.2951892">
      </trkpt>
      <trkpt lat="15.3111416" lon="74.2953825">
      </trkpt>
      <trkpt lat="15.3110365" lon="74.2956107">
      </trkpt>
      <trkpt lat="15.3108492" lon="74.2959176">
      </trkpt>
      <trkpt lat="15.3105763" lon="74.2961901">
      </trkpt>
      <trkpt lat="15.3103275" lon="74.2964194">
      </trkpt>
      <trkpt lat="15.310072" lon="74.2966709">
      </trkpt>
      <trkpt lat="15.3099356" lon="74.2968433">
      </trkpt>
      <trkpt lat="15.3098095" lon="74.2970157">
      </trkpt>
      <trkpt lat="15.3097186" lon="74.2971713">
      </trkpt>
      <trkpt lat="15.3096381" lon="74.2973483">
      </trkpt>
      <trkpt lat="15.3095704" lon="74.297517">
      </trkpt>
      <trkpt lat="15.3095182" lon="74.2977018">
      </trkpt>
      <trkpt lat="15.3094857" lon="74.2979084">
      </trkpt>
      <trkpt lat="15.309474" lon="74.2981311">
      </trkpt>
      <trkpt lat="15.3094711" lon="74.2985283">
      </trkpt>
      <trkpt lat="15.3094967" lon="74.3011676">
      </trkpt>
      <trkpt lat="15.3095001" lon="74.3014285">
      </trkpt>
      <trkpt lat="15.3094836" lon="74.3018469">
      </trkpt>
      <trkpt lat="15.3094562" lon="74.3020273">
      </trkpt>
      <trkpt lat="15.3094132" lon="74.3022238">
      </trkpt>
      <trkpt lat="15.3093716" lon="74.3023586">
      </trkpt>
      <trkpt lat="15.3093299" lon="74.3024827">
      </trkpt>
      <trkpt lat="15.3092404" lon="74.3026849">
      </trkpt>
      <trkpt lat="15.3091217" lon="74.3028948">
      </trkpt>
      <trkpt lat="15.3089953" lon="74.3030751">
      </trkpt>
      <trkpt lat="15.3087799" lon="74.303333">
      </trkpt>
      <trkpt lat="15.3085148" lon="74.3035482">
      </trkpt>
      <trkpt lat="15.308157" lon="74.3037464">
      </trkpt>
      <trkpt lat="15.3077466" lon="74.3039216">
      </trkpt>
      <trkpt lat="15.3074518" lon="74.3039798">
      </trkpt>
      <trkpt lat="15.3071879" lon="74.3039952">
      </trkpt>
      <trkpt lat="15.3068771" lon="74.303981">
      </trkpt>
      <trkpt lat="15.3065945" lon="74.3039306">
      </trkpt>
      <trkpt lat="15.306318" lon="74.3038469">
      </trkpt>
      <trkpt lat="15.3060467" lon="74.3037739">
      </trkpt>
      <trkpt lat="15.3058547" lon="74.303734">
      </trkpt>
      <trkpt lat="15.3056369" lon="74.303694">
      </trkpt>
      <trkpt lat="15.3054174" lon="74.3036755">
      </trkpt>
      <trkpt lat="15.3050948" lon="74.3037104">
      </trkpt>
      <trkpt lat="15.303929" lon="74.3039097">
      </trkpt>
      <trkpt lat="15.3036682" lon="74.3039639">
      </trkpt>
      <trkpt lat="15.3033972" lon="74.3040394">
      </trkpt>
      <trkpt lat="15.3031131" lon="74.3042032">
      </trkpt>
      <trkpt lat="15.3028909" lon="74.3043563">
      </trkpt>
      <trkpt lat="15.302655" lon="74.3045897">
      </trkpt>
      <trkpt lat="15.3025596" lon="74.3047336">
      </trkpt>
      <trkpt lat="15.3024861" lon="74.3048444">
      </trkpt>
      <trkpt lat="15.3023236" lon="74.3051016">
      </trkpt>
      <trkpt lat="15.3021971" lon="74.3054176">
      </trkpt>
      <trkpt lat="15.3021268" lon="74.3056973">
      </trkpt>
      <trkpt lat="15.3020996" lon="74.3058962">
      </trkpt>
      <trkpt lat="15.3020729" lon="74.3060919">
      </trkpt>
      <trkpt lat="15.3020655" lon="74.3064545">
      </trkpt>
      <trkpt lat="15.3021145" lon="74.3068506">
      </trkpt>
      <trkpt lat="15.3022564" lon="74.3071576">
      </trkpt>
      <trkpt lat="15.3024396" lon="74.3074645">
      </trkpt>
      <trkpt lat="15.3026738" lon="74.307726">
      </trkpt>
      <trkpt lat="15.3029802" lon="74.3079661">
      </trkpt>
      <trkpt lat="15.3030927" lon="74.3080179">
      </trkpt>
      <trkpt lat="15.3032755" lon="74.3081021">
      </trkpt>
      <trkpt lat="15.3036069" lon="74.3082328">
      </trkpt>
      <trkpt lat="15.3045469" lon="74.3085164">
      </trkpt>
      <trkpt lat="15.3047758" lon="74.3085855">
      </trkpt>
      <trkpt lat="15.3051776" lon="74.3087965">
      </trkpt>
      <trkpt lat="15.3054454" lon="74.3089714">
      </trkpt>
      <trkpt lat="15.3056566" lon="74.3091517">
      </trkpt>
      <trkpt lat="15.3059167" lon="74.3094564">
      </trkpt>
      <trkpt lat="15.3061046" lon="74.3097825">
      </trkpt>
      <trkpt lat="15.3062486" lon="74.3101225">
      </trkpt>
      <trkpt lat="15.3063129" lon="74.3103699">
      </trkpt>
      <trkpt lat="15.3063772" lon="74.3106601">
      </trkpt>
      <trkpt lat="15.3064097" lon="74.3111189">
      </trkpt>
      <trkpt lat="15.3064182" lon="74.3114899">
      </trkpt>
      <trkpt lat="15.3064782" lon="74.311925">
      </trkpt>
      <trkpt lat="15.3065776" lon="74.3122459">
      </trkpt>
      <trkpt lat="15.3066977" lon="74.3125401">
      </trkpt>
      <trkpt lat="15.3068443" lon="74.3128363">
      </trkpt>
      <trkpt lat="15.3069806" lon="74.3131271">
      </trkpt>
      <trkpt lat="15.3070639" lon="74.3134368">
      </trkpt>
      <trkpt lat="15.307111" lon="74.313784">
      </trkpt>
      <trkpt lat="15.3071324" lon="74.3140617">
      </trkpt>
      <trkpt lat="15.3071537" lon="74.3143395">
      </trkpt>
      <trkpt lat="15.3072495" lon="74.3149345">
      </trkpt>
      <trkpt lat="15.3074545" lon="74.3152752">
      </trkpt>
      <trkpt lat="15.3076131" lon="74.3155649">
      </trkpt>
      <trkpt lat="15.3078" lon="74.3157759">
      </trkpt>
      <trkpt lat="15.3080591" lon="74.3159708">
      </trkpt>
      <trkpt lat="15.3082736" lon="74.3161201">
      </trkpt>
      <trkpt lat="15.3084984" lon="74.316216">
      </trkpt>
      <trkpt lat="15.3087976" lon="74.316315">
      </trkpt>
      <trkpt lat="15.3090915" lon="74.3163819">
      </trkpt>
      <trkpt lat="15.3093204" lon="74.3164121">
      </trkpt>
      <trkpt lat="15.3096266" lon="74.3163836">
      </trkpt>
      <trkpt lat="15.3098761" lon="74.3163394">
      </trkpt>
      <trkpt lat="15.3101049" lon="74.3162524">
      </trkpt>
      <trkpt lat="15.3104115" lon="74.3161147">
      </trkpt>
      <trkpt lat="15.3105666" lon="74.3160227">
      </trkpt>
      <trkpt lat="15.3117746" lon="74.3155932">
      </trkpt>
      <trkpt lat="15.3119834" lon="74.3154778">
      </trkpt>
      <trkpt lat="15.3121639" lon="74.3153218">
      </trkpt>
      <trkpt lat="15.31236" lon="74.3151272">
      </trkpt>
      <trkpt lat="15.3124946" lon="74.3149733">
      </trkpt>
      <trkpt lat="15.3125906" lon="74.3148358">
      </trkpt>
      <trkpt lat="15.312678" lon="74.3146994">
      </trkpt>
      <trkpt lat="15.3127223" lon="74.3146025">
      </trkpt>
      <trkpt lat="15.312814" lon="74.3143865">
      </trkpt>
      <trkpt lat="15.3128721" lon="74.3141877">
      </trkpt>
      <trkpt lat="15.3129132" lon="74.3139946">
      </trkpt>
      <trkpt lat="15.3129215" lon="74.3137596">
      </trkpt>
      <trkpt lat="15.3129324" lon="74.313594">
      </trkpt>
      <trkpt lat="15.312919" lon="74.3133771">
      </trkpt>
      <trkpt lat="15.3128756" lon="74.3131473">
      </trkpt>
      <trkpt lat="15.3128286" lon="74.3129062">
      </trkpt>
      <trkpt lat="15.3127538" lon="74.3126319">
      </trkpt>
      <trkpt lat="15.3126534" lon="74.3123688">
      </trkpt>
      <trkpt lat="15.3125225" lon="74.3121369">
      </trkpt>
      <trkpt lat="15.3122968" lon="74.311784">
      </trkpt>
      <trkpt lat="15.3121504" lon="74.3115271">
      </trkpt>
      <trkpt lat="15.3120333" lon="74.3112325">
      </trkpt>
      <trkpt lat="15.3119583" lon="74.3109765">
      </trkpt>
      <trkpt lat="15.3119234" lon="74.310719">
      </trkpt>
      <trkpt lat="15.3118986" lon="74.3104585">
      </trkpt>
      <trkpt lat="15.3119028" lon="74.3103032">
      </trkpt>
      <trkpt lat="15.3119242" lon="74.3101643">
      </trkpt>
      <trkpt lat="15.3119562" lon="74.3100252">
      </trkpt>
      <trkpt lat="15.3120216" lon="74.3097917">
      </trkpt>
      <trkpt lat="15.3121" lon="74.3095598">
      </trkpt>
      <trkpt lat="15.312217" lon="74.3093265">
      </trkpt>
      <trkpt lat="15.312354" lon="74.3091293">
      </trkpt>
      <trkpt lat="15.3124817" lon="74.3089707">
      </trkpt>
      <trkpt lat="15.3126382" lon="74.3088023">
      </trkpt>
      <trkpt lat="15.3127316" lon="74.3087028">
      </trkpt>
      <trkpt lat="15.3128738" lon="74.3085987">
      </trkpt>
      <trkpt lat="15.3129958" lon="74.3085087">
      </trkpt>
      <trkpt lat="15.3131081" lon="74.3084333">
      </trkpt>
      <trkpt lat="15.3132248" lon="74.308376">
      </trkpt>
      <trkpt lat="15.3134582" lon="74.3082432">
      </trkpt>
      <trkpt lat="15.3137057" lon="74.3081096">
      </trkpt>
      <trkpt lat="15.3139998" lon="74.3079929">
      </trkpt>
      <trkpt lat="15.3141255" lon="74.3079462">
      </trkpt>
      <trkpt lat="15.3143147" lon="74.3078662">
      </trkpt>
      <trkpt lat="15.3145156" lon="74.3077709">
      </trkpt>
      <trkpt lat="15.3146763" lon="74.3076853">
      </trkpt>
      <trkpt lat="15.3148369" lon="74.3075773">
      </trkpt>
      <trkpt lat="15.3150274" lon="74.3074561">
      </trkpt>
      <trkpt lat="15.3152243" lon="74.3073282">
      </trkpt>
      <trkpt lat="15.3154324" lon="74.3071531">
      </trkpt>
      <trkpt lat="15.3156535" lon="74.3069714">
      </trkpt>
      <trkpt lat="15.3158328" lon="74.3068345">
      </trkpt>
      <trkpt lat="15.3160112" lon="74.3067157">
      </trkpt>
      <trkpt lat="15.3161484" lon="74.3066441">
      </trkpt>
      <trkpt lat="15.3163117" lon="74.3065669">
      </trkpt>
      <trkpt lat="15.3164576" lon="74.3065122">
      </trkpt>
      <trkpt lat="15.3166589" lon="74.3064519">
      </trkpt>
      <trkpt lat="15.3168463" lon="74.3064247">
      </trkpt>
      <trkpt lat="15.3170033" lon="74.3063976">
      </trkpt>
      <trkpt lat="15.317305" lon="74.3063813">
      </trkpt>
      <trkpt lat="15.3180929" lon="74.3063462">
      </trkpt>
      <trkpt lat="15.3184062" lon="74.3063223">
      </trkpt>
      <trkpt lat="15.3185843" lon="74.3062953">
      </trkpt>
      <trkpt lat="15.318784" lon="74.3062683">
      </trkpt>
      <trkpt lat="15.318953" lon="74.306231">
      </trkpt>
      <trkpt lat="15.3190852" lon="74.3061848">
      </trkpt>
      <trkpt lat="15.319265" lon="74.3061022">
      </trkpt>
      <trkpt lat="15.3194708" lon="74.305995">
      </trkpt>
      <trkpt lat="15.3196052" lon="74.305899">
      </trkpt>
      <trkpt lat="15.3197418" lon="74.305785">
      </trkpt>
      <trkpt lat="15.3198507" lon="74.3056735">
      </trkpt>
      <trkpt lat="15.3199552" lon="74.3055439">
      </trkpt>
      <trkpt lat="15.3200627" lon="74.305384">
      </trkpt>
      <trkpt lat="15.3201399" lon="74.3052444">
      </trkpt>
      <trkpt lat="15.3202295" lon="74.3050735">
      </trkpt>
      <trkpt lat="15.3202953" lon="74.3049049">
      </trkpt>
      <trkpt lat="15.3203591" lon="74.3047081">
      </trkpt>
      <trkpt lat="15.3203925" lon="74.304545">
      </trkpt>
      <trkpt lat="15.3204197" lon="74.304367">
      </trkpt>
      <trkpt lat="15.3204404" lon="74.3041868">
      </trkpt>
      <trkpt lat="15.3204498" lon="74.3040537">
      </trkpt>
      <trkpt lat="15.3204375" lon="74.3039095">
      </trkpt>
      <trkpt lat="15.3204052" lon="74.303662">
      </trkpt>
      <trkpt lat="15.3203343" lon="74.3033657">
      </trkpt>
      <trkpt lat="15.320177" lon="74.3027488">
      </trkpt>
      <trkpt lat="15.3201257" lon="74.3023563">
      </trkpt>
      <trkpt lat="15.3201193" lon="74.3022462">
      </trkpt>
      <trkpt lat="15.3201165" lon="74.3020692">
      </trkpt>
      <trkpt lat="15.3201325" lon="74.3018041">
      </trkpt>
      <trkpt lat="15.3201779" lon="74.3015753">
      </trkpt>
      <trkpt lat="15.3202358" lon="74.301368">
      </trkpt>
      <trkpt lat="15.3203187" lon="74.3011527">
      </trkpt>
      <trkpt lat="15.3204343" lon="74.3009374">
      </trkpt>
      <trkpt lat="15.3206429" lon="74.3006524">
      </trkpt>
      <trkpt lat="15.3208051" lon="74.3004801">
      </trkpt>
      <trkpt lat="15.3209818" lon="74.3003154">
      </trkpt>
      <trkpt lat="15.3211464" lon="74.3001989">
      </trkpt>
      <trkpt lat="15.3213329" lon="74.3000899">
      </trkpt>
      <trkpt lat="15.3215564" lon="74.299998">
      </trkpt>
      <trkpt lat="15.3217799" lon="74.2999137">
      </trkpt>
      <trkpt lat="15.3221858" lon="74.2997896">
      </trkpt>
      <trkpt lat="15.3229136" lon="74.2995945">
      </trkpt>
      <trkpt lat="15.3236461" lon="74.2994236">
      </trkpt>
      <trkpt lat="15.3239949" lon="74.2993252">
      </trkpt>
      <trkpt lat="15.324354" lon="74.2992398">
      </trkpt>
      <trkpt lat="15.3246821" lon="74.2991674">
      </trkpt>
      <trkpt lat="15.324877" lon="74.2991669">
      </trkpt>
      <trkpt lat="15.3250939" lon="74.299174">
      </trkpt>
      <trkpt lat="15.3253041" lon="74.2992097">
      </trkpt>
      <trkpt lat="15.3255544" lon="74.299268">
      </trkpt>
      <trkpt lat="15.3257708" lon="74.2993492">
      </trkpt>
      <trkpt lat="15.3259531" lon="74.2994427">
      </trkpt>
      <trkpt lat="15.3261537" lon="74.2995514">
      </trkpt>
      <trkpt lat="15.3264674" lon="74.2997536">
      </trkpt>
      <trkpt lat="15.3277347" lon="74.3005588">
      </trkpt>
      <trkpt lat="15.3283257" lon="74.300942">
      </trkpt>
      <trkpt lat="15.3286398" lon="74.3011514">
      </trkpt>
      <trkpt lat="15.3288065" lon="74.301288">
      </trkpt>
      <trkpt lat="15.3290533" lon="74.3014246">
      </trkpt>
      <trkpt lat="15.3293388" lon="74.3015037">
      </trkpt>
      <trkpt lat="15.3295732" lon="74.301545">
      </trkpt>
      <trkpt lat="15.329879" lon="74.3015558">
      </trkpt>
      <trkpt lat="15.3301629" lon="74.3015365">
      </trkpt>
      <trkpt lat="15.3303828" lon="74.3014875">
      </trkpt>
      <trkpt lat="15.3306129" lon="74.3014057">
      </trkpt>
      <trkpt lat="15.330818" lon="74.3012853">
      </trkpt>
      <trkpt lat="15.3310973" lon="74.3011167">
      </trkpt>
      <trkpt lat="15.3312343" lon="74.3010243">
      </trkpt>
      <trkpt lat="15.3315767" lon="74.3007932">
      </trkpt>
      <trkpt lat="15.3318384" lon="74.300579">
      </trkpt>
      <trkpt lat="15.331921" lon="74.300533">
      </trkpt>
      <trkpt lat="15.3321468" lon="74.3004311">
      </trkpt>
      <trkpt lat="15.3323596" lon="74.3003695">
      </trkpt>
      <trkpt lat="15.3326162" lon="74.3003229">
      </trkpt>
      <trkpt lat="15.3346101" lon="74.3000749">
      </trkpt>
      <trkpt lat="15.3348345" lon="74.3000537">
      </trkpt>
      <trkpt lat="15.3350688" lon="74.3000194">
      </trkpt>
      <trkpt lat="15.3352994" lon="74.2999474">
      </trkpt>
      <trkpt lat="15.3355119" lon="74.2998542">
      </trkpt>
      <trkpt lat="15.3357317" lon="74.2997156">
      </trkpt>
      <trkpt lat="15.335934" lon="74.2995359">
      </trkpt>
      <trkpt lat="15.3362018" lon="74.2992994">
      </trkpt>
      <trkpt lat="15.3364907" lon="74.2990586">
      </trkpt>
      <trkpt lat="15.3366746" lon="74.2989509">
      </trkpt>
      <trkpt lat="15.3369241" lon="74.2988394">
      </trkpt>
      <trkpt lat="15.3371566" lon="74.2987577">
      </trkpt>
      <trkpt lat="15.3374255" lon="74.2986721">
      </trkpt>
      <trkpt lat="15.337653" lon="74.2986501">
      </trkpt>
      <trkpt lat="15.3379168" lon="74.2986583">
      </trkpt>
      <trkpt lat="15.3381965" lon="74.2986932">
      </trkpt>
      <trkpt lat="15.338407" lon="74.2987433">
      </trkpt>
      <trkpt lat="15.3385832" lon="74.2988082">
      </trkpt>
      <trkpt lat="15.338814" lon="74.2989185">
      </trkpt>
      <trkpt lat="15.3392507" lon="74.2991773">
      </trkpt>
      <trkpt lat="15.3396437" lon="74.299436">
      </trkpt>
      <trkpt lat="15.3399339" lon="74.299727">
      </trkpt>
      <trkpt lat="15.3400985" lon="74.2999285">
      </trkpt>
      <trkpt lat="15.3402564" lon="74.3001677">
      </trkpt>
      <trkpt lat="15.3403506" lon="74.3003655">
      </trkpt>
      <trkpt lat="15.3404522" lon="74.3006426">
      </trkpt>
      <trkpt lat="15.3405166" lon="74.3009565">
      </trkpt>
      <trkpt lat="15.3405374" lon="74.301172">
      </trkpt>
      <trkpt lat="15.3406067" lon="74.3013904">
      </trkpt>
      <trkpt lat="15.3407052" lon="74.301571">
      </trkpt>
      <trkpt lat="15.3408105" lon="74.301756">
      </trkpt>
      <trkpt lat="15.3409402" lon="74.3019179">
      </trkpt>
      <trkpt lat="15.3410469" lon="74.302031">
      </trkpt>
      <trkpt lat="15.3412337" lon="74.3022167">
      </trkpt>
      <trkpt lat="15.3414015" lon="74.3023536">
      </trkpt>
      <trkpt lat="15.3415291" lon="74.3024598">
      </trkpt>
      <trkpt lat="15.3416604" lon="74.3025471">
      </trkpt>
      <trkpt lat="15.3418629" lon="74.3026876">
      </trkpt>
      <trkpt lat="15.3420114" lon="74.3028146">
      </trkpt>
      <trkpt lat="15.342171" lon="74.302968">
      </trkpt>
      <trkpt lat="15.3424296" lon="74.3032159">
      </trkpt>
      <trkpt lat="15.3426472" lon="74.3034088">
      </trkpt>
      <trkpt lat="15.3428525" lon="74.3035724">
      </trkpt>
      <trkpt lat="15.342998" lon="74.3036813">
      </trkpt>
      <trkpt lat="15.3431408" lon="74.3037625">
      </trkpt>
      <trkpt lat="15.3432815" lon="74.3038182">
      </trkpt>
      <trkpt lat="15.3434148" lon="74.3038663">
      </trkpt>
      <trkpt lat="15.3435985" lon="74.3039158">
      </trkpt>
      <trkpt lat="15.3438744" lon="74.3040123">
      </trkpt>
      <trkpt lat="15.3441217" lon="74.3041154">
      </trkpt>
      <trkpt lat="15.3442824" lon="74.3041849">
      </trkpt>
      <trkpt lat="15.3444679" lon="74.3042426">
      </trkpt>
      <trkpt lat="15.3446672" lon="74.3042928">
      </trkpt>
      <trkpt lat="15.3449126" lon="74.3043179">
      </trkpt>
      <trkpt lat="15.3450826" lon="74.3043191">
      </trkpt>
      <trkpt lat="15.3452891" lon="74.3043014">
      </trkpt>
      <trkpt lat="15.3454508" lon="74.3042657">
      </trkpt>
      <trkpt lat="15.3455859" lon="74.3042347">
      </trkpt>
      <trkpt lat="15.3456881" lon="74.3042112">
      </trkpt>
      <trkpt lat="15.3458822" lon="74.304133">
      </trkpt>
      <trkpt lat="15.3461031" lon="74.3039979">
      </trkpt>
      <trkpt lat="15.3464394" lon="74.3037136">
      </trkpt>
      <trkpt lat="15.3464708" lon="74.3036745">
      </trkpt>
      <trkpt lat="15.346517" lon="74.303617">
      </trkpt>
      <trkpt lat="15.3466618" lon="74.3034277">
      </trkpt>
      <trkpt lat="15.3468211" lon="74.3031554">
      </trkpt>
      <trkpt lat="15.3469309" lon="74.3029745">
      </trkpt>
      <trkpt lat="15.3470407" lon="74.3027937">
      </trkpt>
      <trkpt lat="15.3471939" lon="74.3025935">
      </trkpt>
      <trkpt lat="15.3473835" lon="74.3024009">
      </trkpt>
      <trkpt lat="15.3476597" lon="74.3021853">
      </trkpt>
      <trkpt lat="15.3479328" lon="74.3020565">
      </trkpt>
      <trkpt lat="15.3482469" lon="74.3019221">
      </trkpt>
      <trkpt lat="15.3486893" lon="74.3018431">
      </trkpt>
      <trkpt lat="15.3489456" lon="74.3018406">
      </trkpt>
      <trkpt lat="15.349237" lon="74.3018597">
      </trkpt>
      <trkpt lat="15.349458" lon="74.3019131">
      </trkpt>
      <trkpt lat="15.349679" lon="74.3020005">
      </trkpt>
      <trkpt lat="15.349927" lon="74.3021155">
      </trkpt>
      <trkpt lat="15.3501722" lon="74.302271">
      </trkpt>
      <trkpt lat="15.3503592" lon="74.3024303">
      </trkpt>
      <trkpt lat="15.3505509" lon="74.302615">
      </trkpt>
      <trkpt lat="15.3507512" lon="74.3028908">
      </trkpt>
      <trkpt lat="15.3509111" lon="74.3031757">
      </trkpt>
      <trkpt lat="15.350996" lon="74.3034224">
      </trkpt>
      <trkpt lat="15.3510727" lon="74.3036775">
      </trkpt>
      <trkpt lat="15.3511494" lon="74.3039136">
      </trkpt>
      <trkpt lat="15.3512455" lon="74.3042177">
      </trkpt>
      <trkpt lat="15.3513518" lon="74.3044793">
      </trkpt>
      <trkpt lat="15.3515092" lon="74.3047333">
      </trkpt>
      <trkpt lat="15.3516335" lon="74.3048883">
      </trkpt>
      <trkpt lat="15.3518416" lon="74.3050886">
      </trkpt>
      <trkpt lat="15.3522591" lon="74.3055356">
      </trkpt>
      <trkpt lat="15.3526521" lon="74.3059905">
      </trkpt>
      <trkpt lat="15.3531836" lon="74.306536">
      </trkpt>
      <trkpt lat="15.3533533" lon="74.3066621">
      </trkpt>
      <trkpt lat="15.3535274" lon="74.306786">
      </trkpt>
      <trkpt lat="15.3537534" lon="74.3068956">
      </trkpt>
      <trkpt lat="15.3539857" lon="74.3069745">
      </trkpt>
      <trkpt lat="15.3542432" lon="74.3070564">
      </trkpt>
      <trkpt lat="15.3550963" lon="74.3073186">
      </trkpt>
      <trkpt lat="15.3554897" lon="74.3074402">
      </trkpt>
      <trkpt lat="15.3557185" lon="74.3074975">
      </trkpt>
      <trkpt lat="15.3558888" lon="74.3075322">
      </trkpt>
      <trkpt lat="15.3561104" lon="74.307565">
      </trkpt>
      <trkpt lat="15.3563277" lon="74.3075753">
      </trkpt>
      <trkpt lat="15.3565468" lon="74.3075504">
      </trkpt>
      <trkpt lat="15.3567074" lon="74.3075345">
      </trkpt>
      <trkpt lat="15.3569198" lon="74.3074988">
      </trkpt>
      <trkpt lat="15.3571085" lon="74.3074405">
      </trkpt>
      <trkpt lat="15.3572604" lon="74.3073734">
      </trkpt>
      <trkpt lat="15.3573842" lon="74.3073174">
      </trkpt>
      <trkpt lat="15.3575873" lon="74.3072091">
      </trkpt>
      <trkpt lat="15.35776" lon="74.3071008">
      </trkpt>
      <trkpt lat="15.3578829" lon="74.3070118">
      </trkpt>
      <trkpt lat="15.3580079" lon="74.3069138">
      </trkpt>
      <trkpt lat="15.3581279" lon="74.3068042">
      </trkpt>
      <trkpt lat="15.3582587" lon="74.3066833">
      </trkpt>
      <trkpt lat="15.3584771" lon="74.306491">
      </trkpt>
      <trkpt lat="15.3586327" lon="74.3063882">
      </trkpt>
      <trkpt lat="15.3587889" lon="74.3063112">
      </trkpt>
      <trkpt lat="15.3589364" lon="74.3062521">
      </trkpt>
      <trkpt lat="15.3590636" lon="74.3061996">
      </trkpt>
      <trkpt lat="15.359245" lon="74.3061471">
      </trkpt>
      <trkpt lat="15.3594251" lon="74.3061054">
      </trkpt>
      <trkpt lat="15.3596161" lon="74.3060816">
      </trkpt>
      <trkpt lat="15.3597722" lon="74.3060702">
      </trkpt>
      <trkpt lat="15.3599132" lon="74.3060678">
      </trkpt>
      <trkpt lat="15.360099" lon="74.3060861">
      </trkpt>
      <trkpt lat="15.3602697" lon="74.3061111">
      </trkpt>
      <trkpt lat="15.3603978" lon="74.3061334">
      </trkpt>
      <trkpt lat="15.360599" lon="74.3062054">
      </trkpt>
      <trkpt lat="15.3608392" lon="74.3062908">
      </trkpt>
      <trkpt lat="15.3611247" lon="74.3064123">
      </trkpt>
      <trkpt lat="15.3613351" lon="74.3064691">
      </trkpt>
      <trkpt lat="15.3615695" lon="74.3065131">
      </trkpt>
      <trkpt lat="15.3617618" lon="74.3065319">
      </trkpt>
      <trkpt lat="15.3619151" lon="74.306526">
      </trkpt>
      <trkpt lat="15.3620677" lon="74.3065163">
      </trkpt>
      <trkpt lat="15.362203" lon="74.3064931">
      </trkpt>
      <trkpt lat="15.362525" lon="74.3064197">
      </trkpt>
      <trkpt lat="15.3627157" lon="74.3063294">
      </trkpt>
      <trkpt lat="15.3628847" lon="74.3062392">
      </trkpt>
      <trkpt lat="15.3630512" lon="74.3061366">
      </trkpt>
      <trkpt lat="15.3631873" lon="74.3060339">
      </trkpt>
      <trkpt lat="15.3633431" lon="74.3059154">
      </trkpt>
      <trkpt lat="15.3638842" lon="74.3054803">
      </trkpt>
      <trkpt lat="15.3639896" lon="74.3054018">
      </trkpt>
      <trkpt lat="15.3641732" lon="74.3052737">
      </trkpt>
      <trkpt lat="15.3643969" lon="74.3051614">
      </trkpt>
      <trkpt lat="15.3646975" lon="74.3050402">
      </trkpt>
      <trkpt lat="15.3649568" lon="74.3049769">
      </trkpt>
      <trkpt lat="15.3652779" lon="74.3049457">
      </trkpt>
      <trkpt lat="15.3655661" lon="74.3049476">
      </trkpt>
      <trkpt lat="15.3659238" lon="74.3050303">
      </trkpt>
      <trkpt lat="15.3662625" lon="74.3051459">
      </trkpt>
      <trkpt lat="15.36699" lon="74.3053682">
      </trkpt>
      <trkpt lat="15.3672935" lon="74.3054865">
      </trkpt>
      <trkpt lat="15.3675559" lon="74.3055621">
      </trkpt>
      <trkpt lat="15.3678454" lon="74.3056239">
      </trkpt>
      <trkpt lat="15.3681092" lon="74.3056376">
      </trkpt>
      <trkpt lat="15.3685156" lon="74.3056364">
      </trkpt>
      <trkpt lat="15.3688171" lon="74.3056769">
      </trkpt>
      <trkpt lat="15.3690192" lon="74.3057222">
      </trkpt>
      <trkpt lat="15.3692934" lon="74.305821">
      </trkpt>
      <trkpt lat="15.3695335" lon="74.3059384">
      </trkpt>
      <trkpt lat="15.3698281" lon="74.3060971">
      </trkpt>
      <trkpt lat="15.3701359" lon="74.3062224">
      </trkpt>
      <trkpt lat="15.3704025" lon="74.3062943">
      </trkpt>
      <trkpt lat="15.3707884" lon="74.3063383">
      </trkpt>
      <trkpt lat="15.3711331" lon="74.3064077">
      </trkpt>
      <trkpt lat="15.3713824" lon="74.3064924">
      </trkpt>
      <trkpt lat="15.3716655" lon="74.3066398">
      </trkpt>
      <trkpt lat="15.3719073" lon="74.3068031">
      </trkpt>
      <trkpt lat="15.3721198" lon="74.3069822">
      </trkpt>
      <trkpt lat="15.3723394" lon="74.3072023">
      </trkpt>
      <trkpt lat="15.3725692" lon="74.3074813">
      </trkpt>
      <trkpt lat="15.3727862" lon="74.3078217">
      </trkpt>
      <trkpt lat="15.3729636" lon="74.3081786">
      </trkpt>
      <trkpt lat="15.3732176" lon="74.3087563">
      </trkpt>
      <trkpt lat="15.3733994" lon="74.3091683">
      </trkpt>
      <trkpt lat="15.3734866" lon="74.3094647">
      </trkpt>
      <trkpt lat="15.3735176" lon="74.3098094">
      </trkpt>
      <trkpt lat="15.3734819" lon="74.3100753">
      </trkpt>
      <trkpt lat="15.3734382" lon="74.3103464">
      </trkpt>
      <trkpt lat="15.3733034" lon="74.3106903">
      </trkpt>
      <trkpt lat="15.3731785" lon="74.3109933">
      </trkpt>
      <trkpt lat="15.3730587" lon="74.3112856">
      </trkpt>
      <trkpt lat="15.3730006" lon="74.3115541">
      </trkpt>
      <trkpt lat="15.3729632" lon="74.311828">
      </trkpt>
      <trkpt lat="15.3729582" lon="74.3120871">
      </trkpt>
      <trkpt lat="15.372961" lon="74.3123218">
      </trkpt>
      <trkpt lat="15.3729483" lon="74.3125726">
      </trkpt>
      <trkpt lat="15.3729212" lon="74.312882">
      </trkpt>
      <trkpt lat="15.3728616" lon="74.3131235">
      </trkpt>
      <trkpt lat="15.3727933" lon="74.3133705">
      </trkpt>
      <trkpt lat="15.3726993" lon="74.3136442">
      </trkpt>
      <trkpt lat="15.3726059" lon="74.3139304">
      </trkpt>
      <trkpt lat="15.3725486" lon="74.3142593">
      </trkpt>
      <trkpt lat="15.3725296" lon="74.3146383">
      </trkpt>
      <trkpt lat="15.3725719" lon="74.3151126">
      </trkpt>
      <trkpt lat="15.3726105" lon="74.3155063">
      </trkpt>
      <trkpt lat="15.3726337" lon="74.3159426">
      </trkpt>
      <trkpt lat="15.3726595" lon="74.316388">
      </trkpt>
      <trkpt lat="15.3726698" lon="74.3168512">
      </trkpt>
      <trkpt lat="15.3727007" lon="74.3174463">
      </trkpt>
      <trkpt lat="15.3727693" lon="74.3178217">
      </trkpt>
      <trkpt lat="15.3728859" lon="74.318168">
      </trkpt>
      <trkpt lat="15.3730838" lon="74.3185118">
      </trkpt>
      <trkpt lat="15.3732458" lon="74.318761">
      </trkpt>
      <trkpt lat="15.3734387" lon="74.3189782">
      </trkpt>
      <trkpt lat="15.3736486" lon="74.3191377">
      </trkpt>
      <trkpt lat="15.3738945" lon="74.3192918">
      </trkpt>
      <trkpt lat="15.3741296" lon="74.3194102">
      </trkpt>
      <trkpt lat="15.3743852" lon="74.3195072">
      </trkpt>
      <trkpt lat="15.3746818" lon="74.3196141">
      </trkpt>
      <trkpt lat="15.3748842" lon="74.319681">
      </trkpt>
      <trkpt lat="15.3751279" lon="74.3197264">
      </trkpt>
      <trkpt lat="15.375458" lon="74.3197493">
      </trkpt>
      <trkpt lat="15.3758318" lon="74.3197421">
      </trkpt>
      <trkpt lat="15.3761508" lon="74.3196813">
      </trkpt>
      <trkpt lat="15.3767295" lon="74.3194969">
      </trkpt>
      <trkpt lat="15.3772345" lon="74.3192523">
      </trkpt>
      <trkpt lat="15.3777249" lon="74.3189473">
      </trkpt>
      <trkpt lat="15.3780258" lon="74.3188085">
      </trkpt>
      <trkpt lat="15.3783705" lon="74.3186697">
      </trkpt>
      <trkpt lat="15.3788294" lon="74.3185969">
      </trkpt>
      <trkpt lat="15.3793174" lon="74.3185695">
      </trkpt>
      <trkpt lat="15.37977" lon="74.318575">
      </trkpt>
      <trkpt lat="15.3799556" lon="74.3185906">
      </trkpt>
      <trkpt lat="15.3801496" lon="74.3186263">
      </trkpt>
      <trkpt lat="15.3803931" lon="74.3186816">
      </trkpt>
      <trkpt lat="15.3806202" lon="74.3187705">
      </trkpt>
      <trkpt lat="15.3808166" lon="74.3188722">
      </trkpt>
      <trkpt lat="15.3811601" lon="74.319066">
      </trkpt>
      <trkpt lat="15.3816703" lon="74.3194406">
      </trkpt>
      <trkpt lat="15.3821435" lon="74.3198152">
      </trkpt>
      <trkpt lat="15.3828682" lon="74.3203888">
      </trkpt>
      <trkpt lat="15.383062" lon="74.3204885">
      </trkpt>
      <trkpt lat="15.3832926" lon="74.3205626">
      </trkpt>
      <trkpt lat="15.3835388" lon="74.3206088">
      </trkpt>
      <trkpt lat="15.3837579" lon="74.3206056">
      </trkpt>
      <trkpt lat="15.3840417" lon="74.3205832">
      </trkpt>
      <trkpt lat="15.3842625" lon="74.320524">
      </trkpt>
      <trkpt lat="15.3844586" lon="74.3204648">
      </trkpt>
      <trkpt lat="15.3847095" lon="74.3203529">
      </trkpt>
      <trkpt lat="15.3849284" lon="74.3202359">
      </trkpt>
      <trkpt lat="15.3851474" lon="74.3200646">
      </trkpt>
      <trkpt lat="15.3853317" lon="74.3198645">
      </trkpt>
      <trkpt lat="15.3854975" lon="74.3196388">
      </trkpt>
      <trkpt lat="15.3856583" lon="74.3194086">
      </trkpt>
      <trkpt lat="15.3858652" lon="74.3191593">
      </trkpt>
      <trkpt lat="15.3860631" lon="74.3189664">
      </trkpt>
      <trkpt lat="15.3862918" lon="74.3187863">
      </trkpt>
      <trkpt lat="15.3865246" lon="74.3186684">
      </trkpt>
      <trkpt lat="15.3867204" lon="74.3185822">
      </trkpt>
      <trkpt lat="15.3869254" lon="74.3185152">
      </trkpt>
      <trkpt lat="15.3872001" lon="74.3184514">
      </trkpt>
      <trkpt lat="15.3874622" lon="74.3184152">
      </trkpt>
      <trkpt lat="15.3877245" lon="74.318399">
      </trkpt>
      <trkpt lat="15.3879345" lon="74.3184274">
      </trkpt>
      <trkpt lat="15.388154" lon="74.3184904">
      </trkpt>
      <trkpt lat="15.3883644" lon="74.3185917">
      </trkpt>
      <trkpt lat="15.3885555" lon="74.3187234">
      </trkpt>
      <trkpt lat="15.3887159" lon="74.318871">
      </trkpt>
      <trkpt lat="15.3888594" lon="74.3190138">
      </trkpt>
      <trkpt lat="15.3889783" lon="74.3191567">
      </trkpt>
      <trkpt lat="15.3891175" lon="74.3193426">
      </trkpt>
      <trkpt lat="15.3893913" lon="74.3196946">
      </trkpt>
      <trkpt lat="15.3899234" lon="74.3204101">
      </trkpt>
      <trkpt lat="15.3906534" lon="74.3213796">
      </trkpt>
      <trkpt lat="15.3908577" lon="74.3215646">
      </trkpt>
      <trkpt lat="15.3911726" lon="74.321791">
      </trkpt>
      <trkpt lat="15.3914518" lon="74.3220079">
      </trkpt>
      <trkpt lat="15.3917107" lon="74.3222338">
      </trkpt>
      <trkpt lat="15.3918665" lon="74.3224523">
      </trkpt>
      <trkpt lat="15.3921136" lon="74.3228039">
      </trkpt>
      <trkpt lat="15.3923207" lon="74.3231077">
      </trkpt>
      <trkpt lat="15.3925102" lon="74.3233724">
      </trkpt>
      <trkpt lat="15.3927274" lon="74.3236083">
      </trkpt>
      <trkpt lat="15.3929158" lon="74.3237707">
      </trkpt>
      <trkpt lat="15.3931545" lon="74.3239304">
      </trkpt>
      <trkpt lat="15.393384" lon="74.3240518">
      </trkpt>
      <trkpt lat="15.393683" lon="74.324167">
      </trkpt>
      <trkpt lat="15.3940161" lon="74.3242385">
      </trkpt>
      <trkpt lat="15.3942907" lon="74.3242525">
      </trkpt>
      <trkpt lat="15.394594" lon="74.3242424">
      </trkpt>
      <trkpt lat="15.3948399" lon="74.3241992">
      </trkpt>
      <trkpt lat="15.3951627" lon="74.3241049">
      </trkpt>
      <trkpt lat="15.3954403" lon="74.3239775">
      </trkpt>
      <trkpt lat="15.3957425" lon="74.3238151">
      </trkpt>
      <trkpt lat="15.3972424" lon="74.3229645">
      </trkpt>
      <trkpt lat="15.397598" lon="74.3227864">
      </trkpt>
      <trkpt lat="15.3979106" lon="74.322672">
      </trkpt>
      <trkpt lat="15.3982136" lon="74.3226238">
      </trkpt>
      <trkpt lat="15.3984736" lon="74.3226075">
      </trkpt>
      <trkpt lat="15.3988029" lon="74.3226515">
      </trkpt>
      <trkpt lat="15.3991536" lon="74.3227343">
      </trkpt>
      <trkpt lat="15.3993937" lon="74.3228458">
      </trkpt>
      <trkpt lat="15.3996547" lon="74.3230078">
      </trkpt>
      <trkpt lat="15.3998942" lon="74.323224">
      </trkpt>
      <trkpt lat="15.4000746" lon="74.3234219">
      </trkpt>
      <trkpt lat="15.4002367" lon="74.3236549">
      </trkpt>
      <trkpt lat="15.4003694" lon="74.3238815">
      </trkpt>
      <trkpt lat="15.4004867" lon="74.3241529">
      </trkpt>
      <trkpt lat="15.4005724" lon="74.3244004">
      </trkpt>
      <trkpt lat="15.400612" lon="74.3246862">
      </trkpt>
      <trkpt lat="15.400608" lon="74.3249892">
      </trkpt>
      <trkpt lat="15.4005733" lon="74.3253306">
      </trkpt>
      <trkpt lat="15.4004417" lon="74.3258108">
      </trkpt>
      <trkpt lat="15.3998026" lon="74.3277176">
      </trkpt>
      <trkpt lat="15.3996777" lon="74.3280875">
      </trkpt>
      <trkpt lat="15.3994446" lon="74.3287958">
      </trkpt>
      <trkpt lat="15.3993214" lon="74.3291978">
      </trkpt>
      <trkpt lat="15.3992327" lon="74.3296319">
      </trkpt>
      <trkpt lat="15.3992254" lon="74.3296767">
      </trkpt>
      <trkpt lat="15.3991178" lon="74.3305052">
      </trkpt>
      <trkpt lat="15.3985236" lon="74.3344017">
      </trkpt>
      <trkpt lat="15.3983147" lon="74.3355631">
      </trkpt>
      <trkpt lat="15.3982707" lon="74.3358543">
      </trkpt>
      <trkpt lat="15.3982544" lon="74.3360499">
      </trkpt>
      <trkpt lat="15.3982436" lon="74.3362411">
      </trkpt>
      <trkpt lat="15.3982566" lon="74.3364362">
      </trkpt>
      <trkpt lat="15.3982749" lon="74.3366073">
      </trkpt>
      <trkpt lat="15.3983204" lon="74.3368032">
      </trkpt>
      <trkpt lat="15.3983642" lon="74.3369633">
      </trkpt>
      <trkpt lat="15.3984105" lon="74.3371039">
      </trkpt>
      <trkpt lat="15.398456" lon="74.3372166">
      </trkpt>
      <trkpt lat="15.3985069" lon="74.3373303">
      </trkpt>
      <trkpt lat="15.3985853" lon="74.3374721">
      </trkpt>
      <trkpt lat="15.3986903" lon="74.3376193">
      </trkpt>
      <trkpt lat="15.3988063" lon="74.3377548">
      </trkpt>
      <trkpt lat="15.3989287" lon="74.3378903">
      </trkpt>
      <trkpt lat="15.3990596" lon="74.3379951">
      </trkpt>
      <trkpt lat="15.3991752" lon="74.3380785">
      </trkpt>
      <trkpt lat="15.3993227" lon="74.3381797">
      </trkpt>
      <trkpt lat="15.3994898" lon="74.3382719">
      </trkpt>
      <trkpt lat="15.399737" lon="74.3383894">
      </trkpt>
      <trkpt lat="15.3999136" lon="74.3384564">
      </trkpt>
      <trkpt lat="15.400101" lon="74.3385026">
      </trkpt>
      <trkpt lat="15.4002968" lon="74.3385321">
      </trkpt>
      <trkpt lat="15.4005405" lon="74.3385706">
      </trkpt>
      <trkpt lat="15.4013777" lon="74.3386351">
      </trkpt>
      <trkpt lat="15.40146" lon="74.3386296">
      </trkpt>
      <trkpt lat="15.4019612" lon="74.3386744">
      </trkpt>
      <trkpt lat="15.40239" lon="74.3386843">
      </trkpt>
      <trkpt lat="15.4026597" lon="74.3386949">
      </trkpt>
      <trkpt lat="15.4028983" lon="74.3386787">
      </trkpt>
      <trkpt lat="15.4031516" lon="74.338657">
      </trkpt>
      <trkpt lat="15.4033919" lon="74.3386247">
      </trkpt>
      <trkpt lat="15.4041484" lon="74.3384797">
      </trkpt>
      <trkpt lat="15.40526" lon="74.3382847">
      </trkpt>
      <trkpt lat="15.405664" lon="74.3382306">
      </trkpt>
      <trkpt lat="15.4059317" lon="74.3382338">
      </trkpt>
      <trkpt lat="15.406208" lon="74.3382446">
      </trkpt>
      <trkpt lat="15.4072558" lon="74.3383292">
      </trkpt>
      <trkpt lat="15.4084707" lon="74.3384446">
      </trkpt>
      <trkpt lat="15.4087188" lon="74.3385077">
      </trkpt>
      <trkpt lat="15.4089823" lon="74.3385922">
      </trkpt>
      <trkpt lat="15.4092451" lon="74.3387041">
      </trkpt>
      <trkpt lat="15.4095154" lon="74.3388739">
      </trkpt>
      <trkpt lat="15.4097444" lon="74.3390491">
      </trkpt>
      <trkpt lat="15.410397" lon="74.3395936">
      </trkpt>
      <trkpt lat="15.4109978" lon="74.3401033">
      </trkpt>
      <trkpt lat="15.4113744" lon="74.3403629">
      </trkpt>
      <trkpt lat="15.4122992" lon="74.3408531">
      </trkpt>
      <trkpt lat="15.4126051" lon="74.3410899">
      </trkpt>
      <trkpt lat="15.4128448" lon="74.3413099">
      </trkpt>
      <trkpt lat="15.4130969" lon="74.3416079">
      </trkpt>
      <trkpt lat="15.413515" lon="74.3420776">
      </trkpt>
      <trkpt lat="15.4137441" lon="74.3422838">
      </trkpt>
      <trkpt lat="15.4139887" lon="74.3424825">
      </trkpt>
      <trkpt lat="15.4141975" lon="74.3426143">
      </trkpt>
      <trkpt lat="15.4144031" lon="74.3427355">
      </trkpt>
      <trkpt lat="15.4146256" lon="74.3428181">
      </trkpt>
      <trkpt lat="15.4148869" lon="74.3429062">
      </trkpt>
      <trkpt lat="15.4152478" lon="74.342974">
      </trkpt>
      <trkpt lat="15.4159842" lon="74.343084">
      </trkpt>
      <trkpt lat="15.4174521" lon="74.343301">
      </trkpt>
      <trkpt lat="15.4177584" lon="74.3433806">
      </trkpt>
      <trkpt lat="15.4180207" lon="74.343495">
      </trkpt>
      <trkpt lat="15.4183552" lon="74.3436805">
      </trkpt>
      <trkpt lat="15.4186484" lon="74.3438794">
      </trkpt>
      <trkpt lat="15.4189519" lon="74.344178">
      </trkpt>
      <trkpt lat="15.4191313" lon="74.3444041">
      </trkpt>
      <trkpt lat="15.4193186" lon="74.3446623">
      </trkpt>
      <trkpt lat="15.4194645" lon="74.3449446">
      </trkpt>
      <trkpt lat="15.4195884" lon="74.3452675">
      </trkpt>
      <trkpt lat="15.4196761" lon="74.3456279">
      </trkpt>
      <trkpt lat="15.4196974" lon="74.3460127">
      </trkpt>
      <trkpt lat="15.419698" lon="74.3465101">
      </trkpt>
      <trkpt lat="15.4196652" lon="74.3484726">
      </trkpt>
      <trkpt lat="15.4196445" lon="74.349388">
      </trkpt>
      <trkpt lat="15.4196652" lon="74.3499173">
      </trkpt>
      <trkpt lat="15.4197169" lon="74.3502516">
      </trkpt>
      <trkpt lat="15.4197804" lon="74.3505454">
      </trkpt>
      <trkpt lat="15.419862" lon="74.3508044">
      </trkpt>
      <trkpt lat="15.4199539" lon="74.3510312">
      </trkpt>
      <trkpt lat="15.4200717" lon="74.3512419">
      </trkpt>
      <trkpt lat="15.4218202" lon="74.3540639">
      </trkpt>
      <trkpt lat="15.4225207" lon="74.355203">
      </trkpt>
      <trkpt lat="15.4227262" lon="74.3555938">
      </trkpt>
      <trkpt lat="15.4229264" lon="74.3560275">
      </trkpt>
      <trkpt lat="15.4231496" lon="74.3566555">
      </trkpt>
      <trkpt lat="15.4233108" lon="74.357246">
      </trkpt>
      <trkpt lat="15.42342" lon="74.3577456">
      </trkpt>
      <trkpt lat="15.4234879" lon="74.3582614">
      </trkpt>
      <trkpt lat="15.4235202" lon="74.3588422">
      </trkpt>
      <trkpt lat="15.4235119" lon="74.3595236">
      </trkpt>
      <trkpt lat="15.4234597" lon="74.3601888">
      </trkpt>
      <trkpt lat="15.4233746" lon="74.3606653">
      </trkpt>
      <trkpt lat="15.4232739" lon="74.3611471">
      </trkpt>
      <trkpt lat="15.4230939" lon="74.3617224">
      </trkpt>
      <trkpt lat="15.4228881" lon="74.3622976">
      </trkpt>
      <trkpt lat="15.4226062" lon="74.3628833">
      </trkpt>
      <trkpt lat="15.422283" lon="74.3634422">
      </trkpt>
      <trkpt lat="15.4218777" lon="74.3640109">
      </trkpt>
      <trkpt lat="15.4214208" lon="74.3645661">
      </trkpt>
      <trkpt lat="15.4209774" lon="74.365028">
      </trkpt>
      <trkpt lat="15.4204978" lon="74.3655006">
      </trkpt>
      <trkpt lat="15.4155304" lon="74.3704973">
      </trkpt>
      <trkpt lat="15.4144151" lon="74.3716285">
      </trkpt>
      <trkpt lat="15.4141417" lon="74.3719579">
      </trkpt>
      <trkpt lat="15.4138993" lon="74.3723195">
      </trkpt>
      <trkpt lat="15.4137145" lon="74.3726994">
      </trkpt>
      <trkpt lat="15.4135846" lon="74.3730547">
      </trkpt>
      <trkpt lat="15.4134727" lon="74.3734798">
      </trkpt>
      <trkpt lat="15.4134062" lon="74.3738519">
      </trkpt>
      <trkpt lat="15.4133914" lon="74.3742374">
      </trkpt>
      <trkpt lat="15.4134106" lon="74.3745403">
      </trkpt>
      <trkpt lat="15.413471" lon="74.3749252">
      </trkpt>
      <trkpt lat="15.4135521" lon="74.3752967">
      </trkpt>
      <trkpt lat="15.4137039" lon="74.3756803">
      </trkpt>
      <trkpt lat="15.413928" lon="74.3761469">
      </trkpt>
      <trkpt lat="15.414196" lon="74.3765197">
      </trkpt>
      <trkpt lat="15.4144848" lon="74.3768416">
      </trkpt>
      <trkpt lat="15.414828" lon="74.3771689">
      </trkpt>
      <trkpt lat="15.417116" lon="74.3793919">
      </trkpt>
      <trkpt lat="15.4173867" lon="74.3796629">
      </trkpt>
      <trkpt lat="15.4175902" lon="74.3798562">
      </trkpt>
      <trkpt lat="15.4178041" lon="74.3800293">
      </trkpt>
      <trkpt lat="15.4181058" lon="74.3802077">
      </trkpt>
      <trkpt lat="15.4184066" lon="74.3803835">
      </trkpt>
      <trkpt lat="15.4186519" lon="74.3804891">
      </trkpt>
      <trkpt lat="15.4189309" lon="74.3806187">
      </trkpt>
      <trkpt lat="15.4192641" lon="74.3807511">
      </trkpt>
      <trkpt lat="15.4198013" lon="74.3809674">
      </trkpt>
      <trkpt lat="15.4202242" lon="74.3811212">
      </trkpt>
      <trkpt lat="15.4207711" lon="74.3812229">
      </trkpt>
      <trkpt lat="15.4217162" lon="74.3813086">
      </trkpt>
      <trkpt lat="15.4220636" lon="74.3813388">
      </trkpt>
      <trkpt lat="15.42238" lon="74.3814038">
      </trkpt>
      <trkpt lat="15.4227232" lon="74.3815017">
      </trkpt>
      <trkpt lat="15.4230363" lon="74.3816437">
      </trkpt>
      <trkpt lat="15.423264" lon="74.3818018">
      </trkpt>
      <trkpt lat="15.4235644" lon="74.3820912">
      </trkpt>
      <trkpt lat="15.4244173" lon="74.3829881">
      </trkpt>
      <trkpt lat="15.4247281" lon="74.383244">
      </trkpt>
      <trkpt lat="15.4250285" lon="74.3834034">
      </trkpt>
      <trkpt lat="15.4253854" lon="74.3835343">
      </trkpt>
      <trkpt lat="15.4257371" lon="74.3836303">
      </trkpt>
      <trkpt lat="15.4270213" lon="74.3839267">
      </trkpt>
      <trkpt lat="15.4277064" lon="74.384082">
      </trkpt>
      <trkpt lat="15.4280812" lon="74.3841299">
      </trkpt>
      <trkpt lat="15.4284201" lon="74.3841606">
      </trkpt>
      <trkpt lat="15.4286995" lon="74.3841511">
      </trkpt>
      <trkpt lat="15.4290204" lon="74.3841105">
      </trkpt>
      <trkpt lat="15.4293064" lon="74.3840472">
      </trkpt>
      <trkpt lat="15.429626" lon="74.3839516">
      </trkpt>
      <trkpt lat="15.4300636" lon="74.3837927">
      </trkpt>
      <trkpt lat="15.4306547" lon="74.3835201">
      </trkpt>
      <trkpt lat="15.4319091" lon="74.382893">
      </trkpt>
      <trkpt lat="15.4332024" lon="74.38229">
      </trkpt>
      <trkpt lat="15.4336897" lon="74.3820606">
      </trkpt>
      <trkpt lat="15.4341668" lon="74.3818501">
      </trkpt>
      <trkpt lat="15.4344605" lon="74.3817708">
      </trkpt>
      <trkpt lat="15.4348188" lon="74.3816995">
      </trkpt>
      <trkpt lat="15.4351414" lon="74.3816865">
      </trkpt>
      <trkpt lat="15.435464" lon="74.3816923">
      </trkpt>
      <trkpt lat="15.4357998" lon="74.3817388">
      </trkpt>
      <trkpt lat="15.4361416" lon="74.3818105">
      </trkpt>
      <trkpt lat="15.4364575" lon="74.3819306">
      </trkpt>
      <trkpt lat="15.4366941" lon="74.3820473">
      </trkpt>
      <trkpt lat="15.4368385" lon="74.3821346">
      </trkpt>
      <trkpt lat="15.4370381" lon="74.3822376">
      </trkpt>
      <trkpt lat="15.4375194" lon="74.3825011">
      </trkpt>
      <trkpt lat="15.4377209" lon="74.3825836">
      </trkpt>
      <trkpt lat="15.4378909" lon="74.382645">
      </trkpt>
      <trkpt lat="15.4380765" lon="74.3827038">
      </trkpt>
      <trkpt lat="15.4382628" lon="74.3827417">
      </trkpt>
      <trkpt lat="15.4384492" lon="74.3827797">
      </trkpt>
      <trkpt lat="15.4387021" lon="74.3827904">
      </trkpt>
      <trkpt lat="15.4388982" lon="74.3827797">
      </trkpt>
      <trkpt lat="15.439104" lon="74.382757">
      </trkpt>
      <trkpt lat="15.4393046" lon="74.3827182">
      </trkpt>
      <trkpt lat="15.4395856" lon="74.3826501">
      </trkpt>
      <trkpt lat="15.4398149" lon="74.3825714">
      </trkpt>
      <trkpt lat="15.4408456" lon="74.3821622">
      </trkpt>
      <trkpt lat="15.4412223" lon="74.3820453">
      </trkpt>
      <trkpt lat="15.4415567" lon="74.3819833">
      </trkpt>
      <trkpt lat="15.4418038" lon="74.3819733">
      </trkpt>
      <trkpt lat="15.4420406" lon="74.3819847">
      </trkpt>
      <trkpt lat="15.4422846" lon="74.3820185">
      </trkpt>
      <trkpt lat="15.4425312" lon="74.3820898">
      </trkpt>
      <trkpt lat="15.4428468" lon="74.3821953">
      </trkpt>
      <trkpt lat="15.4431669" lon="74.3823717">
      </trkpt>
      <trkpt lat="15.4434405" lon="74.3825589">
      </trkpt>
      <trkpt lat="15.4436154" lon="74.3827025">
      </trkpt>
      <trkpt lat="15.4438335" lon="74.3829248">
      </trkpt>
      <trkpt lat="15.4439948" lon="74.3831525">
      </trkpt>
      <trkpt lat="15.4441714" lon="74.3834294">
      </trkpt>
      <trkpt lat="15.4442962" lon="74.3837063">
      </trkpt>
      <trkpt lat="15.4443959" lon="74.383957">
      </trkpt>
      <trkpt lat="15.4444864" lon="74.3843021">
      </trkpt>
      <trkpt lat="15.4445303" lon="74.3846392">
      </trkpt>
      <trkpt lat="15.4445297" lon="74.3850465">
      </trkpt>
      <trkpt lat="15.4444826" lon="74.3854323">
      </trkpt>
      <trkpt lat="15.4443781" lon="74.3858767">
      </trkpt>
      <trkpt lat="15.4441737" lon="74.3868391">
      </trkpt>
      <trkpt lat="15.4441555" lon="74.3872731">
      </trkpt>
      <trkpt lat="15.4441739" lon="74.3876209">
      </trkpt>
      <trkpt lat="15.4442311" lon="74.3879848">
      </trkpt>
      <trkpt lat="15.4443096" lon="74.3882781">
      </trkpt>
      <trkpt lat="15.4444087" lon="74.3885767">
      </trkpt>
      <trkpt lat="15.4446026" lon="74.3890435">
      </trkpt>
      <trkpt lat="15.4450706" lon="74.3900199">
      </trkpt>
      <trkpt lat="15.4453767" lon="74.3907081">
      </trkpt>
      <trkpt lat="15.4459023" lon="74.3918394">
      </trkpt>
      <trkpt lat="15.4465825" lon="74.3930688">
      </trkpt>
      <trkpt lat="15.4473454" lon="74.3943144">
      </trkpt>
      <trkpt lat="15.4483233" lon="74.3959191">
      </trkpt>
      <trkpt lat="15.4484917" lon="74.3962653">
      </trkpt>
      <trkpt lat="15.4486314" lon="74.3966281">
      </trkpt>
      <trkpt lat="15.448735" lon="74.3969695">
      </trkpt>
      <trkpt lat="15.4487864" lon="74.397241">
      </trkpt>
      <trkpt lat="15.4488223" lon="74.3975071">
      </trkpt>
      <trkpt lat="15.448857" lon="74.3977781">
      </trkpt>
      <trkpt lat="15.4488732" lon="74.3981161">
      </trkpt>
      <trkpt lat="15.448879" lon="74.3983569">
      </trkpt>
      <trkpt lat="15.4488847" lon="74.3986216">
      </trkpt>
      <trkpt lat="15.4488857" lon="74.3991251">
      </trkpt>
      <trkpt lat="15.4489917" lon="74.4045507">
      </trkpt>
      <trkpt lat="15.4489966" lon="74.4048779">
      </trkpt>
      <trkpt lat="15.4490169" lon="74.4052694">
      </trkpt>
      <trkpt lat="15.4490591" lon="74.4056884">
      </trkpt>
      <trkpt lat="15.4491237" lon="74.4060448">
      </trkpt>
      <trkpt lat="15.4492006" lon="74.4064002">
      </trkpt>
      <trkpt lat="15.4492914" lon="74.4067091">
      </trkpt>
      <trkpt lat="15.449391" lon="74.4070074">
      </trkpt>
      <trkpt lat="15.4495195" lon="74.4073207">
      </trkpt>
      <trkpt lat="15.44969" lon="74.4076605">
      </trkpt>
      <trkpt lat="15.4498771" lon="74.4079785">
      </trkpt>
      <trkpt lat="15.4500553" lon="74.4082407">
      </trkpt>
      <trkpt lat="15.4502345" lon="74.4084825">
      </trkpt>
      <trkpt lat="15.4504616" lon="74.4087509">
      </trkpt>
      <trkpt lat="15.4517679" lon="74.4101951">
      </trkpt>
      <trkpt lat="15.4527106" lon="74.411228">
      </trkpt>
      <trkpt lat="15.4531" lon="74.4116693">
      </trkpt>
      <trkpt lat="15.4533866" lon="74.4120108">
      </trkpt>
      <trkpt lat="15.4536014" lon="74.4123173">
      </trkpt>
      <trkpt lat="15.4538032" lon="74.4126753">
      </trkpt>
      <trkpt lat="15.4539642" lon="74.4130361">
      </trkpt>
      <trkpt lat="15.4540751" lon="74.4133974">
      </trkpt>
      <trkpt lat="15.4541407" lon="74.4137381">
      </trkpt>
      <trkpt lat="15.4541859" lon="74.4141119">
      </trkpt>
      <trkpt lat="15.454185" lon="74.4145279">
      </trkpt>
      <trkpt lat="15.4541373" lon="74.4149617">
      </trkpt>
      <trkpt lat="15.4540172" lon="74.4154346">
      </trkpt>
      <trkpt lat="15.4538596" lon="74.4158566">
      </trkpt>
      <trkpt lat="15.4536913" lon="74.4161892">
      </trkpt>
      <trkpt lat="15.453511" lon="74.4164975">
      </trkpt>
      <trkpt lat="15.4531589" lon="74.4170519">
      </trkpt>
      <trkpt lat="15.4529462" lon="74.4174521">
      </trkpt>
      <trkpt lat="15.4527869" lon="74.4178049">
      </trkpt>
      <trkpt lat="15.452666" lon="74.4181689">
      </trkpt>
      <trkpt lat="15.4525629" lon="74.4185673">
      </trkpt>
      <trkpt lat="15.4525136" lon="74.4189078">
      </trkpt>
      <trkpt lat="15.4524869" lon="74.4193575">
      </trkpt>
      <trkpt lat="15.4524959" lon="74.4197886">
      </trkpt>
      <trkpt lat="15.4525366" lon="74.4201798">
      </trkpt>
      <trkpt lat="15.4527156" lon="74.421264">
      </trkpt>
      <trkpt lat="15.4527864" lon="74.421594">
      </trkpt>
      <trkpt lat="15.4528571" lon="74.4218456">
      </trkpt>
      <trkpt lat="15.4537414" lon="74.4246454">
      </trkpt>
      <trkpt lat="15.4538955" lon="74.4250718">
      </trkpt>
      <trkpt lat="15.4540843" lon="74.4254394">
      </trkpt>
      <trkpt lat="15.4543028" lon="74.4257608">
      </trkpt>
      <trkpt lat="15.4546079" lon="74.4260999">
      </trkpt>
      <trkpt lat="15.4548935" lon="74.4263557">
      </trkpt>
      <trkpt lat="15.4551992" lon="74.4265677">
      </trkpt>
      <trkpt lat="15.4566877" lon="74.4275">
      </trkpt>
      <trkpt lat="15.456992" lon="74.4277388">
      </trkpt>
      <trkpt lat="15.4572768" lon="74.4280446">
      </trkpt>
      <trkpt lat="15.4574881" lon="74.4283345">
      </trkpt>
      <trkpt lat="15.4576744" lon="74.4286875">
      </trkpt>
      <trkpt lat="15.45782" lon="74.4290914">
      </trkpt>
      <trkpt lat="15.4578996" lon="74.4294954">
      </trkpt>
      <trkpt lat="15.4579269" lon="74.4297756">
      </trkpt>
      <trkpt lat="15.4579076" lon="74.4301138">
      </trkpt>
      <trkpt lat="15.457863" lon="74.4304555">
      </trkpt>
      <trkpt lat="15.4577788" lon="74.4307964">
      </trkpt>
      <trkpt lat="15.4576855" lon="74.4311043">
      </trkpt>
      <trkpt lat="15.4563211" lon="74.4351861">
      </trkpt>
      <trkpt lat="15.4562141" lon="74.4355795">
      </trkpt>
      <trkpt lat="15.456166" lon="74.4359519">
      </trkpt>
      <trkpt lat="15.4561584" lon="74.436397">
      </trkpt>
      <trkpt lat="15.456202" lon="74.4368186">
      </trkpt>
      <trkpt lat="15.4563174" lon="74.43737">
      </trkpt>
      <trkpt lat="15.4563764" lon="74.4377959">
      </trkpt>
      <trkpt lat="15.4563976" lon="74.4380894">
      </trkpt>
      <trkpt lat="15.4564971" lon="74.4409888">
      </trkpt>
      <trkpt lat="15.4564895" lon="74.441466">
      </trkpt>
      <trkpt lat="15.456419" lon="74.4419638">
      </trkpt>
      <trkpt lat="15.4562972" lon="74.4424004">
      </trkpt>
      <trkpt lat="15.4561258" lon="74.4428107">
      </trkpt>
      <trkpt lat="15.4559381" lon="74.4431552">
      </trkpt>
      <trkpt lat="15.4557248" lon="74.4434522">
      </trkpt>
      <trkpt lat="15.4554876" lon="74.4437273">
      </trkpt>
      <trkpt lat="15.4549782" lon="74.4442447">
      </trkpt>
      <trkpt lat="15.4548387" lon="74.4443957">
      </trkpt>
      <trkpt lat="15.4546526" lon="74.4446234">
      </trkpt>
      <trkpt lat="15.4544979" lon="74.4448579">
      </trkpt>
      <trkpt lat="15.4543483" lon="74.4451397">
      </trkpt>
      <trkpt lat="15.4542291" lon="74.4454462">
      </trkpt>
      <trkpt lat="15.4541407" lon="74.445807">
      </trkpt>
      <trkpt lat="15.4540974" lon="74.4462219">
      </trkpt>
      <trkpt lat="15.4541024" lon="74.44657">
      </trkpt>
      <trkpt lat="15.4541459" lon="74.4468844">
      </trkpt>
      <trkpt lat="15.4542464" lon="74.4472628">
      </trkpt>
      <trkpt lat="15.4543623" lon="74.4475696">
      </trkpt>
      <trkpt lat="15.4546848" lon="74.4482787">
      </trkpt>
      <trkpt lat="15.4548378" lon="74.448672">
      </trkpt>
      <trkpt lat="15.4549617" lon="74.4490571">
      </trkpt>
      <trkpt lat="15.4550466" lon="74.4494566">
      </trkpt>
      <trkpt lat="15.4550817" lon="74.4497592">
      </trkpt>
      <trkpt lat="15.4550851" lon="74.450122">
      </trkpt>
      <trkpt lat="15.4550409" lon="74.4512861">
      </trkpt>
      <trkpt lat="15.4549957" lon="74.4517272">
      </trkpt>
      <trkpt lat="15.454908" lon="74.452126">
      </trkpt>
      <trkpt lat="15.4547118" lon="74.4525741">
      </trkpt>
      <trkpt lat="15.4544767" lon="74.4529348">
      </trkpt>
      <trkpt lat="15.454223" lon="74.4532364">
      </trkpt>
      <trkpt lat="15.4508779" lon="74.4566335">
      </trkpt>
      <trkpt lat="15.4506075" lon="74.4568835">
      </trkpt>
      <trkpt lat="15.4502442" lon="74.4571547">
      </trkpt>
      <trkpt lat="15.4499232" lon="74.4573388">
      </trkpt>
      <trkpt lat="15.4496472" lon="74.4574597">
      </trkpt>
      <trkpt lat="15.4490063" lon="74.4577199">
      </trkpt>
      <trkpt lat="15.4486867" lon="74.4578576">
      </trkpt>
      <trkpt lat="15.4483406" lon="74.4580424">
      </trkpt>
      <trkpt lat="15.4479677" lon="74.4582641">
      </trkpt>
      <trkpt lat="15.4476081" lon="74.4585456">
      </trkpt>
      <trkpt lat="15.4472486" lon="74.4588946">
      </trkpt>
      <trkpt lat="15.4469668" lon="74.4592469">
      </trkpt>
      <trkpt lat="15.4467077" lon="74.459607">
      </trkpt>
      <trkpt lat="15.4464327" lon="74.4600836">
      </trkpt>
      <trkpt lat="15.44624" lon="74.4605086">
      </trkpt>
      <trkpt lat="15.4460564" lon="74.4609635">
      </trkpt>
      <trkpt lat="15.4459488" lon="74.4613278">
      </trkpt>
      <trkpt lat="15.4445651" lon="74.4668114">
      </trkpt>
      <trkpt lat="15.444492" lon="74.4672226">
      </trkpt>
      <trkpt lat="15.444454" lon="74.4676206">
      </trkpt>
      <trkpt lat="15.4444658" lon="74.468079">
      </trkpt>
      <trkpt lat="15.4445434" lon="74.4685364">
      </trkpt>
      <trkpt lat="15.4446858" lon="74.4690079">
      </trkpt>
      <trkpt lat="15.444861" lon="74.4693814">
      </trkpt>
      <trkpt lat="15.4450698" lon="74.4697205">
      </trkpt>
      <trkpt lat="15.4456855" lon="74.470553">
      </trkpt>
      <trkpt lat="15.445914" lon="74.4709169">
      </trkpt>
      <trkpt lat="15.4461358" lon="74.4713802">
      </trkpt>
      <trkpt lat="15.4462719" lon="74.4717998">
      </trkpt>
      <trkpt lat="15.4463556" lon="74.4722191">
      </trkpt>
      <trkpt lat="15.4463763" lon="74.4726375">
      </trkpt>
      <trkpt lat="15.4463536" lon="74.4730614">
      </trkpt>
      <trkpt lat="15.4462748" lon="74.4734528">
      </trkpt>
      <trkpt lat="15.44619" lon="74.473794">
      </trkpt>
      <trkpt lat="15.4459837" lon="74.4745428">
      </trkpt>
      <trkpt lat="15.4459051" lon="74.4749801">
      </trkpt>
      <trkpt lat="15.445873" lon="74.4754269">
      </trkpt>
      <trkpt lat="15.4458852" lon="74.4759263">
      </trkpt>
      <trkpt lat="15.4459444" lon="74.4763877">
      </trkpt>
      <trkpt lat="15.4460504" lon="74.4768281">
      </trkpt>
      <trkpt lat="15.4461808" lon="74.4772319">
      </trkpt>
      <trkpt lat="15.4464868" lon="74.4780673">
      </trkpt>
      <trkpt lat="15.446628" lon="74.478516">
      </trkpt>
      <trkpt lat="15.4467239" lon="74.4789579">
      </trkpt>
      <trkpt lat="15.4467539" lon="74.4794532">
      </trkpt>
      <trkpt lat="15.4467379" lon="74.4798298">
      </trkpt>
      <trkpt lat="15.4466687" lon="74.4802809">
      </trkpt>
      <trkpt lat="15.4465551" lon="74.4806253">
      </trkpt>
      <trkpt lat="15.4463809" lon="74.4809978">
      </trkpt>
      <trkpt lat="15.4461225" lon="74.4814075">
      </trkpt>
      <trkpt lat="15.4458203" lon="74.4817781">
      </trkpt>
      <trkpt lat="15.4454942" lon="74.4821014">
      </trkpt>
      <trkpt lat="15.445217" lon="74.4823353">
      </trkpt>
      <trkpt lat="15.4449415" lon="74.4825229">
      </trkpt>
      <trkpt lat="15.4440521" lon="74.4830177">
      </trkpt>
      <trkpt lat="15.4438074" lon="74.4831585">
      </trkpt>
      <trkpt lat="15.4434792" lon="74.4834238">
      </trkpt>
      <trkpt lat="15.4432511" lon="74.4836726">
      </trkpt>
      <trkpt lat="15.4430369" lon="74.4839629">
      </trkpt>
      <trkpt lat="15.4428661" lon="74.4842777">
      </trkpt>
      <trkpt lat="15.4427545" lon="74.4845582">
      </trkpt>
      <trkpt lat="15.4426467" lon="74.4849253">
      </trkpt>
      <trkpt lat="15.4426" lon="74.4853222">
      </trkpt>
      <trkpt lat="15.4425674" lon="74.4856849">
      </trkpt>
      <trkpt lat="15.442528" lon="74.4863072">
      </trkpt>
      <trkpt lat="15.4425064" lon="74.486632">
      </trkpt>
      <trkpt lat="15.4424987" lon="74.4868812">
      </trkpt>
      <trkpt lat="15.4425091" lon="74.4871227">
      </trkpt>
      <trkpt lat="15.4425434" lon="74.4873966">
      </trkpt>
      <trkpt lat="15.4426036" lon="74.4876886">
      </trkpt>
      <trkpt lat="15.4426557" lon="74.4879614">
      </trkpt>
      <trkpt lat="15.4427406" lon="74.4882283">
      </trkpt>
      <trkpt lat="15.4428508" lon="74.4884701">
      </trkpt>
      <trkpt lat="15.4429929" lon="74.4887291">
      </trkpt>
      <trkpt lat="15.4431515" lon="74.4889535">
      </trkpt>
      <trkpt lat="15.443711" lon="74.4896483">
      </trkpt>
      <trkpt lat="15.443909" lon="74.4899016">
      </trkpt>
      <trkpt lat="15.4440647" lon="74.4901253">
      </trkpt>
      <trkpt lat="15.4442105" lon="74.4903746">
      </trkpt>
      <trkpt lat="15.4443244" lon="74.4906065">
      </trkpt>
      <trkpt lat="15.4444448" lon="74.4908658">
      </trkpt>
      <trkpt lat="15.4445413" lon="74.4911343">
      </trkpt>
      <trkpt lat="15.4446665" lon="74.4915148">
      </trkpt>
      <trkpt lat="15.4448337" lon="74.4919948">
      </trkpt>
      <trkpt lat="15.444959" lon="74.49236">
      </trkpt>
      <trkpt lat="15.4450642" lon="74.4926278">
      </trkpt>
      <trkpt lat="15.4452183" lon="74.4929805">
      </trkpt>
      <trkpt lat="15.4454001" lon="74.4932925">
      </trkpt>
      <trkpt lat="15.4456001" lon="74.4935548">
      </trkpt>
      <trkpt lat="15.4457739" lon="74.4937545">
      </trkpt>
      <trkpt lat="15.4459671" lon="74.493962">
      </trkpt>
      <trkpt lat="15.4461707" lon="74.4941429">
      </trkpt>
      <trkpt lat="15.4463718" lon="74.4943224">
      </trkpt>
      <trkpt lat="15.4466373" lon="74.4945167">
      </trkpt>
      <trkpt lat="15.4472428" lon="74.4949557">
      </trkpt>
      <trkpt lat="15.4474842" lon="74.4951318">
      </trkpt>
      <trkpt lat="15.4477894" lon="74.4953457">
      </trkpt>
      <trkpt lat="15.4500677" lon="74.4969781">
      </trkpt>
      <trkpt lat="15.450267" lon="74.4971204">
      </trkpt>
      <trkpt lat="15.450433" lon="74.4972439">
      </trkpt>
      <trkpt lat="15.4523924" lon="74.4988258">
      </trkpt>
      <trkpt lat="15.4527086" lon="74.4991042">
      </trkpt>
      <trkpt lat="15.4530252" lon="74.4994297">
      </trkpt>
      <trkpt lat="15.4532273" lon="74.4996606">
      </trkpt>
      <trkpt lat="15.4534639" lon="74.4999758">
      </trkpt>
      <trkpt lat="15.4536595" lon="74.5002948">
      </trkpt>
      <trkpt lat="15.4537533" lon="74.5004769">
      </trkpt>
      <trkpt lat="15.4538971" lon="74.5007651">
      </trkpt>
      <trkpt lat="15.4546407" lon="74.5023534">
      </trkpt>
      <trkpt lat="15.4548251" lon="74.5027796">
      </trkpt>
      <trkpt lat="15.4555259" lon="74.5042979">
      </trkpt>
      <trkpt lat="15.4557612" lon="74.5048032">
      </trkpt>
      <trkpt lat="15.4559881" lon="74.5052964">
      </trkpt>
      <trkpt lat="15.4562097" lon="74.5057642">
      </trkpt>
      <trkpt lat="15.4563643" lon="74.5060711">
      </trkpt>
      <trkpt lat="15.4565614" lon="74.5063779">
      </trkpt>
      <trkpt lat="15.4567944" lon="74.5066763">
      </trkpt>
      <trkpt lat="15.457048" lon="74.5069395">
      </trkpt>
      <trkpt lat="15.4573599" lon="74.5071791">
      </trkpt>
      <trkpt lat="15.4576345" lon="74.5073448">
      </trkpt>
      <trkpt lat="15.4579883" lon="74.5075174">
      </trkpt>
      <trkpt lat="15.45832" lon="74.5076393">
      </trkpt>
      <trkpt lat="15.4586749" lon="74.5077344">
      </trkpt>
      <trkpt lat="15.4588933" lon="74.5077692">
      </trkpt>
      <trkpt lat="15.4591351" lon="74.5077829">
      </trkpt>
      <trkpt lat="15.462098" lon="74.5079639">
      </trkpt>
      <trkpt lat="15.4624952" lon="74.5079987">
      </trkpt>
      <trkpt lat="15.4629174" lon="74.508061">
      </trkpt>
      <trkpt lat="15.4631938" lon="74.5081335">
      </trkpt>
      <trkpt lat="15.4634851" lon="74.508258">
      </trkpt>
      <trkpt lat="15.4638091" lon="74.508452">
      </trkpt>
      <trkpt lat="15.4642662" lon="74.5087928">
      </trkpt>
      <trkpt lat="15.4654068" lon="74.5096146">
      </trkpt>
      <trkpt lat="15.4656592" lon="74.509789">
      </trkpt>
      <trkpt lat="15.4659458" lon="74.5099507">
      </trkpt>
      <trkpt lat="15.4673749" lon="74.5106004">
      </trkpt>
      <trkpt lat="15.4677175" lon="74.5107795">
      </trkpt>
      <trkpt lat="15.468044" lon="74.5110071">
      </trkpt>
      <trkpt lat="15.4696667" lon="74.5121393">
      </trkpt>
      <trkpt lat="15.4700497" lon="74.5123891">
      </trkpt>
      <trkpt lat="15.4703218" lon="74.5125103">
      </trkpt>
      <trkpt lat="15.470604" lon="74.512611">
      </trkpt>
      <trkpt lat="15.4708779" lon="74.5126668">
      </trkpt>
      <trkpt lat="15.4711352" lon="74.5126843">
      </trkpt>
      <trkpt lat="15.4714677" lon="74.512666">
      </trkpt>
      <trkpt lat="15.4718092" lon="74.5126229">
      </trkpt>
      <trkpt lat="15.4728701" lon="74.5124364">
      </trkpt>
      <trkpt lat="15.47323" lon="74.5124049">
      </trkpt>
      <trkpt lat="15.4736194" lon="74.5124256">
      </trkpt>
      <trkpt lat="15.4740033" lon="74.5125069">
      </trkpt>
      <trkpt lat="15.4743355" lon="74.5126254">
      </trkpt>
      <trkpt lat="15.4746429" lon="74.5127799">
      </trkpt>
      <trkpt lat="15.4749542" lon="74.512996">
      </trkpt>
      <trkpt lat="15.4752432" lon="74.5132636">
      </trkpt>
      <trkpt lat="15.4754892" lon="74.5135779">
      </trkpt>
      <trkpt lat="15.4756812" lon="74.513902">
      </trkpt>
      <trkpt lat="15.4758105" lon="74.5141679">
      </trkpt>
      <trkpt lat="15.4759226" lon="74.5144215">
      </trkpt>
      <trkpt lat="15.4774924" lon="74.5183645">
      </trkpt>
      <trkpt lat="15.4776733" lon="74.5188198">
      </trkpt>
      <trkpt lat="15.4781195" lon="74.5199028">
      </trkpt>
      <trkpt lat="15.4782305" lon="74.5202421">
      </trkpt>
      <trkpt lat="15.4783079" lon="74.5205549">
      </trkpt>
      <trkpt lat="15.4783569" lon="74.5208984">
      </trkpt>
      <trkpt lat="15.4783658" lon="74.5211651">
      </trkpt>
      <trkpt lat="15.4783514" lon="74.5214162">
      </trkpt>
      <trkpt lat="15.4783217" lon="74.5216283">
      </trkpt>
      <trkpt lat="15.4782562" lon="74.5218976">
      </trkpt>
      <trkpt lat="15.4781726" lon="74.5221864">
      </trkpt>
      <trkpt lat="15.4780728" lon="74.5224012">
      </trkpt>
      <trkpt lat="15.4779456" lon="74.5226403">
      </trkpt>
      <trkpt lat="15.4777835" lon="74.5228683">
      </trkpt>
      <trkpt lat="15.4776084" lon="74.5230736">
      </trkpt>
      <trkpt lat="15.4773722" lon="74.5232975">
      </trkpt>
      <trkpt lat="15.476056" lon="74.5245223">
      </trkpt>
      <trkpt lat="15.4758452" lon="74.5247254">
      </trkpt>
      <trkpt lat="15.4756712" lon="74.5249233">
      </trkpt>
      <trkpt lat="15.4755023" lon="74.5251474">
      </trkpt>
      <trkpt lat="15.4753966" lon="74.5253229">
      </trkpt>
      <trkpt lat="15.4752959" lon="74.525515">
      </trkpt>
      <trkpt lat="15.4751946" lon="74.5257585">
      </trkpt>
      <trkpt lat="15.4751119" lon="74.5260432">
      </trkpt>
      <trkpt lat="15.4750604" lon="74.5263098">
      </trkpt>
      <trkpt lat="15.4750337" lon="74.526502">
      </trkpt>
      <trkpt lat="15.4749995" lon="74.527078">
      </trkpt>
      <trkpt lat="15.4749876" lon="74.5275119">
      </trkpt>
      <trkpt lat="15.4749786" lon="74.5277309">
      </trkpt>
      <trkpt lat="15.4749112" lon="74.5293691">
      </trkpt>
      <trkpt lat="15.4748348" lon="74.5315759">
      </trkpt>
      <trkpt lat="15.4748011" lon="74.5320323">
      </trkpt>
      <trkpt lat="15.4747249" lon="74.532495">
      </trkpt>
      <trkpt lat="15.4746208" lon="74.5329081">
      </trkpt>
      <trkpt lat="15.4744893" lon="74.5332649">
      </trkpt>
      <trkpt lat="15.474277" lon="74.5336536">
      </trkpt>
      <trkpt lat="15.474052" lon="74.5340026">
      </trkpt>
      <trkpt lat="15.473874" lon="74.5342314">
      </trkpt>
      <trkpt lat="15.4736216" lon="74.5344894">
      </trkpt>
      <trkpt lat="15.4727614" lon="74.5352628">
      </trkpt>
      <trkpt lat="15.4718247" lon="74.5361323">
      </trkpt>
      <trkpt lat="15.4715274" lon="74.5363837">
      </trkpt>
      <trkpt lat="15.471212" lon="74.5366099">
      </trkpt>
      <trkpt lat="15.4708993" lon="74.5368076">
      </trkpt>
      <trkpt lat="15.4705076" lon="74.5369977">
      </trkpt>
      <trkpt lat="15.470121" lon="74.5371354">
      </trkpt>
      <trkpt lat="15.4697539" lon="74.537264">
      </trkpt>
      <trkpt lat="15.4694431" lon="74.5373544">
      </trkpt>
      <trkpt lat="15.4691138" lon="74.5374158">
      </trkpt>
      <trkpt lat="15.4687672" lon="74.5374615">
      </trkpt>
      <trkpt lat="15.4654315" lon="74.5378615">
      </trkpt>
      <trkpt lat="15.4651657" lon="74.5378976">
      </trkpt>
      <trkpt lat="15.4647956" lon="74.5379644">
      </trkpt>
      <trkpt lat="15.4643091" lon="74.5381096">
      </trkpt>
      <trkpt lat="15.4639561" lon="74.5382425">
      </trkpt>
      <trkpt lat="15.4584874" lon="74.5403955">
      </trkpt>
      <trkpt lat="15.458107" lon="74.5405382">
      </trkpt>
      <trkpt lat="15.4576369" lon="74.5406878">
      </trkpt>
      <trkpt lat="15.457213" lon="74.5407926">
      </trkpt>
      <trkpt lat="15.4568067" lon="74.5408794">
      </trkpt>
      <trkpt lat="15.4564283" lon="74.5409412">
      </trkpt>
      <trkpt lat="15.4557362" lon="74.5410074">
      </trkpt>
      <trkpt lat="15.4553615" lon="74.5410502">
      </trkpt>
      <trkpt lat="15.4550202" lon="74.5411294">
      </trkpt>
      <trkpt lat="15.4546243" lon="74.5412844">
      </trkpt>
      <trkpt lat="15.4543296" lon="74.5414363">
      </trkpt>
      <trkpt lat="15.4539795" lon="74.5416388">
      </trkpt>
      <trkpt lat="15.4537088" lon="74.5418462">
      </trkpt>
      <trkpt lat="15.4519342" lon="74.5435289">
      </trkpt>
      <trkpt lat="15.4516884" lon="74.5437853">
      </trkpt>
      <trkpt lat="15.451448" lon="74.5440666">
      </trkpt>
      <trkpt lat="15.4511812" lon="74.5444032">
      </trkpt>
      <trkpt lat="15.4489934" lon="74.5475385">
      </trkpt>
      <trkpt lat="15.4487929" lon="74.5478418">
      </trkpt>
      <trkpt lat="15.4485928" lon="74.5481818">
      </trkpt>
      <trkpt lat="15.4484176" lon="74.5486084">
      </trkpt>
      <trkpt lat="15.4483091" lon="74.5489975">
      </trkpt>
      <trkpt lat="15.448255" lon="74.5493839">
      </trkpt>
      <trkpt lat="15.448226" lon="74.5498195">
      </trkpt>
      <trkpt lat="15.4482286" lon="74.5522131">
      </trkpt>
      <trkpt lat="15.4482252" lon="74.5526395">
      </trkpt>
      <trkpt lat="15.4481853" lon="74.553045">
      </trkpt>
      <trkpt lat="15.4481391" lon="74.5533244">
      </trkpt>
      <trkpt lat="15.44807" lon="74.5536416">
      </trkpt>
      <trkpt lat="15.4479483" lon="74.5540749">
      </trkpt>
      <trkpt lat="15.4458741" lon="74.5612511">
      </trkpt>
      <trkpt lat="15.4457706" lon="74.5616776">
      </trkpt>
      <trkpt lat="15.4457136" lon="74.5620598">
      </trkpt>
      <trkpt lat="15.4456863" lon="74.5624601">
      </trkpt>
      <trkpt lat="15.4456981" lon="74.5629155">
      </trkpt>
      <trkpt lat="15.4457651" lon="74.5634363">
      </trkpt>
      <trkpt lat="15.4458704" lon="74.5639344">
      </trkpt>
      <trkpt lat="15.4460117" lon="74.564403">
      </trkpt>
      <trkpt lat="15.4462287" lon="74.5649227">
      </trkpt>
      <trkpt lat="15.4465064" lon="74.565405">
      </trkpt>
      <trkpt lat="15.4468097" lon="74.5658217">
      </trkpt>
      <trkpt lat="15.4470936" lon="74.5661454">
      </trkpt>
      <trkpt lat="15.4474073" lon="74.5664404">
      </trkpt>
      <trkpt lat="15.4476676" lon="74.5666585">
      </trkpt>
      <trkpt lat="15.4483673" lon="74.5672251">
      </trkpt>
      <trkpt lat="15.4486735" lon="74.5675116">
      </trkpt>
      <trkpt lat="15.4489573" lon="74.5678663">
      </trkpt>
      <trkpt lat="15.4492311" lon="74.5683286">
      </trkpt>
      <trkpt lat="15.4494289" lon="74.5688033">
      </trkpt>
      <trkpt lat="15.4495768" lon="74.5693083">
      </trkpt>
      <trkpt lat="15.4496562" lon="74.5698168">
      </trkpt>
      <trkpt lat="15.4496749" lon="74.570366">
      </trkpt>
      <trkpt lat="15.4496387" lon="74.5710263">
      </trkpt>
      <trkpt lat="15.4496383" lon="74.5713696">
      </trkpt>
      <trkpt lat="15.449678" lon="74.5718151">
      </trkpt>
      <trkpt lat="15.4497447" lon="74.5721651">
      </trkpt>
      <trkpt lat="15.4498803" lon="74.5725869">
      </trkpt>
      <trkpt lat="15.4500261" lon="74.5729066">
      </trkpt>
      <trkpt lat="15.4502276" lon="74.573264">
      </trkpt>
      <trkpt lat="15.4504203" lon="74.5735135">
      </trkpt>
      <trkpt lat="15.450657" lon="74.5737771">
      </trkpt>
      <trkpt lat="15.4508212" lon="74.573935">
      </trkpt>
      <trkpt lat="15.4509942" lon="74.5740672">
      </trkpt>
      <trkpt lat="15.451227" lon="74.5742333">
      </trkpt>
      <trkpt lat="15.4514972" lon="74.5744083">
      </trkpt>
      <trkpt lat="15.4520401" lon="74.5747236">
      </trkpt>
      <trkpt lat="15.4523784" lon="74.5749469">
      </trkpt>
      <trkpt lat="15.4525633" lon="74.5750779">
      </trkpt>
      <trkpt lat="15.4527511" lon="74.5752445">
      </trkpt>
      <trkpt lat="15.4529618" lon="74.5754884">
      </trkpt>
      <trkpt lat="15.4531608" lon="74.5757615">
      </trkpt>
      <trkpt lat="15.4533003" lon="74.5760112">
      </trkpt>
      <trkpt lat="15.4534205" lon="74.5762816">
      </trkpt>
      <trkpt lat="15.4535224" lon="74.5765947">
      </trkpt>
      <trkpt lat="15.4535917" lon="74.5769259">
      </trkpt>
      <trkpt lat="15.4536179" lon="74.5773078">
      </trkpt>
      <trkpt lat="15.4535957" lon="74.5776163">
      </trkpt>
      <trkpt lat="15.4535418" lon="74.5779891">
      </trkpt>
      <trkpt lat="15.4526173" lon="74.5818624">
      </trkpt>
      <trkpt lat="15.4524689" lon="74.5823328">
      </trkpt>
      <trkpt lat="15.4523127" lon="74.5826944">
      </trkpt>
      <trkpt lat="15.4517458" lon="74.5838353">
      </trkpt>
      <trkpt lat="15.4513777" lon="74.5845499">
      </trkpt>
      <trkpt lat="15.4511424" lon="74.5849838">
      </trkpt>
      <trkpt lat="15.4509656" lon="74.5852788">
      </trkpt>
      <trkpt lat="15.4507803" lon="74.5855501">
      </trkpt>
      <trkpt lat="15.4505224" lon="74.5858539">
      </trkpt>
      <trkpt lat="15.4502425" lon="74.5861254">
      </trkpt>
      <trkpt lat="15.449655" lon="74.5866362">
      </trkpt>
      <trkpt lat="15.449358" lon="74.5869278">
      </trkpt>
      <trkpt lat="15.4491438" lon="74.5871941">
      </trkpt>
      <trkpt lat="15.4488629" lon="74.5876105">
      </trkpt>
      <trkpt lat="15.4486886" lon="74.5879639">
      </trkpt>
      <trkpt lat="15.4485326" lon="74.5883644">
      </trkpt>
      <trkpt lat="15.4484198" lon="74.5886989">
      </trkpt>
      <trkpt lat="15.4483298" lon="74.5891102">
      </trkpt>
      <trkpt lat="15.4482739" lon="74.5894435">
      </trkpt>
      <trkpt lat="15.4482333" lon="74.5898035">
      </trkpt>
      <trkpt lat="15.4481149" lon="74.5911585">
      </trkpt>
      <trkpt lat="15.4480543" lon="74.5916158">
      </trkpt>
      <trkpt lat="15.4479652" lon="74.591943">
      </trkpt>
      <trkpt lat="15.4478149" lon="74.5923478">
      </trkpt>
      <trkpt lat="15.4476645" lon="74.5926315">
      </trkpt>
      <trkpt lat="15.447508" lon="74.5928829">
      </trkpt>
      <trkpt lat="15.4472917" lon="74.5931669">
      </trkpt>
      <trkpt lat="15.4470596" lon="74.5934113">
      </trkpt>
      <trkpt lat="15.4467877" lon="74.5936379">
      </trkpt>
      <trkpt lat="15.4464584" lon="74.5938691">
      </trkpt>
      <trkpt lat="15.4445529" lon="74.59506">
      </trkpt>
      <trkpt lat="15.4442564" lon="74.5952273">
      </trkpt>
      <trkpt lat="15.4440105" lon="74.5953463">
      </trkpt>
      <trkpt lat="15.4437391" lon="74.5954268">
      </trkpt>
      <trkpt lat="15.4434292" lon="74.5954716">
      </trkpt>
      <trkpt lat="15.4430758" lon="74.5955031">
      </trkpt>
      <trkpt lat="15.44266" lon="74.5954739">
      </trkpt>
      <trkpt lat="15.4424093" lon="74.5954427">
      </trkpt>
      <trkpt lat="15.4412218" lon="74.5952339">
      </trkpt>
      <trkpt lat="15.4408842" lon="74.5951968">
      </trkpt>
      <trkpt lat="15.4405553" lon="74.5951996">
      </trkpt>
      <trkpt lat="15.4402" lon="74.5952324">
      </trkpt>
      <trkpt lat="15.4398569" lon="74.595301">
      </trkpt>
      <trkpt lat="15.4395197" lon="74.595401">
      </trkpt>
      <trkpt lat="15.4391099" lon="74.5955732">
      </trkpt>
      <trkpt lat="15.4388402" lon="74.5957163">
      </trkpt>
      <trkpt lat="15.4356044" lon="74.5977815">
      </trkpt>
      <trkpt lat="15.4351627" lon="74.5980857">
      </trkpt>
      <trkpt lat="15.4348102" lon="74.5983444">
      </trkpt>
      <trkpt lat="15.4345232" lon="74.5986129">
      </trkpt>
      <trkpt lat="15.4342464" lon="74.5989402">
      </trkpt>
      <trkpt lat="15.4339859" lon="74.5992754">
      </trkpt>
      <trkpt lat="15.433711" lon="74.599655">
      </trkpt>
      <trkpt lat="15.4335207" lon="74.6000023">
      </trkpt>
      <trkpt lat="15.4331314" lon="74.600885">
      </trkpt>
      <trkpt lat="15.432921" lon="74.6013187">
      </trkpt>
      <trkpt lat="15.4326725" lon="74.6017227">
      </trkpt>
      <trkpt lat="15.4323539" lon="74.6021505">
      </trkpt>
      <trkpt lat="15.43205" lon="74.6024827">
      </trkpt>
      <trkpt lat="15.4317229" lon="74.6027889">
      </trkpt>
      <trkpt lat="15.431433" lon="74.6030278">
      </trkpt>
      <trkpt lat="15.4311423" lon="74.6032282">
      </trkpt>
      <trkpt lat="15.424652" lon="74.6077531">
      </trkpt>
      <trkpt lat="15.4242275" lon="74.6080757">
      </trkpt>
      <trkpt lat="15.4238579" lon="74.6084169">
      </trkpt>
      <trkpt lat="15.4235185" lon="74.6087973">
      </trkpt>
      <trkpt lat="15.4232264" lon="74.6091683">
      </trkpt>
      <trkpt lat="15.4223596" lon="74.6103467">
      </trkpt>
      <trkpt lat="15.4221009" lon="74.6107701">
      </trkpt>
      <trkpt lat="15.4218608" lon="74.6112095">
      </trkpt>
      <trkpt lat="15.421632" lon="74.6117725">
      </trkpt>
      <trkpt lat="15.4214789" lon="74.6122987">
      </trkpt>
      <trkpt lat="15.4213741" lon="74.6128362">
      </trkpt>
      <trkpt lat="15.4213378" lon="74.6132994">
      </trkpt>
      <trkpt lat="15.4213333" lon="74.6137707">
      </trkpt>
      <trkpt lat="15.4214101" lon="74.6148943">
      </trkpt>
      <trkpt lat="15.4214567" lon="74.6152208">
      </trkpt>
      <trkpt lat="15.4215594" lon="74.6156071">
      </trkpt>
      <trkpt lat="15.4216352" lon="74.6158321">
      </trkpt>
      <trkpt lat="15.4217537" lon="74.6160968">
      </trkpt>
      <trkpt lat="15.4218944" lon="74.6163678">
      </trkpt>
      <trkpt lat="15.4222865" lon="74.6170354">
      </trkpt>
      <trkpt lat="15.4224078" lon="74.6172548">
      </trkpt>
      <trkpt lat="15.4225317" lon="74.6175156">
      </trkpt>
      <trkpt lat="15.4226745" lon="74.6178213">
      </trkpt>
      <trkpt lat="15.4228292" lon="74.6182184">
      </trkpt>
      <trkpt lat="15.4229465" lon="74.6186049">
      </trkpt>
      <trkpt lat="15.4241287" lon="74.6235118">
      </trkpt>
      <trkpt lat="15.424233" lon="74.6239288">
      </trkpt>
      <trkpt lat="15.424292" lon="74.624209">
      </trkpt>
      <trkpt lat="15.4243415" lon="74.6245111">
      </trkpt>
      <trkpt lat="15.4243669" lon="74.624855">
      </trkpt>
      <trkpt lat="15.424361" lon="74.6252549">
      </trkpt>
      <trkpt lat="15.4243161" lon="74.6256287">
      </trkpt>
      <trkpt lat="15.4242252" lon="74.6260374">
      </trkpt>
      <trkpt lat="15.4240939" lon="74.6264102">
      </trkpt>
      <trkpt lat="15.4239626" lon="74.6267284">
      </trkpt>
      <trkpt lat="15.4220034" lon="74.6310561">
      </trkpt>
      <trkpt lat="15.421875" lon="74.6314137">
      </trkpt>
      <trkpt lat="15.4218027" lon="74.6317282">
      </trkpt>
      <trkpt lat="15.4217638" lon="74.6320618">
      </trkpt>
      <trkpt lat="15.4217582" lon="74.6326777">
      </trkpt>
      <trkpt lat="15.4217406" lon="74.6330336">
      </trkpt>
      <trkpt lat="15.4216889" lon="74.6333494">
      </trkpt>
      <trkpt lat="15.4215883" lon="74.6337043">
      </trkpt>
      <trkpt lat="15.4214543" lon="74.6340075">
      </trkpt>
      <trkpt lat="15.421248" lon="74.6343411">
      </trkpt>
      <trkpt lat="15.4209978" lon="74.6346518">
      </trkpt>
      <trkpt lat="15.420758" lon="74.6348913">
      </trkpt>
      <trkpt lat="15.4204919" lon="74.6350949">
      </trkpt>
      <trkpt lat="15.4201973" lon="74.6352925">
      </trkpt>
      <trkpt lat="15.4186037" lon="74.6361139">
      </trkpt>
      <trkpt lat="15.4182973" lon="74.6363406">
      </trkpt>
      <trkpt lat="15.418085" lon="74.6365419">
      </trkpt>
      <trkpt lat="15.4178727" lon="74.6368083">
      </trkpt>
      <trkpt lat="15.4177199" lon="74.6370529">
      </trkpt>
      <trkpt lat="15.4175784" lon="74.6373331">
      </trkpt>
      <trkpt lat="15.4174685" lon="74.6376332">
      </trkpt>
      <trkpt lat="15.4173699" lon="74.6379924">
      </trkpt>
      <trkpt lat="15.4171462" lon="74.6390911">
      </trkpt>
      <trkpt lat="15.4167442" lon="74.6407192">
      </trkpt>
      <trkpt lat="15.4166042" lon="74.6411831">
      </trkpt>
      <trkpt lat="15.4164809" lon="74.6414871">
      </trkpt>
      <trkpt lat="15.4162949" lon="74.6417853">
      </trkpt>
      <trkpt lat="15.4161381" lon="74.6419903">
      </trkpt>
      <trkpt lat="15.415947" lon="74.6422012">
      </trkpt>
      <trkpt lat="15.4157671" lon="74.6423723">
      </trkpt>
      <trkpt lat="15.4155244" lon="74.6425375">
      </trkpt>
      <trkpt lat="15.4152952" lon="74.6426806">
      </trkpt>
      <trkpt lat="15.4150289" lon="74.642794">
      </trkpt>
      <trkpt lat="15.4146728" lon="74.6429284">
      </trkpt>
      <trkpt lat="15.4142113" lon="74.6431012">
      </trkpt>
      <trkpt lat="15.4139493" lon="74.6432222">
      </trkpt>
      <trkpt lat="15.4137215" lon="74.6433697">
      </trkpt>
      <trkpt lat="15.4134166" lon="74.6436113">
      </trkpt>
      <trkpt lat="15.4131233" lon="74.6438914">
      </trkpt>
      <trkpt lat="15.41283" lon="74.6442187">
      </trkpt>
      <trkpt lat="15.4126099" lon="74.6445264">
      </trkpt>
      <trkpt lat="15.412441" lon="74.6447926">
      </trkpt>
      <trkpt lat="15.4122428" lon="74.6451498">
      </trkpt>
      <trkpt lat="15.4120732" lon="74.6455187">
      </trkpt>
      <trkpt lat="15.4119592" lon="74.6458068">
      </trkpt>
      <trkpt lat="15.4118078" lon="74.6462467">
      </trkpt>
      <trkpt lat="15.4116793" lon="74.6468077">
      </trkpt>
      <trkpt lat="15.4116156" lon="74.6472055">
      </trkpt>
      <trkpt lat="15.411566" lon="74.6476269">
      </trkpt>
      <trkpt lat="15.4114351" lon="74.6499543">
      </trkpt>
      <trkpt lat="15.4112948" lon="74.652655">
      </trkpt>
      <trkpt lat="15.4111566" lon="74.6553148">
      </trkpt>
      <trkpt lat="15.4110715" lon="74.6571154">
      </trkpt>
      <trkpt lat="15.4110091" lon="74.65813">
      </trkpt>
      <trkpt lat="15.4109787" lon="74.6587442">
      </trkpt>
      <trkpt lat="15.410992" lon="74.6591291">
      </trkpt>
      <trkpt lat="15.4110452" lon="74.6594845">
      </trkpt>
      <trkpt lat="15.4111693" lon="74.6599122">
      </trkpt>
      <trkpt lat="15.411374" lon="74.660311">
      </trkpt>
      <trkpt lat="15.4114875" lon="74.6605078">
      </trkpt>
      <trkpt lat="15.411675" lon="74.660746">
      </trkpt>
      <trkpt lat="15.41195" lon="74.661032">
      </trkpt>
      <trkpt lat="15.4122169" lon="74.6612192">
      </trkpt>
      <trkpt lat="15.4123948" lon="74.6613354">
      </trkpt>
      <trkpt lat="15.4126" lon="74.66144">
      </trkpt>
      <trkpt lat="15.4126785" lon="74.6614763">
      </trkpt>
      <trkpt lat="15.4127785" lon="74.6615226">
      </trkpt>
      <trkpt lat="15.4130375" lon="74.6616051">
      </trkpt>
      <trkpt lat="15.4132607" lon="74.6616752">
      </trkpt>
      <trkpt lat="15.4138592" lon="74.6618709">
      </trkpt>
      <trkpt lat="15.4140284" lon="74.6619523">
      </trkpt>
      <trkpt lat="15.4142369" lon="74.6620718">
      </trkpt>
      <trkpt lat="15.4143626" lon="74.6621608">
      </trkpt>
      <trkpt lat="15.4145101" lon="74.6622756">
      </trkpt>
      <trkpt lat="15.4146169" lon="74.6623655">
      </trkpt>
      <trkpt lat="15.4147313" lon="74.662474">
      </trkpt>
      <trkpt lat="15.4148343" lon="74.6625861">
      </trkpt>
      <trkpt lat="15.4149445" lon="74.6627132">
      </trkpt>
      <trkpt lat="15.4150472" lon="74.662864">
      </trkpt>
      <trkpt lat="15.4151259" lon="74.6629849">
      </trkpt>
      <trkpt lat="15.4152174" lon="74.6631424">
      </trkpt>
      <trkpt lat="15.4152921" lon="74.6633047">
      </trkpt>
      <trkpt lat="15.4153571" lon="74.6634743">
      </trkpt>
      <trkpt lat="15.4154293" lon="74.6637109">
      </trkpt>
      <trkpt lat="15.4154813" lon="74.6639433">
      </trkpt>
      <trkpt lat="15.4155265" lon="74.6642173">
      </trkpt>
      <trkpt lat="15.4155434" lon="74.6644789">
      </trkpt>
      <trkpt lat="15.4155371" lon="74.6647428">
      </trkpt>
      <trkpt lat="15.415487" lon="74.6651433">
      </trkpt>
      <trkpt lat="15.4153947" lon="74.6657835">
      </trkpt>
      <trkpt lat="15.4153103" lon="74.6665909">
      </trkpt>
      <trkpt lat="15.4150468" lon="74.6685647">
      </trkpt>
      <trkpt lat="15.4149733" lon="74.6690781">
      </trkpt>
      <trkpt lat="15.4148981" lon="74.6696033">
      </trkpt>
      <trkpt lat="15.414763" lon="74.670547">
      </trkpt>
      <trkpt lat="15.4146639" lon="74.6710993">
      </trkpt>
      <trkpt lat="15.4145446" lon="74.6716266">
      </trkpt>
      <trkpt lat="15.4143323" lon="74.6722495">
      </trkpt>
      <trkpt lat="15.414094" lon="74.672813">
      </trkpt>
      <trkpt lat="15.4137778" lon="74.6734246">
      </trkpt>
      <trkpt lat="15.4134347" lon="74.6739491">
      </trkpt>
      <trkpt lat="15.4132249" lon="74.6742307">
      </trkpt>
      <trkpt lat="15.4130646" lon="74.6744517">
      </trkpt>
      <trkpt lat="15.4127262" lon="74.6748867">
      </trkpt>
      <trkpt lat="15.4118539" lon="74.6758325">
      </trkpt>
      <trkpt lat="15.4115632" lon="74.6761989">
      </trkpt>
      <trkpt lat="15.4112645" lon="74.6766866">
      </trkpt>
      <trkpt lat="15.4110181" lon="74.6771742">
      </trkpt>
      <trkpt lat="15.410828" lon="74.67762">
      </trkpt>
      <trkpt lat="15.4107159" lon="74.6779886">
      </trkpt>
      <trkpt lat="15.4105998" lon="74.6784115">
      </trkpt>
      <trkpt lat="15.4105369" lon="74.6788989">
      </trkpt>
      <trkpt lat="15.4105023" lon="74.6792727">
      </trkpt>
      <trkpt lat="15.4105079" lon="74.6797176">
      </trkpt>
      <trkpt lat="15.4105292" lon="74.6808411">
      </trkpt>
      <trkpt lat="15.4106552" lon="74.6843175">
      </trkpt>
      <trkpt lat="15.4106614" lon="74.685346">
      </trkpt>
      <trkpt lat="15.4106245" lon="74.6862612">
      </trkpt>
      <trkpt lat="15.410323" lon="74.6902058">
      </trkpt>
      <trkpt lat="15.4103347" lon="74.6907025">
      </trkpt>
      <trkpt lat="15.4103986" lon="74.6913607">
      </trkpt>
      <trkpt lat="15.4105068" lon="74.6920188">
      </trkpt>
      <trkpt lat="15.4108306" lon="74.6941894">
      </trkpt>
      <trkpt lat="15.4111705" lon="74.696385">
      </trkpt>
      <trkpt lat="15.4112952" lon="74.6972515">
      </trkpt>
      <trkpt lat="15.4113434" lon="74.6977795">
      </trkpt>
      <trkpt lat="15.4113445" lon="74.6982878">
      </trkpt>
      <trkpt lat="15.4113214" lon="74.6988463">
      </trkpt>
      <trkpt lat="15.4112026" lon="74.7000386">
      </trkpt>
      <trkpt lat="15.4111655" lon="74.7007734">
      </trkpt>
      <trkpt lat="15.4112075" lon="74.7016186">
      </trkpt>
      <trkpt lat="15.4113246" lon="74.7021399">
      </trkpt>
      <trkpt lat="15.4114577" lon="74.7025692">
      </trkpt>
      <trkpt lat="15.4115911" lon="74.7029447">
      </trkpt>
      <trkpt lat="15.411797" lon="74.703362">
      </trkpt>
      <trkpt lat="15.4129866" lon="74.7057786">
      </trkpt>
      <trkpt lat="15.4143959" lon="74.7085623">
      </trkpt>
      <trkpt lat="15.4147606" lon="74.7092977">
      </trkpt>
      <trkpt lat="15.4151474" lon="74.7100725">
      </trkpt>
      <trkpt lat="15.4154819" lon="74.71063">
      </trkpt>
      <trkpt lat="15.4158631" lon="74.7111133">
      </trkpt>
      <trkpt lat="15.416259" lon="74.711517">
      </trkpt>
      <trkpt lat="15.4187173" lon="74.7135535">
      </trkpt>
      <trkpt lat="15.4190159" lon="74.7138311">
      </trkpt>
      <trkpt lat="15.4193018" lon="74.7141237">
      </trkpt>
      <trkpt lat="15.4195878" lon="74.7145086">
      </trkpt>
      <trkpt lat="15.4198359" lon="74.7148955">
      </trkpt>
      <trkpt lat="15.4200856" lon="74.7154156">
      </trkpt>
      <trkpt lat="15.4242194" lon="74.7249945">
      </trkpt>
      <trkpt lat="15.4249409" lon="74.7266856">
      </trkpt>
      <trkpt lat="15.4251256" lon="74.7271501">
      </trkpt>
      <trkpt lat="15.4252741" lon="74.727671">
      </trkpt>
      <trkpt lat="15.4253594" lon="74.728085">
      </trkpt>
      <trkpt lat="15.4254205" lon="74.7285951">
      </trkpt>
      <trkpt lat="15.4254447" lon="74.7291528">
      </trkpt>
      <trkpt lat="15.4254204" lon="74.7295942">
      </trkpt>
      <trkpt lat="15.4253738" lon="74.7300727">
      </trkpt>
      <trkpt lat="15.425275" lon="74.730939">
      </trkpt>
      <trkpt lat="15.425033" lon="74.7329324">
      </trkpt>
      <trkpt lat="15.4250175" lon="74.733044">
      </trkpt>
      <trkpt lat="15.4247424" lon="74.7353949">
      </trkpt>
      <trkpt lat="15.4239322" lon="74.7423333">
      </trkpt>
      <trkpt lat="15.4238946" lon="74.7427208">
      </trkpt>
      <trkpt lat="15.4238747" lon="74.7431699">
      </trkpt>
      <trkpt lat="15.4238756" lon="74.74354">
      </trkpt>
      <trkpt lat="15.4239221" lon="74.7440943">
      </trkpt>
      <trkpt lat="15.4239821" lon="74.7445818">
      </trkpt>
      <trkpt lat="15.4240809" lon="74.7451327">
      </trkpt>
      <trkpt lat="15.4241972" lon="74.7456896">
      </trkpt>
      <trkpt lat="15.4242936" lon="74.7461087">
      </trkpt>
      <trkpt lat="15.4246128" lon="74.7474764">
      </trkpt>
      <trkpt lat="15.4256763" lon="74.7520336">
      </trkpt>
      <trkpt lat="15.4262369" lon="74.7544457">
      </trkpt>
      <trkpt lat="15.4263231" lon="74.7549355">
      </trkpt>
      <trkpt lat="15.4263724" lon="74.7554197">
      </trkpt>
      <trkpt lat="15.4263742" lon="74.7558652">
      </trkpt>
      <trkpt lat="15.4263608" lon="74.756312">
      </trkpt>
      <trkpt lat="15.4263102" lon="74.7566779">
      </trkpt>
      <trkpt lat="15.426208" lon="74.7571511">
      </trkpt>
      <trkpt lat="15.4261024" lon="74.7575611">
      </trkpt>
      <trkpt lat="15.4244731" lon="74.762514">
      </trkpt>
      <trkpt lat="15.4243588" lon="74.7629">
      </trkpt>
      <trkpt lat="15.4242446" lon="74.7633528">
      </trkpt>
      <trkpt lat="15.4241401" lon="74.7638642">
      </trkpt>
      <trkpt lat="15.424066" lon="74.7643511">
      </trkpt>
      <trkpt lat="15.4240357" lon="74.7648559">
      </trkpt>
      <trkpt lat="15.4240272" lon="74.7652518">
      </trkpt>
      <trkpt lat="15.424039" lon="74.7656829">
      </trkpt>
      <trkpt lat="15.4241062" lon="74.7663158">
      </trkpt>
      <trkpt lat="15.4242411" lon="74.7673353">
      </trkpt>
      <trkpt lat="15.4244079" lon="74.7684644">
      </trkpt>
      <trkpt lat="15.424511" lon="74.768918">
      </trkpt>
      <trkpt lat="15.4246242" lon="74.7693153">
      </trkpt>
      <trkpt lat="15.4247918" lon="74.7697117">
      </trkpt>
      <trkpt lat="15.4249999" lon="74.7701257">
      </trkpt>
      <trkpt lat="15.4252027" lon="74.7704491">
      </trkpt>
      <trkpt lat="15.4254961" lon="74.7708573">
      </trkpt>
      <trkpt lat="15.4258302" lon="74.7712375">
      </trkpt>
      <trkpt lat="15.426098" lon="74.771508">
      </trkpt>
      <trkpt lat="15.4263962" lon="74.7717598">
      </trkpt>
      <trkpt lat="15.4267215" lon="74.7719976">
      </trkpt>
      <trkpt lat="15.4273789" lon="74.7724451">
      </trkpt>
      <trkpt lat="15.4321701" lon="74.7755651">
      </trkpt>
      <trkpt lat="15.4325799" lon="74.7758526">
      </trkpt>
      <trkpt lat="15.4329593" lon="74.7761471">
      </trkpt>
      <trkpt lat="15.4332449" lon="74.7763948">
      </trkpt>
      <trkpt lat="15.4335271" lon="74.7766566">
      </trkpt>
      <trkpt lat="15.4349932" lon="74.7781552">
      </trkpt>
      <trkpt lat="15.4364758" lon="74.779638">
      </trkpt>
      <trkpt lat="15.4371522" lon="74.78031">
      </trkpt>
      <trkpt lat="15.4374194" lon="74.7805889">
      </trkpt>
      <trkpt lat="15.4376651" lon="74.7808504">
      </trkpt>
      <trkpt lat="15.4378209" lon="74.7810153">
      </trkpt>
      <trkpt lat="15.4379613" lon="74.781173">
      </trkpt>
      <trkpt lat="15.4381137" lon="74.7813506">
      </trkpt>
      <trkpt lat="15.4383083" lon="74.781626">
      </trkpt>
      <trkpt lat="15.4384495" lon="74.7818595">
      </trkpt>
      <trkpt lat="15.4386058" lon="74.7821527">
      </trkpt>
      <trkpt lat="15.4388933" lon="74.7827594">
      </trkpt>
      <trkpt lat="15.4391905" lon="74.7833761">
      </trkpt>
      <trkpt lat="15.4394807" lon="74.783976">
      </trkpt>
      <trkpt lat="15.4397613" lon="74.7845635">
      </trkpt>
      <trkpt lat="15.4400281" lon="74.785114">
      </trkpt>
      <trkpt lat="15.4402996" lon="74.7856993">
      </trkpt>
      <trkpt lat="15.4406437" lon="74.7865443">
      </trkpt>
      <trkpt lat="15.4409069" lon="74.7872037">
      </trkpt>
      <trkpt lat="15.4412868" lon="74.7881298">
      </trkpt>
      <trkpt lat="15.4416109" lon="74.7888288">
      </trkpt>
      <trkpt lat="15.4442811" lon="74.7943741">
      </trkpt>
      <trkpt lat="15.4446075" lon="74.7950149">
      </trkpt>
      <trkpt lat="15.4448456" lon="74.7954488">
      </trkpt>
      <trkpt lat="15.445118" lon="74.7958555">
      </trkpt>
      <trkpt lat="15.445362" lon="74.7961588">
      </trkpt>
      <trkpt lat="15.445622" lon="74.796458">
      </trkpt>
      <trkpt lat="15.4458457" lon="74.7966968">
      </trkpt>
      <trkpt lat="15.4460694" lon="74.796906">
      </trkpt>
      <trkpt lat="15.446363" lon="74.797159">
      </trkpt>
      <trkpt lat="15.4465611" lon="74.7973171">
      </trkpt>
      <trkpt lat="15.4467478" lon="74.7974456">
      </trkpt>
      <trkpt lat="15.4470812" lon="74.7976612">
      </trkpt>
      <trkpt lat="15.4510227" lon="74.8001748">
      </trkpt>
      <trkpt lat="15.4518346" lon="74.8006786">
      </trkpt>
      <trkpt lat="15.4538465" lon="74.8019721">
      </trkpt>
      <trkpt lat="15.4540877" lon="74.8021537">
      </trkpt>
      <trkpt lat="15.454279" lon="74.8023114">
      </trkpt>
      <trkpt lat="15.4545" lon="74.802515">
      </trkpt>
      <trkpt lat="15.4547103" lon="74.8027496">
      </trkpt>
      <trkpt lat="15.4548582" lon="74.8029346">
      </trkpt>
      <trkpt lat="15.4550128" lon="74.8031572">
      </trkpt>
      <trkpt lat="15.4551627" lon="74.8033847">
      </trkpt>
      <trkpt lat="15.4552955" lon="74.8036287">
      </trkpt>
      <trkpt lat="15.4554403" lon="74.8039174">
      </trkpt>
      <trkpt lat="15.4556724" lon="74.804465">
      </trkpt>
      <trkpt lat="15.4562593" lon="74.8058258">
      </trkpt>
      <trkpt lat="15.4575574" lon="74.808854">
      </trkpt>
      <trkpt lat="15.4596892" lon="74.813812">
      </trkpt>
      <trkpt lat="15.4600293" lon="74.8145688">
      </trkpt>
      <trkpt lat="15.4601368" lon="74.8147926">
      </trkpt>
      <trkpt lat="15.4602635" lon="74.8150263">
      </trkpt>
      <trkpt lat="15.4604626" lon="74.8153228">
      </trkpt>
      <trkpt lat="15.4606472" lon="74.8155845">
      </trkpt>
      <trkpt lat="15.4608337" lon="74.815813">
      </trkpt>
      <trkpt lat="15.4610369" lon="74.8160389">
      </trkpt>
      <trkpt lat="15.4630391" lon="74.8180365">
      </trkpt>
      <trkpt lat="15.4633113" lon="74.8183686">
      </trkpt>
      <trkpt lat="15.4634671" lon="74.8186068">
      </trkpt>
      <trkpt lat="15.4636086" lon="74.8188773">
      </trkpt>
      <trkpt lat="15.4637164" lon="74.8190911">
      </trkpt>
      <trkpt lat="15.4638031" lon="74.8193199">
      </trkpt>
      <trkpt lat="15.4638728" lon="74.8195485">
      </trkpt>
      <trkpt lat="15.4639268" lon="74.8197747">
      </trkpt>
      <trkpt lat="15.4639856" lon="74.8200431">
      </trkpt>
      <trkpt lat="15.4640108" lon="74.8203099">
      </trkpt>
      <trkpt lat="15.4640258" lon="74.8205539">
      </trkpt>
      <trkpt lat="15.4640193" lon="74.8208377">
      </trkpt>
      <trkpt lat="15.4639867" lon="74.8211614">
      </trkpt>
      <trkpt lat="15.4639277" lon="74.8215051">
      </trkpt>
      <trkpt lat="15.4638525" lon="74.8217726">
      </trkpt>
      <trkpt lat="15.4637533" lon="74.82207">
      </trkpt>
      <trkpt lat="15.4633605" lon="74.8230484">
      </trkpt>
      <trkpt lat="15.4631913" lon="74.8234858">
      </trkpt>
      <trkpt lat="15.4630643" lon="74.8237932">
      </trkpt>
      <trkpt lat="15.4629698" lon="74.8241194">
      </trkpt>
      <trkpt lat="15.4629225" lon="74.8243751">
      </trkpt>
      <trkpt lat="15.4628946" lon="74.8246546">
      </trkpt>
      <trkpt lat="15.462891" lon="74.824886">
      </trkpt>
      <trkpt lat="15.4629111" lon="74.8251507">
      </trkpt>
      <trkpt lat="15.4629682" lon="74.8255333">
      </trkpt>
      <trkpt lat="15.463325" lon="74.8270749">
      </trkpt>
      <trkpt lat="15.4633417" lon="74.8271668">
      </trkpt>
      <trkpt lat="15.464614" lon="74.8329066">
      </trkpt>
      <trkpt lat="15.4647512" lon="74.8335355">
      </trkpt>
      <trkpt lat="15.4648836" lon="74.8340948">
      </trkpt>
      <trkpt lat="15.4650622" lon="74.8347637">
      </trkpt>
      <trkpt lat="15.4652945" lon="74.8356036">
      </trkpt>
      <trkpt lat="15.4653184" lon="74.83569">
      </trkpt>
      <trkpt lat="15.4655869" lon="74.8366607">
      </trkpt>
      <trkpt lat="15.4658084" lon="74.8374712">
      </trkpt>
      <trkpt lat="15.4658912" lon="74.8376932">
      </trkpt>
      <trkpt lat="15.4660506" lon="74.8379848">
      </trkpt>
      <trkpt lat="15.4661548" lon="74.8381396">
      </trkpt>
      <trkpt lat="15.4662973" lon="74.8383143">
      </trkpt>
      <trkpt lat="15.4664878" lon="74.8385236">
      </trkpt>
      <trkpt lat="15.4666831" lon="74.838708">
      </trkpt>
      <trkpt lat="15.4668849" lon="74.838851">
      </trkpt>
      <trkpt lat="15.4670898" lon="74.8389723">
      </trkpt>
      <trkpt lat="15.4673091" lon="74.8390837">
      </trkpt>
      <trkpt lat="15.4675188" lon="74.8391623">
      </trkpt>
      <trkpt lat="15.4677165" lon="74.8392285">
      </trkpt>
      <trkpt lat="15.4679875" lon="74.8392713">
      </trkpt>
      <trkpt lat="15.4682059" lon="74.8392979">
      </trkpt>
      <trkpt lat="15.4685944" lon="74.8393246">
      </trkpt>
      <trkpt lat="15.469357" lon="74.8394027">
      </trkpt>
      <trkpt lat="15.4697896" lon="74.839488">
      </trkpt>
      <trkpt lat="15.4701984" lon="74.8395893">
      </trkpt>
      <trkpt lat="15.4705341" lon="74.839715">
      </trkpt>
      <trkpt lat="15.4708482" lon="74.8398457">
      </trkpt>
      <trkpt lat="15.4710752" lon="74.8399574">
      </trkpt>
      <trkpt lat="15.4712878" lon="74.8400815">
      </trkpt>
      <trkpt lat="15.4714863" lon="74.8402227">
      </trkpt>
      <trkpt lat="15.4716968" lon="74.8403614">
      </trkpt>
      <trkpt lat="15.471868" lon="74.8405114">
      </trkpt>
      <trkpt lat="15.4720343" lon="74.8406615">
      </trkpt>
      <trkpt lat="15.4721987" lon="74.840826">
      </trkpt>
      <trkpt lat="15.4723344" lon="74.8409806">
      </trkpt>
      <trkpt lat="15.4724473" lon="74.8411165">
      </trkpt>
      <trkpt lat="15.4725507" lon="74.8412524">
      </trkpt>
      <trkpt lat="15.4727916" lon="74.8415775">
      </trkpt>
      <trkpt lat="15.4730346" lon="74.8419285">
      </trkpt>
      <trkpt lat="15.4733902" lon="74.842436">
      </trkpt>
      <trkpt lat="15.4737466" lon="74.8429284">
      </trkpt>
      <trkpt lat="15.4745556" lon="74.844092">
      </trkpt>
      <trkpt lat="15.4749967" lon="74.8447078">
      </trkpt>
      <trkpt lat="15.4754265" lon="74.8453117">
      </trkpt>
      <trkpt lat="15.4757646" lon="74.8457286">
      </trkpt>
      <trkpt lat="15.476043" lon="74.846045">
      </trkpt>
      <trkpt lat="15.4763379" lon="74.8463535">
      </trkpt>
      <trkpt lat="15.4766384" lon="74.8466383">
      </trkpt>
      <trkpt lat="15.4768215" lon="74.8468117">
      </trkpt>
      <trkpt lat="15.4770218" lon="74.8469968">
      </trkpt>
      <trkpt lat="15.4774279" lon="74.8473317">
      </trkpt>
      <trkpt lat="15.4797398" lon="74.8491447">
      </trkpt>
      <trkpt lat="15.4799964" lon="74.8493557">
      </trkpt>
      <trkpt lat="15.4802246" lon="74.8495666">
      </trkpt>
      <trkpt lat="15.480374" lon="74.8497087">
      </trkpt>
      <trkpt lat="15.4805405" lon="74.8498862">
      </trkpt>
      <trkpt lat="15.4807077" lon="74.8501073">
      </trkpt>
      <trkpt lat="15.4808577" lon="74.8503461">
      </trkpt>
      <trkpt lat="15.481018" lon="74.8506461">
      </trkpt>
      <trkpt lat="15.4811413" lon="74.8509343">
      </trkpt>
      <trkpt lat="15.4812397" lon="74.8512329">
      </trkpt>
      <trkpt lat="15.4812988" lon="74.8514887">
      </trkpt>
      <trkpt lat="15.4813521" lon="74.8517475">
      </trkpt>
      <trkpt lat="15.4813904" lon="74.8520736">
      </trkpt>
      <trkpt lat="15.4813944" lon="74.8523878">
      </trkpt>
      <trkpt lat="15.4813854" lon="74.8526557">
      </trkpt>
      <trkpt lat="15.4813639" lon="74.8529408">
      </trkpt>
      <trkpt lat="15.4812741" lon="74.8533677">
      </trkpt>
      <trkpt lat="15.4810716" lon="74.8544521">
      </trkpt>
      <trkpt lat="15.4809239" lon="74.8553339">
      </trkpt>
      <trkpt lat="15.4808072" lon="74.8560732">
      </trkpt>
      <trkpt lat="15.4807323" lon="74.8565712">
      </trkpt>
      <trkpt lat="15.4807057" lon="74.8569509">
      </trkpt>
      <trkpt lat="15.4806982" lon="74.8572612">
      </trkpt>
      <trkpt lat="15.4807074" lon="74.857564">
      </trkpt>
      <trkpt lat="15.4807537" lon="74.8579141">
      </trkpt>
      <trkpt lat="15.4808234" lon="74.858307">
      </trkpt>
      <trkpt lat="15.4808944" lon="74.8586614">
      </trkpt>
      <trkpt lat="15.4812691" lon="74.860241">
      </trkpt>
      <trkpt lat="15.4813391" lon="74.8606711">
      </trkpt>
      <trkpt lat="15.4813641" lon="74.8610316">
      </trkpt>
      <trkpt lat="15.4813664" lon="74.8613596">
      </trkpt>
      <trkpt lat="15.481331" lon="74.861726">
      </trkpt>
      <trkpt lat="15.4812423" lon="74.8622018">
      </trkpt>
      <trkpt lat="15.4811423" lon="74.8625181">
      </trkpt>
      <trkpt lat="15.4810416" lon="74.8627919">
      </trkpt>
      <trkpt lat="15.4808812" lon="74.8631071">
      </trkpt>
      <trkpt lat="15.4807144" lon="74.8633834">
      </trkpt>
      <trkpt lat="15.4805506" lon="74.8635947">
      </trkpt>
      <trkpt lat="15.4803652" lon="74.8637928">
      </trkpt>
      <trkpt lat="15.4802009" lon="74.8639642">
      </trkpt>
      <trkpt lat="15.4800252" lon="74.8641209">
      </trkpt>
      <trkpt lat="15.4797956" lon="74.8643038">
      </trkpt>
      <trkpt lat="15.4795575" lon="74.8644454">
      </trkpt>
      <trkpt lat="15.4793432" lon="74.86456">
      </trkpt>
      <trkpt lat="15.4764147" lon="74.8659957">
      </trkpt>
      <trkpt lat="15.4755217" lon="74.8664119">
      </trkpt>
      <trkpt lat="15.474622" lon="74.8668212">
      </trkpt>
      <trkpt lat="15.4743383" lon="74.8669686">
      </trkpt>
      <trkpt lat="15.4740783" lon="74.8671283">
      </trkpt>
      <trkpt lat="15.4738732" lon="74.8672737">
      </trkpt>
      <trkpt lat="15.4737299" lon="74.8674064">
      </trkpt>
      <trkpt lat="15.4735493" lon="74.867576">
      </trkpt>
      <trkpt lat="15.473249" lon="74.867859">
      </trkpt>
      <trkpt lat="15.4720519" lon="74.8691048">
      </trkpt>
      <trkpt lat="15.4708175" lon="74.8704174">
      </trkpt>
      <trkpt lat="15.4694678" lon="74.8718747">
      </trkpt>
      <trkpt lat="15.4687576" lon="74.8726132">
      </trkpt>
      <trkpt lat="15.4680203" lon="74.8733622">
      </trkpt>
      <trkpt lat="15.4677971" lon="74.8735861">
      </trkpt>
      <trkpt lat="15.4676095" lon="74.8737696">
      </trkpt>
      <trkpt lat="15.4674001" lon="74.8739326">
      </trkpt>
      <trkpt lat="15.4672317" lon="74.8740506">
      </trkpt>
      <trkpt lat="15.4670294" lon="74.874165">
      </trkpt>
      <trkpt lat="15.4668416" lon="74.8742603">
      </trkpt>
      <trkpt lat="15.4666512" lon="74.8743394">
      </trkpt>
      <trkpt lat="15.4664268" lon="74.8744202">
      </trkpt>
      <trkpt lat="15.4661848" lon="74.874487">
      </trkpt>
      <trkpt lat="15.4660427" lon="74.8745151">
      </trkpt>
      <trkpt lat="15.4656182" lon="74.8746014">
      </trkpt>
      <trkpt lat="15.4651361" lon="74.8746983">
      </trkpt>
      <trkpt lat="15.4642261" lon="74.8748709">
      </trkpt>
      <trkpt lat="15.4635781" lon="74.8750029">
      </trkpt>
      <trkpt lat="15.4629167" lon="74.8751244">
      </trkpt>
      <trkpt lat="15.4626708" lon="74.8751881">
      </trkpt>
      <trkpt lat="15.4619728" lon="74.8753538">
      </trkpt>
      <trkpt lat="15.4612883" lon="74.8754983">
      </trkpt>
      <trkpt lat="15.460599" lon="74.8756406">
      </trkpt>
      <trkpt lat="15.4597252" lon="74.8758054">
      </trkpt>
      <trkpt lat="15.459357" lon="74.8758734">
      </trkpt>
      <trkpt lat="15.4589922" lon="74.8759309">
      </trkpt>
      <trkpt lat="15.4581746" lon="74.8760424">
      </trkpt>
      <trkpt lat="15.4574439" lon="74.8761023">
      </trkpt>
      <trkpt lat="15.4564634" lon="74.8761792">
      </trkpt>
      <trkpt lat="15.4553978" lon="74.8762414">
      </trkpt>
      <trkpt lat="15.4538037" lon="74.8763296">
      </trkpt>
      <trkpt lat="15.452218" lon="74.876453">
      </trkpt>
      <trkpt lat="15.4513818" lon="74.8765086">
      </trkpt>
      <trkpt lat="15.4511889" lon="74.8765347">
      </trkpt>
      <trkpt lat="15.4509824" lon="74.8765715">
      </trkpt>
      <trkpt lat="15.4507285" lon="74.8766414">
      </trkpt>
      <trkpt lat="15.4505489" lon="74.8767061">
      </trkpt>
      <trkpt lat="15.4503354" lon="74.8767971">
      </trkpt>
      <trkpt lat="15.4501744" lon="74.8768847">
      </trkpt>
      <trkpt lat="15.4500185" lon="74.8769828">
      </trkpt>
      <trkpt lat="15.4498523" lon="74.8771053">
      </trkpt>
      <trkpt lat="15.4497291" lon="74.8772043">
      </trkpt>
      <trkpt lat="15.449594" lon="74.8773437">
      </trkpt>
      <trkpt lat="15.449456" lon="74.8775066">
      </trkpt>
      <trkpt lat="15.4493337" lon="74.8776804">
      </trkpt>
      <trkpt lat="15.4492217" lon="74.8778631">
      </trkpt>
      <trkpt lat="15.4491048" lon="74.8780666">
      </trkpt>
      <trkpt lat="15.4490133" lon="74.8782894">
      </trkpt>
      <trkpt lat="15.4489297" lon="74.878545">
      </trkpt>
      <trkpt lat="15.4488784" lon="74.8787672">
      </trkpt>
      <trkpt lat="15.4488332" lon="74.8789902">
      </trkpt>
      <trkpt lat="15.4488072" lon="74.8792605">
      </trkpt>
      <trkpt lat="15.4487824" lon="74.879548">
      </trkpt>
      <trkpt lat="15.4487632" lon="74.8799157">
      </trkpt>
      <trkpt lat="15.4486614" lon="74.8820472">
      </trkpt>
      <trkpt lat="15.4486215" lon="74.8824566">
      </trkpt>
      <trkpt lat="15.4485843" lon="74.8827233">
      </trkpt>
      <trkpt lat="15.4485312" lon="74.8830366">
      </trkpt>
      <trkpt lat="15.448461" lon="74.8833516">
      </trkpt>
      <trkpt lat="15.4483445" lon="74.8837849">
      </trkpt>
      <trkpt lat="15.4481792" lon="74.8843704">
      </trkpt>
      <trkpt lat="15.4480721" lon="74.8847192">
      </trkpt>
      <trkpt lat="15.4479582" lon="74.8851015">
      </trkpt>
      <trkpt lat="15.4478998" lon="74.8853458">
      </trkpt>
      <trkpt lat="15.4478372" lon="74.8856307">
      </trkpt>
      <trkpt lat="15.4477967" lon="74.8859141">
      </trkpt>
      <trkpt lat="15.4477858" lon="74.8861793">
      </trkpt>
      <trkpt lat="15.4477868" lon="74.8864691">
      </trkpt>
      <trkpt lat="15.4478193" lon="74.8867184">
      </trkpt>
      <trkpt lat="15.4478706" lon="74.8870166">
      </trkpt>
      <trkpt lat="15.4479339" lon="74.8872592">
      </trkpt>
      <trkpt lat="15.4480327" lon="74.8875089">
      </trkpt>
      <trkpt lat="15.4481422" lon="74.887734">
      </trkpt>
      <trkpt lat="15.4482598" lon="74.8879476">
      </trkpt>
      <trkpt lat="15.4483841" lon="74.888147">
      </trkpt>
      <trkpt lat="15.448504" lon="74.8883176">
      </trkpt>
      <trkpt lat="15.44872" lon="74.8885533">
      </trkpt>
      <trkpt lat="15.4489421" lon="74.8887998">
      </trkpt>
      <trkpt lat="15.4495794" lon="74.8894954">
      </trkpt>
      <trkpt lat="15.449966" lon="74.8899292">
      </trkpt>
      <trkpt lat="15.4501219" lon="74.8901308">
      </trkpt>
      <trkpt lat="15.4502473" lon="74.8903078">
      </trkpt>
      <trkpt lat="15.4504101" lon="74.8905705">
      </trkpt>
      <trkpt lat="15.4505291" lon="74.8908182">
      </trkpt>
      <trkpt lat="15.4506315" lon="74.8910535">
      </trkpt>
      <trkpt lat="15.4507177" lon="74.8912782">
      </trkpt>
      <trkpt lat="15.4507881" lon="74.8915308">
      </trkpt>
      <trkpt lat="15.4508466" lon="74.8917816">
      </trkpt>
      <trkpt lat="15.4509187" lon="74.8921676">
      </trkpt>
      <trkpt lat="15.4509556" lon="74.8925534">
      </trkpt>
      <trkpt lat="15.4509531" lon="74.8929523">
      </trkpt>
      <trkpt lat="15.4509091" lon="74.8934038">
      </trkpt>
      <trkpt lat="15.450824" lon="74.8938199">
      </trkpt>
      <trkpt lat="15.4506912" lon="74.8942347">
      </trkpt>
      <trkpt lat="15.4505527" lon="74.8945861">
      </trkpt>
      <trkpt lat="15.4503773" lon="74.8949388">
      </trkpt>
      <trkpt lat="15.4485076" lon="74.898184">
      </trkpt>
      <trkpt lat="15.4483489" lon="74.8984983">
      </trkpt>
      <trkpt lat="15.4482119" lon="74.8988006">
      </trkpt>
      <trkpt lat="15.4481327" lon="74.8990377">
      </trkpt>
      <trkpt lat="15.4480442" lon="74.8993464">
      </trkpt>
      <trkpt lat="15.4479742" lon="74.8996571">
      </trkpt>
      <trkpt lat="15.4476823" lon="74.9013826">
      </trkpt>
      <trkpt lat="15.4476325" lon="74.9016982">
      </trkpt>
      <trkpt lat="15.4473255" lon="74.9034989">
      </trkpt>
      <trkpt lat="15.4472695" lon="74.9039021">
      </trkpt>
      <trkpt lat="15.4472409" lon="74.904232">
      </trkpt>
      <trkpt lat="15.4472577" lon="74.9046032">
      </trkpt>
      <trkpt lat="15.4473115" lon="74.9049435">
      </trkpt>
      <trkpt lat="15.4473811" lon="74.9052446">
      </trkpt>
      <trkpt lat="15.4475038" lon="74.9055569">
      </trkpt>
      <trkpt lat="15.4476434" lon="74.9058254">
      </trkpt>
      <trkpt lat="15.4477872" lon="74.906045">
      </trkpt>
      <trkpt lat="15.4479614" lon="74.9062599">
      </trkpt>
      <trkpt lat="15.4481612" lon="74.9064623">
      </trkpt>
      <trkpt lat="15.4483625" lon="74.9066474">
      </trkpt>
      <trkpt lat="15.448528" lon="74.9067775">
      </trkpt>
      <trkpt lat="15.4486933" lon="74.9068786">
      </trkpt>
      <trkpt lat="15.4488796" lon="74.9069756">
      </trkpt>
      <trkpt lat="15.4491247" lon="74.9070885">
      </trkpt>
      <trkpt lat="15.4493391" lon="74.9071671">
      </trkpt>
      <trkpt lat="15.4495069" lon="74.9072244">
      </trkpt>
      <trkpt lat="15.4516885" lon="74.9078226">
      </trkpt>
      <trkpt lat="15.4517979" lon="74.9078501">
      </trkpt>
      <trkpt lat="15.4525259" lon="74.9080566">
      </trkpt>
      <trkpt lat="15.4533609" lon="74.9082732">
      </trkpt>
      <trkpt lat="15.4537198" lon="74.9083742">
      </trkpt>
      <trkpt lat="15.4539806" lon="74.9084678">
      </trkpt>
      <trkpt lat="15.4542127" lon="74.9085607">
      </trkpt>
      <trkpt lat="15.4544605" lon="74.9086867">
      </trkpt>
      <trkpt lat="15.4546221" lon="74.9087779">
      </trkpt>
      <trkpt lat="15.454883" lon="74.9089538">
      </trkpt>
      <trkpt lat="15.4550973" lon="74.9091262">
      </trkpt>
      <trkpt lat="15.4553769" lon="74.9093814">
      </trkpt>
      <trkpt lat="15.4556149" lon="74.9096357">
      </trkpt>
      <trkpt lat="15.4558153" lon="74.9098822">
      </trkpt>
      <trkpt lat="15.4559966" lon="74.9101609">
      </trkpt>
      <trkpt lat="15.4561959" lon="74.9105303">
      </trkpt>
      <trkpt lat="15.456365" lon="74.9109013">
      </trkpt>
      <trkpt lat="15.4565334" lon="74.9113055">
      </trkpt>
      <trkpt lat="15.4566874" lon="74.9116824">
      </trkpt>
      <trkpt lat="15.4568636" lon="74.9121164">
      </trkpt>
      <trkpt lat="15.4570283" lon="74.9124677">
      </trkpt>
      <trkpt lat="15.4571754" lon="74.9127576">
      </trkpt>
      <trkpt lat="15.4573375" lon="74.9130144">
      </trkpt>
      <trkpt lat="15.4574709" lon="74.9131916">
      </trkpt>
      <trkpt lat="15.4576658" lon="74.9134336">
      </trkpt>
      <trkpt lat="15.4579405" lon="74.9137137">
      </trkpt>
      <trkpt lat="15.4582503" lon="74.9139655">
      </trkpt>
      <trkpt lat="15.458568" lon="74.9141784">
      </trkpt>
      <trkpt lat="15.458885" lon="74.9143619">
      </trkpt>
      <trkpt lat="15.4592374" lon="74.9145307">
      </trkpt>
      <trkpt lat="15.4596282" lon="74.9146895">
      </trkpt>
      <trkpt lat="15.4617263" lon="74.9155312">
      </trkpt>
      <trkpt lat="15.4636256" lon="74.9162859">
      </trkpt>
      <trkpt lat="15.4644243" lon="74.9166065">
      </trkpt>
      <trkpt lat="15.4648237" lon="74.9167767">
      </trkpt>
      <trkpt lat="15.4651646" lon="74.9169538">
      </trkpt>
      <trkpt lat="15.4654429" lon="74.9171169">
      </trkpt>
      <trkpt lat="15.4657162" lon="74.9172953">
      </trkpt>
      <trkpt lat="15.4659846" lon="74.9175011">
      </trkpt>
      <trkpt lat="15.4662226" lon="74.9176936">
      </trkpt>
      <trkpt lat="15.4664829" lon="74.9179463">
      </trkpt>
      <trkpt lat="15.4667433" lon="74.9182339">
      </trkpt>
      <trkpt lat="15.4711041" lon="74.9233402">
      </trkpt>
      <trkpt lat="15.4712961" lon="74.92358">
      </trkpt>
      <trkpt lat="15.47144" lon="74.923757">
      </trkpt>
      <trkpt lat="15.4715623" lon="74.923944">
      </trkpt>
      <trkpt lat="15.4717398" lon="74.9242247">
      </trkpt>
      <trkpt lat="15.4718741" lon="74.9244967">
      </trkpt>
      <trkpt lat="15.4719748" lon="74.9247091">
      </trkpt>
      <trkpt lat="15.4720609" lon="74.9249332">
      </trkpt>
      <trkpt lat="15.4721638" lon="74.9252615">
      </trkpt>
      <trkpt lat="15.4722332" lon="74.9255699">
      </trkpt>
      <trkpt lat="15.4722736" lon="74.9257891">
      </trkpt>
      <trkpt lat="15.472313" lon="74.9260901">
      </trkpt>
      <trkpt lat="15.4723261" lon="74.9263935">
      </trkpt>
      <trkpt lat="15.4723224" lon="74.926685">
      </trkpt>
      <trkpt lat="15.4722942" lon="74.927042">
      </trkpt>
      <trkpt lat="15.4722612" lon="74.927317">
      </trkpt>
      <trkpt lat="15.4721564" lon="74.9277662">
      </trkpt>
      <trkpt lat="15.4720705" lon="74.9280579">
      </trkpt>
      <trkpt lat="15.4719702" lon="74.9283297">
      </trkpt>
      <trkpt lat="15.471862" lon="74.92856">
      </trkpt>
      <trkpt lat="15.4717201" lon="74.9288348">
      </trkpt>
      <trkpt lat="15.471559" lon="74.9290996">
      </trkpt>
      <trkpt lat="15.4712447" lon="74.9295695">
      </trkpt>
      <trkpt lat="15.4700355" lon="74.9314247">
      </trkpt>
      <trkpt lat="15.4689412" lon="74.9331259">
      </trkpt>
      <trkpt lat="15.4651383" lon="74.9390123">
      </trkpt>
      <trkpt lat="15.4617257" lon="74.9442675">
      </trkpt>
      <trkpt lat="15.4592082" lon="74.9481399">
      </trkpt>
      <trkpt lat="15.4589534" lon="74.9485607">
      </trkpt>
      <trkpt lat="15.4589279" lon="74.9486035">
      </trkpt>
      <trkpt lat="15.458659" lon="74.949055">
      </trkpt>
      <trkpt lat="15.4584228" lon="74.9494886">
      </trkpt>
      <trkpt lat="15.4582281" lon="74.9498744">
      </trkpt>
      <trkpt lat="15.4580382" lon="74.9502851">
      </trkpt>
      <trkpt lat="15.4574052" lon="74.9516321">
      </trkpt>
      <trkpt lat="15.4567214" lon="74.9530147">
      </trkpt>
      <trkpt lat="15.4566756" lon="74.9531114">
      </trkpt>
      <trkpt lat="15.4554566" lon="74.9556817">
      </trkpt>
      <trkpt lat="15.4543454" lon="74.9580159">
      </trkpt>
      <trkpt lat="15.4541077" lon="74.9584765">
      </trkpt>
      <trkpt lat="15.4539275" lon="74.9588004">
      </trkpt>
      <trkpt lat="15.453796" lon="74.9590214">
      </trkpt>
      <trkpt lat="15.4536166" lon="74.9592696">
      </trkpt>
      <trkpt lat="15.453431" lon="74.9595132">
      </trkpt>
      <trkpt lat="15.4532423" lon="74.9597319">
      </trkpt>
      <trkpt lat="15.4529938" lon="74.9599779">
      </trkpt>
      <trkpt lat="15.4526049" lon="74.9603427">
      </trkpt>
      <trkpt lat="15.4522615" lon="74.9606181">
      </trkpt>
      <trkpt lat="15.4512065" lon="74.9613724">
      </trkpt>
      <trkpt lat="15.4506925" lon="74.9617423">
      </trkpt>
      <trkpt lat="15.449908" lon="74.9623069">
      </trkpt>
      <trkpt lat="15.4490742" lon="74.9628959">
      </trkpt>
      <trkpt lat="15.4479842" lon="74.963711">
      </trkpt>
      <trkpt lat="15.4439031" lon="74.9666706">
      </trkpt>
      <trkpt lat="15.4436056" lon="74.9669275">
      </trkpt>
      <trkpt lat="15.443337" lon="74.9671927">
      </trkpt>
      <trkpt lat="15.4431848" lon="74.9673735">
      </trkpt>
      <trkpt lat="15.4431452" lon="74.9674205">
      </trkpt>
      <trkpt lat="15.4429408" lon="74.9676826">
      </trkpt>
      <trkpt lat="15.4427604" lon="74.9679348">
      </trkpt>
      <trkpt lat="15.4425577" lon="74.9682808">
      </trkpt>
      <trkpt lat="15.4423909" lon="74.9685896">
      </trkpt>
      <trkpt lat="15.4422414" lon="74.9689057">
      </trkpt>
      <trkpt lat="15.4420967" lon="74.9692988">
      </trkpt>
      <trkpt lat="15.4420154" lon="74.9695559">
      </trkpt>
      <trkpt lat="15.4419501" lon="74.9697942">
      </trkpt>
      <trkpt lat="15.4418897" lon="74.9700771">
      </trkpt>
      <trkpt lat="15.4418358" lon="74.9704691">
      </trkpt>
      <trkpt lat="15.4417995" lon="74.9709684">
      </trkpt>
      <trkpt lat="15.4417944" lon="74.9713235">
      </trkpt>
      <trkpt lat="15.4418139" lon="74.971685">
      </trkpt>
      <trkpt lat="15.441861" lon="74.9720468">
      </trkpt>
      <trkpt lat="15.4419472" lon="74.9724432">
      </trkpt>
      <trkpt lat="15.4420574" lon="74.9728023">
      </trkpt>
      <trkpt lat="15.4422558" lon="74.973363">
      </trkpt>
      <trkpt lat="15.4423767" lon="74.9736376">
      </trkpt>
      <trkpt lat="15.4425916" lon="74.9740734">
      </trkpt>
      <trkpt lat="15.4429325" lon="74.9746999">
      </trkpt>
      <trkpt lat="15.4444108" lon="74.9772657">
      </trkpt>
      <trkpt lat="15.4459634" lon="74.9800219">
      </trkpt>
      <trkpt lat="15.446153" lon="74.9804086">
      </trkpt>
      <trkpt lat="15.4462694" lon="74.9807062">
      </trkpt>
      <trkpt lat="15.4463426" lon="74.9809741">
      </trkpt>
      <trkpt lat="15.4464231" lon="74.9812878">
      </trkpt>
      <trkpt lat="15.446487" lon="74.9815967">
      </trkpt>
      <trkpt lat="15.4465198" lon="74.981975">
      </trkpt>
      <trkpt lat="15.4465268" lon="74.9822323">
      </trkpt>
      <trkpt lat="15.4465067" lon="74.9825958">
      </trkpt>
      <trkpt lat="15.4464926" lon="74.9828415">
      </trkpt>
      <trkpt lat="15.4464289" lon="74.9831626">
      </trkpt>
      <trkpt lat="15.4463675" lon="74.9834415">
      </trkpt>
      <trkpt lat="15.4462948" lon="74.9836965">
      </trkpt>
      <trkpt lat="15.4461933" lon="74.9839665">
      </trkpt>
      <trkpt lat="15.4460855" lon="74.9842359">
      </trkpt>
      <trkpt lat="15.4459622" lon="74.9844625">
      </trkpt>
      <trkpt lat="15.4458005" lon="74.9847463">
      </trkpt>
      <trkpt lat="15.4455695" lon="74.9850837">
      </trkpt>
      <trkpt lat="15.4453002" lon="74.9854111">
      </trkpt>
      <trkpt lat="15.4447394" lon="74.9860511">
      </trkpt>
      <trkpt lat="15.4440973" lon="74.9867881">
      </trkpt>
      <trkpt lat="15.4434027" lon="74.9875815">
      </trkpt>
      <trkpt lat="15.4430529" lon="74.9879857">
      </trkpt>
      <trkpt lat="15.4428205" lon="74.9882747">
      </trkpt>
      <trkpt lat="15.4426265" lon="74.9885265">
      </trkpt>
      <trkpt lat="15.4424156" lon="74.9888582">
      </trkpt>
      <trkpt lat="15.44228" lon="74.9891138">
      </trkpt>
      <trkpt lat="15.4421491" lon="74.9893893">
      </trkpt>
      <trkpt lat="15.4420605" lon="74.9896227">
      </trkpt>
      <trkpt lat="15.4419672" lon="74.9899158">
      </trkpt>
      <trkpt lat="15.4418751" lon="74.9902375">
      </trkpt>
      <trkpt lat="15.4418156" lon="74.9905445">
      </trkpt>
      <trkpt lat="15.4417873" lon="74.9908524">
      </trkpt>
      <trkpt lat="15.4417736" lon="74.9911681">
      </trkpt>
      <trkpt lat="15.4417861" lon="74.9914937">
      </trkpt>
      <trkpt lat="15.4418254" lon="74.9918322">
      </trkpt>
      <trkpt lat="15.4418838" lon="74.992139">
      </trkpt>
      <trkpt lat="15.4419494" lon="74.9924334">
      </trkpt>
      <trkpt lat="15.4420262" lon="74.9926613">
      </trkpt>
      <trkpt lat="15.4420982" lon="74.9928743">
      </trkpt>
      <trkpt lat="15.4421872" lon="74.9930702">
      </trkpt>
      <trkpt lat="15.4422906" lon="74.9932661">
      </trkpt>
      <trkpt lat="15.4424407" lon="74.9935207">
      </trkpt>
      <trkpt lat="15.4425861" lon="74.9937903">
      </trkpt>
      <trkpt lat="15.4433299" lon="74.9951245">
      </trkpt>
      <trkpt lat="15.4435328" lon="74.9954789">
      </trkpt>
      <trkpt lat="15.4436303" lon="74.9956793">
      </trkpt>
      <trkpt lat="15.4437043" lon="74.9958428">
      </trkpt>
      <trkpt lat="15.4437687" lon="74.9960311">
      </trkpt>
      <trkpt lat="15.4438203" lon="74.9962043">
      </trkpt>
      <trkpt lat="15.4438624" lon="74.9963625">
      </trkpt>
      <trkpt lat="15.4439049" lon="74.9965607">
      </trkpt>
      <trkpt lat="15.4439372" lon="74.9967607">
      </trkpt>
      <trkpt lat="15.4439641" lon="74.9969692">
      </trkpt>
      <trkpt lat="15.4439724" lon="74.9971671">
      </trkpt>
      <trkpt lat="15.4439767" lon="74.997412">
      </trkpt>
      <trkpt lat="15.4439726" lon="74.9976393">
      </trkpt>
      <trkpt lat="15.4439554" lon="74.9978254">
      </trkpt>
      <trkpt lat="15.4439232" lon="74.9980713">
      </trkpt>
      <trkpt lat="15.443879" lon="74.9982768">
      </trkpt>
      <trkpt lat="15.4438235" lon="74.998485">
      </trkpt>
      <trkpt lat="15.4437594" lon="74.9986704">
      </trkpt>
      <trkpt lat="15.4436497" lon="74.9989441">
      </trkpt>
      <trkpt lat="15.4435316" lon="74.9991943">
      </trkpt>
      <trkpt lat="15.4432676" lon="74.999715">
      </trkpt>
      <trkpt lat="15.4430475" lon="75.000158">
      </trkpt>
      <trkpt lat="15.4428308" lon="75.0005818">
      </trkpt>
      <trkpt lat="15.4427684" lon="75.0007067">
      </trkpt>
      <trkpt lat="15.4423058" lon="75.001632">
      </trkpt>
      <trkpt lat="15.4421285" lon="75.0019841">
      </trkpt>
      <trkpt lat="15.4415453" lon="75.0031426">
      </trkpt>
      <trkpt lat="15.4402329" lon="75.005755">
      </trkpt>
      <trkpt lat="15.4398598" lon="75.0064883">
      </trkpt>
      <trkpt lat="15.4396733" lon="75.006839">
      </trkpt>
      <trkpt lat="15.4394901" lon="75.0071687">
      </trkpt>
      <trkpt lat="15.4392538" lon="75.0075774">
      </trkpt>
      <trkpt lat="15.4390621" lon="75.007858">
      </trkpt>
      <trkpt lat="15.4387965" lon="75.0082417">
      </trkpt>
      <trkpt lat="15.4386371" lon="75.0084644">
      </trkpt>
      <trkpt lat="15.4384152" lon="75.008749">
      </trkpt>
      <trkpt lat="15.438234" lon="75.008981">
      </trkpt>
      <trkpt lat="15.4379749" lon="75.0092797">
      </trkpt>
      <trkpt lat="15.4376344" lon="75.0096539">
      </trkpt>
      <trkpt lat="15.4372855" lon="75.0100124">
      </trkpt>
      <trkpt lat="15.4369349" lon="75.0103568">
      </trkpt>
      <trkpt lat="15.4367118" lon="75.0105575">
      </trkpt>
      <trkpt lat="15.4362334" lon="75.0109533">
      </trkpt>
      <trkpt lat="15.4354765" lon="75.0115672">
      </trkpt>
      <trkpt lat="15.4350476" lon="75.0118546">
      </trkpt>
      <trkpt lat="15.43451" lon="75.0122006">
      </trkpt>
      <trkpt lat="15.433467" lon="75.0128172">
      </trkpt>
      <trkpt lat="15.432902" lon="75.0132157">
      </trkpt>
      <trkpt lat="15.4323527" lon="75.013728">
      </trkpt>
      <trkpt lat="15.4321202" lon="75.0139838">
      </trkpt>
      <trkpt lat="15.4318876" lon="75.0142731">
      </trkpt>
      <trkpt lat="15.4316668" lon="75.0145993">
      </trkpt>
      <trkpt lat="15.431446" lon="75.014959">
      </trkpt>
      <trkpt lat="15.4312793" lon="75.0153457">
      </trkpt>
      <trkpt lat="15.4311367" lon="75.0157157">
      </trkpt>
      <trkpt lat="15.429355" lon="75.021387">
      </trkpt>
      <trkpt lat="15.4291514" lon="75.021936">
      </trkpt>
      <trkpt lat="15.428835" lon="75.0225352">
      </trkpt>
      <trkpt lat="15.4286293" lon="75.0228436">
      </trkpt>
      <trkpt lat="15.4284075" lon="75.0231436">
      </trkpt>
      <trkpt lat="15.4280918" lon="75.0235051">
      </trkpt>
      <trkpt lat="15.4277721" lon="75.023804">
      </trkpt>
      <trkpt lat="15.4274813" lon="75.0240522">
      </trkpt>
      <trkpt lat="15.4271462" lon="75.0243046">
      </trkpt>
      <trkpt lat="15.425836" lon="75.02521">
      </trkpt>
      <trkpt lat="15.4255071" lon="75.0254456">
      </trkpt>
      <trkpt lat="15.425162" lon="75.025748">
      </trkpt>
      <trkpt lat="15.4249837" lon="75.0259446">
      </trkpt>
      <trkpt lat="15.4247732" lon="75.026208">
      </trkpt>
      <trkpt lat="15.42453" lon="75.0265655">
      </trkpt>
      <trkpt lat="15.4243149" lon="75.0269649">
      </trkpt>
      <trkpt lat="15.4241368" lon="75.027432">
      </trkpt>
      <trkpt lat="15.424003" lon="75.0278909">
      </trkpt>
      <trkpt lat="15.4239264" lon="75.0283718">
      </trkpt>
      <trkpt lat="15.4238942" lon="75.0289446">
      </trkpt>
      <trkpt lat="15.423959" lon="75.033532">
      </trkpt>
      <trkpt lat="15.4239474" lon="75.0338516">
      </trkpt>
      <trkpt lat="15.423937" lon="75.034137">
      </trkpt>
      <trkpt lat="15.423839" lon="75.034936">
      </trkpt>
      <trkpt lat="15.4236106" lon="75.0361978">
      </trkpt>
      <trkpt lat="15.4235439" lon="75.036566">
      </trkpt>
      <trkpt lat="15.4231553" lon="75.0383432">
      </trkpt>
      <trkpt lat="15.422724" lon="75.0406498">
      </trkpt>
      <trkpt lat="15.4222622" lon="75.0429916">
      </trkpt>
      <trkpt lat="15.421769" lon="75.0455554">
      </trkpt>
      <trkpt lat="15.4216545" lon="75.0461169">
      </trkpt>
      <trkpt lat="15.4215519" lon="75.0465319">
      </trkpt>
      <trkpt lat="15.4214579" lon="75.0468295">
      </trkpt>
      <trkpt lat="15.421374" lon="75.0470791">
      </trkpt>
      <trkpt lat="15.421264" lon="75.0473812">
      </trkpt>
      <trkpt lat="15.4211458" lon="75.0476692">
      </trkpt>
      <trkpt lat="15.4209833" lon="75.0480241">
      </trkpt>
      <trkpt lat="15.4207728" lon="75.0484188">
      </trkpt>
      <trkpt lat="15.4206288" lon="75.0486797">
      </trkpt>
      <trkpt lat="15.4204152" lon="75.0490138">
      </trkpt>
      <trkpt lat="15.419992" lon="75.0496267">
      </trkpt>
      <trkpt lat="15.4195424" lon="75.0502691">
      </trkpt>
      <trkpt lat="15.4188598" lon="75.0512603">
      </trkpt>
      <trkpt lat="15.4184795" lon="75.0518169">
      </trkpt>
      <trkpt lat="15.4175805" lon="75.0530768">
      </trkpt>
      <trkpt lat="15.4166412" lon="75.054435">
      </trkpt>
      <trkpt lat="15.4153349" lon="75.056311">
      </trkpt>
      <trkpt lat="15.4142247" lon="75.0579382">
      </trkpt>
      <trkpt lat="15.4140028" lon="75.0582522">
      </trkpt>
      <trkpt lat="15.413683" lon="75.0587107">
      </trkpt>
      <trkpt lat="15.4136116" lon="75.0588081">
      </trkpt>
      <trkpt lat="15.4134922" lon="75.0589745">
      </trkpt>
      <trkpt lat="15.4133046" lon="75.0592454">
      </trkpt>
      <trkpt lat="15.4131234" lon="75.0595457">
      </trkpt>
      <trkpt lat="15.4129838" lon="75.0597892">
      </trkpt>
      <trkpt lat="15.4128288" lon="75.060111">
      </trkpt>
      <trkpt lat="15.412664" lon="75.0604778">
      </trkpt>
      <trkpt lat="15.4125085" lon="75.0609286">
      </trkpt>
      <trkpt lat="15.4124004" lon="75.0613409">
      </trkpt>
      <trkpt lat="15.4123222" lon="75.0617483">
      </trkpt>
      <trkpt lat="15.4122846" lon="75.0621629">
      </trkpt>
      <trkpt lat="15.4122732" lon="75.0625486">
      </trkpt>
      <trkpt lat="15.412282" lon="75.0629343">
      </trkpt>
      <trkpt lat="15.4123211" lon="75.0635107">
      </trkpt>
      <trkpt lat="15.4124429" lon="75.065182">
      </trkpt>
      <trkpt lat="15.4125587" lon="75.0668863">
      </trkpt>
      <trkpt lat="15.4125646" lon="75.0669729">
      </trkpt>
      <trkpt lat="15.4126573" lon="75.0681609">
      </trkpt>
      <trkpt lat="15.4128697" lon="75.0712099">
      </trkpt>
      <trkpt lat="15.4129843" lon="75.0728437">
      </trkpt>
      <trkpt lat="15.4132777" lon="75.0763825">
      </trkpt>
      <trkpt lat="15.413582" lon="75.0812595">
      </trkpt>
      <trkpt lat="15.4138664" lon="75.0854302">
      </trkpt>
      <trkpt lat="15.4138778" lon="75.0861711">
      </trkpt>
      <trkpt lat="15.4138435" lon="75.0867938">
      </trkpt>
      <trkpt lat="15.4137872" lon="75.0873362">
      </trkpt>
      <trkpt lat="15.413707" lon="75.0878885">
      </trkpt>
      <trkpt lat="15.4136026" lon="75.0884433">
      </trkpt>
      <trkpt lat="15.4134646" lon="75.0890428">
      </trkpt>
      <trkpt lat="15.4131008" lon="75.0905946">
      </trkpt>
      <trkpt lat="15.4116072" lon="75.0968443">
      </trkpt>
      <trkpt lat="15.4114446" lon="75.0973952">
      </trkpt>
      <trkpt lat="15.4112571" lon="75.0979616">
      </trkpt>
      <trkpt lat="15.4110971" lon="75.0983743">
      </trkpt>
      <trkpt lat="15.4108754" lon="75.098909">
      </trkpt>
      <trkpt lat="15.4106942" lon="75.0993064">
      </trkpt>
      <trkpt lat="15.4104409" lon="75.0997705">
      </trkpt>
      <trkpt lat="15.4101707" lon="75.100202">
      </trkpt>
      <trkpt lat="15.4098217" lon="75.1006953">
      </trkpt>
      <trkpt lat="15.4095183" lon="75.101055">
      </trkpt>
      <trkpt lat="15.4091481" lon="75.1014349">
      </trkpt>
      <trkpt lat="15.408742" lon="75.101815">
      </trkpt>
      <trkpt lat="15.408446" lon="75.1020591">
      </trkpt>
      <trkpt lat="15.4061386" lon="75.1037835">
      </trkpt>
      <trkpt lat="15.4053087" lon="75.1043972">
      </trkpt>
      <trkpt lat="15.4050699" lon="75.1045773">
      </trkpt>
      <trkpt lat="15.3981122" lon="75.1098226">
      </trkpt>
      <trkpt lat="15.3977364" lon="75.1101045">
      </trkpt>
      <trkpt lat="15.3964147" lon="75.1110896">
      </trkpt>
      <trkpt lat="15.3960716" lon="75.111351">
      </trkpt>
      <trkpt lat="15.3944161" lon="75.1126126">
      </trkpt>
      <trkpt lat="15.3906033" lon="75.115456">
      </trkpt>
      <trkpt lat="15.3891957" lon="75.1164954">
      </trkpt>
      <trkpt lat="15.3865474" lon="75.1185023">
      </trkpt>
      <trkpt lat="15.3842916" lon="75.1202208">
      </trkpt>
      <trkpt lat="15.3839576" lon="75.1204576">
      </trkpt>
      <trkpt lat="15.3835542" lon="75.1207396">
      </trkpt>
      <trkpt lat="15.383075" lon="75.1210371">
      </trkpt>
      <trkpt lat="15.3824795" lon="75.1213811">
      </trkpt>
      <trkpt lat="15.3819492" lon="75.1216322">
      </trkpt>
      <trkpt lat="15.3815074" lon="75.121826">
      </trkpt>
      <trkpt lat="15.3799898" lon="75.1224768">
      </trkpt>
      <trkpt lat="15.3766949" lon="75.1239924">
      </trkpt>
      <trkpt lat="15.376386" lon="75.1241311">
      </trkpt>
      <trkpt lat="15.3761442" lon="75.1242231">
      </trkpt>
      <trkpt lat="15.3757952" lon="75.1243527">
      </trkpt>
      <trkpt lat="15.375332" lon="75.1245246">
      </trkpt>
      <trkpt lat="15.374988" lon="75.1246402">
      </trkpt>
      <trkpt lat="15.3719494" lon="75.1256399">
      </trkpt>
      <trkpt lat="15.3717966" lon="75.1257017">
      </trkpt>
      <trkpt lat="15.3715146" lon="75.1257909">
      </trkpt>
      <trkpt lat="15.3712086" lon="75.1258756">
      </trkpt>
      <trkpt lat="15.3708294" lon="75.1260025">
      </trkpt>
      <trkpt lat="15.3704799" lon="75.1261768">
      </trkpt>
      <trkpt lat="15.3701102" lon="75.1264011">
      </trkpt>
      <trkpt lat="15.3698086" lon="75.1266041">
      </trkpt>
      <trkpt lat="15.3693949" lon="75.12693">
      </trkpt>
      <trkpt lat="15.3690509" lon="75.1272656">
      </trkpt>
      <trkpt lat="15.3687037" lon="75.1276438">
      </trkpt>
      <trkpt lat="15.3668288" lon="75.1299724">
      </trkpt>
      <trkpt lat="15.3661686" lon="75.1308478">
      </trkpt>
      <trkpt lat="15.3657572" lon="75.13144">
      </trkpt>
      <trkpt lat="15.3654495" lon="75.1319444">
      </trkpt>
      <trkpt lat="15.3652218" lon="75.1323639">
      </trkpt>
      <trkpt lat="15.3626759" lon="75.1371496">
      </trkpt>
      <trkpt lat="15.3625518" lon="75.1373883">
      </trkpt>
      <trkpt lat="15.3623532" lon="75.1377364">
      </trkpt>
      <trkpt lat="15.3620829" lon="75.1381387">
      </trkpt>
      <trkpt lat="15.3618289" lon="75.1384587">
      </trkpt>
      <trkpt lat="15.3614787" lon="75.1388221">
      </trkpt>
      <trkpt lat="15.3611514" lon="75.139128">
      </trkpt>
      <trkpt lat="15.3606655" lon="75.1394878">
      </trkpt>
      <trkpt lat="15.3602848" lon="75.1397143">
      </trkpt>
      <trkpt lat="15.3599597" lon="75.1398752">
      </trkpt>
      <trkpt lat="15.3568406" lon="75.1413372">
      </trkpt>
      <trkpt lat="15.3564448" lon="75.1415451">
      </trkpt>
      <trkpt lat="15.3561148" lon="75.1417594">
      </trkpt>
      <trkpt lat="15.3557903" lon="75.1420111">
      </trkpt>
      <trkpt lat="15.3555434" lon="75.142229">
      </trkpt>
      <trkpt lat="15.3552344" lon="75.1425428">
      </trkpt>
      <trkpt lat="15.3549369" lon="75.142909">
      </trkpt>
      <trkpt lat="15.3547507" lon="75.1431973">
      </trkpt>
      <trkpt lat="15.3537976" lon="75.1446458">
      </trkpt>
      <trkpt lat="15.3535301" lon="75.1450567">
      </trkpt>
      <trkpt lat="15.3531484" lon="75.145643">
      </trkpt>
      <trkpt lat="15.3528988" lon="75.1460282">
      </trkpt>
      <trkpt lat="15.3528569" lon="75.1460923">
      </trkpt>
      <trkpt lat="15.3524526" lon="75.146711">
      </trkpt>
      <trkpt lat="15.3524142" lon="75.1467697">
      </trkpt>
      <trkpt lat="15.3523158" lon="75.1469239">
      </trkpt>
      <trkpt lat="15.3516058" lon="75.1480367">
      </trkpt>
      <trkpt lat="15.3493031" lon="75.151589">
      </trkpt>
      <trkpt lat="15.3491056" lon="75.1519342">
      </trkpt>
      <trkpt lat="15.3489684" lon="75.1522187">
      </trkpt>
      <trkpt lat="15.3488569" lon="75.152469">
      </trkpt>
      <trkpt lat="15.3487691" lon="75.1527346">
      </trkpt>
      <trkpt lat="15.3486868" lon="75.1530266">
      </trkpt>
      <trkpt lat="15.3486448" lon="75.1532843">
      </trkpt>
      <trkpt lat="15.3485709" lon="75.1536717">
      </trkpt>
      <trkpt lat="15.3482851" lon="75.1555167">
      </trkpt>
      <trkpt lat="15.3481805" lon="75.156216">
      </trkpt>
      <trkpt lat="15.3481604" lon="75.1563465">
      </trkpt>
      <trkpt lat="15.3481191" lon="75.1566134">
      </trkpt>
      <trkpt lat="15.3480231" lon="75.1573271">
      </trkpt>
      <trkpt lat="15.3478115" lon="75.1587222">
      </trkpt>
      <trkpt lat="15.3478038" lon="75.1587668">
      </trkpt>
      <trkpt lat="15.3472228" lon="75.1625014">
      </trkpt>
      <trkpt lat="15.3471692" lon="75.1628704">
      </trkpt>
      <trkpt lat="15.347118" lon="75.163223">
      </trkpt>
      <trkpt lat="15.3470042" lon="75.1639887">
      </trkpt>
      <trkpt lat="15.3469998" lon="75.1640329">
      </trkpt>
      <trkpt lat="15.3467766" lon="75.1654971">
      </trkpt>
      <trkpt lat="15.3467705" lon="75.1655373">
      </trkpt>
      <trkpt lat="15.3467044" lon="75.1659615">
      </trkpt>
      <trkpt lat="15.3466583" lon="75.1662534">
      </trkpt>
      <trkpt lat="15.3466171" lon="75.166508">
      </trkpt>
      <trkpt lat="15.3465805" lon="75.1668608">
      </trkpt>
      <trkpt lat="15.34656" lon="75.1671638">
      </trkpt>
      <trkpt lat="15.3465551" lon="75.1676076">
      </trkpt>
      <trkpt lat="15.3465698" lon="75.1678935">
      </trkpt>
      <trkpt lat="15.3465946" lon="75.1681387">
      </trkpt>
      <trkpt lat="15.3466414" lon="75.1684237">
      </trkpt>
      <trkpt lat="15.346687" lon="75.1686511">
      </trkpt>
      <trkpt lat="15.3467491" lon="75.1689031">
      </trkpt>
      <trkpt lat="15.3468313" lon="75.1691753">
      </trkpt>
      <trkpt lat="15.3469445" lon="75.1694854">
      </trkpt>
      <trkpt lat="15.3470475" lon="75.1697331">
      </trkpt>
      <trkpt lat="15.3471808" lon="75.1699991">
      </trkpt>
      <trkpt lat="15.3473363" lon="75.1702889">
      </trkpt>
      <trkpt lat="15.3474864" lon="75.170535">
      </trkpt>
      <trkpt lat="15.3476516" lon="75.1707675">
      </trkpt>
      <trkpt lat="15.3478631" lon="75.1710293">
      </trkpt>
      <trkpt lat="15.3480564" lon="75.1712412">
      </trkpt>
      <trkpt lat="15.3481609" lon="75.171346">
      </trkpt>
      <trkpt lat="15.3482607" lon="75.1714459">
      </trkpt>
      <trkpt lat="15.3483725" lon="75.1715487">
      </trkpt>
      <trkpt lat="15.3484781" lon="75.1716387">
      </trkpt>
      <trkpt lat="15.3486997" lon="75.1718248">
      </trkpt>
      <trkpt lat="15.3490548" lon="75.1720866">
      </trkpt>
      <trkpt lat="15.3514796" lon="75.1738601">
      </trkpt>
      <trkpt lat="15.3516717" lon="75.1740029">
      </trkpt>
      <trkpt lat="15.3524629" lon="75.1745909">
      </trkpt>
      <trkpt lat="15.3531962" lon="75.1751344">
      </trkpt>
      <trkpt lat="15.3537487" lon="75.1755267">
      </trkpt>
      <trkpt lat="15.3541685" lon="75.1757905">
      </trkpt>
      <trkpt lat="15.3545078" lon="75.1759618">
      </trkpt>
      <trkpt lat="15.3549632" lon="75.1761487">
      </trkpt>
      <trkpt lat="15.3553192" lon="75.1762647">
      </trkpt>
      <trkpt lat="15.3554731" lon="75.1763177">
      </trkpt>
      <trkpt lat="15.355672" lon="75.1763799">
      </trkpt>
      <trkpt lat="15.3564124" lon="75.1765899">
      </trkpt>
      <trkpt lat="15.356872" lon="75.1767354">
      </trkpt>
      <trkpt lat="15.3571692" lon="75.1768419">
      </trkpt>
      <trkpt lat="15.3574859" lon="75.1769913">
      </trkpt>
      <trkpt lat="15.358093" lon="75.177333">
      </trkpt>
      <trkpt lat="15.3584825" lon="75.1775778">
      </trkpt>
      <trkpt lat="15.358856" lon="75.17786">
      </trkpt>
      <trkpt lat="15.3592972" lon="75.1782582">
      </trkpt>
      <trkpt lat="15.3597602" lon="75.1787422">
      </trkpt>
      <trkpt lat="15.3600275" lon="75.1790654">
      </trkpt>
      <trkpt lat="15.3603308" lon="75.1794842">
      </trkpt>
      <trkpt lat="15.3605732" lon="75.1798601">
      </trkpt>
      <trkpt lat="15.3608133" lon="75.1802842">
      </trkpt>
      <trkpt lat="15.3610312" lon="75.1807758">
      </trkpt>
      <trkpt lat="15.361225" lon="75.1812856">
      </trkpt>
      <trkpt lat="15.3613275" lon="75.1816216">
      </trkpt>
      <trkpt lat="15.3614395" lon="75.1820667">
      </trkpt>
      <trkpt lat="15.3615303" lon="75.1825328">
      </trkpt>
      <trkpt lat="15.3616081" lon="75.1830801">
      </trkpt>
      <trkpt lat="15.3616769" lon="75.1840595">
      </trkpt>
      <trkpt lat="15.3617702" lon="75.1851307">
      </trkpt>
      <trkpt lat="15.3620274" lon="75.1879407">
      </trkpt>
      <trkpt lat="15.3620524" lon="75.1883325">
      </trkpt>
      <trkpt lat="15.3621143" lon="75.1890434">
      </trkpt>
      <trkpt lat="15.3634288" lon="75.204231">
      </trkpt>
      <trkpt lat="15.3638585" lon="75.2089879">
      </trkpt>
      <trkpt lat="15.3642245" lon="75.2132855">
      </trkpt>
      <trkpt lat="15.3645234" lon="75.2167452">
      </trkpt>
      <trkpt lat="15.3645719" lon="75.2172303">
      </trkpt>
      <trkpt lat="15.3646313" lon="75.2176183">
      </trkpt>
      <trkpt lat="15.3647011" lon="75.2180023">
      </trkpt>
      <trkpt lat="15.3647784" lon="75.2183622">
      </trkpt>
      <trkpt lat="15.3648715" lon="75.2186731">
      </trkpt>
      <trkpt lat="15.3649863" lon="75.2190042">
      </trkpt>
      <trkpt lat="15.365118" lon="75.2193422">
      </trkpt>
      <trkpt lat="15.3652243" lon="75.2196063">
      </trkpt>
      <trkpt lat="15.3653567" lon="75.2198749">
      </trkpt>
      <trkpt lat="15.3656066" lon="75.2203218">
      </trkpt>
      <trkpt lat="15.3658239" lon="75.2206852">
      </trkpt>
      <trkpt lat="15.3666099" lon="75.2218077">
      </trkpt>
      <trkpt lat="15.3672786" lon="75.2227768">
      </trkpt>
      <trkpt lat="15.3678576" lon="75.2236017">
      </trkpt>
      <trkpt lat="15.3684128" lon="75.2244063">
      </trkpt>
      <trkpt lat="15.3685905" lon="75.2246651">
      </trkpt>
      <trkpt lat="15.3686758" lon="75.2247894">
      </trkpt>
      <trkpt lat="15.3692334" lon="75.2256016">
      </trkpt>
      <trkpt lat="15.3700108" lon="75.2267134">
      </trkpt>
      <trkpt lat="15.3702258" lon="75.226994">
      </trkpt>
      <trkpt lat="15.3705123" lon="75.2273245">
      </trkpt>
      <trkpt lat="15.3708294" lon="75.2276472">
      </trkpt>
      <trkpt lat="15.3711098" lon="75.2279149">
      </trkpt>
      <trkpt lat="15.3714304" lon="75.2281753">
      </trkpt>
      <trkpt lat="15.3717736" lon="75.228425">
      </trkpt>
      <trkpt lat="15.3719836" lon="75.2285613">
      </trkpt>
      <trkpt lat="15.3723161" lon="75.2287582">
      </trkpt>
      <trkpt lat="15.3726851" lon="75.2289473">
      </trkpt>
      <trkpt lat="15.3733961" lon="75.229273">
      </trkpt>
      <trkpt lat="15.3747413" lon="75.2298827">
      </trkpt>
      <trkpt lat="15.3754363" lon="75.2301994">
      </trkpt>
      <trkpt lat="15.3755576" lon="75.2302525">
      </trkpt>
      <trkpt lat="15.3772608" lon="75.2310402">
      </trkpt>
      <trkpt lat="15.3778237" lon="75.2313006">
      </trkpt>
      <trkpt lat="15.3783609" lon="75.2315397">
      </trkpt>
      <trkpt lat="15.3792028" lon="75.2319118">
      </trkpt>
      <trkpt lat="15.3798359" lon="75.2321273">
      </trkpt>
      <trkpt lat="15.3802429" lon="75.2322539">
      </trkpt>
      <trkpt lat="15.3806707" lon="75.232351">
      </trkpt>
      <trkpt lat="15.381256" lon="75.2324265">
      </trkpt>
      <trkpt lat="15.3818228" lon="75.2324562">
      </trkpt>
      <trkpt lat="15.3829534" lon="75.2324483">
      </trkpt>
      <trkpt lat="15.3857695" lon="75.2324083">
      </trkpt>
      <trkpt lat="15.387022" lon="75.2324047">
      </trkpt>
      <trkpt lat="15.3874513" lon="75.2324143">
      </trkpt>
      <trkpt lat="15.3878674" lon="75.2324491">
      </trkpt>
      <trkpt lat="15.3883541" lon="75.2324987">
      </trkpt>
      <trkpt lat="15.3891685" lon="75.2326127">
      </trkpt>
      <trkpt lat="15.3901897" lon="75.2328281">
      </trkpt>
      <trkpt lat="15.3911877" lon="75.2330891">
      </trkpt>
      <trkpt lat="15.393034" lon="75.2336171">
      </trkpt>
      <trkpt lat="15.3940511" lon="75.2338977">
      </trkpt>
      <trkpt lat="15.3951887" lon="75.2342061">
      </trkpt>
      <trkpt lat="15.3965628" lon="75.2345972">
      </trkpt>
      <trkpt lat="15.3969249" lon="75.2347161">
      </trkpt>
      <trkpt lat="15.3973318" lon="75.2348804">
      </trkpt>
      <trkpt lat="15.3975555" lon="75.2349893">
      </trkpt>
      <trkpt lat="15.3978714" lon="75.2351515">
      </trkpt>
      <trkpt lat="15.3982847" lon="75.2354164">
      </trkpt>
      <trkpt lat="15.3985404" lon="75.2355917">
      </trkpt>
      <trkpt lat="15.398791" lon="75.2357725">
      </trkpt>
      <trkpt lat="15.3992023" lon="75.2361118">
      </trkpt>
      <trkpt lat="15.3994726" lon="75.2363498">
      </trkpt>
      <trkpt lat="15.3997429" lon="75.2366254">
      </trkpt>
      <trkpt lat="15.4002168" lon="75.2372055">
      </trkpt>
      <trkpt lat="15.4004162" lon="75.2374982">
      </trkpt>
      <trkpt lat="15.4006208" lon="75.2378177">
      </trkpt>
      <trkpt lat="15.4009921" lon="75.2385076">
      </trkpt>
      <trkpt lat="15.4013375" lon="75.2391974">
      </trkpt>
      <trkpt lat="15.4028347" lon="75.2421704">
      </trkpt>
      <trkpt lat="15.4035911" lon="75.2436677">
      </trkpt>
      <trkpt lat="15.4043087" lon="75.2450898">
      </trkpt>
      <trkpt lat="15.4046264" lon="75.2457306">
      </trkpt>
      <trkpt lat="15.4059866" lon="75.2484233">
      </trkpt>
      <trkpt lat="15.4072918" lon="75.2510223">
      </trkpt>
      <trkpt lat="15.4084295" lon="75.2532616">
      </trkpt>
      <trkpt lat="15.4087409" lon="75.2539263">
      </trkpt>
      <trkpt lat="15.4089225" lon="75.254366">
      </trkpt>
      <trkpt lat="15.4090653" lon="75.25476">
      </trkpt>
      <trkpt lat="15.40956" lon="75.2562361">
      </trkpt>
      <trkpt lat="15.4101356" lon="75.2579327">
      </trkpt>
      <trkpt lat="15.4107112" lon="75.2596373">
      </trkpt>
      <trkpt lat="15.411309" lon="75.2613934">
      </trkpt>
      <trkpt lat="15.4116002" lon="75.2622688">
      </trkpt>
      <trkpt lat="15.4117613" lon="75.26274">
      </trkpt>
      <trkpt lat="15.4119431" lon="75.2632004">
      </trkpt>
      <trkpt lat="15.4120929" lon="75.2635639">
      </trkpt>
      <trkpt lat="15.4123307" lon="75.2640944">
      </trkpt>
      <trkpt lat="15.4125789" lon="75.2646141">
      </trkpt>
      <trkpt lat="15.4128606" lon="75.2651845">
      </trkpt>
      <trkpt lat="15.4134164" lon="75.2662913">
      </trkpt>
      <trkpt lat="15.4145358" lon="75.2685479">
      </trkpt>
      <trkpt lat="15.4158023" lon="75.2711304">
      </trkpt>
      <trkpt lat="15.4171061" lon="75.2737675">
      </trkpt>
      <trkpt lat="15.4188777" lon="75.277366">
      </trkpt>
      <trkpt lat="15.4206075" lon="75.2809436">
      </trkpt>
      <trkpt lat="15.4206352" lon="75.2809995">
      </trkpt>
      <trkpt lat="15.4211134" lon="75.2819635">
      </trkpt>
      <trkpt lat="15.4222504" lon="75.2842554">
      </trkpt>
      <trkpt lat="15.4226817" lon="75.2851725">
      </trkpt>
      <trkpt lat="15.4231167" lon="75.2860555">
      </trkpt>
      <trkpt lat="15.4232637" lon="75.2863396">
      </trkpt>
      <trkpt lat="15.4233888" lon="75.2865593">
      </trkpt>
      <trkpt lat="15.4235623" lon="75.2868715">
      </trkpt>
      <trkpt lat="15.4238009" lon="75.2872605">
      </trkpt>
      <trkpt lat="15.4240522" lon="75.2876438">
      </trkpt>
      <trkpt lat="15.4244151" lon="75.2881395">
      </trkpt>
      <trkpt lat="15.4248128" lon="75.2886257">
      </trkpt>
      <trkpt lat="15.4253553" lon="75.2892826">
      </trkpt>
      <trkpt lat="15.4258957" lon="75.2899102">
      </trkpt>
      <trkpt lat="15.4264395" lon="75.2905086">
      </trkpt>
      <trkpt lat="15.4272552" lon="75.2914063">
      </trkpt>
      <trkpt lat="15.42758" lon="75.291774">
      </trkpt>
      <trkpt lat="15.4278408" lon="75.292077">
      </trkpt>
      <trkpt lat="15.4280797" lon="75.2923875">
      </trkpt>
      <trkpt lat="15.4283059" lon="75.2927164">
      </trkpt>
      <trkpt lat="15.4285234" lon="75.2930452">
      </trkpt>
      <trkpt lat="15.4287642" lon="75.2934475">
      </trkpt>
      <trkpt lat="15.4289659" lon="75.2938452">
      </trkpt>
      <trkpt lat="15.4291394" lon="75.2942623">
      </trkpt>
      <trkpt lat="15.4293172" lon="75.2947786">
      </trkpt>
      <trkpt lat="15.429446" lon="75.2952611">
      </trkpt>
      <trkpt lat="15.4295748" lon="75.2958744">
      </trkpt>
      <trkpt lat="15.4296496" lon="75.2963379">
      </trkpt>
      <trkpt lat="15.429694" lon="75.2968734">
      </trkpt>
      <trkpt lat="15.4297015" lon="75.2970688">
      </trkpt>
      <trkpt lat="15.4297128" lon="75.2973622">
      </trkpt>
      <trkpt lat="15.4296677" lon="75.29946">
      </trkpt>
      <trkpt lat="15.4296136" lon="75.3014718">
      </trkpt>
      <trkpt lat="15.4294772" lon="75.3050695">
      </trkpt>
      <trkpt lat="15.429435" lon="75.3068909">
      </trkpt>
      <trkpt lat="15.4293929" lon="75.3087168">
      </trkpt>
      <trkpt lat="15.4292864" lon="75.3131518">
      </trkpt>
      <trkpt lat="15.4292592" lon="75.3140589">
      </trkpt>
      <trkpt lat="15.4292583" lon="75.3144517">
      </trkpt>
      <trkpt lat="15.4292651" lon="75.3148381">
      </trkpt>
      <trkpt lat="15.4292893" lon="75.3152572">
      </trkpt>
      <trkpt lat="15.4293258" lon="75.3156525">
      </trkpt>
      <trkpt lat="15.42941" lon="75.3162863">
      </trkpt>
      <trkpt lat="15.4295178" lon="75.3169975">
      </trkpt>
      <trkpt lat="15.4297977" lon="75.3186057">
      </trkpt>
      <trkpt lat="15.4298783" lon="75.3190285">
      </trkpt>
      <trkpt lat="15.430691" lon="75.3238682">
      </trkpt>
      <trkpt lat="15.4306955" lon="75.3239266">
      </trkpt>
      <trkpt lat="15.4310095" lon="75.3257498">
      </trkpt>
      <trkpt lat="15.431376" lon="75.328019">
      </trkpt>
      <trkpt lat="15.4315172" lon="75.3288419">
      </trkpt>
      <trkpt lat="15.4321596" lon="75.3326031">
      </trkpt>
      <trkpt lat="15.432279" lon="75.3332812">
      </trkpt>
      <trkpt lat="15.4324008" lon="75.3338479">
      </trkpt>
      <trkpt lat="15.4325861" lon="75.3345978">
      </trkpt>
      <trkpt lat="15.432814" lon="75.3351473">
      </trkpt>
      <trkpt lat="15.4331845" lon="75.3358788">
      </trkpt>
      <trkpt lat="15.4337947" lon="75.3371039">
      </trkpt>
      <trkpt lat="15.4341491" lon="75.3378528">
      </trkpt>
      <trkpt lat="15.4344229" lon="75.3384766">
      </trkpt>
      <trkpt lat="15.4346077" lon="75.3389557">
      </trkpt>
      <trkpt lat="15.4348426" lon="75.3397187">
      </trkpt>
      <trkpt lat="15.4349935" lon="75.3403528">
      </trkpt>
      <trkpt lat="15.4350989" lon="75.3409519">
      </trkpt>
      <trkpt lat="15.4352849" lon="75.3429166">
      </trkpt>
      <trkpt lat="15.4354629" lon="75.3448543">
      </trkpt>
      <trkpt lat="15.4356081" lon="75.3466176">
      </trkpt>
      <trkpt lat="15.4356309" lon="75.3472499">
      </trkpt>
      <trkpt lat="15.4356229" lon="75.3481342">
      </trkpt>
      <trkpt lat="15.4355596" lon="75.3496395">
      </trkpt>
      <trkpt lat="15.4355345" lon="75.3501262">
      </trkpt>
      <trkpt lat="15.4352203" lon="75.3589553">
      </trkpt>
      <trkpt lat="15.435214" lon="75.3593956">
      </trkpt>
      <trkpt lat="15.4351148" lon="75.3621079">
      </trkpt>
      <trkpt lat="15.4348018" lon="75.3707388">
      </trkpt>
      <trkpt lat="15.434437" lon="75.3810232">
      </trkpt>
      <trkpt lat="15.4339254" lon="75.395338">
      </trkpt>
      <trkpt lat="15.4336865" lon="75.4021379">
      </trkpt>
      <trkpt lat="15.4330094" lon="75.4209277">
      </trkpt>
      <trkpt lat="15.4327879" lon="75.4271199">
      </trkpt>
      <trkpt lat="15.4327784" lon="75.4275066">
      </trkpt>
      <trkpt lat="15.4327257" lon="75.4296474">
      </trkpt>
      <trkpt lat="15.4327042" lon="75.4302346">
      </trkpt>
      <trkpt lat="15.4325819" lon="75.4335786">
      </trkpt>
      <trkpt lat="15.4323927" lon="75.4389328">
      </trkpt>
      <trkpt lat="15.4323738" lon="75.4393801">
      </trkpt>
      <trkpt lat="15.4322162" lon="75.4430812">
      </trkpt>
      <trkpt lat="15.4316539" lon="75.4585288">
      </trkpt>
      <trkpt lat="15.4314435" lon="75.4649386">
      </trkpt>
      <trkpt lat="15.4310821" lon="75.4752594">
      </trkpt>
      <trkpt lat="15.4309472" lon="75.4793957">
      </trkpt>
      <trkpt lat="15.4309168" lon="75.4802523">
      </trkpt>
      <trkpt lat="15.43087" lon="75.4814801">
      </trkpt>
      <trkpt lat="15.4308299" lon="75.4819422">
      </trkpt>
      <trkpt lat="15.4308002" lon="75.4822088">
      </trkpt>
      <trkpt lat="15.4307531" lon="75.4825025">
      </trkpt>
      <trkpt lat="15.4304842" lon="75.4837976">
      </trkpt>
      <trkpt lat="15.4301196" lon="75.4854987">
      </trkpt>
      <trkpt lat="15.4300492" lon="75.4859757">
      </trkpt>
      <trkpt lat="15.4300054" lon="75.4864713">
      </trkpt>
      <trkpt lat="15.4299702" lon="75.486994">
      </trkpt>
      <trkpt lat="15.4299854" lon="75.4888334">
      </trkpt>
      <trkpt lat="15.4299753" lon="75.4933502">
      </trkpt>
      <trkpt lat="15.429989" lon="75.4969386">
      </trkpt>
      <trkpt lat="15.4299838" lon="75.4992366">
      </trkpt>
      <trkpt lat="15.4299829" lon="75.5015346">
      </trkpt>
      <trkpt lat="15.4299804" lon="75.5056831">
      </trkpt>
      <trkpt lat="15.4299975" lon="75.5063117">
      </trkpt>
      <trkpt lat="15.4300409" lon="75.506829">
      </trkpt>
      <trkpt lat="15.4300973" lon="75.5074035">
      </trkpt>
      <trkpt lat="15.4302349" lon="75.5082771">
      </trkpt>
      <trkpt lat="15.4303802" lon="75.5091109">
      </trkpt>
      <trkpt lat="15.4314646" lon="75.5143048">
      </trkpt>
      <trkpt lat="15.4315439" lon="75.5147535">
      </trkpt>
      <trkpt lat="15.4316246" lon="75.5153173">
      </trkpt>
      <trkpt lat="15.4316848" lon="75.5158609">
      </trkpt>
      <trkpt lat="15.4317365" lon="75.5164047">
      </trkpt>
      <trkpt lat="15.4317577" lon="75.516984">
      </trkpt>
      <trkpt lat="15.4317543" lon="75.5175156">
      </trkpt>
      <trkpt lat="15.431739" lon="75.5180085">
      </trkpt>
      <trkpt lat="15.4317207" lon="75.5185602">
      </trkpt>
      <trkpt lat="15.4315671" lon="75.5210946">
      </trkpt>
      <trkpt lat="15.4315424" lon="75.5217352">
      </trkpt>
      <trkpt lat="15.4315589" lon="75.5222057">
      </trkpt>
      <trkpt lat="15.4316227" lon="75.5227534">
      </trkpt>
      <trkpt lat="15.4316917" lon="75.523234">
      </trkpt>
      <trkpt lat="15.431799" lon="75.5236935">
      </trkpt>
      <trkpt lat="15.4321461" lon="75.5248445">
      </trkpt>
      <trkpt lat="15.4337316" lon="75.5299958">
      </trkpt>
      <trkpt lat="15.4345572" lon="75.5326829">
      </trkpt>
      <trkpt lat="15.4349698" lon="75.5340063">
      </trkpt>
      <trkpt lat="15.4357628" lon="75.5365672">
      </trkpt>
      <trkpt lat="15.4359444" lon="75.5371813">
      </trkpt>
      <trkpt lat="15.4362063" lon="75.5381192">
      </trkpt>
      <trkpt lat="15.4363392" lon="75.5386309">
      </trkpt>
      <trkpt lat="15.4368613" lon="75.5403406">
      </trkpt>
      <trkpt lat="15.4370173" lon="75.5408683">
      </trkpt>
      <trkpt lat="15.4386339" lon="75.5460053">
      </trkpt>
      <trkpt lat="15.4387492" lon="75.5464275">
      </trkpt>
      <trkpt lat="15.4388592" lon="75.5468836">
      </trkpt>
      <trkpt lat="15.4389406" lon="75.5474366">
      </trkpt>
      <trkpt lat="15.4389851" lon="75.5479479">
      </trkpt>
      <trkpt lat="15.4389855" lon="75.5484921">
      </trkpt>
      <trkpt lat="15.4389628" lon="75.5489603">
      </trkpt>
      <trkpt lat="15.4389041" lon="75.5494522">
      </trkpt>
      <trkpt lat="15.4388107" lon="75.5499958">
      </trkpt>
      <trkpt lat="15.4386851" lon="75.5505194">
      </trkpt>
      <trkpt lat="15.4384989" lon="75.5510503">
      </trkpt>
      <trkpt lat="15.4382614" lon="75.551627">
      </trkpt>
      <trkpt lat="15.4380208" lon="75.5521066">
      </trkpt>
      <trkpt lat="15.4377384" lon="75.5525697">
      </trkpt>
      <trkpt lat="15.4374612" lon="75.5529511">
      </trkpt>
      <trkpt lat="15.4365058" lon="75.5541722">
      </trkpt>
      <trkpt lat="15.4362119" lon="75.5546105">
      </trkpt>
      <trkpt lat="15.4358887" lon="75.5551488">
      </trkpt>
      <trkpt lat="15.4356216" lon="75.5556588">
      </trkpt>
      <trkpt lat="15.4353898" lon="75.5562762">
      </trkpt>
      <trkpt lat="15.4352571" lon="75.5566896">
      </trkpt>
      <trkpt lat="15.435158" lon="75.5570956">
      </trkpt>
      <trkpt lat="15.4350738" lon="75.5575163">
      </trkpt>
      <trkpt lat="15.4344348" lon="75.5615055">
      </trkpt>
      <trkpt lat="15.4343608" lon="75.5620246">
      </trkpt>
      <trkpt lat="15.4343205" lon="75.5624337">
      </trkpt>
      <trkpt lat="15.4342787" lon="75.5629169">
      </trkpt>
      <trkpt lat="15.4342589" lon="75.5635746">
      </trkpt>
      <trkpt lat="15.4342622" lon="75.5640642">
      </trkpt>
      <trkpt lat="15.4342887" lon="75.5646278">
      </trkpt>
      <trkpt lat="15.4343265" lon="75.5651919">
      </trkpt>
      <trkpt lat="15.4361455" lon="75.586771">
      </trkpt>
      <trkpt lat="15.4361856" lon="75.5871824">
      </trkpt>
      <trkpt lat="15.4363093" lon="75.5882442">
      </trkpt>
      <trkpt lat="15.4363429" lon="75.5885848">
      </trkpt>
      <trkpt lat="15.4365512" lon="75.5909853">
      </trkpt>
      <trkpt lat="15.4365944" lon="75.591464">
      </trkpt>
      <trkpt lat="15.4373033" lon="75.5999729">
      </trkpt>
      <trkpt lat="15.4373596" lon="75.6007041">
      </trkpt>
      <trkpt lat="15.4373896" lon="75.6011002">
      </trkpt>
      <trkpt lat="15.4375725" lon="75.6033354">
      </trkpt>
      <trkpt lat="15.4376178" lon="75.6038856">
      </trkpt>
      <trkpt lat="15.4376667" lon="75.6044421">
      </trkpt>
      <trkpt lat="15.4376977" lon="75.6048578">
      </trkpt>
      <trkpt lat="15.4377675" lon="75.606046">
      </trkpt>
      <trkpt lat="15.4377985" lon="75.606451">
      </trkpt>
      <trkpt lat="15.4383098" lon="75.6123365">
      </trkpt>
      <trkpt lat="15.4383195" lon="75.6124901">
      </trkpt>
      <trkpt lat="15.4384426" lon="75.613846">
      </trkpt>
      <trkpt lat="15.4384862" lon="75.6143475">
      </trkpt>
      <trkpt lat="15.4385215" lon="75.6148227">
      </trkpt>
      <trkpt lat="15.4385533" lon="75.6154673">
      </trkpt>
      <trkpt lat="15.4385773" lon="75.6163797">
      </trkpt>
      <trkpt lat="15.4385718" lon="75.6169704">
      </trkpt>
      <trkpt lat="15.4385362" lon="75.6175416">
      </trkpt>
      <trkpt lat="15.4384732" lon="75.6181955">
      </trkpt>
      <trkpt lat="15.4383996" lon="75.6187691">
      </trkpt>
      <trkpt lat="15.4371222" lon="75.6275016">
      </trkpt>
      <trkpt lat="15.4364637" lon="75.632014">
      </trkpt>
      <trkpt lat="15.4364077" lon="75.6324439">
      </trkpt>
      <trkpt lat="15.4363604" lon="75.63296">
      </trkpt>
      <trkpt lat="15.4363298" lon="75.6333142">
      </trkpt>
      <trkpt lat="15.4363195" lon="75.6337373">
      </trkpt>
      <trkpt lat="15.4363094" lon="75.6342276">
      </trkpt>
      <trkpt lat="15.4363191" lon="75.6347869">
      </trkpt>
      <trkpt lat="15.4363501" lon="75.6354496">
      </trkpt>
      <trkpt lat="15.4363932" lon="75.6360348">
      </trkpt>
      <trkpt lat="15.4365331" lon="75.6379932">
      </trkpt>
      <trkpt lat="15.4365823" lon="75.6386321">
      </trkpt>
      <trkpt lat="15.4366232" lon="75.6391273">
      </trkpt>
      <trkpt lat="15.4370507" lon="75.6453989">
      </trkpt>
      <trkpt lat="15.4371349" lon="75.6466516">
      </trkpt>
      <trkpt lat="15.4371497" lon="75.6468385">
      </trkpt>
      <trkpt lat="15.4372118" lon="75.6477748">
      </trkpt>
      <trkpt lat="15.4372923" lon="75.6488345">
      </trkpt>
      <trkpt lat="15.4373203" lon="75.649338">
      </trkpt>
      <trkpt lat="15.437689" lon="75.6545888">
      </trkpt>
      <trkpt lat="15.4378948" lon="75.6578431">
      </trkpt>
      <trkpt lat="15.4381211" lon="75.6606761">
      </trkpt>
      <trkpt lat="15.4382615" lon="75.6628174">
      </trkpt>
      <trkpt lat="15.4383329" lon="75.6634787">
      </trkpt>
      <trkpt lat="15.4384486" lon="75.6640549">
      </trkpt>
      <trkpt lat="15.4385871" lon="75.6645738">
      </trkpt>
      <trkpt lat="15.4387869" lon="75.6651459">
      </trkpt>
      <trkpt lat="15.4390042" lon="75.6656651">
      </trkpt>
      <trkpt lat="15.4393083" lon="75.6662147">
      </trkpt>
      <trkpt lat="15.4396808" lon="75.6667854">
      </trkpt>
      <trkpt lat="15.4401363" lon="75.6673607">
      </trkpt>
      <trkpt lat="15.4405176" lon="75.6677466">
      </trkpt>
      <trkpt lat="15.4413688" lon="75.6686581">
      </trkpt>
      <trkpt lat="15.4416787" lon="75.6690319">
      </trkpt>
      <trkpt lat="15.4419698" lon="75.6694269">
      </trkpt>
      <trkpt lat="15.4423241" lon="75.6699955">
      </trkpt>
      <trkpt lat="15.4426323" lon="75.6706062">
      </trkpt>
      <trkpt lat="15.4428702" lon="75.6712166">
      </trkpt>
      <trkpt lat="15.4430469" lon="75.6718325">
      </trkpt>
      <trkpt lat="15.4432122" lon="75.6725465">
      </trkpt>
      <trkpt lat="15.4432849" lon="75.6732137">
      </trkpt>
      <trkpt lat="15.4432912" lon="75.6738003">
      </trkpt>
      <trkpt lat="15.4432681" lon="75.6744141">
      </trkpt>
      <trkpt lat="15.4431924" lon="75.6749588">
      </trkpt>
      <trkpt lat="15.4430828" lon="75.6754806">
      </trkpt>
      <trkpt lat="15.4427328" lon="75.676814">
      </trkpt>
      <trkpt lat="15.4408894" lon="75.6836716">
      </trkpt>
      <trkpt lat="15.440687" lon="75.6844166">
      </trkpt>
      <trkpt lat="15.4403516" lon="75.685694">
      </trkpt>
      <trkpt lat="15.4402466" lon="75.6862163">
      </trkpt>
      <trkpt lat="15.4401708" lon="75.6868398">
      </trkpt>
      <trkpt lat="15.4401472" lon="75.6875359">
      </trkpt>
      <trkpt lat="15.4401874" lon="75.6882394">
      </trkpt>
      <trkpt lat="15.4402945" lon="75.688924">
      </trkpt>
      <trkpt lat="15.4404249" lon="75.6894792">
      </trkpt>
      <trkpt lat="15.4406551" lon="75.690157">
      </trkpt>
      <trkpt lat="15.4409181" lon="75.6907676">
      </trkpt>
      <trkpt lat="15.4412271" lon="75.6913556">
      </trkpt>
      <trkpt lat="15.4446008" lon="75.697331">
      </trkpt>
      <trkpt lat="15.4448836" lon="75.6978689">
      </trkpt>
      <trkpt lat="15.4450733" lon="75.6982891">
      </trkpt>
      <trkpt lat="15.4452256" lon="75.6987205">
      </trkpt>
      <trkpt lat="15.4453941" lon="75.6993415">
      </trkpt>
      <trkpt lat="15.4455602" lon="75.7000584">
      </trkpt>
      <trkpt lat="15.445908" lon="75.7018776">
      </trkpt>
      <trkpt lat="15.446014" lon="75.702444">
      </trkpt>
      <trkpt lat="15.4465496" lon="75.7050532">
      </trkpt>
      <trkpt lat="15.4469632" lon="75.7071654">
      </trkpt>
      <trkpt lat="15.4470752" lon="75.7078024">
      </trkpt>
      <trkpt lat="15.447169" lon="75.7084572">
      </trkpt>
      <trkpt lat="15.4472383" lon="75.7091919">
      </trkpt>
      <trkpt lat="15.4474841" lon="75.7125434">
      </trkpt>
      <trkpt lat="15.4478464" lon="75.7172867">
      </trkpt>
      <trkpt lat="15.4478894" lon="75.7177008">
      </trkpt>
      <trkpt lat="15.4479299" lon="75.7180278">
      </trkpt>
      <trkpt lat="15.4479942" lon="75.7184352">
      </trkpt>
      <trkpt lat="15.448581" lon="75.7212666">
      </trkpt>
      <trkpt lat="15.448816" lon="75.7224462">
      </trkpt>
      <trkpt lat="15.4526025" lon="75.741188">
      </trkpt>
      <trkpt lat="15.4527413" lon="75.741919">
      </trkpt>
      <trkpt lat="15.4528667" lon="75.7426515">
      </trkpt>
      <trkpt lat="15.4556148" lon="75.759862">
      </trkpt>
      <trkpt lat="15.4556818" lon="75.7603619">
      </trkpt>
      <trkpt lat="15.4557176" lon="75.7607926">
      </trkpt>
      <trkpt lat="15.4557183" lon="75.7613166">
      </trkpt>
      <trkpt lat="15.455687" lon="75.7617685">
      </trkpt>
      <trkpt lat="15.4556352" lon="75.7622486">
      </trkpt>
      <trkpt lat="15.4555067" lon="75.7629656">
      </trkpt>
      <trkpt lat="15.4550044" lon="75.7652525">
      </trkpt>
      <trkpt lat="15.4548771" lon="75.7657291">
      </trkpt>
      <trkpt lat="15.4547384" lon="75.7661387">
      </trkpt>
      <trkpt lat="15.4545773" lon="75.7665439">
      </trkpt>
      <trkpt lat="15.4543522" lon="75.7669945">
      </trkpt>
      <trkpt lat="15.4541186" lon="75.7674349">
      </trkpt>
      <trkpt lat="15.4538789" lon="75.767806">
      </trkpt>
      <trkpt lat="15.4535964" lon="75.7681842">
      </trkpt>
      <trkpt lat="15.4517155" lon="75.7705353">
      </trkpt>
      <trkpt lat="15.4517104" lon="75.7705624">
      </trkpt>
      <trkpt lat="15.4510858" lon="75.7713463">
      </trkpt>
      <trkpt lat="15.449194" lon="75.7736784">
      </trkpt>
      <trkpt lat="15.4480244" lon="75.7751011">
      </trkpt>
      <trkpt lat="15.4475047" lon="75.7757504">
      </trkpt>
      <trkpt lat="15.4420209" lon="75.7825929">
      </trkpt>
      <trkpt lat="15.44166" lon="75.7830533">
      </trkpt>
      <trkpt lat="15.4413672" lon="75.7834443">
      </trkpt>
      <trkpt lat="15.4409073" lon="75.7841663">
      </trkpt>
      <trkpt lat="15.4406713" lon="75.7846225">
      </trkpt>
      <trkpt lat="15.4404508" lon="75.7851531">
      </trkpt>
      <trkpt lat="15.4402934" lon="75.7855917">
      </trkpt>
      <trkpt lat="15.4401608" lon="75.7860861">
      </trkpt>
      <trkpt lat="15.4400442" lon="75.7866672">
      </trkpt>
      <trkpt lat="15.439976" lon="75.7872804">
      </trkpt>
      <trkpt lat="15.4399588" lon="75.7879649">
      </trkpt>
      <trkpt lat="15.4399743" lon="75.7885186">
      </trkpt>
      <trkpt lat="15.4401312" lon="75.7908227">
      </trkpt>
      <trkpt lat="15.4401466" lon="75.7913686">
      </trkpt>
      <trkpt lat="15.4401246" lon="75.7919434">
      </trkpt>
      <trkpt lat="15.4400659" lon="75.7925373">
      </trkpt>
      <trkpt lat="15.4399616" lon="75.7931087">
      </trkpt>
      <trkpt lat="15.4398438" lon="75.7936118">
      </trkpt>
      <trkpt lat="15.4396843" lon="75.7941201">
      </trkpt>
      <trkpt lat="15.4395164" lon="75.7945374">
      </trkpt>
      <trkpt lat="15.439365" lon="75.7948874">
      </trkpt>
      <trkpt lat="15.4392388" lon="75.7951217">
      </trkpt>
      <trkpt lat="15.4390799" lon="75.7953928">
      </trkpt>
      <trkpt lat="15.4389403" lon="75.7956117">
      </trkpt>
      <trkpt lat="15.4386961" lon="75.7959641">
      </trkpt>
      <trkpt lat="15.4381536" lon="75.796749">
      </trkpt>
      <trkpt lat="15.4364965" lon="75.7990166">
      </trkpt>
      <trkpt lat="15.4362409" lon="75.7993663">
      </trkpt>
      <trkpt lat="15.4359997" lon="75.799681">
      </trkpt>
      <trkpt lat="15.4357888" lon="75.7999268">
      </trkpt>
      <trkpt lat="15.4355582" lon="75.8001665">
      </trkpt>
      <trkpt lat="15.4353488" lon="75.8003592">
      </trkpt>
      <trkpt lat="15.4350202" lon="75.8006449">
      </trkpt>
      <trkpt lat="15.4346929" lon="75.8008941">
      </trkpt>
      <trkpt lat="15.4343354" lon="75.8011559">
      </trkpt>
      <trkpt lat="15.4338399" lon="75.801491">
      </trkpt>
      <trkpt lat="15.4320167" lon="75.8027733">
      </trkpt>
      <trkpt lat="15.4307995" lon="75.8036294">
      </trkpt>
      <trkpt lat="15.4299434" lon="75.8042302">
      </trkpt>
      <trkpt lat="15.4284561" lon="75.8052578">
      </trkpt>
      <trkpt lat="15.4269792" lon="75.806304">
      </trkpt>
      <trkpt lat="15.4250778" lon="75.807618">
      </trkpt>
      <trkpt lat="15.4245106" lon="75.8080123">
      </trkpt>
      <trkpt lat="15.424128" lon="75.8083305">
      </trkpt>
      <trkpt lat="15.4239357" lon="75.8085092">
      </trkpt>
      <trkpt lat="15.4236887" lon="75.8087506">
      </trkpt>
      <trkpt lat="15.4234021" lon="75.8090608">
      </trkpt>
      <trkpt lat="15.4231928" lon="75.8093186">
      </trkpt>
      <trkpt lat="15.4229988" lon="75.8095632">
      </trkpt>
      <trkpt lat="15.4227655" lon="75.809887">
      </trkpt>
      <trkpt lat="15.422578" lon="75.8101972">
      </trkpt>
      <trkpt lat="15.4224157" lon="75.8104839">
      </trkpt>
      <trkpt lat="15.4222433" lon="75.810818">
      </trkpt>
      <trkpt lat="15.4221061" lon="75.8111131">
      </trkpt>
      <trkpt lat="15.4220366" lon="75.8112859">
      </trkpt>
      <trkpt lat="15.4219566" lon="75.8114966">
      </trkpt>
      <trkpt lat="15.4218488" lon="75.8118568">
      </trkpt>
      <trkpt lat="15.421741" lon="75.8122302">
      </trkpt>
      <trkpt lat="15.4215597" lon="75.8129149">
      </trkpt>
      <trkpt lat="15.4211464" lon="75.8145988">
      </trkpt>
      <trkpt lat="15.420723" lon="75.8162696">
      </trkpt>
      <trkpt lat="15.4164338" lon="75.8332608">
      </trkpt>
      <trkpt lat="15.4162804" lon="75.8339415">
      </trkpt>
      <trkpt lat="15.4161249" lon="75.8346947">
      </trkpt>
      <trkpt lat="15.4160429" lon="75.8353015">
      </trkpt>
      <trkpt lat="15.4159822" lon="75.8359526">
      </trkpt>
      <trkpt lat="15.4159672" lon="75.8362388">
      </trkpt>
      <trkpt lat="15.4159495" lon="75.8365772">
      </trkpt>
      <trkpt lat="15.4159415" lon="75.8372362">
      </trkpt>
      <trkpt lat="15.4159606" lon="75.8380154">
      </trkpt>
      <trkpt lat="15.416017" lon="75.8387017">
      </trkpt>
      <trkpt lat="15.4160821" lon="75.8393747">
      </trkpt>
      <trkpt lat="15.4161824" lon="75.8400226">
      </trkpt>
      <trkpt lat="15.4163169" lon="75.8406705">
      </trkpt>
      <trkpt lat="15.4164832" lon="75.8412665">
      </trkpt>
      <trkpt lat="15.4166666" lon="75.8419068">
      </trkpt>
      <trkpt lat="15.4169266" lon="75.8426325">
      </trkpt>
      <trkpt lat="15.4172293" lon="75.8434246">
      </trkpt>
      <trkpt lat="15.4197682" lon="75.8500597">
      </trkpt>
      <trkpt lat="15.4210224" lon="75.8533325">
      </trkpt>
      <trkpt lat="15.422169" lon="75.8563118">
      </trkpt>
      <trkpt lat="15.4223739" lon="75.8568274">
      </trkpt>
      <trkpt lat="15.4225645" lon="75.8573505">
      </trkpt>
      <trkpt lat="15.4226928" lon="75.8577356">
      </trkpt>
      <trkpt lat="15.4228069" lon="75.858102">
      </trkpt>
      <trkpt lat="15.4228952" lon="75.8584096">
      </trkpt>
      <trkpt lat="15.4229692" lon="75.8586949">
      </trkpt>
      <trkpt lat="15.4231161" lon="75.8593522">
      </trkpt>
      <trkpt lat="15.4232394" lon="75.8600782">
      </trkpt>
      <trkpt lat="15.4233267" lon="75.8606715">
      </trkpt>
      <trkpt lat="15.4233756" lon="75.8611939">
      </trkpt>
      <trkpt lat="15.4234077" lon="75.861686">
      </trkpt>
      <trkpt lat="15.4234321" lon="75.8622566">
      </trkpt>
      <trkpt lat="15.4234264" lon="75.86294">
      </trkpt>
      <trkpt lat="15.4233952" lon="75.86365">
      </trkpt>
      <trkpt lat="15.42334" lon="75.864197">
      </trkpt>
      <trkpt lat="15.4232438" lon="75.8648345">
      </trkpt>
      <trkpt lat="15.4231019" lon="75.86572">
      </trkpt>
      <trkpt lat="15.4229941" lon="75.8662158">
      </trkpt>
      <trkpt lat="15.4226431" lon="75.8679123">
      </trkpt>
      <trkpt lat="15.4226161" lon="75.8680452">
      </trkpt>
      <trkpt lat="15.4222578" lon="75.8697557">
      </trkpt>
      <trkpt lat="15.4219317" lon="75.8714216">
      </trkpt>
      <trkpt lat="15.4215755" lon="75.8732415">
      </trkpt>
      <trkpt lat="15.4212565" lon="75.8748398">
      </trkpt>
      <trkpt lat="15.4209065" lon="75.8765967">
      </trkpt>
      <trkpt lat="15.4207486" lon="75.877468">
      </trkpt>
      <trkpt lat="15.4206341" lon="75.8780247">
      </trkpt>
      <trkpt lat="15.4204231" lon="75.8790658">
      </trkpt>
      <trkpt lat="15.4200995" lon="75.880265">
      </trkpt>
      <trkpt lat="15.4200034" lon="75.8806221">
      </trkpt>
      <trkpt lat="15.4167853" lon="75.8924852">
      </trkpt>
      <trkpt lat="15.4153407" lon="75.8978316">
      </trkpt>
      <trkpt lat="15.4138764" lon="75.9032399">
      </trkpt>
      <trkpt lat="15.4127549" lon="75.9073662">
      </trkpt>
      <trkpt lat="15.4115478" lon="75.9118115">
      </trkpt>
      <trkpt lat="15.4106507" lon="75.9151399">
      </trkpt>
      <trkpt lat="15.4099925" lon="75.9175485">
      </trkpt>
      <trkpt lat="15.4088072" lon="75.9219223">
      </trkpt>
      <trkpt lat="15.408442" lon="75.9232751">
      </trkpt>
      <trkpt lat="15.408042" lon="75.9247166">
      </trkpt>
      <trkpt lat="15.4078294" lon="75.9255584">
      </trkpt>
      <trkpt lat="15.407698" lon="75.9260985">
      </trkpt>
      <trkpt lat="15.4075774" lon="75.9266422">
      </trkpt>
      <trkpt lat="15.4075012" lon="75.9271057">
      </trkpt>
      <trkpt lat="15.4074249" lon="75.9276065">
      </trkpt>
      <trkpt lat="15.4073658" lon="75.928135">
      </trkpt>
      <trkpt lat="15.4072983" lon="75.9287654">
      </trkpt>
      <trkpt lat="15.4072646" lon="75.9293729">
      </trkpt>
      <trkpt lat="15.4072381" lon="75.9299432">
      </trkpt>
      <trkpt lat="15.4071439" lon="75.9316731">
      </trkpt>
      <trkpt lat="15.4070389" lon="75.933619">
      </trkpt>
      <trkpt lat="15.4070321" lon="75.9337763">
      </trkpt>
      <trkpt lat="15.4068623" lon="75.9369621">
      </trkpt>
      <trkpt lat="15.4067383" lon="75.9390279">
      </trkpt>
      <trkpt lat="15.406643" lon="75.9411086">
      </trkpt>
      <trkpt lat="15.4064474" lon="75.944621">
      </trkpt>
      <trkpt lat="15.4064055" lon="75.9453748">
      </trkpt>
      <trkpt lat="15.4063938" lon="75.9456939">
      </trkpt>
      <trkpt lat="15.4062255" lon="75.949275">
      </trkpt>
      <trkpt lat="15.4060247" lon="75.9533009">
      </trkpt>
      <trkpt lat="15.405935" lon="75.9543107">
      </trkpt>
      <trkpt lat="15.4058596" lon="75.9548329">
      </trkpt>
      <trkpt lat="15.405804" lon="75.9551507">
      </trkpt>
      <trkpt lat="15.4057412" lon="75.9554611">
      </trkpt>
      <trkpt lat="15.4056425" lon="75.9558757">
      </trkpt>
      <trkpt lat="15.4055582" lon="75.9562643">
      </trkpt>
      <trkpt lat="15.4053998" lon="75.9568553">
      </trkpt>
      <trkpt lat="15.4052162" lon="75.9574686">
      </trkpt>
      <trkpt lat="15.404964" lon="75.9581889">
      </trkpt>
      <trkpt lat="15.4039581" lon="75.9607232">
      </trkpt>
      <trkpt lat="15.4007172" lon="75.9688783">
      </trkpt>
      <trkpt lat="15.4004584" lon="75.969546">
      </trkpt>
      <trkpt lat="15.4002818" lon="75.9700543">
      </trkpt>
      <trkpt lat="15.4001159" lon="75.970585">
      </trkpt>
      <trkpt lat="15.3999716" lon="75.9711306">
      </trkpt>
      <trkpt lat="15.399861" lon="75.971563">
      </trkpt>
      <trkpt lat="15.3997576" lon="75.9720327">
      </trkpt>
      <trkpt lat="15.3996829" lon="75.9725153">
      </trkpt>
      <trkpt lat="15.3996046" lon="75.9730874">
      </trkpt>
      <trkpt lat="15.3995629" lon="75.97348">
      </trkpt>
      <trkpt lat="15.3995233" lon="75.9739669">
      </trkpt>
      <trkpt lat="15.3993178" lon="75.9778062">
      </trkpt>
      <trkpt lat="15.3990607" lon="75.98271">
      </trkpt>
      <trkpt lat="15.3988037" lon="75.987372">
      </trkpt>
      <trkpt lat="15.3987727" lon="75.9878743">
      </trkpt>
      <trkpt lat="15.3987084" lon="75.9884932">
      </trkpt>
      <trkpt lat="15.3986371" lon="75.989031">
      </trkpt>
      <trkpt lat="15.3985149" lon="75.9896973">
      </trkpt>
      <trkpt lat="15.3983868" lon="75.9903257">
      </trkpt>
      <trkpt lat="15.3980088" lon="75.9918995">
      </trkpt>
      <trkpt lat="15.3977215" lon="75.9930891">
      </trkpt>
      <trkpt lat="15.397638" lon="75.9934349">
      </trkpt>
      <trkpt lat="15.3967301" lon="75.9971932">
      </trkpt>
      <trkpt lat="15.3933645" lon="76.011277">
      </trkpt>
      <trkpt lat="15.3926713" lon="76.0141108">
      </trkpt>
      <trkpt lat="15.3926242" lon="76.0143031">
      </trkpt>
      <trkpt lat="15.3918253" lon="76.0175685">
      </trkpt>
      <trkpt lat="15.3907327" lon="76.0221617">
      </trkpt>
      <trkpt lat="15.3892665" lon="76.028273">
      </trkpt>
      <trkpt lat="15.3885885" lon="76.031226">
      </trkpt>
      <trkpt lat="15.3883251" lon="76.0323762">
      </trkpt>
      <trkpt lat="15.388293" lon="76.0325166">
      </trkpt>
      <trkpt lat="15.387592" lon="76.0354189">
      </trkpt>
      <trkpt lat="15.3871419" lon="76.037212">
      </trkpt>
      <trkpt lat="15.3862315" lon="76.0411046">
      </trkpt>
      <trkpt lat="15.3857382" lon="76.0431059">
      </trkpt>
      <trkpt lat="15.3854614" lon="76.0442321">
      </trkpt>
      <trkpt lat="15.3849303" lon="76.0464653">
      </trkpt>
      <trkpt lat="15.3847557" lon="76.0471223">
      </trkpt>
      <trkpt lat="15.3845641" lon="76.0478059">
      </trkpt>
      <trkpt lat="15.3843553" lon="76.0484474">
      </trkpt>
      <trkpt lat="15.384125" lon="76.0490338">
      </trkpt>
      <trkpt lat="15.3838563" lon="76.0496291">
      </trkpt>
      <trkpt lat="15.383567" lon="76.0501671">
      </trkpt>
      <trkpt lat="15.3833007" lon="76.0506641">
      </trkpt>
      <trkpt lat="15.3830515" lon="76.0511567">
      </trkpt>
      <trkpt lat="15.3816125" lon="76.0537315">
      </trkpt>
      <trkpt lat="15.3778352" lon="76.0605489">
      </trkpt>
      <trkpt lat="15.3766706" lon="76.062631">
      </trkpt>
      <trkpt lat="15.3741226" lon="76.0672268">
      </trkpt>
      <trkpt lat="15.3700867" lon="76.0745252">
      </trkpt>
      <trkpt lat="15.368242" lon="76.0778391">
      </trkpt>
      <trkpt lat="15.3673409" lon="76.0794718">
      </trkpt>
      <trkpt lat="15.3670568" lon="76.0800003">
      </trkpt>
      <trkpt lat="15.3668418" lon="76.0804792">
      </trkpt>
      <trkpt lat="15.3665625" lon="76.0811317">
      </trkpt>
      <trkpt lat="15.3663551" lon="76.0817227">
      </trkpt>
      <trkpt lat="15.3661787" lon="76.0822848">
      </trkpt>
      <trkpt lat="15.3660065" lon="76.082931">
      </trkpt>
      <trkpt lat="15.3658276" lon="76.0836554">
      </trkpt>
      <trkpt lat="15.3657432" lon="76.0841656">
      </trkpt>
      <trkpt lat="15.3656341" lon="76.0849568">
      </trkpt>
      <trkpt lat="15.3655165" lon="76.0860004">
      </trkpt>
      <trkpt lat="15.3650484" lon="76.0904207">
      </trkpt>
      <trkpt lat="15.364755" lon="76.0931689">
      </trkpt>
      <trkpt lat="15.364252" lon="76.0979105">
      </trkpt>
      <trkpt lat="15.3639535" lon="76.1007326">
      </trkpt>
      <trkpt lat="15.3636464" lon="76.1035326">
      </trkpt>
      <trkpt lat="15.3629717" lon="76.1098791">
      </trkpt>
      <trkpt lat="15.3626132" lon="76.1132585">
      </trkpt>
      <trkpt lat="15.362481" lon="76.1144391">
      </trkpt>
      <trkpt lat="15.3622462" lon="76.1164609">
      </trkpt>
      <trkpt lat="15.3620102" lon="76.1188419">
      </trkpt>
      <trkpt lat="15.3618325" lon="76.1204265">
      </trkpt>
      <trkpt lat="15.3618228" lon="76.1205136">
      </trkpt>
      <trkpt lat="15.3617393" lon="76.1212631">
      </trkpt>
      <trkpt lat="15.3615906" lon="76.1221351">
      </trkpt>
      <trkpt lat="15.3614287" lon="76.1228821">
      </trkpt>
      <trkpt lat="15.3611983" lon="76.1237028">
      </trkpt>
      <trkpt lat="15.3609721" lon="76.1243509">
      </trkpt>
      <trkpt lat="15.3607433" lon="76.124937">
      </trkpt>
      <trkpt lat="15.3603726" lon="76.1257525">
      </trkpt>
      <trkpt lat="15.360002" lon="76.1265017">
      </trkpt>
      <trkpt lat="15.3584523" lon="76.1290621">
      </trkpt>
      <trkpt lat="15.3564908" lon="76.132238">
      </trkpt>
      <trkpt lat="15.3555417" lon="76.1337833">
      </trkpt>
      <trkpt lat="15.3545835" lon="76.1353811">
      </trkpt>
      <trkpt lat="15.3543757" lon="76.1357332">
      </trkpt>
      <trkpt lat="15.3542398" lon="76.1359968">
      </trkpt>
      <trkpt lat="15.3541119" lon="76.1362715">
      </trkpt>
      <trkpt lat="15.3540061" lon="76.1365364">
      </trkpt>
      <trkpt lat="15.3539068" lon="76.1368775">
      </trkpt>
      <trkpt lat="15.3538419" lon="76.137151">
      </trkpt>
      <trkpt lat="15.3537849" lon="76.1374528">
      </trkpt>
      <trkpt lat="15.3537598" lon="76.1376892">
      </trkpt>
      <trkpt lat="15.3537346" lon="76.137932">
      </trkpt>
      <trkpt lat="15.3537277" lon="76.13823">
      </trkpt>
      <trkpt lat="15.3537282" lon="76.1385354">
      </trkpt>
      <trkpt lat="15.3537648" lon="76.1392414">
      </trkpt>
      <trkpt lat="15.3537921" lon="76.1397941">
      </trkpt>
      <trkpt lat="15.3544145" lon="76.1500758">
      </trkpt>
      <trkpt lat="15.3544276" lon="76.150426">
      </trkpt>
      <trkpt lat="15.3543776" lon="76.1504407">
      </trkpt>
      <trkpt lat="15.3544389" lon="76.1513853">
      </trkpt>
      <trkpt lat="15.3546761" lon="76.1553276">
      </trkpt>
      <trkpt lat="15.3546712" lon="76.1559397">
      </trkpt>
      <trkpt lat="15.3546494" lon="76.1567254">
      </trkpt>
      <trkpt lat="15.3546063" lon="76.1574481">
      </trkpt>
      <trkpt lat="15.3545312" lon="76.1582303">
      </trkpt>
      <trkpt lat="15.3543917" lon="76.1592068">
      </trkpt>
      <trkpt lat="15.354222" lon="76.1601199">
      </trkpt>
      <trkpt lat="15.3494084" lon="76.1802978">
      </trkpt>
      <trkpt lat="15.3492808" lon="76.1808867">
      </trkpt>
      <trkpt lat="15.3491758" lon="76.1815053">
      </trkpt>
      <trkpt lat="15.3490758" lon="76.1821881">
      </trkpt>
      <trkpt lat="15.348969" lon="76.1829592">
      </trkpt>
      <trkpt lat="15.3488903" lon="76.1836228">
      </trkpt>
      <trkpt lat="15.3488179" lon="76.1844826">
      </trkpt>
      <trkpt lat="15.3487688" lon="76.185172">
      </trkpt>
      <trkpt lat="15.3487369" lon="76.1859513">
      </trkpt>
      <trkpt lat="15.3484864" lon="76.2038495">
      </trkpt>
      <trkpt lat="15.3484723" lon="76.2043794">
      </trkpt>
      <trkpt lat="15.3484264" lon="76.2054504">
      </trkpt>
      <trkpt lat="15.3484069" lon="76.2060235">
      </trkpt>
      <trkpt lat="15.3483992" lon="76.2065102">
      </trkpt>
      <trkpt lat="15.3483939" lon="76.2067717">
      </trkpt>
      <trkpt lat="15.3483609" lon="76.2091479">
      </trkpt>
      <trkpt lat="15.3481642" lon="76.2261602">
      </trkpt>
      <trkpt lat="15.3479963" lon="76.2379294">
      </trkpt>
      <trkpt lat="15.3479761" lon="76.2394992">
      </trkpt>
      <trkpt lat="15.3479598" lon="76.2399656">
      </trkpt>
      <trkpt lat="15.3478363" lon="76.2486194">
      </trkpt>
      <trkpt lat="15.3478244" lon="76.2496639">
      </trkpt>
      <trkpt lat="15.3478187" lon="76.2502313">
      </trkpt>
      <trkpt lat="15.3478143" lon="76.2504468">
      </trkpt>
      <trkpt lat="15.3477922" lon="76.2522473">
      </trkpt>
      <trkpt lat="15.3476827" lon="76.2593524">
      </trkpt>
      <trkpt lat="15.3476526" lon="76.2598778">
      </trkpt>
      <trkpt lat="15.347592" lon="76.2605072">
      </trkpt>
      <trkpt lat="15.3475142" lon="76.2610708">
      </trkpt>
      <trkpt lat="15.3474158" lon="76.261602">
      </trkpt>
      <trkpt lat="15.3472895" lon="76.2621939">
      </trkpt>
      <trkpt lat="15.3471154" lon="76.2628612">
      </trkpt>
      <trkpt lat="15.3469299" lon="76.2634843">
      </trkpt>
      <trkpt lat="15.3467477" lon="76.2639987">
      </trkpt>
      <trkpt lat="15.3465697" lon="76.2644675">
      </trkpt>
      <trkpt lat="15.3463759" lon="76.2649152">
      </trkpt>
      <trkpt lat="15.3457996" lon="76.266187">
      </trkpt>
      <trkpt lat="15.3456497" lon="76.2665345">
      </trkpt>
      <trkpt lat="15.3452668" lon="76.2674513">
      </trkpt>
      <trkpt lat="15.3451874" lon="76.2676252">
      </trkpt>
      <trkpt lat="15.3449322" lon="76.2682853">
      </trkpt>
      <trkpt lat="15.3447552" lon="76.2687536">
      </trkpt>
      <trkpt lat="15.3444227" lon="76.2696755">
      </trkpt>
      <trkpt lat="15.3442954" lon="76.2700147">
      </trkpt>
      <trkpt lat="15.3411435" lon="76.2776391">
      </trkpt>
      <trkpt lat="15.3410968" lon="76.277761">
      </trkpt>
      <trkpt lat="15.3353247" lon="76.2919662">
      </trkpt>
      <trkpt lat="15.3339117" lon="76.2954427">
      </trkpt>
      <trkpt lat="15.3335061" lon="76.2963817">
      </trkpt>
      <trkpt lat="15.332353" lon="76.2991242">
      </trkpt>
      <trkpt lat="15.3318252" lon="76.3004571">
      </trkpt>
      <trkpt lat="15.3309842" lon="76.3024918">
      </trkpt>
      <trkpt lat="15.330073" lon="76.3047749">
      </trkpt>
      <trkpt lat="15.3296152" lon="76.3058893">
      </trkpt>
      <trkpt lat="15.3284718" lon="76.3086909">
      </trkpt>
      <trkpt lat="15.327586" lon="76.3108423">
      </trkpt>
      <trkpt lat="15.3269624" lon="76.3123588">
      </trkpt>
      <trkpt lat="15.3268357" lon="76.3126552">
      </trkpt>
      <trkpt lat="15.326745" lon="76.3128629">
      </trkpt>
      <trkpt lat="15.32663" lon="76.3131125">
      </trkpt>
      <trkpt lat="15.326445" lon="76.3135028">
      </trkpt>
      <trkpt lat="15.3261333" lon="76.3140701">
      </trkpt>
      <trkpt lat="15.3257716" lon="76.3146845">
      </trkpt>
      <trkpt lat="15.3255707" lon="76.3149914">
      </trkpt>
      <trkpt lat="15.3253741" lon="76.315265">
      </trkpt>
      <trkpt lat="15.3249757" lon="76.3157988">
      </trkpt>
      <trkpt lat="15.3245005" lon="76.3163855">
      </trkpt>
      <trkpt lat="15.3236498" lon="76.3174004">
      </trkpt>
      <trkpt lat="15.3229205" lon="76.3182771">
      </trkpt>
      <trkpt lat="15.3221263" lon="76.3192146">
      </trkpt>
      <trkpt lat="15.3211539" lon="76.3203568">
      </trkpt>
      <trkpt lat="15.3207208" lon="76.3208802">
      </trkpt>
      <trkpt lat="15.3205182" lon="76.3211383">
      </trkpt>
      <trkpt lat="15.3179989" lon="76.3241833">
      </trkpt>
      <trkpt lat="15.3162915" lon="76.3262245">
      </trkpt>
      <trkpt lat="15.3148731" lon="76.3279254">
      </trkpt>
      <trkpt lat="15.3135995" lon="76.3293456">
      </trkpt>
      <trkpt lat="15.3124954" lon="76.3306251">
      </trkpt>
      <trkpt lat="15.31216" lon="76.3310301">
      </trkpt>
      <trkpt lat="15.3116425" lon="76.3316902">
      </trkpt>
      <trkpt lat="15.3107807" lon="76.3327285">
      </trkpt>
      <trkpt lat="15.3092133" lon="76.3345663">
      </trkpt>
      <trkpt lat="15.308309" lon="76.3356362">
      </trkpt>
      <trkpt lat="15.3077784" lon="76.336319">
      </trkpt>
      <trkpt lat="15.3073989" lon="76.3367739">
      </trkpt>
      <trkpt lat="15.3066699" lon="76.3376807">
      </trkpt>
      <trkpt lat="15.3061142" lon="76.3383319">
      </trkpt>
      <trkpt lat="15.3060651" lon="76.338395">
      </trkpt>
      <trkpt lat="15.3054882" lon="76.339138">
      </trkpt>
      <trkpt lat="15.3051727" lon="76.3395735">
      </trkpt>
      <trkpt lat="15.3048388" lon="76.3400808">
      </trkpt>
      <trkpt lat="15.3045142" lon="76.3406481">
      </trkpt>
      <trkpt lat="15.3043305" lon="76.3410182">
      </trkpt>
      <trkpt lat="15.304213" lon="76.3412527">
      </trkpt>
      <trkpt lat="15.3040265" lon="76.341662">
      </trkpt>
      <trkpt lat="15.3038532" lon="76.3421327">
      </trkpt>
      <trkpt lat="15.3036396" lon="76.3427401">
      </trkpt>
      <trkpt lat="15.3034302" lon="76.3434148">
      </trkpt>
      <trkpt lat="15.3034082" lon="76.343506">
      </trkpt>
      <trkpt lat="15.3029218" lon="76.3456707">
      </trkpt>
      <trkpt lat="15.3014218" lon="76.3526331">
      </trkpt>
      <trkpt lat="15.3012453" lon="76.3534074">
      </trkpt>
      <trkpt lat="15.301235" lon="76.3534677">
      </trkpt>
      <trkpt lat="15.3010526" lon="76.3543555">
      </trkpt>
      <trkpt lat="15.3007698" lon="76.355948">
      </trkpt>
      <trkpt lat="15.3006765" lon="76.3563766">
      </trkpt>
      <trkpt lat="15.3005919" lon="76.3567326">
      </trkpt>
      <trkpt lat="15.3004899" lon="76.3571316">
      </trkpt>
      <trkpt lat="15.3004136" lon="76.3573851">
      </trkpt>
      <trkpt lat="15.3001719" lon="76.3580428">
      </trkpt>
      <trkpt lat="15.2994563" lon="76.359677">
      </trkpt>
      <trkpt lat="15.2987561" lon="76.3612482">
      </trkpt>
      <trkpt lat="15.2987296" lon="76.361318">
      </trkpt>
      <trkpt lat="15.2986731" lon="76.3614513">
      </trkpt>
      <trkpt lat="15.298655" lon="76.3614984">
      </trkpt>
      <trkpt lat="15.2984215" lon="76.3620695">
      </trkpt>
      <trkpt lat="15.2981977" lon="76.3626154">
      </trkpt>
      <trkpt lat="15.2980347" lon="76.36307">
      </trkpt>
      <trkpt lat="15.2978684" lon="76.363592">
      </trkpt>
      <trkpt lat="15.2977436" lon="76.364096">
      </trkpt>
      <trkpt lat="15.2975987" lon="76.3647169">
      </trkpt>
      <trkpt lat="15.2974789" lon="76.3651811">
      </trkpt>
      <trkpt lat="15.2973568" lon="76.3655725">
      </trkpt>
      <trkpt lat="15.2972295" lon="76.3659464">
      </trkpt>
      <trkpt lat="15.297014" lon="76.3664496">
      </trkpt>
      <trkpt lat="15.2969607" lon="76.3665641">
      </trkpt>
      <trkpt lat="15.2945601" lon="76.371275">
      </trkpt>
      <trkpt lat="15.2942432" lon="76.371894">
      </trkpt>
      <trkpt lat="15.2931909" lon="76.3739542">
      </trkpt>
      <trkpt lat="15.2929639" lon="76.3743927">
      </trkpt>
      <trkpt lat="15.290872" lon="76.3784834">
      </trkpt>
      <trkpt lat="15.2907494" lon="76.3787261">
      </trkpt>
      <trkpt lat="15.2906834" lon="76.378872">
      </trkpt>
      <trkpt lat="15.2905835" lon="76.379119">
      </trkpt>
      <trkpt lat="15.2905009" lon="76.3793029">
      </trkpt>
      <trkpt lat="15.2893788" lon="76.3815081">
      </trkpt>
      <trkpt lat="15.2892117" lon="76.3818482">
      </trkpt>
      <trkpt lat="15.288894" lon="76.3824288">
      </trkpt>
      <trkpt lat="15.2881091" lon="76.3840012">
      </trkpt>
      <trkpt lat="15.2857209" lon="76.3886514">
      </trkpt>
      <trkpt lat="15.2852843" lon="76.3895011">
      </trkpt>
      <trkpt lat="15.2847946" lon="76.3904669">
      </trkpt>
      <trkpt lat="15.2846197" lon="76.3907933">
      </trkpt>
      <trkpt lat="15.2844614" lon="76.391125">
      </trkpt>
      <trkpt lat="15.2842415" lon="76.3915658">
      </trkpt>
      <trkpt lat="15.2838659" lon="76.3922818">
      </trkpt>
      <trkpt lat="15.2838049" lon="76.3923961">
      </trkpt>
      <trkpt lat="15.2835826" lon="76.3928342">
      </trkpt>
      <trkpt lat="15.2835311" lon="76.3929281">
      </trkpt>
      <trkpt lat="15.2833552" lon="76.3932627">
      </trkpt>
      <trkpt lat="15.2827774" lon="76.3943975">
      </trkpt>
    </trkseg>
  </trk>
</gpx>