<?xml version="1.0" encoding="UTF-8"?>
<gpx xmlns="http://www.topografix.com/GPX/1/1" xmlns:xsi="http://www.w3.org/2001/XMLSchema-instance" xsi:schemaLocation="http://www.topografix.com/GPX/1/1 http://www.topografix.com/GPX/1/1/gpx.xsd" version="1.1" creator="gpx.py -- https://github.com/tkrajina/gpxpy">
  <wpt lat="21.1522721" lon="79.0887006">
    <name>Nagpur Junction railway station</name>
  </wpt>
  <wpt lat="21.4616863" lon="80.1911621">
    <name>Gondia Junction</name>
  </wpt>
  <wpt lat="21.2002087" lon="81.2916287">
    <name>Durg Junction</name>
  </wpt>
  <wpt lat="21.2590901" lon="81.6304592">
    <name>Raipur Junction</name>
  </wpt>
  <wpt lat="22.0560076" lon="82.1706875">
    <name>Bilaspur Junction</name>
  </wpt>
  <wpt lat="21.8625637" lon="84.0181968">
    <name>Jharsuguda Junction</name>
  </wpt>
  <wpt lat="22.2281169" lon="84.8655253">
    <name>Rourkela Junction</name>
  </wpt>
  <trk>
    <name>Nagpur - Rourkela (Vies regionals)</name>
    <trkseg>
      <trkpt lat="21.1522721" lon="79.0887006">
      </trkpt>
      <trkpt lat="21.1528172" lon="79.0887756">
      </trkpt>
      <trkpt lat="21.1534493" lon="79.0888262">
      </trkpt>
      <trkpt lat="21.1539498" lon="79.0888472">
      </trkpt>
      <trkpt lat="21.1551528" lon="79.0890287">
      </trkpt>
      <trkpt lat="21.1553561" lon="79.0890859">
      </trkpt>
      <trkpt lat="21.155515" lon="79.0891194">
      </trkpt>
      <trkpt lat="21.1557376" lon="79.0891805">
      </trkpt>
      <trkpt lat="21.1559119" lon="79.0892066">
      </trkpt>
      <trkpt lat="21.1560633" lon="79.0892231">
      </trkpt>
      <trkpt lat="21.1561751" lon="79.0892352">
      </trkpt>
      <trkpt lat="21.156371" lon="79.0892598">
      </trkpt>
      <trkpt lat="21.1567724" lon="79.0893101">
      </trkpt>
      <trkpt lat="21.157382" lon="79.0893981">
      </trkpt>
      <trkpt lat="21.1576199" lon="79.0894425">
      </trkpt>
      <trkpt lat="21.1577411" lon="79.0894861">
      </trkpt>
      <trkpt lat="21.1578991" lon="79.0895476">
      </trkpt>
      <trkpt lat="21.1583341" lon="79.0898171">
      </trkpt>
      <trkpt lat="21.1583799" lon="79.0898541">
      </trkpt>
      <trkpt lat="21.1585687" lon="79.0900088">
      </trkpt>
      <trkpt lat="21.1588814" lon="79.0903031">
      </trkpt>
      <trkpt lat="21.1590725" lon="79.0905091">
      </trkpt>
      <trkpt lat="21.15926" lon="79.0907303">
      </trkpt>
      <trkpt lat="21.1594352" lon="79.0909772">
      </trkpt>
      <trkpt lat="21.1595704" lon="79.0911941">
      </trkpt>
      <trkpt lat="21.1597215" lon="79.0914499">
      </trkpt>
      <trkpt lat="21.1597878" lon="79.0915622">
      </trkpt>
      <trkpt lat="21.1602153" lon="79.0922974">
      </trkpt>
      <trkpt lat="21.1604557" lon="79.0927152">
      </trkpt>
      <trkpt lat="21.1610404" lon="79.0937313">
      </trkpt>
      <trkpt lat="21.1611212" lon="79.0938693">
      </trkpt>
      <trkpt lat="21.1615988" lon="79.094739">
      </trkpt>
      <trkpt lat="21.1617022" lon="79.0949308">
      </trkpt>
      <trkpt lat="21.1617833" lon="79.0951013">
      </trkpt>
      <trkpt lat="21.1618594" lon="79.09528">
      </trkpt>
      <trkpt lat="21.1619485" lon="79.0955156">
      </trkpt>
      <trkpt lat="21.1620345" lon="79.0957826">
      </trkpt>
      <trkpt lat="21.1621075" lon="79.0960578">
      </trkpt>
      <trkpt lat="21.1621907" lon="79.0964388">
      </trkpt>
      <trkpt lat="21.1622416" lon="79.0967878">
      </trkpt>
      <trkpt lat="21.1622713" lon="79.0971579">
      </trkpt>
      <trkpt lat="21.1622815" lon="79.0975135">
      </trkpt>
      <trkpt lat="21.162275" lon="79.097903">
      </trkpt>
      <trkpt lat="21.1622518" lon="79.0983099">
      </trkpt>
      <trkpt lat="21.1622413" lon="79.098668">
      </trkpt>
      <trkpt lat="21.1622468" lon="79.0990141">
      </trkpt>
      <trkpt lat="21.1622669" lon="79.0993204">
      </trkpt>
      <trkpt lat="21.1622946" lon="79.0995777">
      </trkpt>
      <trkpt lat="21.1623335" lon="79.0998448">
      </trkpt>
      <trkpt lat="21.1624" lon="79.1001627">
      </trkpt>
      <trkpt lat="21.1624853" lon="79.1004916">
      </trkpt>
      <trkpt lat="21.1625762" lon="79.1008206">
      </trkpt>
      <trkpt lat="21.1633699" lon="79.1035605">
      </trkpt>
      <trkpt lat="21.1644187" lon="79.1071799">
      </trkpt>
      <trkpt lat="21.165067" lon="79.1094174">
      </trkpt>
      <trkpt lat="21.1655882" lon="79.111216">
      </trkpt>
      <trkpt lat="21.1656819" lon="79.1115446">
      </trkpt>
      <trkpt lat="21.1657667" lon="79.111855">
      </trkpt>
      <trkpt lat="21.1658408" lon="79.1121637">
      </trkpt>
      <trkpt lat="21.165908" lon="79.1124684">
      </trkpt>
      <trkpt lat="21.1659643" lon="79.112761">
      </trkpt>
      <trkpt lat="21.1660085" lon="79.1130586">
      </trkpt>
      <trkpt lat="21.1660433" lon="79.1133584">
      </trkpt>
      <trkpt lat="21.1660658" lon="79.1136565">
      </trkpt>
      <trkpt lat="21.1660733" lon="79.113957">
      </trkpt>
      <trkpt lat="21.1660673" lon="79.1142274">
      </trkpt>
      <trkpt lat="21.1660577" lon="79.1144616">
      </trkpt>
      <trkpt lat="21.1660351" lon="79.1147346">
      </trkpt>
      <trkpt lat="21.1660033" lon="79.1150233">
      </trkpt>
      <trkpt lat="21.1659529" lon="79.1153258">
      </trkpt>
      <trkpt lat="21.165898" lon="79.1156126">
      </trkpt>
      <trkpt lat="21.1657224" lon="79.1163726">
      </trkpt>
      <trkpt lat="21.165652" lon="79.116693">
      </trkpt>
      <trkpt lat="21.1655918" lon="79.1170216">
      </trkpt>
      <trkpt lat="21.1655413" lon="79.117348">
      </trkpt>
      <trkpt lat="21.1655044" lon="79.1176614">
      </trkpt>
      <trkpt lat="21.1654819" lon="79.1179622">
      </trkpt>
      <trkpt lat="21.165468" lon="79.1183528">
      </trkpt>
      <trkpt lat="21.1654695" lon="79.1187357">
      </trkpt>
      <trkpt lat="21.165487" lon="79.1191274">
      </trkpt>
      <trkpt lat="21.1655283" lon="79.1195223">
      </trkpt>
      <trkpt lat="21.1655819" lon="79.1199921">
      </trkpt>
      <trkpt lat="21.1662423" lon="79.1251819">
      </trkpt>
      <trkpt lat="21.1673899" lon="79.1342185">
      </trkpt>
      <trkpt lat="21.1677055" lon="79.1366556">
      </trkpt>
      <trkpt lat="21.1679979" lon="79.1390414">
      </trkpt>
      <trkpt lat="21.1682409" lon="79.1410224">
      </trkpt>
      <trkpt lat="21.1687601" lon="79.1451567">
      </trkpt>
      <trkpt lat="21.1688144" lon="79.1455977">
      </trkpt>
      <trkpt lat="21.1689408" lon="79.1465323">
      </trkpt>
      <trkpt lat="21.1690001" lon="79.1468999">
      </trkpt>
      <trkpt lat="21.1690626" lon="79.1472459">
      </trkpt>
      <trkpt lat="21.1691496" lon="79.1476928">
      </trkpt>
      <trkpt lat="21.1692572" lon="79.1481416">
      </trkpt>
      <trkpt lat="21.1695304" lon="79.1492951">
      </trkpt>
      <trkpt lat="21.169607" lon="79.1495625">
      </trkpt>
      <trkpt lat="21.169808" lon="79.1501856">
      </trkpt>
      <trkpt lat="21.1699475" lon="79.1505688">
      </trkpt>
      <trkpt lat="21.1701646" lon="79.1511171">
      </trkpt>
      <trkpt lat="21.1704579" lon="79.1517955">
      </trkpt>
      <trkpt lat="21.1707941" lon="79.1524828">
      </trkpt>
      <trkpt lat="21.1712924" lon="79.153348">
      </trkpt>
      <trkpt lat="21.1718089" lon="79.1541633">
      </trkpt>
      <trkpt lat="21.1723517" lon="79.1549297">
      </trkpt>
      <trkpt lat="21.1729445" lon="79.1557002">
      </trkpt>
      <trkpt lat="21.1735697" lon="79.1564271">
      </trkpt>
      <trkpt lat="21.1741425" lon="79.1570006">
      </trkpt>
      <trkpt lat="21.1747243" lon="79.1575368">
      </trkpt>
      <trkpt lat="21.1751397" lon="79.1578956">
      </trkpt>
      <trkpt lat="21.1757293" lon="79.1583729">
      </trkpt>
      <trkpt lat="21.1762002" lon="79.1587781">
      </trkpt>
      <trkpt lat="21.1766156" lon="79.1591044">
      </trkpt>
      <trkpt lat="21.1781757" lon="79.1603605">
      </trkpt>
      <trkpt lat="21.1791296" lon="79.1611349">
      </trkpt>
      <trkpt lat="21.1796065" lon="79.1615285">
      </trkpt>
      <trkpt lat="21.1806703" lon="79.1624066">
      </trkpt>
      <trkpt lat="21.1829096" lon="79.1642251">
      </trkpt>
      <trkpt lat="21.1837476" lon="79.1649088">
      </trkpt>
      <trkpt lat="21.185327" lon="79.1661934">
      </trkpt>
      <trkpt lat="21.1868676" lon="79.1674651">
      </trkpt>
      <trkpt lat="21.1884663" lon="79.168773">
      </trkpt>
      <trkpt lat="21.1900504" lon="79.1700861">
      </trkpt>
      <trkpt lat="21.1913472" lon="79.1711298">
      </trkpt>
      <trkpt lat="21.1923517" lon="79.1720259">
      </trkpt>
      <trkpt lat="21.1930616" lon="79.1727278">
      </trkpt>
      <trkpt lat="21.1934142" lon="79.1730852">
      </trkpt>
      <trkpt lat="21.1941121" lon="79.173857">
      </trkpt>
      <trkpt lat="21.1954184" lon="79.1753825">
      </trkpt>
      <trkpt lat="21.1967827" lon="79.1770167">
      </trkpt>
      <trkpt lat="21.1984634" lon="79.1789928">
      </trkpt>
      <trkpt lat="21.1989052" lon="79.1795082">
      </trkpt>
      <trkpt lat="21.1994389" lon="79.1801298">
      </trkpt>
      <trkpt lat="21.2006462" lon="79.181562">
      </trkpt>
      <trkpt lat="21.2020105" lon="79.1831859">
      </trkpt>
      <trkpt lat="21.2035413" lon="79.1849937">
      </trkpt>
      <trkpt lat="21.2049418" lon="79.1866409">
      </trkpt>
      <trkpt lat="21.2061877" lon="79.1881171">
      </trkpt>
      <trkpt lat="21.2072404" lon="79.1893706">
      </trkpt>
      <trkpt lat="21.2073612" lon="79.1895286">
      </trkpt>
      <trkpt lat="21.2076968" lon="79.1899456">
      </trkpt>
      <trkpt lat="21.2079382" lon="79.1903134">
      </trkpt>
      <trkpt lat="21.2085902" lon="79.1913338">
      </trkpt>
      <trkpt lat="21.2089692" lon="79.1920098">
      </trkpt>
      <trkpt lat="21.2093362" lon="79.1927609">
      </trkpt>
      <trkpt lat="21.2095463" lon="79.1932788">
      </trkpt>
      <trkpt lat="21.2098215" lon="79.1940403">
      </trkpt>
      <trkpt lat="21.2102682" lon="79.195255">
      </trkpt>
      <trkpt lat="21.2104783" lon="79.1959568">
      </trkpt>
      <trkpt lat="21.2109877" lon="79.1973321">
      </trkpt>
      <trkpt lat="21.2116541" lon="79.1990699">
      </trkpt>
      <trkpt lat="21.2120742" lon="79.2001758">
      </trkpt>
      <trkpt lat="21.2122964" lon="79.2007145">
      </trkpt>
      <trkpt lat="21.2126368" lon="79.2014138">
      </trkpt>
      <trkpt lat="21.2138464" lon="79.2044052">
      </trkpt>
      <trkpt lat="21.2141313" lon="79.2051666">
      </trkpt>
      <trkpt lat="21.214974" lon="79.2073136">
      </trkpt>
      <trkpt lat="21.2150599" lon="79.2075527">
      </trkpt>
      <trkpt lat="21.2152186" lon="79.2079945">
      </trkpt>
      <trkpt lat="21.2154678" lon="79.208727">
      </trkpt>
      <trkpt lat="21.2157" lon="79.2095255">
      </trkpt>
      <trkpt lat="21.2160585" lon="79.2104412">
      </trkpt>
      <trkpt lat="21.2161369" lon="79.2106702">
      </trkpt>
      <trkpt lat="21.2162014" lon="79.2108584">
      </trkpt>
      <trkpt lat="21.2163044" lon="79.2111591">
      </trkpt>
      <trkpt lat="21.216522" lon="79.2117182">
      </trkpt>
      <trkpt lat="21.2170765" lon="79.2130414">
      </trkpt>
      <trkpt lat="21.2173484" lon="79.2137206">
      </trkpt>
      <trkpt lat="21.2190374" lon="79.2180907">
      </trkpt>
      <trkpt lat="21.2192962" lon="79.2187449">
      </trkpt>
      <trkpt lat="21.2194849" lon="79.2192226">
      </trkpt>
      <trkpt lat="21.219741" lon="79.2197782">
      </trkpt>
      <trkpt lat="21.2207711" lon="79.2218757">
      </trkpt>
      <trkpt lat="21.2209761" lon="79.222329">
      </trkpt>
      <trkpt lat="21.2212459" lon="79.222943">
      </trkpt>
      <trkpt lat="21.2214455" lon="79.2234842">
      </trkpt>
      <trkpt lat="21.2216371" lon="79.2241707">
      </trkpt>
      <trkpt lat="21.2217466" lon="79.2247398">
      </trkpt>
      <trkpt lat="21.22237" lon="79.2280094">
      </trkpt>
      <trkpt lat="21.2230615" lon="79.2317221">
      </trkpt>
      <trkpt lat="21.2231493" lon="79.2322768">
      </trkpt>
      <trkpt lat="21.2232836" lon="79.2328602">
      </trkpt>
      <trkpt lat="21.2233855" lon="79.2332906">
      </trkpt>
      <trkpt lat="21.2234951" lon="79.2336362">
      </trkpt>
      <trkpt lat="21.2235572" lon="79.233823">
      </trkpt>
      <trkpt lat="21.223654" lon="79.2340945">
      </trkpt>
      <trkpt lat="21.2240935" lon="79.2351895">
      </trkpt>
      <trkpt lat="21.2242344" lon="79.2356048">
      </trkpt>
      <trkpt lat="21.2243949" lon="79.2360802">
      </trkpt>
      <trkpt lat="21.2245227" lon="79.2364951">
      </trkpt>
      <trkpt lat="21.2250227" lon="79.2383903">
      </trkpt>
      <trkpt lat="21.2253668" lon="79.2396127">
      </trkpt>
      <trkpt lat="21.2258403" lon="79.2413314">
      </trkpt>
      <trkpt lat="21.2259422" lon="79.2417215">
      </trkpt>
      <trkpt lat="21.2261894" lon="79.2426666">
      </trkpt>
      <trkpt lat="21.2265173" lon="79.2439045">
      </trkpt>
      <trkpt lat="21.2273267" lon="79.2467184">
      </trkpt>
      <trkpt lat="21.2285989" lon="79.2514295">
      </trkpt>
      <trkpt lat="21.2301104" lon="79.2569931">
      </trkpt>
      <trkpt lat="21.2307122" lon="79.2592229">
      </trkpt>
      <trkpt lat="21.2311608" lon="79.2608505">
      </trkpt>
      <trkpt lat="21.231772" lon="79.2631527">
      </trkpt>
      <trkpt lat="21.2323921" lon="79.2654431">
      </trkpt>
      <trkpt lat="21.2334233" lon="79.2694658">
      </trkpt>
      <trkpt lat="21.2335912" lon="79.2701763">
      </trkpt>
      <trkpt lat="21.2343157" lon="79.2729584">
      </trkpt>
      <trkpt lat="21.2349259" lon="79.2748923">
      </trkpt>
      <trkpt lat="21.2354209" lon="79.2766658">
      </trkpt>
      <trkpt lat="21.2356539" lon="79.2775504">
      </trkpt>
      <trkpt lat="21.2358782" lon="79.2785222">
      </trkpt>
      <trkpt lat="21.2361684" lon="79.2801946">
      </trkpt>
      <trkpt lat="21.2362542" lon="79.2809046">
      </trkpt>
      <trkpt lat="21.2362981" lon="79.2817892">
      </trkpt>
      <trkpt lat="21.2363267" lon="79.2828011">
      </trkpt>
      <trkpt lat="21.2363333" lon="79.283589">
      </trkpt>
      <trkpt lat="21.2362938" lon="79.2843792">
      </trkpt>
      <trkpt lat="21.2362716" lon="79.2852994">
      </trkpt>
      <trkpt lat="21.2362696" lon="79.285384">
      </trkpt>
      <trkpt lat="21.2361926" lon="79.2873442">
      </trkpt>
      <trkpt lat="21.2360746" lon="79.2915502">
      </trkpt>
      <trkpt lat="21.236028" lon="79.2931981">
      </trkpt>
      <trkpt lat="21.2359844" lon="79.2952697">
      </trkpt>
      <trkpt lat="21.2358694" lon="79.2984221">
      </trkpt>
      <trkpt lat="21.2357699" lon="79.301391">
      </trkpt>
      <trkpt lat="21.235658" lon="79.3045934">
      </trkpt>
      <trkpt lat="21.2355522" lon="79.3077392">
      </trkpt>
      <trkpt lat="21.2354652" lon="79.3109816">
      </trkpt>
      <trkpt lat="21.2353719" lon="79.3141274">
      </trkpt>
      <trkpt lat="21.2352817" lon="79.317133">
      </trkpt>
      <trkpt lat="21.235204" lon="79.320212">
      </trkpt>
      <trkpt lat="21.2352234" lon="79.3211287">
      </trkpt>
      <trkpt lat="21.2352638" lon="79.3218409">
      </trkpt>
      <trkpt lat="21.2354068" lon="79.3231286">
      </trkpt>
      <trkpt lat="21.2357197" lon="79.3251382">
      </trkpt>
      <trkpt lat="21.2357566" lon="79.3253736">
      </trkpt>
      <trkpt lat="21.2365195" lon="79.3291083">
      </trkpt>
      <trkpt lat="21.236677" lon="79.3299404">
      </trkpt>
      <trkpt lat="21.2367558" lon="79.3303146">
      </trkpt>
      <trkpt lat="21.2369164" lon="79.3311313">
      </trkpt>
      <trkpt lat="21.2371958" lon="79.3326615">
      </trkpt>
      <trkpt lat="21.2375454" lon="79.3344919">
      </trkpt>
      <trkpt lat="21.2379697" lon="79.3366125">
      </trkpt>
      <trkpt lat="21.2385477" lon="79.3396074">
      </trkpt>
      <trkpt lat="21.2388291" lon="79.3410435">
      </trkpt>
      <trkpt lat="21.2392014" lon="79.3429461">
      </trkpt>
      <trkpt lat="21.2395737" lon="79.3447904">
      </trkpt>
      <trkpt lat="21.2397869" lon="79.3459887">
      </trkpt>
      <trkpt lat="21.2399958" lon="79.3470596">
      </trkpt>
      <trkpt lat="21.2403673" lon="79.3491401">
      </trkpt>
      <trkpt lat="21.2408203" lon="79.35148">
      </trkpt>
      <trkpt lat="21.2411171" lon="79.3531807">
      </trkpt>
      <trkpt lat="21.2413611" lon="79.3545866">
      </trkpt>
      <trkpt lat="21.241515" lon="79.355457">
      </trkpt>
      <trkpt lat="21.2418888" lon="79.3572073">
      </trkpt>
      <trkpt lat="21.2423087" lon="79.3590896">
      </trkpt>
      <trkpt lat="21.2427037" lon="79.3610846">
      </trkpt>
      <trkpt lat="21.2427286" lon="79.3612102">
      </trkpt>
      <trkpt lat="21.2431815" lon="79.3634511">
      </trkpt>
      <trkpt lat="21.243586" lon="79.3656188">
      </trkpt>
      <trkpt lat="21.2440082" lon="79.3677748">
      </trkpt>
      <trkpt lat="21.2444325" lon="79.369926">
      </trkpt>
      <trkpt lat="21.2448722" lon="79.3721763">
      </trkpt>
      <trkpt lat="21.2452789" lon="79.3742733">
      </trkpt>
      <trkpt lat="21.2457318" lon="79.3765968">
      </trkpt>
      <trkpt lat="21.2461275" lon="79.3785923">
      </trkpt>
      <trkpt lat="21.2464749" lon="79.3805714">
      </trkpt>
      <trkpt lat="21.2468447" lon="79.3824412">
      </trkpt>
      <trkpt lat="21.246919" lon="79.382817">
      </trkpt>
      <trkpt lat="21.2475379" lon="79.3859115">
      </trkpt>
      <trkpt lat="21.2480944" lon="79.3888437">
      </trkpt>
      <trkpt lat="21.248197" lon="79.3894475">
      </trkpt>
      <trkpt lat="21.2483804" lon="79.3903982">
      </trkpt>
      <trkpt lat="21.2488468" lon="79.3923197">
      </trkpt>
      <trkpt lat="21.2494313" lon="79.3944246">
      </trkpt>
      <trkpt lat="21.2497671" lon="79.3954688">
      </trkpt>
      <trkpt lat="21.2508242" lon="79.3984911">
      </trkpt>
      <trkpt lat="21.2519527" lon="79.4016635">
      </trkpt>
      <trkpt lat="21.2530533" lon="79.4048926">
      </trkpt>
      <trkpt lat="21.2541321" lon="79.4080017">
      </trkpt>
      <trkpt lat="21.2551869" lon="79.410935">
      </trkpt>
      <trkpt lat="21.2553967" lon="79.4115474">
      </trkpt>
      <trkpt lat="21.2572908" lon="79.4170919">
      </trkpt>
      <trkpt lat="21.2582857" lon="79.419864">
      </trkpt>
      <trkpt lat="21.2588328" lon="79.421512">
      </trkpt>
      <trkpt lat="21.2592059" lon="79.4227062">
      </trkpt>
      <trkpt lat="21.2596722" lon="79.4244576">
      </trkpt>
      <trkpt lat="21.2600049" lon="79.4259921">
      </trkpt>
      <trkpt lat="21.2603562" lon="79.4277701">
      </trkpt>
      <trkpt lat="21.2607075" lon="79.4299017">
      </trkpt>
      <trkpt lat="21.2609189" lon="79.4317398">
      </trkpt>
      <trkpt lat="21.261037" lon="79.4331208">
      </trkpt>
      <trkpt lat="21.2611583" lon="79.4352291">
      </trkpt>
      <trkpt lat="21.26118" lon="79.4367036">
      </trkpt>
      <trkpt lat="21.261323" lon="79.4405365">
      </trkpt>
      <trkpt lat="21.2614256" lon="79.4434053">
      </trkpt>
      <trkpt lat="21.2615065" lon="79.4464944">
      </trkpt>
      <trkpt lat="21.2616246" lon="79.4498236">
      </trkpt>
      <trkpt lat="21.2616968" lon="79.452613">
      </trkpt>
      <trkpt lat="21.261765" lon="79.4548775">
      </trkpt>
      <trkpt lat="21.2618623" lon="79.4578947">
      </trkpt>
      <trkpt lat="21.2618902" lon="79.4600496">
      </trkpt>
      <trkpt lat="21.2618654" lon="79.4610137">
      </trkpt>
      <trkpt lat="21.2618094" lon="79.4617309">
      </trkpt>
      <trkpt lat="21.2617467" lon="79.4624146">
      </trkpt>
      <trkpt lat="21.2617161" lon="79.4627484">
      </trkpt>
      <trkpt lat="21.2614705" lon="79.464463">
      </trkpt>
      <trkpt lat="21.2610229" lon="79.4664178">
      </trkpt>
      <trkpt lat="21.2606778" lon="79.467552">
      </trkpt>
      <trkpt lat="21.2606024" lon="79.4677809">
      </trkpt>
      <trkpt lat="21.2603887" lon="79.4684294">
      </trkpt>
      <trkpt lat="21.2598757" lon="79.4698738">
      </trkpt>
      <trkpt lat="21.259512" lon="79.4707345">
      </trkpt>
      <trkpt lat="21.2588591" lon="79.472279">
      </trkpt>
      <trkpt lat="21.2583959" lon="79.473243">
      </trkpt>
      <trkpt lat="21.2575098" lon="79.4751979">
      </trkpt>
      <trkpt lat="21.2563285" lon="79.4777732">
      </trkpt>
      <trkpt lat="21.2551719" lon="79.4801717">
      </trkpt>
      <trkpt lat="21.2540651" lon="79.4825235">
      </trkpt>
      <trkpt lat="21.2527967" lon="79.4851988">
      </trkpt>
      <trkpt lat="21.2514256" lon="79.4881211">
      </trkpt>
      <trkpt lat="21.2500794" lon="79.4909065">
      </trkpt>
      <trkpt lat="21.2486585" lon="79.4939622">
      </trkpt>
      <trkpt lat="21.2477289" lon="79.4961438">
      </trkpt>
      <trkpt lat="21.2474056" lon="79.4971313">
      </trkpt>
      <trkpt lat="21.2469081" lon="79.498926">
      </trkpt>
      <trkpt lat="21.2464728" lon="79.5008374">
      </trkpt>
      <trkpt lat="21.2461619" lon="79.502889">
      </trkpt>
      <trkpt lat="21.2460375" lon="79.5043234">
      </trkpt>
      <trkpt lat="21.2459275" lon="79.5064163">
      </trkpt>
      <trkpt lat="21.2459007" lon="79.5069254">
      </trkpt>
      <trkpt lat="21.2457826" lon="79.5095874">
      </trkpt>
      <trkpt lat="21.2455276" lon="79.5155753">
      </trkpt>
      <trkpt lat="21.2453815" lon="79.5188845">
      </trkpt>
      <trkpt lat="21.2452602" lon="79.5208761">
      </trkpt>
      <trkpt lat="21.2451452" lon="79.5236749">
      </trkpt>
      <trkpt lat="21.2449929" lon="79.5267472">
      </trkpt>
      <trkpt lat="21.2449027" lon="79.5292224">
      </trkpt>
      <trkpt lat="21.2447535" lon="79.5324149">
      </trkpt>
      <trkpt lat="21.2446508" lon="79.5345165">
      </trkpt>
      <trkpt lat="21.2445234" lon="79.5367415">
      </trkpt>
      <trkpt lat="21.2443866" lon="79.538316">
      </trkpt>
      <trkpt lat="21.2442404" lon="79.5394903">
      </trkpt>
      <trkpt lat="21.2439948" lon="79.5411815">
      </trkpt>
      <trkpt lat="21.2438051" lon="79.5423458">
      </trkpt>
      <trkpt lat="21.2434201" lon="79.5445153">
      </trkpt>
      <trkpt lat="21.2434196" lon="79.5446776">
      </trkpt>
      <trkpt lat="21.2429719" lon="79.5474196">
      </trkpt>
      <trkpt lat="21.2425335" lon="79.5500116">
      </trkpt>
      <trkpt lat="21.2421044" lon="79.5526203">
      </trkpt>
      <trkpt lat="21.2416629" lon="79.5553223">
      </trkpt>
      <trkpt lat="21.2412121" lon="79.5580444">
      </trkpt>
      <trkpt lat="21.2408327" lon="79.5602961">
      </trkpt>
      <trkpt lat="21.2404907" lon="79.5622009">
      </trkpt>
      <trkpt lat="21.2400958" lon="79.5645861">
      </trkpt>
      <trkpt lat="21.2396388" lon="79.5672481">
      </trkpt>
      <trkpt lat="21.2392594" lon="79.5696433">
      </trkpt>
      <trkpt lat="21.239057" lon="79.5708341">
      </trkpt>
      <trkpt lat="21.2386998" lon="79.5729358">
      </trkpt>
      <trkpt lat="21.2377136" lon="79.5787791">
      </trkpt>
      <trkpt lat="21.2366937" lon="79.5848437">
      </trkpt>
      <trkpt lat="21.2345939" lon="79.5973857">
      </trkpt>
      <trkpt lat="21.2343146" lon="79.5990263">
      </trkpt>
      <trkpt lat="21.234097" lon="79.6005391">
      </trkpt>
      <trkpt lat="21.2339995" lon="79.6017207">
      </trkpt>
      <trkpt lat="21.2339216" lon="79.6033205">
      </trkpt>
      <trkpt lat="21.2339112" lon="79.6042864">
      </trkpt>
      <trkpt lat="21.2339482" lon="79.6055188">
      </trkpt>
      <trkpt lat="21.2340324" lon="79.6067094">
      </trkpt>
      <trkpt lat="21.2341952" lon="79.6084059">
      </trkpt>
      <trkpt lat="21.2360412" lon="79.6245264">
      </trkpt>
      <trkpt lat="21.236394" lon="79.6275924">
      </trkpt>
      <trkpt lat="21.2368694" lon="79.6319237">
      </trkpt>
      <trkpt lat="21.2376383" lon="79.6388059">
      </trkpt>
      <trkpt lat="21.2380037" lon="79.6415366">
      </trkpt>
      <trkpt lat="21.2380707" lon="79.6421662">
      </trkpt>
      <trkpt lat="21.2381642" lon="79.6430408">
      </trkpt>
      <trkpt lat="21.2382398" lon="79.643747">
      </trkpt>
      <trkpt lat="21.2384135" lon="79.6452111">
      </trkpt>
      <trkpt lat="21.2390742" lon="79.6509976">
      </trkpt>
      <trkpt lat="21.2391744" lon="79.6518936">
      </trkpt>
      <trkpt lat="21.2394656" lon="79.6545455">
      </trkpt>
      <trkpt lat="21.2396321" lon="79.6560947">
      </trkpt>
      <trkpt lat="21.23968" lon="79.6568075">
      </trkpt>
      <trkpt lat="21.2396999" lon="79.6577722">
      </trkpt>
      <trkpt lat="21.2396949" lon="79.6590087">
      </trkpt>
      <trkpt lat="21.2396563" lon="79.6596761">
      </trkpt>
      <trkpt lat="21.2395223" lon="79.661101">
      </trkpt>
      <trkpt lat="21.2394613" lon="79.6615179">
      </trkpt>
      <trkpt lat="21.2394283" lon="79.6617836">
      </trkpt>
      <trkpt lat="21.2392453" lon="79.6627932">
      </trkpt>
      <trkpt lat="21.2387323" lon="79.6657288">
      </trkpt>
      <trkpt lat="21.2382037" lon="79.6687244">
      </trkpt>
      <trkpt lat="21.2377342" lon="79.6713564">
      </trkpt>
      <trkpt lat="21.2374481" lon="79.6729543">
      </trkpt>
      <trkpt lat="21.237274" lon="79.673925">
      </trkpt>
      <trkpt lat="21.2371652" lon="79.6745522">
      </trkpt>
      <trkpt lat="21.2368206" lon="79.6765937">
      </trkpt>
      <trkpt lat="21.2366051" lon="79.6781222">
      </trkpt>
      <trkpt lat="21.236514" lon="79.6796265">
      </trkpt>
      <trkpt lat="21.236514" lon="79.6806267">
      </trkpt>
      <trkpt lat="21.2365448" lon="79.6815561">
      </trkpt>
      <trkpt lat="21.2365932" lon="79.6824406">
      </trkpt>
      <trkpt lat="21.2367031" lon="79.6835422">
      </trkpt>
      <trkpt lat="21.2367888" lon="79.6841225">
      </trkpt>
      <trkpt lat="21.2370043" lon="79.6853962">
      </trkpt>
      <trkpt lat="21.237222" lon="79.6863397">
      </trkpt>
      <trkpt lat="21.237587" lon="79.6876937">
      </trkpt>
      <trkpt lat="21.2379915" lon="79.6888307">
      </trkpt>
      <trkpt lat="21.2383785" lon="79.6898308">
      </trkpt>
      <trkpt lat="21.2392051" lon="79.6915858">
      </trkpt>
      <trkpt lat="21.2398625" lon="79.6927605">
      </trkpt>
      <trkpt lat="21.2403528" lon="79.6935648">
      </trkpt>
      <trkpt lat="21.2413347" lon="79.6950059">
      </trkpt>
      <trkpt lat="21.2421125" lon="79.6960952">
      </trkpt>
      <trkpt lat="21.2430515" lon="79.6974079">
      </trkpt>
      <trkpt lat="21.2440153" lon="79.6987439">
      </trkpt>
      <trkpt lat="21.2448191" lon="79.6998648">
      </trkpt>
      <trkpt lat="21.2455621" lon="79.7008939">
      </trkpt>
      <trkpt lat="21.2462679" lon="79.7018847">
      </trkpt>
      <trkpt lat="21.2471089" lon="79.7030472">
      </trkpt>
      <trkpt lat="21.2478132" lon="79.7039496">
      </trkpt>
      <trkpt lat="21.2484521" lon="79.7046685">
      </trkpt>
      <trkpt lat="21.2488908" lon="79.7051339">
      </trkpt>
      <trkpt lat="21.2495768" lon="79.7058187">
      </trkpt>
      <trkpt lat="21.250324" lon="79.7064946">
      </trkpt>
      <trkpt lat="21.2514942" lon="79.7074184">
      </trkpt>
      <trkpt lat="21.2528516" lon="79.7083395">
      </trkpt>
      <trkpt lat="21.253878" lon="79.7089495">
      </trkpt>
      <trkpt lat="21.2544318" lon="79.709243">
      </trkpt>
      <trkpt lat="21.2550016" lon="79.7095175">
      </trkpt>
      <trkpt lat="21.2552851" lon="79.7096482">
      </trkpt>
      <trkpt lat="21.2602964" lon="79.7118344">
      </trkpt>
      <trkpt lat="21.2628754" lon="79.712926">
      </trkpt>
      <trkpt lat="21.2634744" lon="79.7131851">
      </trkpt>
      <trkpt lat="21.2643606" lon="79.713583">
      </trkpt>
      <trkpt lat="21.2925812" lon="79.7258968">
      </trkpt>
      <trkpt lat="21.3165667" lon="79.7363557">
      </trkpt>
      <trkpt lat="21.3218311" lon="79.7386589">
      </trkpt>
      <trkpt lat="21.3296695" lon="79.7420682">
      </trkpt>
      <trkpt lat="21.329729" lon="79.7420941">
      </trkpt>
      <trkpt lat="21.3364579" lon="79.7450386">
      </trkpt>
      <trkpt lat="21.3369134" lon="79.7452846">
      </trkpt>
      <trkpt lat="21.3371589" lon="79.7454212">
      </trkpt>
      <trkpt lat="21.3372882" lon="79.7455072">
      </trkpt>
      <trkpt lat="21.3374468" lon="79.7456333">
      </trkpt>
      <trkpt lat="21.3375218" lon="79.7456883">
      </trkpt>
      <trkpt lat="21.3377803" lon="79.7459069">
      </trkpt>
      <trkpt lat="21.3381576" lon="79.7461832">
      </trkpt>
      <trkpt lat="21.3384024" lon="79.7463883">
      </trkpt>
      <trkpt lat="21.3386548" lon="79.7466083">
      </trkpt>
      <trkpt lat="21.3388472" lon="79.7468001">
      </trkpt>
      <trkpt lat="21.339012" lon="79.7469892">
      </trkpt>
      <trkpt lat="21.3391919" lon="79.7472399">
      </trkpt>
      <trkpt lat="21.3395929" lon="79.7478743">
      </trkpt>
      <trkpt lat="21.3407733" lon="79.7497398">
      </trkpt>
      <trkpt lat="21.3409195" lon="79.7499798">
      </trkpt>
      <trkpt lat="21.3410144" lon="79.7501595">
      </trkpt>
      <trkpt lat="21.3411668" lon="79.7505096">
      </trkpt>
      <trkpt lat="21.341288" lon="79.7507228">
      </trkpt>
      <trkpt lat="21.3414066" lon="79.7509293">
      </trkpt>
      <trkpt lat="21.3429881" lon="79.7534359">
      </trkpt>
      <trkpt lat="21.3431404" lon="79.7536531">
      </trkpt>
      <trkpt lat="21.3432803" lon="79.7538369">
      </trkpt>
      <trkpt lat="21.3434527" lon="79.754038">
      </trkpt>
      <trkpt lat="21.343675" lon="79.7542606">
      </trkpt>
      <trkpt lat="21.343805" lon="79.7543961">
      </trkpt>
      <trkpt lat="21.3439699" lon="79.7545892">
      </trkpt>
      <trkpt lat="21.3442792" lon="79.7550275">
      </trkpt>
      <trkpt lat="21.3445923" lon="79.7554813">
      </trkpt>
      <trkpt lat="21.3447688" lon="79.7557983">
      </trkpt>
      <trkpt lat="21.3450401" lon="79.7563639">
      </trkpt>
      <trkpt lat="21.345221" lon="79.7567967">
      </trkpt>
      <trkpt lat="21.3454227" lon="79.7573918">
      </trkpt>
      <trkpt lat="21.3455159" lon="79.7577547">
      </trkpt>
      <trkpt lat="21.3455915" lon="79.7581435">
      </trkpt>
      <trkpt lat="21.3456586" lon="79.7586264">
      </trkpt>
      <trkpt lat="21.3457037" lon="79.759136">
      </trkpt>
      <trkpt lat="21.34624" lon="79.7671672">
      </trkpt>
      <trkpt lat="21.3464311" lon="79.7703862">
      </trkpt>
      <trkpt lat="21.3466144" lon="79.7730549">
      </trkpt>
      <trkpt lat="21.3467014" lon="79.7746061">
      </trkpt>
      <trkpt lat="21.3467201" lon="79.7755001">
      </trkpt>
      <trkpt lat="21.3466983" lon="79.776314">
      </trkpt>
      <trkpt lat="21.34663" lon="79.7772981">
      </trkpt>
      <trkpt lat="21.3464529" lon="79.7785257">
      </trkpt>
      <trkpt lat="21.3463514" lon="79.778967">
      </trkpt>
      <trkpt lat="21.3460676" lon="79.7802003">
      </trkpt>
      <trkpt lat="21.3454897" lon="79.7827556">
      </trkpt>
      <trkpt lat="21.3449553" lon="79.785024">
      </trkpt>
      <trkpt lat="21.3444053" lon="79.7872791">
      </trkpt>
      <trkpt lat="21.3433457" lon="79.7917042">
      </trkpt>
      <trkpt lat="21.343022" lon="79.7931305">
      </trkpt>
      <trkpt lat="21.3429694" lon="79.7936615">
      </trkpt>
      <trkpt lat="21.3429127" lon="79.7942188">
      </trkpt>
      <trkpt lat="21.3428991" lon="79.7948636">
      </trkpt>
      <trkpt lat="21.3429467" lon="79.7955645">
      </trkpt>
      <trkpt lat="21.3430533" lon="79.7963894">
      </trkpt>
      <trkpt lat="21.3431825" lon="79.7969856">
      </trkpt>
      <trkpt lat="21.343493" lon="79.7979785">
      </trkpt>
      <trkpt lat="21.3437491" lon="79.7986014">
      </trkpt>
      <trkpt lat="21.344046" lon="79.7991611">
      </trkpt>
      <trkpt lat="21.3445175" lon="79.8000007">
      </trkpt>
      <trkpt lat="21.3459272" lon="79.802164">
      </trkpt>
      <trkpt lat="21.3472033" lon="79.8041351">
      </trkpt>
      <trkpt lat="21.3483864" lon="79.80597">
      </trkpt>
      <trkpt lat="21.3494041" lon="79.8075663">
      </trkpt>
      <trkpt lat="21.3503447" lon="79.8090118">
      </trkpt>
      <trkpt lat="21.3517884" lon="79.8112652">
      </trkpt>
      <trkpt lat="21.3531256" lon="79.8133385">
      </trkpt>
      <trkpt lat="21.3542973" lon="79.8151855">
      </trkpt>
      <trkpt lat="21.355426" lon="79.8169376">
      </trkpt>
      <trkpt lat="21.3566226" lon="79.8187944">
      </trkpt>
      <trkpt lat="21.3578125" lon="79.8206292">
      </trkpt>
      <trkpt lat="21.358957" lon="79.822447">
      </trkpt>
      <trkpt lat="21.359621" lon="79.8234861">
      </trkpt>
      <trkpt lat="21.3599179" lon="79.8239217">
      </trkpt>
      <trkpt lat="21.3604505" lon="79.8245471">
      </trkpt>
      <trkpt lat="21.3608765" lon="79.82499">
      </trkpt>
      <trkpt lat="21.3614612" lon="79.8254475">
      </trkpt>
      <trkpt lat="21.3620391" lon="79.825793">
      </trkpt>
      <trkpt lat="21.3629003" lon="79.8261556">
      </trkpt>
      <trkpt lat="21.3639519" lon="79.8264257">
      </trkpt>
      <trkpt lat="21.3647224" lon="79.8266301">
      </trkpt>
      <trkpt lat="21.365298" lon="79.8268589">
      </trkpt>
      <trkpt lat="21.3660527" lon="79.8272653">
      </trkpt>
      <trkpt lat="21.3664379" lon="79.8275719">
      </trkpt>
      <trkpt lat="21.366966" lon="79.8280391">
      </trkpt>
      <trkpt lat="21.3673059" lon="79.8284066">
      </trkpt>
      <trkpt lat="21.3682146" lon="79.8295381">
      </trkpt>
      <trkpt lat="21.3689839" lon="79.830518">
      </trkpt>
      <trkpt lat="21.3692367" lon="79.83084">
      </trkpt>
      <trkpt lat="21.370363" lon="79.8322904">
      </trkpt>
      <trkpt lat="21.3712445" lon="79.8334073">
      </trkpt>
      <trkpt lat="21.3718563" lon="79.8341958">
      </trkpt>
      <trkpt lat="21.3721713" lon="79.8346533">
      </trkpt>
      <trkpt lat="21.3727447" lon="79.835415">
      </trkpt>
      <trkpt lat="21.3733633" lon="79.8361961">
      </trkpt>
      <trkpt lat="21.3739956" lon="79.8369651">
      </trkpt>
      <trkpt lat="21.3743332" lon="79.8373715">
      </trkpt>
      <trkpt lat="21.3754889" lon="79.8385882">
      </trkpt>
      <trkpt lat="21.3763138" lon="79.839435">
      </trkpt>
      <trkpt lat="21.3767738" lon="79.839856">
      </trkpt>
      <trkpt lat="21.3776666" lon="79.8406055">
      </trkpt>
      <trkpt lat="21.3781334" lon="79.840973">
      </trkpt>
      <trkpt lat="21.3790081" lon="79.8416008">
      </trkpt>
      <trkpt lat="21.380098" lon="79.8424112">
      </trkpt>
      <trkpt lat="21.3807121" lon="79.84291">
      </trkpt>
      <trkpt lat="21.381043" lon="79.8431704">
      </trkpt>
      <trkpt lat="21.3823278" lon="79.8441852">
      </trkpt>
      <trkpt lat="21.3838596" lon="79.8454506">
      </trkpt>
      <trkpt lat="21.3853233" lon="79.8466308">
      </trkpt>
      <trkpt lat="21.3867056" lon="79.8477234">
      </trkpt>
      <trkpt lat="21.3879541" lon="79.8487114">
      </trkpt>
      <trkpt lat="21.3893113" lon="79.8498041">
      </trkpt>
      <trkpt lat="21.3903377" lon="79.850702">
      </trkpt>
      <trkpt lat="21.3915409" lon="79.8518214">
      </trkpt>
      <trkpt lat="21.3923838" lon="79.8527412">
      </trkpt>
      <trkpt lat="21.393059" lon="79.8534981">
      </trkpt>
      <trkpt lat="21.3939563" lon="79.8545883">
      </trkpt>
      <trkpt lat="21.3948037" lon="79.8557539">
      </trkpt>
      <trkpt lat="21.3956896" lon="79.8570607">
      </trkpt>
      <trkpt lat="21.3960385" lon="79.8576301">
      </trkpt>
      <trkpt lat="21.3967092" lon="79.8587519">
      </trkpt>
      <trkpt lat="21.3974319" lon="79.8601414">
      </trkpt>
      <trkpt lat="21.3979757" lon="79.8613168">
      </trkpt>
      <trkpt lat="21.3984198" lon="79.8623072">
      </trkpt>
      <trkpt lat="21.3986685" lon="79.8629419">
      </trkpt>
      <trkpt lat="21.3987325" lon="79.8631054">
      </trkpt>
      <trkpt lat="21.3992354" lon="79.8644998">
      </trkpt>
      <trkpt lat="21.3999265" lon="79.8668602">
      </trkpt>
      <trkpt lat="21.4006447" lon="79.8694056">
      </trkpt>
      <trkpt lat="21.4013697" lon="79.8720022">
      </trkpt>
      <trkpt lat="21.4019203" lon="79.8739246">
      </trkpt>
      <trkpt lat="21.4024935" lon="79.8759687">
      </trkpt>
      <trkpt lat="21.4031211" lon="79.8781832">
      </trkpt>
      <trkpt lat="21.403871" lon="79.8808843">
      </trkpt>
      <trkpt lat="21.4050071" lon="79.8850622">
      </trkpt>
      <trkpt lat="21.405978" lon="79.8885209">
      </trkpt>
      <trkpt lat="21.4068911" lon="79.8917421">
      </trkpt>
      <trkpt lat="21.4074678" lon="79.8937725">
      </trkpt>
      <trkpt lat="21.4083233" lon="79.896887">
      </trkpt>
      <trkpt lat="21.409166" lon="79.8999602">
      </trkpt>
      <trkpt lat="21.4102265" lon="79.9036701">
      </trkpt>
      <trkpt lat="21.4111043" lon="79.9067957">
      </trkpt>
      <trkpt lat="21.4116481" lon="79.9087556">
      </trkpt>
      <trkpt lat="21.411895" lon="79.9096752">
      </trkpt>
      <trkpt lat="21.412466" lon="79.9119818">
      </trkpt>
      <trkpt lat="21.41291" lon="79.9137436">
      </trkpt>
      <trkpt lat="21.4132181" lon="79.9150479">
      </trkpt>
      <trkpt lat="21.4137256" lon="79.9169947">
      </trkpt>
      <trkpt lat="21.4143602" lon="79.9191709">
      </trkpt>
      <trkpt lat="21.4148473" lon="79.9206042">
      </trkpt>
      <trkpt lat="21.4153967" lon="79.9223359">
      </trkpt>
      <trkpt lat="21.415459" lon="79.9225412">
      </trkpt>
      <trkpt lat="21.4161001" lon="79.9247143">
      </trkpt>
      <trkpt lat="21.4167095" lon="79.9268266">
      </trkpt>
      <trkpt lat="21.4173347" lon="79.9290556">
      </trkpt>
      <trkpt lat="21.4179532" lon="79.9312701">
      </trkpt>
      <trkpt lat="21.4185898" lon="79.9335332">
      </trkpt>
      <trkpt lat="21.4190406" lon="79.9351977">
      </trkpt>
      <trkpt lat="21.4196319" lon="79.9374219">
      </trkpt>
      <trkpt lat="21.419974" lon="79.9388254">
      </trkpt>
      <trkpt lat="21.4202843" lon="79.9400987">
      </trkpt>
      <trkpt lat="21.4208393" lon="79.9425273">
      </trkpt>
      <trkpt lat="21.4213875" lon="79.9448707">
      </trkpt>
      <trkpt lat="21.4219675" lon="79.9473626">
      </trkpt>
      <trkpt lat="21.4224409" lon="79.9494359">
      </trkpt>
      <trkpt lat="21.4230843" lon="79.9522466">
      </trkpt>
      <trkpt lat="21.4236076" lon="79.9545462">
      </trkpt>
      <trkpt lat="21.4241852" lon="79.9570575">
      </trkpt>
      <trkpt lat="21.4247674" lon="79.9596054">
      </trkpt>
      <trkpt lat="21.4252386" lon="79.9615911">
      </trkpt>
      <trkpt lat="21.4257868" lon="79.9640246">
      </trkpt>
      <trkpt lat="21.4262988" lon="79.966183">
      </trkpt>
      <trkpt lat="21.4268152" lon="79.9684097">
      </trkpt>
      <trkpt lat="21.4273317" lon="79.9707312">
      </trkpt>
      <trkpt lat="21.4278799" lon="79.9730941">
      </trkpt>
      <trkpt lat="21.428145" lon="79.9743546">
      </trkpt>
      <trkpt lat="21.4282854" lon="79.9751528">
      </trkpt>
      <trkpt lat="21.4286071" lon="79.9767589">
      </trkpt>
      <trkpt lat="21.4286641" lon="79.9770211">
      </trkpt>
      <trkpt lat="21.4290601" lon="79.9788419">
      </trkpt>
      <trkpt lat="21.4294497" lon="79.9804918">
      </trkpt>
      <trkpt lat="21.4297827" lon="79.982042">
      </trkpt>
      <trkpt lat="21.4301406" lon="79.9835385">
      </trkpt>
      <trkpt lat="21.4304351" lon="79.9845533">
      </trkpt>
      <trkpt lat="21.4308662" lon="79.9863649">
      </trkpt>
      <trkpt lat="21.4309471" lon="79.9867049">
      </trkpt>
      <trkpt lat="21.4310988" lon="79.9873421">
      </trkpt>
      <trkpt lat="21.4311421" lon="79.9875315">
      </trkpt>
      <trkpt lat="21.4314477" lon="79.9888678">
      </trkpt>
      <trkpt lat="21.43157" lon="79.9893959">
      </trkpt>
      <trkpt lat="21.4318282" lon="79.9907173">
      </trkpt>
      <trkpt lat="21.4320208" lon="79.9917807">
      </trkpt>
      <trkpt lat="21.4323311" lon="79.9939587">
      </trkpt>
      <trkpt lat="21.4326165" lon="79.9958762">
      </trkpt>
      <trkpt lat="21.4329132" lon="79.9981102">
      </trkpt>
      <trkpt lat="21.4331692" lon="79.9998038">
      </trkpt>
      <trkpt lat="21.4334365" lon="80.0018188">
      </trkpt>
      <trkpt lat="21.4336789" lon="80.0035611">
      </trkpt>
      <trkpt lat="21.433765" lon="80.0042449">
      </trkpt>
      <trkpt lat="21.4339915" lon="80.0056563">
      </trkpt>
      <trkpt lat="21.4342995" lon="80.0079365">
      </trkpt>
      <trkpt lat="21.4346099" lon="80.0102118">
      </trkpt>
      <trkpt lat="21.4349632" lon="80.012784">
      </trkpt>
      <trkpt lat="21.4353098" lon="80.0153634">
      </trkpt>
      <trkpt lat="21.4355748" lon="80.0173321">
      </trkpt>
      <trkpt lat="21.4358693" lon="80.0192156">
      </trkpt>
      <trkpt lat="21.436132" lon="80.0210553">
      </trkpt>
      <trkpt lat="21.4364152" lon="80.0231067">
      </trkpt>
      <trkpt lat="21.4366643" lon="80.0248515">
      </trkpt>
      <trkpt lat="21.4369248" lon="80.0267934">
      </trkpt>
      <trkpt lat="21.4372193" lon="80.0289106">
      </trkpt>
      <trkpt lat="21.437328" lon="80.0296698">
      </trkpt>
      <trkpt lat="21.437473" lon="80.0305045">
      </trkpt>
      <trkpt lat="21.4377018" lon="80.0312297">
      </trkpt>
      <trkpt lat="21.4380959" lon="80.0320522">
      </trkpt>
      <trkpt lat="21.4383858" lon="80.0325194">
      </trkpt>
      <trkpt lat="21.4390133" lon="80.0332908">
      </trkpt>
      <trkpt lat="21.440019" lon="80.0342861">
      </trkpt>
      <trkpt lat="21.4411198" lon="80.0353228">
      </trkpt>
      <trkpt lat="21.4417721" lon="80.0359263">
      </trkpt>
      <trkpt lat="21.4420575" lon="80.036301">
      </trkpt>
      <trkpt lat="21.4422745" lon="80.036615">
      </trkpt>
      <trkpt lat="21.4423905" lon="80.0367828">
      </trkpt>
      <trkpt lat="21.4426781" lon="80.0372987">
      </trkpt>
      <trkpt lat="21.4429318" lon="80.0379704">
      </trkpt>
      <trkpt lat="21.4430904" lon="80.0384838">
      </trkpt>
      <trkpt lat="21.4432716" lon="80.0394183">
      </trkpt>
      <trkpt lat="21.4432738" lon="80.0401483">
      </trkpt>
      <trkpt lat="21.4432263" lon="80.0417033">
      </trkpt>
      <trkpt lat="21.443147" lon="80.0444312">
      </trkpt>
      <trkpt lat="21.4430972" lon="80.0464315">
      </trkpt>
      <trkpt lat="21.4430066" lon="80.048848">
      </trkpt>
      <trkpt lat="21.4429613" lon="80.0505149">
      </trkpt>
      <trkpt lat="21.4429182" lon="80.0530798">
      </trkpt>
      <trkpt lat="21.4428598" lon="80.0541144">
      </trkpt>
      <trkpt lat="21.4427823" lon="80.0554865">
      </trkpt>
      <trkpt lat="21.4427121" lon="80.0571656">
      </trkpt>
      <trkpt lat="21.4426306" lon="80.0582436">
      </trkpt>
      <trkpt lat="21.4425943" lon="80.0592657">
      </trkpt>
      <trkpt lat="21.4425626" lon="80.0602877">
      </trkpt>
      <trkpt lat="21.4425626" lon="80.0613657">
      </trkpt>
      <trkpt lat="21.4425853" lon="80.0621956">
      </trkpt>
      <trkpt lat="21.4427438" lon="80.0633953">
      </trkpt>
      <trkpt lat="21.4430972" lon="80.0648967">
      </trkpt>
      <trkpt lat="21.4433399" lon="80.0658372">
      </trkpt>
      <trkpt lat="21.4435615" lon="80.0665198">
      </trkpt>
      <trkpt lat="21.4446193" lon="80.069311">
      </trkpt>
      <trkpt lat="21.4454596" lon="80.0714111">
      </trkpt>
      <trkpt lat="21.44625" lon="80.0734138">
      </trkpt>
      <trkpt lat="21.447147" lon="80.0756332">
      </trkpt>
      <trkpt lat="21.448096" lon="80.0781031">
      </trkpt>
      <trkpt lat="21.4489114" lon="80.0801253">
      </trkpt>
      <trkpt lat="21.4498989" lon="80.082644">
      </trkpt>
      <trkpt lat="21.4507935" lon="80.0849266">
      </trkpt>
      <trkpt lat="21.4515659" lon="80.0869026">
      </trkpt>
      <trkpt lat="21.4522521" lon="80.088696">
      </trkpt>
      <trkpt lat="21.4530675" lon="80.0907474">
      </trkpt>
      <trkpt lat="21.453876" lon="80.0928548">
      </trkpt>
      <trkpt lat="21.4543403" lon="80.0940886">
      </trkpt>
      <trkpt lat="21.4551262" lon="80.0960183">
      </trkpt>
      <trkpt lat="21.4559167" lon="80.0980235">
      </trkpt>
      <trkpt lat="21.4566346" lon="80.0998705">
      </trkpt>
      <trkpt lat="21.4573078" lon="80.1015689">
      </trkpt>
      <trkpt lat="21.4573571" lon="80.1016932">
      </trkpt>
      <trkpt lat="21.4579618" lon="80.1033114">
      </trkpt>
      <trkpt lat="21.4583128" lon="80.1042216">
      </trkpt>
      <trkpt lat="21.458682" lon="80.1051049">
      </trkpt>
      <trkpt lat="21.4595517" lon="80.1072877">
      </trkpt>
      <trkpt lat="21.4603398" lon="80.1093075">
      </trkpt>
      <trkpt lat="21.4610985" lon="80.111247">
      </trkpt>
      <trkpt lat="21.4619523" lon="80.1134785">
      </trkpt>
      <trkpt lat="21.4625638" lon="80.1150359">
      </trkpt>
      <trkpt lat="21.4631571" lon="80.1165373">
      </trkpt>
      <trkpt lat="21.4636893" lon="80.1179122">
      </trkpt>
      <trkpt lat="21.4638863" lon="80.1184523">
      </trkpt>
      <trkpt lat="21.4640653" lon="80.1189367">
      </trkpt>
      <trkpt lat="21.4643755" lon="80.1199685">
      </trkpt>
      <trkpt lat="21.4646835" lon="80.121105">
      </trkpt>
      <trkpt lat="21.4649055" lon="80.1220808">
      </trkpt>
      <trkpt lat="21.4651478" lon="80.1236455">
      </trkpt>
      <trkpt lat="21.4653335" lon="80.1253489">
      </trkpt>
      <trkpt lat="21.4653969" lon="80.1264489">
      </trkpt>
      <trkpt lat="21.4654173" lon="80.1276437">
      </trkpt>
      <trkpt lat="21.4653879" lon="80.129021">
      </trkpt>
      <trkpt lat="21.4652814" lon="80.1314399">
      </trkpt>
      <trkpt lat="21.4651546" lon="80.133703">
      </trkpt>
      <trkpt lat="21.4650051" lon="80.136465">
      </trkpt>
      <trkpt lat="21.4648783" lon="80.139098">
      </trkpt>
      <trkpt lat="21.4647334" lon="80.1417992">
      </trkpt>
      <trkpt lat="21.4645884" lon="80.1447193">
      </trkpt>
      <trkpt lat="21.4644299" lon="80.1475227">
      </trkpt>
      <trkpt lat="21.4643121" lon="80.1499294">
      </trkpt>
      <trkpt lat="21.4642887" lon="80.1503004">
      </trkpt>
      <trkpt lat="21.4641785" lon="80.1520514">
      </trkpt>
      <trkpt lat="21.4640472" lon="80.1544508">
      </trkpt>
      <trkpt lat="21.4639317" lon="80.1565387">
      </trkpt>
      <trkpt lat="21.4638003" lon="80.1589965">
      </trkpt>
      <trkpt lat="21.4636848" lon="80.1612037">
      </trkpt>
      <trkpt lat="21.463524" lon="80.1637369">
      </trkpt>
      <trkpt lat="21.463413" lon="80.1661874">
      </trkpt>
      <trkpt lat="21.4632772" lon="80.1685114">
      </trkpt>
      <trkpt lat="21.463125" lon="80.1715336">
      </trkpt>
      <trkpt lat="21.4626894" lon="80.1795897">
      </trkpt>
      <trkpt lat="21.4626449" lon="80.1803654">
      </trkpt>
      <trkpt lat="21.4625446" lon="80.1818812">
      </trkpt>
      <trkpt lat="21.4624996" lon="80.1824015">
      </trkpt>
      <trkpt lat="21.4624326" lon="80.1831415">
      </trkpt>
      <trkpt lat="21.4623654" lon="80.1840211">
      </trkpt>
      <trkpt lat="21.4622708" lon="80.1851261">
      </trkpt>
      <trkpt lat="21.4622226" lon="80.1854914">
      </trkpt>
      <trkpt lat="21.4620603" lon="80.1865053">
      </trkpt>
      <trkpt lat="21.4620304" lon="80.186744">
      </trkpt>
      <trkpt lat="21.4619866" lon="80.187147">
      </trkpt>
      <trkpt lat="21.461918" lon="80.1884016">
      </trkpt>
      <trkpt lat="21.4618905" lon="80.188781">
      </trkpt>
      <trkpt lat="21.4618008" lon="80.1897205">
      </trkpt>
      <trkpt lat="21.4617789" lon="80.1900517">
      </trkpt>
      <trkpt lat="21.4617492" lon="80.1904089">
      </trkpt>
      <trkpt lat="21.4616863" lon="80.1911621">
      </trkpt>
      <trkpt lat="21.461661" lon="80.1915518">
      </trkpt>
      <trkpt lat="21.4616444" lon="80.1919789">
      </trkpt>
      <trkpt lat="21.461558" lon="80.1942083">
      </trkpt>
      <trkpt lat="21.4615623" lon="80.1944513">
      </trkpt>
      <trkpt lat="21.4615878" lon="80.1946603">
      </trkpt>
      <trkpt lat="21.4616253" lon="80.1951434">
      </trkpt>
      <trkpt lat="21.4616344" lon="80.1954063">
      </trkpt>
      <trkpt lat="21.4616385" lon="80.1956275">
      </trkpt>
      <trkpt lat="21.4616509" lon="80.1958153">
      </trkpt>
      <trkpt lat="21.4616422" lon="80.196123">
      </trkpt>
      <trkpt lat="21.4616363" lon="80.1963367">
      </trkpt>
      <trkpt lat="21.4616264" lon="80.1966842">
      </trkpt>
      <trkpt lat="21.4616381" lon="80.1969975">
      </trkpt>
      <trkpt lat="21.4616981" lon="80.1976723">
      </trkpt>
      <trkpt lat="21.4617446" lon="80.1983835">
      </trkpt>
      <trkpt lat="21.4617497" lon="80.1985622">
      </trkpt>
      <trkpt lat="21.4617462" lon="80.1988729">
      </trkpt>
      <trkpt lat="21.4616023" lon="80.2024866">
      </trkpt>
      <trkpt lat="21.4612275" lon="80.2115913">
      </trkpt>
      <trkpt lat="21.4608258" lon="80.2208841">
      </trkpt>
      <trkpt lat="21.4608045" lon="80.2215923">
      </trkpt>
      <trkpt lat="21.4606918" lon="80.2243781">
      </trkpt>
      <trkpt lat="21.4606764" lon="80.2247589">
      </trkpt>
      <trkpt lat="21.4605722" lon="80.2275638">
      </trkpt>
      <trkpt lat="21.4604987" lon="80.2284521">
      </trkpt>
      <trkpt lat="21.4604103" lon="80.2292434">
      </trkpt>
      <trkpt lat="21.4601274" lon="80.2308315">
      </trkpt>
      <trkpt lat="21.4600955" lon="80.2309895">
      </trkpt>
      <trkpt lat="21.4597271" lon="80.232534">
      </trkpt>
      <trkpt lat="21.459329" lon="80.2338921">
      </trkpt>
      <trkpt lat="21.4591808" lon="80.2344015">
      </trkpt>
      <trkpt lat="21.4588876" lon="80.23516">
      </trkpt>
      <trkpt lat="21.4585244" lon="80.2360581">
      </trkpt>
      <trkpt lat="21.4580036" lon="80.2371614">
      </trkpt>
      <trkpt lat="21.4574858" lon="80.2381504">
      </trkpt>
      <trkpt lat="21.4567886" lon="80.2393187">
      </trkpt>
      <trkpt lat="21.4559659" lon="80.2404972">
      </trkpt>
      <trkpt lat="21.4556421" lon="80.2409768">
      </trkpt>
      <trkpt lat="21.4549273" lon="80.2418827">
      </trkpt>
      <trkpt lat="21.4543234" lon="80.2425598">
      </trkpt>
      <trkpt lat="21.4533549" lon="80.2436036">
      </trkpt>
      <trkpt lat="21.452643" lon="80.2443778">
      </trkpt>
      <trkpt lat="21.4509976" lon="80.2460987">
      </trkpt>
      <trkpt lat="21.4504088" lon="80.2467499">
      </trkpt>
      <trkpt lat="21.4499659" lon="80.2472397">
      </trkpt>
      <trkpt lat="21.4468523" lon="80.2505765">
      </trkpt>
      <trkpt lat="21.4452039" lon="80.2523601">
      </trkpt>
      <trkpt lat="21.4435963" lon="80.2540716">
      </trkpt>
      <trkpt lat="21.4418866" lon="80.2559147">
      </trkpt>
      <trkpt lat="21.4404073" lon="80.2574788">
      </trkpt>
      <trkpt lat="21.4390886" lon="80.2588768">
      </trkpt>
      <trkpt lat="21.4375801" lon="80.2605068">
      </trkpt>
      <trkpt lat="21.4361096" lon="80.2620741">
      </trkpt>
      <trkpt lat="21.4346974" lon="80.2635786">
      </trkpt>
      <trkpt lat="21.4330985" lon="80.2652932">
      </trkpt>
      <trkpt lat="21.4317009" lon="80.2667634">
      </trkpt>
      <trkpt lat="21.430274" lon="80.2683055">
      </trkpt>
      <trkpt lat="21.428926" lon="80.2698007">
      </trkpt>
      <trkpt lat="21.4277822" lon="80.2711831">
      </trkpt>
      <trkpt lat="21.4264487" lon="80.2729133">
      </trkpt>
      <trkpt lat="21.425124" lon="80.2746248">
      </trkpt>
      <trkpt lat="21.4240721" lon="80.2760207">
      </trkpt>
      <trkpt lat="21.4239787" lon="80.2761414">
      </trkpt>
      <trkpt lat="21.4237102" lon="80.276494">
      </trkpt>
      <trkpt lat="21.4228094" lon="80.2776759">
      </trkpt>
      <trkpt lat="21.4215632" lon="80.2793205">
      </trkpt>
      <trkpt lat="21.4212537" lon="80.2797594">
      </trkpt>
      <trkpt lat="21.4212301" lon="80.2797901">
      </trkpt>
      <trkpt lat="21.4203004" lon="80.2810006">
      </trkpt>
      <trkpt lat="21.4190933" lon="80.2826031">
      </trkpt>
      <trkpt lat="21.4180059" lon="80.2840128">
      </trkpt>
      <trkpt lat="21.4169866" lon="80.2853471">
      </trkpt>
      <trkpt lat="21.4157465" lon="80.2868809">
      </trkpt>
      <trkpt lat="21.4147519" lon="80.288162">
      </trkpt>
      <trkpt lat="21.4138523" lon="80.2894276">
      </trkpt>
      <trkpt lat="21.413064" lon="80.2905026">
      </trkpt>
      <trkpt lat="21.4123872" lon="80.2914047">
      </trkpt>
      <trkpt lat="21.4122531" lon="80.2915798">
      </trkpt>
      <trkpt lat="21.4120034" lon="80.2918945">
      </trkpt>
      <trkpt lat="21.411308" lon="80.2928143">
      </trkpt>
      <trkpt lat="21.4102804" lon="80.294173">
      </trkpt>
      <trkpt lat="21.4091413" lon="80.2956603">
      </trkpt>
      <trkpt lat="21.4079218" lon="80.2972628">
      </trkpt>
      <trkpt lat="21.4066506" lon="80.2989318">
      </trkpt>
      <trkpt lat="21.4055384" lon="80.3003968">
      </trkpt>
      <trkpt lat="21.4044674" lon="80.3017533">
      </trkpt>
      <trkpt lat="21.4033799" lon="80.3031962">
      </trkpt>
      <trkpt lat="21.4025008" lon="80.3043488">
      </trkpt>
      <trkpt lat="21.4014318" lon="80.3057629">
      </trkpt>
      <trkpt lat="21.400466" lon="80.307044">
      </trkpt>
      <trkpt lat="21.3994941" lon="80.3083207">
      </trkpt>
      <trkpt lat="21.3988398" lon="80.3091981">
      </trkpt>
      <trkpt lat="21.3987057" lon="80.3093779">
      </trkpt>
      <trkpt lat="21.3976058" lon="80.3108386">
      </trkpt>
      <trkpt lat="21.3967865" lon="80.3119091">
      </trkpt>
      <trkpt lat="21.3957794" lon="80.3132523">
      </trkpt>
      <trkpt lat="21.3948796" lon="80.3144115">
      </trkpt>
      <trkpt lat="21.3943947" lon="80.3150632">
      </trkpt>
      <trkpt lat="21.3934887" lon="80.316229">
      </trkpt>
      <trkpt lat="21.3930677" lon="80.3167787">
      </trkpt>
      <trkpt lat="21.3922401" lon="80.3178825">
      </trkpt>
      <trkpt lat="21.3918869" lon="80.3183548">
      </trkpt>
      <trkpt lat="21.390626" lon="80.3199538">
      </trkpt>
      <trkpt lat="21.3896249" lon="80.3212954">
      </trkpt>
      <trkpt lat="21.38912" lon="80.3220258">
      </trkpt>
      <trkpt lat="21.3882561" lon="80.323383">
      </trkpt>
      <trkpt lat="21.3877658" lon="80.3242388">
      </trkpt>
      <trkpt lat="21.3869047" lon="80.3258436">
      </trkpt>
      <trkpt lat="21.3864027" lon="80.3268059">
      </trkpt>
      <trkpt lat="21.3856263" lon="80.3283457">
      </trkpt>
      <trkpt lat="21.3852323" lon="80.3291356">
      </trkpt>
      <trkpt lat="21.3845552" lon="80.3304646">
      </trkpt>
      <trkpt lat="21.3839481" lon="80.331709">
      </trkpt>
      <trkpt lat="21.3832257" lon="80.3331164">
      </trkpt>
      <trkpt lat="21.3825222" lon="80.3345348">
      </trkpt>
      <trkpt lat="21.381921" lon="80.3356962">
      </trkpt>
      <trkpt lat="21.3812394" lon="80.3370754">
      </trkpt>
      <trkpt lat="21.3807753" lon="80.3379891">
      </trkpt>
      <trkpt lat="21.3806873" lon="80.3381693">
      </trkpt>
      <trkpt lat="21.3806498" lon="80.3382463">
      </trkpt>
      <trkpt lat="21.3806177" lon="80.338312">
      </trkpt>
      <trkpt lat="21.3805549" lon="80.3384296">
      </trkpt>
      <trkpt lat="21.3802412" lon="80.3390172">
      </trkpt>
      <trkpt lat="21.3797946" lon="80.3398996">
      </trkpt>
      <trkpt lat="21.3791846" lon="80.3411268">
      </trkpt>
      <trkpt lat="21.3784738" lon="80.3424872">
      </trkpt>
      <trkpt lat="21.3767102" lon="80.3459971">
      </trkpt>
      <trkpt lat="21.3750971" lon="80.3491867">
      </trkpt>
      <trkpt lat="21.3750037" lon="80.3493764">
      </trkpt>
      <trkpt lat="21.3748635" lon="80.3496553">
      </trkpt>
      <trkpt lat="21.374379" lon="80.3506286">
      </trkpt>
      <trkpt lat="21.3738477" lon="80.3515674">
      </trkpt>
      <trkpt lat="21.3736434" lon="80.3519859">
      </trkpt>
      <trkpt lat="21.3732362" lon="80.3528259">
      </trkpt>
      <trkpt lat="21.3730188" lon="80.3532648">
      </trkpt>
      <trkpt lat="21.3725723" lon="80.3541018">
      </trkpt>
      <trkpt lat="21.3724569" lon="80.354318">
      </trkpt>
      <trkpt lat="21.3707107" lon="80.3578691">
      </trkpt>
      <trkpt lat="21.369598" lon="80.3600702">
      </trkpt>
      <trkpt lat="21.3694608" lon="80.3603162">
      </trkpt>
      <trkpt lat="21.3692886" lon="80.3606422">
      </trkpt>
      <trkpt lat="21.3688508" lon="80.3615058">
      </trkpt>
      <trkpt lat="21.3678181" lon="80.3633683">
      </trkpt>
      <trkpt lat="21.3671336" lon="80.3645124">
      </trkpt>
      <trkpt lat="21.3664826" lon="80.3655969">
      </trkpt>
      <trkpt lat="21.3656959" lon="80.3668664">
      </trkpt>
      <trkpt lat="21.3652884" lon="80.3675491">
      </trkpt>
      <trkpt lat="21.3651982" lon="80.3677002">
      </trkpt>
      <trkpt lat="21.3643998" lon="80.3690199">
      </trkpt>
      <trkpt lat="21.3636146" lon="80.3703191">
      </trkpt>
      <trkpt lat="21.3628162" lon="80.3716168">
      </trkpt>
      <trkpt lat="21.3620849" lon="80.3727954">
      </trkpt>
      <trkpt lat="21.3613362" lon="80.3739772">
      </trkpt>
      <trkpt lat="21.3605334" lon="80.3753626">
      </trkpt>
      <trkpt lat="21.3601291" lon="80.3760757">
      </trkpt>
      <trkpt lat="21.3598649" lon="80.3767293">
      </trkpt>
      <trkpt lat="21.3593963" lon="80.3778624">
      </trkpt>
      <trkpt lat="21.3588183" lon="80.3792996">
      </trkpt>
      <trkpt lat="21.3582374" lon="80.3807227">
      </trkpt>
      <trkpt lat="21.3576535" lon="80.3821505">
      </trkpt>
      <trkpt lat="21.3570916" lon="80.3834545">
      </trkpt>
      <trkpt lat="21.3567091" lon="80.3842616">
      </trkpt>
      <trkpt lat="21.3564639" lon="80.3846816">
      </trkpt>
      <trkpt lat="21.3560348" lon="80.3853697">
      </trkpt>
      <trkpt lat="21.3557735" lon="80.3857458">
      </trkpt>
      <trkpt lat="21.355283" lon="80.3863837">
      </trkpt>
      <trkpt lat="21.3550407" lon="80.3866705">
      </trkpt>
      <trkpt lat="21.3545357" lon="80.3871768">
      </trkpt>
      <trkpt lat="21.3542277" lon="80.3874589">
      </trkpt>
      <trkpt lat="21.3535577" lon="80.3880419">
      </trkpt>
      <trkpt lat="21.35293" lon="80.3885638">
      </trkpt>
      <trkpt lat="21.3520499" lon="80.3892267">
      </trkpt>
      <trkpt lat="21.3511156" lon="80.3899649">
      </trkpt>
      <trkpt lat="21.3501479" lon="80.3906921">
      </trkpt>
      <trkpt lat="21.3493348" lon="80.3913269">
      </trkpt>
      <trkpt lat="21.3483509" lon="80.3920808">
      </trkpt>
      <trkpt lat="21.3474619" lon="80.3927657">
      </trkpt>
      <trkpt lat="21.3464576" lon="80.3935493">
      </trkpt>
      <trkpt lat="21.3452369" lon="80.3944904">
      </trkpt>
      <trkpt lat="21.3451132" lon="80.3945758">
      </trkpt>
      <trkpt lat="21.3451018" lon="80.3945837">
      </trkpt>
      <trkpt lat="21.3446033" lon="80.3949606">
      </trkpt>
      <trkpt lat="21.342778" lon="80.3963749">
      </trkpt>
      <trkpt lat="21.341743" lon="80.3971679">
      </trkpt>
      <trkpt lat="21.3407211" lon="80.3979751">
      </trkpt>
      <trkpt lat="21.3397547" lon="80.3987039">
      </trkpt>
      <trkpt lat="21.3392847" lon="80.3990722">
      </trkpt>
      <trkpt lat="21.3391679" lon="80.3991631">
      </trkpt>
      <trkpt lat="21.3388701" lon="80.3993856">
      </trkpt>
      <trkpt lat="21.3375306" lon="80.4004002">
      </trkpt>
      <trkpt lat="21.3360582" lon="80.4015483">
      </trkpt>
      <trkpt lat="21.3359829" lon="80.401607">
      </trkpt>
      <trkpt lat="21.3331017" lon="80.4038152">
      </trkpt>
      <trkpt lat="21.3320427" lon="80.4046165">
      </trkpt>
      <trkpt lat="21.330396" lon="80.4058798">
      </trkpt>
      <trkpt lat="21.3286703" lon="80.4072401">
      </trkpt>
      <trkpt lat="21.3273797" lon="80.408309">
      </trkpt>
      <trkpt lat="21.326898" lon="80.4088513">
      </trkpt>
      <trkpt lat="21.3267198" lon="80.409077">
      </trkpt>
      <trkpt lat="21.3262906" lon="80.4097697">
      </trkpt>
      <trkpt lat="21.3260045" lon="80.4104374">
      </trkpt>
      <trkpt lat="21.325803" lon="80.4109828">
      </trkpt>
      <trkpt lat="21.3255606" lon="80.4118918">
      </trkpt>
      <trkpt lat="21.3253738" lon="80.4126943">
      </trkpt>
      <trkpt lat="21.3250292" lon="80.4140359">
      </trkpt>
      <trkpt lat="21.3247781" lon="80.415064">
      </trkpt>
      <trkpt lat="21.3243751" lon="80.4166783">
      </trkpt>
      <trkpt lat="21.3241883" lon="80.4174682">
      </trkpt>
      <trkpt lat="21.3237036" lon="80.4193928">
      </trkpt>
      <trkpt lat="21.3228655" lon="80.4227593">
      </trkpt>
      <trkpt lat="21.3221706" lon="80.4255929">
      </trkpt>
      <trkpt lat="21.3214376" lon="80.4285331">
      </trkpt>
      <trkpt lat="21.3208244" lon="80.4309906">
      </trkpt>
      <trkpt lat="21.3203981" lon="80.4323636">
      </trkpt>
      <trkpt lat="21.3200711" lon="80.4331002">
      </trkpt>
      <trkpt lat="21.3197616" lon="80.4337208">
      </trkpt>
      <trkpt lat="21.3191513" lon="80.4346737">
      </trkpt>
      <trkpt lat="21.318614" lon="80.4354323">
      </trkpt>
      <trkpt lat="21.3176182" lon="80.4367864">
      </trkpt>
      <trkpt lat="21.3170926" lon="80.4374635">
      </trkpt>
      <trkpt lat="21.3159713" lon="80.4389994">
      </trkpt>
      <trkpt lat="21.3144937" lon="80.4409648">
      </trkpt>
      <trkpt lat="21.3127971" lon="80.4432781">
      </trkpt>
      <trkpt lat="21.3110391" lon="80.4456415">
      </trkpt>
      <trkpt lat="21.3095644" lon="80.4476602">
      </trkpt>
      <trkpt lat="21.3092962" lon="80.4481018">
      </trkpt>
      <trkpt lat="21.3088414" lon="80.4488507">
      </trkpt>
      <trkpt lat="21.3082883" lon="80.4498105">
      </trkpt>
      <trkpt lat="21.3078123" lon="80.450707">
      </trkpt>
      <trkpt lat="21.3068427" lon="80.452572">
      </trkpt>
      <trkpt lat="21.3062908" lon="80.4536472">
      </trkpt>
      <trkpt lat="21.3053183" lon="80.455531">
      </trkpt>
      <trkpt lat="21.3047255" lon="80.4566281">
      </trkpt>
      <trkpt lat="21.3038436" lon="80.4583364">
      </trkpt>
      <trkpt lat="21.3031534" lon="80.4596421">
      </trkpt>
      <trkpt lat="21.3030217" lon="80.4598948">
      </trkpt>
      <trkpt lat="21.3024593" lon="80.4610008">
      </trkpt>
      <trkpt lat="21.3022081" lon="80.4616246">
      </trkpt>
      <trkpt lat="21.3020096" lon="80.4621637">
      </trkpt>
      <trkpt lat="21.3017459" lon="80.4632264">
      </trkpt>
      <trkpt lat="21.301655" lon="80.4636953">
      </trkpt>
      <trkpt lat="21.3016065" lon="80.4641112">
      </trkpt>
      <trkpt lat="21.3015741" lon="80.4645019">
      </trkpt>
      <trkpt lat="21.3015447" lon="80.4648575">
      </trkpt>
      <trkpt lat="21.3015295" lon="80.4652208">
      </trkpt>
      <trkpt lat="21.3014926" lon="80.4668029">
      </trkpt>
      <trkpt lat="21.3014926" lon="80.4679689">
      </trkpt>
      <trkpt lat="21.3014839" lon="80.4702101">
      </trkpt>
      <trkpt lat="21.3014751" lon="80.4710032">
      </trkpt>
      <trkpt lat="21.3014605" lon="80.472956">
      </trkpt>
      <trkpt lat="21.3014196" lon="80.4756611">
      </trkpt>
      <trkpt lat="21.3014109" lon="80.4775356">
      </trkpt>
      <trkpt lat="21.3013817" lon="80.4787674">
      </trkpt>
      <trkpt lat="21.3013554" lon="80.4805322">
      </trkpt>
      <trkpt lat="21.3013495" lon="80.4815697">
      </trkpt>
      <trkpt lat="21.3013476" lon="80.4822403">
      </trkpt>
      <trkpt lat="21.3013437" lon="80.4836636">
      </trkpt>
      <trkpt lat="21.3013255" lon="80.4846676">
      </trkpt>
      <trkpt lat="21.3013118" lon="80.4867769">
      </trkpt>
      <trkpt lat="21.301287" lon="80.4895976">
      </trkpt>
      <trkpt lat="21.3012461" lon="80.4911915">
      </trkpt>
      <trkpt lat="21.3012242" lon="80.4922667">
      </trkpt>
      <trkpt lat="21.3011979" lon="80.4936083">
      </trkpt>
      <trkpt lat="21.301195" lon="80.4949044">
      </trkpt>
      <trkpt lat="21.3011629" lon="80.4961143">
      </trkpt>
      <trkpt lat="21.3011059" lon="80.4969042">
      </trkpt>
      <trkpt lat="21.3010358" lon="80.4973509">
      </trkpt>
      <trkpt lat="21.3008708" lon="80.4981706">
      </trkpt>
      <trkpt lat="21.3007657" lon="80.4986706">
      </trkpt>
      <trkpt lat="21.3005583" lon="80.4994087">
      </trkpt>
      <trkpt lat="21.3004181" lon="80.4999416">
      </trkpt>
      <trkpt lat="21.3001232" lon="80.5009948">
      </trkpt>
      <trkpt lat="21.3000034" lon="80.501465">
      </trkpt>
      <trkpt lat="21.299688" lon="80.5025417">
      </trkpt>
      <trkpt lat="21.2995537" lon="80.5030433">
      </trkpt>
      <trkpt lat="21.2991901" lon="80.5043707">
      </trkpt>
      <trkpt lat="21.29879" lon="80.5058064">
      </trkpt>
      <trkpt lat="21.2984249" lon="80.5071495">
      </trkpt>
      <trkpt lat="21.2981032" lon="80.508371">
      </trkpt>
      <trkpt lat="21.2980584" lon="80.5085413">
      </trkpt>
      <trkpt lat="21.2976977" lon="80.5098593">
      </trkpt>
      <trkpt lat="21.2973108" lon="80.5112667">
      </trkpt>
      <trkpt lat="21.2969822" lon="80.512483">
      </trkpt>
      <trkpt lat="21.2965938" lon="80.5137979">
      </trkpt>
      <trkpt lat="21.2962302" lon="80.5151254">
      </trkpt>
      <trkpt lat="21.2959148" lon="80.5163384">
      </trkpt>
      <trkpt lat="21.2955541" lon="80.5176691">
      </trkpt>
      <trkpt lat="21.2952796" lon="80.5185123">
      </trkpt>
      <trkpt lat="21.2951481" lon="80.5189229">
      </trkpt>
      <trkpt lat="21.2947451" lon="80.5199228">
      </trkpt>
      <trkpt lat="21.2945889" lon="80.5202566">
      </trkpt>
      <trkpt lat="21.2941712" lon="80.5210904">
      </trkpt>
      <trkpt lat="21.2939536" lon="80.5215026">
      </trkpt>
      <trkpt lat="21.2935258" lon="80.5221828">
      </trkpt>
      <trkpt lat="21.2932542" lon="80.522617">
      </trkpt>
      <trkpt lat="21.2927737" lon="80.523294">
      </trkpt>
      <trkpt lat="21.2925299" lon="80.5236122">
      </trkpt>
      <trkpt lat="21.2920713" lon="80.5241497">
      </trkpt>
      <trkpt lat="21.2917764" lon="80.5244616">
      </trkpt>
      <trkpt lat="21.2913076" lon="80.5249491">
      </trkpt>
      <trkpt lat="21.2909002" lon="80.5253471">
      </trkpt>
      <trkpt lat="21.2902839" lon="80.5259474">
      </trkpt>
      <trkpt lat="21.2893347" lon="80.526905">
      </trkpt>
      <trkpt lat="21.2885096" lon="80.5276934">
      </trkpt>
      <trkpt lat="21.2879197" lon="80.5282858">
      </trkpt>
      <trkpt lat="21.2876991" lon="80.528513">
      </trkpt>
      <trkpt lat="21.2869719" lon="80.5292261">
      </trkpt>
      <trkpt lat="21.2863717" lon="80.5298045">
      </trkpt>
      <trkpt lat="21.2860256" lon="80.5301524">
      </trkpt>
      <trkpt lat="21.2853202" lon="80.5308248">
      </trkpt>
      <trkpt lat="21.2847551" lon="80.5313749">
      </trkpt>
      <trkpt lat="21.2844396" lon="80.5316946">
      </trkpt>
      <trkpt lat="21.2837898" lon="80.5323278">
      </trkpt>
      <trkpt lat="21.2832027" lon="80.5328889">
      </trkpt>
      <trkpt lat="21.2829807" lon="80.5331114">
      </trkpt>
      <trkpt lat="21.2824579" lon="80.5336553">
      </trkpt>
      <trkpt lat="21.2821191" lon="80.5340001">
      </trkpt>
      <trkpt lat="21.2815729" lon="80.5345988">
      </trkpt>
      <trkpt lat="21.2814006" lon="80.5349154">
      </trkpt>
      <trkpt lat="21.2813071" lon="80.5350956">
      </trkpt>
      <trkpt lat="21.2811435" lon="80.5354968">
      </trkpt>
      <trkpt lat="21.2810457" lon="80.535862">
      </trkpt>
      <trkpt lat="21.2809858" lon="80.5360987">
      </trkpt>
      <trkpt lat="21.2809756" lon="80.5365657">
      </trkpt>
      <trkpt lat="21.2809654" lon="80.5370798">
      </trkpt>
      <trkpt lat="21.2809771" lon="80.537865">
      </trkpt>
      <trkpt lat="21.2809522" lon="80.5381455">
      </trkpt>
      <trkpt lat="21.2809274" lon="80.5383696">
      </trkpt>
      <trkpt lat="21.2808033" lon="80.5388774">
      </trkpt>
      <trkpt lat="21.2806777" lon="80.5392739">
      </trkpt>
      <trkpt lat="21.2804659" lon="80.539741">
      </trkpt>
      <trkpt lat="21.2801519" lon="80.5402222">
      </trkpt>
      <trkpt lat="21.279705" lon="80.5408412">
      </trkpt>
      <trkpt lat="21.27895" lon="80.5418505">
      </trkpt>
      <trkpt lat="21.2783965" lon="80.5425558">
      </trkpt>
      <trkpt lat="21.2780708" lon="80.5428724">
      </trkpt>
      <trkpt lat="21.2775757" lon="80.543236">
      </trkpt>
      <trkpt lat="21.2773946" lon="80.5433348">
      </trkpt>
      <trkpt lat="21.2771069" lon="80.5434633">
      </trkpt>
      <trkpt lat="21.2765695" lon="80.5435949">
      </trkpt>
      <trkpt lat="21.2762876" lon="80.5436216">
      </trkpt>
      <trkpt lat="21.2760715" lon="80.5436419">
      </trkpt>
      <trkpt lat="21.2756129" lon="80.543584">
      </trkpt>
      <trkpt lat="21.2753281" lon="80.5435087">
      </trkpt>
      <trkpt lat="21.2747118" lon="80.5432877">
      </trkpt>
      <trkpt lat="21.2743552" lon="80.5431551">
      </trkpt>
      <trkpt lat="21.2740508" lon="80.5430753">
      </trkpt>
      <trkpt lat="21.2737022" lon="80.5430414">
      </trkpt>
      <trkpt lat="21.2734056" lon="80.5430519">
      </trkpt>
      <trkpt lat="21.2730797" lon="80.5430922">
      </trkpt>
      <trkpt lat="21.272787" lon="80.5431739">
      </trkpt>
      <trkpt lat="21.2725626" lon="80.5432655">
      </trkpt>
      <trkpt lat="21.2721939" lon="80.5434571">
      </trkpt>
      <trkpt lat="21.2718865" lon="80.5436961">
      </trkpt>
      <trkpt lat="21.2715215" lon="80.5440579">
      </trkpt>
      <trkpt lat="21.2712072" lon="80.5445233">
      </trkpt>
      <trkpt lat="21.2710529" lon="80.5448453">
      </trkpt>
      <trkpt lat="21.2709209" lon="80.5452396">
      </trkpt>
      <trkpt lat="21.2708478" lon="80.5455911">
      </trkpt>
      <trkpt lat="21.2707674" lon="80.546116">
      </trkpt>
      <trkpt lat="21.2706472" lon="80.546889">
      </trkpt>
      <trkpt lat="21.2705641" lon="80.5475086">
      </trkpt>
      <trkpt lat="21.2704819" lon="80.548089">
      </trkpt>
      <trkpt lat="21.2703888" lon="80.5486627">
      </trkpt>
      <trkpt lat="21.2702943" lon="80.5491098">
      </trkpt>
      <trkpt lat="21.2701512" lon="80.5496008">
      </trkpt>
      <trkpt lat="21.2699348" lon="80.5501963">
      </trkpt>
      <trkpt lat="21.2697455" lon="80.5506494">
      </trkpt>
      <trkpt lat="21.2696434" lon="80.5508736">
      </trkpt>
      <trkpt lat="21.26924" lon="80.5518475">
      </trkpt>
      <trkpt lat="21.2689929" lon="80.5524526">
      </trkpt>
      <trkpt lat="21.2674653" lon="80.5561125">
      </trkpt>
      <trkpt lat="21.267365" lon="80.5564358">
      </trkpt>
      <trkpt lat="21.267291" lon="80.5567939">
      </trkpt>
      <trkpt lat="21.2672596" lon="80.5571934">
      </trkpt>
      <trkpt lat="21.2672853" lon="80.557517">
      </trkpt>
      <trkpt lat="21.2673509" lon="80.5578796">
      </trkpt>
      <trkpt lat="21.2674505" lon="80.5582454">
      </trkpt>
      <trkpt lat="21.2676215" lon="80.5586192">
      </trkpt>
      <trkpt lat="21.2678705" lon="80.5590163">
      </trkpt>
      <trkpt lat="21.2681282" lon="80.5593225">
      </trkpt>
      <trkpt lat="21.2684608" lon="80.5596008">
      </trkpt>
      <trkpt lat="21.2687066" lon="80.5597615">
      </trkpt>
      <trkpt lat="21.26936" lon="80.5601016">
      </trkpt>
      <trkpt lat="21.26974" lon="80.5603441">
      </trkpt>
      <trkpt lat="21.2700502" lon="80.5606196">
      </trkpt>
      <trkpt lat="21.2703303" lon="80.5609153">
      </trkpt>
      <trkpt lat="21.2705527" lon="80.5612695">
      </trkpt>
      <trkpt lat="21.2707365" lon="80.5616967">
      </trkpt>
      <trkpt lat="21.2708689" lon="80.5621624">
      </trkpt>
      <trkpt lat="21.2709201" lon="80.562471">
      </trkpt>
      <trkpt lat="21.2709946" lon="80.5631122">
      </trkpt>
      <trkpt lat="21.2710488" lon="80.563475">
      </trkpt>
      <trkpt lat="21.27114" lon="80.5638208">
      </trkpt>
      <trkpt lat="21.2712543" lon="80.5641302">
      </trkpt>
      <trkpt lat="21.2714024" lon="80.5644222">
      </trkpt>
      <trkpt lat="21.271593" lon="80.5647319">
      </trkpt>
      <trkpt lat="21.2718501" lon="80.565018">
      </trkpt>
      <trkpt lat="21.2720955" lon="80.5652407">
      </trkpt>
      <trkpt lat="21.2724012" lon="80.5654638">
      </trkpt>
      <trkpt lat="21.2727431" lon="80.5656194">
      </trkpt>
      <trkpt lat="21.2729893" lon="80.5657074">
      </trkpt>
      <trkpt lat="21.2733213" lon="80.5658045">
      </trkpt>
      <trkpt lat="21.2745993" lon="80.5661511">
      </trkpt>
      <trkpt lat="21.2749732" lon="80.566311">
      </trkpt>
      <trkpt lat="21.2752828" lon="80.5664803">
      </trkpt>
      <trkpt lat="21.2755676" lon="80.566695">
      </trkpt>
      <trkpt lat="21.275943" lon="80.5670461">
      </trkpt>
      <trkpt lat="21.2761883" lon="80.5674253">
      </trkpt>
      <trkpt lat="21.2763986" lon="80.567861">
      </trkpt>
      <trkpt lat="21.2764673" lon="80.568151">
      </trkpt>
      <trkpt lat="21.2765052" lon="80.5683469">
      </trkpt>
      <trkpt lat="21.2765403" lon="80.5687685">
      </trkpt>
      <trkpt lat="21.2765812" lon="80.569187">
      </trkpt>
      <trkpt lat="21.2765943" lon="80.5694393">
      </trkpt>
      <trkpt lat="21.2766221" lon="80.5699346">
      </trkpt>
      <trkpt lat="21.2766264" lon="80.5702935">
      </trkpt>
      <trkpt lat="21.2766191" lon="80.5706116">
      </trkpt>
      <trkpt lat="21.2765943" lon="80.5708796">
      </trkpt>
      <trkpt lat="21.2765461" lon="80.5713451">
      </trkpt>
      <trkpt lat="21.2764848" lon="80.5716805">
      </trkpt>
      <trkpt lat="21.2763811" lon="80.5720629">
      </trkpt>
      <trkpt lat="21.2757577" lon="80.5741168">
      </trkpt>
      <trkpt lat="21.2755008" lon="80.5750054">
      </trkpt>
      <trkpt lat="21.2754223" lon="80.5752625">
      </trkpt>
      <trkpt lat="21.275229" lon="80.575886">
      </trkpt>
      <trkpt lat="21.2751103" lon="80.5762111">
      </trkpt>
      <trkpt lat="21.2749419" lon="80.5765429">
      </trkpt>
      <trkpt lat="21.2746708" lon="80.5769923">
      </trkpt>
      <trkpt lat="21.2743759" lon="80.5773737">
      </trkpt>
      <trkpt lat="21.2741328" lon="80.577654">
      </trkpt>
      <trkpt lat="21.2738163" lon="80.5779783">
      </trkpt>
      <trkpt lat="21.2727766" lon="80.5789505">
      </trkpt>
      <trkpt lat="21.2723048" lon="80.5794015">
      </trkpt>
      <trkpt lat="21.2695882" lon="80.5819793">
      </trkpt>
      <trkpt lat="21.268676" lon="80.5828347">
      </trkpt>
      <trkpt lat="21.2670745" lon="80.584358">
      </trkpt>
      <trkpt lat="21.2655138" lon="80.5858348">
      </trkpt>
      <trkpt lat="21.2638942" lon="80.5873085">
      </trkpt>
      <trkpt lat="21.2631117" lon="80.5880365">
      </trkpt>
      <trkpt lat="21.2621256" lon="80.5890272">
      </trkpt>
      <trkpt lat="21.2618591" lon="80.5893198">
      </trkpt>
      <trkpt lat="21.2613345" lon="80.5899271">
      </trkpt>
      <trkpt lat="21.2610226" lon="80.5903571">
      </trkpt>
      <trkpt lat="21.2604711" lon="80.5911084">
      </trkpt>
      <trkpt lat="21.2599299" lon="80.5918177">
      </trkpt>
      <trkpt lat="21.2591511" lon="80.592855">
      </trkpt>
      <trkpt lat="21.2587359" lon="80.5934269">
      </trkpt>
      <trkpt lat="21.2579861" lon="80.594411">
      </trkpt>
      <trkpt lat="21.2575668" lon="80.5949917">
      </trkpt>
      <trkpt lat="21.2567694" lon="80.5959492">
      </trkpt>
      <trkpt lat="21.2565236" lon="80.5961974">
      </trkpt>
      <trkpt lat="21.2559525" lon="80.5967177">
      </trkpt>
      <trkpt lat="21.2552976" lon="80.5972518">
      </trkpt>
      <trkpt lat="21.2547606" lon="80.5976153">
      </trkpt>
      <trkpt lat="21.2541842" lon="80.5979766">
      </trkpt>
      <trkpt lat="21.2538165" lon="80.5981783">
      </trkpt>
      <trkpt lat="21.2534922" lon="80.5983246">
      </trkpt>
      <trkpt lat="21.2527692" lon="80.598646">
      </trkpt>
      <trkpt lat="21.2521371" lon="80.5988322">
      </trkpt>
      <trkpt lat="21.2509225" lon="80.5992067">
      </trkpt>
      <trkpt lat="21.2496747" lon="80.5995991">
      </trkpt>
      <trkpt lat="21.248522" lon="80.5999493">
      </trkpt>
      <trkpt lat="21.2475387" lon="80.6002884">
      </trkpt>
      <trkpt lat="21.2472433" lon="80.6004036">
      </trkpt>
      <trkpt lat="21.2465864" lon="80.6007139">
      </trkpt>
      <trkpt lat="21.2460679" lon="80.6009511">
      </trkpt>
      <trkpt lat="21.2453779" lon="80.6013634">
      </trkpt>
      <trkpt lat="21.2450742" lon="80.6015274">
      </trkpt>
      <trkpt lat="21.244376" lon="80.6019995">
      </trkpt>
      <trkpt lat="21.2438926" lon="80.6023253">
      </trkpt>
      <trkpt lat="21.2431881" lon="80.6028838">
      </trkpt>
      <trkpt lat="21.2427398" lon="80.6032274">
      </trkpt>
      <trkpt lat="21.2418453" lon="80.6040187">
      </trkpt>
      <trkpt lat="21.2414631" lon="80.6043135">
      </trkpt>
      <trkpt lat="21.2407029" lon="80.6049252">
      </trkpt>
      <trkpt lat="21.2405045" lon="80.6050848">
      </trkpt>
      <trkpt lat="21.2403331" lon="80.6052333">
      </trkpt>
      <trkpt lat="21.2400975" lon="80.6054328">
      </trkpt>
      <trkpt lat="21.2389551" lon="80.606357">
      </trkpt>
      <trkpt lat="21.2380048" lon="80.6071151">
      </trkpt>
      <trkpt lat="21.2369222" lon="80.6079795">
      </trkpt>
      <trkpt lat="21.2358004" lon="80.6088993">
      </trkpt>
      <trkpt lat="21.2348707" lon="80.609664">
      </trkpt>
      <trkpt lat="21.2335299" lon="80.6107456">
      </trkpt>
      <trkpt lat="21.2322779" lon="80.6117342">
      </trkpt>
      <trkpt lat="21.2309577" lon="80.6128136">
      </trkpt>
      <trkpt lat="21.2296768" lon="80.6138664">
      </trkpt>
      <trkpt lat="21.2286376" lon="80.6147441">
      </trkpt>
      <trkpt lat="21.2271851" lon="80.6158878">
      </trkpt>
      <trkpt lat="21.2259269" lon="80.6169163">
      </trkpt>
      <trkpt lat="21.2247451" lon="80.617876">
      </trkpt>
      <trkpt lat="21.2237574" lon="80.6186761">
      </trkpt>
      <trkpt lat="21.2227368" lon="80.6194896">
      </trkpt>
      <trkpt lat="21.2218297" lon="80.6202232">
      </trkpt>
      <trkpt lat="21.2206355" lon="80.6211497">
      </trkpt>
      <trkpt lat="21.2198565" lon="80.6218257">
      </trkpt>
      <trkpt lat="21.2194929" lon="80.6221914">
      </trkpt>
      <trkpt lat="21.2193111" lon="80.6224064">
      </trkpt>
      <trkpt lat="21.218902" lon="80.6230248">
      </trkpt>
      <trkpt lat="21.2187848" lon="80.6232486">
      </trkpt>
      <trkpt lat="21.2186768" lon="80.6234548">
      </trkpt>
      <trkpt lat="21.2184495" lon="80.6240732">
      </trkpt>
      <trkpt lat="21.2180197" lon="80.625423">
      </trkpt>
      <trkpt lat="21.2175068" lon="80.6273504">
      </trkpt>
      <trkpt lat="21.2172029" lon="80.629043">
      </trkpt>
      <trkpt lat="21.2165016" lon="80.6320741">
      </trkpt>
      <trkpt lat="21.2162153" lon="80.6333217">
      </trkpt>
      <trkpt lat="21.215777" lon="80.6351993">
      </trkpt>
      <trkpt lat="21.2154789" lon="80.6364123">
      </trkpt>
      <trkpt lat="21.2152364" lon="80.6372493">
      </trkpt>
      <trkpt lat="21.2150523" lon="80.6376944">
      </trkpt>
      <trkpt lat="21.2149172" lon="80.637954">
      </trkpt>
      <trkpt lat="21.2148757" lon="80.6380337">
      </trkpt>
      <trkpt lat="21.2146195" lon="80.6383639">
      </trkpt>
      <trkpt lat="21.214353" lon="80.6386875">
      </trkpt>
      <trkpt lat="21.214072" lon="80.6389734">
      </trkpt>
      <trkpt lat="21.2137042" lon="80.6392571">
      </trkpt>
      <trkpt lat="21.2129582" lon="80.6398024">
      </trkpt>
      <trkpt lat="21.2123507" lon="80.6402235">
      </trkpt>
      <trkpt lat="21.2112246" lon="80.6410569">
      </trkpt>
      <trkpt lat="21.2101253" lon="80.6418127">
      </trkpt>
      <trkpt lat="21.2096708" lon="80.6421607">
      </trkpt>
      <trkpt lat="21.2094249" lon="80.6423602">
      </trkpt>
      <trkpt lat="21.2092038" lon="80.6426328">
      </trkpt>
      <trkpt lat="21.2090281" lon="80.6428655">
      </trkpt>
      <trkpt lat="21.208712" lon="80.6433886">
      </trkpt>
      <trkpt lat="21.2085136" lon="80.6437942">
      </trkpt>
      <trkpt lat="21.2084248" lon="80.6440669">
      </trkpt>
      <trkpt lat="21.2083545" lon="80.644304">
      </trkpt>
      <trkpt lat="21.208278" lon="80.6446143">
      </trkpt>
      <trkpt lat="21.2081851" lon="80.645266">
      </trkpt>
      <trkpt lat="21.2080879" lon="80.6459952">
      </trkpt>
      <trkpt lat="21.2080197" lon="80.646341">
      </trkpt>
      <trkpt lat="21.2079082" lon="80.6468729">
      </trkpt>
      <trkpt lat="21.2078048" lon="80.6470901">
      </trkpt>
      <trkpt lat="21.2075899" lon="80.6475179">
      </trkpt>
      <trkpt lat="21.2074432" lon="80.6477285">
      </trkpt>
      <trkpt lat="21.2072697" lon="80.6479058">
      </trkpt>
      <trkpt lat="21.2069762" lon="80.6481718">
      </trkpt>
      <trkpt lat="21.2066436" lon="80.6484134">
      </trkpt>
      <trkpt lat="21.2063005" lon="80.648615">
      </trkpt>
      <trkpt lat="21.2059761" lon="80.6487347">
      </trkpt>
      <trkpt lat="21.205693" lon="80.6487968">
      </trkpt>
      <trkpt lat="21.2053459" lon="80.6488123">
      </trkpt>
      <trkpt lat="21.2049409" lon="80.6487857">
      </trkpt>
      <trkpt lat="21.2045937" lon="80.6487104">
      </trkpt>
      <trkpt lat="21.2041288" lon="80.6485862">
      </trkpt>
      <trkpt lat="21.2034551" lon="80.6484156">
      </trkpt>
      <trkpt lat="21.2031266" lon="80.6483579">
      </trkpt>
      <trkpt lat="21.2028373" lon="80.6483757">
      </trkpt>
      <trkpt lat="21.2023682" lon="80.648451">
      </trkpt>
      <trkpt lat="21.2021057" lon="80.6485397">
      </trkpt>
      <trkpt lat="21.2018888" lon="80.6486328">
      </trkpt>
      <trkpt lat="21.2015106" lon="80.6488433">
      </trkpt>
      <trkpt lat="21.2011159" lon="80.6491669">
      </trkpt>
      <trkpt lat="21.2009031" lon="80.649413">
      </trkpt>
      <trkpt lat="21.2007047" lon="80.6497011">
      </trkpt>
      <trkpt lat="21.2004278" lon="80.6501932">
      </trkpt>
      <trkpt lat="21.2001013" lon="80.6507185">
      </trkpt>
      <trkpt lat="21.1996632" lon="80.6514211">
      </trkpt>
      <trkpt lat="21.1993222" lon="80.6519907">
      </trkpt>
      <trkpt lat="21.19888" lon="80.6527199">
      </trkpt>
      <trkpt lat="21.198568" lon="80.6532364">
      </trkpt>
      <trkpt lat="21.1981505" lon="80.6539855">
      </trkpt>
      <trkpt lat="21.19801" lon="80.6543313">
      </trkpt>
      <trkpt lat="21.1979129" lon="80.6545995">
      </trkpt>
      <trkpt lat="21.197886" lon="80.6547702">
      </trkpt>
      <trkpt lat="21.1978488" lon="80.655096">
      </trkpt>
      <trkpt lat="21.1978261" lon="80.6555703">
      </trkpt>
      <trkpt lat="21.1978426" lon="80.6558806">
      </trkpt>
      <trkpt lat="21.1978592" lon="80.656499">
      </trkpt>
      <trkpt lat="21.1978364" lon="80.6567251">
      </trkpt>
      <trkpt lat="21.1978178" lon="80.6569622">
      </trkpt>
      <trkpt lat="21.1977682" lon="80.6571684">
      </trkpt>
      <trkpt lat="21.1977248" lon="80.6573767">
      </trkpt>
      <trkpt lat="21.1976587" lon="80.6575829">
      </trkpt>
      <trkpt lat="21.1975389" lon="80.65782">
      </trkpt>
      <trkpt lat="21.1973301" lon="80.6582256">
      </trkpt>
      <trkpt lat="21.1971276" lon="80.6584694">
      </trkpt>
      <trkpt lat="21.1968982" lon="80.6587199">
      </trkpt>
      <trkpt lat="21.1965263" lon="80.6590036">
      </trkpt>
      <trkpt lat="21.196113" lon="80.6592962">
      </trkpt>
      <trkpt lat="21.1955591" lon="80.659704">
      </trkpt>
      <trkpt lat="21.1953794" lon="80.6598769">
      </trkpt>
      <trkpt lat="21.1952285" lon="80.660052">
      </trkpt>
      <trkpt lat="21.1949413" lon="80.6604221">
      </trkpt>
      <trkpt lat="21.1947119" lon="80.6608654">
      </trkpt>
      <trkpt lat="21.1946209" lon="80.6611602">
      </trkpt>
      <trkpt lat="21.1944928" lon="80.6616855">
      </trkpt>
      <trkpt lat="21.1944246" lon="80.6621554">
      </trkpt>
      <trkpt lat="21.1943998" lon="80.662561">
      </trkpt>
      <trkpt lat="21.1942738" lon="80.6636427">
      </trkpt>
      <trkpt lat="21.1942324" lon="80.6646157">
      </trkpt>
      <trkpt lat="21.1942903" lon="80.665622">
      </trkpt>
      <trkpt lat="21.1943812" lon="80.6661694">
      </trkpt>
      <trkpt lat="21.1944453" lon="80.6664864">
      </trkpt>
      <trkpt lat="21.194592" lon="80.6671269">
      </trkpt>
      <trkpt lat="21.1948565" lon="80.667865">
      </trkpt>
      <trkpt lat="21.1951996" lon="80.6688137">
      </trkpt>
      <trkpt lat="21.1954496" lon="80.6695118">
      </trkpt>
      <trkpt lat="21.1961006" lon="80.6710634">
      </trkpt>
      <trkpt lat="21.196523" lon="80.6721688">
      </trkpt>
      <trkpt lat="21.1967019" lon="80.6726371">
      </trkpt>
      <trkpt lat="21.1967908" lon="80.6729518">
      </trkpt>
      <trkpt lat="21.1968693" lon="80.6732776">
      </trkpt>
      <trkpt lat="21.1969375" lon="80.6736234">
      </trkpt>
      <trkpt lat="21.196952" lon="80.6739559">
      </trkpt>
      <trkpt lat="21.1969478" lon="80.6743637">
      </trkpt>
      <trkpt lat="21.196921" lon="80.6747139">
      </trkpt>
      <trkpt lat="21.1968094" lon="80.6752126">
      </trkpt>
      <trkpt lat="21.1966193" lon="80.6757578">
      </trkpt>
      <trkpt lat="21.1964539" lon="80.6761435">
      </trkpt>
      <trkpt lat="21.1962866" lon="80.6764494">
      </trkpt>
      <trkpt lat="21.195865" lon="80.6770301">
      </trkpt>
      <trkpt lat="21.1954476" lon="80.6775886">
      </trkpt>
      <trkpt lat="21.1947325" lon="80.6785927">
      </trkpt>
      <trkpt lat="21.193877" lon="80.6797763">
      </trkpt>
      <trkpt lat="21.1929553" lon="80.6810485">
      </trkpt>
      <trkpt lat="21.1920398" lon="80.6823296">
      </trkpt>
      <trkpt lat="21.1912917" lon="80.6833802">
      </trkpt>
      <trkpt lat="21.1909673" lon="80.6838391">
      </trkpt>
      <trkpt lat="21.190494" lon="80.6844996">
      </trkpt>
      <trkpt lat="21.19012" lon="80.6850359">
      </trkpt>
      <trkpt lat="21.1893884" lon="80.6860245">
      </trkpt>
      <trkpt lat="21.1890619" lon="80.6864545">
      </trkpt>
      <trkpt lat="21.1885638" lon="80.6871793">
      </trkpt>
      <trkpt lat="21.1882455" lon="80.6876403">
      </trkpt>
      <trkpt lat="21.1875677" lon="80.6885158">
      </trkpt>
      <trkpt lat="21.1872598" lon="80.688917">
      </trkpt>
      <trkpt lat="21.1865592" lon="80.6898922">
      </trkpt>
      <trkpt lat="21.1862616" lon="80.6903">
      </trkpt>
      <trkpt lat="21.1851055" lon="80.6916011">
      </trkpt>
      <trkpt lat="21.1838955" lon="80.6932311">
      </trkpt>
      <trkpt lat="21.1830654" lon="80.6944097">
      </trkpt>
      <trkpt lat="21.1816274" lon="80.6965788">
      </trkpt>
      <trkpt lat="21.1810566" lon="80.6974802">
      </trkpt>
      <trkpt lat="21.1804223" lon="80.6984394">
      </trkpt>
      <trkpt lat="21.1800044" lon="80.6990161">
      </trkpt>
      <trkpt lat="21.1789858" lon="80.7004874">
      </trkpt>
      <trkpt lat="21.1781777" lon="80.7016">
      </trkpt>
      <trkpt lat="21.1778118" lon="80.7020965">
      </trkpt>
      <trkpt lat="21.1770492" lon="80.7031604">
      </trkpt>
      <trkpt lat="21.1766668" lon="80.7036968">
      </trkpt>
      <trkpt lat="21.1757368" lon="80.7049602">
      </trkpt>
      <trkpt lat="21.1749514" lon="80.7060928">
      </trkpt>
      <trkpt lat="21.1746806" lon="80.706474">
      </trkpt>
      <trkpt lat="21.1741185" lon="80.707467">
      </trkpt>
      <trkpt lat="21.1737031" lon="80.7083569">
      </trkpt>
      <trkpt lat="21.1732318" lon="80.7094618">
      </trkpt>
      <trkpt lat="21.172959" lon="80.7102243">
      </trkpt>
      <trkpt lat="21.172742" lon="80.7110222">
      </trkpt>
      <trkpt lat="21.1725663" lon="80.7118866">
      </trkpt>
      <trkpt lat="21.1724691" lon="80.7123698">
      </trkpt>
      <trkpt lat="21.1723431" lon="80.7133938">
      </trkpt>
      <trkpt lat="21.1722418" lon="80.7144489">
      </trkpt>
      <trkpt lat="21.1721343" lon="80.7154773">
      </trkpt>
      <trkpt lat="21.1720454" lon="80.7164038">
      </trkpt>
      <trkpt lat="21.1719359" lon="80.717532">
      </trkpt>
      <trkpt lat="21.171876" lon="80.7181747">
      </trkpt>
      <trkpt lat="21.1717685" lon="80.7192741">
      </trkpt>
      <trkpt lat="21.1716996" lon="80.7200148">
      </trkpt>
      <trkpt lat="21.1716445" lon="80.7205486">
      </trkpt>
      <trkpt lat="21.171568" lon="80.7211537">
      </trkpt>
      <trkpt lat="21.1715453" lon="80.7216391">
      </trkpt>
      <trkpt lat="21.1715556" lon="80.7220314">
      </trkpt>
      <trkpt lat="21.1716114" lon="80.7226099">
      </trkpt>
      <trkpt lat="21.1716879" lon="80.7230931">
      </trkpt>
      <trkpt lat="21.1717995" lon="80.7234499">
      </trkpt>
      <trkpt lat="21.1719504" lon="80.7238378">
      </trkpt>
      <trkpt lat="21.1721529" lon="80.7242589">
      </trkpt>
      <trkpt lat="21.1723761" lon="80.7246512">
      </trkpt>
      <trkpt lat="21.1726738" lon="80.725048">
      </trkpt>
      <trkpt lat="21.1729817" lon="80.7254381">
      </trkpt>
      <trkpt lat="21.1731801" lon="80.7256243">
      </trkpt>
      <trkpt lat="21.1733971" lon="80.7258459">
      </trkpt>
      <trkpt lat="21.1736038" lon="80.726072">
      </trkpt>
      <trkpt lat="21.1743458" lon="80.7268433">
      </trkpt>
      <trkpt lat="21.175247" lon="80.7277676">
      </trkpt>
      <trkpt lat="21.1756458" lon="80.7282109">
      </trkpt>
      <trkpt lat="21.1762059" lon="80.7289024">
      </trkpt>
      <trkpt lat="21.1765594" lon="80.7293922">
      </trkpt>
      <trkpt lat="21.1768219" lon="80.7298289">
      </trkpt>
      <trkpt lat="21.1771009" lon="80.7302611">
      </trkpt>
      <trkpt lat="21.1774667" lon="80.7309548">
      </trkpt>
      <trkpt lat="21.1778036" lon="80.7316552">
      </trkpt>
      <trkpt lat="21.1780847" lon="80.732298">
      </trkpt>
      <trkpt lat="21.1785063" lon="80.7332378">
      </trkpt>
      <trkpt lat="21.1790622" lon="80.7345499">
      </trkpt>
      <trkpt lat="21.1793826" lon="80.735339">
      </trkpt>
      <trkpt lat="21.1800625" lon="80.7368728">
      </trkpt>
      <trkpt lat="21.1808169" lon="80.7386836">
      </trkpt>
      <trkpt lat="21.1815919" lon="80.7404923">
      </trkpt>
      <trkpt lat="21.1822884" lon="80.7421524">
      </trkpt>
      <trkpt lat="21.1829621" lon="80.7436884">
      </trkpt>
      <trkpt lat="21.1836255" lon="80.7452776">
      </trkpt>
      <trkpt lat="21.184229" lon="80.7466829">
      </trkpt>
      <trkpt lat="21.1847891" lon="80.7479906">
      </trkpt>
      <trkpt lat="21.1853822" lon="80.7494379">
      </trkpt>
      <trkpt lat="21.185529" lon="80.7499255">
      </trkpt>
      <trkpt lat="21.185593" lon="80.7502248">
      </trkpt>
      <trkpt lat="21.1856778" lon="80.7506947">
      </trkpt>
      <trkpt lat="21.1857191" lon="80.7511557">
      </trkpt>
      <trkpt lat="21.1857191" lon="80.7516721">
      </trkpt>
      <trkpt lat="21.1857129" lon="80.7520245">
      </trkpt>
      <trkpt lat="21.1856798" lon="80.7526873">
      </trkpt>
      <trkpt lat="21.1856772" lon="80.7529315">
      </trkpt>
      <trkpt lat="21.1856716" lon="80.7534719">
      </trkpt>
      <trkpt lat="21.185655" lon="80.753975">
      </trkpt>
      <trkpt lat="21.185624" lon="80.755163">
      </trkpt>
      <trkpt lat="21.1853656" lon="80.7611156">
      </trkpt>
      <trkpt lat="21.1853036" lon="80.7630439">
      </trkpt>
      <trkpt lat="21.1852271" lon="80.7641012">
      </trkpt>
      <trkpt lat="21.1852126" lon="80.7645179">
      </trkpt>
      <trkpt lat="21.1852147" lon="80.7650543">
      </trkpt>
      <trkpt lat="21.1851961" lon="80.7662357">
      </trkpt>
      <trkpt lat="21.1851589" lon="80.7671954">
      </trkpt>
      <trkpt lat="21.1849834" lon="80.7742752">
      </trkpt>
      <trkpt lat="21.1849752" lon="80.7755031">
      </trkpt>
      <trkpt lat="21.1849421" lon="80.7763055">
      </trkpt>
      <trkpt lat="21.1848946" lon="80.7775356">
      </trkpt>
      <trkpt lat="21.1848677" lon="80.7782892">
      </trkpt>
      <trkpt lat="21.1848202" lon="80.779792">
      </trkpt>
      <trkpt lat="21.1848078" lon="80.7803217">
      </trkpt>
      <trkpt lat="21.1847375" lon="80.7817513">
      </trkpt>
      <trkpt lat="21.1846941" lon="80.7825116">
      </trkpt>
      <trkpt lat="21.1846652" lon="80.7840808">
      </trkpt>
      <trkpt lat="21.184619" lon="80.7853251">
      </trkpt>
      <trkpt lat="21.1846094" lon="80.7856346">
      </trkpt>
      <trkpt lat="21.1845288" lon="80.7873678">
      </trkpt>
      <trkpt lat="21.184504" lon="80.7888817">
      </trkpt>
      <trkpt lat="21.1844916" lon="80.7893959">
      </trkpt>
      <trkpt lat="21.1844544" lon="80.7906526">
      </trkpt>
      <trkpt lat="21.1844296" lon="80.7914328">
      </trkpt>
      <trkpt lat="21.1843738" lon="80.7928846">
      </trkpt>
      <trkpt lat="21.1843614" lon="80.7933944">
      </trkpt>
      <trkpt lat="21.1842994" lon="80.7949548">
      </trkpt>
      <trkpt lat="21.1842828" lon="80.7955488">
      </trkpt>
      <trkpt lat="21.1842353" lon="80.7970671">
      </trkpt>
      <trkpt lat="21.1842146" lon="80.7976744">
      </trkpt>
      <trkpt lat="21.184165" lon="80.7993323">
      </trkpt>
      <trkpt lat="21.1840927" lon="80.8014645">
      </trkpt>
      <trkpt lat="21.1840534" lon="80.8027789">
      </trkpt>
      <trkpt lat="21.184041" lon="80.8031956">
      </trkpt>
      <trkpt lat="21.1840307" lon="80.8036633">
      </trkpt>
      <trkpt lat="21.1839935" lon="80.8049089">
      </trkpt>
      <trkpt lat="21.1839563" lon="80.8057667">
      </trkpt>
      <trkpt lat="21.1838902" lon="80.8076152">
      </trkpt>
      <trkpt lat="21.1838385" lon="80.8092133">
      </trkpt>
      <trkpt lat="21.1837868" lon="80.8097452">
      </trkpt>
      <trkpt lat="21.1837248" lon="80.8104634">
      </trkpt>
      <trkpt lat="21.1836029" lon="80.8111571">
      </trkpt>
      <trkpt lat="21.1835709" lon="80.8113247">
      </trkpt>
      <trkpt lat="21.1834913" lon="80.8117334">
      </trkpt>
      <trkpt lat="21.1832205" lon="80.8128106">
      </trkpt>
      <trkpt lat="21.1830407" lon="80.8134379">
      </trkpt>
      <trkpt lat="21.1828754" lon="80.8138945">
      </trkpt>
      <trkpt lat="21.1826005" lon="80.8146348">
      </trkpt>
      <trkpt lat="21.1822616" lon="80.8153928">
      </trkpt>
      <trkpt lat="21.1807054" lon="80.8188261">
      </trkpt>
      <trkpt lat="21.1799138" lon="80.8205704">
      </trkpt>
      <trkpt lat="21.1793434" lon="80.8217585">
      </trkpt>
      <trkpt lat="21.178993" lon="80.8225257">
      </trkpt>
      <trkpt lat="21.1785642" lon="80.8234873">
      </trkpt>
      <trkpt lat="21.1782852" lon="80.8241101">
      </trkpt>
      <trkpt lat="21.1777954" lon="80.8251496">
      </trkpt>
      <trkpt lat="21.1772125" lon="80.8264241">
      </trkpt>
      <trkpt lat="21.1767909" lon="80.8273373">
      </trkpt>
      <trkpt lat="21.1762928" lon="80.8284034">
      </trkpt>
      <trkpt lat="21.1760159" lon="80.8290506">
      </trkpt>
      <trkpt lat="21.1752309" lon="80.8307273">
      </trkpt>
      <trkpt lat="21.1746259" lon="80.8320846">
      </trkpt>
      <trkpt lat="21.1736672" lon="80.8341252">
      </trkpt>
      <trkpt lat="21.1729229" lon="80.8357358">
      </trkpt>
      <trkpt lat="21.172087" lon="80.8375743">
      </trkpt>
      <trkpt lat="21.1711105" lon="80.8396391">
      </trkpt>
      <trkpt lat="21.1704239" lon="80.8411025">
      </trkpt>
      <trkpt lat="21.1695326" lon="80.8430255">
      </trkpt>
      <trkpt lat="21.1687415" lon="80.8447451">
      </trkpt>
      <trkpt lat="21.1677883" lon="80.8468236">
      </trkpt>
      <trkpt lat="21.1672531" lon="80.8481955">
      </trkpt>
      <trkpt lat="21.1665281" lon="80.8500706">
      </trkpt>
      <trkpt lat="21.1659631" lon="80.8515271">
      </trkpt>
      <trkpt lat="21.1656795" lon="80.8522474">
      </trkpt>
      <trkpt lat="21.1651144" lon="80.8537108">
      </trkpt>
      <trkpt lat="21.1644811" lon="80.855332">
      </trkpt>
      <trkpt lat="21.1637463" lon="80.8572161">
      </trkpt>
      <trkpt lat="21.1632381" lon="80.8585338">
      </trkpt>
      <trkpt lat="21.1627556" lon="80.8597384">
      </trkpt>
      <trkpt lat="21.1623003" lon="80.8609236">
      </trkpt>
      <trkpt lat="21.161679" lon="80.8624693">
      </trkpt>
      <trkpt lat="21.1612116" lon="80.8636561">
      </trkpt>
      <trkpt lat="21.1607909" lon="80.8647701">
      </trkpt>
      <trkpt lat="21.1604079" lon="80.8657596">
      </trkpt>
      <trkpt lat="21.1598545" lon="80.8671696">
      </trkpt>
      <trkpt lat="21.1594474" lon="80.8682221">
      </trkpt>
      <trkpt lat="21.1590162" lon="80.8693459">
      </trkpt>
      <trkpt lat="21.1584598" lon="80.8707445">
      </trkpt>
      <trkpt lat="21.1580376" lon="80.8718488">
      </trkpt>
      <trkpt lat="21.1575083" lon="80.873034">
      </trkpt>
      <trkpt lat="21.1571223" lon="80.8737971">
      </trkpt>
      <trkpt lat="21.1569241" lon="80.8742163">
      </trkpt>
      <trkpt lat="21.1567927" lon="80.8744942">
      </trkpt>
      <trkpt lat="21.1563744" lon="80.875296">
      </trkpt>
      <trkpt lat="21.1561527" lon="80.875684">
      </trkpt>
      <trkpt lat="21.1558376" lon="80.8760947">
      </trkpt>
      <trkpt lat="21.1555209" lon="80.8764391">
      </trkpt>
      <trkpt lat="21.1548861" lon="80.8770567">
      </trkpt>
      <trkpt lat="21.154019" lon="80.8778587">
      </trkpt>
      <trkpt lat="21.1530796" lon="80.8787367">
      </trkpt>
      <trkpt lat="21.1521944" lon="80.8796518">
      </trkpt>
      <trkpt lat="21.1514073" lon="80.8804441">
      </trkpt>
      <trkpt lat="21.1506231" lon="80.8811943">
      </trkpt>
      <trkpt lat="21.1498842" lon="80.8818977">
      </trkpt>
      <trkpt lat="21.1491861" lon="80.8825848">
      </trkpt>
      <trkpt lat="21.1483582" lon="80.883369">
      </trkpt>
      <trkpt lat="21.1476298" lon="80.8840627">
      </trkpt>
      <trkpt lat="21.1468653" lon="80.8847967">
      </trkpt>
      <trkpt lat="21.1459967" lon="80.8856068">
      </trkpt>
      <trkpt lat="21.1451718" lon="80.8863699">
      </trkpt>
      <trkpt lat="21.1444298" lon="80.8870717">
      </trkpt>
      <trkpt lat="21.1436004" lon="80.8878575">
      </trkpt>
      <trkpt lat="21.1428856" lon="80.8885317">
      </trkpt>
      <trkpt lat="21.1420562" lon="80.8893353">
      </trkpt>
      <trkpt lat="21.1411891" lon="80.8901308">
      </trkpt>
      <trkpt lat="21.1405271" lon="80.8907484">
      </trkpt>
      <trkpt lat="21.1397052" lon="80.8915342">
      </trkpt>
      <trkpt lat="21.1389119" lon="80.8922829">
      </trkpt>
      <trkpt lat="21.1380749" lon="80.8930832">
      </trkpt>
      <trkpt lat="21.1371656" lon="80.8939531">
      </trkpt>
      <trkpt lat="21.1364658" lon="80.8946063">
      </trkpt>
      <trkpt lat="21.1358354" lon="80.8952094">
      </trkpt>
      <trkpt lat="21.1351574" lon="80.8958602">
      </trkpt>
      <trkpt lat="21.134362" lon="80.8965967">
      </trkpt>
      <trkpt lat="21.1336004" lon="80.8973129">
      </trkpt>
      <trkpt lat="21.1327423" lon="80.8981182">
      </trkpt>
      <trkpt lat="21.1319897" lon="80.8988199">
      </trkpt>
      <trkpt lat="21.1311919" lon="80.8995847">
      </trkpt>
      <trkpt lat="21.1304242" lon="80.9003236">
      </trkpt>
      <trkpt lat="21.1301784" lon="80.9005887">
      </trkpt>
      <trkpt lat="21.1297863" lon="80.9010528">
      </trkpt>
      <trkpt lat="21.1294681" lon="80.9014942">
      </trkpt>
      <trkpt lat="21.1290382" lon="80.9022153">
      </trkpt>
      <trkpt lat="21.1288392" lon="80.9026034">
      </trkpt>
      <trkpt lat="21.1286748" lon="80.9030076">
      </trkpt>
      <trkpt lat="21.1284365" lon="80.9036074">
      </trkpt>
      <trkpt lat="21.1283098" lon="80.9040488">
      </trkpt>
      <trkpt lat="21.1282178" lon="80.9044256">
      </trkpt>
      <trkpt lat="21.1281017" lon="80.9049575">
      </trkpt>
      <trkpt lat="21.1280428" lon="80.9055024">
      </trkpt>
      <trkpt lat="21.1280036" lon="80.9059147">
      </trkpt>
      <trkpt lat="21.127984" lon="80.9064806">
      </trkpt>
      <trkpt lat="21.1280021" lon="80.9070223">
      </trkpt>
      <trkpt lat="21.1280398" lon="80.9074055">
      </trkpt>
      <trkpt lat="21.1281258" lon="80.9079714">
      </trkpt>
      <trkpt lat="21.1282072" lon="80.9084015">
      </trkpt>
      <trkpt lat="21.1283309" lon="80.9089059">
      </trkpt>
      <trkpt lat="21.1284983" lon="80.9095236">
      </trkpt>
      <trkpt lat="21.1287577" lon="80.9104096">
      </trkpt>
      <trkpt lat="21.1289085" lon="80.9109626">
      </trkpt>
      <trkpt lat="21.129091" lon="80.9116401">
      </trkpt>
      <trkpt lat="21.1292418" lon="80.9121785">
      </trkpt>
      <trkpt lat="21.1293368" lon="80.9125116">
      </trkpt>
      <trkpt lat="21.1296626" lon="80.9136224">
      </trkpt>
      <trkpt lat="21.1299823" lon="80.9148172">
      </trkpt>
      <trkpt lat="21.1300849" lon="80.9152069">
      </trkpt>
      <trkpt lat="21.1302598" lon="80.9158229">
      </trkpt>
      <trkpt lat="21.1303609" lon="80.9162385">
      </trkpt>
      <trkpt lat="21.1305027" lon="80.9170032">
      </trkpt>
      <trkpt lat="21.1305449" lon="80.9173994">
      </trkpt>
      <trkpt lat="21.1305977" lon="80.9180283">
      </trkpt>
      <trkpt lat="21.1306007" lon="80.9184697">
      </trkpt>
      <trkpt lat="21.1305992" lon="80.9186622">
      </trkpt>
      <trkpt lat="21.1305208" lon="80.9194771">
      </trkpt>
      <trkpt lat="21.130465" lon="80.9198489">
      </trkpt>
      <trkpt lat="21.1302725" lon="80.9214452">
      </trkpt>
      <trkpt lat="21.1300912" lon="80.9229269">
      </trkpt>
      <trkpt lat="21.1300699" lon="80.9230984">
      </trkpt>
      <trkpt lat="21.1298267" lon="80.9249048">
      </trkpt>
      <trkpt lat="21.1296455" lon="80.9264414">
      </trkpt>
      <trkpt lat="21.1294407" lon="80.9281038">
      </trkpt>
      <trkpt lat="21.1292402" lon="80.9297684">
      </trkpt>
      <trkpt lat="21.1291342" lon="80.930609">
      </trkpt>
      <trkpt lat="21.1290129" lon="80.9313285">
      </trkpt>
      <trkpt lat="21.1289245" lon="80.9317143">
      </trkpt>
      <trkpt lat="21.128788" lon="80.9322013">
      </trkpt>
      <trkpt lat="21.1284191" lon="80.933132">
      </trkpt>
      <trkpt lat="21.1280799" lon="80.9339049">
      </trkpt>
      <trkpt lat="21.1270989" lon="80.9359547">
      </trkpt>
      <trkpt lat="21.126461" lon="80.937209">
      </trkpt>
      <trkpt lat="21.1248348" lon="80.9405878">
      </trkpt>
      <trkpt lat="21.1241077" lon="80.9420859">
      </trkpt>
      <trkpt lat="21.1233697" lon="80.9435865">
      </trkpt>
      <trkpt lat="21.122887" lon="80.9445794">
      </trkpt>
      <trkpt lat="21.1213103" lon="80.9477952">
      </trkpt>
      <trkpt lat="21.1193058" lon="80.9518878">
      </trkpt>
      <trkpt lat="21.1118819" lon="80.9671392">
      </trkpt>
      <trkpt lat="21.1107297" lon="80.9694613">
      </trkpt>
      <trkpt lat="21.1104501" lon="80.9700675">
      </trkpt>
      <trkpt lat="21.1102579" lon="80.9705536">
      </trkpt>
      <trkpt lat="21.1100967" lon="80.9710173">
      </trkpt>
      <trkpt lat="21.1099663" lon="80.9715236">
      </trkpt>
      <trkpt lat="21.1098604" lon="80.9719977">
      </trkpt>
      <trkpt lat="21.1097691" lon="80.9725245">
      </trkpt>
      <trkpt lat="21.1096872" lon="80.9731231">
      </trkpt>
      <trkpt lat="21.1090445" lon="80.9782887">
      </trkpt>
      <trkpt lat="21.10903" lon="80.9784013">
      </trkpt>
      <trkpt lat="21.1036512" lon="81.0222288">
      </trkpt>
      <trkpt lat="21.1035048" lon="81.0236587">
      </trkpt>
      <trkpt lat="21.1034814" lon="81.0243904">
      </trkpt>
      <trkpt lat="21.1034686" lon="81.0257441">
      </trkpt>
      <trkpt lat="21.1034643" lon="81.0266221">
      </trkpt>
      <trkpt lat="21.1034472" lon="81.0279141">
      </trkpt>
      <trkpt lat="21.1034472" lon="81.02852">
      </trkpt>
      <trkpt lat="21.1034369" lon="81.028887">
      </trkpt>
      <trkpt lat="21.1034124" lon="81.0292881">
      </trkpt>
      <trkpt lat="21.1033485" lon="81.0297407">
      </trkpt>
      <trkpt lat="21.1032712" lon="81.0301779">
      </trkpt>
      <trkpt lat="21.1031586" lon="81.0307005">
      </trkpt>
      <trkpt lat="21.1026357" lon="81.0327001">
      </trkpt>
      <trkpt lat="21.1021812" lon="81.0343351">
      </trkpt>
      <trkpt lat="21.1015346" lon="81.0367737">
      </trkpt>
      <trkpt lat="21.1012508" lon="81.0378034">
      </trkpt>
      <trkpt lat="21.1005562" lon="81.0403742">
      </trkpt>
      <trkpt lat="21.1004786" lon="81.0406843">
      </trkpt>
      <trkpt lat="21.1003774" lon="81.0411889">
      </trkpt>
      <trkpt lat="21.1003159" lon="81.0416043">
      </trkpt>
      <trkpt lat="21.1002619" lon="81.0420434">
      </trkpt>
      <trkpt lat="21.1002399" lon="81.0424261">
      </trkpt>
      <trkpt lat="21.1002365" lon="81.0426128">
      </trkpt>
      <trkpt lat="21.1002337" lon="81.0427624">
      </trkpt>
      <trkpt lat="21.1002519" lon="81.0434505">
      </trkpt>
      <trkpt lat="21.1003217" lon="81.0440738">
      </trkpt>
      <trkpt lat="21.1004342" lon="81.0447053">
      </trkpt>
      <trkpt lat="21.1005982" lon="81.0452943">
      </trkpt>
      <trkpt lat="21.1007963" lon="81.045826">
      </trkpt>
      <trkpt lat="21.1010402" lon="81.0464284">
      </trkpt>
      <trkpt lat="21.1012211" lon="81.0468156">
      </trkpt>
      <trkpt lat="21.1015057" lon="81.0473195">
      </trkpt>
      <trkpt lat="21.1018554" lon="81.047888">
      </trkpt>
      <trkpt lat="21.1061595" lon="81.0543957">
      </trkpt>
      <trkpt lat="21.1069197" lon="81.0555486">
      </trkpt>
      <trkpt lat="21.1072824" lon="81.0562003">
      </trkpt>
      <trkpt lat="21.1087164" lon="81.0583596">
      </trkpt>
      <trkpt lat="21.1091026" lon="81.0589588">
      </trkpt>
      <trkpt lat="21.1094163" lon="81.0595498">
      </trkpt>
      <trkpt lat="21.1096585" lon="81.0601394">
      </trkpt>
      <trkpt lat="21.1099045" lon="81.0608097">
      </trkpt>
      <trkpt lat="21.1100814" lon="81.0612875">
      </trkpt>
      <trkpt lat="21.1102573" lon="81.061817">
      </trkpt>
      <trkpt lat="21.1111532" lon="81.0645572">
      </trkpt>
      <trkpt lat="21.1113816" lon="81.0652143">
      </trkpt>
      <trkpt lat="21.1116727" lon="81.0659214">
      </trkpt>
      <trkpt lat="21.1121206" lon="81.0668625">
      </trkpt>
      <trkpt lat="21.1128139" lon="81.0680794">
      </trkpt>
      <trkpt lat="21.1134164" lon="81.0689775">
      </trkpt>
      <trkpt lat="21.1139262" lon="81.0696218">
      </trkpt>
      <trkpt lat="21.114569" lon="81.0703835">
      </trkpt>
      <trkpt lat="21.1165068" lon="81.0724394">
      </trkpt>
      <trkpt lat="21.1370805" lon="81.0952235">
      </trkpt>
      <trkpt lat="21.1372438" lon="81.0953956">
      </trkpt>
      <trkpt lat="21.1383207" lon="81.0965919">
      </trkpt>
      <trkpt lat="21.1441717" lon="81.1030518">
      </trkpt>
      <trkpt lat="21.1450577" lon="81.1040266">
      </trkpt>
      <trkpt lat="21.1452084" lon="81.1041932">
      </trkpt>
      <trkpt lat="21.14549" lon="81.1045019">
      </trkpt>
      <trkpt lat="21.1466094" lon="81.1057336">
      </trkpt>
      <trkpt lat="21.1472848" lon="81.1064922">
      </trkpt>
      <trkpt lat="21.158793" lon="81.119207">
      </trkpt>
      <trkpt lat="21.1764234" lon="81.1386457">
      </trkpt>
      <trkpt lat="21.1771146" lon="81.1394221">
      </trkpt>
      <trkpt lat="21.1786269" lon="81.1411022">
      </trkpt>
      <trkpt lat="21.1787819" lon="81.1412752">
      </trkpt>
      <trkpt lat="21.1798019" lon="81.1424064">
      </trkpt>
      <trkpt lat="21.1802437" lon="81.1429369">
      </trkpt>
      <trkpt lat="21.1805975" lon="81.1433829">
      </trkpt>
      <trkpt lat="21.1807579" lon="81.1436019">
      </trkpt>
      <trkpt lat="21.1810961" lon="81.1440928">
      </trkpt>
      <trkpt lat="21.1813291" lon="81.1444593">
      </trkpt>
      <trkpt lat="21.1818051" lon="81.1452533">
      </trkpt>
      <trkpt lat="21.1821981" lon="81.1459893">
      </trkpt>
      <trkpt lat="21.1825542" lon="81.1467344">
      </trkpt>
      <trkpt lat="21.1827509" lon="81.1471981">
      </trkpt>
      <trkpt lat="21.1829393" lon="81.1476674">
      </trkpt>
      <trkpt lat="21.1842748" lon="81.1514835">
      </trkpt>
      <trkpt lat="21.1845562" lon="81.1522877">
      </trkpt>
      <trkpt lat="21.1846964" lon="81.1526626">
      </trkpt>
      <trkpt lat="21.1862214" lon="81.1570001">
      </trkpt>
      <trkpt lat="21.1928415" lon="81.1758716">
      </trkpt>
      <trkpt lat="21.1928948" lon="81.1760217">
      </trkpt>
      <trkpt lat="21.1952599" lon="81.1827731">
      </trkpt>
      <trkpt lat="21.19876" lon="81.1927713">
      </trkpt>
      <trkpt lat="21.1988425" lon="81.192988">
      </trkpt>
      <trkpt lat="21.1995846" lon="81.1950904">
      </trkpt>
      <trkpt lat="21.1998564" lon="81.1958736">
      </trkpt>
      <trkpt lat="21.200018" lon="81.196416">
      </trkpt>
      <trkpt lat="21.2002001" lon="81.197067">
      </trkpt>
      <trkpt lat="21.203983" lon="81.213268">
      </trkpt>
      <trkpt lat="21.2040729" lon="81.2136465">
      </trkpt>
      <trkpt lat="21.2046286" lon="81.2160613">
      </trkpt>
      <trkpt lat="21.204763" lon="81.2167585">
      </trkpt>
      <trkpt lat="21.204879" lon="81.2175035">
      </trkpt>
      <trkpt lat="21.2049687" lon="81.218249">
      </trkpt>
      <trkpt lat="21.2050456" lon="81.2190195">
      </trkpt>
      <trkpt lat="21.2050738" lon="81.219653">
      </trkpt>
      <trkpt lat="21.2050719" lon="81.2202555">
      </trkpt>
      <trkpt lat="21.2050537" lon="81.2208502">
      </trkpt>
      <trkpt lat="21.2049932" lon="81.221787">
      </trkpt>
      <trkpt lat="21.2048938" lon="81.2225141">
      </trkpt>
      <trkpt lat="21.2047974" lon="81.2232365">
      </trkpt>
      <trkpt lat="21.2046679" lon="81.223876">
      </trkpt>
      <trkpt lat="21.2045706" lon="81.2243298">
      </trkpt>
      <trkpt lat="21.2044684" lon="81.2247233">
      </trkpt>
      <trkpt lat="21.2034403" lon="81.2284604">
      </trkpt>
      <trkpt lat="21.2015678" lon="81.2352724">
      </trkpt>
      <trkpt lat="21.2006424" lon="81.2385576">
      </trkpt>
      <trkpt lat="21.1997377" lon="81.2418228">
      </trkpt>
      <trkpt lat="21.1995364" lon="81.2426676">
      </trkpt>
      <trkpt lat="21.1993731" lon="81.2435526">
      </trkpt>
      <trkpt lat="21.1992356" lon="81.244536">
      </trkpt>
      <trkpt lat="21.1991989" lon="81.2451228">
      </trkpt>
      <trkpt lat="21.1991542" lon="81.2459086">
      </trkpt>
      <trkpt lat="21.1991786" lon="81.2467344">
      </trkpt>
      <trkpt lat="21.1992542" lon="81.2479466">
      </trkpt>
      <trkpt lat="21.199389" lon="81.2489563">
      </trkpt>
      <trkpt lat="21.1995531" lon="81.2498909">
      </trkpt>
      <trkpt lat="21.199744" lon="81.2507392">
      </trkpt>
      <trkpt lat="21.2003605" lon="81.2534461">
      </trkpt>
      <trkpt lat="21.2021102" lon="81.2609021">
      </trkpt>
      <trkpt lat="21.2020894" lon="81.260951">
      </trkpt>
      <trkpt lat="21.2049723" lon="81.2734597">
      </trkpt>
      <trkpt lat="21.2051321" lon="81.2741068">
      </trkpt>
      <trkpt lat="21.2052287" lon="81.2746159">
      </trkpt>
      <trkpt lat="21.2053292" lon="81.2753405">
      </trkpt>
      <trkpt lat="21.2053855" lon="81.2759894">
      </trkpt>
      <trkpt lat="21.2053804" lon="81.2765061">
      </trkpt>
      <trkpt lat="21.205345" lon="81.2770961">
      </trkpt>
      <trkpt lat="21.2052651" lon="81.2776869">
      </trkpt>
      <trkpt lat="21.2051459" lon="81.2782369">
      </trkpt>
      <trkpt lat="21.2049928" lon="81.2787816">
      </trkpt>
      <trkpt lat="21.2048235" lon="81.2793169">
      </trkpt>
      <trkpt lat="21.20332" lon="81.2834853">
      </trkpt>
      <trkpt lat="21.2031503" lon="81.2839155">
      </trkpt>
      <trkpt lat="21.2025831" lon="81.2853057">
      </trkpt>
      <trkpt lat="21.2023989" lon="81.2857829">
      </trkpt>
      <trkpt lat="21.201795" lon="81.2874507">
      </trkpt>
      <trkpt lat="21.2015276" lon="81.2881917">
      </trkpt>
      <trkpt lat="21.2013934" lon="81.2885236">
      </trkpt>
      <trkpt lat="21.2011184" lon="81.2891577">
      </trkpt>
      <trkpt lat="21.2009935" lon="81.2894698">
      </trkpt>
      <trkpt lat="21.2002087" lon="81.2916287">
      </trkpt>
      <trkpt lat="21.2003171" lon="81.2916802">
      </trkpt>
      <trkpt lat="21.1992109" lon="81.2947541">
      </trkpt>
      <trkpt lat="21.1982184" lon="81.2974936">
      </trkpt>
      <trkpt lat="21.1979472" lon="81.2982455">
      </trkpt>
      <trkpt lat="21.1977839" lon="81.2986981">
      </trkpt>
      <trkpt lat="21.1968558" lon="81.3014124">
      </trkpt>
      <trkpt lat="21.1966276" lon="81.3019984">
      </trkpt>
      <trkpt lat="21.1962218" lon="81.3031362">
      </trkpt>
      <trkpt lat="21.1960509" lon="81.3037196">
      </trkpt>
      <trkpt lat="21.1959013" lon="81.3044081">
      </trkpt>
      <trkpt lat="21.1958002" lon="81.3050231">
      </trkpt>
      <trkpt lat="21.1957501" lon="81.3055859">
      </trkpt>
      <trkpt lat="21.1957246" lon="81.306363">
      </trkpt>
      <trkpt lat="21.1957467" lon="81.3068586">
      </trkpt>
      <trkpt lat="21.195807" lon="81.3074135">
      </trkpt>
      <trkpt lat="21.1959346" lon="81.3081084">
      </trkpt>
      <trkpt lat="21.1964161" lon="81.3106024">
      </trkpt>
      <trkpt lat="21.1965284" lon="81.3111565">
      </trkpt>
      <trkpt lat="21.1966756" lon="81.3119121">
      </trkpt>
      <trkpt lat="21.1991515" lon="81.3244349">
      </trkpt>
      <trkpt lat="21.1991698" lon="81.3245274">
      </trkpt>
      <trkpt lat="21.1997208" lon="81.3273508">
      </trkpt>
      <trkpt lat="21.2002236" lon="81.3299159">
      </trkpt>
      <trkpt lat="21.2003565" lon="81.3305453">
      </trkpt>
      <trkpt lat="21.2006706" lon="81.3321132">
      </trkpt>
      <trkpt lat="21.2012727" lon="81.3352267">
      </trkpt>
      <trkpt lat="21.2023133" lon="81.3404961">
      </trkpt>
      <trkpt lat="21.202357" lon="81.3407127">
      </trkpt>
      <trkpt lat="21.2024136" lon="81.3409919">
      </trkpt>
      <trkpt lat="21.2025246" lon="81.3415837">
      </trkpt>
      <trkpt lat="21.2027426" lon="81.3427412">
      </trkpt>
      <trkpt lat="21.2031195" lon="81.3445666">
      </trkpt>
      <trkpt lat="21.2032186" lon="81.3450952">
      </trkpt>
      <trkpt lat="21.2035253" lon="81.3467324">
      </trkpt>
      <trkpt lat="21.2041373" lon="81.3500481">
      </trkpt>
      <trkpt lat="21.2041482" lon="81.3501073">
      </trkpt>
      <trkpt lat="21.2079571" lon="81.369366">
      </trkpt>
      <trkpt lat="21.2080667" lon="81.3700398">
      </trkpt>
      <trkpt lat="21.2081485" lon="81.3706502">
      </trkpt>
      <trkpt lat="21.208207" lon="81.3711496">
      </trkpt>
      <trkpt lat="21.2082748" lon="81.3718009">
      </trkpt>
      <trkpt lat="21.2083054" lon="81.3724696">
      </trkpt>
      <trkpt lat="21.2083016" lon="81.3731797">
      </trkpt>
      <trkpt lat="21.2082741" lon="81.3738862">
      </trkpt>
      <trkpt lat="21.2082318" lon="81.3745156">
      </trkpt>
      <trkpt lat="21.2081914" lon="81.374975">
      </trkpt>
      <trkpt lat="21.2081079" lon="81.3757345">
      </trkpt>
      <trkpt lat="21.2078346" lon="81.3782189">
      </trkpt>
      <trkpt lat="21.206762" lon="81.3871157">
      </trkpt>
      <trkpt lat="21.2064169" lon="81.3899791">
      </trkpt>
      <trkpt lat="21.2060895" lon="81.3927842">
      </trkpt>
      <trkpt lat="21.2060816" lon="81.3928486">
      </trkpt>
      <trkpt lat="21.2044679" lon="81.4068312">
      </trkpt>
      <trkpt lat="21.2044512" lon="81.4070001">
      </trkpt>
      <trkpt lat="21.203923" lon="81.41143">
      </trkpt>
      <trkpt lat="21.203861" lon="81.4119348">
      </trkpt>
      <trkpt lat="21.2036649" lon="81.4135725">
      </trkpt>
      <trkpt lat="21.2034671" lon="81.4152458">
      </trkpt>
      <trkpt lat="21.2034368" lon="81.4154975">
      </trkpt>
      <trkpt lat="21.2027304" lon="81.4214024">
      </trkpt>
      <trkpt lat="21.2027014" lon="81.4216715">
      </trkpt>
      <trkpt lat="21.202666" lon="81.4221227">
      </trkpt>
      <trkpt lat="21.2026389" lon="81.4225739">
      </trkpt>
      <trkpt lat="21.2026337" lon="81.4231032">
      </trkpt>
      <trkpt lat="21.2026819" lon="81.4237714">
      </trkpt>
      <trkpt lat="21.2027365" lon="81.4242467">
      </trkpt>
      <trkpt lat="21.2028895" lon="81.4249733">
      </trkpt>
      <trkpt lat="21.2030702" lon="81.4255998">
      </trkpt>
      <trkpt lat="21.2032375" lon="81.4260614">
      </trkpt>
      <trkpt lat="21.2034834" lon="81.4266548">
      </trkpt>
      <trkpt lat="21.2036682" lon="81.4270584">
      </trkpt>
      <trkpt lat="21.203937" lon="81.4276423">
      </trkpt>
      <trkpt lat="21.2042592" lon="81.4283474">
      </trkpt>
      <trkpt lat="21.204528" lon="81.4289434">
      </trkpt>
      <trkpt lat="21.2069634" lon="81.4344002">
      </trkpt>
      <trkpt lat="21.2082798" lon="81.4373447">
      </trkpt>
      <trkpt lat="21.2083134" lon="81.4374179">
      </trkpt>
      <trkpt lat="21.2094005" lon="81.4398231">
      </trkpt>
      <trkpt lat="21.2113139" lon="81.4440567">
      </trkpt>
      <trkpt lat="21.2130744" lon="81.4480475">
      </trkpt>
      <trkpt lat="21.2147535" lon="81.4517683">
      </trkpt>
      <trkpt lat="21.2150578" lon="81.4524289">
      </trkpt>
      <trkpt lat="21.2157898" lon="81.4540709">
      </trkpt>
      <trkpt lat="21.2161818" lon="81.4549435">
      </trkpt>
      <trkpt lat="21.2164818" lon="81.4556112">
      </trkpt>
      <trkpt lat="21.2180287" lon="81.4591108">
      </trkpt>
      <trkpt lat="21.2183863" lon="81.4598992">
      </trkpt>
      <trkpt lat="21.219336" lon="81.4620089">
      </trkpt>
      <trkpt lat="21.2210169" lon="81.4657325">
      </trkpt>
      <trkpt lat="21.22211" lon="81.468166">
      </trkpt>
      <trkpt lat="21.2224941" lon="81.4690247">
      </trkpt>
      <trkpt lat="21.2226158" lon="81.4692892">
      </trkpt>
      <trkpt lat="21.2227612" lon="81.469614">
      </trkpt>
      <trkpt lat="21.2292233" lon="81.4840253">
      </trkpt>
      <trkpt lat="21.2304105" lon="81.4867021">
      </trkpt>
      <trkpt lat="21.2331264" lon="81.4927471">
      </trkpt>
      <trkpt lat="21.2353065" lon="81.497601">
      </trkpt>
      <trkpt lat="21.2355273" lon="81.4980921">
      </trkpt>
      <trkpt lat="21.2362811" lon="81.499787">
      </trkpt>
      <trkpt lat="21.2387181" lon="81.5051855">
      </trkpt>
      <trkpt lat="21.2398096" lon="81.507658">
      </trkpt>
      <trkpt lat="21.240795" lon="81.5098503">
      </trkpt>
      <trkpt lat="21.2410266" lon="81.5103785">
      </trkpt>
      <trkpt lat="21.2414438" lon="81.5113106">
      </trkpt>
      <trkpt lat="21.2417715" lon="81.5120312">
      </trkpt>
      <trkpt lat="21.2436365" lon="81.5161956">
      </trkpt>
      <trkpt lat="21.2444397" lon="81.5179801">
      </trkpt>
      <trkpt lat="21.2447182" lon="81.5185998">
      </trkpt>
      <trkpt lat="21.2451184" lon="81.5194666">
      </trkpt>
      <trkpt lat="21.2455474" lon="81.5204215">
      </trkpt>
      <trkpt lat="21.2461105" lon="81.5216878">
      </trkpt>
      <trkpt lat="21.2462359" lon="81.5219605">
      </trkpt>
      <trkpt lat="21.2465411" lon="81.5226691">
      </trkpt>
      <trkpt lat="21.2485025" lon="81.5270121">
      </trkpt>
      <trkpt lat="21.2489193" lon="81.527985">
      </trkpt>
      <trkpt lat="21.2492044" lon="81.528642">
      </trkpt>
      <trkpt lat="21.2494185" lon="81.5291955">
      </trkpt>
      <trkpt lat="21.2495909" lon="81.5296885">
      </trkpt>
      <trkpt lat="21.2497447" lon="81.5301638">
      </trkpt>
      <trkpt lat="21.2499078" lon="81.53074">
      </trkpt>
      <trkpt lat="21.2500172" lon="81.5311847">
      </trkpt>
      <trkpt lat="21.2501424" lon="81.5317635">
      </trkpt>
      <trkpt lat="21.2502925" lon="81.5326392">
      </trkpt>
      <trkpt lat="21.2503885" lon="81.5333626">
      </trkpt>
      <trkpt lat="21.2504673" lon="81.5341059">
      </trkpt>
      <trkpt lat="21.2505224" lon="81.5350132">
      </trkpt>
      <trkpt lat="21.2505209" lon="81.5359998">
      </trkpt>
      <trkpt lat="21.2504933" lon="81.5383281">
      </trkpt>
      <trkpt lat="21.2504569" lon="81.5406608">
      </trkpt>
      <trkpt lat="21.2504481" lon="81.542422">
      </trkpt>
      <trkpt lat="21.250408" lon="81.5468263">
      </trkpt>
      <trkpt lat="21.2504116" lon="81.5478352">
      </trkpt>
      <trkpt lat="21.250438" lon="81.5486191">
      </trkpt>
      <trkpt lat="21.2505048" lon="81.549522">
      </trkpt>
      <trkpt lat="21.2506149" lon="81.5505474">
      </trkpt>
      <trkpt lat="21.2508123" lon="81.5523846">
      </trkpt>
      <trkpt lat="21.2512461" lon="81.5563679">
      </trkpt>
      <trkpt lat="21.2519238" lon="81.5627418">
      </trkpt>
      <trkpt lat="21.252294" lon="81.5661236">
      </trkpt>
      <trkpt lat="21.2523367" lon="81.566543">
      </trkpt>
      <trkpt lat="21.25247" lon="81.5679644">
      </trkpt>
      <trkpt lat="21.2525384" lon="81.5685334">
      </trkpt>
      <trkpt lat="21.2531785" lon="81.5748427">
      </trkpt>
      <trkpt lat="21.2534667" lon="81.5775772">
      </trkpt>
      <trkpt lat="21.2535821" lon="81.5786318">
      </trkpt>
      <trkpt lat="21.2536498" lon="81.5792278">
      </trkpt>
      <trkpt lat="21.2537349" lon="81.5798499">
      </trkpt>
      <trkpt lat="21.253833" lon="81.5806366">
      </trkpt>
      <trkpt lat="21.2543709" lon="81.5856486">
      </trkpt>
      <trkpt lat="21.2545505" lon="81.5872514">
      </trkpt>
      <trkpt lat="21.2547056" lon="81.5888368">
      </trkpt>
      <trkpt lat="21.2547885" lon="81.5898179">
      </trkpt>
      <trkpt lat="21.2548183" lon="81.5906575">
      </trkpt>
      <trkpt lat="21.254817" lon="81.5912448">
      </trkpt>
      <trkpt lat="21.2548077" lon="81.5918011">
      </trkpt>
      <trkpt lat="21.2547645" lon="81.5924171">
      </trkpt>
      <trkpt lat="21.2546913" lon="81.5931683">
      </trkpt>
      <trkpt lat="21.2545892" lon="81.5938734">
      </trkpt>
      <trkpt lat="21.2543821" lon="81.5948845">
      </trkpt>
      <trkpt lat="21.2542467" lon="81.5955054">
      </trkpt>
      <trkpt lat="21.2537905" lon="81.5975715">
      </trkpt>
      <trkpt lat="21.2533943" lon="81.5992684">
      </trkpt>
      <trkpt lat="21.2530306" lon="81.6009385">
      </trkpt>
      <trkpt lat="21.2523238" lon="81.6040858">
      </trkpt>
      <trkpt lat="21.251638" lon="81.6071617">
      </trkpt>
      <trkpt lat="21.2508922" lon="81.6105089">
      </trkpt>
      <trkpt lat="21.2501138" lon="81.6139778">
      </trkpt>
      <trkpt lat="21.2492288" lon="81.6178735">
      </trkpt>
      <trkpt lat="21.2490094" lon="81.6188862">
      </trkpt>
      <trkpt lat="21.2489258" lon="81.6194685">
      </trkpt>
      <trkpt lat="21.2488678" lon="81.6202121">
      </trkpt>
      <trkpt lat="21.2488653" lon="81.6207865">
      </trkpt>
      <trkpt lat="21.2488922" lon="81.6212538">
      </trkpt>
      <trkpt lat="21.2489385" lon="81.6216736">
      </trkpt>
      <trkpt lat="21.2490141" lon="81.6221312">
      </trkpt>
      <trkpt lat="21.2491334" lon="81.6226754">
      </trkpt>
      <trkpt lat="21.2492721" lon="81.623165">
      </trkpt>
      <trkpt lat="21.2493797" lon="81.6234827">
      </trkpt>
      <trkpt lat="21.2495097" lon="81.6238247">
      </trkpt>
      <trkpt lat="21.2496552" lon="81.6241771">
      </trkpt>
      <trkpt lat="21.2498597" lon="81.6245958">
      </trkpt>
      <trkpt lat="21.2500258" lon="81.6248983">
      </trkpt>
      <trkpt lat="21.2502471" lon="81.625261">
      </trkpt>
      <trkpt lat="21.2504663" lon="81.6255983">
      </trkpt>
      <trkpt lat="21.2506822" lon="81.6258857">
      </trkpt>
      <trkpt lat="21.2508613" lon="81.6261203">
      </trkpt>
      <trkpt lat="21.2510789" lon="81.6263688">
      </trkpt>
      <trkpt lat="21.2513687" lon="81.6266647">
      </trkpt>
      <trkpt lat="21.2514771" lon="81.6267658">
      </trkpt>
      <trkpt lat="21.2517683" lon="81.6269964">
      </trkpt>
      <trkpt lat="21.252197" lon="81.6273129">
      </trkpt>
      <trkpt lat="21.2524195" lon="81.6274745">
      </trkpt>
      <trkpt lat="21.252607" lon="81.6276079">
      </trkpt>
      <trkpt lat="21.2529219" lon="81.6277997">
      </trkpt>
      <trkpt lat="21.2531219" lon="81.627907">
      </trkpt>
      <trkpt lat="21.2533306" lon="81.6280009">
      </trkpt>
      <trkpt lat="21.2539956" lon="81.6282678">
      </trkpt>
      <trkpt lat="21.2590901" lon="81.6304592">
      </trkpt>
      <trkpt lat="21.2592856" lon="81.6305496">
      </trkpt>
      <trkpt lat="21.2594187" lon="81.6306241">
      </trkpt>
      <trkpt lat="21.2597055" lon="81.6308035">
      </trkpt>
      <trkpt lat="21.2599" lon="81.6309359">
      </trkpt>
      <trkpt lat="21.2600455" lon="81.6310251">
      </trkpt>
      <trkpt lat="21.2602505" lon="81.6311404">
      </trkpt>
      <trkpt lat="21.2603902" lon="81.6312106">
      </trkpt>
      <trkpt lat="21.2604397" lon="81.6312355">
      </trkpt>
      <trkpt lat="21.2605456" lon="81.6312859">
      </trkpt>
      <trkpt lat="21.2609343" lon="81.6314517">
      </trkpt>
      <trkpt lat="21.2610102" lon="81.6314855">
      </trkpt>
      <trkpt lat="21.2655472" lon="81.6334713">
      </trkpt>
      <trkpt lat="21.2675539" lon="81.6343533">
      </trkpt>
      <trkpt lat="21.2687763" lon="81.6348943">
      </trkpt>
      <trkpt lat="21.2698669" lon="81.6353669">
      </trkpt>
      <trkpt lat="21.2709933" lon="81.6358559">
      </trkpt>
      <trkpt lat="21.2717997" lon="81.636223">
      </trkpt>
      <trkpt lat="21.2719389" lon="81.6362863">
      </trkpt>
      <trkpt lat="21.273038" lon="81.6367698">
      </trkpt>
      <trkpt lat="21.2741166" lon="81.6372588">
      </trkpt>
      <trkpt lat="21.2752191" lon="81.637702">
      </trkpt>
      <trkpt lat="21.2761594" lon="81.6381727">
      </trkpt>
      <trkpt lat="21.2772158" lon="81.6387148">
      </trkpt>
      <trkpt lat="21.2782586" lon="81.6392496">
      </trkpt>
      <trkpt lat="21.2792621" lon="81.6397972">
      </trkpt>
      <trkpt lat="21.2803372" lon="81.6403393">
      </trkpt>
      <trkpt lat="21.2813595" lon="81.6408576">
      </trkpt>
      <trkpt lat="21.2824346" lon="81.6414144">
      </trkpt>
      <trkpt lat="21.2833727" lon="81.6419039">
      </trkpt>
      <trkpt lat="21.2845866" lon="81.6425334">
      </trkpt>
      <trkpt lat="21.2856293" lon="81.6430535">
      </trkpt>
      <trkpt lat="21.286445" lon="81.6434675">
      </trkpt>
      <trkpt lat="21.2871586" lon="81.6438479">
      </trkpt>
      <trkpt lat="21.2889865" lon="81.6447889">
      </trkpt>
      <trkpt lat="21.2898979" lon="81.645255">
      </trkpt>
      <trkpt lat="21.2901396" lon="81.6453767">
      </trkpt>
      <trkpt lat="21.2902409" lon="81.6454276">
      </trkpt>
      <trkpt lat="21.2907714" lon="81.6456946">
      </trkpt>
      <trkpt lat="21.2909349" lon="81.6457798">
      </trkpt>
      <trkpt lat="21.2913795" lon="81.6460116">
      </trkpt>
      <trkpt lat="21.2917075" lon="81.6461872">
      </trkpt>
      <trkpt lat="21.2918071" lon="81.6462406">
      </trkpt>
      <trkpt lat="21.2925213" lon="81.6465585">
      </trkpt>
      <trkpt lat="21.2926819" lon="81.6466429">
      </trkpt>
      <trkpt lat="21.2930556" lon="81.646865">
      </trkpt>
      <trkpt lat="21.2937121" lon="81.6473179">
      </trkpt>
      <trkpt lat="21.2941275" lon="81.6476357">
      </trkpt>
      <trkpt lat="21.2946853" lon="81.6481214">
      </trkpt>
      <trkpt lat="21.2951768" lon="81.6486175">
      </trkpt>
      <trkpt lat="21.2956995" lon="81.6492182">
      </trkpt>
      <trkpt lat="21.2961833" lon="81.649831">
      </trkpt>
      <trkpt lat="21.2966441" lon="81.6503872">
      </trkpt>
      <trkpt lat="21.29734" lon="81.6512692">
      </trkpt>
      <trkpt lat="21.2982339" lon="81.6523557">
      </trkpt>
      <trkpt lat="21.298936" lon="81.6532175">
      </trkpt>
      <trkpt lat="21.2995313" lon="81.6540064">
      </trkpt>
      <trkpt lat="21.3002177" lon="81.6548918">
      </trkpt>
      <trkpt lat="21.3005016" lon="81.6552454">
      </trkpt>
      <trkpt lat="21.3046063" lon="81.6603065">
      </trkpt>
      <trkpt lat="21.304768" lon="81.6605175">
      </trkpt>
      <trkpt lat="21.3049912" lon="81.6608102">
      </trkpt>
      <trkpt lat="21.3064367" lon="81.6625904">
      </trkpt>
      <trkpt lat="21.307969" lon="81.6644837">
      </trkpt>
      <trkpt lat="21.3095784" lon="81.666568">
      </trkpt>
      <trkpt lat="21.3102036" lon="81.6673982">
      </trkpt>
      <trkpt lat="21.3109029" lon="81.6682603">
      </trkpt>
      <trkpt lat="21.3111347" lon="81.6685393">
      </trkpt>
      <trkpt lat="21.3142437" lon="81.6722986">
      </trkpt>
      <trkpt lat="21.3164464" lon="81.6750706">
      </trkpt>
      <trkpt lat="21.3192953" lon="81.6785984">
      </trkpt>
      <trkpt lat="21.321136" lon="81.6808352">
      </trkpt>
      <trkpt lat="21.3222882" lon="81.6820965">
      </trkpt>
      <trkpt lat="21.3228269" lon="81.6826641">
      </trkpt>
      <trkpt lat="21.3250717" lon="81.6850295">
      </trkpt>
      <trkpt lat="21.3263842" lon="81.6863893">
      </trkpt>
      <trkpt lat="21.3276702" lon="81.6877568">
      </trkpt>
      <trkpt lat="21.3287437" lon="81.6889138">
      </trkpt>
      <trkpt lat="21.3294966" lon="81.689816">
      </trkpt>
      <trkpt lat="21.3297833" lon="81.6901976">
      </trkpt>
      <trkpt lat="21.3301188" lon="81.6906813">
      </trkpt>
      <trkpt lat="21.3305432" lon="81.6913433">
      </trkpt>
      <trkpt lat="21.3308137" lon="81.6918277">
      </trkpt>
      <trkpt lat="21.3342667" lon="81.6981811">
      </trkpt>
      <trkpt lat="21.3346084" lon="81.698813">
      </trkpt>
      <trkpt lat="21.3348445" lon="81.6992532">
      </trkpt>
      <trkpt lat="21.3358236" lon="81.701027">
      </trkpt>
      <trkpt lat="21.3388365" lon="81.7065718">
      </trkpt>
      <trkpt lat="21.3397547" lon="81.7082475">
      </trkpt>
      <trkpt lat="21.3404452" lon="81.7095283">
      </trkpt>
      <trkpt lat="21.3406444" lon="81.7098941">
      </trkpt>
      <trkpt lat="21.3410034" lon="81.7105534">
      </trkpt>
      <trkpt lat="21.3418851" lon="81.7121729">
      </trkpt>
      <trkpt lat="21.3423477" lon="81.7130228">
      </trkpt>
      <trkpt lat="21.3426517" lon="81.7135437">
      </trkpt>
      <trkpt lat="21.3429907" lon="81.7140682">
      </trkpt>
      <trkpt lat="21.3432391" lon="81.7144001">
      </trkpt>
      <trkpt lat="21.3436" lon="81.7148738">
      </trkpt>
      <trkpt lat="21.3440006" lon="81.7153359">
      </trkpt>
      <trkpt lat="21.3445156" lon="81.7158362">
      </trkpt>
      <trkpt lat="21.3451122" lon="81.7163495">
      </trkpt>
      <trkpt lat="21.3458502" lon="81.7169042">
      </trkpt>
      <trkpt lat="21.346789" lon="81.7175265">
      </trkpt>
      <trkpt lat="21.348123" lon="81.7183646">
      </trkpt>
      <trkpt lat="21.351559" lon="81.7205306">
      </trkpt>
      <trkpt lat="21.3531737" lon="81.7215406">
      </trkpt>
      <trkpt lat="21.3537554" lon="81.7219587">
      </trkpt>
      <trkpt lat="21.35423" lon="81.7223307">
      </trkpt>
      <trkpt lat="21.3567556" lon="81.7244002">
      </trkpt>
      <trkpt lat="21.3590832" lon="81.7262373">
      </trkpt>
      <trkpt lat="21.3610868" lon="81.7278426">
      </trkpt>
      <trkpt lat="21.3618146" lon="81.7284166">
      </trkpt>
      <trkpt lat="21.3622138" lon="81.7287324">
      </trkpt>
      <trkpt lat="21.3632074" lon="81.729528">
      </trkpt>
      <trkpt lat="21.3642483" lon="81.7303411">
      </trkpt>
      <trkpt lat="21.3651932" lon="81.7310847">
      </trkpt>
      <trkpt lat="21.3663258" lon="81.7320187">
      </trkpt>
      <trkpt lat="21.3673184" lon="81.7328191">
      </trkpt>
      <trkpt lat="21.3683946" lon="81.7336945">
      </trkpt>
      <trkpt lat="21.3695152" lon="81.734592">
      </trkpt>
      <trkpt lat="21.370617" lon="81.7354656">
      </trkpt>
      <trkpt lat="21.3716761" lon="81.7363282">
      </trkpt>
      <trkpt lat="21.3729813" lon="81.7372916">
      </trkpt>
      <trkpt lat="21.3734974" lon="81.7376361">
      </trkpt>
      <trkpt lat="21.3739261" lon="81.7378836">
      </trkpt>
      <trkpt lat="21.3746455" lon="81.7382422">
      </trkpt>
      <trkpt lat="21.3752702" lon="81.7385167">
      </trkpt>
      <trkpt lat="21.3756971" lon="81.7386747">
      </trkpt>
      <trkpt lat="21.3769164" lon="81.7391442">
      </trkpt>
      <trkpt lat="21.3783446" lon="81.7396199">
      </trkpt>
      <trkpt lat="21.3799469" lon="81.7401302">
      </trkpt>
      <trkpt lat="21.3808649" lon="81.7404267">
      </trkpt>
      <trkpt lat="21.3822933" lon="81.7408624">
      </trkpt>
      <trkpt lat="21.3836543" lon="81.7413353">
      </trkpt>
      <trkpt lat="21.3837812" lon="81.7413754">
      </trkpt>
      <trkpt lat="21.385095" lon="81.7417949">
      </trkpt>
      <trkpt lat="21.3875672" lon="81.7426357">
      </trkpt>
      <trkpt lat="21.3892186" lon="81.7431484">
      </trkpt>
      <trkpt lat="21.390093" lon="81.7434394">
      </trkpt>
      <trkpt lat="21.3931182" lon="81.7444256">
      </trkpt>
      <trkpt lat="21.3957136" lon="81.7452787">
      </trkpt>
      <trkpt lat="21.3958332" lon="81.7453184">
      </trkpt>
      <trkpt lat="21.3966565" lon="81.7455867">
      </trkpt>
      <trkpt lat="21.3982119" lon="81.7460844">
      </trkpt>
      <trkpt lat="21.3998564" lon="81.7466295">
      </trkpt>
      <trkpt lat="21.4014461" lon="81.7471559">
      </trkpt>
      <trkpt lat="21.4029935" lon="81.7476369">
      </trkpt>
      <trkpt lat="21.4046255" lon="81.7481793">
      </trkpt>
      <trkpt lat="21.4062375" lon="81.7487137">
      </trkpt>
      <trkpt lat="21.4078981" lon="81.7492664">
      </trkpt>
      <trkpt lat="21.4084292" lon="81.7494432">
      </trkpt>
      <trkpt lat="21.4099517" lon="81.7499322">
      </trkpt>
      <trkpt lat="21.4112925" lon="81.7503704">
      </trkpt>
      <trkpt lat="21.4128448" lon="81.7508513">
      </trkpt>
      <trkpt lat="21.4144045" lon="81.7514018">
      </trkpt>
      <trkpt lat="21.4158473" lon="81.7518453">
      </trkpt>
      <trkpt lat="21.4173846" lon="81.7523557">
      </trkpt>
      <trkpt lat="21.4189517" lon="81.75285">
      </trkpt>
      <trkpt lat="21.4205537" lon="81.7533764">
      </trkpt>
      <trkpt lat="21.4222004" lon="81.7539002">
      </trkpt>
      <trkpt lat="21.4226687" lon="81.7540647">
      </trkpt>
      <trkpt lat="21.4237013" lon="81.7544442">
      </trkpt>
      <trkpt lat="21.4254546" lon="81.7550861">
      </trkpt>
      <trkpt lat="21.4288028" lon="81.7561592">
      </trkpt>
      <trkpt lat="21.4320427" lon="81.7571722">
      </trkpt>
      <trkpt lat="21.4343537" lon="81.7579339">
      </trkpt>
      <trkpt lat="21.435501" lon="81.7583262">
      </trkpt>
      <trkpt lat="21.4362777" lon="81.7586129">
      </trkpt>
      <trkpt lat="21.4369442" lon="81.7589003">
      </trkpt>
      <trkpt lat="21.4378148" lon="81.7593451">
      </trkpt>
      <trkpt lat="21.4386316" lon="81.7598489">
      </trkpt>
      <trkpt lat="21.4395277" lon="81.7604575">
      </trkpt>
      <trkpt lat="21.4406835" lon="81.7613009">
      </trkpt>
      <trkpt lat="21.4413811" lon="81.7618128">
      </trkpt>
      <trkpt lat="21.4415226" lon="81.761916">
      </trkpt>
      <trkpt lat="21.443358" lon="81.7632342">
      </trkpt>
      <trkpt lat="21.4465201" lon="81.7655475">
      </trkpt>
      <trkpt lat="21.4469972" lon="81.7658489">
      </trkpt>
      <trkpt lat="21.4474883" lon="81.7661293">
      </trkpt>
      <trkpt lat="21.4481645" lon="81.7664648">
      </trkpt>
      <trkpt lat="21.4491029" lon="81.7668">
      </trkpt>
      <trkpt lat="21.449861" lon="81.7670171">
      </trkpt>
      <trkpt lat="21.4598214" lon="81.7697561">
      </trkpt>
      <trkpt lat="21.4648484" lon="81.7711295">
      </trkpt>
      <trkpt lat="21.4697841" lon="81.7724863">
      </trkpt>
      <trkpt lat="21.4786761" lon="81.7749246">
      </trkpt>
      <trkpt lat="21.4788716" lon="81.7749782">
      </trkpt>
      <trkpt lat="21.4907017" lon="81.7782051">
      </trkpt>
      <trkpt lat="21.4920561" lon="81.7785933">
      </trkpt>
      <trkpt lat="21.5108" lon="81.7837296">
      </trkpt>
      <trkpt lat="21.5121089" lon="81.7840906">
      </trkpt>
      <trkpt lat="21.5425828" lon="81.7924443">
      </trkpt>
      <trkpt lat="21.5466709" lon="81.7935732">
      </trkpt>
      <trkpt lat="21.5472414" lon="81.7937308">
      </trkpt>
      <trkpt lat="21.549357" lon="81.7943603">
      </trkpt>
      <trkpt lat="21.5507085" lon="81.794714">
      </trkpt>
      <trkpt lat="21.5617787" lon="81.7977098">
      </trkpt>
      <trkpt lat="21.565808" lon="81.7988206">
      </trkpt>
      <trkpt lat="21.5714784" lon="81.8003735">
      </trkpt>
      <trkpt lat="21.5813294" lon="81.8030722">
      </trkpt>
      <trkpt lat="21.5845103" lon="81.8039422">
      </trkpt>
      <trkpt lat="21.5863134" lon="81.8044622">
      </trkpt>
      <trkpt lat="21.5887782" lon="81.8051433">
      </trkpt>
      <trkpt lat="21.5898893" lon="81.8054578">
      </trkpt>
      <trkpt lat="21.5903912" lon="81.8056502">
      </trkpt>
      <trkpt lat="21.5907763" lon="81.8058265">
      </trkpt>
      <trkpt lat="21.5911164" lon="81.8060016">
      </trkpt>
      <trkpt lat="21.592026" lon="81.8065613">
      </trkpt>
      <trkpt lat="21.5924012" lon="81.8068446">
      </trkpt>
      <trkpt lat="21.5928053" lon="81.8072088">
      </trkpt>
      <trkpt lat="21.5933674" lon="81.8077375">
      </trkpt>
      <trkpt lat="21.6041659" lon="81.8184631">
      </trkpt>
      <trkpt lat="21.6185943" lon="81.8327883">
      </trkpt>
      <trkpt lat="21.6268754" lon="81.8410108">
      </trkpt>
      <trkpt lat="21.6287524" lon="81.8427951">
      </trkpt>
      <trkpt lat="21.6289364" lon="81.842979">
      </trkpt>
      <trkpt lat="21.6297847" lon="81.8438264">
      </trkpt>
      <trkpt lat="21.6368407" lon="81.8508628">
      </trkpt>
      <trkpt lat="21.6371772" lon="81.8511888">
      </trkpt>
      <trkpt lat="21.6420255" lon="81.8560422">
      </trkpt>
      <trkpt lat="21.6422172" lon="81.8562329">
      </trkpt>
      <trkpt lat="21.6454858" lon="81.859523">
      </trkpt>
      <trkpt lat="21.6457023" lon="81.859735">
      </trkpt>
      <trkpt lat="21.65947" lon="81.8734019">
      </trkpt>
      <trkpt lat="21.6596008" lon="81.8735405">
      </trkpt>
      <trkpt lat="21.6684645" lon="81.8823262">
      </trkpt>
      <trkpt lat="21.6819254" lon="81.8956891">
      </trkpt>
      <trkpt lat="21.6857639" lon="81.8994998">
      </trkpt>
      <trkpt lat="21.6964103" lon="81.9101052">
      </trkpt>
      <trkpt lat="21.7081129" lon="81.9217417">
      </trkpt>
      <trkpt lat="21.7212987" lon="81.9348697">
      </trkpt>
      <trkpt lat="21.7215329" lon="81.9351044">
      </trkpt>
      <trkpt lat="21.7221085" lon="81.9356744">
      </trkpt>
      <trkpt lat="21.7283274" lon="81.94186">
      </trkpt>
      <trkpt lat="21.7286643" lon="81.9421928">
      </trkpt>
      <trkpt lat="21.7303608" lon="81.9438937">
      </trkpt>
      <trkpt lat="21.7311009" lon="81.944629">
      </trkpt>
      <trkpt lat="21.7343325" lon="81.9478422">
      </trkpt>
      <trkpt lat="21.7351794" lon="81.9486768">
      </trkpt>
      <trkpt lat="21.7356543" lon="81.9491555">
      </trkpt>
      <trkpt lat="21.736137" lon="81.9496327">
      </trkpt>
      <trkpt lat="21.7370416" lon="81.9505392">
      </trkpt>
      <trkpt lat="21.7377166" lon="81.9512141">
      </trkpt>
      <trkpt lat="21.7405999" lon="81.9540693">
      </trkpt>
      <trkpt lat="21.7600094" lon="81.9734142">
      </trkpt>
      <trkpt lat="21.7701607" lon="81.9835081">
      </trkpt>
      <trkpt lat="21.7775" lon="81.9908078">
      </trkpt>
      <trkpt lat="21.7780921" lon="81.9914201">
      </trkpt>
      <trkpt lat="21.7785529" lon="81.9919029">
      </trkpt>
      <trkpt lat="21.7789604" lon="81.9923817">
      </trkpt>
      <trkpt lat="21.7795605" lon="81.9931702">
      </trkpt>
      <trkpt lat="21.780154" lon="81.9940221">
      </trkpt>
      <trkpt lat="21.7923512" lon="82.0136244">
      </trkpt>
      <trkpt lat="21.800688" lon="82.0269954">
      </trkpt>
      <trkpt lat="21.8010377" lon="82.0275135">
      </trkpt>
      <trkpt lat="21.8014832" lon="82.0280941">
      </trkpt>
      <trkpt lat="21.8020788" lon="82.0287321">
      </trkpt>
      <trkpt lat="21.8026542" lon="82.0292293">
      </trkpt>
      <trkpt lat="21.8031937" lon="82.0296189">
      </trkpt>
      <trkpt lat="21.8049426" lon="82.0307493">
      </trkpt>
      <trkpt lat="21.8209078" lon="82.0410486">
      </trkpt>
      <trkpt lat="21.8214045" lon="82.0413827">
      </trkpt>
      <trkpt lat="21.8227178" lon="82.0422207">
      </trkpt>
      <trkpt lat="21.8302858" lon="82.0471082">
      </trkpt>
      <trkpt lat="21.830946" lon="82.0475392">
      </trkpt>
      <trkpt lat="21.8311998" lon="82.0477034">
      </trkpt>
      <trkpt lat="21.8322687" lon="82.0483834">
      </trkpt>
      <trkpt lat="21.8326486" lon="82.0486339">
      </trkpt>
      <trkpt lat="21.8330888" lon="82.0489207">
      </trkpt>
      <trkpt lat="21.8518451" lon="82.061032">
      </trkpt>
      <trkpt lat="21.8549482" lon="82.063083">
      </trkpt>
      <trkpt lat="21.862213" lon="82.0677771">
      </trkpt>
      <trkpt lat="21.8628921" lon="82.0681935">
      </trkpt>
      <trkpt lat="21.8634798" lon="82.0685049">
      </trkpt>
      <trkpt lat="21.8640111" lon="82.0687635">
      </trkpt>
      <trkpt lat="21.8645847" lon="82.0689586">
      </trkpt>
      <trkpt lat="21.865202" lon="82.0691106">
      </trkpt>
      <trkpt lat="21.8669495" lon="82.0694671">
      </trkpt>
      <trkpt lat="21.8729258" lon="82.0707443">
      </trkpt>
      <trkpt lat="21.8755917" lon="82.0713408">
      </trkpt>
      <trkpt lat="21.8765757" lon="82.071533">
      </trkpt>
      <trkpt lat="21.8772228" lon="82.0716054">
      </trkpt>
      <trkpt lat="21.8782441" lon="82.0717035">
      </trkpt>
      <trkpt lat="21.8791823" lon="82.0717139">
      </trkpt>
      <trkpt lat="21.8801266" lon="82.0716644">
      </trkpt>
      <trkpt lat="21.8812284" lon="82.071542">
      </trkpt>
      <trkpt lat="21.8936038" lon="82.0697525">
      </trkpt>
      <trkpt lat="21.8992065" lon="82.0689467">
      </trkpt>
      <trkpt lat="21.8997322" lon="82.06888">
      </trkpt>
      <trkpt lat="21.9002294" lon="82.0688497">
      </trkpt>
      <trkpt lat="21.9008102" lon="82.0688329">
      </trkpt>
      <trkpt lat="21.9013447" lon="82.0688421">
      </trkpt>
      <trkpt lat="21.9016583" lon="82.0688528">
      </trkpt>
      <trkpt lat="21.902267" lon="82.0688687">
      </trkpt>
      <trkpt lat="21.9123477" lon="82.0692175">
      </trkpt>
      <trkpt lat="21.9128231" lon="82.0692376">
      </trkpt>
      <trkpt lat="21.919358" lon="82.0694461">
      </trkpt>
      <trkpt lat="21.9465898" lon="82.0703417">
      </trkpt>
      <trkpt lat="21.9509566" lon="82.0705509">
      </trkpt>
      <trkpt lat="21.9514496" lon="82.0705768">
      </trkpt>
      <trkpt lat="21.952103" lon="82.0706557">
      </trkpt>
      <trkpt lat="21.9527999" lon="82.0707966">
      </trkpt>
      <trkpt lat="21.9536041" lon="82.0710199">
      </trkpt>
      <trkpt lat="21.9543367" lon="82.0713042">
      </trkpt>
      <trkpt lat="21.9549157" lon="82.0715763">
      </trkpt>
      <trkpt lat="21.9552888" lon="82.0717797">
      </trkpt>
      <trkpt lat="21.9557587" lon="82.0720531">
      </trkpt>
      <trkpt lat="21.9560289" lon="82.0722133">
      </trkpt>
      <trkpt lat="21.9564847" lon="82.0725304">
      </trkpt>
      <trkpt lat="21.9567955" lon="82.0727554">
      </trkpt>
      <trkpt lat="21.9580394" lon="82.0737945">
      </trkpt>
      <trkpt lat="21.9585795" lon="82.0742466">
      </trkpt>
      <trkpt lat="21.9643826" lon="82.0791444">
      </trkpt>
      <trkpt lat="21.9676649" lon="82.0819125">
      </trkpt>
      <trkpt lat="21.9748476" lon="82.0879823">
      </trkpt>
      <trkpt lat="21.9781042" lon="82.090794">
      </trkpt>
      <trkpt lat="22.0023745" lon="82.1113336">
      </trkpt>
      <trkpt lat="22.0026306" lon="82.1115455">
      </trkpt>
      <trkpt lat="22.0029191" lon="82.1117789">
      </trkpt>
      <trkpt lat="22.0032723" lon="82.1120498">
      </trkpt>
      <trkpt lat="22.0036726" lon="82.1123394">
      </trkpt>
      <trkpt lat="22.0042859" lon="82.1127398">
      </trkpt>
      <trkpt lat="22.0048524" lon="82.1130785">
      </trkpt>
      <trkpt lat="22.0055381" lon="82.1134573">
      </trkpt>
      <trkpt lat="22.0063209" lon="82.1138215">
      </trkpt>
      <trkpt lat="22.0071056" lon="82.114157">
      </trkpt>
      <trkpt lat="22.021854" lon="82.1204241">
      </trkpt>
      <trkpt lat="22.0228736" lon="82.120858">
      </trkpt>
      <trkpt lat="22.0247948" lon="82.1216712">
      </trkpt>
      <trkpt lat="22.0297167" lon="82.1237666">
      </trkpt>
      <trkpt lat="22.0329292" lon="82.1251309">
      </trkpt>
      <trkpt lat="22.033561" lon="82.125397">
      </trkpt>
      <trkpt lat="22.0356075" lon="82.1262681">
      </trkpt>
      <trkpt lat="22.0368822" lon="82.1268179">
      </trkpt>
      <trkpt lat="22.0375841" lon="82.1271721">
      </trkpt>
      <trkpt lat="22.0380266" lon="82.1274188">
      </trkpt>
      <trkpt lat="22.0383995" lon="82.1276334">
      </trkpt>
      <trkpt lat="22.0390161" lon="82.1280304">
      </trkpt>
      <trkpt lat="22.0492739" lon="82.1354869">
      </trkpt>
      <trkpt lat="22.0499774" lon="82.1360153">
      </trkpt>
      <trkpt lat="22.0503155" lon="82.1362701">
      </trkpt>
      <trkpt lat="22.0508873" lon="82.1367127">
      </trkpt>
      <trkpt lat="22.0524118" lon="82.1378882">
      </trkpt>
      <trkpt lat="22.0527154" lon="82.1381094">
      </trkpt>
      <trkpt lat="22.0547132" lon="82.1395344">
      </trkpt>
      <trkpt lat="22.0557424" lon="82.1402451">
      </trkpt>
      <trkpt lat="22.0565926" lon="82.1408728">
      </trkpt>
      <trkpt lat="22.057055" lon="82.1412429">
      </trkpt>
      <trkpt lat="22.0576168" lon="82.1417633">
      </trkpt>
      <trkpt lat="22.0579797" lon="82.1421227">
      </trkpt>
      <trkpt lat="22.0582482" lon="82.1424258">
      </trkpt>
      <trkpt lat="22.0585365" lon="82.1427691">
      </trkpt>
      <trkpt lat="22.0588274" lon="82.1431446">
      </trkpt>
      <trkpt lat="22.0590983" lon="82.1435389">
      </trkpt>
      <trkpt lat="22.0593693" lon="82.1439761">
      </trkpt>
      <trkpt lat="22.05962" lon="82.1443997">
      </trkpt>
      <trkpt lat="22.059933" lon="82.1449991">
      </trkpt>
      <trkpt lat="22.060202" lon="82.1456082">
      </trkpt>
      <trkpt lat="22.0604523" lon="82.1462809">
      </trkpt>
      <trkpt lat="22.0606626" lon="82.1469455">
      </trkpt>
      <trkpt lat="22.0608069" lon="82.1475255">
      </trkpt>
      <trkpt lat="22.0609119" lon="82.1480505">
      </trkpt>
      <trkpt lat="22.0610281" lon="82.1489481">
      </trkpt>
      <trkpt lat="22.0610732" lon="82.1495682">
      </trkpt>
      <trkpt lat="22.0610881" lon="82.1502342">
      </trkpt>
      <trkpt lat="22.0610673" lon="82.1508719">
      </trkpt>
      <trkpt lat="22.0610529" lon="82.1512587">
      </trkpt>
      <trkpt lat="22.0609985" lon="82.1517253">
      </trkpt>
      <trkpt lat="22.0609519" lon="82.1520464">
      </trkpt>
      <trkpt lat="22.0608833" lon="82.152462">
      </trkpt>
      <trkpt lat="22.0607693" lon="82.1529485">
      </trkpt>
      <trkpt lat="22.0601319" lon="82.1554279">
      </trkpt>
      <trkpt lat="22.0600866" lon="82.1555933">
      </trkpt>
      <trkpt lat="22.0576428" lon="82.1650243">
      </trkpt>
      <trkpt lat="22.0573627" lon="82.1661296">
      </trkpt>
      <trkpt lat="22.0572266" lon="82.1666783">
      </trkpt>
      <trkpt lat="22.0570728" lon="82.1671274">
      </trkpt>
      <trkpt lat="22.0569368" lon="82.1674851">
      </trkpt>
      <trkpt lat="22.0566765" lon="82.168162">
      </trkpt>
      <trkpt lat="22.0564714" lon="82.168949">
      </trkpt>
      <trkpt lat="22.0560076" lon="82.1706875">
      </trkpt>
      <trkpt lat="22.0553547" lon="82.1731962">
      </trkpt>
      <trkpt lat="22.0547609" lon="82.1755189">
      </trkpt>
      <trkpt lat="22.0546971" lon="82.1757844">
      </trkpt>
      <trkpt lat="22.0546443" lon="82.1761273">
      </trkpt>
      <trkpt lat="22.0545921" lon="82.1765701">
      </trkpt>
      <trkpt lat="22.054549" lon="82.1771279">
      </trkpt>
      <trkpt lat="22.0545018" lon="82.1774406">
      </trkpt>
      <trkpt lat="22.0544512" lon="82.1777285">
      </trkpt>
      <trkpt lat="22.0543384" lon="82.1782432">
      </trkpt>
      <trkpt lat="22.0540702" lon="82.1792747">
      </trkpt>
      <trkpt lat="22.053973" lon="82.1796535">
      </trkpt>
      <trkpt lat="22.0537888" lon="82.1803156">
      </trkpt>
      <trkpt lat="22.0537114" lon="82.1805721">
      </trkpt>
      <trkpt lat="22.05344" lon="82.1813972">
      </trkpt>
      <trkpt lat="22.0533559" lon="82.1816867">
      </trkpt>
      <trkpt lat="22.0531074" lon="82.1826374">
      </trkpt>
      <trkpt lat="22.0529596" lon="82.1832024">
      </trkpt>
      <trkpt lat="22.0526047" lon="82.1845583">
      </trkpt>
      <trkpt lat="22.0522636" lon="82.1858783">
      </trkpt>
      <trkpt lat="22.0495465" lon="82.1964611">
      </trkpt>
      <trkpt lat="22.0474963" lon="82.2045098">
      </trkpt>
      <trkpt lat="22.047275" lon="82.2055245">
      </trkpt>
      <trkpt lat="22.0471093" lon="82.2066115">
      </trkpt>
      <trkpt lat="22.0470149" lon="82.2077322">
      </trkpt>
      <trkpt lat="22.04698" lon="82.20892">
      </trkpt>
      <trkpt lat="22.0470198" lon="82.2100016">
      </trkpt>
      <trkpt lat="22.0471533" lon="82.2112979">
      </trkpt>
      <trkpt lat="22.0472991" lon="82.2121506">
      </trkpt>
      <trkpt lat="22.047476" lon="82.2130009">
      </trkpt>
      <trkpt lat="22.0476858" lon="82.2137701">
      </trkpt>
      <trkpt lat="22.0479298" lon="82.2145669">
      </trkpt>
      <trkpt lat="22.048173" lon="82.2152384">
      </trkpt>
      <trkpt lat="22.0485236" lon="82.2160688">
      </trkpt>
      <trkpt lat="22.0504427" lon="82.2205201">
      </trkpt>
      <trkpt lat="22.0509591" lon="82.2218258">
      </trkpt>
      <trkpt lat="22.0510493" lon="82.2220418">
      </trkpt>
      <trkpt lat="22.051372" lon="82.2228403">
      </trkpt>
      <trkpt lat="22.0515864" lon="82.2233555">
      </trkpt>
      <trkpt lat="22.0518539" lon="82.2239853">
      </trkpt>
      <trkpt lat="22.0520517" lon="82.2244564">
      </trkpt>
      <trkpt lat="22.0521808" lon="82.2247465">
      </trkpt>
      <trkpt lat="22.0526345" lon="82.2258202">
      </trkpt>
      <trkpt lat="22.0543591" lon="82.2298576">
      </trkpt>
      <trkpt lat="22.0545588" lon="82.2303155">
      </trkpt>
      <trkpt lat="22.0548957" lon="82.2311439">
      </trkpt>
      <trkpt lat="22.0550292" lon="82.2315215">
      </trkpt>
      <trkpt lat="22.0553294" lon="82.2324707">
      </trkpt>
      <trkpt lat="22.0554029" lon="82.2327495">
      </trkpt>
      <trkpt lat="22.0554949" lon="82.233127">
      </trkpt>
      <trkpt lat="22.0555505" lon="82.2333454">
      </trkpt>
      <trkpt lat="22.0556302" lon="82.2337047">
      </trkpt>
      <trkpt lat="22.0557456" lon="82.2343353">
      </trkpt>
      <trkpt lat="22.0558147" lon="82.2347582">
      </trkpt>
      <trkpt lat="22.0558666" lon="82.235129">
      </trkpt>
      <trkpt lat="22.0559431" lon="82.2357395">
      </trkpt>
      <trkpt lat="22.0559853" lon="82.2363958">
      </trkpt>
      <trkpt lat="22.0559991" lon="82.2369306">
      </trkpt>
      <trkpt lat="22.0560023" lon="82.2374885">
      </trkpt>
      <trkpt lat="22.0559884" lon="82.237999">
      </trkpt>
      <trkpt lat="22.0559686" lon="82.2385722">
      </trkpt>
      <trkpt lat="22.0559098" lon="82.2392733">
      </trkpt>
      <trkpt lat="22.0558483" lon="82.2397682">
      </trkpt>
      <trkpt lat="22.0557788" lon="82.2402209">
      </trkpt>
      <trkpt lat="22.0556751" lon="82.240795">
      </trkpt>
      <trkpt lat="22.0555642" lon="82.2413445">
      </trkpt>
      <trkpt lat="22.0554393" lon="82.2418682">
      </trkpt>
      <trkpt lat="22.055286" lon="82.2424242">
      </trkpt>
      <trkpt lat="22.0550964" lon="82.2430289">
      </trkpt>
      <trkpt lat="22.054835" lon="82.2437361">
      </trkpt>
      <trkpt lat="22.0460565" lon="82.2648944">
      </trkpt>
      <trkpt lat="22.0431476" lon="82.2721136">
      </trkpt>
      <trkpt lat="22.0430052" lon="82.2724526">
      </trkpt>
      <trkpt lat="22.0411857" lon="82.2768347">
      </trkpt>
      <trkpt lat="22.0362012" lon="82.2889365">
      </trkpt>
      <trkpt lat="22.0354697" lon="82.290744">
      </trkpt>
      <trkpt lat="22.0353261" lon="82.2911009">
      </trkpt>
      <trkpt lat="22.035035" lon="82.2919259">
      </trkpt>
      <trkpt lat="22.0349794" lon="82.2920874">
      </trkpt>
      <trkpt lat="22.0348079" lon="82.2927103">
      </trkpt>
      <trkpt lat="22.0346837" lon="82.2932028">
      </trkpt>
      <trkpt lat="22.0345857" lon="82.293644">
      </trkpt>
      <trkpt lat="22.0344998" lon="82.2940403">
      </trkpt>
      <trkpt lat="22.0344336" lon="82.2944111">
      </trkpt>
      <trkpt lat="22.033836" lon="82.298781">
      </trkpt>
      <trkpt lat="22.0335731" lon="82.3006221">
      </trkpt>
      <trkpt lat="22.0334679" lon="82.3014407">
      </trkpt>
      <trkpt lat="22.0334184" lon="82.30177">
      </trkpt>
      <trkpt lat="22.0331243" lon="82.3037169">
      </trkpt>
      <trkpt lat="22.0302011" lon="82.3250858">
      </trkpt>
      <trkpt lat="22.0300912" lon="82.325817">
      </trkpt>
      <trkpt lat="22.0299672" lon="82.3265488">
      </trkpt>
      <trkpt lat="22.0298497" lon="82.3271259">
      </trkpt>
      <trkpt lat="22.0296741" lon="82.3278441">
      </trkpt>
      <trkpt lat="22.029524" lon="82.3283496">
      </trkpt>
      <trkpt lat="22.0289019" lon="82.3302699">
      </trkpt>
      <trkpt lat="22.0286711" lon="82.3309749">
      </trkpt>
      <trkpt lat="22.0280054" lon="82.3330605">
      </trkpt>
      <trkpt lat="22.0272145" lon="82.3354264">
      </trkpt>
      <trkpt lat="22.0254745" lon="82.340865">
      </trkpt>
      <trkpt lat="22.0243331" lon="82.3443926">
      </trkpt>
      <trkpt lat="22.0241005" lon="82.3451529">
      </trkpt>
      <trkpt lat="22.0239425" lon="82.3458182">
      </trkpt>
      <trkpt lat="22.0237928" lon="82.3464993">
      </trkpt>
      <trkpt lat="22.0236674" lon="82.3472263">
      </trkpt>
      <trkpt lat="22.0235425" lon="82.3483426">
      </trkpt>
      <trkpt lat="22.0234966" lon="82.349489">
      </trkpt>
      <trkpt lat="22.0235107" lon="82.3504631">
      </trkpt>
      <trkpt lat="22.0235555" lon="82.3512909">
      </trkpt>
      <trkpt lat="22.0252388" lon="82.372256">
      </trkpt>
      <trkpt lat="22.026341" lon="82.3857304">
      </trkpt>
      <trkpt lat="22.0274599" lon="82.3998316">
      </trkpt>
      <trkpt lat="22.0275989" lon="82.4014826">
      </trkpt>
      <trkpt lat="22.0276263" lon="82.4018733">
      </trkpt>
      <trkpt lat="22.0278986" lon="82.4051791">
      </trkpt>
      <trkpt lat="22.0287131" lon="82.4152612">
      </trkpt>
      <trkpt lat="22.0288174" lon="82.4165517">
      </trkpt>
      <trkpt lat="22.0289022" lon="82.4176652">
      </trkpt>
      <trkpt lat="22.028997" lon="82.4189102">
      </trkpt>
      <trkpt lat="22.0294333" lon="82.4244035">
      </trkpt>
      <trkpt lat="22.0295919" lon="82.4263139">
      </trkpt>
      <trkpt lat="22.0296355" lon="82.4268605">
      </trkpt>
      <trkpt lat="22.0296793" lon="82.4273213">
      </trkpt>
      <trkpt lat="22.0297222" lon="82.4276731">
      </trkpt>
      <trkpt lat="22.0297877" lon="82.4281061">
      </trkpt>
      <trkpt lat="22.0298345" lon="82.4283894">
      </trkpt>
      <trkpt lat="22.0299486" lon="82.4290493">
      </trkpt>
      <trkpt lat="22.0313503" lon="82.4366128">
      </trkpt>
      <trkpt lat="22.0332131" lon="82.4467583">
      </trkpt>
      <trkpt lat="22.0342426" lon="82.4523911">
      </trkpt>
      <trkpt lat="22.0343443" lon="82.4530377">
      </trkpt>
      <trkpt lat="22.0344231" lon="82.4538903">
      </trkpt>
      <trkpt lat="22.0344635" lon="82.4545224">
      </trkpt>
      <trkpt lat="22.034488" lon="82.4551285">
      </trkpt>
      <trkpt lat="22.0344778" lon="82.4558764">
      </trkpt>
      <trkpt lat="22.0344182" lon="82.456827">
      </trkpt>
      <trkpt lat="22.0343382" lon="82.4576052">
      </trkpt>
      <trkpt lat="22.0342151" lon="82.4583964">
      </trkpt>
      <trkpt lat="22.0339571" lon="82.4596153">
      </trkpt>
      <trkpt lat="22.0331744" lon="82.4626815">
      </trkpt>
      <trkpt lat="22.0313608" lon="82.4697858">
      </trkpt>
      <trkpt lat="22.0312497" lon="82.47021">
      </trkpt>
      <trkpt lat="22.0264679" lon="82.4887395">
      </trkpt>
      <trkpt lat="22.0263039" lon="82.4894475">
      </trkpt>
      <trkpt lat="22.026163" lon="82.4902028">
      </trkpt>
      <trkpt lat="22.0260584" lon="82.490999">
      </trkpt>
      <trkpt lat="22.0259739" lon="82.4918726">
      </trkpt>
      <trkpt lat="22.0259357" lon="82.4927968">
      </trkpt>
      <trkpt lat="22.0259409" lon="82.493627">
      </trkpt>
      <trkpt lat="22.0259691" lon="82.4944132">
      </trkpt>
      <trkpt lat="22.0262149" lon="82.4979133">
      </trkpt>
      <trkpt lat="22.0262595" lon="82.4985573">
      </trkpt>
      <trkpt lat="22.0268987" lon="82.5082253">
      </trkpt>
      <trkpt lat="22.0269145" lon="82.5084808">
      </trkpt>
      <trkpt lat="22.0273531" lon="82.5152215">
      </trkpt>
      <trkpt lat="22.0278373" lon="82.5224491">
      </trkpt>
      <trkpt lat="22.0281187" lon="82.5267739">
      </trkpt>
      <trkpt lat="22.0281618" lon="82.5275198">
      </trkpt>
      <trkpt lat="22.0281723" lon="82.5285199">
      </trkpt>
      <trkpt lat="22.0281524" lon="82.5292362">
      </trkpt>
      <trkpt lat="22.0280858" lon="82.5301952">
      </trkpt>
      <trkpt lat="22.0280134" lon="82.5308048">
      </trkpt>
      <trkpt lat="22.0248145" lon="82.5534158">
      </trkpt>
      <trkpt lat="22.0241821" lon="82.558146">
      </trkpt>
      <trkpt lat="22.0241171" lon="82.5586438">
      </trkpt>
      <trkpt lat="22.0240345" lon="82.5592722">
      </trkpt>
      <trkpt lat="22.0239094" lon="82.5601315">
      </trkpt>
      <trkpt lat="22.0238554" lon="82.5605928">
      </trkpt>
      <trkpt lat="22.0236006" lon="82.5627341">
      </trkpt>
      <trkpt lat="22.0235034" lon="82.5635242">
      </trkpt>
      <trkpt lat="22.0230873" lon="82.566499">
      </trkpt>
      <trkpt lat="22.0230042" lon="82.5670257">
      </trkpt>
      <trkpt lat="22.022918" lon="82.5674911">
      </trkpt>
      <trkpt lat="22.0228097" lon="82.5680487">
      </trkpt>
      <trkpt lat="22.0226113" lon="82.5692705">
      </trkpt>
      <trkpt lat="22.0225211" lon="82.5698491">
      </trkpt>
      <trkpt lat="22.0222587" lon="82.5715718">
      </trkpt>
      <trkpt lat="22.0200191" lon="82.587242">
      </trkpt>
      <trkpt lat="22.0198944" lon="82.5882543">
      </trkpt>
      <trkpt lat="22.019837" lon="82.5893104">
      </trkpt>
      <trkpt lat="22.0198312" lon="82.5902179">
      </trkpt>
      <trkpt lat="22.0198936" lon="82.5971506">
      </trkpt>
      <trkpt lat="22.0199011" lon="82.6029269">
      </trkpt>
      <trkpt lat="22.0199219" lon="82.6035788">
      </trkpt>
      <trkpt lat="22.019924" lon="82.6046129">
      </trkpt>
      <trkpt lat="22.0199364" lon="82.6063446">
      </trkpt>
      <trkpt lat="22.0199646" lon="82.6082055">
      </trkpt>
      <trkpt lat="22.0199593" lon="82.6099733">
      </trkpt>
      <trkpt lat="22.0199857" lon="82.611359">
      </trkpt>
      <trkpt lat="22.0200086" lon="82.6130849">
      </trkpt>
      <trkpt lat="22.0200139" lon="82.6147501">
      </trkpt>
      <trkpt lat="22.0200263" lon="82.6164228">
      </trkpt>
      <trkpt lat="22.0200492" lon="82.6182001">
      </trkpt>
      <trkpt lat="22.0200756" lon="82.6200629">
      </trkpt>
      <trkpt lat="22.0200915" lon="82.6218782">
      </trkpt>
      <trkpt lat="22.0201003" lon="82.6236669">
      </trkpt>
      <trkpt lat="22.0201175" lon="82.6266778">
      </trkpt>
      <trkpt lat="22.0201686" lon="82.6277897">
      </trkpt>
      <trkpt lat="22.0202408" lon="82.628495">
      </trkpt>
      <trkpt lat="22.0204047" lon="82.6295917">
      </trkpt>
      <trkpt lat="22.0205457" lon="82.6303616">
      </trkpt>
      <trkpt lat="22.0208153" lon="82.6314298">
      </trkpt>
      <trkpt lat="22.0210267" lon="82.6321046">
      </trkpt>
      <trkpt lat="22.0214091" lon="82.6331615">
      </trkpt>
      <trkpt lat="22.0217316" lon="82.6339142">
      </trkpt>
      <trkpt lat="22.0223131" lon="82.6351346">
      </trkpt>
      <trkpt lat="22.0232506" lon="82.6370126">
      </trkpt>
      <trkpt lat="22.0239202" lon="82.6383242">
      </trkpt>
      <trkpt lat="22.0246479" lon="82.6395369">
      </trkpt>
      <trkpt lat="22.0252294" lon="82.6404512">
      </trkpt>
      <trkpt lat="22.0271272" lon="82.6433451">
      </trkpt>
      <trkpt lat="22.0276024" lon="82.6440983">
      </trkpt>
      <trkpt lat="22.0279975" lon="82.6446869">
      </trkpt>
      <trkpt lat="22.0283176" lon="82.6450969">
      </trkpt>
      <trkpt lat="22.0287069" lon="82.6455357">
      </trkpt>
      <trkpt lat="22.0290644" lon="82.6459443">
      </trkpt>
      <trkpt lat="22.0293608" lon="82.6463024">
      </trkpt>
      <trkpt lat="22.0296096" lon="82.6466309">
      </trkpt>
      <trkpt lat="22.02988" lon="82.6470211">
      </trkpt>
      <trkpt lat="22.030192" lon="82.6474848">
      </trkpt>
      <trkpt lat="22.0315756" lon="82.6496301">
      </trkpt>
      <trkpt lat="22.032264" lon="82.6506897">
      </trkpt>
      <trkpt lat="22.0326742" lon="82.6513712">
      </trkpt>
      <trkpt lat="22.0329759" lon="82.6518888">
      </trkpt>
      <trkpt lat="22.0333345" lon="82.6525958">
      </trkpt>
      <trkpt lat="22.0336985" lon="82.6533769">
      </trkpt>
      <trkpt lat="22.0340139" lon="82.6541599">
      </trkpt>
      <trkpt lat="22.0342862" lon="82.6549669">
      </trkpt>
      <trkpt lat="22.034522" lon="82.6557466">
      </trkpt>
      <trkpt lat="22.0346631" lon="82.6562795">
      </trkpt>
      <trkpt lat="22.0348012" lon="82.6569201">
      </trkpt>
      <trkpt lat="22.03487" lon="82.6573077">
      </trkpt>
      <trkpt lat="22.0349884" lon="82.658042">
      </trkpt>
      <trkpt lat="22.03504" lon="82.6585272">
      </trkpt>
      <trkpt lat="22.0350975" lon="82.6591119">
      </trkpt>
      <trkpt lat="22.035119" lon="82.6594594">
      </trkpt>
      <trkpt lat="22.035157" lon="82.660248">
      </trkpt>
      <trkpt lat="22.03515" lon="82.6608289">
      </trkpt>
      <trkpt lat="22.0351172" lon="82.6614415">
      </trkpt>
      <trkpt lat="22.0350777" lon="82.662042">
      </trkpt>
      <trkpt lat="22.0350312" lon="82.6625052">
      </trkpt>
      <trkpt lat="22.0349497" lon="82.6631143">
      </trkpt>
      <trkpt lat="22.0348944" lon="82.6634623">
      </trkpt>
      <trkpt lat="22.0347998" lon="82.664035">
      </trkpt>
      <trkpt lat="22.0340465" lon="82.6681722">
      </trkpt>
      <trkpt lat="22.0339249" lon="82.6688481">
      </trkpt>
      <trkpt lat="22.0338269" lon="82.6694206">
      </trkpt>
      <trkpt lat="22.0337106" lon="82.6700651">
      </trkpt>
      <trkpt lat="22.0335669" lon="82.6708613">
      </trkpt>
      <trkpt lat="22.0333028" lon="82.6723552">
      </trkpt>
      <trkpt lat="22.0331355" lon="82.6734841">
      </trkpt>
      <trkpt lat="22.0330905" lon="82.6737487">
      </trkpt>
      <trkpt lat="22.0327769" lon="82.6755061">
      </trkpt>
      <trkpt lat="22.0323317" lon="82.6780098">
      </trkpt>
      <trkpt lat="22.0317257" lon="82.6813012">
      </trkpt>
      <trkpt lat="22.0316745" lon="82.6815955">
      </trkpt>
      <trkpt lat="22.0312316" lon="82.684086">
      </trkpt>
      <trkpt lat="22.0307839" lon="82.6865695">
      </trkpt>
      <trkpt lat="22.0300031" lon="82.6909716">
      </trkpt>
      <trkpt lat="22.0293793" lon="82.6943914">
      </trkpt>
      <trkpt lat="22.0289125" lon="82.6968698">
      </trkpt>
      <trkpt lat="22.0282043" lon="82.7007766">
      </trkpt>
      <trkpt lat="22.0281403" lon="82.7011349">
      </trkpt>
      <trkpt lat="22.0276474" lon="82.7039166">
      </trkpt>
      <trkpt lat="22.0268044" lon="82.708639">
      </trkpt>
      <trkpt lat="22.0258055" lon="82.7141307">
      </trkpt>
      <trkpt lat="22.0244018" lon="82.7218916">
      </trkpt>
      <trkpt lat="22.0228276" lon="82.7305343">
      </trkpt>
      <trkpt lat="22.0220656" lon="82.734852">
      </trkpt>
      <trkpt lat="22.0217687" lon="82.736449">
      </trkpt>
      <trkpt lat="22.0216836" lon="82.7369589">
      </trkpt>
      <trkpt lat="22.0215746" lon="82.737539">
      </trkpt>
      <trkpt lat="22.0214549" lon="82.738183">
      </trkpt>
      <trkpt lat="22.0198673" lon="82.7469163">
      </trkpt>
      <trkpt lat="22.019579" lon="82.7485613">
      </trkpt>
      <trkpt lat="22.0189282" lon="82.752099">
      </trkpt>
      <trkpt lat="22.0186064" lon="82.7538885">
      </trkpt>
      <trkpt lat="22.0185032" lon="82.7545354">
      </trkpt>
      <trkpt lat="22.0183741" lon="82.7554891">
      </trkpt>
      <trkpt lat="22.0174214" lon="82.7641311">
      </trkpt>
      <trkpt lat="22.0170979" lon="82.767166">
      </trkpt>
      <trkpt lat="22.0169333" lon="82.7683945">
      </trkpt>
      <trkpt lat="22.0168073" lon="82.769452">
      </trkpt>
      <trkpt lat="22.0166098" lon="82.7713574">
      </trkpt>
      <trkpt lat="22.0161668" lon="82.77509">
      </trkpt>
      <trkpt lat="22.013833" lon="82.7958295">
      </trkpt>
      <trkpt lat="22.0126507" lon="82.8066959">
      </trkpt>
      <trkpt lat="22.012614" lon="82.8070374">
      </trkpt>
      <trkpt lat="22.0124691" lon="82.808185">
      </trkpt>
      <trkpt lat="22.0116219" lon="82.8155449">
      </trkpt>
      <trkpt lat="22.0114198" lon="82.8176917">
      </trkpt>
      <trkpt lat="22.0113603" lon="82.8186772">
      </trkpt>
      <trkpt lat="22.0113521" lon="82.8189663">
      </trkpt>
      <trkpt lat="22.0113529" lon="82.8196497">
      </trkpt>
      <trkpt lat="22.0113817" lon="82.820359">
      </trkpt>
      <trkpt lat="22.0114169" lon="82.8209806">
      </trkpt>
      <trkpt lat="22.0114769" lon="82.8216235">
      </trkpt>
      <trkpt lat="22.0144485" lon="82.8466743">
      </trkpt>
      <trkpt lat="22.0149314" lon="82.8508002">
      </trkpt>
      <trkpt lat="22.0162053" lon="82.8614444">
      </trkpt>
      <trkpt lat="22.016266" lon="82.8621887">
      </trkpt>
      <trkpt lat="22.0162996" lon="82.86276">
      </trkpt>
      <trkpt lat="22.0163144" lon="82.8634166">
      </trkpt>
      <trkpt lat="22.0163987" lon="82.8822622">
      </trkpt>
      <trkpt lat="22.0164712" lon="82.8866322">
      </trkpt>
      <trkpt lat="22.0164808" lon="82.891134">
      </trkpt>
      <trkpt lat="22.0164822" lon="82.8916668">
      </trkpt>
      <trkpt lat="22.0165108" lon="82.8964503">
      </trkpt>
      <trkpt lat="22.0165153" lon="82.9014226">
      </trkpt>
      <trkpt lat="22.0165163" lon="82.901934">
      </trkpt>
      <trkpt lat="22.0165016" lon="82.9026576">
      </trkpt>
      <trkpt lat="22.0164247" lon="82.9036264">
      </trkpt>
      <trkpt lat="22.0162927" lon="82.904648">
      </trkpt>
      <trkpt lat="22.016076" lon="82.9057685">
      </trkpt>
      <trkpt lat="22.0158298" lon="82.906741">
      </trkpt>
      <trkpt lat="22.0103915" lon="82.9248724">
      </trkpt>
      <trkpt lat="22.0101893" lon="82.9256244">
      </trkpt>
      <trkpt lat="22.0100142" lon="82.9264347">
      </trkpt>
      <trkpt lat="22.0098717" lon="82.9272683">
      </trkpt>
      <trkpt lat="22.0097875" lon="82.9280872">
      </trkpt>
      <trkpt lat="22.0097284" lon="82.9289426">
      </trkpt>
      <trkpt lat="22.0097177" lon="82.9299273">
      </trkpt>
      <trkpt lat="22.0097497" lon="82.9309087">
      </trkpt>
      <trkpt lat="22.0105961" lon="82.9411424">
      </trkpt>
      <trkpt lat="22.0106507" lon="82.9417456">
      </trkpt>
      <trkpt lat="22.010929" lon="82.9450675">
      </trkpt>
      <trkpt lat="22.0109797" lon="82.945715">
      </trkpt>
      <trkpt lat="22.0113103" lon="82.9500035">
      </trkpt>
      <trkpt lat="22.0113803" lon="82.9509229">
      </trkpt>
      <trkpt lat="22.011413" lon="82.9513451">
      </trkpt>
      <trkpt lat="22.0121504" lon="82.9604887">
      </trkpt>
      <trkpt lat="22.01218" lon="82.9608518">
      </trkpt>
      <trkpt lat="22.0122035" lon="82.9611741">
      </trkpt>
      <trkpt lat="22.0127038" lon="82.96712">
      </trkpt>
      <trkpt lat="22.012746" lon="82.9678514">
      </trkpt>
      <trkpt lat="22.0127649" lon="82.9685919">
      </trkpt>
      <trkpt lat="22.0127605" lon="82.969234">
      </trkpt>
      <trkpt lat="22.0127089" lon="82.9699634">
      </trkpt>
      <trkpt lat="22.0126397" lon="82.9707471">
      </trkpt>
      <trkpt lat="22.0124962" lon="82.9716969">
      </trkpt>
      <trkpt lat="22.012361" lon="82.9724513">
      </trkpt>
      <trkpt lat="22.0121088" lon="82.9734292">
      </trkpt>
      <trkpt lat="22.011838" lon="82.974288">
      </trkpt>
      <trkpt lat="22.0114951" lon="82.9752485">
      </trkpt>
      <trkpt lat="22.0112277" lon="82.9759655">
      </trkpt>
      <trkpt lat="22.0109311" lon="82.9767876">
      </trkpt>
      <trkpt lat="22.0104697" lon="82.9780073">
      </trkpt>
      <trkpt lat="22.0102721" lon="82.9785891">
      </trkpt>
      <trkpt lat="22.0099582" lon="82.9795853">
      </trkpt>
      <trkpt lat="22.0097005" lon="82.980673">
      </trkpt>
      <trkpt lat="22.0095065" lon="82.9818715">
      </trkpt>
      <trkpt lat="22.0093968" lon="82.983086">
      </trkpt>
      <trkpt lat="22.0093575" lon="82.9840454">
      </trkpt>
      <trkpt lat="22.0093845" lon="82.9849699">
      </trkpt>
      <trkpt lat="22.0094557" lon="82.9859221">
      </trkpt>
      <trkpt lat="22.0095304" lon="82.9866961">
      </trkpt>
      <trkpt lat="22.010432" lon="82.9937398">
      </trkpt>
      <trkpt lat="22.0104984" lon="82.9943343">
      </trkpt>
      <trkpt lat="22.0105372" lon="82.9949959">
      </trkpt>
      <trkpt lat="22.0105644" lon="82.9956847">
      </trkpt>
      <trkpt lat="22.0105583" lon="82.9963731">
      </trkpt>
      <trkpt lat="22.0105174" lon="82.9971707">
      </trkpt>
      <trkpt lat="22.0104503" lon="82.9978233">
      </trkpt>
      <trkpt lat="22.0103782" lon="82.9984815">
      </trkpt>
      <trkpt lat="22.0102147" lon="82.9994629">
      </trkpt>
      <trkpt lat="22.0089099" lon="83.0061393">
      </trkpt>
      <trkpt lat="22.0032364" lon="83.0353936">
      </trkpt>
      <trkpt lat="22.0031657" lon="83.0357748">
      </trkpt>
      <trkpt lat="22.00085" lon="83.0476144">
      </trkpt>
      <trkpt lat="22.0005711" lon="83.0491312">
      </trkpt>
      <trkpt lat="21.9989545" lon="83.0575126">
      </trkpt>
      <trkpt lat="21.9984144" lon="83.0602289">
      </trkpt>
      <trkpt lat="21.9953115" lon="83.0762772">
      </trkpt>
      <trkpt lat="21.9950105" lon="83.0775734">
      </trkpt>
      <trkpt lat="21.9913089" lon="83.0925136">
      </trkpt>
      <trkpt lat="21.9911841" lon="83.0931211">
      </trkpt>
      <trkpt lat="21.9911012" lon="83.0936097">
      </trkpt>
      <trkpt lat="21.991035" lon="83.0940624">
      </trkpt>
      <trkpt lat="21.9909505" lon="83.0948292">
      </trkpt>
      <trkpt lat="21.9909172" lon="83.0955247">
      </trkpt>
      <trkpt lat="21.9909138" lon="83.0959375">
      </trkpt>
      <trkpt lat="21.9909189" lon="83.0965517">
      </trkpt>
      <trkpt lat="21.9909474" lon="83.0972801">
      </trkpt>
      <trkpt lat="21.9909761" lon="83.0976802">
      </trkpt>
      <trkpt lat="21.991009" lon="83.0981078">
      </trkpt>
      <trkpt lat="21.9910778" lon="83.0986778">
      </trkpt>
      <trkpt lat="21.9911561" lon="83.0992447">
      </trkpt>
      <trkpt lat="21.9912251" lon="83.0996412">
      </trkpt>
      <trkpt lat="21.9913121" lon="83.1000654">
      </trkpt>
      <trkpt lat="21.9913985" lon="83.1004901">
      </trkpt>
      <trkpt lat="21.9931538" lon="83.1077264">
      </trkpt>
      <trkpt lat="21.9932509" lon="83.1081434">
      </trkpt>
      <trkpt lat="21.9936234" lon="83.1096903">
      </trkpt>
      <trkpt lat="21.99378" lon="83.1104461">
      </trkpt>
      <trkpt lat="21.9972509" lon="83.1249813">
      </trkpt>
      <trkpt lat="21.9974286" lon="83.125861">
      </trkpt>
      <trkpt lat="21.9975325" lon="83.1266027">
      </trkpt>
      <trkpt lat="21.997623" lon="83.1274359">
      </trkpt>
      <trkpt lat="21.9976701" lon="83.1281437">
      </trkpt>
      <trkpt lat="21.9982339" lon="83.1415642">
      </trkpt>
      <trkpt lat="21.9982447" lon="83.1420454">
      </trkpt>
      <trkpt lat="21.9982302" lon="83.1426682">
      </trkpt>
      <trkpt lat="21.9981727" lon="83.1435411">
      </trkpt>
      <trkpt lat="21.9973243" lon="83.1536419">
      </trkpt>
      <trkpt lat="21.9972302" lon="83.1545294">
      </trkpt>
      <trkpt lat="21.9970999" lon="83.1554071">
      </trkpt>
      <trkpt lat="21.9969825" lon="83.1560297">
      </trkpt>
      <trkpt lat="21.9967876" lon="83.1569091">
      </trkpt>
      <trkpt lat="21.9965767" lon="83.1576423">
      </trkpt>
      <trkpt lat="21.9963357" lon="83.1584242">
      </trkpt>
      <trkpt lat="21.991928" lon="83.1716693">
      </trkpt>
      <trkpt lat="21.991703" lon="83.1723572">
      </trkpt>
      <trkpt lat="21.9908656" lon="83.1748584">
      </trkpt>
      <trkpt lat="21.9905201" lon="83.1758476">
      </trkpt>
      <trkpt lat="21.9902147" lon="83.1767469">
      </trkpt>
      <trkpt lat="21.990072" lon="83.1772378">
      </trkpt>
      <trkpt lat="21.9899533" lon="83.1777106">
      </trkpt>
      <trkpt lat="21.989842" lon="83.1781862">
      </trkpt>
      <trkpt lat="21.9897532" lon="83.1785926">
      </trkpt>
      <trkpt lat="21.989671" lon="83.1790968">
      </trkpt>
      <trkpt lat="21.9896113" lon="83.1794724">
      </trkpt>
      <trkpt lat="21.9894721" lon="83.1808215">
      </trkpt>
      <trkpt lat="21.9894174" lon="83.1818194">
      </trkpt>
      <trkpt lat="21.9894074" lon="83.1825409">
      </trkpt>
      <trkpt lat="21.9894447" lon="83.1832758">
      </trkpt>
      <trkpt lat="21.989497" lon="83.184">
      </trkpt>
      <trkpt lat="21.9895666" lon="83.1846088">
      </trkpt>
      <trkpt lat="21.9896611" lon="83.1852311">
      </trkpt>
      <trkpt lat="21.9897457" lon="83.1857005">
      </trkpt>
      <trkpt lat="21.9898352" lon="83.1861779">
      </trkpt>
      <trkpt lat="21.9900018" lon="83.1869075">
      </trkpt>
      <trkpt lat="21.9901585" lon="83.1874493">
      </trkpt>
      <trkpt lat="21.9903451" lon="83.1879884">
      </trkpt>
      <trkpt lat="21.990539" lon="83.1884953">
      </trkpt>
      <trkpt lat="21.9907281" lon="83.1889647">
      </trkpt>
      <trkpt lat="21.9909469" lon="83.1895092">
      </trkpt>
      <trkpt lat="21.9911757" lon="83.1900483">
      </trkpt>
      <trkpt lat="21.9917279" lon="83.1912285">
      </trkpt>
      <trkpt lat="21.9920412" lon="83.191891">
      </trkpt>
      <trkpt lat="21.9930428" lon="83.1940731">
      </trkpt>
      <trkpt lat="21.994339" lon="83.1968657">
      </trkpt>
      <trkpt lat="21.9956382" lon="83.1996454">
      </trkpt>
      <trkpt lat="21.9961969" lon="83.2008744">
      </trkpt>
      <trkpt lat="21.9968668" lon="83.2022911">
      </trkpt>
      <trkpt lat="21.9991956" lon="83.2073914">
      </trkpt>
      <trkpt lat="21.9995221" lon="83.2081433">
      </trkpt>
      <trkpt lat="21.9998548" lon="83.2090436">
      </trkpt>
      <trkpt lat="22.0000905" lon="83.2098034">
      </trkpt>
      <trkpt lat="22.0001441" lon="83.2100108">
      </trkpt>
      <trkpt lat="22.0003321" lon="83.2107599">
      </trkpt>
      <trkpt lat="22.0004838" lon="83.2114762">
      </trkpt>
      <trkpt lat="22.0006431" lon="83.2125197">
      </trkpt>
      <trkpt lat="22.0007216" lon="83.2132726">
      </trkpt>
      <trkpt lat="22.0007756" lon="83.2141756">
      </trkpt>
      <trkpt lat="22.0007804" lon="83.2151798">
      </trkpt>
      <trkpt lat="22.0007338" lon="83.2161997">
      </trkpt>
      <trkpt lat="22.0006053" lon="83.2173893">
      </trkpt>
      <trkpt lat="22.0003886" lon="83.2185502">
      </trkpt>
      <trkpt lat="22.0001126" lon="83.21967">
      </trkpt>
      <trkpt lat="21.9997264" lon="83.2209023">
      </trkpt>
      <trkpt lat="21.9994121" lon="83.2217423">
      </trkpt>
      <trkpt lat="21.9990893" lon="83.2224897">
      </trkpt>
      <trkpt lat="21.9988134" lon="83.2230117">
      </trkpt>
      <trkpt lat="21.9982293" lon="83.2240726">
      </trkpt>
      <trkpt lat="21.9981033" lon="83.2242757">
      </trkpt>
      <trkpt lat="21.9976126" lon="83.2250185">
      </trkpt>
      <trkpt lat="21.9940784" lon="83.2303551">
      </trkpt>
      <trkpt lat="21.9894038" lon="83.2374483">
      </trkpt>
      <trkpt lat="21.9875311" lon="83.2402712">
      </trkpt>
      <trkpt lat="21.9848533" lon="83.2443207">
      </trkpt>
      <trkpt lat="21.9830677" lon="83.2470323">
      </trkpt>
      <trkpt lat="21.9808553" lon="83.2503203">
      </trkpt>
      <trkpt lat="21.978394" lon="83.2540465">
      </trkpt>
      <trkpt lat="21.9770646" lon="83.2560573">
      </trkpt>
      <trkpt lat="21.9768903" lon="83.2563299">
      </trkpt>
      <trkpt lat="21.9751964" lon="83.2589337">
      </trkpt>
      <trkpt lat="21.9739915" lon="83.2608072">
      </trkpt>
      <trkpt lat="21.9728992" lon="83.262475">
      </trkpt>
      <trkpt lat="21.9721095" lon="83.263646">
      </trkpt>
      <trkpt lat="21.9714696" lon="83.2645331">
      </trkpt>
      <trkpt lat="21.9712952" lon="83.2647984">
      </trkpt>
      <trkpt lat="21.9709244" lon="83.2653434">
      </trkpt>
      <trkpt lat="21.9698621" lon="83.266975">
      </trkpt>
      <trkpt lat="21.9684977" lon="83.2690178">
      </trkpt>
      <trkpt lat="21.9665301" lon="83.2719734">
      </trkpt>
      <trkpt lat="21.9642157" lon="83.2754934">
      </trkpt>
      <trkpt lat="21.9620199" lon="83.2788073">
      </trkpt>
      <trkpt lat="21.9609612" lon="83.2804138">
      </trkpt>
      <trkpt lat="21.9601665" lon="83.2816019">
      </trkpt>
      <trkpt lat="21.9584118" lon="83.284272">
      </trkpt>
      <trkpt lat="21.9583731" lon="83.2843284">
      </trkpt>
      <trkpt lat="21.9546904" lon="83.2899256">
      </trkpt>
      <trkpt lat="21.9495362" lon="83.2977258">
      </trkpt>
      <trkpt lat="21.9465417" lon="83.3022261">
      </trkpt>
      <trkpt lat="21.9459342" lon="83.3031374">
      </trkpt>
      <trkpt lat="21.9423597" lon="83.3085522">
      </trkpt>
      <trkpt lat="21.9413624" lon="83.3100464">
      </trkpt>
      <trkpt lat="21.9383823" lon="83.3145397">
      </trkpt>
      <trkpt lat="21.9367346" lon="83.3170304">
      </trkpt>
      <trkpt lat="21.9366687" lon="83.3171342">
      </trkpt>
      <trkpt lat="21.935566" lon="83.3187943">
      </trkpt>
      <trkpt lat="21.9342982" lon="83.3206916">
      </trkpt>
      <trkpt lat="21.933246" lon="83.3222958">
      </trkpt>
      <trkpt lat="21.9328567" lon="83.3228915">
      </trkpt>
      <trkpt lat="21.9325421" lon="83.3233456">
      </trkpt>
      <trkpt lat="21.9322364" lon="83.3238119">
      </trkpt>
      <trkpt lat="21.9316439" lon="83.3247407">
      </trkpt>
      <trkpt lat="21.930782" lon="83.326128">
      </trkpt>
      <trkpt lat="21.9291308" lon="83.3285023">
      </trkpt>
      <trkpt lat="21.9282489" lon="83.3298634">
      </trkpt>
      <trkpt lat="21.9278337" lon="83.330348">
      </trkpt>
      <trkpt lat="21.927351" lon="83.3310789">
      </trkpt>
      <trkpt lat="21.9271868" lon="83.3313136">
      </trkpt>
      <trkpt lat="21.9267737" lon="83.3319359">
      </trkpt>
      <trkpt lat="21.9263483" lon="83.3325863">
      </trkpt>
      <trkpt lat="21.9260173" lon="83.3330691">
      </trkpt>
      <trkpt lat="21.9258233" lon="83.3333695">
      </trkpt>
      <trkpt lat="21.9253505" lon="83.334095">
      </trkpt>
      <trkpt lat="21.9250706" lon="83.3345054">
      </trkpt>
      <trkpt lat="21.9245953" lon="83.3352081">
      </trkpt>
      <trkpt lat="21.9241873" lon="83.3358183">
      </trkpt>
      <trkpt lat="21.9240641" lon="83.3360276">
      </trkpt>
      <trkpt lat="21.9239484" lon="83.3362019">
      </trkpt>
      <trkpt lat="21.9237456" lon="83.3364929">
      </trkpt>
      <trkpt lat="21.9234619" lon="83.3369301">
      </trkpt>
      <trkpt lat="21.9229419" lon="83.3377482">
      </trkpt>
      <trkpt lat="21.9224505" lon="83.3385327">
      </trkpt>
      <trkpt lat="21.9220138" lon="83.3391979">
      </trkpt>
      <trkpt lat="21.9215435" lon="83.3399302">
      </trkpt>
      <trkpt lat="21.9210297" lon="83.340704">
      </trkpt>
      <trkpt lat="21.9206315" lon="83.3412887">
      </trkpt>
      <trkpt lat="21.9184817" lon="83.344658">
      </trkpt>
      <trkpt lat="21.9152316" lon="83.3495592">
      </trkpt>
      <trkpt lat="21.9093367" lon="83.3583274">
      </trkpt>
      <trkpt lat="21.908635" lon="83.3593829">
      </trkpt>
      <trkpt lat="21.9074592" lon="83.3611518">
      </trkpt>
      <trkpt lat="21.9068918" lon="83.3620101">
      </trkpt>
      <trkpt lat="21.9061004" lon="83.363201">
      </trkpt>
      <trkpt lat="21.9052469" lon="83.3644831">
      </trkpt>
      <trkpt lat="21.9040324" lon="83.3663151">
      </trkpt>
      <trkpt lat="21.903256" lon="83.3674845">
      </trkpt>
      <trkpt lat="21.9027807" lon="83.368147">
      </trkpt>
      <trkpt lat="21.9021759" lon="83.368957">
      </trkpt>
      <trkpt lat="21.901509" lon="83.3699441">
      </trkpt>
      <trkpt lat="21.9007649" lon="83.3710599">
      </trkpt>
      <trkpt lat="21.9004264" lon="83.3715641">
      </trkpt>
      <trkpt lat="21.8998988" lon="83.3723581">
      </trkpt>
      <trkpt lat="21.8993712" lon="83.3731306">
      </trkpt>
      <trkpt lat="21.8987192" lon="83.3741283">
      </trkpt>
      <trkpt lat="21.8978905" lon="83.3753729">
      </trkpt>
      <trkpt lat="21.8966847" lon="83.3771596">
      </trkpt>
      <trkpt lat="21.8962703" lon="83.3777601">
      </trkpt>
      <trkpt lat="21.8958697" lon="83.3783716">
      </trkpt>
      <trkpt lat="21.8953719" lon="83.3791199">
      </trkpt>
      <trkpt lat="21.8949812" lon="83.37971">
      </trkpt>
      <trkpt lat="21.893631" lon="83.3817619">
      </trkpt>
      <trkpt lat="21.8934319" lon="83.3820918">
      </trkpt>
      <trkpt lat="21.8933311" lon="83.3822152">
      </trkpt>
      <trkpt lat="21.8929553" lon="83.3829112">
      </trkpt>
      <trkpt lat="21.892801" lon="83.3832076">
      </trkpt>
      <trkpt lat="21.8926579" lon="83.3835255">
      </trkpt>
      <trkpt lat="21.8925621" lon="83.3837588">
      </trkpt>
      <trkpt lat="21.8924377" lon="83.3840404">
      </trkpt>
      <trkpt lat="21.8923269" lon="83.3843087">
      </trkpt>
      <trkpt lat="21.8922224" lon="83.3846024">
      </trkpt>
      <trkpt lat="21.8921303" lon="83.3848894">
      </trkpt>
      <trkpt lat="21.8920892" lon="83.3850302">
      </trkpt>
      <trkpt lat="21.8920594" lon="83.3851482">
      </trkpt>
      <trkpt lat="21.8920283" lon="83.3852769">
      </trkpt>
      <trkpt lat="21.8919611" lon="83.3855841">
      </trkpt>
      <trkpt lat="21.8918578" lon="83.3860615">
      </trkpt>
      <trkpt lat="21.8918105" lon="83.3864303">
      </trkpt>
      <trkpt lat="21.8917396" lon="83.3868514">
      </trkpt>
      <trkpt lat="21.8915517" lon="83.3879377">
      </trkpt>
      <trkpt lat="21.8914322" lon="83.3885948">
      </trkpt>
      <trkpt lat="21.8913637" lon="83.3890066">
      </trkpt>
      <trkpt lat="21.8912331" lon="83.3897308">
      </trkpt>
      <trkpt lat="21.8910676" lon="83.390687">
      </trkpt>
      <trkpt lat="21.8909506" lon="83.3913401">
      </trkpt>
      <trkpt lat="21.8908112" lon="83.3921273">
      </trkpt>
      <trkpt lat="21.890744" lon="83.3925444">
      </trkpt>
      <trkpt lat="21.8906507" lon="83.3929816">
      </trkpt>
      <trkpt lat="21.8905686" lon="83.3933531">
      </trkpt>
      <trkpt lat="21.8904678" lon="83.3939499">
      </trkpt>
      <trkpt lat="21.8904217" lon="83.3942865">
      </trkpt>
      <trkpt lat="21.8903769" lon="83.3946808">
      </trkpt>
      <trkpt lat="21.8903272" lon="83.3950724">
      </trkpt>
      <trkpt lat="21.8902786" lon="83.3955149">
      </trkpt>
      <trkpt lat="21.8902525" lon="83.3958797">
      </trkpt>
      <trkpt lat="21.8902463" lon="83.3965087">
      </trkpt>
      <trkpt lat="21.8902413" lon="83.3966616">
      </trkpt>
      <trkpt lat="21.8902662" lon="83.3971497">
      </trkpt>
      <trkpt lat="21.8903334" lon="83.3976835">
      </trkpt>
      <trkpt lat="21.890372" lon="83.3980013">
      </trkpt>
      <trkpt lat="21.8904591" lon="83.3984573">
      </trkpt>
      <trkpt lat="21.8905088" lon="83.3987269">
      </trkpt>
      <trkpt lat="21.8906197" lon="83.3992668">
      </trkpt>
      <trkpt lat="21.8909451" lon="83.4006384">
      </trkpt>
      <trkpt lat="21.8910143" lon="83.4010756">
      </trkpt>
      <trkpt lat="21.891493" lon="83.4034488">
      </trkpt>
      <trkpt lat="21.8921335" lon="83.4064624">
      </trkpt>
      <trkpt lat="21.8921803" lon="83.4067345">
      </trkpt>
      <trkpt lat="21.8927872" lon="83.4096397">
      </trkpt>
      <trkpt lat="21.8934111" lon="83.4126818">
      </trkpt>
      <trkpt lat="21.8940285" lon="83.4157167">
      </trkpt>
      <trkpt lat="21.8945534" lon="83.4183745">
      </trkpt>
      <trkpt lat="21.8946326" lon="83.4188798">
      </trkpt>
      <trkpt lat="21.8947449" lon="83.419908">
      </trkpt>
      <trkpt lat="21.894801" lon="83.420609">
      </trkpt>
      <trkpt lat="21.8948076" lon="83.4213134">
      </trkpt>
      <trkpt lat="21.8947614" lon="83.4228149">
      </trkpt>
      <trkpt lat="21.8946425" lon="83.4239428">
      </trkpt>
      <trkpt lat="21.894385" lon="83.4254371">
      </trkpt>
      <trkpt lat="21.8941011" lon="83.4268532">
      </trkpt>
      <trkpt lat="21.89353" lon="83.4298561">
      </trkpt>
      <trkpt lat="21.8930117" lon="83.4326349">
      </trkpt>
      <trkpt lat="21.8923745" lon="83.4360363">
      </trkpt>
      <trkpt lat="21.8917505" lon="83.439331">
      </trkpt>
      <trkpt lat="21.8911695" lon="83.4424798">
      </trkpt>
      <trkpt lat="21.890529" lon="83.4458208">
      </trkpt>
      <trkpt lat="21.8899083" lon="83.4490621">
      </trkpt>
      <trkpt lat="21.8892712" lon="83.4524208">
      </trkpt>
      <trkpt lat="21.8886142" lon="83.4559219">
      </trkpt>
      <trkpt lat="21.887977" lon="83.4592984">
      </trkpt>
      <trkpt lat="21.8873299" lon="83.4627603">
      </trkpt>
      <trkpt lat="21.8861545" lon="83.4689548">
      </trkpt>
      <trkpt lat="21.8849825" lon="83.4751279">
      </trkpt>
      <trkpt lat="21.8847867" lon="83.4761817">
      </trkpt>
      <trkpt lat="21.8838599" lon="83.4811693">
      </trkpt>
      <trkpt lat="21.88359" lon="83.4827079">
      </trkpt>
      <trkpt lat="21.8832326" lon="83.4845031">
      </trkpt>
      <trkpt lat="21.8826483" lon="83.4874491">
      </trkpt>
      <trkpt lat="21.8822587" lon="83.4896337">
      </trkpt>
      <trkpt lat="21.8819811" lon="83.4911714">
      </trkpt>
      <trkpt lat="21.8790407" lon="83.5064289">
      </trkpt>
      <trkpt lat="21.8788262" lon="83.5074431">
      </trkpt>
      <trkpt lat="21.8786463" lon="83.5081617">
      </trkpt>
      <trkpt lat="21.8785188" lon="83.5087072">
      </trkpt>
      <trkpt lat="21.8782795" lon="83.5098487">
      </trkpt>
      <trkpt lat="21.8773935" lon="83.5145617">
      </trkpt>
      <trkpt lat="21.8772764" lon="83.5152139">
      </trkpt>
      <trkpt lat="21.8771806" lon="83.5157173">
      </trkpt>
      <trkpt lat="21.8770734" lon="83.5163295">
      </trkpt>
      <trkpt lat="21.8768856" lon="83.5177525">
      </trkpt>
      <trkpt lat="21.876797" lon="83.5183046">
      </trkpt>
      <trkpt lat="21.8766928" lon="83.5188661">
      </trkpt>
      <trkpt lat="21.8748258" lon="83.5287749">
      </trkpt>
      <trkpt lat="21.8747274" lon="83.5293122">
      </trkpt>
      <trkpt lat="21.8746555" lon="83.5298073">
      </trkpt>
      <trkpt lat="21.8745828" lon="83.53055">
      </trkpt>
      <trkpt lat="21.8745392" lon="83.5312275">
      </trkpt>
      <trkpt lat="21.8745212" lon="83.5314844">
      </trkpt>
      <trkpt lat="21.8745085" lon="83.5320993">
      </trkpt>
      <trkpt lat="21.8747815" lon="83.5543565">
      </trkpt>
      <trkpt lat="21.8747854" lon="83.5562132">
      </trkpt>
      <trkpt lat="21.8747842" lon="83.5568675">
      </trkpt>
      <trkpt lat="21.8748031" lon="83.5588041">
      </trkpt>
      <trkpt lat="21.8748794" lon="83.5652987">
      </trkpt>
      <trkpt lat="21.8748786" lon="83.5657753">
      </trkpt>
      <trkpt lat="21.8748647" lon="83.5663351">
      </trkpt>
      <trkpt lat="21.8747818" lon="83.5682927">
      </trkpt>
      <trkpt lat="21.8747517" lon="83.5695909">
      </trkpt>
      <trkpt lat="21.8747061" lon="83.5700108">
      </trkpt>
      <trkpt lat="21.874515" lon="83.5739997">
      </trkpt>
      <trkpt lat="21.8744947" lon="83.5744655">
      </trkpt>
      <trkpt lat="21.874269" lon="83.5801263">
      </trkpt>
      <trkpt lat="21.8742364" lon="83.5808381">
      </trkpt>
      <trkpt lat="21.8741751" lon="83.5815572">
      </trkpt>
      <trkpt lat="21.8740686" lon="83.5823339">
      </trkpt>
      <trkpt lat="21.8739228" lon="83.5831686">
      </trkpt>
      <trkpt lat="21.8736885" lon="83.5842003">
      </trkpt>
      <trkpt lat="21.8735025" lon="83.5848636">
      </trkpt>
      <trkpt lat="21.8729487" lon="83.5868129">
      </trkpt>
      <trkpt lat="21.8610467" lon="83.628572">
      </trkpt>
      <trkpt lat="21.8608438" lon="83.6293055">
      </trkpt>
      <trkpt lat="21.8606548" lon="83.6301319">
      </trkpt>
      <trkpt lat="21.8605196" lon="83.6309476">
      </trkpt>
      <trkpt lat="21.8604073" lon="83.6319078">
      </trkpt>
      <trkpt lat="21.8587753" lon="83.6560769">
      </trkpt>
      <trkpt lat="21.8587347" lon="83.656632">
      </trkpt>
      <trkpt lat="21.8586689" lon="83.6573826">
      </trkpt>
      <trkpt lat="21.8586412" lon="83.6577819">
      </trkpt>
      <trkpt lat="21.8586306" lon="83.6580378">
      </trkpt>
      <trkpt lat="21.8575097" lon="83.675133">
      </trkpt>
      <trkpt lat="21.8573642" lon="83.6770021">
      </trkpt>
      <trkpt lat="21.8573218" lon="83.6776091">
      </trkpt>
      <trkpt lat="21.8572585" lon="83.6788833">
      </trkpt>
      <trkpt lat="21.8572592" lon="83.6797772">
      </trkpt>
      <trkpt lat="21.8572762" lon="83.680315">
      </trkpt>
      <trkpt lat="21.8573037" lon="83.6807762">
      </trkpt>
      <trkpt lat="21.8573712" lon="83.6813491">
      </trkpt>
      <trkpt lat="21.8574705" lon="83.6819788">
      </trkpt>
      <trkpt lat="21.8575462" lon="83.6824168">
      </trkpt>
      <trkpt lat="21.8576695" lon="83.6830573">
      </trkpt>
      <trkpt lat="21.8579141" lon="83.6840308">
      </trkpt>
      <trkpt lat="21.8582377" lon="83.6850446">
      </trkpt>
      <trkpt lat="21.8601595" lon="83.6902803">
      </trkpt>
      <trkpt lat="21.8603312" lon="83.690747">
      </trkpt>
      <trkpt lat="21.860742" lon="83.6917609">
      </trkpt>
      <trkpt lat="21.8610681" lon="83.6924556">
      </trkpt>
      <trkpt lat="21.8614564" lon="83.693153">
      </trkpt>
      <trkpt lat="21.8619443" lon="83.6938879">
      </trkpt>
      <trkpt lat="21.8625218" lon="83.6946309">
      </trkpt>
      <trkpt lat="21.8723904" lon="83.706159">
      </trkpt>
      <trkpt lat="21.8729821" lon="83.7069404">
      </trkpt>
      <trkpt lat="21.8734058" lon="83.7076282">
      </trkpt>
      <trkpt lat="21.8738426" lon="83.7084293">
      </trkpt>
      <trkpt lat="21.8741773" lon="83.7091846">
      </trkpt>
      <trkpt lat="21.8744647" lon="83.7099616">
      </trkpt>
      <trkpt lat="21.8747114" lon="83.7108">
      </trkpt>
      <trkpt lat="21.8748534" lon="83.7114887">
      </trkpt>
      <trkpt lat="21.8749523" lon="83.7120343">
      </trkpt>
      <trkpt lat="21.8750029" lon="83.7125412">
      </trkpt>
      <trkpt lat="21.87507" lon="83.7132705">
      </trkpt>
      <trkpt lat="21.8750617" lon="83.7139546">
      </trkpt>
      <trkpt lat="21.8750254" lon="83.714532">
      </trkpt>
      <trkpt lat="21.8749344" lon="83.7153283">
      </trkpt>
      <trkpt lat="21.8747556" lon="83.7165115">
      </trkpt>
      <trkpt lat="21.8746185" lon="83.7174051">
      </trkpt>
      <trkpt lat="21.8739228" lon="83.7219365">
      </trkpt>
      <trkpt lat="21.8738162" lon="83.7226756">
      </trkpt>
      <trkpt lat="21.8737741" lon="83.7234849">
      </trkpt>
      <trkpt lat="21.8737879" lon="83.7242725">
      </trkpt>
      <trkpt lat="21.8738614" lon="83.7249911">
      </trkpt>
      <trkpt lat="21.8740237" lon="83.7258197">
      </trkpt>
      <trkpt lat="21.8742892" lon="83.7266898">
      </trkpt>
      <trkpt lat="21.874553" lon="83.7273255">
      </trkpt>
      <trkpt lat="21.8748944" lon="83.728025">
      </trkpt>
      <trkpt lat="21.876608" lon="83.731036">
      </trkpt>
      <trkpt lat="21.8768387" lon="83.7315103">
      </trkpt>
      <trkpt lat="21.8771127" lon="83.7322327">
      </trkpt>
      <trkpt lat="21.8773139" lon="83.7329169">
      </trkpt>
      <trkpt lat="21.8774402" lon="83.7334369">
      </trkpt>
      <trkpt lat="21.8775559" lon="83.7340378">
      </trkpt>
      <trkpt lat="21.8776065" lon="83.7346222">
      </trkpt>
      <trkpt lat="21.8776128" lon="83.7351217">
      </trkpt>
      <trkpt lat="21.8775913" lon="83.7357596">
      </trkpt>
      <trkpt lat="21.8775645" lon="83.7360341">
      </trkpt>
      <trkpt lat="21.8775471" lon="83.7362124">
      </trkpt>
      <trkpt lat="21.8774998" lon="83.7365444">
      </trkpt>
      <trkpt lat="21.877397" lon="83.7371718">
      </trkpt>
      <trkpt lat="21.8770514" lon="83.7388433">
      </trkpt>
      <trkpt lat="21.8760676" lon="83.7441387">
      </trkpt>
      <trkpt lat="21.8759124" lon="83.7449612">
      </trkpt>
      <trkpt lat="21.8757551" lon="83.7457711">
      </trkpt>
      <trkpt lat="21.875699" lon="83.7460928">
      </trkpt>
      <trkpt lat="21.8756707" lon="83.7463579">
      </trkpt>
      <trkpt lat="21.8756398" lon="83.7468272">
      </trkpt>
      <trkpt lat="21.875649" lon="83.7472345">
      </trkpt>
      <trkpt lat="21.8756735" lon="83.7487366">
      </trkpt>
      <trkpt lat="21.8757104" lon="83.7493026">
      </trkpt>
      <trkpt lat="21.8757864" lon="83.7500646">
      </trkpt>
      <trkpt lat="21.8759112" lon="83.7508044">
      </trkpt>
      <trkpt lat="21.876112" lon="83.7517148">
      </trkpt>
      <trkpt lat="21.8763094" lon="83.752529">
      </trkpt>
      <trkpt lat="21.8764438" lon="83.7529922">
      </trkpt>
      <trkpt lat="21.87794" lon="83.757469">
      </trkpt>
      <trkpt lat="21.8790132" lon="83.7605821">
      </trkpt>
      <trkpt lat="21.8792072" lon="83.7612224">
      </trkpt>
      <trkpt lat="21.8793596" lon="83.7618652">
      </trkpt>
      <trkpt lat="21.8794513" lon="83.7624624">
      </trkpt>
      <trkpt lat="21.8795074" lon="83.7631108">
      </trkpt>
      <trkpt lat="21.879515" lon="83.7636794">
      </trkpt>
      <trkpt lat="21.8795056" lon="83.7640662">
      </trkpt>
      <trkpt lat="21.8790913" lon="83.7711319">
      </trkpt>
      <trkpt lat="21.8790388" lon="83.7718127">
      </trkpt>
      <trkpt lat="21.8789647" lon="83.7725624">
      </trkpt>
      <trkpt lat="21.878907" lon="83.773047">
      </trkpt>
      <trkpt lat="21.8768209" lon="83.7884213">
      </trkpt>
      <trkpt lat="21.8766829" lon="83.7892348">
      </trkpt>
      <trkpt lat="21.8765175" lon="83.790075">
      </trkpt>
      <trkpt lat="21.8762957" lon="83.7908112">
      </trkpt>
      <trkpt lat="21.8760157" lon="83.7915042">
      </trkpt>
      <trkpt lat="21.8757524" lon="83.7920557">
      </trkpt>
      <trkpt lat="21.8751553" lon="83.7932156">
      </trkpt>
      <trkpt lat="21.8750556" lon="83.7934312">
      </trkpt>
      <trkpt lat="21.8734986" lon="83.7966626">
      </trkpt>
      <trkpt lat="21.8690762" lon="83.8055372">
      </trkpt>
      <trkpt lat="21.8686843" lon="83.806238">
      </trkpt>
      <trkpt lat="21.8682917" lon="83.8068349">
      </trkpt>
      <trkpt lat="21.8679165" lon="83.8073081">
      </trkpt>
      <trkpt lat="21.8675785" lon="83.807692">
      </trkpt>
      <trkpt lat="21.8671343" lon="83.8081224">
      </trkpt>
      <trkpt lat="21.8667511" lon="83.8084561">
      </trkpt>
      <trkpt lat="21.8482074" lon="83.8230743">
      </trkpt>
      <trkpt lat="21.8477791" lon="83.8234428">
      </trkpt>
      <trkpt lat="21.8472043" lon="83.823916">
      </trkpt>
      <trkpt lat="21.8467602" lon="83.8243431">
      </trkpt>
      <trkpt lat="21.8462883" lon="83.8248264">
      </trkpt>
      <trkpt lat="21.8408203" lon="83.8307593">
      </trkpt>
      <trkpt lat="21.8402017" lon="83.8314231">
      </trkpt>
      <trkpt lat="21.8396881" lon="83.8320364">
      </trkpt>
      <trkpt lat="21.8392749" lon="83.83264">
      </trkpt>
      <trkpt lat="21.8389555" lon="83.8332153">
      </trkpt>
      <trkpt lat="21.8386774" lon="83.8337925">
      </trkpt>
      <trkpt lat="21.8384436" lon="83.8344021">
      </trkpt>
      <trkpt lat="21.838262" lon="83.8349774">
      </trkpt>
      <trkpt lat="21.837782" lon="83.8365894">
      </trkpt>
      <trkpt lat="21.8375398" lon="83.8373291">
      </trkpt>
      <trkpt lat="21.837286" lon="83.8379878">
      </trkpt>
      <trkpt lat="21.83697" lon="83.8386734">
      </trkpt>
      <trkpt lat="21.8366082" lon="83.8393596">
      </trkpt>
      <trkpt lat="21.836259" lon="83.8398874">
      </trkpt>
      <trkpt lat="21.835763" lon="83.8404693">
      </trkpt>
      <trkpt lat="21.8355787" lon="83.840704">
      </trkpt>
      <trkpt lat="21.8350285" lon="83.8412658">
      </trkpt>
      <trkpt lat="21.8328583" lon="83.8432931">
      </trkpt>
      <trkpt lat="21.8319182" lon="83.8441882">
      </trkpt>
      <trkpt lat="21.8311642" lon="83.8449172">
      </trkpt>
      <trkpt lat="21.8303573" lon="83.8456958">
      </trkpt>
      <trkpt lat="21.8270115" lon="83.8489192">
      </trkpt>
      <trkpt lat="21.8250689" lon="83.8507797">
      </trkpt>
      <trkpt lat="21.8240344" lon="83.851745">
      </trkpt>
      <trkpt lat="21.8237072" lon="83.8520644">
      </trkpt>
      <trkpt lat="21.8233836" lon="83.8523812">
      </trkpt>
      <trkpt lat="21.8220083" lon="83.8536832">
      </trkpt>
      <trkpt lat="21.8144549" lon="83.8609519">
      </trkpt>
      <trkpt lat="21.8135302" lon="83.8618488">
      </trkpt>
      <trkpt lat="21.8129273" lon="83.8624149">
      </trkpt>
      <trkpt lat="21.8125653" lon="83.8627974">
      </trkpt>
      <trkpt lat="21.8120769" lon="83.8633762">
      </trkpt>
      <trkpt lat="21.8116057" lon="83.864054">
      </trkpt>
      <trkpt lat="21.8112831" lon="83.8646658">
      </trkpt>
      <trkpt lat="21.8109908" lon="83.8653636">
      </trkpt>
      <trkpt lat="21.8107732" lon="83.8659866">
      </trkpt>
      <trkpt lat="21.810612" lon="83.8665747">
      </trkpt>
      <trkpt lat="21.8104847" lon="83.8671666">
      </trkpt>
      <trkpt lat="21.8103879" lon="83.8678545">
      </trkpt>
      <trkpt lat="21.8100098" lon="83.8728936">
      </trkpt>
      <trkpt lat="21.8099213" lon="83.8738839">
      </trkpt>
      <trkpt lat="21.8091929" lon="83.8830918">
      </trkpt>
      <trkpt lat="21.8089675" lon="83.8856122">
      </trkpt>
      <trkpt lat="21.8086847" lon="83.8892185">
      </trkpt>
      <trkpt lat="21.8085087" lon="83.8913378">
      </trkpt>
      <trkpt lat="21.8083418" lon="83.8934992">
      </trkpt>
      <trkpt lat="21.8083143" lon="83.8940608">
      </trkpt>
      <trkpt lat="21.8083092" lon="83.8946644">
      </trkpt>
      <trkpt lat="21.8083355" lon="83.8951792">
      </trkpt>
      <trkpt lat="21.8084037" lon="83.8958582">
      </trkpt>
      <trkpt lat="21.8084915" lon="83.8964034">
      </trkpt>
      <trkpt lat="21.8086245" lon="83.8969955">
      </trkpt>
      <trkpt lat="21.8087173" lon="83.8973572">
      </trkpt>
      <trkpt lat="21.8089645" lon="83.8980012">
      </trkpt>
      <trkpt lat="21.8093517" lon="83.898762">
      </trkpt>
      <trkpt lat="21.8097849" lon="83.8994481">
      </trkpt>
      <trkpt lat="21.8101275" lon="83.8999238">
      </trkpt>
      <trkpt lat="21.811069" lon="83.9012083">
      </trkpt>
      <trkpt lat="21.8123087" lon="83.9028856">
      </trkpt>
      <trkpt lat="21.8135634" lon="83.9046078">
      </trkpt>
      <trkpt lat="21.8148703" lon="83.9063765">
      </trkpt>
      <trkpt lat="21.8161976" lon="83.9081606">
      </trkpt>
      <trkpt lat="21.8174915" lon="83.9099425">
      </trkpt>
      <trkpt lat="21.819014" lon="83.9120174">
      </trkpt>
      <trkpt lat="21.8196936" lon="83.912918">
      </trkpt>
      <trkpt lat="21.820085" lon="83.9134934">
      </trkpt>
      <trkpt lat="21.8204118" lon="83.9140373">
      </trkpt>
      <trkpt lat="21.8206921" lon="83.9145446">
      </trkpt>
      <trkpt lat="21.8209506" lon="83.9150655">
      </trkpt>
      <trkpt lat="21.8213899" lon="83.916046">
      </trkpt>
      <trkpt lat="21.8216044" lon="83.9165567">
      </trkpt>
      <trkpt lat="21.8216481" lon="83.9166756">
      </trkpt>
      <trkpt lat="21.8218329" lon="83.9171787">
      </trkpt>
      <trkpt lat="21.8219425" lon="83.917561">
      </trkpt>
      <trkpt lat="21.8220868" lon="83.9180879">
      </trkpt>
      <trkpt lat="21.822209" lon="83.9186165">
      </trkpt>
      <trkpt lat="21.8223347" lon="83.9192649">
      </trkpt>
      <trkpt lat="21.8224902" lon="83.9202929">
      </trkpt>
      <trkpt lat="21.8225816" lon="83.9209726">
      </trkpt>
      <trkpt lat="21.8226999" lon="83.9217362">
      </trkpt>
      <trkpt lat="21.8227584" lon="83.9221197">
      </trkpt>
      <trkpt lat="21.8228003" lon="83.9224792">
      </trkpt>
      <trkpt lat="21.8228101" lon="83.9228089">
      </trkpt>
      <trkpt lat="21.8228134" lon="83.9232813">
      </trkpt>
      <trkpt lat="21.8227856" lon="83.9239368">
      </trkpt>
      <trkpt lat="21.822738" lon="83.9246523">
      </trkpt>
      <trkpt lat="21.8226766" lon="83.9251841">
      </trkpt>
      <trkpt lat="21.822555" lon="83.9258833">
      </trkpt>
      <trkpt lat="21.8224651" lon="83.9263678">
      </trkpt>
      <trkpt lat="21.8223348" lon="83.9269259">
      </trkpt>
      <trkpt lat="21.822204" lon="83.9274813">
      </trkpt>
      <trkpt lat="21.8219764" lon="83.9282344">
      </trkpt>
      <trkpt lat="21.8215635" lon="83.9294827">
      </trkpt>
      <trkpt lat="21.8211825" lon="83.9307781">
      </trkpt>
      <trkpt lat="21.8208189" lon="83.9320219">
      </trkpt>
      <trkpt lat="21.8199602" lon="83.9349929">
      </trkpt>
      <trkpt lat="21.8195453" lon="83.93636">
      </trkpt>
      <trkpt lat="21.8192761" lon="83.937062">
      </trkpt>
      <trkpt lat="21.8189152" lon="83.9379325">
      </trkpt>
      <trkpt lat="21.8185166" lon="83.9389504">
      </trkpt>
      <trkpt lat="21.8181392" lon="83.9400537">
      </trkpt>
      <trkpt lat="21.8179546" lon="83.9406772">
      </trkpt>
      <trkpt lat="21.8167272" lon="83.9448829">
      </trkpt>
      <trkpt lat="21.8166338" lon="83.9451879">
      </trkpt>
      <trkpt lat="21.8164411" lon="83.9458506">
      </trkpt>
      <trkpt lat="21.8163721" lon="83.9460979">
      </trkpt>
      <trkpt lat="21.816263" lon="83.9466247">
      </trkpt>
      <trkpt lat="21.8161851" lon="83.9471523">
      </trkpt>
      <trkpt lat="21.8161618" lon="83.9473599">
      </trkpt>
      <trkpt lat="21.8160043" lon="83.9493673">
      </trkpt>
      <trkpt lat="21.8159818" lon="83.9497122">
      </trkpt>
      <trkpt lat="21.8159304" lon="83.9507093">
      </trkpt>
      <trkpt lat="21.8159035" lon="83.9512552">
      </trkpt>
      <trkpt lat="21.8158993" lon="83.9517579">
      </trkpt>
      <trkpt lat="21.8159189" lon="83.9525018">
      </trkpt>
      <trkpt lat="21.815962" lon="83.9529694">
      </trkpt>
      <trkpt lat="21.8160285" lon="83.9535527">
      </trkpt>
      <trkpt lat="21.8160475" lon="83.953707">
      </trkpt>
      <trkpt lat="21.8161755" lon="83.9545747">
      </trkpt>
      <trkpt lat="21.8162517" lon="83.9550164">
      </trkpt>
      <trkpt lat="21.8163837" lon="83.9556279">
      </trkpt>
      <trkpt lat="21.8164085" lon="83.955751">
      </trkpt>
      <trkpt lat="21.8165532" lon="83.9563031">
      </trkpt>
      <trkpt lat="21.8167138" lon="83.9568034">
      </trkpt>
      <trkpt lat="21.8169136" lon="83.957403">
      </trkpt>
      <trkpt lat="21.8171684" lon="83.9580408">
      </trkpt>
      <trkpt lat="21.8173313" lon="83.9584489">
      </trkpt>
      <trkpt lat="21.8177512" lon="83.9593975">
      </trkpt>
      <trkpt lat="21.81813" lon="83.9601189">
      </trkpt>
      <trkpt lat="21.8185465" lon="83.9608267">
      </trkpt>
      <trkpt lat="21.8189631" lon="83.9614694">
      </trkpt>
      <trkpt lat="21.8193914" lon="83.9620842">
      </trkpt>
      <trkpt lat="21.8201874" lon="83.9631247">
      </trkpt>
      <trkpt lat="21.8202641" lon="83.9632233">
      </trkpt>
      <trkpt lat="21.8222912" lon="83.9658538">
      </trkpt>
      <trkpt lat="21.8249848" lon="83.9693447">
      </trkpt>
      <trkpt lat="21.8259807" lon="83.9706361">
      </trkpt>
      <trkpt lat="21.8280298" lon="83.9732803">
      </trkpt>
      <trkpt lat="21.8333896" lon="83.9802388">
      </trkpt>
      <trkpt lat="21.847602" lon="83.9987049">
      </trkpt>
      <trkpt lat="21.8531754" lon="84.0059717">
      </trkpt>
      <trkpt lat="21.8537299" lon="84.0066834">
      </trkpt>
      <trkpt lat="21.8550483" lon="84.0084283">
      </trkpt>
      <trkpt lat="21.8564285" lon="84.010224">
      </trkpt>
      <trkpt lat="21.8572276" lon="84.0112527">
      </trkpt>
      <trkpt lat="21.8576084" lon="84.0117757">
      </trkpt>
      <trkpt lat="21.8580191" lon="84.0122975">
      </trkpt>
      <trkpt lat="21.8588542" lon="84.0134085">
      </trkpt>
      <trkpt lat="21.8591371" lon="84.0137666">
      </trkpt>
      <trkpt lat="21.8594157" lon="84.0141192">
      </trkpt>
      <trkpt lat="21.8597792" lon="84.0146041">
      </trkpt>
      <trkpt lat="21.8600074" lon="84.0148997">
      </trkpt>
      <trkpt lat="21.8606794" lon="84.015771">
      </trkpt>
      <trkpt lat="21.8617481" lon="84.017138">
      </trkpt>
      <trkpt lat="21.8625637" lon="84.0181968">
      </trkpt>
      <trkpt lat="21.8647165" lon="84.0210167">
      </trkpt>
      <trkpt lat="21.8650818" lon="84.0214828">
      </trkpt>
      <trkpt lat="21.8653833" lon="84.0218711">
      </trkpt>
      <trkpt lat="21.8655177" lon="84.0220391">
      </trkpt>
      <trkpt lat="21.8658384" lon="84.0224396">
      </trkpt>
      <trkpt lat="21.8665556" lon="84.0234076">
      </trkpt>
      <trkpt lat="21.8669817" lon="84.0240031">
      </trkpt>
      <trkpt lat="21.8671974" lon="84.0243454">
      </trkpt>
      <trkpt lat="21.8673991" lon="84.0247066">
      </trkpt>
      <trkpt lat="21.8675858" lon="84.0250445">
      </trkpt>
      <trkpt lat="21.8677015" lon="84.0252747">
      </trkpt>
      <trkpt lat="21.8679348" lon="84.0258194">
      </trkpt>
      <trkpt lat="21.868065" lon="84.0262499">
      </trkpt>
      <trkpt lat="21.8681453" lon="84.0265466">
      </trkpt>
      <trkpt lat="21.8682294" lon="84.0268728">
      </trkpt>
      <trkpt lat="21.86832" lon="84.0272655">
      </trkpt>
      <trkpt lat="21.8683787" lon="84.0276201">
      </trkpt>
      <trkpt lat="21.8684329" lon="84.0280943">
      </trkpt>
      <trkpt lat="21.8684599" lon="84.0285723">
      </trkpt>
      <trkpt lat="21.8684676" lon="84.0289439">
      </trkpt>
      <trkpt lat="21.8684866" lon="84.0294384">
      </trkpt>
      <trkpt lat="21.8685302" lon="84.0312896">
      </trkpt>
      <trkpt lat="21.8686201" lon="84.0343949">
      </trkpt>
      <trkpt lat="21.8686641" lon="84.0365168">
      </trkpt>
      <trkpt lat="21.8686997" lon="84.0379268">
      </trkpt>
      <trkpt lat="21.8687329" lon="84.0394899">
      </trkpt>
      <trkpt lat="21.8687726" lon="84.0409765">
      </trkpt>
      <trkpt lat="21.8687815" lon="84.0412468">
      </trkpt>
      <trkpt lat="21.8688351" lon="84.0418923">
      </trkpt>
      <trkpt lat="21.8689298" lon="84.0424253">
      </trkpt>
      <trkpt lat="21.8690451" lon="84.0430155">
      </trkpt>
      <trkpt lat="21.8691751" lon="84.0435278">
      </trkpt>
      <trkpt lat="21.8695088" lon="84.044393">
      </trkpt>
      <trkpt lat="21.8698701" lon="84.0451178">
      </trkpt>
      <trkpt lat="21.870328" lon="84.0458701">
      </trkpt>
      <trkpt lat="21.8716024" lon="84.0477792">
      </trkpt>
      <trkpt lat="21.8732426" lon="84.0503087">
      </trkpt>
      <trkpt lat="21.8748014" lon="84.0527666">
      </trkpt>
      <trkpt lat="21.8759617" lon="84.0545474">
      </trkpt>
      <trkpt lat="21.8772915" lon="84.0566143">
      </trkpt>
      <trkpt lat="21.8788048" lon="84.0589354">
      </trkpt>
      <trkpt lat="21.8803833" lon="84.0613641">
      </trkpt>
      <trkpt lat="21.8816874" lon="84.0633534">
      </trkpt>
      <trkpt lat="21.8829694" lon="84.0653342">
      </trkpt>
      <trkpt lat="21.8844679" lon="84.0677149">
      </trkpt>
      <trkpt lat="21.8858259" lon="84.0697576">
      </trkpt>
      <trkpt lat="21.8870025" lon="84.0715632">
      </trkpt>
      <trkpt lat="21.8871513" lon="84.0717889">
      </trkpt>
      <trkpt lat="21.8878204" lon="84.0728556">
      </trkpt>
      <trkpt lat="21.8889564" lon="84.0745901">
      </trkpt>
      <trkpt lat="21.8902102" lon="84.0765495">
      </trkpt>
      <trkpt lat="21.8916087" lon="84.0787402">
      </trkpt>
      <trkpt lat="21.893021" lon="84.080912">
      </trkpt>
      <trkpt lat="21.8936061" lon="84.0819487">
      </trkpt>
      <trkpt lat="21.894029" lon="84.0827735">
      </trkpt>
      <trkpt lat="21.8945017" lon="84.0838344">
      </trkpt>
      <trkpt lat="21.8950421" lon="84.0853066">
      </trkpt>
      <trkpt lat="21.8953318" lon="84.0861262">
      </trkpt>
      <trkpt lat="21.8956974" lon="84.0871779">
      </trkpt>
      <trkpt lat="21.89632" lon="84.0889582">
      </trkpt>
      <trkpt lat="21.8968339" lon="84.090483">
      </trkpt>
      <trkpt lat="21.8973415" lon="84.0919023">
      </trkpt>
      <trkpt lat="21.8979533" lon="84.0936047">
      </trkpt>
      <trkpt lat="21.8980236" lon="84.0938042">
      </trkpt>
      <trkpt lat="21.8985288" lon="84.0952376">
      </trkpt>
      <trkpt lat="21.899301" lon="84.0973726">
      </trkpt>
      <trkpt lat="21.8999019" lon="84.0990651">
      </trkpt>
      <trkpt lat="21.9004472" lon="84.1006289">
      </trkpt>
      <trkpt lat="21.9015187" lon="84.1037744">
      </trkpt>
      <trkpt lat="21.9015838" lon="84.1039654">
      </trkpt>
      <trkpt lat="21.9029807" lon="84.1078496">
      </trkpt>
      <trkpt lat="21.9042033" lon="84.1111893">
      </trkpt>
      <trkpt lat="21.9047754" lon="84.1127692">
      </trkpt>
      <trkpt lat="21.9052697" lon="84.1139039">
      </trkpt>
      <trkpt lat="21.9056996" lon="84.1147248">
      </trkpt>
      <trkpt lat="21.9070198" lon="84.1168957">
      </trkpt>
      <trkpt lat="21.9090136" lon="84.1201575">
      </trkpt>
      <trkpt lat="21.9108821" lon="84.1233318">
      </trkpt>
      <trkpt lat="21.9115533" lon="84.1245413">
      </trkpt>
      <trkpt lat="21.9118501" lon="84.1251295">
      </trkpt>
      <trkpt lat="21.9121588" lon="84.125839">
      </trkpt>
      <trkpt lat="21.9124891" lon="84.1267059">
      </trkpt>
      <trkpt lat="21.9127572" lon="84.1276063">
      </trkpt>
      <trkpt lat="21.9132048" lon="84.1292961">
      </trkpt>
      <trkpt lat="21.9138199" lon="84.1317419">
      </trkpt>
      <trkpt lat="21.9144279" lon="84.1341902">
      </trkpt>
      <trkpt lat="21.9150287" lon="84.1367108">
      </trkpt>
      <trkpt lat="21.915797" lon="84.1398351">
      </trkpt>
      <trkpt lat="21.9163451" lon="84.14201">
      </trkpt>
      <trkpt lat="21.9170129" lon="84.1445899">
      </trkpt>
      <trkpt lat="21.9176232" lon="84.1469609">
      </trkpt>
      <trkpt lat="21.9181354" lon="84.1490532">
      </trkpt>
      <trkpt lat="21.9184349" lon="84.1501952">
      </trkpt>
      <trkpt lat="21.9187474" lon="84.1513619">
      </trkpt>
      <trkpt lat="21.9190356" lon="84.1522001">
      </trkpt>
      <trkpt lat="21.9194534" lon="84.1530215">
      </trkpt>
      <trkpt lat="21.9199707" lon="84.1538322">
      </trkpt>
      <trkpt lat="21.9203215" lon="84.1543073">
      </trkpt>
      <trkpt lat="21.9207945" lon="84.1548529">
      </trkpt>
      <trkpt lat="21.9213928" lon="84.1554153">
      </trkpt>
      <trkpt lat="21.9217877" lon="84.1557584">
      </trkpt>
      <trkpt lat="21.9231065" lon="84.1566227">
      </trkpt>
      <trkpt lat="21.9245832" lon="84.1575515">
      </trkpt>
      <trkpt lat="21.9260718" lon="84.1585061">
      </trkpt>
      <trkpt lat="21.9265912" lon="84.1588802">
      </trkpt>
      <trkpt lat="21.9270268" lon="84.1593162">
      </trkpt>
      <trkpt lat="21.9275629" lon="84.1599173">
      </trkpt>
      <trkpt lat="21.928142" lon="84.1607197">
      </trkpt>
      <trkpt lat="21.9284149" lon="84.161184">
      </trkpt>
      <trkpt lat="21.9287763" lon="84.1618316">
      </trkpt>
      <trkpt lat="21.9299083" lon="84.1638207">
      </trkpt>
      <trkpt lat="21.9307507" lon="84.1653429">
      </trkpt>
      <trkpt lat="21.9318037" lon="84.1672185">
      </trkpt>
      <trkpt lat="21.9331128" lon="84.1694321">
      </trkpt>
      <trkpt lat="21.9340581" lon="84.1706859">
      </trkpt>
      <trkpt lat="21.935439" lon="84.1723216">
      </trkpt>
      <trkpt lat="21.9364728" lon="84.1735909">
      </trkpt>
      <trkpt lat="21.9368055" lon="84.1740837">
      </trkpt>
      <trkpt lat="21.9371357" lon="84.1746745">
      </trkpt>
      <trkpt lat="21.937509" lon="84.1754691">
      </trkpt>
      <trkpt lat="21.9382629" lon="84.1772235">
      </trkpt>
      <trkpt lat="21.9391285" lon="84.1792958">
      </trkpt>
      <trkpt lat="21.939682" lon="84.1806264">
      </trkpt>
      <trkpt lat="21.9402901" lon="84.1815992">
      </trkpt>
      <trkpt lat="21.9406696" lon="84.1820788">
      </trkpt>
      <trkpt lat="21.9411337" lon="84.182596">
      </trkpt>
      <trkpt lat="21.9416101" lon="84.1830054">
      </trkpt>
      <trkpt lat="21.9422023" lon="84.1834687">
      </trkpt>
      <trkpt lat="21.9429587" lon="84.1839695">
      </trkpt>
      <trkpt lat="21.9442865" lon="84.1845209">
      </trkpt>
      <trkpt lat="21.9449702" lon="84.1847761">
      </trkpt>
      <trkpt lat="21.9459226" lon="84.1850527">
      </trkpt>
      <trkpt lat="21.9473289" lon="84.1854514">
      </trkpt>
      <trkpt lat="21.9494301" lon="84.1860357">
      </trkpt>
      <trkpt lat="21.9517759" lon="84.1867548">
      </trkpt>
      <trkpt lat="21.9532023" lon="84.1872001">
      </trkpt>
      <trkpt lat="21.9546882" lon="84.1875948">
      </trkpt>
      <trkpt lat="21.9556303" lon="84.1878608">
      </trkpt>
      <trkpt lat="21.9559788" lon="84.1879555">
      </trkpt>
      <trkpt lat="21.9564429" lon="84.1880815">
      </trkpt>
      <trkpt lat="21.9578853" lon="84.1884577">
      </trkpt>
      <trkpt lat="21.9587287" lon="84.1887496">
      </trkpt>
      <trkpt lat="21.9594614" lon="84.189039">
      </trkpt>
      <trkpt lat="21.960138" lon="84.1894082">
      </trkpt>
      <trkpt lat="21.9671973" lon="84.1942269">
      </trkpt>
      <trkpt lat="21.9678593" lon="84.1946911">
      </trkpt>
      <trkpt lat="21.9687914" lon="84.1953934">
      </trkpt>
      <trkpt lat="21.9696779" lon="84.1961231">
      </trkpt>
      <trkpt lat="21.9703986" lon="84.1967762">
      </trkpt>
      <trkpt lat="21.9724425" lon="84.1989957">
      </trkpt>
      <trkpt lat="21.9732057" lon="84.1998522">
      </trkpt>
      <trkpt lat="21.9747489" lon="84.2015369">
      </trkpt>
      <trkpt lat="21.9762131" lon="84.2031804">
      </trkpt>
      <trkpt lat="21.9776079" lon="84.2047257">
      </trkpt>
      <trkpt lat="21.9787683" lon="84.2059976">
      </trkpt>
      <trkpt lat="21.9801559" lon="84.2075146">
      </trkpt>
      <trkpt lat="21.9813186" lon="84.2088123">
      </trkpt>
      <trkpt lat="21.9828832" lon="84.210497">
      </trkpt>
      <trkpt lat="21.9843999" lon="84.2121817">
      </trkpt>
      <trkpt lat="21.9857037" lon="84.21366">
      </trkpt>
      <trkpt lat="21.9872515" lon="84.2153602">
      </trkpt>
      <trkpt lat="21.9881209" lon="84.2163236">
      </trkpt>
      <trkpt lat="21.9888185" lon="84.2170965">
      </trkpt>
      <trkpt lat="21.9903663" lon="84.2188405">
      </trkpt>
      <trkpt lat="21.9917753" lon="84.2203911">
      </trkpt>
      <trkpt lat="21.9932584" lon="84.2220138">
      </trkpt>
      <trkpt lat="21.9938948" lon="84.2227285">
      </trkpt>
      <trkpt lat="21.9948923" lon="84.2238456">
      </trkpt>
      <trkpt lat="21.9959209" lon="84.2249446">
      </trkpt>
      <trkpt lat="21.9968347" lon="84.2258296">
      </trkpt>
      <trkpt lat="21.9976432" lon="84.2265003">
      </trkpt>
      <trkpt lat="21.9980643" lon="84.2267996">
      </trkpt>
      <trkpt lat="21.998923" lon="84.2273853">
      </trkpt>
      <trkpt lat="22.0001406" lon="84.2280793">
      </trkpt>
      <trkpt lat="22.0016356" lon="84.2289306">
      </trkpt>
      <trkpt lat="22.003157" lon="84.2298052">
      </trkpt>
      <trkpt lat="22.0046567" lon="84.2306902">
      </trkpt>
      <trkpt lat="22.0062331" lon="84.2315983">
      </trkpt>
      <trkpt lat="22.0076682" lon="84.2324187">
      </trkpt>
      <trkpt lat="22.0092684" lon="84.2333526">
      </trkpt>
      <trkpt lat="22.0101534" lon="84.2339099">
      </trkpt>
      <trkpt lat="22.0107873" lon="84.2343614">
      </trkpt>
      <trkpt lat="22.0119521" lon="84.235316">
      </trkpt>
      <trkpt lat="22.0129734" lon="84.2362731">
      </trkpt>
      <trkpt lat="22.0143201" lon="84.237705">
      </trkpt>
      <trkpt lat="22.0158221" lon="84.2393716">
      </trkpt>
      <trkpt lat="22.0172572" lon="84.2409247">
      </trkpt>
      <trkpt lat="22.0187879" lon="84.2425965">
      </trkpt>
      <trkpt lat="22.0203282" lon="84.2442735">
      </trkpt>
      <trkpt lat="22.0208759" lon="84.2449391">
      </trkpt>
      <trkpt lat="22.021194" lon="84.2453958">
      </trkpt>
      <trkpt lat="22.0218063" lon="84.2463168">
      </trkpt>
      <trkpt lat="22.022342" lon="84.2472275">
      </trkpt>
      <trkpt lat="22.0227653" lon="84.2480789">
      </trkpt>
      <trkpt lat="22.0239779" lon="84.2503337">
      </trkpt>
      <trkpt lat="22.0251977" lon="84.2526015">
      </trkpt>
      <trkpt lat="22.0264868" lon="84.2550989">
      </trkpt>
      <trkpt lat="22.0272449" lon="84.256492">
      </trkpt>
      <trkpt lat="22.027685" lon="84.2571757">
      </trkpt>
      <trkpt lat="22.0287014" lon="84.2585947">
      </trkpt>
      <trkpt lat="22.0298972" lon="84.2601014">
      </trkpt>
      <trkpt lat="22.0312364" lon="84.2617912">
      </trkpt>
      <trkpt lat="22.0325661" lon="84.2634991">
      </trkpt>
      <trkpt lat="22.0329486" lon="84.2639919">
      </trkpt>
      <trkpt lat="22.0338097" lon="84.2651013">
      </trkpt>
      <trkpt lat="22.0352996" lon="84.2669278">
      </trkpt>
      <trkpt lat="22.0366651" lon="84.2686512">
      </trkpt>
      <trkpt lat="22.0377819" lon="84.2700986">
      </trkpt>
      <trkpt lat="22.0392861" lon="84.2719948">
      </trkpt>
      <trkpt lat="22.0399509" lon="84.2728256">
      </trkpt>
      <trkpt lat="22.0410653" lon="84.2742523">
      </trkpt>
      <trkpt lat="22.0420099" lon="84.2754571">
      </trkpt>
      <trkpt lat="22.0432989" lon="84.2771341">
      </trkpt>
      <trkpt lat="22.0444658" lon="84.2785659">
      </trkpt>
      <trkpt lat="22.0453554" lon="84.2797449">
      </trkpt>
      <trkpt lat="22.0458791" lon="84.2805318">
      </trkpt>
      <trkpt lat="22.0465917" lon="84.2817702">
      </trkpt>
      <trkpt lat="22.0469767" lon="84.2824951">
      </trkpt>
      <trkpt lat="22.0479356" lon="84.2842443">
      </trkpt>
      <trkpt lat="22.0488849" lon="84.2860271">
      </trkpt>
      <trkpt lat="22.0498032" lon="84.2877969">
      </trkpt>
      <trkpt lat="22.049957" lon="84.2880801">
      </trkpt>
      <trkpt lat="22.050829" lon="84.2896854">
      </trkpt>
      <trkpt lat="22.0515535" lon="84.2911173">
      </trkpt>
      <trkpt lat="22.0525339" lon="84.2929026">
      </trkpt>
      <trkpt lat="22.0534449" lon="84.294595">
      </trkpt>
      <trkpt lat="22.053972" lon="84.2955166">
      </trkpt>
      <trkpt lat="22.0543775" lon="84.2962255">
      </trkpt>
      <trkpt lat="22.0553077" lon="84.2979747">
      </trkpt>
      <trkpt lat="22.0561995" lon="84.2996517">
      </trkpt>
      <trkpt lat="22.0573353" lon="84.3017569">
      </trkpt>
      <trkpt lat="22.0580718" lon="84.3031397">
      </trkpt>
      <trkpt lat="22.0592554" lon="84.3053765">
      </trkpt>
      <trkpt lat="22.0601161" lon="84.3070148">
      </trkpt>
      <trkpt lat="22.0610917" lon="84.3087614">
      </trkpt>
      <trkpt lat="22.0620409" lon="84.3105106">
      </trkpt>
      <trkpt lat="22.0630093" lon="84.3122727">
      </trkpt>
      <trkpt lat="22.0635664" lon="84.3131086">
      </trkpt>
      <trkpt lat="22.0641594" lon="84.3138955">
      </trkpt>
      <trkpt lat="22.0650608" lon="84.3149507">
      </trkpt>
      <trkpt lat="22.0661271" lon="84.3160084">
      </trkpt>
      <trkpt lat="22.0675521" lon="84.3174197">
      </trkpt>
      <trkpt lat="22.069068" lon="84.3189367">
      </trkpt>
      <trkpt lat="22.070481" lon="84.3203324">
      </trkpt>
      <trkpt lat="22.0719514" lon="84.3217746">
      </trkpt>
      <trkpt lat="22.0731683" lon="84.3230181">
      </trkpt>
      <trkpt lat="22.0741294" lon="84.3241894">
      </trkpt>
      <trkpt lat="22.07439" lon="84.3245661">
      </trkpt>
      <trkpt lat="22.0750834" lon="84.3256445">
      </trkpt>
      <trkpt lat="22.0754061" lon="84.3261837">
      </trkpt>
      <trkpt lat="22.0760923" lon="84.3274427">
      </trkpt>
      <trkpt lat="22.0769171" lon="84.3289648">
      </trkpt>
      <trkpt lat="22.0779834" lon="84.3308534">
      </trkpt>
      <trkpt lat="22.0788775" lon="84.3324787">
      </trkpt>
      <trkpt lat="22.0798386" lon="84.334184">
      </trkpt>
      <trkpt lat="22.080747" lon="84.33583">
      </trkpt>
      <trkpt lat="22.0816197" lon="84.3373806">
      </trkpt>
      <trkpt lat="22.082595" lon="84.3391917">
      </trkpt>
      <trkpt lat="22.0835513" lon="84.3408841">
      </trkpt>
      <trkpt lat="22.0845004" lon="84.3426178">
      </trkpt>
      <trkpt lat="22.0857411" lon="84.3448082">
      </trkpt>
      <trkpt lat="22.0868791" lon="84.3468825">
      </trkpt>
      <trkpt lat="22.087821" lon="84.3486033">
      </trkpt>
      <trkpt lat="22.0888704" lon="84.3504995">
      </trkpt>
      <trkpt lat="22.089896" lon="84.3523674">
      </trkpt>
      <trkpt lat="22.0910076" lon="84.3543462">
      </trkpt>
      <trkpt lat="22.0921258" lon="84.3563977">
      </trkpt>
      <trkpt lat="22.0928733" lon="84.3577471">
      </trkpt>
      <trkpt lat="22.0941681" lon="84.3601187">
      </trkpt>
      <trkpt lat="22.0956421" lon="84.362815">
      </trkpt>
      <trkpt lat="22.0971363" lon="84.3654529">
      </trkpt>
      <trkpt lat="22.0984683" lon="84.3679303">
      </trkpt>
      <trkpt lat="22.1001754" lon="84.3709659">
      </trkpt>
      <trkpt lat="22.1014634" lon="84.3731332">
      </trkpt>
      <trkpt lat="22.102448" lon="84.3746612">
      </trkpt>
      <trkpt lat="22.1035093" lon="84.3761885">
      </trkpt>
      <trkpt lat="22.1042599" lon="84.3773082">
      </trkpt>
      <trkpt lat="22.1054574" lon="84.3790883">
      </trkpt>
      <trkpt lat="22.1063227" lon="84.3804041">
      </trkpt>
      <trkpt lat="22.1067243" lon="84.3810129">
      </trkpt>
      <trkpt lat="22.1076589" lon="84.3824268">
      </trkpt>
      <trkpt lat="22.1080174" lon="84.382984">
      </trkpt>
      <trkpt lat="22.1085767" lon="84.3839334">
      </trkpt>
      <trkpt lat="22.1095448" lon="84.3856181">
      </trkpt>
      <trkpt lat="22.110508" lon="84.3872383">
      </trkpt>
      <trkpt lat="22.1119804" lon="84.3897744">
      </trkpt>
      <trkpt lat="22.1121271" lon="84.3900226">
      </trkpt>
      <trkpt lat="22.1127261" lon="84.391036">
      </trkpt>
      <trkpt lat="22.1138925" lon="84.3930225">
      </trkpt>
      <trkpt lat="22.1144906" lon="84.3939135">
      </trkpt>
      <trkpt lat="22.1149609" lon="84.3944879">
      </trkpt>
      <trkpt lat="22.1158787" lon="84.3955767">
      </trkpt>
      <trkpt lat="22.1182014" lon="84.3981639">
      </trkpt>
      <trkpt lat="22.1197486" lon="84.3998726">
      </trkpt>
      <trkpt lat="22.1212048" lon="84.4015039">
      </trkpt>
      <trkpt lat="22.1226347" lon="84.4030869">
      </trkpt>
      <trkpt lat="22.1241428" lon="84.4047665">
      </trkpt>
      <trkpt lat="22.1244989" lon="84.4051946">
      </trkpt>
      <trkpt lat="22.1256748" lon="84.4065641">
      </trkpt>
      <trkpt lat="22.1261123" lon="84.4071242">
      </trkpt>
      <trkpt lat="22.1265626" lon="84.4077613">
      </trkpt>
      <trkpt lat="22.127112" lon="84.4086125">
      </trkpt>
      <trkpt lat="22.1280458" lon="84.4100925">
      </trkpt>
      <trkpt lat="22.1280931" lon="84.4101674">
      </trkpt>
      <trkpt lat="22.1283074" lon="84.4105071">
      </trkpt>
      <trkpt lat="22.1295818" lon="84.412506">
      </trkpt>
      <trkpt lat="22.1310341" lon="84.4147466">
      </trkpt>
      <trkpt lat="22.1321939" lon="84.4165698">
      </trkpt>
      <trkpt lat="22.1334504" lon="84.4185221">
      </trkpt>
      <trkpt lat="22.1344296" lon="84.4200625">
      </trkpt>
      <trkpt lat="22.1354318" lon="84.4216935">
      </trkpt>
      <trkpt lat="22.1365174" lon="84.4234623">
      </trkpt>
      <trkpt lat="22.1365356" lon="84.423492">
      </trkpt>
      <trkpt lat="22.1372257" lon="84.4245858">
      </trkpt>
      <trkpt lat="22.1372672" lon="84.4246506">
      </trkpt>
      <trkpt lat="22.1373463" lon="84.4247734">
      </trkpt>
      <trkpt lat="22.1373804" lon="84.4248309">
      </trkpt>
      <trkpt lat="22.1374156" lon="84.4248868">
      </trkpt>
      <trkpt lat="22.13855" lon="84.4266606">
      </trkpt>
      <trkpt lat="22.1392926" lon="84.4277589">
      </trkpt>
      <trkpt lat="22.1396639" lon="84.4282504">
      </trkpt>
      <trkpt lat="22.1404066" lon="84.4290961">
      </trkpt>
      <trkpt lat="22.1408542" lon="84.4295739">
      </trkpt>
      <trkpt lat="22.1417978" lon="84.4304581">
      </trkpt>
      <trkpt lat="22.1423675" lon="84.4309633">
      </trkpt>
      <trkpt lat="22.1434382" lon="84.4319902">
      </trkpt>
      <trkpt lat="22.1437714" lon="84.4323801">
      </trkpt>
      <trkpt lat="22.1441554" lon="84.4328853">
      </trkpt>
      <trkpt lat="22.1444199" lon="84.4333109">
      </trkpt>
      <trkpt lat="22.1447455" lon="84.4339013">
      </trkpt>
      <trkpt lat="22.1449337" lon="84.4343187">
      </trkpt>
      <trkpt lat="22.1451804" lon="84.4349749">
      </trkpt>
      <trkpt lat="22.1454016" lon="84.4356861">
      </trkpt>
      <trkpt lat="22.145661" lon="84.4369134">
      </trkpt>
      <trkpt lat="22.1458823" lon="84.4379514">
      </trkpt>
      <trkpt lat="22.1463375" lon="84.4400656">
      </trkpt>
      <trkpt lat="22.1466478" lon="84.4412683">
      </trkpt>
      <trkpt lat="22.1470929" lon="84.4427428">
      </trkpt>
      <trkpt lat="22.1477007" lon="84.4447692">
      </trkpt>
      <trkpt lat="22.148278" lon="84.4466803">
      </trkpt>
      <trkpt lat="22.1489062" lon="84.4487808">
      </trkpt>
      <trkpt lat="22.1495114" lon="84.4508347">
      </trkpt>
      <trkpt lat="22.1501422" lon="84.4529874">
      </trkpt>
      <trkpt lat="22.1507296" lon="84.4549039">
      </trkpt>
      <trkpt lat="22.1514315" lon="84.4572488">
      </trkpt>
      <trkpt lat="22.1519427" lon="84.4589458">
      </trkpt>
      <trkpt lat="22.1521894" lon="84.4597969">
      </trkpt>
      <trkpt lat="22.1526166" lon="84.4612412">
      </trkpt>
      <trkpt lat="22.1528506" lon="84.462065">
      </trkpt>
      <trkpt lat="22.1532626" lon="84.4633665">
      </trkpt>
      <trkpt lat="22.1535169" lon="84.4640447">
      </trkpt>
      <trkpt lat="22.1539797" lon="84.4651293">
      </trkpt>
      <trkpt lat="22.1544248" lon="84.4660189">
      </trkpt>
      <trkpt lat="22.155236" lon="84.467293">
      </trkpt>
      <trkpt lat="22.1556963" lon="84.4679383">
      </trkpt>
      <trkpt lat="22.1565813" lon="84.4691409">
      </trkpt>
      <trkpt lat="22.1577587" lon="84.4707252">
      </trkpt>
      <trkpt lat="22.1584835" lon="84.4716725">
      </trkpt>
      <trkpt lat="22.158987" lon="84.4723755">
      </trkpt>
      <trkpt lat="22.1594066" lon="84.473029">
      </trkpt>
      <trkpt lat="22.1596736" lon="84.473526">
      </trkpt>
      <trkpt lat="22.1601568" lon="84.4747588">
      </trkpt>
      <trkpt lat="22.1603119" lon="84.4753492">
      </trkpt>
      <trkpt lat="22.1604746" lon="84.4761455">
      </trkpt>
      <trkpt lat="22.160617" lon="84.4771339">
      </trkpt>
      <trkpt lat="22.1608332" lon="84.4789297">
      </trkpt>
      <trkpt lat="22.1610544" lon="84.4807447">
      </trkpt>
      <trkpt lat="22.1612604" lon="84.4821478">
      </trkpt>
      <trkpt lat="22.161413" lon="84.4827683">
      </trkpt>
      <trkpt lat="22.1615986" lon="84.4833257">
      </trkpt>
      <trkpt lat="22.1618453" lon="84.4839298">
      </trkpt>
      <trkpt lat="22.1622801" lon="84.4848414">
      </trkpt>
      <trkpt lat="22.1631168" lon="84.4865877">
      </trkpt>
      <trkpt lat="22.1637194" lon="84.4878096">
      </trkpt>
      <trkpt lat="22.1640169" lon="84.4884659">
      </trkpt>
      <trkpt lat="22.1641949" lon="84.4890178">
      </trkpt>
      <trkpt lat="22.1644365" lon="84.4898552">
      </trkpt>
      <trkpt lat="22.1646654" lon="84.4907888">
      </trkpt>
      <trkpt lat="22.1649553" lon="84.4920629">
      </trkpt>
      <trkpt lat="22.1651587" lon="84.492936">
      </trkpt>
      <trkpt lat="22.1656063" lon="84.4948004">
      </trkpt>
      <trkpt lat="22.1661759" lon="84.4972991">
      </trkpt>
      <trkpt lat="22.1665827" lon="84.4990427">
      </trkpt>
      <trkpt lat="22.1670277" lon="84.5010334">
      </trkpt>
      <trkpt lat="22.1674193" lon="84.5027523">
      </trkpt>
      <trkpt lat="22.1675592" lon="84.5036364">
      </trkpt>
      <trkpt lat="22.1676812" lon="84.5047128">
      </trkpt>
      <trkpt lat="22.1677295" lon="84.5056079">
      </trkpt>
      <trkpt lat="22.1677117" lon="84.5067749">
      </trkpt>
      <trkpt lat="22.1676634" lon="84.5076096">
      </trkpt>
      <trkpt lat="22.1675058" lon="84.5090759">
      </trkpt>
      <trkpt lat="22.1674041" lon="84.5100836">
      </trkpt>
      <trkpt lat="22.1671421" lon="84.5127662">
      </trkpt>
      <trkpt lat="22.1669133" lon="84.5150782">
      </trkpt>
      <trkpt lat="22.1666717" lon="84.5176757">
      </trkpt>
      <trkpt lat="22.1664276" lon="84.5199602">
      </trkpt>
      <trkpt lat="22.1661682" lon="84.522393">
      </trkpt>
      <trkpt lat="22.1660258" lon="84.5240048">
      </trkpt>
      <trkpt lat="22.1658071" lon="84.5261959">
      </trkpt>
      <trkpt lat="22.165591" lon="84.5282937">
      </trkpt>
      <trkpt lat="22.1653672" lon="84.5305508">
      </trkpt>
      <trkpt lat="22.1650977" lon="84.5332664">
      </trkpt>
      <trkpt lat="22.1648383" lon="84.5359353">
      </trkpt>
      <trkpt lat="22.1646044" lon="84.538401">
      </trkpt>
      <trkpt lat="22.164406" lon="84.5403505">
      </trkpt>
      <trkpt lat="22.1642331" lon="84.5421271">
      </trkpt>
      <trkpt lat="22.164139" lon="84.5431018">
      </trkpt>
      <trkpt lat="22.1640958" lon="84.5435741">
      </trkpt>
      <trkpt lat="22.1640856" lon="84.5439585">
      </trkpt>
      <trkpt lat="22.1641212" lon="84.5445241">
      </trkpt>
      <trkpt lat="22.1642204" lon="84.5455511">
      </trkpt>
      <trkpt lat="22.1643628" lon="84.5462705">
      </trkpt>
      <trkpt lat="22.1645942" lon="84.5470256">
      </trkpt>
      <trkpt lat="22.1648612" lon="84.5477148">
      </trkpt>
      <trkpt lat="22.1651816" lon="84.5484232">
      </trkpt>
      <trkpt lat="22.1656724" lon="84.5491948">
      </trkpt>
      <trkpt lat="22.1661123" lon="84.5497741">
      </trkpt>
      <trkpt lat="22.1667963" lon="84.5505539">
      </trkpt>
      <trkpt lat="22.1678211" lon="84.5517072">
      </trkpt>
      <trkpt lat="22.1690137" lon="84.5530608">
      </trkpt>
      <trkpt lat="22.1703537" lon="84.5545655">
      </trkpt>
      <trkpt lat="22.1719023" lon="84.5563558">
      </trkpt>
      <trkpt lat="22.1733211" lon="84.5579319">
      </trkpt>
      <trkpt lat="22.1740687" lon="84.55886">
      </trkpt>
      <trkpt lat="22.174595" lon="84.5596068">
      </trkpt>
      <trkpt lat="22.1752917" lon="84.5607765">
      </trkpt>
      <trkpt lat="22.1755613" lon="84.5612955">
      </trkpt>
      <trkpt lat="22.1760062" lon="84.5622044">
      </trkpt>
      <trkpt lat="22.1763063" lon="84.5627975">
      </trkpt>
      <trkpt lat="22.1768784" lon="84.5640413">
      </trkpt>
      <trkpt lat="22.1772216" lon="84.5647772">
      </trkpt>
      <trkpt lat="22.1777403" lon="84.5658947">
      </trkpt>
      <trkpt lat="22.1780836" lon="84.5665976">
      </trkpt>
      <trkpt lat="22.1790676" lon="84.5685856">
      </trkpt>
      <trkpt lat="22.1797417" lon="84.5700219">
      </trkpt>
      <trkpt lat="22.1798672" lon="84.5702772">
      </trkpt>
      <trkpt lat="22.1817481" lon="84.5741833">
      </trkpt>
      <trkpt lat="22.1825122" lon="84.5757758">
      </trkpt>
      <trkpt lat="22.1830277" lon="84.5768354">
      </trkpt>
      <trkpt lat="22.1847853" lon="84.5804486">
      </trkpt>
      <trkpt lat="22.1862007" lon="84.5833859">
      </trkpt>
      <trkpt lat="22.1872528" lon="84.5855966">
      </trkpt>
      <trkpt lat="22.1875039" lon="84.5861199">
      </trkpt>
      <trkpt lat="22.1878973" lon="84.5869275">
      </trkpt>
      <trkpt lat="22.18835" lon="84.587891">
      </trkpt>
      <trkpt lat="22.1887562" lon="84.5887017">
      </trkpt>
      <trkpt lat="22.1890878" lon="84.5893466">
      </trkpt>
      <trkpt lat="22.1896523" lon="84.5905549">
      </trkpt>
      <trkpt lat="22.1901641" lon="84.5915816">
      </trkpt>
      <trkpt lat="22.1922194" lon="84.59579">
      </trkpt>
      <trkpt lat="22.1929624" lon="84.5972957">
      </trkpt>
      <trkpt lat="22.1940218" lon="84.5995613">
      </trkpt>
      <trkpt lat="22.1951206" lon="84.6017933">
      </trkpt>
      <trkpt lat="22.1953665" lon="84.6023738">
      </trkpt>
      <trkpt lat="22.1957652" lon="84.6033507">
      </trkpt>
      <trkpt lat="22.1960104" lon="84.6040097">
      </trkpt>
      <trkpt lat="22.1962774" lon="84.6048207">
      </trkpt>
      <trkpt lat="22.1964475" lon="84.6053776">
      </trkpt>
      <trkpt lat="22.1965778" lon="84.6059401">
      </trkpt>
      <trkpt lat="22.1969939" lon="84.6082047">
      </trkpt>
      <trkpt lat="22.1975816" lon="84.6114226">
      </trkpt>
      <trkpt lat="22.1976122" lon="84.6115923">
      </trkpt>
      <trkpt lat="22.1978271" lon="84.6128961">
      </trkpt>
      <trkpt lat="22.1979636" lon="84.6135114">
      </trkpt>
      <trkpt lat="22.1981257" lon="84.6141248">
      </trkpt>
      <trkpt lat="22.1983494" lon="84.6147425">
      </trkpt>
      <trkpt lat="22.198782" lon="84.6158899">
      </trkpt>
      <trkpt lat="22.1991179" lon="84.61662">
      </trkpt>
      <trkpt lat="22.1997516" lon="84.6178691">
      </trkpt>
      <trkpt lat="22.2002226" lon="84.6186439">
      </trkpt>
      <trkpt lat="22.2005284" lon="84.6191349">
      </trkpt>
      <trkpt lat="22.2014262" lon="84.6203328">
      </trkpt>
      <trkpt lat="22.2033923" lon="84.6228292">
      </trkpt>
      <trkpt lat="22.2044255" lon="84.6241655">
      </trkpt>
      <trkpt lat="22.2050385" lon="84.6249762">
      </trkpt>
      <trkpt lat="22.2055456" lon="84.6258119">
      </trkpt>
      <trkpt lat="22.2060693" lon="84.626756">
      </trkpt>
      <trkpt lat="22.2064891" lon="84.6276405">
      </trkpt>
      <trkpt lat="22.2067998" lon="84.6283626">
      </trkpt>
      <trkpt lat="22.2071314" lon="84.6292598">
      </trkpt>
      <trkpt lat="22.2073879" lon="84.630083">
      </trkpt>
      <trkpt lat="22.2075803" lon="84.6308291">
      </trkpt>
      <trkpt lat="22.2077281" lon="84.6315667">
      </trkpt>
      <trkpt lat="22.2078024" lon="84.6320364">
      </trkpt>
      <trkpt lat="22.208307" lon="84.6350525">
      </trkpt>
      <trkpt lat="22.2089938" lon="84.6390177">
      </trkpt>
      <trkpt lat="22.2092267" lon="84.6405085">
      </trkpt>
      <trkpt lat="22.2093322" lon="84.6415547">
      </trkpt>
      <trkpt lat="22.2093778" lon="84.6424011">
      </trkpt>
      <trkpt lat="22.2093802" lon="84.6437842">
      </trkpt>
      <trkpt lat="22.2093809" lon="84.6441988">
      </trkpt>
      <trkpt lat="22.2093728" lon="84.6478643">
      </trkpt>
      <trkpt lat="22.2093724" lon="84.6484261">
      </trkpt>
      <trkpt lat="22.2093231" lon="84.6525326">
      </trkpt>
      <trkpt lat="22.209329" lon="84.6537754">
      </trkpt>
      <trkpt lat="22.2093338" lon="84.654786">
      </trkpt>
      <trkpt lat="22.2093121" lon="84.6559124">
      </trkpt>
      <trkpt lat="22.209315" lon="84.6573887">
      </trkpt>
      <trkpt lat="22.2093816" lon="84.6585629">
      </trkpt>
      <trkpt lat="22.2095049" lon="84.6596096">
      </trkpt>
      <trkpt lat="22.209697" lon="84.6606842">
      </trkpt>
      <trkpt lat="22.2101368" lon="84.6623799">
      </trkpt>
      <trkpt lat="22.2102411" lon="84.6627232">
      </trkpt>
      <trkpt lat="22.210359" lon="84.6630902">
      </trkpt>
      <trkpt lat="22.2105562" lon="84.6635529">
      </trkpt>
      <trkpt lat="22.2106744" lon="84.663835">
      </trkpt>
      <trkpt lat="22.2110474" lon="84.664642">
      </trkpt>
      <trkpt lat="22.212357" lon="84.6675109">
      </trkpt>
      <trkpt lat="22.2140088" lon="84.6710493">
      </trkpt>
      <trkpt lat="22.2144761" lon="84.6721257">
      </trkpt>
      <trkpt lat="22.2149441" lon="84.6731988">
      </trkpt>
      <trkpt lat="22.2161112" lon="84.675673">
      </trkpt>
      <trkpt lat="22.2181143" lon="84.6798982">
      </trkpt>
      <trkpt lat="22.218454" lon="84.6808067">
      </trkpt>
      <trkpt lat="22.2188283" lon="84.6819852">
      </trkpt>
      <trkpt lat="22.219107" lon="84.6830869">
      </trkpt>
      <trkpt lat="22.2193044" lon="84.6841273">
      </trkpt>
      <trkpt lat="22.2194641" lon="84.6856031">
      </trkpt>
      <trkpt lat="22.2202615" lon="84.693571">
      </trkpt>
      <trkpt lat="22.220277" lon="84.6937162">
      </trkpt>
      <trkpt lat="22.2211702" lon="84.7035452">
      </trkpt>
      <trkpt lat="22.2216224" lon="84.7086956">
      </trkpt>
      <trkpt lat="22.2218658" lon="84.7120774">
      </trkpt>
      <trkpt lat="22.2220552" lon="84.7146498">
      </trkpt>
      <trkpt lat="22.2221017" lon="84.7156108">
      </trkpt>
      <trkpt lat="22.2221068" lon="84.7161784">
      </trkpt>
      <trkpt lat="22.222053" lon="84.7232457">
      </trkpt>
      <trkpt lat="22.2220098" lon="84.7260073">
      </trkpt>
      <trkpt lat="22.2219686" lon="84.7280495">
      </trkpt>
      <trkpt lat="22.2219632" lon="84.7285316">
      </trkpt>
      <trkpt lat="22.2219468" lon="84.729323">
      </trkpt>
      <trkpt lat="22.2219352" lon="84.7297791">
      </trkpt>
      <trkpt lat="22.2218631" lon="84.7343265">
      </trkpt>
      <trkpt lat="22.2218392" lon="84.736009">
      </trkpt>
      <trkpt lat="22.2218447" lon="84.7365796">
      </trkpt>
      <trkpt lat="22.2218634" lon="84.7370864">
      </trkpt>
      <trkpt lat="22.2219142" lon="84.7376123">
      </trkpt>
      <trkpt lat="22.2219783" lon="84.7380447">
      </trkpt>
      <trkpt lat="22.222088" lon="84.7385354">
      </trkpt>
      <trkpt lat="22.2221826" lon="84.7389065">
      </trkpt>
      <trkpt lat="22.2223271" lon="84.7393436">
      </trkpt>
      <trkpt lat="22.2224723" lon="84.739768">
      </trkpt>
      <trkpt lat="22.2226781" lon="84.7402359">
      </trkpt>
      <trkpt lat="22.2228037" lon="84.7404603">
      </trkpt>
      <trkpt lat="22.2229335" lon="84.7406818">
      </trkpt>
      <trkpt lat="22.2230675" lon="84.7409004">
      </trkpt>
      <trkpt lat="22.2232174" lon="84.7411342">
      </trkpt>
      <trkpt lat="22.2233721" lon="84.7413643">
      </trkpt>
      <trkpt lat="22.2235315" lon="84.7415907">
      </trkpt>
      <trkpt lat="22.2238643" lon="84.7420848">
      </trkpt>
      <trkpt lat="22.2246782" lon="84.7433877">
      </trkpt>
      <trkpt lat="22.2256069" lon="84.7449177">
      </trkpt>
      <trkpt lat="22.2260426" lon="84.7456096">
      </trkpt>
      <trkpt lat="22.2274355" lon="84.747933">
      </trkpt>
      <trkpt lat="22.2276255" lon="84.7482775">
      </trkpt>
      <trkpt lat="22.2278076" lon="84.7486273">
      </trkpt>
      <trkpt lat="22.2279815" lon="84.748982">
      </trkpt>
      <trkpt lat="22.228147" lon="84.7493413">
      </trkpt>
      <trkpt lat="22.228304" lon="84.7497051">
      </trkpt>
      <trkpt lat="22.2284312" lon="84.7500188">
      </trkpt>
      <trkpt lat="22.2285522" lon="84.7503355">
      </trkpt>
      <trkpt lat="22.2286668" lon="84.7506549">
      </trkpt>
      <trkpt lat="22.228775" lon="84.750977">
      </trkpt>
      <trkpt lat="22.2288768" lon="84.7513014">
      </trkpt>
      <trkpt lat="22.228972" lon="84.7516281">
      </trkpt>
      <trkpt lat="22.2309193" lon="84.7589853">
      </trkpt>
      <trkpt lat="22.2310176" lon="84.7593793">
      </trkpt>
      <trkpt lat="22.2311085" lon="84.7597753">
      </trkpt>
      <trkpt lat="22.231192" lon="84.7601732">
      </trkpt>
      <trkpt lat="22.231268" lon="84.7605728">
      </trkpt>
      <trkpt lat="22.2313368" lon="84.7609753">
      </trkpt>
      <trkpt lat="22.2313979" lon="84.7613791">
      </trkpt>
      <trkpt lat="22.2314516" lon="84.7617842">
      </trkpt>
      <trkpt lat="22.2314976" lon="84.7621904">
      </trkpt>
      <trkpt lat="22.2315359" lon="84.7625976">
      </trkpt>
      <trkpt lat="22.2315592" lon="84.7630057">
      </trkpt>
      <trkpt lat="22.2315733" lon="84.7634142">
      </trkpt>
      <trkpt lat="22.2315783" lon="84.7638231">
      </trkpt>
      <trkpt lat="22.2315741" lon="84.7642319">
      </trkpt>
      <trkpt lat="22.2315608" lon="84.7646405">
      </trkpt>
      <trkpt lat="22.2315403" lon="84.765019">
      </trkpt>
      <trkpt lat="22.2315119" lon="84.765397">
      </trkpt>
      <trkpt lat="22.2314757" lon="84.7657741">
      </trkpt>
      <trkpt lat="22.2314317" lon="84.7661503">
      </trkpt>
      <trkpt lat="22.2313799" lon="84.7665254">
      </trkpt>
      <trkpt lat="22.2304988" lon="84.7721709">
      </trkpt>
      <trkpt lat="22.2300669" lon="84.7750172">
      </trkpt>
      <trkpt lat="22.2298078" lon="84.7766365">
      </trkpt>
      <trkpt lat="22.229546" lon="84.7782863">
      </trkpt>
      <trkpt lat="22.2293377" lon="84.7796478">
      </trkpt>
      <trkpt lat="22.2288143" lon="84.7830365">
      </trkpt>
      <trkpt lat="22.2287692" lon="84.7833626">
      </trkpt>
      <trkpt lat="22.2287302" lon="84.7836897">
      </trkpt>
      <trkpt lat="22.2286972" lon="84.7840176">
      </trkpt>
      <trkpt lat="22.2286659" lon="84.7844076">
      </trkpt>
      <trkpt lat="22.2286431" lon="84.7847983">
      </trkpt>
      <trkpt lat="22.2286289" lon="84.7851894">
      </trkpt>
      <trkpt lat="22.2286233" lon="84.7855804">
      </trkpt>
      <trkpt lat="22.2285784" lon="84.7917197">
      </trkpt>
      <trkpt lat="22.228551" lon="84.7923891">
      </trkpt>
      <trkpt lat="22.22849" lon="84.7930987">
      </trkpt>
      <trkpt lat="22.2282525" lon="84.7948691">
      </trkpt>
      <trkpt lat="22.2281889" lon="84.7953755">
      </trkpt>
      <trkpt lat="22.228161" lon="84.7956514">
      </trkpt>
      <trkpt lat="22.2281051" lon="84.7963032">
      </trkpt>
      <trkpt lat="22.2280996" lon="84.7980926">
      </trkpt>
      <trkpt lat="22.2280748" lon="84.8025813">
      </trkpt>
      <trkpt lat="22.2280659" lon="84.804188">
      </trkpt>
      <trkpt lat="22.2280867" lon="84.8051628">
      </trkpt>
      <trkpt lat="22.2282674" lon="84.8066973">
      </trkpt>
      <trkpt lat="22.2284095" lon="84.8076336">
      </trkpt>
      <trkpt lat="22.2284772" lon="84.8083835">
      </trkpt>
      <trkpt lat="22.2285084" lon="84.8091521">
      </trkpt>
      <trkpt lat="22.2285102" lon="84.8105356">
      </trkpt>
      <trkpt lat="22.2284876" lon="84.8128752">
      </trkpt>
      <trkpt lat="22.2284189" lon="84.8150366">
      </trkpt>
      <trkpt lat="22.2284044" lon="84.8156">
      </trkpt>
      <trkpt lat="22.2283364" lon="84.8212238">
      </trkpt>
      <trkpt lat="22.2282867" lon="84.8293912">
      </trkpt>
      <trkpt lat="22.2282369" lon="84.8375721">
      </trkpt>
      <trkpt lat="22.228235" lon="84.8378283">
      </trkpt>
      <trkpt lat="22.2281798" lon="84.8451632">
      </trkpt>
      <trkpt lat="22.2281629" lon="84.847676">
      </trkpt>
      <trkpt lat="22.2281571" lon="84.848547">
      </trkpt>
      <trkpt lat="22.2281814" lon="84.8496081">
      </trkpt>
      <trkpt lat="22.2282178" lon="84.8509128">
      </trkpt>
      <trkpt lat="22.2282248" lon="84.8516777">
      </trkpt>
      <trkpt lat="22.2282092" lon="84.8533434">
      </trkpt>
      <trkpt lat="22.2282033" lon="84.8539688">
      </trkpt>
      <trkpt lat="22.2282052" lon="84.8543725">
      </trkpt>
      <trkpt lat="22.2281751" lon="84.8574175">
      </trkpt>
      <trkpt lat="22.2281169" lon="84.8655253">
      </trkpt>
    </trkseg>
  </trk>
</gpx>