<?xml version="1.0" encoding="UTF-8"?>
<gpx xmlns="http://www.topografix.com/GPX/1/1" xmlns:xsi="http://www.w3.org/2001/XMLSchema-instance" xsi:schemaLocation="http://www.topografix.com/GPX/1/1 http://www.topografix.com/GPX/1/1/gpx.xsd" version="1.1" creator="gpx.py -- https://github.com/tkrajina/gpxpy">
  <wpt lat="25.6037815" lon="85.1393848">
    <name>Patna Junction</name>
  </wpt>
  <wpt lat="25.4617512" lon="85.987842">
    <name>Barauni Junction</name>
  </wpt>
  <wpt lat="25.5063357" lon="86.4663136">
    <name>Khagaria</name>
  </wpt>
  <wpt lat="25.5472833" lon="87.565816">
    <name>Katihar Junction</name>
  </wpt>
  <wpt lat="26.0971731" lon="87.9478742">
    <name>Kishanganj</name>
  </wpt>
  <wpt lat="26.6827445" lon="88.4432764">
    <name>New Jalpaiguri Junction</name>
  </wpt>
  <trk>
    <name>Patna - Siliguri (Vies regionals)</name>
    <trkseg>
      <trkpt lat="25.6037815" lon="85.1393848">
      </trkpt>
      <trkpt lat="25.6038732" lon="85.1397452">
      </trkpt>
      <trkpt lat="25.6039462" lon="85.1400773">
      </trkpt>
      <trkpt lat="25.6039898" lon="85.1402917">
      </trkpt>
      <trkpt lat="25.6040286" lon="85.1404826">
      </trkpt>
      <trkpt lat="25.6040947" lon="85.1408221">
      </trkpt>
      <trkpt lat="25.6041929" lon="85.141557">
      </trkpt>
      <trkpt lat="25.6042432" lon="85.1419322">
      </trkpt>
      <trkpt lat="25.6043936" lon="85.1430425">
      </trkpt>
      <trkpt lat="25.6044428" lon="85.1434378">
      </trkpt>
      <trkpt lat="25.6045123" lon="85.144341">
      </trkpt>
      <trkpt lat="25.6045504" lon="85.1449637">
      </trkpt>
      <trkpt lat="25.6045557" lon="85.1451106">
      </trkpt>
      <trkpt lat="25.6045747" lon="85.1456134">
      </trkpt>
      <trkpt lat="25.6045754" lon="85.1463063">
      </trkpt>
      <trkpt lat="25.6045616" lon="85.1471811">
      </trkpt>
      <trkpt lat="25.604534" lon="85.147731">
      </trkpt>
      <trkpt lat="25.6045044" lon="85.1482157">
      </trkpt>
      <trkpt lat="25.6044292" lon="85.1491375">
      </trkpt>
      <trkpt lat="25.6040447" lon="85.1530528">
      </trkpt>
      <trkpt lat="25.6040101" lon="85.1534559">
      </trkpt>
      <trkpt lat="25.6037961" lon="85.1556423">
      </trkpt>
      <trkpt lat="25.6035341" lon="85.1583699">
      </trkpt>
      <trkpt lat="25.603147" lon="85.1624341">
      </trkpt>
      <trkpt lat="25.6026657" lon="85.1674883">
      </trkpt>
      <trkpt lat="25.6025597" lon="85.1686114">
      </trkpt>
      <trkpt lat="25.6025358" lon="85.1688645">
      </trkpt>
      <trkpt lat="25.6019684" lon="85.1747771">
      </trkpt>
      <trkpt lat="25.6013445" lon="85.181357">
      </trkpt>
      <trkpt lat="25.6011458" lon="85.1835695">
      </trkpt>
      <trkpt lat="25.6009385" lon="85.185622">
      </trkpt>
      <trkpt lat="25.6008368" lon="85.1865439">
      </trkpt>
      <trkpt lat="25.6007045" lon="85.1875724">
      </trkpt>
      <trkpt lat="25.6003289" lon="85.1903693">
      </trkpt>
      <trkpt lat="25.6002812" lon="85.1907613">
      </trkpt>
      <trkpt lat="25.6001307" lon="85.1918514">
      </trkpt>
      <trkpt lat="25.5999778" lon="85.1927253">
      </trkpt>
      <trkpt lat="25.5997814" lon="85.1935804">
      </trkpt>
      <trkpt lat="25.5995603" lon="85.1943851">
      </trkpt>
      <trkpt lat="25.5992807" lon="85.1952594">
      </trkpt>
      <trkpt lat="25.5991747" lon="85.1955448">
      </trkpt>
      <trkpt lat="25.5990428" lon="85.1959194">
      </trkpt>
      <trkpt lat="25.5989302" lon="85.1962383">
      </trkpt>
      <trkpt lat="25.5989162" lon="85.1962767">
      </trkpt>
      <trkpt lat="25.5982502" lon="85.1981182">
      </trkpt>
      <trkpt lat="25.5980944" lon="85.1986605">
      </trkpt>
      <trkpt lat="25.5980029" lon="85.1992087">
      </trkpt>
      <trkpt lat="25.5979352" lon="85.199765">
      </trkpt>
      <trkpt lat="25.5978844" lon="85.200442">
      </trkpt>
      <trkpt lat="25.597615" lon="85.2061143">
      </trkpt>
      <trkpt lat="25.5975893" lon="85.2065467">
      </trkpt>
      <trkpt lat="25.5975595" lon="85.2069123">
      </trkpt>
      <trkpt lat="25.5974878" lon="85.2073806">
      </trkpt>
      <trkpt lat="25.5973824" lon="85.207942">
      </trkpt>
      <trkpt lat="25.5973102" lon="85.2082301">
      </trkpt>
      <trkpt lat="25.597103" lon="85.208935">
      </trkpt>
      <trkpt lat="25.5968408" lon="85.2096043">
      </trkpt>
      <trkpt lat="25.5966145" lon="85.2101085">
      </trkpt>
      <trkpt lat="25.59551" lon="85.2123628">
      </trkpt>
      <trkpt lat="25.5940663" lon="85.215317">
      </trkpt>
      <trkpt lat="25.5936135" lon="85.2161737">
      </trkpt>
      <trkpt lat="25.5932497" lon="85.2168861">
      </trkpt>
      <trkpt lat="25.592793" lon="85.2176586">
      </trkpt>
      <trkpt lat="25.5922356" lon="85.2185083">
      </trkpt>
      <trkpt lat="25.5917015" lon="85.2193494">
      </trkpt>
      <trkpt lat="25.591268" lon="85.2200532">
      </trkpt>
      <trkpt lat="25.5908504" lon="85.2208215">
      </trkpt>
      <trkpt lat="25.5903782" lon="85.2217573">
      </trkpt>
      <trkpt lat="25.5900758" lon="85.2224037">
      </trkpt>
      <trkpt lat="25.5894396" lon="85.2238682">
      </trkpt>
      <trkpt lat="25.5889897" lon="85.2248231">
      </trkpt>
      <trkpt lat="25.588697" lon="85.2254051">
      </trkpt>
      <trkpt lat="25.5880196" lon="85.2267382">
      </trkpt>
      <trkpt lat="25.5876857" lon="85.2274007">
      </trkpt>
      <trkpt lat="25.5870785" lon="85.2285352">
      </trkpt>
      <trkpt lat="25.5853004" lon="85.2317566">
      </trkpt>
      <trkpt lat="25.5851263" lon="85.2320597">
      </trkpt>
      <trkpt lat="25.58494" lon="85.2323627">
      </trkpt>
      <trkpt lat="25.584686" lon="85.232757">
      </trkpt>
      <trkpt lat="25.5843146" lon="85.2333156">
      </trkpt>
      <trkpt lat="25.5840425" lon="85.2337173">
      </trkpt>
      <trkpt lat="25.5837159" lon="85.2342215">
      </trkpt>
      <trkpt lat="25.5834812" lon="85.2346104">
      </trkpt>
      <trkpt lat="25.5802902" lon="85.2400124">
      </trkpt>
      <trkpt lat="25.5773846" lon="85.2449262">
      </trkpt>
      <trkpt lat="25.5759281" lon="85.2473965">
      </trkpt>
      <trkpt lat="25.5749783" lon="85.2489991">
      </trkpt>
      <trkpt lat="25.5748805" lon="85.2491641">
      </trkpt>
      <trkpt lat="25.5735788" lon="85.2513474">
      </trkpt>
      <trkpt lat="25.5731506" lon="85.2520448">
      </trkpt>
      <trkpt lat="25.5721973" lon="85.2534851">
      </trkpt>
      <trkpt lat="25.5712223" lon="85.2548504">
      </trkpt>
      <trkpt lat="25.5709198" lon="85.2552473">
      </trkpt>
      <trkpt lat="25.5698212" lon="85.2566544">
      </trkpt>
      <trkpt lat="25.5689835" lon="85.2576514">
      </trkpt>
      <trkpt lat="25.5682589" lon="85.2584697">
      </trkpt>
      <trkpt lat="25.5670072" lon="85.2597987">
      </trkpt>
      <trkpt lat="25.5653902" lon="85.2613598">
      </trkpt>
      <trkpt lat="25.5649353" lon="85.2617842">
      </trkpt>
      <trkpt lat="25.5641248" lon="85.2624879">
      </trkpt>
      <trkpt lat="25.5631879" lon="85.263269">
      </trkpt>
      <trkpt lat="25.5624136" lon="85.2638784">
      </trkpt>
      <trkpt lat="25.5614738" lon="85.2645914">
      </trkpt>
      <trkpt lat="25.5612129" lon="85.2647791">
      </trkpt>
      <trkpt lat="25.5603617" lon="85.2653676">
      </trkpt>
      <trkpt lat="25.5592849" lon="85.2660649">
      </trkpt>
      <trkpt lat="25.5580741" lon="85.2668368">
      </trkpt>
      <trkpt lat="25.557163" lon="85.2673889">
      </trkpt>
      <trkpt lat="25.5555846" lon="85.2683276">
      </trkpt>
      <trkpt lat="25.5517762" lon="85.27064">
      </trkpt>
      <trkpt lat="25.5512069" lon="85.2709788">
      </trkpt>
      <trkpt lat="25.5443446" lon="85.2751466">
      </trkpt>
      <trkpt lat="25.5437254" lon="85.2755202">
      </trkpt>
      <trkpt lat="25.53681" lon="85.2796704">
      </trkpt>
      <trkpt lat="25.5335426" lon="85.2816647">
      </trkpt>
      <trkpt lat="25.5331183" lon="85.2819189">
      </trkpt>
      <trkpt lat="25.5308343" lon="85.2832872">
      </trkpt>
      <trkpt lat="25.5300477" lon="85.2837632">
      </trkpt>
      <trkpt lat="25.5278251" lon="85.2851084">
      </trkpt>
      <trkpt lat="25.5275115" lon="85.2852982">
      </trkpt>
      <trkpt lat="25.5215972" lon="85.2888775">
      </trkpt>
      <trkpt lat="25.5213069" lon="85.2890532">
      </trkpt>
      <trkpt lat="25.5202553" lon="85.2896896">
      </trkpt>
      <trkpt lat="25.5197166" lon="85.2900156">
      </trkpt>
      <trkpt lat="25.5177731" lon="85.2911918">
      </trkpt>
      <trkpt lat="25.5170615" lon="85.2916224">
      </trkpt>
      <trkpt lat="25.5150079" lon="85.2928482">
      </trkpt>
      <trkpt lat="25.513872" lon="85.2935559">
      </trkpt>
      <trkpt lat="25.5126934" lon="85.2942649">
      </trkpt>
      <trkpt lat="25.5114326" lon="85.2950221">
      </trkpt>
      <trkpt lat="25.5109955" lon="85.2952623">
      </trkpt>
      <trkpt lat="25.5105131" lon="85.2955946">
      </trkpt>
      <trkpt lat="25.5098755" lon="85.296045">
      </trkpt>
      <trkpt lat="25.5093144" lon="85.2964555">
      </trkpt>
      <trkpt lat="25.5087489" lon="85.2969181">
      </trkpt>
      <trkpt lat="25.5080696" lon="85.2975009">
      </trkpt>
      <trkpt lat="25.5073139" lon="85.2982002">
      </trkpt>
      <trkpt lat="25.506693" lon="85.2988403">
      </trkpt>
      <trkpt lat="25.5061786" lon="85.2993938">
      </trkpt>
      <trkpt lat="25.5055072" lon="85.3001802">
      </trkpt>
      <trkpt lat="25.5051396" lon="85.3006387">
      </trkpt>
      <trkpt lat="25.5048559" lon="85.3010161">
      </trkpt>
      <trkpt lat="25.5045139" lon="85.3014827">
      </trkpt>
      <trkpt lat="25.5042447" lon="85.3018704">
      </trkpt>
      <trkpt lat="25.5041114" lon="85.3020635">
      </trkpt>
      <trkpt lat="25.5034626" lon="85.3030492">
      </trkpt>
      <trkpt lat="25.5031996" lon="85.3034553">
      </trkpt>
      <trkpt lat="25.5030099" lon="85.3037895">
      </trkpt>
      <trkpt lat="25.5028136" lon="85.3041244">
      </trkpt>
      <trkpt lat="25.5026062" lon="85.3045356">
      </trkpt>
      <trkpt lat="25.5024001" lon="85.3049672">
      </trkpt>
      <trkpt lat="25.5022207" lon="85.3053669">
      </trkpt>
      <trkpt lat="25.5020417" lon="85.3057779">
      </trkpt>
      <trkpt lat="25.5018472" lon="85.3062649">
      </trkpt>
      <trkpt lat="25.5016634" lon="85.30675">
      </trkpt>
      <trkpt lat="25.5015466" lon="85.3070813">
      </trkpt>
      <trkpt lat="25.5013241" lon="85.3077596">
      </trkpt>
      <trkpt lat="25.5012166" lon="85.3081059">
      </trkpt>
      <trkpt lat="25.5011184" lon="85.3084444">
      </trkpt>
      <trkpt lat="25.5009858" lon="85.308962">
      </trkpt>
      <trkpt lat="25.5007979" lon="85.3097359">
      </trkpt>
      <trkpt lat="25.5006757" lon="85.310344">
      </trkpt>
      <trkpt lat="25.5005589" lon="85.310965">
      </trkpt>
      <trkpt lat="25.5004595" lon="85.3114721">
      </trkpt>
      <trkpt lat="25.5003763" lon="85.3119388">
      </trkpt>
      <trkpt lat="25.5002506" lon="85.3125707">
      </trkpt>
      <trkpt lat="25.499946" lon="85.314112">
      </trkpt>
      <trkpt lat="25.499616" lon="85.3157093">
      </trkpt>
      <trkpt lat="25.4982256" lon="85.3226937">
      </trkpt>
      <trkpt lat="25.497377" lon="85.3269565">
      </trkpt>
      <trkpt lat="25.4950864" lon="85.3382301">
      </trkpt>
      <trkpt lat="25.4950517" lon="85.3384041">
      </trkpt>
      <trkpt lat="25.4930184" lon="85.3485784">
      </trkpt>
      <trkpt lat="25.4913466" lon="85.3569433">
      </trkpt>
      <trkpt lat="25.4867327" lon="85.3798808">
      </trkpt>
      <trkpt lat="25.4863412" lon="85.3818095">
      </trkpt>
      <trkpt lat="25.486331" lon="85.3820886">
      </trkpt>
      <trkpt lat="25.4861208" lon="85.3831244">
      </trkpt>
      <trkpt lat="25.4853944" lon="85.3867243">
      </trkpt>
      <trkpt lat="25.4844286" lon="85.3914397">
      </trkpt>
      <trkpt lat="25.484347" lon="85.3917657">
      </trkpt>
      <trkpt lat="25.480889" lon="85.4087902">
      </trkpt>
      <trkpt lat="25.4807329" lon="85.4098386">
      </trkpt>
      <trkpt lat="25.4792169" lon="85.4173295">
      </trkpt>
      <trkpt lat="25.4783292" lon="85.4217161">
      </trkpt>
      <trkpt lat="25.4774667" lon="85.425961">
      </trkpt>
      <trkpt lat="25.4759499" lon="85.4335778">
      </trkpt>
      <trkpt lat="25.4755612" lon="85.4353628">
      </trkpt>
      <trkpt lat="25.4746468" lon="85.4398791">
      </trkpt>
      <trkpt lat="25.4738802" lon="85.4436652">
      </trkpt>
      <trkpt lat="25.4726899" lon="85.4495444">
      </trkpt>
      <trkpt lat="25.4714758" lon="85.4554651">
      </trkpt>
      <trkpt lat="25.4714113" lon="85.4557497">
      </trkpt>
      <trkpt lat="25.469906" lon="85.4631975">
      </trkpt>
      <trkpt lat="25.4690182" lon="85.4675686">
      </trkpt>
      <trkpt lat="25.4668835" lon="85.4780784">
      </trkpt>
      <trkpt lat="25.4659903" lon="85.4824934">
      </trkpt>
      <trkpt lat="25.4659853" lon="85.4825181">
      </trkpt>
      <trkpt lat="25.4657142" lon="85.483988">
      </trkpt>
      <trkpt lat="25.4654007" lon="85.4855205">
      </trkpt>
      <trkpt lat="25.4652859" lon="85.4860616">
      </trkpt>
      <trkpt lat="25.4646332" lon="85.4892055">
      </trkpt>
      <trkpt lat="25.4641365" lon="85.4916346">
      </trkpt>
      <trkpt lat="25.4635195" lon="85.4946796">
      </trkpt>
      <trkpt lat="25.4618809" lon="85.502733">
      </trkpt>
      <trkpt lat="25.4614289" lon="85.5049335">
      </trkpt>
      <trkpt lat="25.4612237" lon="85.505957">
      </trkpt>
      <trkpt lat="25.4608969" lon="85.5075574">
      </trkpt>
      <trkpt lat="25.4607786" lon="85.5080924">
      </trkpt>
      <trkpt lat="25.4604691" lon="85.5095944">
      </trkpt>
      <trkpt lat="25.4597178" lon="85.5132649">
      </trkpt>
      <trkpt lat="25.459471" lon="85.5144751">
      </trkpt>
      <trkpt lat="25.4591972" lon="85.5158176">
      </trkpt>
      <trkpt lat="25.4590836" lon="85.5163744">
      </trkpt>
      <trkpt lat="25.4589016" lon="85.5172665">
      </trkpt>
      <trkpt lat="25.4585937" lon="85.5187763">
      </trkpt>
      <trkpt lat="25.4583329" lon="85.5200545">
      </trkpt>
      <trkpt lat="25.4576688" lon="85.5233209">
      </trkpt>
      <trkpt lat="25.4574251" lon="85.524506">
      </trkpt>
      <trkpt lat="25.4571964" lon="85.5255853">
      </trkpt>
      <trkpt lat="25.4561227" lon="85.5308129">
      </trkpt>
      <trkpt lat="25.4556973" lon="85.5329382">
      </trkpt>
      <trkpt lat="25.4556489" lon="85.5331726">
      </trkpt>
      <trkpt lat="25.4554569" lon="85.5341012">
      </trkpt>
      <trkpt lat="25.4553804" lon="85.534485">
      </trkpt>
      <trkpt lat="25.4552426" lon="85.535223">
      </trkpt>
      <trkpt lat="25.4551339" lon="85.5358683">
      </trkpt>
      <trkpt lat="25.4548345" lon="85.5380078">
      </trkpt>
      <trkpt lat="25.4547606" lon="85.5386348">
      </trkpt>
      <trkpt lat="25.4546796" lon="85.5396071">
      </trkpt>
      <trkpt lat="25.4545924" lon="85.5406371">
      </trkpt>
      <trkpt lat="25.4545149" lon="85.5417851">
      </trkpt>
      <trkpt lat="25.4545054" lon="85.5420563">
      </trkpt>
      <trkpt lat="25.4544786" lon="85.543233">
      </trkpt>
      <trkpt lat="25.4544651" lon="85.5439648">
      </trkpt>
      <trkpt lat="25.4544437" lon="85.5451219">
      </trkpt>
      <trkpt lat="25.4544088" lon="85.5468487">
      </trkpt>
      <trkpt lat="25.4544089" lon="85.5473077">
      </trkpt>
      <trkpt lat="25.4544083" lon="85.5473582">
      </trkpt>
      <trkpt lat="25.4543827" lon="85.5497807">
      </trkpt>
      <trkpt lat="25.4543821" lon="85.5498093">
      </trkpt>
      <trkpt lat="25.4543436" lon="85.5530302">
      </trkpt>
      <trkpt lat="25.4543271" lon="85.5544117">
      </trkpt>
      <trkpt lat="25.4542995" lon="85.5567111">
      </trkpt>
      <trkpt lat="25.4542917" lon="85.5573612">
      </trkpt>
      <trkpt lat="25.4542854" lon="85.5579699">
      </trkpt>
      <trkpt lat="25.4542733" lon="85.5586884">
      </trkpt>
      <trkpt lat="25.4542739" lon="85.5587139">
      </trkpt>
      <trkpt lat="25.4542359" lon="85.5615798">
      </trkpt>
      <trkpt lat="25.4542249" lon="85.5624058">
      </trkpt>
      <trkpt lat="25.4542161" lon="85.5630733">
      </trkpt>
      <trkpt lat="25.4541987" lon="85.5644631">
      </trkpt>
      <trkpt lat="25.4541779" lon="85.5661249">
      </trkpt>
      <trkpt lat="25.4541512" lon="85.5682572">
      </trkpt>
      <trkpt lat="25.4541395" lon="85.5691927">
      </trkpt>
      <trkpt lat="25.4541157" lon="85.571095">
      </trkpt>
      <trkpt lat="25.4540879" lon="85.5733118">
      </trkpt>
      <trkpt lat="25.4540787" lon="85.5740501">
      </trkpt>
      <trkpt lat="25.4540686" lon="85.5748542">
      </trkpt>
      <trkpt lat="25.4540382" lon="85.5771285">
      </trkpt>
      <trkpt lat="25.4540094" lon="85.5792822">
      </trkpt>
      <trkpt lat="25.4539964" lon="85.5802599">
      </trkpt>
      <trkpt lat="25.4539803" lon="85.5814644">
      </trkpt>
      <trkpt lat="25.4539555" lon="85.5833204">
      </trkpt>
      <trkpt lat="25.4539528" lon="85.5835203">
      </trkpt>
      <trkpt lat="25.4539231" lon="85.5857411">
      </trkpt>
      <trkpt lat="25.4539024" lon="85.5872928">
      </trkpt>
      <trkpt lat="25.4538994" lon="85.5875167">
      </trkpt>
      <trkpt lat="25.4538798" lon="85.5889799">
      </trkpt>
      <trkpt lat="25.4538585" lon="85.5905738">
      </trkpt>
      <trkpt lat="25.4538576" lon="85.5906247">
      </trkpt>
      <trkpt lat="25.4538401" lon="85.5919504">
      </trkpt>
      <trkpt lat="25.4538274" lon="85.5929039">
      </trkpt>
      <trkpt lat="25.4538039" lon="85.5946621">
      </trkpt>
      <trkpt lat="25.4537825" lon="85.5962593">
      </trkpt>
      <trkpt lat="25.4537602" lon="85.597929">
      </trkpt>
      <trkpt lat="25.4537347" lon="85.5998378">
      </trkpt>
      <trkpt lat="25.4537225" lon="85.6002864">
      </trkpt>
      <trkpt lat="25.45372" lon="85.6003496">
      </trkpt>
      <trkpt lat="25.4536973" lon="85.6021577">
      </trkpt>
      <trkpt lat="25.4536834" lon="85.6032695">
      </trkpt>
      <trkpt lat="25.4536657" lon="85.6046747">
      </trkpt>
      <trkpt lat="25.4536655" lon="85.6046896">
      </trkpt>
      <trkpt lat="25.453659" lon="85.6050526">
      </trkpt>
      <trkpt lat="25.4535826" lon="85.6113007">
      </trkpt>
      <trkpt lat="25.4535825" lon="85.6113079">
      </trkpt>
      <trkpt lat="25.4534823" lon="85.617937">
      </trkpt>
      <trkpt lat="25.4534079" lon="85.6234842">
      </trkpt>
      <trkpt lat="25.4533472" lon="85.6261694">
      </trkpt>
      <trkpt lat="25.453343" lon="85.6274094">
      </trkpt>
      <trkpt lat="25.4533222" lon="85.6289866">
      </trkpt>
      <trkpt lat="25.4533138" lon="85.6303282">
      </trkpt>
      <trkpt lat="25.4533124" lon="85.6305065">
      </trkpt>
      <trkpt lat="25.4533092" lon="85.6307033">
      </trkpt>
      <trkpt lat="25.4531438" lon="85.6407483">
      </trkpt>
      <trkpt lat="25.4531388" lon="85.6411348">
      </trkpt>
      <trkpt lat="25.453035" lon="85.6483689">
      </trkpt>
      <trkpt lat="25.4529297" lon="85.6553205">
      </trkpt>
      <trkpt lat="25.4529269" lon="85.6557749">
      </trkpt>
      <trkpt lat="25.4529254" lon="85.6560203">
      </trkpt>
      <trkpt lat="25.4528248" lon="85.6626298">
      </trkpt>
      <trkpt lat="25.4527105" lon="85.67014">
      </trkpt>
      <trkpt lat="25.4526082" lon="85.6756124">
      </trkpt>
      <trkpt lat="25.4525279" lon="85.6803012">
      </trkpt>
      <trkpt lat="25.4525229" lon="85.6805518">
      </trkpt>
      <trkpt lat="25.4524785" lon="85.6850589">
      </trkpt>
      <trkpt lat="25.452492" lon="85.6863575">
      </trkpt>
      <trkpt lat="25.452514" lon="85.6868602">
      </trkpt>
      <trkpt lat="25.4525433" lon="85.6873624">
      </trkpt>
      <trkpt lat="25.4525797" lon="85.6878641">
      </trkpt>
      <trkpt lat="25.4526234" lon="85.688365">
      </trkpt>
      <trkpt lat="25.4526742" lon="85.6888651">
      </trkpt>
      <trkpt lat="25.4527322" lon="85.6893643">
      </trkpt>
      <trkpt lat="25.4527974" lon="85.6898623">
      </trkpt>
      <trkpt lat="25.45287" lon="85.6903608">
      </trkpt>
      <trkpt lat="25.4529497" lon="85.6908578">
      </trkpt>
      <trkpt lat="25.4530366" lon="85.6913535">
      </trkpt>
      <trkpt lat="25.4531306" lon="85.6918475">
      </trkpt>
      <trkpt lat="25.4532317" lon="85.6923398">
      </trkpt>
      <trkpt lat="25.4533399" lon="85.6928302">
      </trkpt>
      <trkpt lat="25.453463" lon="85.6933776">
      </trkpt>
      <trkpt lat="25.4538833" lon="85.6949759">
      </trkpt>
      <trkpt lat="25.4540319" lon="85.6954865">
      </trkpt>
      <trkpt lat="25.4541889" lon="85.695994">
      </trkpt>
      <trkpt lat="25.4543544" lon="85.6964983">
      </trkpt>
      <trkpt lat="25.4545282" lon="85.696999">
      </trkpt>
      <trkpt lat="25.4547104" lon="85.6974961">
      </trkpt>
      <trkpt lat="25.4549007" lon="85.6979895">
      </trkpt>
      <trkpt lat="25.4550993" lon="85.6984788">
      </trkpt>
      <trkpt lat="25.455306" lon="85.698964">
      </trkpt>
      <trkpt lat="25.4555207" lon="85.6994449">
      </trkpt>
      <trkpt lat="25.4557434" lon="85.6999213">
      </trkpt>
      <trkpt lat="25.4559781" lon="85.7004013">
      </trkpt>
      <trkpt lat="25.4562209" lon="85.7008763">
      </trkpt>
      <trkpt lat="25.4564716" lon="85.7013462">
      </trkpt>
      <trkpt lat="25.4567303" lon="85.7018108">
      </trkpt>
      <trkpt lat="25.4569968" lon="85.7022699">
      </trkpt>
      <trkpt lat="25.4572711" lon="85.7027234">
      </trkpt>
      <trkpt lat="25.4575529" lon="85.7031711">
      </trkpt>
      <trkpt lat="25.4578423" lon="85.7036129">
      </trkpt>
      <trkpt lat="25.4581392" lon="85.7040486">
      </trkpt>
      <trkpt lat="25.4584433" lon="85.7044781">
      </trkpt>
      <trkpt lat="25.460173" lon="85.7070458">
      </trkpt>
      <trkpt lat="25.4601868" lon="85.7070653">
      </trkpt>
      <trkpt lat="25.4603215" lon="85.7072553">
      </trkpt>
      <trkpt lat="25.4635432" lon="85.711557">
      </trkpt>
      <trkpt lat="25.4642284" lon="85.7124718">
      </trkpt>
      <trkpt lat="25.464408" lon="85.7127085">
      </trkpt>
      <trkpt lat="25.468012" lon="85.7175816">
      </trkpt>
      <trkpt lat="25.4738572" lon="85.7254371">
      </trkpt>
      <trkpt lat="25.4750684" lon="85.7270315">
      </trkpt>
      <trkpt lat="25.475102" lon="85.7270789">
      </trkpt>
      <trkpt lat="25.4752196" lon="85.7272273">
      </trkpt>
      <trkpt lat="25.4768425" lon="85.7294034">
      </trkpt>
      <trkpt lat="25.4773058" lon="85.730076">
      </trkpt>
      <trkpt lat="25.4776057" lon="85.7305376">
      </trkpt>
      <trkpt lat="25.4778982" lon="85.731005">
      </trkpt>
      <trkpt lat="25.4781832" lon="85.7314782">
      </trkpt>
      <trkpt lat="25.4784605" lon="85.7319568">
      </trkpt>
      <trkpt lat="25.4787301" lon="85.7324409">
      </trkpt>
      <trkpt lat="25.4789919" lon="85.7329301">
      </trkpt>
      <trkpt lat="25.4792459" lon="85.7334245">
      </trkpt>
      <trkpt lat="25.4794918" lon="85.7339237">
      </trkpt>
      <trkpt lat="25.4797297" lon="85.7344278">
      </trkpt>
      <trkpt lat="25.4799594" lon="85.7349364">
      </trkpt>
      <trkpt lat="25.480181" lon="85.7354495">
      </trkpt>
      <trkpt lat="25.4803943" lon="85.7359669">
      </trkpt>
      <trkpt lat="25.4805993" lon="85.7364883">
      </trkpt>
      <trkpt lat="25.4807958" lon="85.7370138">
      </trkpt>
      <trkpt lat="25.4809839" lon="85.737543">
      </trkpt>
      <trkpt lat="25.4811635" lon="85.7380758">
      </trkpt>
      <trkpt lat="25.4813345" lon="85.7386121">
      </trkpt>
      <trkpt lat="25.4814969" lon="85.7391517">
      </trkpt>
      <trkpt lat="25.4816472" lon="85.7396817">
      </trkpt>
      <trkpt lat="25.4817891" lon="85.7402146">
      </trkpt>
      <trkpt lat="25.4819226" lon="85.7407501">
      </trkpt>
      <trkpt lat="25.4820477" lon="85.7412882">
      </trkpt>
      <trkpt lat="25.4821644" lon="85.7418285">
      </trkpt>
      <trkpt lat="25.4822726" lon="85.742371">
      </trkpt>
      <trkpt lat="25.4823723" lon="85.7429155">
      </trkpt>
      <trkpt lat="25.4824634" lon="85.7434618">
      </trkpt>
      <trkpt lat="25.4825459" lon="85.7440098">
      </trkpt>
      <trkpt lat="25.4826199" lon="85.7445594">
      </trkpt>
      <trkpt lat="25.4827073" lon="85.745534">
      </trkpt>
      <trkpt lat="25.4828523" lon="85.7490068">
      </trkpt>
      <trkpt lat="25.4826662" lon="85.7608981">
      </trkpt>
      <trkpt lat="25.4826638" lon="85.7610526">
      </trkpt>
      <trkpt lat="25.4826545" lon="85.761645">
      </trkpt>
      <trkpt lat="25.4826545" lon="85.7618301">
      </trkpt>
      <trkpt lat="25.4825123" lon="85.7701507">
      </trkpt>
      <trkpt lat="25.4824658" lon="85.7738459">
      </trkpt>
      <trkpt lat="25.4823895" lon="85.7838759">
      </trkpt>
      <trkpt lat="25.4823762" lon="85.7844657">
      </trkpt>
      <trkpt lat="25.4822443" lon="85.7910332">
      </trkpt>
      <trkpt lat="25.482245" lon="85.7920817">
      </trkpt>
      <trkpt lat="25.4821554" lon="85.7959882">
      </trkpt>
      <trkpt lat="25.482088" lon="85.7995902">
      </trkpt>
      <trkpt lat="25.4819832" lon="85.8056388">
      </trkpt>
      <trkpt lat="25.4819198" lon="85.8064963">
      </trkpt>
      <trkpt lat="25.4818729" lon="85.8068843">
      </trkpt>
      <trkpt lat="25.4815605" lon="85.8094715">
      </trkpt>
      <trkpt lat="25.4810589" lon="85.8120118">
      </trkpt>
      <trkpt lat="25.4801829" lon="85.8151393">
      </trkpt>
      <trkpt lat="25.4788685" lon="85.8184352">
      </trkpt>
      <trkpt lat="25.4760325" lon="85.8234297">
      </trkpt>
      <trkpt lat="25.4734838" lon="85.8265706">
      </trkpt>
      <trkpt lat="25.4719787" lon="85.828079">
      </trkpt>
      <trkpt lat="25.4702742" lon="85.8295787">
      </trkpt>
      <trkpt lat="25.4665128" lon="85.8322666">
      </trkpt>
      <trkpt lat="25.4662679" lon="85.8324448">
      </trkpt>
      <trkpt lat="25.453223" lon="85.8419349">
      </trkpt>
      <trkpt lat="25.4446749" lon="85.84809">
      </trkpt>
      <trkpt lat="25.4413673" lon="85.8504898">
      </trkpt>
      <trkpt lat="25.4388125" lon="85.852367">
      </trkpt>
      <trkpt lat="25.4313287" lon="85.857749">
      </trkpt>
      <trkpt lat="25.4300482" lon="85.8586384">
      </trkpt>
      <trkpt lat="25.4300328" lon="85.8586491">
      </trkpt>
      <trkpt lat="25.4299097" lon="85.8587362">
      </trkpt>
      <trkpt lat="25.4172722" lon="85.8678548">
      </trkpt>
      <trkpt lat="25.4165641" lon="85.8683659">
      </trkpt>
      <trkpt lat="25.412898" lon="85.871381">
      </trkpt>
      <trkpt lat="25.4107415" lon="85.8735345">
      </trkpt>
      <trkpt lat="25.4076044" lon="85.877139">
      </trkpt>
      <trkpt lat="25.4070423" lon="85.8778792">
      </trkpt>
      <trkpt lat="25.4062525" lon="85.8789843">
      </trkpt>
      <trkpt lat="25.4053463" lon="85.8803174">
      </trkpt>
      <trkpt lat="25.4050314" lon="85.8808082">
      </trkpt>
      <trkpt lat="25.4044596" lon="85.8817389">
      </trkpt>
      <trkpt lat="25.4038708" lon="85.882726">
      </trkpt>
      <trkpt lat="25.4032191" lon="85.8838901">
      </trkpt>
      <trkpt lat="25.4023662" lon="85.8855423">
      </trkpt>
      <trkpt lat="25.4015715" lon="85.8872294">
      </trkpt>
      <trkpt lat="25.4011693" lon="85.8881709">
      </trkpt>
      <trkpt lat="25.4006775" lon="85.8894315">
      </trkpt>
      <trkpt lat="25.4003043" lon="85.8904722">
      </trkpt>
      <trkpt lat="25.3941645" lon="85.907912">
      </trkpt>
      <trkpt lat="25.3940234" lon="85.9083187">
      </trkpt>
      <trkpt lat="25.3938544" lon="85.9088078">
      </trkpt>
      <trkpt lat="25.3937259" lon="85.9091619">
      </trkpt>
      <trkpt lat="25.3908255" lon="85.9174553">
      </trkpt>
      <trkpt lat="25.3906656" lon="85.9179112">
      </trkpt>
      <trkpt lat="25.3897537" lon="85.9205203">
      </trkpt>
      <trkpt lat="25.3834596" lon="85.9384972">
      </trkpt>
      <trkpt lat="25.3834452" lon="85.9385383">
      </trkpt>
      <trkpt lat="25.3824679" lon="85.9413296">
      </trkpt>
      <trkpt lat="25.3819614" lon="85.9429041">
      </trkpt>
      <trkpt lat="25.3814995" lon="85.9444422">
      </trkpt>
      <trkpt lat="25.3812277" lon="85.9454963">
      </trkpt>
      <trkpt lat="25.3809412" lon="85.9468067">
      </trkpt>
      <trkpt lat="25.3802936" lon="85.9496841">
      </trkpt>
      <trkpt lat="25.3791199" lon="85.9548576">
      </trkpt>
      <trkpt lat="25.3785651" lon="85.9572655">
      </trkpt>
      <trkpt lat="25.3780573" lon="85.9593697">
      </trkpt>
      <trkpt lat="25.3778951" lon="85.9600407">
      </trkpt>
      <trkpt lat="25.3778005" lon="85.9604524">
      </trkpt>
      <trkpt lat="25.3776733" lon="85.9609875">
      </trkpt>
      <trkpt lat="25.3774782" lon="85.9616178">
      </trkpt>
      <trkpt lat="25.3771262" lon="85.9625244">
      </trkpt>
      <trkpt lat="25.3766047" lon="85.9634795">
      </trkpt>
      <trkpt lat="25.3760048" lon="85.9643403">
      </trkpt>
      <trkpt lat="25.375278" lon="85.9651405">
      </trkpt>
      <trkpt lat="25.3681987" lon="85.9717221">
      </trkpt>
      <trkpt lat="25.3658352" lon="85.973857">
      </trkpt>
      <trkpt lat="25.3647491" lon="85.9752099">
      </trkpt>
      <trkpt lat="25.3642833" lon="85.9760195">
      </trkpt>
      <trkpt lat="25.3637192" lon="85.9774312">
      </trkpt>
      <trkpt lat="25.3634026" lon="85.9787585">
      </trkpt>
      <trkpt lat="25.3632754" lon="85.9799926">
      </trkpt>
      <trkpt lat="25.3633462" lon="85.9812399">
      </trkpt>
      <trkpt lat="25.3635917" lon="85.9826369">
      </trkpt>
      <trkpt lat="25.3639878" lon="85.9837641">
      </trkpt>
      <trkpt lat="25.3643683" lon="85.9846518">
      </trkpt>
      <trkpt lat="25.3646421" lon="85.9851354">
      </trkpt>
      <trkpt lat="25.364968" lon="85.9856062">
      </trkpt>
      <trkpt lat="25.3652298" lon="85.985975">
      </trkpt>
      <trkpt lat="25.3655054" lon="85.9863209">
      </trkpt>
      <trkpt lat="25.3659317" lon="85.9868076">
      </trkpt>
      <trkpt lat="25.3663404" lon="85.9872643">
      </trkpt>
      <trkpt lat="25.3673747" lon="85.9884098">
      </trkpt>
      <trkpt lat="25.3686049" lon="85.9897844">
      </trkpt>
      <trkpt lat="25.3692268" lon="85.9904512">
      </trkpt>
      <trkpt lat="25.380155" lon="86.0026516">
      </trkpt>
      <trkpt lat="25.3819915" lon="86.0046976">
      </trkpt>
      <trkpt lat="25.3838134" lon="86.0067965">
      </trkpt>
      <trkpt lat="25.384133" lon="86.0071533">
      </trkpt>
      <trkpt lat="25.3845398" lon="86.0076606">
      </trkpt>
      <trkpt lat="25.3899023" lon="86.0136661">
      </trkpt>
      <trkpt lat="25.3901834" lon="86.0139719">
      </trkpt>
      <trkpt lat="25.3904402" lon="86.0142347">
      </trkpt>
      <trkpt lat="25.3907504" lon="86.014511">
      </trkpt>
      <trkpt lat="25.3909854" lon="86.0146961">
      </trkpt>
      <trkpt lat="25.3916615" lon="86.0151386">
      </trkpt>
      <trkpt lat="25.3922406" lon="86.0154095">
      </trkpt>
      <trkpt lat="25.3927664" lon="86.0155839">
      </trkpt>
      <trkpt lat="25.3934764" lon="86.015726">
      </trkpt>
      <trkpt lat="25.3941185" lon="86.0157877">
      </trkpt>
      <trkpt lat="25.3995072" lon="86.0161686">
      </trkpt>
      <trkpt lat="25.4001033" lon="86.0161927">
      </trkpt>
      <trkpt lat="25.4007526" lon="86.0161981">
      </trkpt>
      <trkpt lat="25.4014238" lon="86.0161686">
      </trkpt>
      <trkpt lat="25.4024147" lon="86.0160854">
      </trkpt>
      <trkpt lat="25.4032458" lon="86.015946">
      </trkpt>
      <trkpt lat="25.4039823" lon="86.0157904">
      </trkpt>
      <trkpt lat="25.4051332" lon="86.0154752">
      </trkpt>
      <trkpt lat="25.40586" lon="86.0152701">
      </trkpt>
      <trkpt lat="25.4070932" lon="86.01492">
      </trkpt>
      <trkpt lat="25.4153111" lon="86.0125557">
      </trkpt>
      <trkpt lat="25.4161863" lon="86.0123025">
      </trkpt>
      <trkpt lat="25.4167449" lon="86.0121438">
      </trkpt>
      <trkpt lat="25.4172443" lon="86.0120112">
      </trkpt>
      <trkpt lat="25.4176815" lon="86.0119307">
      </trkpt>
      <trkpt lat="25.4179008" lon="86.0118864">
      </trkpt>
      <trkpt lat="25.4183962" lon="86.0117872">
      </trkpt>
      <trkpt lat="25.4187475" lon="86.0117014">
      </trkpt>
      <trkpt lat="25.4232449" lon="86.0104206">
      </trkpt>
      <trkpt lat="25.4300252" lon="86.0084787">
      </trkpt>
      <trkpt lat="25.431888" lon="86.0079664">
      </trkpt>
      <trkpt lat="25.4323724" lon="86.0078309">
      </trkpt>
      <trkpt lat="25.4362977" lon="86.0067354">
      </trkpt>
      <trkpt lat="25.4369897" lon="86.0065424">
      </trkpt>
      <trkpt lat="25.4373283" lon="86.0064349">
      </trkpt>
      <trkpt lat="25.4385554" lon="86.0059856">
      </trkpt>
      <trkpt lat="25.4394367" lon="86.0057278">
      </trkpt>
      <trkpt lat="25.4448484" lon="86.0041839">
      </trkpt>
      <trkpt lat="25.4489262" lon="86.0029545">
      </trkpt>
      <trkpt lat="25.4494694" lon="86.0027121">
      </trkpt>
      <trkpt lat="25.4500486" lon="86.0023806">
      </trkpt>
      <trkpt lat="25.4505946" lon="86.0020062">
      </trkpt>
      <trkpt lat="25.4517894" lon="86.001033">
      </trkpt>
      <trkpt lat="25.4521568" lon="86.0007334">
      </trkpt>
      <trkpt lat="25.452454" lon="86.000461">
      </trkpt>
      <trkpt lat="25.4539693" lon="85.9990898">
      </trkpt>
      <trkpt lat="25.4572136" lon="85.9961175">
      </trkpt>
      <trkpt lat="25.4574109" lon="85.9958916">
      </trkpt>
      <trkpt lat="25.4576044" lon="85.995634">
      </trkpt>
      <trkpt lat="25.457846" lon="85.9952493">
      </trkpt>
      <trkpt lat="25.4581066" lon="85.9947537">
      </trkpt>
      <trkpt lat="25.458408" lon="85.9941804">
      </trkpt>
      <trkpt lat="25.4585932" lon="85.9938186">
      </trkpt>
      <trkpt lat="25.4588393" lon="85.9933429">
      </trkpt>
      <trkpt lat="25.459333" lon="85.9924109">
      </trkpt>
      <trkpt lat="25.4596493" lon="85.9918348">
      </trkpt>
      <trkpt lat="25.4617512" lon="85.987842">
      </trkpt>
      <trkpt lat="25.4622239" lon="85.9881618">
      </trkpt>
      <trkpt lat="25.459913" lon="85.9925407">
      </trkpt>
      <trkpt lat="25.4598264" lon="85.9926965">
      </trkpt>
      <trkpt lat="25.4597326" lon="85.9928589">
      </trkpt>
      <trkpt lat="25.4594917" lon="85.9932304">
      </trkpt>
      <trkpt lat="25.4588567" lon="85.9944303">
      </trkpt>
      <trkpt lat="25.4587474" lon="85.9946293">
      </trkpt>
      <trkpt lat="25.4586625" lon="85.9947802">
      </trkpt>
      <trkpt lat="25.4585629" lon="85.9949416">
      </trkpt>
      <trkpt lat="25.4582396" lon="85.9954298">
      </trkpt>
      <trkpt lat="25.4581302" lon="85.9956114">
      </trkpt>
      <trkpt lat="25.4579208" lon="85.995984">
      </trkpt>
      <trkpt lat="25.4576894" lon="85.9964777">
      </trkpt>
      <trkpt lat="25.4575172" lon="85.9969296">
      </trkpt>
      <trkpt lat="25.4574031" lon="85.9973704">
      </trkpt>
      <trkpt lat="25.4573475" lon="85.9977759">
      </trkpt>
      <trkpt lat="25.4573158" lon="85.9981546">
      </trkpt>
      <trkpt lat="25.4572989" lon="85.9983786">
      </trkpt>
      <trkpt lat="25.4573181" lon="85.9988624">
      </trkpt>
      <trkpt lat="25.4573723" lon="85.9993036">
      </trkpt>
      <trkpt lat="25.4574966" lon="85.9997264">
      </trkpt>
      <trkpt lat="25.4575571" lon="86.0000463">
      </trkpt>
      <trkpt lat="25.4575937" lon="86.0003727">
      </trkpt>
      <trkpt lat="25.4575991" lon="86.0006319">
      </trkpt>
      <trkpt lat="25.4575905" lon="86.0009661">
      </trkpt>
      <trkpt lat="25.4575502" lon="86.0012409">
      </trkpt>
      <trkpt lat="25.457432" lon="86.0018212">
      </trkpt>
      <trkpt lat="25.4564937" lon="86.0066509">
      </trkpt>
      <trkpt lat="25.4556967" lon="86.0107827">
      </trkpt>
      <trkpt lat="25.4555485" lon="86.0114714">
      </trkpt>
      <trkpt lat="25.4555433" lon="86.0114954">
      </trkpt>
      <trkpt lat="25.4536769" lon="86.0190145">
      </trkpt>
      <trkpt lat="25.4514088" lon="86.028279">
      </trkpt>
      <trkpt lat="25.4507443" lon="86.030867">
      </trkpt>
      <trkpt lat="25.45056" lon="86.031648">
      </trkpt>
      <trkpt lat="25.4487042" lon="86.0390526">
      </trkpt>
      <trkpt lat="25.4483994" lon="86.0406293">
      </trkpt>
      <trkpt lat="25.447056" lon="86.045677">
      </trkpt>
      <trkpt lat="25.445809" lon="86.0507097">
      </trkpt>
      <trkpt lat="25.4434382" lon="86.0602622">
      </trkpt>
      <trkpt lat="25.4430688" lon="86.061834">
      </trkpt>
      <trkpt lat="25.4394018" lon="86.0765897">
      </trkpt>
      <trkpt lat="25.4365619" lon="86.0882073">
      </trkpt>
      <trkpt lat="25.4344745" lon="86.096624">
      </trkpt>
      <trkpt lat="25.4340999" lon="86.0981342">
      </trkpt>
      <trkpt lat="25.4302831" lon="86.1135237">
      </trkpt>
      <trkpt lat="25.4290448" lon="86.1184966">
      </trkpt>
      <trkpt lat="25.426411" lon="86.12938">
      </trkpt>
      <trkpt lat="25.4263142" lon="86.1297602">
      </trkpt>
      <trkpt lat="25.4262501" lon="86.1300268">
      </trkpt>
      <trkpt lat="25.4251083" lon="86.1345112">
      </trkpt>
      <trkpt lat="25.4244112" lon="86.1374014">
      </trkpt>
      <trkpt lat="25.4240268" lon="86.1389423">
      </trkpt>
      <trkpt lat="25.4211541" lon="86.1504567">
      </trkpt>
      <trkpt lat="25.4211372" lon="86.1505243">
      </trkpt>
      <trkpt lat="25.418096" lon="86.1627761">
      </trkpt>
      <trkpt lat="25.4172989" lon="86.1659915">
      </trkpt>
      <trkpt lat="25.4150924" lon="86.1748313">
      </trkpt>
      <trkpt lat="25.4149272" lon="86.1755023">
      </trkpt>
      <trkpt lat="25.4147817" lon="86.1762975">
      </trkpt>
      <trkpt lat="25.414713" lon="86.1766658">
      </trkpt>
      <trkpt lat="25.4146552" lon="86.1770186">
      </trkpt>
      <trkpt lat="25.4145696" lon="86.1777223">
      </trkpt>
      <trkpt lat="25.414513" lon="86.1784107">
      </trkpt>
      <trkpt lat="25.4144753" lon="86.1792528">
      </trkpt>
      <trkpt lat="25.4144839" lon="86.1800854">
      </trkpt>
      <trkpt lat="25.414501" lon="86.1808536">
      </trkpt>
      <trkpt lat="25.4145464" lon="86.1815932">
      </trkpt>
      <trkpt lat="25.4145862" lon="86.1820029">
      </trkpt>
      <trkpt lat="25.4147186" lon="86.1834493">
      </trkpt>
      <trkpt lat="25.4155707" lon="86.1927571">
      </trkpt>
      <trkpt lat="25.4156744" lon="86.1938899">
      </trkpt>
      <trkpt lat="25.4161644" lon="86.1993625">
      </trkpt>
      <trkpt lat="25.4162223" lon="86.2000095">
      </trkpt>
      <trkpt lat="25.4167398" lon="86.2056056">
      </trkpt>
      <trkpt lat="25.4171667" lon="86.2101796">
      </trkpt>
      <trkpt lat="25.4172394" lon="86.2109212">
      </trkpt>
      <trkpt lat="25.4174279" lon="86.2128433">
      </trkpt>
      <trkpt lat="25.418266" lon="86.2229421">
      </trkpt>
      <trkpt lat="25.4187652" lon="86.228224">
      </trkpt>
      <trkpt lat="25.4192254" lon="86.2334627">
      </trkpt>
      <trkpt lat="25.4193045" lon="86.2343169">
      </trkpt>
      <trkpt lat="25.4197752" lon="86.2393979">
      </trkpt>
      <trkpt lat="25.4204135" lon="86.2466459">
      </trkpt>
      <trkpt lat="25.4204382" lon="86.2469262">
      </trkpt>
      <trkpt lat="25.4210444" lon="86.2534918">
      </trkpt>
      <trkpt lat="25.4210531" lon="86.2535864">
      </trkpt>
      <trkpt lat="25.4215995" lon="86.2600333">
      </trkpt>
      <trkpt lat="25.4220891" lon="86.2651495">
      </trkpt>
      <trkpt lat="25.4221922" lon="86.2662271">
      </trkpt>
      <trkpt lat="25.4226189" lon="86.2706858">
      </trkpt>
      <trkpt lat="25.4229165" lon="86.2739649">
      </trkpt>
      <trkpt lat="25.4231773" lon="86.2768384">
      </trkpt>
      <trkpt lat="25.4233656" lon="86.2789135">
      </trkpt>
      <trkpt lat="25.4234521" lon="86.2798667">
      </trkpt>
      <trkpt lat="25.4235926" lon="86.2815178">
      </trkpt>
      <trkpt lat="25.424649" lon="86.2931567">
      </trkpt>
      <trkpt lat="25.4251444" lon="86.2997533">
      </trkpt>
      <trkpt lat="25.4251573" lon="86.2999051">
      </trkpt>
      <trkpt lat="25.4258382" lon="86.3074851">
      </trkpt>
      <trkpt lat="25.4260893" lon="86.3100275">
      </trkpt>
      <trkpt lat="25.4265545" lon="86.3152588">
      </trkpt>
      <trkpt lat="25.4275148" lon="86.3260582">
      </trkpt>
      <trkpt lat="25.4275292" lon="86.3262205">
      </trkpt>
      <trkpt lat="25.4277632" lon="86.3295065">
      </trkpt>
      <trkpt lat="25.4276208" lon="86.3375605">
      </trkpt>
      <trkpt lat="25.4274921" lon="86.3503346">
      </trkpt>
      <trkpt lat="25.4272809" lon="86.362692">
      </trkpt>
      <trkpt lat="25.4271839" lon="86.3713214">
      </trkpt>
      <trkpt lat="25.4270811" lon="86.3804664">
      </trkpt>
      <trkpt lat="25.4269443" lon="86.3926408">
      </trkpt>
      <trkpt lat="25.4269245" lon="86.3962082">
      </trkpt>
      <trkpt lat="25.426956" lon="86.397104">
      </trkpt>
      <trkpt lat="25.4269657" lon="86.3973079">
      </trkpt>
      <trkpt lat="25.4269686" lon="86.3977404">
      </trkpt>
      <trkpt lat="25.4269331" lon="86.4002574">
      </trkpt>
      <trkpt lat="25.4269464" lon="86.4006633">
      </trkpt>
      <trkpt lat="25.4270041" lon="86.4013965">
      </trkpt>
      <trkpt lat="25.4270947" lon="86.4021037">
      </trkpt>
      <trkpt lat="25.4272205" lon="86.4027976">
      </trkpt>
      <trkpt lat="25.4273593" lon="86.4033804">
      </trkpt>
      <trkpt lat="25.4275462" lon="86.4040646">
      </trkpt>
      <trkpt lat="25.4276796" lon="86.4047661">
      </trkpt>
      <trkpt lat="25.4278378" lon="86.4053437">
      </trkpt>
      <trkpt lat="25.428103" lon="86.4063468">
      </trkpt>
      <trkpt lat="25.428679" lon="86.4084913">
      </trkpt>
      <trkpt lat="25.428923" lon="86.4092838">
      </trkpt>
      <trkpt lat="25.4291725" lon="86.4100537">
      </trkpt>
      <trkpt lat="25.4295672" lon="86.4109436">
      </trkpt>
      <trkpt lat="25.4300866" lon="86.4118946">
      </trkpt>
      <trkpt lat="25.4304851" lon="86.4125342">
      </trkpt>
      <trkpt lat="25.4310983" lon="86.4133233">
      </trkpt>
      <trkpt lat="25.4317411" lon="86.4140344">
      </trkpt>
      <trkpt lat="25.4325177" lon="86.4147449">
      </trkpt>
      <trkpt lat="25.4330967" lon="86.4151955">
      </trkpt>
      <trkpt lat="25.4336177" lon="86.4155648">
      </trkpt>
      <trkpt lat="25.4368923" lon="86.4175025">
      </trkpt>
      <trkpt lat="25.4415983" lon="86.4202909">
      </trkpt>
      <trkpt lat="25.4562205" lon="86.4288766">
      </trkpt>
      <trkpt lat="25.4593981" lon="86.4307566">
      </trkpt>
      <trkpt lat="25.4624226" lon="86.4324788">
      </trkpt>
      <trkpt lat="25.4707312" lon="86.437395">
      </trkpt>
      <trkpt lat="25.4718789" lon="86.4380702">
      </trkpt>
      <trkpt lat="25.4719082" lon="86.4380874">
      </trkpt>
      <trkpt lat="25.4733374" lon="86.4388706">
      </trkpt>
      <trkpt lat="25.4748148" lon="86.4394298">
      </trkpt>
      <trkpt lat="25.4758449" lon="86.439756">
      </trkpt>
      <trkpt lat="25.4766059" lon="86.4399049">
      </trkpt>
      <trkpt lat="25.4776418" lon="86.4400328">
      </trkpt>
      <trkpt lat="25.4784702" lon="86.4400671">
      </trkpt>
      <trkpt lat="25.4796271" lon="86.4400277">
      </trkpt>
      <trkpt lat="25.4811046" lon="86.4398102">
      </trkpt>
      <trkpt lat="25.4826048" lon="86.4394331">
      </trkpt>
      <trkpt lat="25.4838304" lon="86.4389883">
      </trkpt>
      <trkpt lat="25.4853642" lon="86.4382047">
      </trkpt>
      <trkpt lat="25.4875847" lon="86.4370406">
      </trkpt>
      <trkpt lat="25.4888339" lon="86.4363026">
      </trkpt>
      <trkpt lat="25.4900712" lon="86.4358487">
      </trkpt>
      <trkpt lat="25.490675" lon="86.4356725">
      </trkpt>
      <trkpt lat="25.4913549" lon="86.4355171">
      </trkpt>
      <trkpt lat="25.4919084" lon="86.4354394">
      </trkpt>
      <trkpt lat="25.4923246" lon="86.4354032">
      </trkpt>
      <trkpt lat="25.4935301" lon="86.4354458">
      </trkpt>
      <trkpt lat="25.4949075" lon="86.4356962">
      </trkpt>
      <trkpt lat="25.4960708" lon="86.4361048">
      </trkpt>
      <trkpt lat="25.5000806" lon="86.4376735">
      </trkpt>
      <trkpt lat="25.5007834" lon="86.4379556">
      </trkpt>
      <trkpt lat="25.5014846" lon="86.4383183">
      </trkpt>
      <trkpt lat="25.5020826" lon="86.4387205">
      </trkpt>
      <trkpt lat="25.5025541" lon="86.4390838">
      </trkpt>
      <trkpt lat="25.5031465" lon="86.4396702">
      </trkpt>
      <trkpt lat="25.5033284" lon="86.4398704">
      </trkpt>
      <trkpt lat="25.5038067" lon="86.4404284">
      </trkpt>
      <trkpt lat="25.504403" lon="86.4413393">
      </trkpt>
      <trkpt lat="25.5048396" lon="86.4421601">
      </trkpt>
      <trkpt lat="25.5050543" lon="86.4427429">
      </trkpt>
      <trkpt lat="25.5052792" lon="86.4434073">
      </trkpt>
      <trkpt lat="25.5054657" lon="86.444135">
      </trkpt>
      <trkpt lat="25.505575" lon="86.4446972">
      </trkpt>
      <trkpt lat="25.5056361" lon="86.4452058">
      </trkpt>
      <trkpt lat="25.505672" lon="86.4459615">
      </trkpt>
      <trkpt lat="25.5059886" lon="86.4553794">
      </trkpt>
      <trkpt lat="25.5060905" lon="86.4585899">
      </trkpt>
      <trkpt lat="25.5061313" lon="86.4598733">
      </trkpt>
      <trkpt lat="25.5063357" lon="86.4663136">
      </trkpt>
      <trkpt lat="25.5065305" lon="86.472035">
      </trkpt>
      <trkpt lat="25.5065313" lon="86.47238">
      </trkpt>
      <trkpt lat="25.5066364" lon="86.4753888">
      </trkpt>
      <trkpt lat="25.5067541" lon="86.4790587">
      </trkpt>
      <trkpt lat="25.5068689" lon="86.4822603">
      </trkpt>
      <trkpt lat="25.5070126" lon="86.4855908">
      </trkpt>
      <trkpt lat="25.5072082" lon="86.4914086">
      </trkpt>
      <trkpt lat="25.5073277" lon="86.4959363">
      </trkpt>
      <trkpt lat="25.5076821" lon="86.5065769">
      </trkpt>
      <trkpt lat="25.5076877" lon="86.5067106">
      </trkpt>
      <trkpt lat="25.5078955" lon="86.5125377">
      </trkpt>
      <trkpt lat="25.5081613" lon="86.5206745">
      </trkpt>
      <trkpt lat="25.5083717" lon="86.5271162">
      </trkpt>
      <trkpt lat="25.5085804" lon="86.5335055">
      </trkpt>
      <trkpt lat="25.5088446" lon="86.5413452">
      </trkpt>
      <trkpt lat="25.5090416" lon="86.5476253">
      </trkpt>
      <trkpt lat="25.5090537" lon="86.5481886">
      </trkpt>
      <trkpt lat="25.5090506" lon="86.5486538">
      </trkpt>
      <trkpt lat="25.5090475" lon="86.5491185">
      </trkpt>
      <trkpt lat="25.5090185" lon="86.5497756">
      </trkpt>
      <trkpt lat="25.5090418" lon="86.5506111">
      </trkpt>
      <trkpt lat="25.5091677" lon="86.5552947">
      </trkpt>
      <trkpt lat="25.5093884" lon="86.560351">
      </trkpt>
      <trkpt lat="25.5094118" lon="86.5608868">
      </trkpt>
      <trkpt lat="25.5094446" lon="86.5614905">
      </trkpt>
      <trkpt lat="25.5094177" lon="86.5619778">
      </trkpt>
      <trkpt lat="25.509451" lon="86.5627436">
      </trkpt>
      <trkpt lat="25.5095911" lon="86.5648884">
      </trkpt>
      <trkpt lat="25.509602" lon="86.5658153">
      </trkpt>
      <trkpt lat="25.5095576" lon="86.5665977">
      </trkpt>
      <trkpt lat="25.5094669" lon="86.5674868">
      </trkpt>
      <trkpt lat="25.5092587" lon="86.5688467">
      </trkpt>
      <trkpt lat="25.5089463" lon="86.5701791">
      </trkpt>
      <trkpt lat="25.5086315" lon="86.5711193">
      </trkpt>
      <trkpt lat="25.5084447" lon="86.5716774">
      </trkpt>
      <trkpt lat="25.508275" lon="86.5721844">
      </trkpt>
      <trkpt lat="25.5079332" lon="86.5730387">
      </trkpt>
      <trkpt lat="25.5073283" lon="86.5742295">
      </trkpt>
      <trkpt lat="25.5068418" lon="86.5750396">
      </trkpt>
      <trkpt lat="25.5063227" lon="86.575824">
      </trkpt>
      <trkpt lat="25.5062181" lon="86.575975">
      </trkpt>
      <trkpt lat="25.499322" lon="86.5859287">
      </trkpt>
      <trkpt lat="25.4972877" lon="86.5889259">
      </trkpt>
      <trkpt lat="25.4955047" lon="86.5915527">
      </trkpt>
      <trkpt lat="25.4918344" lon="86.5969187">
      </trkpt>
      <trkpt lat="25.4860049" lon="86.6054409">
      </trkpt>
      <trkpt lat="25.4859435" lon="86.6055307">
      </trkpt>
      <trkpt lat="25.4837233" lon="86.6087074">
      </trkpt>
      <trkpt lat="25.4837017" lon="86.6087389">
      </trkpt>
      <trkpt lat="25.4796705" lon="86.6147008">
      </trkpt>
      <trkpt lat="25.4660994" lon="86.6344564">
      </trkpt>
      <trkpt lat="25.4642169" lon="86.6372066">
      </trkpt>
      <trkpt lat="25.4636918" lon="86.6379606">
      </trkpt>
      <trkpt lat="25.4611696" lon="86.6415979">
      </trkpt>
      <trkpt lat="25.4521452" lon="86.65476">
      </trkpt>
      <trkpt lat="25.4455652" lon="86.6643564">
      </trkpt>
      <trkpt lat="25.4400449" lon="86.6724068">
      </trkpt>
      <trkpt lat="25.4373499" lon="86.67628">
      </trkpt>
      <trkpt lat="25.4364892" lon="86.6778685">
      </trkpt>
      <trkpt lat="25.4360077" lon="86.6796958">
      </trkpt>
      <trkpt lat="25.4353954" lon="86.6812342">
      </trkpt>
      <trkpt lat="25.434536" lon="86.6823685">
      </trkpt>
      <trkpt lat="25.4329465" lon="86.6834115">
      </trkpt>
      <trkpt lat="25.431525" lon="86.6848153">
      </trkpt>
      <trkpt lat="25.4206745" lon="86.7010347">
      </trkpt>
      <trkpt lat="25.4070079" lon="86.7211385">
      </trkpt>
      <trkpt lat="25.4056462" lon="86.723965">
      </trkpt>
      <trkpt lat="25.4049228" lon="86.7284875">
      </trkpt>
      <trkpt lat="25.404138" lon="86.7393849">
      </trkpt>
      <trkpt lat="25.4037663" lon="86.7445467">
      </trkpt>
      <trkpt lat="25.4036919" lon="86.7467827">
      </trkpt>
      <trkpt lat="25.4026716" lon="86.7638947">
      </trkpt>
      <trkpt lat="25.402674" lon="86.7649367">
      </trkpt>
      <trkpt lat="25.4027564" lon="86.7658004">
      </trkpt>
      <trkpt lat="25.4029207" lon="86.7666001">
      </trkpt>
      <trkpt lat="25.4031537" lon="86.7674634">
      </trkpt>
      <trkpt lat="25.4034735" lon="86.7683002">
      </trkpt>
      <trkpt lat="25.4039353" lon="86.769482">
      </trkpt>
      <trkpt lat="25.4042279" lon="86.7705079">
      </trkpt>
      <trkpt lat="25.4043797" lon="86.7714813">
      </trkpt>
      <trkpt lat="25.4044287" lon="86.7724025">
      </trkpt>
      <trkpt lat="25.4043609" lon="86.773603">
      </trkpt>
      <trkpt lat="25.4041713" lon="86.7746356">
      </trkpt>
      <trkpt lat="25.4039399" lon="86.775457">
      </trkpt>
      <trkpt lat="25.4034881" lon="86.7765292">
      </trkpt>
      <trkpt lat="25.402698" lon="86.7779953">
      </trkpt>
      <trkpt lat="25.4022718" lon="86.7790398">
      </trkpt>
      <trkpt lat="25.4019958" lon="86.7799359">
      </trkpt>
      <trkpt lat="25.4018551" lon="86.7806437">
      </trkpt>
      <trkpt lat="25.4017417" lon="86.7816471">
      </trkpt>
      <trkpt lat="25.4014868" lon="86.7869818">
      </trkpt>
      <trkpt lat="25.4014965" lon="86.7879098">
      </trkpt>
      <trkpt lat="25.4015546" lon="86.7885857">
      </trkpt>
      <trkpt lat="25.401674" lon="86.7892732">
      </trkpt>
      <trkpt lat="25.4019401" lon="86.7905645">
      </trkpt>
      <trkpt lat="25.4020465" lon="86.7915523">
      </trkpt>
      <trkpt lat="25.4020418" lon="86.7922233">
      </trkpt>
      <trkpt lat="25.4019738" lon="86.7931508">
      </trkpt>
      <trkpt lat="25.4018019" lon="86.7939836">
      </trkpt>
      <trkpt lat="25.4016298" lon="86.7947146">
      </trkpt>
      <trkpt lat="25.4012469" lon="86.7959323">
      </trkpt>
      <trkpt lat="25.401083" lon="86.7965898">
      </trkpt>
      <trkpt lat="25.4009889" lon="86.7970659">
      </trkpt>
      <trkpt lat="25.4008947" lon="86.7981748">
      </trkpt>
      <trkpt lat="25.400754" lon="86.8008402">
      </trkpt>
      <trkpt lat="25.3995398" lon="86.8236271">
      </trkpt>
      <trkpt lat="25.3979793" lon="86.8530357">
      </trkpt>
      <trkpt lat="25.3979726" lon="86.853134">
      </trkpt>
      <trkpt lat="25.3979361" lon="86.8538235">
      </trkpt>
      <trkpt lat="25.3978843" lon="86.8547782">
      </trkpt>
      <trkpt lat="25.397834" lon="86.8557473">
      </trkpt>
      <trkpt lat="25.3976382" lon="86.8594414">
      </trkpt>
      <trkpt lat="25.3974479" lon="86.8634455">
      </trkpt>
      <trkpt lat="25.3974519" lon="86.8637258">
      </trkpt>
      <trkpt lat="25.3971897" lon="86.8681952">
      </trkpt>
      <trkpt lat="25.3970845" lon="86.8701682">
      </trkpt>
      <trkpt lat="25.3968301" lon="86.8747545">
      </trkpt>
      <trkpt lat="25.3961743" lon="86.8865762">
      </trkpt>
      <trkpt lat="25.3958695" lon="86.8925064">
      </trkpt>
      <trkpt lat="25.3958542" lon="86.8927911">
      </trkpt>
      <trkpt lat="25.3955141" lon="86.899111">
      </trkpt>
      <trkpt lat="25.3948261" lon="86.9117399">
      </trkpt>
      <trkpt lat="25.3940792" lon="86.9258766">
      </trkpt>
      <trkpt lat="25.3940733" lon="86.9259819">
      </trkpt>
      <trkpt lat="25.3940627" lon="86.9261817">
      </trkpt>
      <trkpt lat="25.3939401" lon="86.9283628">
      </trkpt>
      <trkpt lat="25.3939201" lon="86.9288476">
      </trkpt>
      <trkpt lat="25.3938879" lon="86.9299049">
      </trkpt>
      <trkpt lat="25.3935594" lon="86.9358385">
      </trkpt>
      <trkpt lat="25.3933695" lon="86.9393763">
      </trkpt>
      <trkpt lat="25.3933031" lon="86.9401552">
      </trkpt>
      <trkpt lat="25.3931791" lon="86.9421576">
      </trkpt>
      <trkpt lat="25.3931233" lon="86.9431955">
      </trkpt>
      <trkpt lat="25.3931061" lon="86.9436873">
      </trkpt>
      <trkpt lat="25.3930826" lon="86.9443136">
      </trkpt>
      <trkpt lat="25.3929671" lon="86.9464537">
      </trkpt>
      <trkpt lat="25.3928781" lon="86.9479868">
      </trkpt>
      <trkpt lat="25.3926101" lon="86.9530173">
      </trkpt>
      <trkpt lat="25.3917922" lon="86.9679909">
      </trkpt>
      <trkpt lat="25.3917676" lon="86.9683973">
      </trkpt>
      <trkpt lat="25.3909196" lon="86.9839049">
      </trkpt>
      <trkpt lat="25.3908533" lon="86.9851253">
      </trkpt>
      <trkpt lat="25.390026" lon="87.0000152">
      </trkpt>
      <trkpt lat="25.3895813" lon="87.0078074">
      </trkpt>
      <trkpt lat="25.3895282" lon="87.0087183">
      </trkpt>
      <trkpt lat="25.3895233" lon="87.0087741">
      </trkpt>
      <trkpt lat="25.3895014" lon="87.0091988">
      </trkpt>
      <trkpt lat="25.3891255" lon="87.0165169">
      </trkpt>
      <trkpt lat="25.388955" lon="87.0195787">
      </trkpt>
      <trkpt lat="25.3889127" lon="87.020339">
      </trkpt>
      <trkpt lat="25.3888263" lon="87.0214574">
      </trkpt>
      <trkpt lat="25.3887743" lon="87.022421">
      </trkpt>
      <trkpt lat="25.3884025" lon="87.0295684">
      </trkpt>
      <trkpt lat="25.3871913" lon="87.0512554">
      </trkpt>
      <trkpt lat="25.3871144" lon="87.0526437">
      </trkpt>
      <trkpt lat="25.385575" lon="87.0801533">
      </trkpt>
      <trkpt lat="25.3855658" lon="87.0804599">
      </trkpt>
      <trkpt lat="25.385449" lon="87.0823377">
      </trkpt>
      <trkpt lat="25.3853091" lon="87.0845869">
      </trkpt>
      <trkpt lat="25.3851928" lon="87.0864551">
      </trkpt>
      <trkpt lat="25.3851568" lon="87.0873158">
      </trkpt>
      <trkpt lat="25.384962" lon="87.0907602">
      </trkpt>
      <trkpt lat="25.3849581" lon="87.0908319">
      </trkpt>
      <trkpt lat="25.3849198" lon="87.0915262">
      </trkpt>
      <trkpt lat="25.3848063" lon="87.0935876">
      </trkpt>
      <trkpt lat="25.3847793" lon="87.0940769">
      </trkpt>
      <trkpt lat="25.3845814" lon="87.0972576">
      </trkpt>
      <trkpt lat="25.3845211" lon="87.0982971">
      </trkpt>
      <trkpt lat="25.3845124" lon="87.0984467">
      </trkpt>
      <trkpt lat="25.3844429" lon="87.0996443">
      </trkpt>
      <trkpt lat="25.3842925" lon="87.1022349">
      </trkpt>
      <trkpt lat="25.3841524" lon="87.1056536">
      </trkpt>
      <trkpt lat="25.3840266" lon="87.1102442">
      </trkpt>
      <trkpt lat="25.3842698" lon="87.1125011">
      </trkpt>
      <trkpt lat="25.3843008" lon="87.1126874">
      </trkpt>
      <trkpt lat="25.3844283" lon="87.1134526">
      </trkpt>
      <trkpt lat="25.3844729" lon="87.1137252">
      </trkpt>
      <trkpt lat="25.3847318" lon="87.1148815">
      </trkpt>
      <trkpt lat="25.3852818" lon="87.1167794">
      </trkpt>
      <trkpt lat="25.3855913" lon="87.1176623">
      </trkpt>
      <trkpt lat="25.3859417" lon="87.118494">
      </trkpt>
      <trkpt lat="25.386232" lon="87.11918">
      </trkpt>
      <trkpt lat="25.3865107" lon="87.1197844">
      </trkpt>
      <trkpt lat="25.386803" lon="87.1203391">
      </trkpt>
      <trkpt lat="25.3872784" lon="87.1211973">
      </trkpt>
      <trkpt lat="25.3878138" lon="87.1220322">
      </trkpt>
      <trkpt lat="25.3881763" lon="87.1226026">
      </trkpt>
      <trkpt lat="25.3914153" lon="87.1269148">
      </trkpt>
      <trkpt lat="25.3930215" lon="87.1290408">
      </trkpt>
      <trkpt lat="25.394639" lon="87.1311861">
      </trkpt>
      <trkpt lat="25.3955061" lon="87.1323346">
      </trkpt>
      <trkpt lat="25.3965984" lon="87.1338786">
      </trkpt>
      <trkpt lat="25.3969328" lon="87.1343279">
      </trkpt>
      <trkpt lat="25.397249" lon="87.1347356">
      </trkpt>
      <trkpt lat="25.3975471" lon="87.1351205">
      </trkpt>
      <trkpt lat="25.3981637" lon="87.1359318">
      </trkpt>
      <trkpt lat="25.398704" lon="87.1367151">
      </trkpt>
      <trkpt lat="25.3990541" lon="87.1372783">
      </trkpt>
      <trkpt lat="25.3993728" lon="87.1378134">
      </trkpt>
      <trkpt lat="25.3995823" lon="87.1382171">
      </trkpt>
      <trkpt lat="25.3998937" lon="87.1388756">
      </trkpt>
      <trkpt lat="25.4001372" lon="87.1393825">
      </trkpt>
      <trkpt lat="25.4003444" lon="87.1398975">
      </trkpt>
      <trkpt lat="25.4005098" lon="87.14035">
      </trkpt>
      <trkpt lat="25.4005772" lon="87.1405605">
      </trkpt>
      <trkpt lat="25.4006287" lon="87.1407244">
      </trkpt>
      <trkpt lat="25.4007124" lon="87.1410136">
      </trkpt>
      <trkpt lat="25.4007814" lon="87.1412298">
      </trkpt>
      <trkpt lat="25.4010987" lon="87.1425079">
      </trkpt>
      <trkpt lat="25.4013599" lon="87.1443612">
      </trkpt>
      <trkpt lat="25.4013719" lon="87.1445679">
      </trkpt>
      <trkpt lat="25.4014239" lon="87.1457056">
      </trkpt>
      <trkpt lat="25.4011465" lon="87.155574">
      </trkpt>
      <trkpt lat="25.4009583" lon="87.1622708">
      </trkpt>
      <trkpt lat="25.4007544" lon="87.171099">
      </trkpt>
      <trkpt lat="25.4007378" lon="87.1716831">
      </trkpt>
      <trkpt lat="25.4003442" lon="87.1850664">
      </trkpt>
      <trkpt lat="25.4002729" lon="87.1870145">
      </trkpt>
      <trkpt lat="25.4002001" lon="87.1889467">
      </trkpt>
      <trkpt lat="25.4001362" lon="87.1915259">
      </trkpt>
      <trkpt lat="25.3999933" lon="87.1962775">
      </trkpt>
      <trkpt lat="25.3999134" lon="87.1990071">
      </trkpt>
      <trkpt lat="25.3999032" lon="87.1997943">
      </trkpt>
      <trkpt lat="25.3999219" lon="87.2003353">
      </trkpt>
      <trkpt lat="25.3999659" lon="87.2009887">
      </trkpt>
      <trkpt lat="25.4000339" lon="87.2016544">
      </trkpt>
      <trkpt lat="25.4001556" lon="87.2024306">
      </trkpt>
      <trkpt lat="25.4003473" lon="87.2033802">
      </trkpt>
      <trkpt lat="25.4005523" lon="87.2041833">
      </trkpt>
      <trkpt lat="25.4008064" lon="87.2049931">
      </trkpt>
      <trkpt lat="25.401169" lon="87.2059355">
      </trkpt>
      <trkpt lat="25.4014441" lon="87.2065293">
      </trkpt>
      <trkpt lat="25.4018646" lon="87.2073556">
      </trkpt>
      <trkpt lat="25.4036787" lon="87.2107338">
      </trkpt>
      <trkpt lat="25.4052813" lon="87.2137591">
      </trkpt>
      <trkpt lat="25.4060294" lon="87.2151249">
      </trkpt>
      <trkpt lat="25.4063712" lon="87.2157209">
      </trkpt>
      <trkpt lat="25.4067081" lon="87.2163175">
      </trkpt>
      <trkpt lat="25.4088134" lon="87.2202006">
      </trkpt>
      <trkpt lat="25.4095154" lon="87.2214856">
      </trkpt>
      <trkpt lat="25.410015" lon="87.2224002">
      </trkpt>
      <trkpt lat="25.4101683" lon="87.2226807">
      </trkpt>
      <trkpt lat="25.4103151" lon="87.2229639">
      </trkpt>
      <trkpt lat="25.4109866" lon="87.2242382">
      </trkpt>
      <trkpt lat="25.4116111" lon="87.2254196">
      </trkpt>
      <trkpt lat="25.4121265" lon="87.2263639">
      </trkpt>
      <trkpt lat="25.4126801" lon="87.2272799">
      </trkpt>
      <trkpt lat="25.4131694" lon="87.2279504">
      </trkpt>
      <trkpt lat="25.4136856" lon="87.2285964">
      </trkpt>
      <trkpt lat="25.4142613" lon="87.2291846">
      </trkpt>
      <trkpt lat="25.4148525" lon="87.2297211">
      </trkpt>
      <trkpt lat="25.4158524" lon="87.2306479">
      </trkpt>
      <trkpt lat="25.4229386" lon="87.2369368">
      </trkpt>
      <trkpt lat="25.4237442" lon="87.2376891">
      </trkpt>
      <trkpt lat="25.4242987" lon="87.2382286">
      </trkpt>
      <trkpt lat="25.4248577" lon="87.2387756">
      </trkpt>
      <trkpt lat="25.4261078" lon="87.2402449">
      </trkpt>
      <trkpt lat="25.4268514" lon="87.2410612">
      </trkpt>
      <trkpt lat="25.4283439" lon="87.2424399">
      </trkpt>
      <trkpt lat="25.4321039" lon="87.245813">
      </trkpt>
      <trkpt lat="25.4330361" lon="87.2466575">
      </trkpt>
      <trkpt lat="25.4333783" lon="87.2469674">
      </trkpt>
      <trkpt lat="25.4338104" lon="87.2473553">
      </trkpt>
      <trkpt lat="25.4350694" lon="87.2484736">
      </trkpt>
      <trkpt lat="25.4357964" lon="87.2491552">
      </trkpt>
      <trkpt lat="25.4362093" lon="87.2495121">
      </trkpt>
      <trkpt lat="25.4363539" lon="87.2496396">
      </trkpt>
      <trkpt lat="25.4389101" lon="87.2519475">
      </trkpt>
      <trkpt lat="25.4410667" lon="87.2538763">
      </trkpt>
      <trkpt lat="25.4414235" lon="87.2541995">
      </trkpt>
      <trkpt lat="25.442158" lon="87.254853">
      </trkpt>
      <trkpt lat="25.4427381" lon="87.2553639">
      </trkpt>
      <trkpt lat="25.4430106" lon="87.2556249">
      </trkpt>
      <trkpt lat="25.4432093" lon="87.2558088">
      </trkpt>
      <trkpt lat="25.4437026" lon="87.2562129">
      </trkpt>
      <trkpt lat="25.444165" lon="87.2565627">
      </trkpt>
      <trkpt lat="25.4446299" lon="87.2568703">
      </trkpt>
      <trkpt lat="25.4450217" lon="87.257132">
      </trkpt>
      <trkpt lat="25.4455041" lon="87.2573997">
      </trkpt>
      <trkpt lat="25.4459896" lon="87.2576503">
      </trkpt>
      <trkpt lat="25.4466688" lon="87.2579818">
      </trkpt>
      <trkpt lat="25.4506678" lon="87.2597263">
      </trkpt>
      <trkpt lat="25.4510688" lon="87.2599024">
      </trkpt>
      <trkpt lat="25.4535449" lon="87.2609912">
      </trkpt>
      <trkpt lat="25.4547873" lon="87.2615424">
      </trkpt>
      <trkpt lat="25.4560206" lon="87.2620937">
      </trkpt>
      <trkpt lat="25.4616676" lon="87.2645886">
      </trkpt>
      <trkpt lat="25.4659586" lon="87.2664532">
      </trkpt>
      <trkpt lat="25.4662815" lon="87.266594">
      </trkpt>
      <trkpt lat="25.4670402" lon="87.2669733">
      </trkpt>
      <trkpt lat="25.4675231" lon="87.2672434">
      </trkpt>
      <trkpt lat="25.4679939" lon="87.2675255">
      </trkpt>
      <trkpt lat="25.4689779" lon="87.2682303">
      </trkpt>
      <trkpt lat="25.4698818" lon="87.2689792">
      </trkpt>
      <trkpt lat="25.4706102" lon="87.2697115">
      </trkpt>
      <trkpt lat="25.4717345" lon="87.2710065">
      </trkpt>
      <trkpt lat="25.4732696" lon="87.2728641">
      </trkpt>
      <trkpt lat="25.4778249" lon="87.2782499">
      </trkpt>
      <trkpt lat="25.4787489" lon="87.2794425">
      </trkpt>
      <trkpt lat="25.4849018" lon="87.2866883">
      </trkpt>
      <trkpt lat="25.4857067" lon="87.2877039">
      </trkpt>
      <trkpt lat="25.4894771" lon="87.2921805">
      </trkpt>
      <trkpt lat="25.4910338" lon="87.2941467">
      </trkpt>
      <trkpt lat="25.4954148" lon="87.2992743">
      </trkpt>
      <trkpt lat="25.4964858" lon="87.3006107">
      </trkpt>
      <trkpt lat="25.4971818" lon="87.3014652">
      </trkpt>
      <trkpt lat="25.4981422" lon="87.3032714">
      </trkpt>
      <trkpt lat="25.4984051" lon="87.3037684">
      </trkpt>
      <trkpt lat="25.4985402" lon="87.3040406">
      </trkpt>
      <trkpt lat="25.4988693" lon="87.304779">
      </trkpt>
      <trkpt lat="25.4995719" lon="87.3063593">
      </trkpt>
      <trkpt lat="25.4999703" lon="87.3075579">
      </trkpt>
      <trkpt lat="25.5002919" lon="87.3089064">
      </trkpt>
      <trkpt lat="25.5004418" lon="87.3099107">
      </trkpt>
      <trkpt lat="25.5005349" lon="87.3109171">
      </trkpt>
      <trkpt lat="25.5005374" lon="87.3124319">
      </trkpt>
      <trkpt lat="25.5004716" lon="87.3146591">
      </trkpt>
      <trkpt lat="25.5004416" lon="87.3153269">
      </trkpt>
      <trkpt lat="25.5003608" lon="87.3171431">
      </trkpt>
      <trkpt lat="25.5000873" lon="87.321524">
      </trkpt>
      <trkpt lat="25.499941" lon="87.3245744">
      </trkpt>
      <trkpt lat="25.4995608" lon="87.3319746">
      </trkpt>
      <trkpt lat="25.4995343" lon="87.3326763">
      </trkpt>
      <trkpt lat="25.4994699" lon="87.3338656">
      </trkpt>
      <trkpt lat="25.4994066" lon="87.3350762">
      </trkpt>
      <trkpt lat="25.4990346" lon="87.3431723">
      </trkpt>
      <trkpt lat="25.4989432" lon="87.3445991">
      </trkpt>
      <trkpt lat="25.4988821" lon="87.3453185">
      </trkpt>
      <trkpt lat="25.4987892" lon="87.3460053">
      </trkpt>
      <trkpt lat="25.4986787" lon="87.3464853">
      </trkpt>
      <trkpt lat="25.4985506" lon="87.3469557">
      </trkpt>
      <trkpt lat="25.498296" lon="87.3476981">
      </trkpt>
      <trkpt lat="25.4980721" lon="87.3481881">
      </trkpt>
      <trkpt lat="25.4977127" lon="87.3487839">
      </trkpt>
      <trkpt lat="25.4973405" lon="87.3493456">
      </trkpt>
      <trkpt lat="25.4969017" lon="87.3498917">
      </trkpt>
      <trkpt lat="25.4964257" lon="87.3503983">
      </trkpt>
      <trkpt lat="25.4958147" lon="87.3508868">
      </trkpt>
      <trkpt lat="25.4951905" lon="87.3513249">
      </trkpt>
      <trkpt lat="25.4942385" lon="87.3519769">
      </trkpt>
      <trkpt lat="25.4924854" lon="87.353039">
      </trkpt>
      <trkpt lat="25.4916351" lon="87.3535481">
      </trkpt>
      <trkpt lat="25.4908557" lon="87.3540866">
      </trkpt>
      <trkpt lat="25.4901587" lon="87.3546994">
      </trkpt>
      <trkpt lat="25.4894605" lon="87.3554701">
      </trkpt>
      <trkpt lat="25.4890841" lon="87.3558864">
      </trkpt>
      <trkpt lat="25.4887612" lon="87.3564025">
      </trkpt>
      <trkpt lat="25.4885499" lon="87.3567607">
      </trkpt>
      <trkpt lat="25.4883214" lon="87.3571819">
      </trkpt>
      <trkpt lat="25.4881075" lon="87.3576535">
      </trkpt>
      <trkpt lat="25.4878771" lon="87.3582266">
      </trkpt>
      <trkpt lat="25.4876916" lon="87.3588443">
      </trkpt>
      <trkpt lat="25.4876205" lon="87.3591533">
      </trkpt>
      <trkpt lat="25.487566" lon="87.3594564">
      </trkpt>
      <trkpt lat="25.4874983" lon="87.3600443">
      </trkpt>
      <trkpt lat="25.4874583" lon="87.3605736">
      </trkpt>
      <trkpt lat="25.4874621" lon="87.3611039">
      </trkpt>
      <trkpt lat="25.4875031" lon="87.3617309">
      </trkpt>
      <trkpt lat="25.4875876" lon="87.3623513">
      </trkpt>
      <trkpt lat="25.4877403" lon="87.3631257">
      </trkpt>
      <trkpt lat="25.4879409" lon="87.3638684">
      </trkpt>
      <trkpt lat="25.4881592" lon="87.3644748">
      </trkpt>
      <trkpt lat="25.4884294" lon="87.3650575">
      </trkpt>
      <trkpt lat="25.4886943" lon="87.3655531">
      </trkpt>
      <trkpt lat="25.4889753" lon="87.3660226">
      </trkpt>
      <trkpt lat="25.4896753" lon="87.366883">
      </trkpt>
      <trkpt lat="25.4929029" lon="87.3703946">
      </trkpt>
      <trkpt lat="25.4942799" lon="87.3718333">
      </trkpt>
      <trkpt lat="25.4946405" lon="87.3722179">
      </trkpt>
      <trkpt lat="25.4979918" lon="87.3757928">
      </trkpt>
      <trkpt lat="25.5009463" lon="87.3790069">
      </trkpt>
      <trkpt lat="25.5023426" lon="87.3804344">
      </trkpt>
      <trkpt lat="25.5025085" lon="87.3806048">
      </trkpt>
      <trkpt lat="25.5058079" lon="87.3842255">
      </trkpt>
      <trkpt lat="25.5074449" lon="87.3860055">
      </trkpt>
      <trkpt lat="25.512821" lon="87.3917477">
      </trkpt>
      <trkpt lat="25.5168264" lon="87.3960037">
      </trkpt>
      <trkpt lat="25.519396" lon="87.3986899">
      </trkpt>
      <trkpt lat="25.5203602" lon="87.3997859">
      </trkpt>
      <trkpt lat="25.5239342" lon="87.4035924">
      </trkpt>
      <trkpt lat="25.5242864" lon="87.4039652">
      </trkpt>
      <trkpt lat="25.5270256" lon="87.4068644">
      </trkpt>
      <trkpt lat="25.5280927" lon="87.4080712">
      </trkpt>
      <trkpt lat="25.5291085" lon="87.4095169">
      </trkpt>
      <trkpt lat="25.5296651" lon="87.4104882">
      </trkpt>
      <trkpt lat="25.5297772" lon="87.4107317">
      </trkpt>
      <trkpt lat="25.5305153" lon="87.4124284">
      </trkpt>
      <trkpt lat="25.5308881" lon="87.4135461">
      </trkpt>
      <trkpt lat="25.5311877" lon="87.414761">
      </trkpt>
      <trkpt lat="25.5313814" lon="87.4162147">
      </trkpt>
      <trkpt lat="25.5314727" lon="87.417134">
      </trkpt>
      <trkpt lat="25.5315019" lon="87.4182111">
      </trkpt>
      <trkpt lat="25.5314581" lon="87.4194057">
      </trkpt>
      <trkpt lat="25.531089" lon="87.4223942">
      </trkpt>
      <trkpt lat="25.5304678" lon="87.4272131">
      </trkpt>
      <trkpt lat="25.5302736" lon="87.4292709">
      </trkpt>
      <trkpt lat="25.5297845" lon="87.4324006">
      </trkpt>
      <trkpt lat="25.5290222" lon="87.4386011">
      </trkpt>
      <trkpt lat="25.5289966" lon="87.4388092">
      </trkpt>
      <trkpt lat="25.5287285" lon="87.4409895">
      </trkpt>
      <trkpt lat="25.5276167" lon="87.4496633">
      </trkpt>
      <trkpt lat="25.5274788" lon="87.4507286">
      </trkpt>
      <trkpt lat="25.5254334" lon="87.4665698">
      </trkpt>
      <trkpt lat="25.5253537" lon="87.467198">
      </trkpt>
      <trkpt lat="25.5250109" lon="87.4698974">
      </trkpt>
      <trkpt lat="25.5231706" lon="87.4844034">
      </trkpt>
      <trkpt lat="25.5230516" lon="87.4853284">
      </trkpt>
      <trkpt lat="25.521611" lon="87.4968387">
      </trkpt>
      <trkpt lat="25.5214892" lon="87.497812">
      </trkpt>
      <trkpt lat="25.52041" lon="87.5060153">
      </trkpt>
      <trkpt lat="25.5202702" lon="87.5078998">
      </trkpt>
      <trkpt lat="25.5202991" lon="87.50866">
      </trkpt>
      <trkpt lat="25.5203346" lon="87.5096129">
      </trkpt>
      <trkpt lat="25.5205294" lon="87.5112316">
      </trkpt>
      <trkpt lat="25.521485" lon="87.5159205">
      </trkpt>
      <trkpt lat="25.5233868" lon="87.5251243">
      </trkpt>
      <trkpt lat="25.5253836" lon="87.5351831">
      </trkpt>
      <trkpt lat="25.5255158" lon="87.5357944">
      </trkpt>
      <trkpt lat="25.5256702" lon="87.536408">
      </trkpt>
      <trkpt lat="25.5258858" lon="87.5371701">
      </trkpt>
      <trkpt lat="25.5265458" lon="87.5391587">
      </trkpt>
      <trkpt lat="25.5267403" lon="87.5398183">
      </trkpt>
      <trkpt lat="25.5268994" lon="87.5404779">
      </trkpt>
      <trkpt lat="25.5271204" lon="87.5415913">
      </trkpt>
      <trkpt lat="25.5274917" lon="87.5434493">
      </trkpt>
      <trkpt lat="25.5276891" lon="87.544357">
      </trkpt>
      <trkpt lat="25.5278482" lon="87.545317">
      </trkpt>
      <trkpt lat="25.5279337" lon="87.5460256">
      </trkpt>
      <trkpt lat="25.5279926" lon="87.5467962">
      </trkpt>
      <trkpt lat="25.5280338" lon="87.5473644">
      </trkpt>
      <trkpt lat="25.5281105" lon="87.5482199">
      </trkpt>
      <trkpt lat="25.5282224" lon="87.5491015">
      </trkpt>
      <trkpt lat="25.5283756" lon="87.5499995">
      </trkpt>
      <trkpt lat="25.5290808" lon="87.553529">
      </trkpt>
      <trkpt lat="25.5303332" lon="87.5597654">
      </trkpt>
      <trkpt lat="25.5304593" lon="87.5603556">
      </trkpt>
      <trkpt lat="25.5305287" lon="87.5606511">
      </trkpt>
      <trkpt lat="25.5306116" lon="87.560948">
      </trkpt>
      <trkpt lat="25.5307157" lon="87.5612403">
      </trkpt>
      <trkpt lat="25.5308569" lon="87.5615844">
      </trkpt>
      <trkpt lat="25.5309457" lon="87.5617694">
      </trkpt>
      <trkpt lat="25.5311515" lon="87.5621729">
      </trkpt>
      <trkpt lat="25.5312965" lon="87.5624138">
      </trkpt>
      <trkpt lat="25.531494" lon="87.562706">
      </trkpt>
      <trkpt lat="25.5316777" lon="87.5629543">
      </trkpt>
      <trkpt lat="25.5319336" lon="87.5632619">
      </trkpt>
      <trkpt lat="25.5321533" lon="87.5634813">
      </trkpt>
      <trkpt lat="25.5323373" lon="87.5636628">
      </trkpt>
      <trkpt lat="25.5325539" lon="87.5638247">
      </trkpt>
      <trkpt lat="25.532841" lon="87.5640395">
      </trkpt>
      <trkpt lat="25.5331294" lon="87.5642227">
      </trkpt>
      <trkpt lat="25.5333916" lon="87.5643619">
      </trkpt>
      <trkpt lat="25.5337968" lon="87.564551">
      </trkpt>
      <trkpt lat="25.5340485" lon="87.5646496">
      </trkpt>
      <trkpt lat="25.5343521" lon="87.5647339">
      </trkpt>
      <trkpt lat="25.5346832" lon="87.5648066">
      </trkpt>
      <trkpt lat="25.5348761" lon="87.5648488">
      </trkpt>
      <trkpt lat="25.5351714" lon="87.5648868">
      </trkpt>
      <trkpt lat="25.5354662" lon="87.5649176">
      </trkpt>
      <trkpt lat="25.5361274" lon="87.564984">
      </trkpt>
      <trkpt lat="25.5390073" lon="87.5652516">
      </trkpt>
      <trkpt lat="25.5415791" lon="87.5654212">
      </trkpt>
      <trkpt lat="25.5417232" lon="87.5654389">
      </trkpt>
      <trkpt lat="25.542865" lon="87.565525">
      </trkpt>
      <trkpt lat="25.5435946" lon="87.5655756">
      </trkpt>
      <trkpt lat="25.5437694" lon="87.5655878">
      </trkpt>
      <trkpt lat="25.5472833" lon="87.565816">
      </trkpt>
      <trkpt lat="25.5497601" lon="87.5659772">
      </trkpt>
      <trkpt lat="25.5512405" lon="87.5660759">
      </trkpt>
      <trkpt lat="25.5517622" lon="87.5661112">
      </trkpt>
      <trkpt lat="25.5522116" lon="87.5661249">
      </trkpt>
      <trkpt lat="25.5525321" lon="87.5661394">
      </trkpt>
      <trkpt lat="25.5533006" lon="87.5662562">
      </trkpt>
      <trkpt lat="25.5534454" lon="87.5662634">
      </trkpt>
      <trkpt lat="25.5564214" lon="87.5663777">
      </trkpt>
      <trkpt lat="25.5564747" lon="87.566382">
      </trkpt>
      <trkpt lat="25.559333" lon="87.5666122">
      </trkpt>
      <trkpt lat="25.5607403" lon="87.5667131">
      </trkpt>
      <trkpt lat="25.561463" lon="87.5667229">
      </trkpt>
      <trkpt lat="25.5600531" lon="87.5667628">
      </trkpt>
      <trkpt lat="25.5593837" lon="87.5668245">
      </trkpt>
      <trkpt lat="25.5591096" lon="87.5668498">
      </trkpt>
      <trkpt lat="25.5586833" lon="87.5669744">
      </trkpt>
      <trkpt lat="25.5581428" lon="87.5671958">
      </trkpt>
      <trkpt lat="25.5577254" lon="87.5674627">
      </trkpt>
      <trkpt lat="25.5573312" lon="87.5677949">
      </trkpt>
      <trkpt lat="25.5569709" lon="87.5681804">
      </trkpt>
      <trkpt lat="25.5566338" lon="87.5685798">
      </trkpt>
      <trkpt lat="25.5562753" lon="87.569086">
      </trkpt>
      <trkpt lat="25.5560042" lon="87.5697226">
      </trkpt>
      <trkpt lat="25.5559061" lon="87.5701932">
      </trkpt>
      <trkpt lat="25.5558894" lon="87.5706551">
      </trkpt>
      <trkpt lat="25.5559193" lon="87.5711766">
      </trkpt>
      <trkpt lat="25.5559969" lon="87.5717889">
      </trkpt>
      <trkpt lat="25.5560281" lon="87.5719413">
      </trkpt>
      <trkpt lat="25.556298" lon="87.573325">
      </trkpt>
      <trkpt lat="25.5571824" lon="87.5781938">
      </trkpt>
      <trkpt lat="25.557951" lon="87.5823441">
      </trkpt>
      <trkpt lat="25.5580354" lon="87.5828">
      </trkpt>
      <trkpt lat="25.5586468" lon="87.5861011">
      </trkpt>
      <trkpt lat="25.5594748" lon="87.5904945">
      </trkpt>
      <trkpt lat="25.5602847" lon="87.5949298">
      </trkpt>
      <trkpt lat="25.5617897" lon="87.6031725">
      </trkpt>
      <trkpt lat="25.5627714" lon="87.6082899">
      </trkpt>
      <trkpt lat="25.5628115" lon="87.6084752">
      </trkpt>
      <trkpt lat="25.5628661" lon="87.608801">
      </trkpt>
      <trkpt lat="25.5631041" lon="87.6098125">
      </trkpt>
      <trkpt lat="25.5633326" lon="87.6107048">
      </trkpt>
      <trkpt lat="25.5650918" lon="87.6167682">
      </trkpt>
      <trkpt lat="25.5657215" lon="87.6187603">
      </trkpt>
      <trkpt lat="25.5677659" lon="87.6260886">
      </trkpt>
      <trkpt lat="25.5680413" lon="87.6270841">
      </trkpt>
      <trkpt lat="25.5711615" lon="87.637901">
      </trkpt>
      <trkpt lat="25.5722454" lon="87.6417775">
      </trkpt>
      <trkpt lat="25.5728784" lon="87.6440412">
      </trkpt>
      <trkpt lat="25.573417" lon="87.6455518">
      </trkpt>
      <trkpt lat="25.5740697" lon="87.6470623">
      </trkpt>
      <trkpt lat="25.5775098" lon="87.6547676">
      </trkpt>
      <trkpt lat="25.5805028" lon="87.6615466">
      </trkpt>
      <trkpt lat="25.5847748" lon="87.6715405">
      </trkpt>
      <trkpt lat="25.5860829" lon="87.674608">
      </trkpt>
      <trkpt lat="25.5879876" lon="87.6789819">
      </trkpt>
      <trkpt lat="25.5907929" lon="87.685419">
      </trkpt>
      <trkpt lat="25.5961083" lon="87.6979043">
      </trkpt>
      <trkpt lat="25.5988058" lon="87.7042047">
      </trkpt>
      <trkpt lat="25.6001988" lon="87.7075169">
      </trkpt>
      <trkpt lat="25.6013508" lon="87.7102303">
      </trkpt>
      <trkpt lat="25.601571" lon="87.7107718">
      </trkpt>
      <trkpt lat="25.6017562" lon="87.7111803">
      </trkpt>
      <trkpt lat="25.6037572" lon="87.7158431">
      </trkpt>
      <trkpt lat="25.6048991" lon="87.7184711">
      </trkpt>
      <trkpt lat="25.6052055" lon="87.7191919">
      </trkpt>
      <trkpt lat="25.6054586" lon="87.7197872">
      </trkpt>
      <trkpt lat="25.6062401" lon="87.7215622">
      </trkpt>
      <trkpt lat="25.6083068" lon="87.7260355">
      </trkpt>
      <trkpt lat="25.6104991" lon="87.7310568">
      </trkpt>
      <trkpt lat="25.6121891" lon="87.7352738">
      </trkpt>
      <trkpt lat="25.6138792" lon="87.7391282">
      </trkpt>
      <trkpt lat="25.6142937" lon="87.740693">
      </trkpt>
      <trkpt lat="25.6144981" lon="87.7420305">
      </trkpt>
      <trkpt lat="25.6145169" lon="87.7422047">
      </trkpt>
      <trkpt lat="25.6145452" lon="87.7425276">
      </trkpt>
      <trkpt lat="25.6145573" lon="87.7438311">
      </trkpt>
      <trkpt lat="25.6145065" lon="87.7452286">
      </trkpt>
      <trkpt lat="25.6143006" lon="87.7500542">
      </trkpt>
      <trkpt lat="25.6142557" lon="87.7509685">
      </trkpt>
      <trkpt lat="25.6142163" lon="87.7518724">
      </trkpt>
      <trkpt lat="25.6141024" lon="87.7563052">
      </trkpt>
      <trkpt lat="25.6135922" lon="87.7673558">
      </trkpt>
      <trkpt lat="25.6134357" lon="87.7699566">
      </trkpt>
      <trkpt lat="25.6133675" lon="87.7730128">
      </trkpt>
      <trkpt lat="25.6132144" lon="87.7755174">
      </trkpt>
      <trkpt lat="25.6131059" lon="87.7780175">
      </trkpt>
      <trkpt lat="25.6130501" lon="87.7790518">
      </trkpt>
      <trkpt lat="25.6130829" lon="87.7806522">
      </trkpt>
      <trkpt lat="25.6130865" lon="87.781116">
      </trkpt>
      <trkpt lat="25.6131037" lon="87.7815991">
      </trkpt>
      <trkpt lat="25.6133686" lon="87.7865008">
      </trkpt>
      <trkpt lat="25.6135522" lon="87.7903459">
      </trkpt>
      <trkpt lat="25.6135585" lon="87.7904869">
      </trkpt>
      <trkpt lat="25.6136297" lon="87.7920766">
      </trkpt>
      <trkpt lat="25.6136347" lon="87.7927423">
      </trkpt>
      <trkpt lat="25.6136198" lon="87.7935013">
      </trkpt>
      <trkpt lat="25.6135878" lon="87.7949464">
      </trkpt>
      <trkpt lat="25.6135952" lon="87.7958203">
      </trkpt>
      <trkpt lat="25.6138174" lon="87.8007089">
      </trkpt>
      <trkpt lat="25.6138218" lon="87.800779">
      </trkpt>
      <trkpt lat="25.6139181" lon="87.8029346">
      </trkpt>
      <trkpt lat="25.6143421" lon="87.8113361">
      </trkpt>
      <trkpt lat="25.6143443" lon="87.8113791">
      </trkpt>
      <trkpt lat="25.6143839" lon="87.8121634">
      </trkpt>
      <trkpt lat="25.6143896" lon="87.8122761">
      </trkpt>
      <trkpt lat="25.614474" lon="87.8139496">
      </trkpt>
      <trkpt lat="25.614494" lon="87.8143449">
      </trkpt>
      <trkpt lat="25.6146149" lon="87.8169627">
      </trkpt>
      <trkpt lat="25.6146336" lon="87.8173686">
      </trkpt>
      <trkpt lat="25.6147026" lon="87.818863">
      </trkpt>
      <trkpt lat="25.6149821" lon="87.8220417">
      </trkpt>
      <trkpt lat="25.6150401" lon="87.8232916">
      </trkpt>
      <trkpt lat="25.6150938" lon="87.8243352">
      </trkpt>
      <trkpt lat="25.6150994" lon="87.8244594">
      </trkpt>
      <trkpt lat="25.6151224" lon="87.8249752">
      </trkpt>
      <trkpt lat="25.6151387" lon="87.8253378">
      </trkpt>
      <trkpt lat="25.6151846" lon="87.8264627">
      </trkpt>
      <trkpt lat="25.6151809" lon="87.8281455">
      </trkpt>
      <trkpt lat="25.6152223" lon="87.8291987">
      </trkpt>
      <trkpt lat="25.6152351" lon="87.8295328">
      </trkpt>
      <trkpt lat="25.6153786" lon="87.8320795">
      </trkpt>
      <trkpt lat="25.6154146" lon="87.8328715">
      </trkpt>
      <trkpt lat="25.6154363" lon="87.8333478">
      </trkpt>
      <trkpt lat="25.6155403" lon="87.8355901">
      </trkpt>
      <trkpt lat="25.6156007" lon="87.8364672">
      </trkpt>
      <trkpt lat="25.6156709" lon="87.8371793">
      </trkpt>
      <trkpt lat="25.615731" lon="87.8376402">
      </trkpt>
      <trkpt lat="25.6158281" lon="87.8383179">
      </trkpt>
      <trkpt lat="25.6159133" lon="87.8388056">
      </trkpt>
      <trkpt lat="25.6159816" lon="87.8391963">
      </trkpt>
      <trkpt lat="25.6161472" lon="87.839984">
      </trkpt>
      <trkpt lat="25.6162283" lon="87.8403698">
      </trkpt>
      <trkpt lat="25.6163776" lon="87.8410789">
      </trkpt>
      <trkpt lat="25.6164819" lon="87.8415742">
      </trkpt>
      <trkpt lat="25.6165856" lon="87.8420729">
      </trkpt>
      <trkpt lat="25.6166952" lon="87.8425976">
      </trkpt>
      <trkpt lat="25.6167769" lon="87.8429917">
      </trkpt>
      <trkpt lat="25.6169677" lon="87.8438946">
      </trkpt>
      <trkpt lat="25.617011" lon="87.8440997">
      </trkpt>
      <trkpt lat="25.6170798" lon="87.8444252">
      </trkpt>
      <trkpt lat="25.6172072" lon="87.8450277">
      </trkpt>
      <trkpt lat="25.617331" lon="87.8456136">
      </trkpt>
      <trkpt lat="25.6176507" lon="87.8468728">
      </trkpt>
      <trkpt lat="25.6178113" lon="87.8478866">
      </trkpt>
      <trkpt lat="25.6182231" lon="87.849835">
      </trkpt>
      <trkpt lat="25.6189579" lon="87.8534428">
      </trkpt>
      <trkpt lat="25.6194567" lon="87.8558054">
      </trkpt>
      <trkpt lat="25.6209229" lon="87.8627511">
      </trkpt>
      <trkpt lat="25.6211032" lon="87.863605">
      </trkpt>
      <trkpt lat="25.6212457" lon="87.86428">
      </trkpt>
      <trkpt lat="25.6213433" lon="87.8647424">
      </trkpt>
      <trkpt lat="25.6213864" lon="87.8649466">
      </trkpt>
      <trkpt lat="25.6214321" lon="87.8651631">
      </trkpt>
      <trkpt lat="25.6214786" lon="87.8653836">
      </trkpt>
      <trkpt lat="25.6215469" lon="87.865707">
      </trkpt>
      <trkpt lat="25.6216815" lon="87.8663448">
      </trkpt>
      <trkpt lat="25.6220404" lon="87.8680446">
      </trkpt>
      <trkpt lat="25.6224418" lon="87.8699465">
      </trkpt>
      <trkpt lat="25.6228449" lon="87.871856">
      </trkpt>
      <trkpt lat="25.6237364" lon="87.8760791">
      </trkpt>
      <trkpt lat="25.6239153" lon="87.8770173">
      </trkpt>
      <trkpt lat="25.6242011" lon="87.8783549">
      </trkpt>
      <trkpt lat="25.6243061" lon="87.8787535">
      </trkpt>
      <trkpt lat="25.6243895" lon="87.8790768">
      </trkpt>
      <trkpt lat="25.6245552" lon="87.8795931">
      </trkpt>
      <trkpt lat="25.6247567" lon="87.8800774">
      </trkpt>
      <trkpt lat="25.6249929" lon="87.8805318">
      </trkpt>
      <trkpt lat="25.6252555" lon="87.8809537">
      </trkpt>
      <trkpt lat="25.625721" lon="87.8816413">
      </trkpt>
      <trkpt lat="25.6267704" lon="87.8831631">
      </trkpt>
      <trkpt lat="25.6275391" lon="87.8842743">
      </trkpt>
      <trkpt lat="25.629642" lon="87.8873996">
      </trkpt>
      <trkpt lat="25.6309155" lon="87.889253">
      </trkpt>
      <trkpt lat="25.632164" lon="87.8910485">
      </trkpt>
      <trkpt lat="25.6323939" lon="87.8914012">
      </trkpt>
      <trkpt lat="25.6328322" lon="87.8921624">
      </trkpt>
      <trkpt lat="25.6331698" lon="87.8926683">
      </trkpt>
      <trkpt lat="25.6332759" lon="87.8928263">
      </trkpt>
      <trkpt lat="25.6335919" lon="87.893279">
      </trkpt>
      <trkpt lat="25.6384154" lon="87.9002262">
      </trkpt>
      <trkpt lat="25.6392024" lon="87.901395">
      </trkpt>
      <trkpt lat="25.6423955" lon="87.9063017">
      </trkpt>
      <trkpt lat="25.6439863" lon="87.9086149">
      </trkpt>
      <trkpt lat="25.6453459" lon="87.9105639">
      </trkpt>
      <trkpt lat="25.6457623" lon="87.9111449">
      </trkpt>
      <trkpt lat="25.6459816" lon="87.9114175">
      </trkpt>
      <trkpt lat="25.6462859" lon="87.9117474">
      </trkpt>
      <trkpt lat="25.6479511" lon="87.9133804">
      </trkpt>
      <trkpt lat="25.6483264" lon="87.9137756">
      </trkpt>
      <trkpt lat="25.648645" lon="87.9141981">
      </trkpt>
      <trkpt lat="25.6489637" lon="87.9146948">
      </trkpt>
      <trkpt lat="25.6492842" lon="87.9153091">
      </trkpt>
      <trkpt lat="25.6494708" lon="87.9158222">
      </trkpt>
      <trkpt lat="25.6496294" lon="87.9163548">
      </trkpt>
      <trkpt lat="25.6498113" lon="87.9172495">
      </trkpt>
      <trkpt lat="25.6499138" lon="87.9177536">
      </trkpt>
      <trkpt lat="25.6510248" lon="87.9235532">
      </trkpt>
      <trkpt lat="25.6515657" lon="87.9263265">
      </trkpt>
      <trkpt lat="25.6516917" lon="87.9269745">
      </trkpt>
      <trkpt lat="25.6522307" lon="87.9297477">
      </trkpt>
      <trkpt lat="25.6527093" lon="87.9321916">
      </trkpt>
      <trkpt lat="25.6528025" lon="87.9325104">
      </trkpt>
      <trkpt lat="25.6529066" lon="87.9328245">
      </trkpt>
      <trkpt lat="25.6530298" lon="87.9331098">
      </trkpt>
      <trkpt lat="25.653181" lon="87.9333897">
      </trkpt>
      <trkpt lat="25.6533501" lon="87.9336597">
      </trkpt>
      <trkpt lat="25.6535271" lon="87.9339035">
      </trkpt>
      <trkpt lat="25.6537624" lon="87.9341841">
      </trkpt>
      <trkpt lat="25.6540057" lon="87.9344453">
      </trkpt>
      <trkpt lat="25.6543919" lon="87.9347355">
      </trkpt>
      <trkpt lat="25.6548783" lon="87.9350384">
      </trkpt>
      <trkpt lat="25.6555921" lon="87.9352877">
      </trkpt>
      <trkpt lat="25.6562481" lon="87.9354167">
      </trkpt>
      <trkpt lat="25.6566405" lon="87.935428">
      </trkpt>
      <trkpt lat="25.657239" lon="87.9353444">
      </trkpt>
      <trkpt lat="25.6576359" lon="87.9352288">
      </trkpt>
      <trkpt lat="25.6581318" lon="87.9350579">
      </trkpt>
      <trkpt lat="25.6586765" lon="87.9347251">
      </trkpt>
      <trkpt lat="25.6591556" lon="87.9343174">
      </trkpt>
      <trkpt lat="25.6594958" lon="87.9339294">
      </trkpt>
      <trkpt lat="25.6597232" lon="87.9336155">
      </trkpt>
      <trkpt lat="25.6599465" lon="87.9332388">
      </trkpt>
      <trkpt lat="25.6602023" lon="87.9326453">
      </trkpt>
      <trkpt lat="25.6622638" lon="87.9268188">
      </trkpt>
      <trkpt lat="25.6623103" lon="87.92669">
      </trkpt>
      <trkpt lat="25.663341" lon="87.9238064">
      </trkpt>
      <trkpt lat="25.6653599" lon="87.9180244">
      </trkpt>
      <trkpt lat="25.6667011" lon="87.9142635">
      </trkpt>
      <trkpt lat="25.6667525" lon="87.9141225">
      </trkpt>
      <trkpt lat="25.6688147" lon="87.9082577">
      </trkpt>
      <trkpt lat="25.6690468" lon="87.9076932">
      </trkpt>
      <trkpt lat="25.6692278" lon="87.9072784">
      </trkpt>
      <trkpt lat="25.6694554" lon="87.9068282">
      </trkpt>
      <trkpt lat="25.6696422" lon="87.9064893">
      </trkpt>
      <trkpt lat="25.6700293" lon="87.905889">
      </trkpt>
      <trkpt lat="25.6703317" lon="87.9054844">
      </trkpt>
      <trkpt lat="25.6705239" lon="87.9052612">
      </trkpt>
      <trkpt lat="25.6710215" lon="87.9046809">
      </trkpt>
      <trkpt lat="25.6716531" lon="87.9040945">
      </trkpt>
      <trkpt lat="25.6721222" lon="87.9037331">
      </trkpt>
      <trkpt lat="25.6726591" lon="87.9033697">
      </trkpt>
      <trkpt lat="25.6732461" lon="87.9030463">
      </trkpt>
      <trkpt lat="25.6737137" lon="87.9028183">
      </trkpt>
      <trkpt lat="25.6742055" lon="87.9026242">
      </trkpt>
      <trkpt lat="25.6750327" lon="87.9023582">
      </trkpt>
      <trkpt lat="25.6756462" lon="87.9022548">
      </trkpt>
      <trkpt lat="25.6762386" lon="87.9021644">
      </trkpt>
      <trkpt lat="25.6783749" lon="87.9019686">
      </trkpt>
      <trkpt lat="25.678747" lon="87.901931">
      </trkpt>
      <trkpt lat="25.682367" lon="87.9015808">
      </trkpt>
      <trkpt lat="25.6834781" lon="87.9014756">
      </trkpt>
      <trkpt lat="25.6856316" lon="87.9012621">
      </trkpt>
      <trkpt lat="25.6860313" lon="87.9012287">
      </trkpt>
      <trkpt lat="25.6870905" lon="87.9011184">
      </trkpt>
      <trkpt lat="25.6877391" lon="87.9010137">
      </trkpt>
      <trkpt lat="25.6883692" lon="87.9008427">
      </trkpt>
      <trkpt lat="25.6887795" lon="87.900681">
      </trkpt>
      <trkpt lat="25.6896781" lon="87.9003351">
      </trkpt>
      <trkpt lat="25.6908833" lon="87.8997982">
      </trkpt>
      <trkpt lat="25.693562" lon="87.8985555">
      </trkpt>
      <trkpt lat="25.6949773" lon="87.8979003">
      </trkpt>
      <trkpt lat="25.6965283" lon="87.8971519">
      </trkpt>
      <trkpt lat="25.6980466" lon="87.8962644">
      </trkpt>
      <trkpt lat="25.6997318" lon="87.895197">
      </trkpt>
      <trkpt lat="25.7005022" lon="87.8947174">
      </trkpt>
      <trkpt lat="25.7016972" lon="87.8939695">
      </trkpt>
      <trkpt lat="25.7030309" lon="87.8931275">
      </trkpt>
      <trkpt lat="25.7044127" lon="87.892324">
      </trkpt>
      <trkpt lat="25.7086422" lon="87.8899429">
      </trkpt>
      <trkpt lat="25.7104599" lon="87.8889433">
      </trkpt>
      <trkpt lat="25.7116166" lon="87.8882895">
      </trkpt>
      <trkpt lat="25.7158632" lon="87.8859278">
      </trkpt>
      <trkpt lat="25.7164524" lon="87.8855955">
      </trkpt>
      <trkpt lat="25.7169284" lon="87.8853393">
      </trkpt>
      <trkpt lat="25.7176191" lon="87.8850031">
      </trkpt>
      <trkpt lat="25.7185015" lon="87.8846352">
      </trkpt>
      <trkpt lat="25.7192342" lon="87.8842584">
      </trkpt>
      <trkpt lat="25.7200803" lon="87.8837733">
      </trkpt>
      <trkpt lat="25.7206352" lon="87.8834803">
      </trkpt>
      <trkpt lat="25.7208925" lon="87.8833296">
      </trkpt>
      <trkpt lat="25.721146" lon="87.8831861">
      </trkpt>
      <trkpt lat="25.7218429" lon="87.8827849">
      </trkpt>
      <trkpt lat="25.7223155" lon="87.8825301">
      </trkpt>
      <trkpt lat="25.7227822" lon="87.8822687">
      </trkpt>
      <trkpt lat="25.7232229" lon="87.8819883">
      </trkpt>
      <trkpt lat="25.7236376" lon="87.8817435">
      </trkpt>
      <trkpt lat="25.7241383" lon="87.8814565">
      </trkpt>
      <trkpt lat="25.7244407" lon="87.8812896">
      </trkpt>
      <trkpt lat="25.7254737" lon="87.8807223">
      </trkpt>
      <trkpt lat="25.7278985" lon="87.8793504">
      </trkpt>
      <trkpt lat="25.7298738" lon="87.8782305">
      </trkpt>
      <trkpt lat="25.731535" lon="87.8773199">
      </trkpt>
      <trkpt lat="25.7318013" lon="87.8771681">
      </trkpt>
      <trkpt lat="25.7335658" lon="87.8761625">
      </trkpt>
      <trkpt lat="25.7343825" lon="87.8757159">
      </trkpt>
      <trkpt lat="25.7351683" lon="87.875261">
      </trkpt>
      <trkpt lat="25.7372026" lon="87.8741304">
      </trkpt>
      <trkpt lat="25.7378896" lon="87.8737421">
      </trkpt>
      <trkpt lat="25.7387963" lon="87.8732297">
      </trkpt>
      <trkpt lat="25.7394032" lon="87.8728688">
      </trkpt>
      <trkpt lat="25.7400071" lon="87.8724634">
      </trkpt>
      <trkpt lat="25.7408335" lon="87.8719354">
      </trkpt>
      <trkpt lat="25.7416604" lon="87.8714671">
      </trkpt>
      <trkpt lat="25.7481547" lon="87.8678171">
      </trkpt>
      <trkpt lat="25.7498823" lon="87.8668513">
      </trkpt>
      <trkpt lat="25.7500137" lon="87.8667873">
      </trkpt>
      <trkpt lat="25.7504659" lon="87.8665522">
      </trkpt>
      <trkpt lat="25.7509097" lon="87.8663522">
      </trkpt>
      <trkpt lat="25.7513139" lon="87.8661874">
      </trkpt>
      <trkpt lat="25.7517318" lon="87.8660586">
      </trkpt>
      <trkpt lat="25.7525428" lon="87.8658668">
      </trkpt>
      <trkpt lat="25.7532127" lon="87.8657261">
      </trkpt>
      <trkpt lat="25.7538384" lon="87.8655571">
      </trkpt>
      <trkpt lat="25.7543764" lon="87.8653624">
      </trkpt>
      <trkpt lat="25.754853" lon="87.8651413">
      </trkpt>
      <trkpt lat="25.755312" lon="87.8648972">
      </trkpt>
      <trkpt lat="25.7562011" lon="87.8644031">
      </trkpt>
      <trkpt lat="25.7565468" lon="87.8642063">
      </trkpt>
      <trkpt lat="25.7568625" lon="87.8640184">
      </trkpt>
      <trkpt lat="25.757765" lon="87.8635209">
      </trkpt>
      <trkpt lat="25.759104" lon="87.862776">
      </trkpt>
      <trkpt lat="25.7603693" lon="87.8620689">
      </trkpt>
      <trkpt lat="25.76111" lon="87.8616565">
      </trkpt>
      <trkpt lat="25.7613425" lon="87.8615256">
      </trkpt>
      <trkpt lat="25.7619262" lon="87.8612012">
      </trkpt>
      <trkpt lat="25.7627499" lon="87.8607076">
      </trkpt>
      <trkpt lat="25.7635642" lon="87.8601177">
      </trkpt>
      <trkpt lat="25.7641992" lon="87.859616">
      </trkpt>
      <trkpt lat="25.7651039" lon="87.8588288">
      </trkpt>
      <trkpt lat="25.7655254" lon="87.8584787">
      </trkpt>
      <trkpt lat="25.7663694" lon="87.8577744">
      </trkpt>
      <trkpt lat="25.7667911" lon="87.8574729">
      </trkpt>
      <trkpt lat="25.767308" lon="87.8571349">
      </trkpt>
      <trkpt lat="25.7682628" lon="87.8565529">
      </trkpt>
      <trkpt lat="25.77018" lon="87.8554827">
      </trkpt>
      <trkpt lat="25.7740457" lon="87.8533041">
      </trkpt>
      <trkpt lat="25.7752128" lon="87.852648">
      </trkpt>
      <trkpt lat="25.7844756" lon="87.8474407">
      </trkpt>
      <trkpt lat="25.7864301" lon="87.8463552">
      </trkpt>
      <trkpt lat="25.7875555" lon="87.8457302">
      </trkpt>
      <trkpt lat="25.7891084" lon="87.8448772">
      </trkpt>
      <trkpt lat="25.7895021" lon="87.8446694">
      </trkpt>
      <trkpt lat="25.7898957" lon="87.844491">
      </trkpt>
      <trkpt lat="25.790293" lon="87.8443032">
      </trkpt>
      <trkpt lat="25.7906853" lon="87.8441441">
      </trkpt>
      <trkpt lat="25.7910839" lon="87.8439894">
      </trkpt>
      <trkpt lat="25.7914954" lon="87.8438646">
      </trkpt>
      <trkpt lat="25.7918712" lon="87.8437547">
      </trkpt>
      <trkpt lat="25.7922636" lon="87.8436622">
      </trkpt>
      <trkpt lat="25.7926476" lon="87.8435643">
      </trkpt>
      <trkpt lat="25.7930304" lon="87.8434892">
      </trkpt>
      <trkpt lat="25.7936849" lon="87.8433658">
      </trkpt>
      <trkpt lat="25.7943562" lon="87.8432773">
      </trkpt>
      <trkpt lat="25.7951926" lon="87.8431968">
      </trkpt>
      <trkpt lat="25.7959846" lon="87.8431706">
      </trkpt>
      <trkpt lat="25.7962809" lon="87.8431539">
      </trkpt>
      <trkpt lat="25.7970128" lon="87.8431087">
      </trkpt>
      <trkpt lat="25.8005154" lon="87.8429353">
      </trkpt>
      <trkpt lat="25.8042383" lon="87.8427319">
      </trkpt>
      <trkpt lat="25.8047399" lon="87.8426948">
      </trkpt>
      <trkpt lat="25.8053292" lon="87.8426632">
      </trkpt>
      <trkpt lat="25.8067202" lon="87.842584">
      </trkpt>
      <trkpt lat="25.8075311" lon="87.8425453">
      </trkpt>
      <trkpt lat="25.8080446" lon="87.8425169">
      </trkpt>
      <trkpt lat="25.80858" lon="87.8425048">
      </trkpt>
      <trkpt lat="25.8089682" lon="87.84247">
      </trkpt>
      <trkpt lat="25.8093815" lon="87.8424418">
      </trkpt>
      <trkpt lat="25.8101116" lon="87.8424217">
      </trkpt>
      <trkpt lat="25.8105027" lon="87.8424445">
      </trkpt>
      <trkpt lat="25.8108593" lon="87.8424893">
      </trkpt>
      <trkpt lat="25.8111614" lon="87.8425407">
      </trkpt>
      <trkpt lat="25.8115356" lon="87.8426043">
      </trkpt>
      <trkpt lat="25.8121507" lon="87.8427717">
      </trkpt>
      <trkpt lat="25.8127626" lon="87.8429415">
      </trkpt>
      <trkpt lat="25.8133194" lon="87.8430775">
      </trkpt>
      <trkpt lat="25.8138853" lon="87.8431669">
      </trkpt>
      <trkpt lat="25.8141741" lon="87.8432035">
      </trkpt>
      <trkpt lat="25.8148973" lon="87.843233">
      </trkpt>
      <trkpt lat="25.8154249" lon="87.8432035">
      </trkpt>
      <trkpt lat="25.8159295" lon="87.8431641">
      </trkpt>
      <trkpt lat="25.8165632" lon="87.8431451">
      </trkpt>
      <trkpt lat="25.8173998" lon="87.843103">
      </trkpt>
      <trkpt lat="25.8184532" lon="87.8429996">
      </trkpt>
      <trkpt lat="25.819415" lon="87.8428265">
      </trkpt>
      <trkpt lat="25.8202209" lon="87.8426367">
      </trkpt>
      <trkpt lat="25.821532" lon="87.8422485">
      </trkpt>
      <trkpt lat="25.8222409" lon="87.8420261">
      </trkpt>
      <trkpt lat="25.8229193" lon="87.8418383">
      </trkpt>
      <trkpt lat="25.8236002" lon="87.8416908">
      </trkpt>
      <trkpt lat="25.8243003" lon="87.8415889">
      </trkpt>
      <trkpt lat="25.8257803" lon="87.8414682">
      </trkpt>
      <trkpt lat="25.8273142" lon="87.8413911">
      </trkpt>
      <trkpt lat="25.8317918" lon="87.8411597">
      </trkpt>
      <trkpt lat="25.8360588" lon="87.8409469">
      </trkpt>
      <trkpt lat="25.8394118" lon="87.8407618">
      </trkpt>
      <trkpt lat="25.8426943" lon="87.8405897">
      </trkpt>
      <trkpt lat="25.8488957" lon="87.8402517">
      </trkpt>
      <trkpt lat="25.8495324" lon="87.8402182">
      </trkpt>
      <trkpt lat="25.8502277" lon="87.840225">
      </trkpt>
      <trkpt lat="25.8507845" lon="87.8402371">
      </trkpt>
      <trkpt lat="25.8514779" lon="87.8403068">
      </trkpt>
      <trkpt lat="25.8523059" lon="87.8404221">
      </trkpt>
      <trkpt lat="25.8539194" lon="87.8406471">
      </trkpt>
      <trkpt lat="25.8542996" lon="87.8406769">
      </trkpt>
      <trkpt lat="25.8547196" lon="87.8406984">
      </trkpt>
      <trkpt lat="25.8555353" lon="87.8407027">
      </trkpt>
      <trkpt lat="25.8570464" lon="87.840642">
      </trkpt>
      <trkpt lat="25.8576754" lon="87.8406047">
      </trkpt>
      <trkpt lat="25.85807" lon="87.8405926">
      </trkpt>
      <trkpt lat="25.8590449" lon="87.8405374">
      </trkpt>
      <trkpt lat="25.8594939" lon="87.8404918">
      </trkpt>
      <trkpt lat="25.8599384" lon="87.840459">
      </trkpt>
      <trkpt lat="25.8621193" lon="87.8400612">
      </trkpt>
      <trkpt lat="25.8646914" lon="87.8395921">
      </trkpt>
      <trkpt lat="25.8682845" lon="87.8393874">
      </trkpt>
      <trkpt lat="25.868574" lon="87.8393732">
      </trkpt>
      <trkpt lat="25.8687377" lon="87.8393634">
      </trkpt>
      <trkpt lat="25.8693314" lon="87.8393277">
      </trkpt>
      <trkpt lat="25.869641" lon="87.8393014">
      </trkpt>
      <trkpt lat="25.8739724" lon="87.8390766">
      </trkpt>
      <trkpt lat="25.8768372" lon="87.8389216">
      </trkpt>
      <trkpt lat="25.8780125" lon="87.8388531">
      </trkpt>
      <trkpt lat="25.8791152" lon="87.8387806">
      </trkpt>
      <trkpt lat="25.880423" lon="87.8387055">
      </trkpt>
      <trkpt lat="25.8814698" lon="87.8386527">
      </trkpt>
      <trkpt lat="25.8822534" lon="87.838621">
      </trkpt>
      <trkpt lat="25.8830656" lon="87.8385697">
      </trkpt>
      <trkpt lat="25.8835336" lon="87.8385526">
      </trkpt>
      <trkpt lat="25.8840138" lon="87.8385204">
      </trkpt>
      <trkpt lat="25.8852929" lon="87.8384839">
      </trkpt>
      <trkpt lat="25.8865724" lon="87.8385441">
      </trkpt>
      <trkpt lat="25.8876648" lon="87.838688">
      </trkpt>
      <trkpt lat="25.8887404" lon="87.8389245">
      </trkpt>
      <trkpt lat="25.8923967" lon="87.8397797">
      </trkpt>
      <trkpt lat="25.8926762" lon="87.8398423">
      </trkpt>
      <trkpt lat="25.8940329" lon="87.8401462">
      </trkpt>
      <trkpt lat="25.8962945" lon="87.8406666">
      </trkpt>
      <trkpt lat="25.8972684" lon="87.8408968">
      </trkpt>
      <trkpt lat="25.8982566" lon="87.841116">
      </trkpt>
      <trkpt lat="25.9011677" lon="87.8417968">
      </trkpt>
      <trkpt lat="25.9038036" lon="87.8423953">
      </trkpt>
      <trkpt lat="25.9038806" lon="87.8424124">
      </trkpt>
      <trkpt lat="25.905632" lon="87.8428173">
      </trkpt>
      <trkpt lat="25.9081163" lon="87.8433792">
      </trkpt>
      <trkpt lat="25.909694" lon="87.8436461">
      </trkpt>
      <trkpt lat="25.911267" lon="87.8440028">
      </trkpt>
      <trkpt lat="25.9143905" lon="87.8447092">
      </trkpt>
      <trkpt lat="25.9260613" lon="87.8475033">
      </trkpt>
      <trkpt lat="25.9276692" lon="87.8478308">
      </trkpt>
      <trkpt lat="25.9318205" lon="87.8488281">
      </trkpt>
      <trkpt lat="25.9358449" lon="87.8497522">
      </trkpt>
      <trkpt lat="25.9402496" lon="87.8507569">
      </trkpt>
      <trkpt lat="25.9425161" lon="87.8512547">
      </trkpt>
      <trkpt lat="25.9502742" lon="87.8529721">
      </trkpt>
      <trkpt lat="25.9580483" lon="87.8547454">
      </trkpt>
      <trkpt lat="25.9596665" lon="87.8551254">
      </trkpt>
      <trkpt lat="25.9704576" lon="87.8576062">
      </trkpt>
      <trkpt lat="25.9714154" lon="87.8578395">
      </trkpt>
      <trkpt lat="25.9765752" lon="87.8590745">
      </trkpt>
      <trkpt lat="25.9770733" lon="87.8591971">
      </trkpt>
      <trkpt lat="25.9814953" lon="87.8602034">
      </trkpt>
      <trkpt lat="25.9859173" lon="87.8612294">
      </trkpt>
      <trkpt lat="25.9881932" lon="87.8617322">
      </trkpt>
      <trkpt lat="25.9904909" lon="87.8622526">
      </trkpt>
      <trkpt lat="25.992774" lon="87.8628507">
      </trkpt>
      <trkpt lat="25.9950404" lon="87.8634512">
      </trkpt>
      <trkpt lat="25.9961973" lon="87.8637257">
      </trkpt>
      <trkpt lat="26.0022031" lon="87.8650874">
      </trkpt>
      <trkpt lat="26.0033541" lon="87.8653507">
      </trkpt>
      <trkpt lat="26.0047982" lon="87.8656812">
      </trkpt>
      <trkpt lat="26.0067016" lon="87.8660978">
      </trkpt>
      <trkpt lat="26.0140939" lon="87.8677159">
      </trkpt>
      <trkpt lat="26.0157211" lon="87.8680839">
      </trkpt>
      <trkpt lat="26.0172087" lon="87.8685071">
      </trkpt>
      <trkpt lat="26.0190101" lon="87.869364">
      </trkpt>
      <trkpt lat="26.0199898" lon="87.8699278">
      </trkpt>
      <trkpt lat="26.0208498" lon="87.8705298">
      </trkpt>
      <trkpt lat="26.0218539" lon="87.871237">
      </trkpt>
      <trkpt lat="26.0223906" lon="87.8717114">
      </trkpt>
      <trkpt lat="26.0229116" lon="87.8721921">
      </trkpt>
      <trkpt lat="26.0249276" lon="87.8741012">
      </trkpt>
      <trkpt lat="26.0258218" lon="87.8749232">
      </trkpt>
      <trkpt lat="26.0272328" lon="87.8762591">
      </trkpt>
      <trkpt lat="26.0278063" lon="87.8768014">
      </trkpt>
      <trkpt lat="26.0286456" lon="87.8775951">
      </trkpt>
      <trkpt lat="26.0305239" lon="87.8794067">
      </trkpt>
      <trkpt lat="26.031459" lon="87.8802931">
      </trkpt>
      <trkpt lat="26.0323896" lon="87.8811895">
      </trkpt>
      <trkpt lat="26.0343656" lon="87.8830609">
      </trkpt>
      <trkpt lat="26.0355079" lon="87.8841019">
      </trkpt>
      <trkpt lat="26.0366739" lon="87.8850925">
      </trkpt>
      <trkpt lat="26.0371797" lon="87.885564">
      </trkpt>
      <trkpt lat="26.037653" lon="87.8860028">
      </trkpt>
      <trkpt lat="26.0377991" lon="87.8861442">
      </trkpt>
      <trkpt lat="26.0387951" lon="87.8871247">
      </trkpt>
      <trkpt lat="26.039502" lon="87.8878305">
      </trkpt>
      <trkpt lat="26.0401924" lon="87.8885897">
      </trkpt>
      <trkpt lat="26.0408527" lon="87.8892928">
      </trkpt>
      <trkpt lat="26.0416762" lon="87.8902267">
      </trkpt>
      <trkpt lat="26.0425859" lon="87.8912094">
      </trkpt>
      <trkpt lat="26.044262" lon="87.8928378">
      </trkpt>
      <trkpt lat="26.0459604" lon="87.894443">
      </trkpt>
      <trkpt lat="26.0465071" lon="87.8949498">
      </trkpt>
      <trkpt lat="26.0473625" lon="87.8957897">
      </trkpt>
      <trkpt lat="26.0484009" lon="87.8967311">
      </trkpt>
      <trkpt lat="26.0496985" lon="87.8977892">
      </trkpt>
      <trkpt lat="26.0509035" lon="87.8989063">
      </trkpt>
      <trkpt lat="26.0514172" lon="87.8993961">
      </trkpt>
      <trkpt lat="26.0516201" lon="87.8995986">
      </trkpt>
      <trkpt lat="26.0524576" lon="87.9003748">
      </trkpt>
      <trkpt lat="26.0533272" lon="87.9011227">
      </trkpt>
      <trkpt lat="26.0552672" lon="87.902939">
      </trkpt>
      <trkpt lat="26.0572005" lon="87.9047664">
      </trkpt>
      <trkpt lat="26.0588479" lon="87.9063414">
      </trkpt>
      <trkpt lat="26.0604975" lon="87.9079312">
      </trkpt>
      <trkpt lat="26.0614883" lon="87.9088824">
      </trkpt>
      <trkpt lat="26.0656163" lon="87.9127859">
      </trkpt>
      <trkpt lat="26.0673425" lon="87.9144617">
      </trkpt>
      <trkpt lat="26.070134" lon="87.917117">
      </trkpt>
      <trkpt lat="26.0722662" lon="87.9191232">
      </trkpt>
      <trkpt lat="26.0761668" lon="87.9228578">
      </trkpt>
      <trkpt lat="26.0781905" lon="87.9247844">
      </trkpt>
      <trkpt lat="26.080694" lon="87.9271808">
      </trkpt>
      <trkpt lat="26.0820696" lon="87.9285138">
      </trkpt>
      <trkpt lat="26.0827874" lon="87.9291812">
      </trkpt>
      <trkpt lat="26.0831793" lon="87.9295545">
      </trkpt>
      <trkpt lat="26.0840108" lon="87.9303359">
      </trkpt>
      <trkpt lat="26.0849572" lon="87.9312162">
      </trkpt>
      <trkpt lat="26.0858808" lon="87.932113">
      </trkpt>
      <trkpt lat="26.0869068" lon="87.9330711">
      </trkpt>
      <trkpt lat="26.0884461" lon="87.9345411">
      </trkpt>
      <trkpt lat="26.0898561" lon="87.9359124">
      </trkpt>
      <trkpt lat="26.0903039" lon="87.9362986">
      </trkpt>
      <trkpt lat="26.091027" lon="87.9368487">
      </trkpt>
      <trkpt lat="26.0912771" lon="87.9370391">
      </trkpt>
      <trkpt lat="26.0915734" lon="87.937318">
      </trkpt>
      <trkpt lat="26.0918858" lon="87.9376369">
      </trkpt>
      <trkpt lat="26.0921262" lon="87.9379467">
      </trkpt>
      <trkpt lat="26.0924428" lon="87.9383544">
      </trkpt>
      <trkpt lat="26.092755" lon="87.9387986">
      </trkpt>
      <trkpt lat="26.0929565" lon="87.9390925">
      </trkpt>
      <trkpt lat="26.0931627" lon="87.9394012">
      </trkpt>
      <trkpt lat="26.0934098" lon="87.9397622">
      </trkpt>
      <trkpt lat="26.0939305" lon="87.9406406">
      </trkpt>
      <trkpt lat="26.0941388" lon="87.9410424">
      </trkpt>
      <trkpt lat="26.094329" lon="87.9414502">
      </trkpt>
      <trkpt lat="26.0946183" lon="87.9421474">
      </trkpt>
      <trkpt lat="26.0950713" lon="87.9433205">
      </trkpt>
      <trkpt lat="26.0955147" lon="87.9443569">
      </trkpt>
      <trkpt lat="26.0961102" lon="87.9454617">
      </trkpt>
      <trkpt lat="26.0964191" lon="87.9461224">
      </trkpt>
      <trkpt lat="26.0967065" lon="87.946768">
      </trkpt>
      <trkpt lat="26.0971731" lon="87.9478742">
      </trkpt>
      <trkpt lat="26.0973884" lon="87.9484186">
      </trkpt>
      <trkpt lat="26.0976137" lon="87.9489536">
      </trkpt>
      <trkpt lat="26.0979636" lon="87.9497068">
      </trkpt>
      <trkpt lat="26.0983336" lon="87.9504424">
      </trkpt>
      <trkpt lat="26.0995296" lon="87.952801">
      </trkpt>
      <trkpt lat="26.1000422" lon="87.9538119">
      </trkpt>
      <trkpt lat="26.1004126" lon="87.9545359">
      </trkpt>
      <trkpt lat="26.1007964" lon="87.9552911">
      </trkpt>
      <trkpt lat="26.100926" lon="87.9555565">
      </trkpt>
      <trkpt lat="26.1010518" lon="87.9557815">
      </trkpt>
      <trkpt lat="26.1013565" lon="87.9562408">
      </trkpt>
      <trkpt lat="26.1020247" lon="87.9570631">
      </trkpt>
      <trkpt lat="26.1025845" lon="87.9577273">
      </trkpt>
      <trkpt lat="26.1033142" lon="87.9585839">
      </trkpt>
      <trkpt lat="26.1052222" lon="87.9608581">
      </trkpt>
      <trkpt lat="26.1062116" lon="87.9620138">
      </trkpt>
      <trkpt lat="26.1126115" lon="87.9696498">
      </trkpt>
      <trkpt lat="26.1136886" lon="87.9709036">
      </trkpt>
      <trkpt lat="26.1144024" lon="87.9717755">
      </trkpt>
      <trkpt lat="26.1149528" lon="87.9724276">
      </trkpt>
      <trkpt lat="26.1154764" lon="87.9730504">
      </trkpt>
      <trkpt lat="26.1157946" lon="87.9734596">
      </trkpt>
      <trkpt lat="26.1160771" lon="87.9738605">
      </trkpt>
      <trkpt lat="26.1163356" lon="87.97425">
      </trkpt>
      <trkpt lat="26.1167556" lon="87.9749334">
      </trkpt>
      <trkpt lat="26.1177218" lon="87.9766852">
      </trkpt>
      <trkpt lat="26.1188745" lon="87.9788099">
      </trkpt>
      <trkpt lat="26.1202629" lon="87.9813654">
      </trkpt>
      <trkpt lat="26.1216365" lon="87.9839304">
      </trkpt>
      <trkpt lat="26.1230876" lon="87.9866275">
      </trkpt>
      <trkpt lat="26.1245359" lon="87.9893311">
      </trkpt>
      <trkpt lat="26.127765" lon="87.9953346">
      </trkpt>
      <trkpt lat="26.1345439" lon="88.007941">
      </trkpt>
      <trkpt lat="26.1367378" lon="88.0120092">
      </trkpt>
      <trkpt lat="26.1369834" lon="88.0124646">
      </trkpt>
      <trkpt lat="26.1374792" lon="88.013387">
      </trkpt>
      <trkpt lat="26.1394163" lon="88.016991">
      </trkpt>
      <trkpt lat="26.1415567" lon="88.0209679">
      </trkpt>
      <trkpt lat="26.1420842" lon="88.021948">
      </trkpt>
      <trkpt lat="26.1427735" lon="88.0232448">
      </trkpt>
      <trkpt lat="26.1443847" lon="88.0261953">
      </trkpt>
      <trkpt lat="26.1449879" lon="88.0273526">
      </trkpt>
      <trkpt lat="26.1451647" lon="88.0276892">
      </trkpt>
      <trkpt lat="26.1462859" lon="88.0297587">
      </trkpt>
      <trkpt lat="26.1524943" lon="88.0412973">
      </trkpt>
      <trkpt lat="26.157358" lon="88.0503366">
      </trkpt>
      <trkpt lat="26.1589733" lon="88.0533647">
      </trkpt>
      <trkpt lat="26.1605311" lon="88.0562603">
      </trkpt>
      <trkpt lat="26.1620913" lon="88.0591504">
      </trkpt>
      <trkpt lat="26.1632647" lon="88.0613187">
      </trkpt>
      <trkpt lat="26.164372" lon="88.0633556">
      </trkpt>
      <trkpt lat="26.1668732" lon="88.0680269">
      </trkpt>
      <trkpt lat="26.1674654" lon="88.0691413">
      </trkpt>
      <trkpt lat="26.1678071" lon="88.0697336">
      </trkpt>
      <trkpt lat="26.168063" lon="88.0701326">
      </trkpt>
      <trkpt lat="26.168429" lon="88.0706858">
      </trkpt>
      <trkpt lat="26.1688049" lon="88.0712029">
      </trkpt>
      <trkpt lat="26.1691261" lon="88.0716129">
      </trkpt>
      <trkpt lat="26.1698917" lon="88.0725102">
      </trkpt>
      <trkpt lat="26.1709348" lon="88.0735743">
      </trkpt>
      <trkpt lat="26.1719925" lon="88.07462">
      </trkpt>
      <trkpt lat="26.1746" lon="88.0771827">
      </trkpt>
      <trkpt lat="26.1759578" lon="88.0785175">
      </trkpt>
      <trkpt lat="26.1765705" lon="88.0791372">
      </trkpt>
      <trkpt lat="26.1769532" lon="88.0795586">
      </trkpt>
      <trkpt lat="26.1772062" lon="88.0798842">
      </trkpt>
      <trkpt lat="26.1778576" lon="88.0807159">
      </trkpt>
      <trkpt lat="26.1784772" lon="88.0815519">
      </trkpt>
      <trkpt lat="26.1791402" lon="88.0825102">
      </trkpt>
      <trkpt lat="26.1798167" lon="88.0835474">
      </trkpt>
      <trkpt lat="26.1801493" lon="88.0840713">
      </trkpt>
      <trkpt lat="26.1804432" lon="88.0844632">
      </trkpt>
      <trkpt lat="26.1808144" lon="88.0849757">
      </trkpt>
      <trkpt lat="26.1811789" lon="88.08547">
      </trkpt>
      <trkpt lat="26.182851" lon="88.0877298">
      </trkpt>
      <trkpt lat="26.1837394" lon="88.0889121">
      </trkpt>
      <trkpt lat="26.1843186" lon="88.0897048">
      </trkpt>
      <trkpt lat="26.1845276" lon="88.0899908">
      </trkpt>
      <trkpt lat="26.185842" lon="88.0917618">
      </trkpt>
      <trkpt lat="26.1863614" lon="88.0924748">
      </trkpt>
      <trkpt lat="26.1870204" lon="88.0933688">
      </trkpt>
      <trkpt lat="26.1873919" lon="88.0938486">
      </trkpt>
      <trkpt lat="26.1877385" lon="88.094256">
      </trkpt>
      <trkpt lat="26.188901" lon="88.0955173">
      </trkpt>
      <trkpt lat="26.1909899" lon="88.0978464">
      </trkpt>
      <trkpt lat="26.1924427" lon="88.0994755">
      </trkpt>
      <trkpt lat="26.1931362" lon="88.1002542">
      </trkpt>
      <trkpt lat="26.197174" lon="88.1047349">
      </trkpt>
      <trkpt lat="26.1974974" lon="88.1051017">
      </trkpt>
      <trkpt lat="26.1977263" lon="88.1053934">
      </trkpt>
      <trkpt lat="26.1979853" lon="88.1057149">
      </trkpt>
      <trkpt lat="26.2043038" lon="88.1139228">
      </trkpt>
      <trkpt lat="26.2065052" lon="88.1168134">
      </trkpt>
      <trkpt lat="26.2110921" lon="88.122785">
      </trkpt>
      <trkpt lat="26.2125086" lon="88.1246468">
      </trkpt>
      <trkpt lat="26.2158939" lon="88.1290195">
      </trkpt>
      <trkpt lat="26.2179547" lon="88.1317056">
      </trkpt>
      <trkpt lat="26.2193741" lon="88.1335746">
      </trkpt>
      <trkpt lat="26.2201006" lon="88.1344945">
      </trkpt>
      <trkpt lat="26.2215048" lon="88.1363277">
      </trkpt>
      <trkpt lat="26.2235252" lon="88.1389925">
      </trkpt>
      <trkpt lat="26.2254558" lon="88.1414997">
      </trkpt>
      <trkpt lat="26.2256176" lon="88.1417097">
      </trkpt>
      <trkpt lat="26.2259665" lon="88.1421628">
      </trkpt>
      <trkpt lat="26.2281809" lon="88.1450466">
      </trkpt>
      <trkpt lat="26.230432" lon="88.1479461">
      </trkpt>
      <trkpt lat="26.2337497" lon="88.1522708">
      </trkpt>
      <trkpt lat="26.2337647" lon="88.1522904">
      </trkpt>
      <trkpt lat="26.2362245" lon="88.1554994">
      </trkpt>
      <trkpt lat="26.239498" lon="88.1597579">
      </trkpt>
      <trkpt lat="26.2401609" lon="88.1606008">
      </trkpt>
      <trkpt lat="26.2402748" lon="88.1607466">
      </trkpt>
      <trkpt lat="26.2411564" lon="88.1618924">
      </trkpt>
      <trkpt lat="26.2428344" lon="88.1640075">
      </trkpt>
      <trkpt lat="26.2451908" lon="88.1671386">
      </trkpt>
      <trkpt lat="26.2474522" lon="88.1700825">
      </trkpt>
      <trkpt lat="26.2487148" lon="88.171722">
      </trkpt>
      <trkpt lat="26.2501807" lon="88.1736528">
      </trkpt>
      <trkpt lat="26.2511278" lon="88.174857">
      </trkpt>
      <trkpt lat="26.2518607" lon="88.1757586">
      </trkpt>
      <trkpt lat="26.2522662" lon="88.1761891">
      </trkpt>
      <trkpt lat="26.2526805" lon="88.1765845">
      </trkpt>
      <trkpt lat="26.2531911" lon="88.177032">
      </trkpt>
      <trkpt lat="26.253756" lon="88.1774803">
      </trkpt>
      <trkpt lat="26.2543119" lon="88.1778224">
      </trkpt>
      <trkpt lat="26.2548745" lon="88.1781207">
      </trkpt>
      <trkpt lat="26.2573803" lon="88.1793988">
      </trkpt>
      <trkpt lat="26.2585353" lon="88.1799843">
      </trkpt>
      <trkpt lat="26.2597177" lon="88.1805682">
      </trkpt>
      <trkpt lat="26.2623692" lon="88.1818887">
      </trkpt>
      <trkpt lat="26.2636927" lon="88.1825561">
      </trkpt>
      <trkpt lat="26.2644693" lon="88.1829574">
      </trkpt>
      <trkpt lat="26.2655491" lon="88.1834768">
      </trkpt>
      <trkpt lat="26.265773" lon="88.1835918">
      </trkpt>
      <trkpt lat="26.2662946" lon="88.1838673">
      </trkpt>
      <trkpt lat="26.2684552" lon="88.184945">
      </trkpt>
      <trkpt lat="26.2690428" lon="88.1852468">
      </trkpt>
      <trkpt lat="26.2723468" lon="88.1868775">
      </trkpt>
      <trkpt lat="26.273135" lon="88.1872579">
      </trkpt>
      <trkpt lat="26.2741806" lon="88.1877682">
      </trkpt>
      <trkpt lat="26.2755777" lon="88.1884639">
      </trkpt>
      <trkpt lat="26.2757274" lon="88.1885473">
      </trkpt>
      <trkpt lat="26.2758875" lon="88.1886325">
      </trkpt>
      <trkpt lat="26.2783493" lon="88.189864">
      </trkpt>
      <trkpt lat="26.2817208" lon="88.1915725">
      </trkpt>
      <trkpt lat="26.291355" lon="88.1963734">
      </trkpt>
      <trkpt lat="26.2914173" lon="88.1964038">
      </trkpt>
      <trkpt lat="26.2928023" lon="88.1970939">
      </trkpt>
      <trkpt lat="26.2944089" lon="88.1978937">
      </trkpt>
      <trkpt lat="26.2959356" lon="88.198666">
      </trkpt>
      <trkpt lat="26.2960752" lon="88.1987376">
      </trkpt>
      <trkpt lat="26.297471" lon="88.1994405">
      </trkpt>
      <trkpt lat="26.2975732" lon="88.1994922">
      </trkpt>
      <trkpt lat="26.3007386" lon="88.2010627">
      </trkpt>
      <trkpt lat="26.3008393" lon="88.2011119">
      </trkpt>
      <trkpt lat="26.3020314" lon="88.2017096">
      </trkpt>
      <trkpt lat="26.3023793" lon="88.201884">
      </trkpt>
      <trkpt lat="26.3040204" lon="88.202684">
      </trkpt>
      <trkpt lat="26.3046861" lon="88.2030132">
      </trkpt>
      <trkpt lat="26.3057361" lon="88.2035557">
      </trkpt>
      <trkpt lat="26.3058649" lon="88.2036182">
      </trkpt>
      <trkpt lat="26.3079406" lon="88.204663">
      </trkpt>
      <trkpt lat="26.3096763" lon="88.2055366">
      </trkpt>
      <trkpt lat="26.3103712" lon="88.2058794">
      </trkpt>
      <trkpt lat="26.3118487" lon="88.2065927">
      </trkpt>
      <trkpt lat="26.3145129" lon="88.2079284">
      </trkpt>
      <trkpt lat="26.3154106" lon="88.2083881">
      </trkpt>
      <trkpt lat="26.3159717" lon="88.2086677">
      </trkpt>
      <trkpt lat="26.3165833" lon="88.2089707">
      </trkpt>
      <trkpt lat="26.317187" lon="88.2092737">
      </trkpt>
      <trkpt lat="26.3176745" lon="88.2095294">
      </trkpt>
      <trkpt lat="26.3180347" lon="88.2097072">
      </trkpt>
      <trkpt lat="26.3186141" lon="88.2099776">
      </trkpt>
      <trkpt lat="26.3195642" lon="88.210449">
      </trkpt>
      <trkpt lat="26.3205065" lon="88.2109199">
      </trkpt>
      <trkpt lat="26.3221555" lon="88.2117403">
      </trkpt>
      <trkpt lat="26.3251309" lon="88.2132454">
      </trkpt>
      <trkpt lat="26.3256142" lon="88.2134839">
      </trkpt>
      <trkpt lat="26.3257374" lon="88.2135428">
      </trkpt>
      <trkpt lat="26.3286081" lon="88.2149805">
      </trkpt>
      <trkpt lat="26.3287618" lon="88.2150627">
      </trkpt>
      <trkpt lat="26.3308361" lon="88.2160873">
      </trkpt>
      <trkpt lat="26.3339513" lon="88.2176443">
      </trkpt>
      <trkpt lat="26.336467" lon="88.2188934">
      </trkpt>
      <trkpt lat="26.3365695" lon="88.2189447">
      </trkpt>
      <trkpt lat="26.3397115" lon="88.2205253">
      </trkpt>
      <trkpt lat="26.3398074" lon="88.2205739">
      </trkpt>
      <trkpt lat="26.3414352" lon="88.2213822">
      </trkpt>
      <trkpt lat="26.3444209" lon="88.2228805">
      </trkpt>
      <trkpt lat="26.345195" lon="88.2232765">
      </trkpt>
      <trkpt lat="26.3459862" lon="88.2236502">
      </trkpt>
      <trkpt lat="26.3472132" lon="88.2242585">
      </trkpt>
      <trkpt lat="26.348763" lon="88.2250201">
      </trkpt>
      <trkpt lat="26.3506997" lon="88.2259921">
      </trkpt>
      <trkpt lat="26.3527922" lon="88.2270283">
      </trkpt>
      <trkpt lat="26.3529115" lon="88.227087">
      </trkpt>
      <trkpt lat="26.3551531" lon="88.2282121">
      </trkpt>
      <trkpt lat="26.3555972" lon="88.2284333">
      </trkpt>
      <trkpt lat="26.3558298" lon="88.2285491">
      </trkpt>
      <trkpt lat="26.3578425" lon="88.2295513">
      </trkpt>
      <trkpt lat="26.3580553" lon="88.2296587">
      </trkpt>
      <trkpt lat="26.3616494" lon="88.231473">
      </trkpt>
      <trkpt lat="26.366582" lon="88.2339125">
      </trkpt>
      <trkpt lat="26.3674531" lon="88.2343458">
      </trkpt>
      <trkpt lat="26.3714828" lon="88.2364133">
      </trkpt>
      <trkpt lat="26.3720617" lon="88.2366974">
      </trkpt>
      <trkpt lat="26.3726565" lon="88.23694">
      </trkpt>
      <trkpt lat="26.373208" lon="88.2372178">
      </trkpt>
      <trkpt lat="26.3737615" lon="88.23748">
      </trkpt>
      <trkpt lat="26.3747844" lon="88.2379895">
      </trkpt>
      <trkpt lat="26.3755732" lon="88.2384034">
      </trkpt>
      <trkpt lat="26.3763969" lon="88.2387949">
      </trkpt>
      <trkpt lat="26.3777066" lon="88.2394674">
      </trkpt>
      <trkpt lat="26.3778274" lon="88.2395301">
      </trkpt>
      <trkpt lat="26.3789607" lon="88.2400646">
      </trkpt>
      <trkpt lat="26.3802944" lon="88.240734">
      </trkpt>
      <trkpt lat="26.3813917" lon="88.2412991">
      </trkpt>
      <trkpt lat="26.3870017" lon="88.2440958">
      </trkpt>
      <trkpt lat="26.3901896" lon="88.2456805">
      </trkpt>
      <trkpt lat="26.3904012" lon="88.2457806">
      </trkpt>
      <trkpt lat="26.3922221" lon="88.2466883">
      </trkpt>
      <trkpt lat="26.3933464" lon="88.2472557">
      </trkpt>
      <trkpt lat="26.3957416" lon="88.2484496">
      </trkpt>
      <trkpt lat="26.3967128" lon="88.2489378">
      </trkpt>
      <trkpt lat="26.3979787" lon="88.2495641">
      </trkpt>
      <trkpt lat="26.40076" lon="88.2509579">
      </trkpt>
      <trkpt lat="26.4062991" lon="88.2537263">
      </trkpt>
      <trkpt lat="26.4067624" lon="88.2539625">
      </trkpt>
      <trkpt lat="26.408635" lon="88.2548895">
      </trkpt>
      <trkpt lat="26.4105724" lon="88.2558716">
      </trkpt>
      <trkpt lat="26.4125211" lon="88.2568117">
      </trkpt>
      <trkpt lat="26.4153346" lon="88.2582279">
      </trkpt>
      <trkpt lat="26.4167561" lon="88.2589443">
      </trkpt>
      <trkpt lat="26.4181746" lon="88.259655">
      </trkpt>
      <trkpt lat="26.4188576" lon="88.2600116">
      </trkpt>
      <trkpt lat="26.419181" lon="88.2601972">
      </trkpt>
      <trkpt lat="26.4194991" lon="88.2603982">
      </trkpt>
      <trkpt lat="26.4200057" lon="88.2607679">
      </trkpt>
      <trkpt lat="26.420262" lon="88.2609763">
      </trkpt>
      <trkpt lat="26.4204727" lon="88.2611647">
      </trkpt>
      <trkpt lat="26.4207802" lon="88.2614809">
      </trkpt>
      <trkpt lat="26.4210511" lon="88.2617579">
      </trkpt>
      <trkpt lat="26.421467" lon="88.2622702">
      </trkpt>
      <trkpt lat="26.4218169" lon="88.2627978">
      </trkpt>
      <trkpt lat="26.4221293" lon="88.2633131">
      </trkpt>
      <trkpt lat="26.4225822" lon="88.2642533">
      </trkpt>
      <trkpt lat="26.4238589" lon="88.2670586">
      </trkpt>
      <trkpt lat="26.4248362" lon="88.2691316">
      </trkpt>
      <trkpt lat="26.4251706" lon="88.2698875">
      </trkpt>
      <trkpt lat="26.4260207" lon="88.2716852">
      </trkpt>
      <trkpt lat="26.4264946" lon="88.2727194">
      </trkpt>
      <trkpt lat="26.4268973" lon="88.2734535">
      </trkpt>
      <trkpt lat="26.4272509" lon="88.2739996">
      </trkpt>
      <trkpt lat="26.4276601" lon="88.2745081">
      </trkpt>
      <trkpt lat="26.4281051" lon="88.275002">
      </trkpt>
      <trkpt lat="26.4285945" lon="88.2754624">
      </trkpt>
      <trkpt lat="26.429112" lon="88.2758676">
      </trkpt>
      <trkpt lat="26.4296146" lon="88.2762247">
      </trkpt>
      <trkpt lat="26.4300665" lon="88.2764827">
      </trkpt>
      <trkpt lat="26.4305189" lon="88.2767437">
      </trkpt>
      <trkpt lat="26.431701" lon="88.2774049">
      </trkpt>
      <trkpt lat="26.4331692" lon="88.2782614">
      </trkpt>
      <trkpt lat="26.4347218" lon="88.2791452">
      </trkpt>
      <trkpt lat="26.436881" lon="88.2803455">
      </trkpt>
      <trkpt lat="26.4376025" lon="88.2807871">
      </trkpt>
      <trkpt lat="26.4386462" lon="88.2814058">
      </trkpt>
      <trkpt lat="26.4401831" lon="88.2822606">
      </trkpt>
      <trkpt lat="26.4440569" lon="88.2844754">
      </trkpt>
      <trkpt lat="26.4443133" lon="88.2846054">
      </trkpt>
      <trkpt lat="26.4451297" lon="88.2850103">
      </trkpt>
      <trkpt lat="26.4456855" lon="88.2853189">
      </trkpt>
      <trkpt lat="26.4461999" lon="88.2856045">
      </trkpt>
      <trkpt lat="26.4491808" lon="88.2873661">
      </trkpt>
      <trkpt lat="26.457709" lon="88.2922381">
      </trkpt>
      <trkpt lat="26.4612472" lon="88.2942814">
      </trkpt>
      <trkpt lat="26.4629485" lon="88.2955246">
      </trkpt>
      <trkpt lat="26.4644146" lon="88.2966412">
      </trkpt>
      <trkpt lat="26.4649245" lon="88.2970007">
      </trkpt>
      <trkpt lat="26.4653437" lon="88.2972497">
      </trkpt>
      <trkpt lat="26.4658243" lon="88.2974927">
      </trkpt>
      <trkpt lat="26.4662837" lon="88.2976975">
      </trkpt>
      <trkpt lat="26.4666762" lon="88.2978253">
      </trkpt>
      <trkpt lat="26.4670394" lon="88.2979306">
      </trkpt>
      <trkpt lat="26.4675297" lon="88.2980367">
      </trkpt>
      <trkpt lat="26.4680111" lon="88.2981305">
      </trkpt>
      <trkpt lat="26.4683893" lon="88.2981555">
      </trkpt>
      <trkpt lat="26.4687533" lon="88.2981765">
      </trkpt>
      <trkpt lat="26.4691615" lon="88.2981738">
      </trkpt>
      <trkpt lat="26.4695829" lon="88.2981419">
      </trkpt>
      <trkpt lat="26.4700158" lon="88.2980735">
      </trkpt>
      <trkpt lat="26.4706628" lon="88.2979278">
      </trkpt>
      <trkpt lat="26.4712739" lon="88.2977717">
      </trkpt>
      <trkpt lat="26.4736918" lon="88.2970918">
      </trkpt>
      <trkpt lat="26.4758199" lon="88.2965019">
      </trkpt>
      <trkpt lat="26.4772848" lon="88.2961509">
      </trkpt>
      <trkpt lat="26.480588" lon="88.2952661">
      </trkpt>
      <trkpt lat="26.482062" lon="88.2948238">
      </trkpt>
      <trkpt lat="26.4824628" lon="88.2947516">
      </trkpt>
      <trkpt lat="26.4829412" lon="88.2946133">
      </trkpt>
      <trkpt lat="26.4842248" lon="88.2942333">
      </trkpt>
      <trkpt lat="26.4847385" lon="88.294103">
      </trkpt>
      <trkpt lat="26.4855483" lon="88.2938718">
      </trkpt>
      <trkpt lat="26.4868416" lon="88.2935257">
      </trkpt>
      <trkpt lat="26.4880758" lon="88.293169">
      </trkpt>
      <trkpt lat="26.4887333" lon="88.2929888">
      </trkpt>
      <trkpt lat="26.4908619" lon="88.2923984">
      </trkpt>
      <trkpt lat="26.4931382" lon="88.2917923">
      </trkpt>
      <trkpt lat="26.4949804" lon="88.2912828">
      </trkpt>
      <trkpt lat="26.4971795" lon="88.2907029">
      </trkpt>
      <trkpt lat="26.5018592" lon="88.2894022">
      </trkpt>
      <trkpt lat="26.5025229" lon="88.2892416">
      </trkpt>
      <trkpt lat="26.5030789" lon="88.2891537">
      </trkpt>
      <trkpt lat="26.5039281" lon="88.2891004">
      </trkpt>
      <trkpt lat="26.5048339" lon="88.2891675">
      </trkpt>
      <trkpt lat="26.5053749" lon="88.289244">
      </trkpt>
      <trkpt lat="26.5058893" lon="88.2893735">
      </trkpt>
      <trkpt lat="26.5063128" lon="88.2894964">
      </trkpt>
      <trkpt lat="26.5068484" lon="88.2897331">
      </trkpt>
      <trkpt lat="26.5073682" lon="88.2899867">
      </trkpt>
      <trkpt lat="26.507839" lon="88.2902388">
      </trkpt>
      <trkpt lat="26.5084626" lon="88.2906866">
      </trkpt>
      <trkpt lat="26.5091351" lon="88.2912834">
      </trkpt>
      <trkpt lat="26.5100311" lon="88.2921098">
      </trkpt>
      <trkpt lat="26.5117775" lon="88.2936932">
      </trkpt>
      <trkpt lat="26.5135656" lon="88.2953594">
      </trkpt>
      <trkpt lat="26.5192319" lon="88.3006455">
      </trkpt>
      <trkpt lat="26.5193109" lon="88.3007192">
      </trkpt>
      <trkpt lat="26.520435" lon="88.3017607">
      </trkpt>
      <trkpt lat="26.5216279" lon="88.3028723">
      </trkpt>
      <trkpt lat="26.5284851" lon="88.3092289">
      </trkpt>
      <trkpt lat="26.5285963" lon="88.309332">
      </trkpt>
      <trkpt lat="26.5309748" lon="88.3115369">
      </trkpt>
      <trkpt lat="26.5311606" lon="88.3117092">
      </trkpt>
      <trkpt lat="26.5353443" lon="88.3155777">
      </trkpt>
      <trkpt lat="26.5394931" lon="88.3194909">
      </trkpt>
      <trkpt lat="26.5401695" lon="88.3200786">
      </trkpt>
      <trkpt lat="26.540636" lon="88.3204462">
      </trkpt>
      <trkpt lat="26.5409003" lon="88.3206189">
      </trkpt>
      <trkpt lat="26.5412249" lon="88.3208156">
      </trkpt>
      <trkpt lat="26.5418452" lon="88.3211436">
      </trkpt>
      <trkpt lat="26.5426132" lon="88.321426">
      </trkpt>
      <trkpt lat="26.5441828" lon="88.3219849">
      </trkpt>
      <trkpt lat="26.545822" lon="88.3225847">
      </trkpt>
      <trkpt lat="26.546054" lon="88.322652">
      </trkpt>
      <trkpt lat="26.5461791" lon="88.322699">
      </trkpt>
      <trkpt lat="26.5490773" lon="88.3237769">
      </trkpt>
      <trkpt lat="26.5530462" lon="88.3252199">
      </trkpt>
      <trkpt lat="26.5534508" lon="88.3253677">
      </trkpt>
      <trkpt lat="26.553719" lon="88.3254738">
      </trkpt>
      <trkpt lat="26.5538486" lon="88.3255215">
      </trkpt>
      <trkpt lat="26.5548422" lon="88.3258866">
      </trkpt>
      <trkpt lat="26.5585765" lon="88.3273163">
      </trkpt>
      <trkpt lat="26.5586365" lon="88.3273387">
      </trkpt>
      <trkpt lat="26.5618455" lon="88.3285396">
      </trkpt>
      <trkpt lat="26.566709" lon="88.3303023">
      </trkpt>
      <trkpt lat="26.5667984" lon="88.3303376">
      </trkpt>
      <trkpt lat="26.5687517" lon="88.3310685">
      </trkpt>
      <trkpt lat="26.5708355" lon="88.3318346">
      </trkpt>
      <trkpt lat="26.5708985" lon="88.3318602">
      </trkpt>
      <trkpt lat="26.5714788" lon="88.3320629">
      </trkpt>
      <trkpt lat="26.5722491" lon="88.3323321">
      </trkpt>
      <trkpt lat="26.5734264" lon="88.3327833">
      </trkpt>
      <trkpt lat="26.5760535" lon="88.3337503">
      </trkpt>
      <trkpt lat="26.5787561" lon="88.3347601">
      </trkpt>
      <trkpt lat="26.5799047" lon="88.3351892">
      </trkpt>
      <trkpt lat="26.5868075" lon="88.3377368">
      </trkpt>
      <trkpt lat="26.5871335" lon="88.3378568">
      </trkpt>
      <trkpt lat="26.5885259" lon="88.3383661">
      </trkpt>
      <trkpt lat="26.5908248" lon="88.3392135">
      </trkpt>
      <trkpt lat="26.5935325" lon="88.3402059">
      </trkpt>
      <trkpt lat="26.5946967" lon="88.340585">
      </trkpt>
      <trkpt lat="26.6057597" lon="88.3447594">
      </trkpt>
      <trkpt lat="26.6061201" lon="88.3448946">
      </trkpt>
      <trkpt lat="26.6073148" lon="88.3453394">
      </trkpt>
      <trkpt lat="26.6089563" lon="88.3459332">
      </trkpt>
      <trkpt lat="26.6095258" lon="88.3461458">
      </trkpt>
      <trkpt lat="26.610616" lon="88.3465371">
      </trkpt>
      <trkpt lat="26.6107107" lon="88.3465711">
      </trkpt>
      <trkpt lat="26.6117494" lon="88.3469657">
      </trkpt>
      <trkpt lat="26.6156921" lon="88.3484195">
      </trkpt>
      <trkpt lat="26.6171738" lon="88.3489554">
      </trkpt>
      <trkpt lat="26.6182197" lon="88.3494276">
      </trkpt>
      <trkpt lat="26.6192407" lon="88.3499405">
      </trkpt>
      <trkpt lat="26.6195385" lon="88.3500952">
      </trkpt>
      <trkpt lat="26.6196249" lon="88.3501408">
      </trkpt>
      <trkpt lat="26.6203719" lon="88.3505301">
      </trkpt>
      <trkpt lat="26.6263428" lon="88.3536311">
      </trkpt>
      <trkpt lat="26.626442" lon="88.3536826">
      </trkpt>
      <trkpt lat="26.629525" lon="88.3552839">
      </trkpt>
      <trkpt lat="26.6295518" lon="88.3552978">
      </trkpt>
      <trkpt lat="26.6296667" lon="88.3553577">
      </trkpt>
      <trkpt lat="26.6315252" lon="88.3563131">
      </trkpt>
      <trkpt lat="26.6318669" lon="88.3564954">
      </trkpt>
      <trkpt lat="26.633172" lon="88.3571542">
      </trkpt>
      <trkpt lat="26.6332394" lon="88.3571899">
      </trkpt>
      <trkpt lat="26.63463" lon="88.3579127">
      </trkpt>
      <trkpt lat="26.6360253" lon="88.3586222">
      </trkpt>
      <trkpt lat="26.636926" lon="88.3590864">
      </trkpt>
      <trkpt lat="26.6372839" lon="88.3592676">
      </trkpt>
      <trkpt lat="26.6382815" lon="88.3597728">
      </trkpt>
      <trkpt lat="26.6387633" lon="88.3599606">
      </trkpt>
      <trkpt lat="26.6392587" lon="88.3601224">
      </trkpt>
      <trkpt lat="26.640122" lon="88.3603934">
      </trkpt>
      <trkpt lat="26.640583" lon="88.3605131">
      </trkpt>
      <trkpt lat="26.6411337" lon="88.3606334">
      </trkpt>
      <trkpt lat="26.6423397" lon="88.3608917">
      </trkpt>
      <trkpt lat="26.6448069" lon="88.36143">
      </trkpt>
      <trkpt lat="26.6484044" lon="88.3622041">
      </trkpt>
      <trkpt lat="26.6545887" lon="88.3635547">
      </trkpt>
      <trkpt lat="26.6551706" lon="88.3636777">
      </trkpt>
      <trkpt lat="26.6557365" lon="88.3638211">
      </trkpt>
      <trkpt lat="26.656485" lon="88.36409">
      </trkpt>
      <trkpt lat="26.6569822" lon="88.3643388">
      </trkpt>
      <trkpt lat="26.6574144" lon="88.364565">
      </trkpt>
      <trkpt lat="26.6578399" lon="88.3648315">
      </trkpt>
      <trkpt lat="26.658465" lon="88.3653257">
      </trkpt>
      <trkpt lat="26.6589517" lon="88.3657901">
      </trkpt>
      <trkpt lat="26.6592265" lon="88.3660639">
      </trkpt>
      <trkpt lat="26.6594486" lon="88.3662986">
      </trkpt>
      <trkpt lat="26.6595943" lon="88.3664446">
      </trkpt>
      <trkpt lat="26.6597872" lon="88.3667064">
      </trkpt>
      <trkpt lat="26.6600932" lon="88.3671431">
      </trkpt>
      <trkpt lat="26.6604555" lon="88.3677643">
      </trkpt>
      <trkpt lat="26.6609601" lon="88.3686494">
      </trkpt>
      <trkpt lat="26.6615175" lon="88.3696124">
      </trkpt>
      <trkpt lat="26.6620111" lon="88.3704624">
      </trkpt>
      <trkpt lat="26.6622082" lon="88.3708017">
      </trkpt>
      <trkpt lat="26.6624899" lon="88.3712853">
      </trkpt>
      <trkpt lat="26.6638447" lon="88.3736189">
      </trkpt>
      <trkpt lat="26.6652774" lon="88.3760926">
      </trkpt>
      <trkpt lat="26.6676846" lon="88.3802406">
      </trkpt>
      <trkpt lat="26.6681073" lon="88.3809596">
      </trkpt>
      <trkpt lat="26.6682649" lon="88.3812354">
      </trkpt>
      <trkpt lat="26.6682871" lon="88.3812708">
      </trkpt>
      <trkpt lat="26.6683356" lon="88.3813561">
      </trkpt>
      <trkpt lat="26.6691303" lon="88.382712">
      </trkpt>
      <trkpt lat="26.6704922" lon="88.3851063">
      </trkpt>
      <trkpt lat="26.671192" lon="88.3863225">
      </trkpt>
      <trkpt lat="26.6717435" lon="88.3872377">
      </trkpt>
      <trkpt lat="26.6719454" lon="88.3875849">
      </trkpt>
      <trkpt lat="26.6727618" lon="88.3889882">
      </trkpt>
      <trkpt lat="26.6731179" lon="88.3896554">
      </trkpt>
      <trkpt lat="26.6734793" lon="88.3902774">
      </trkpt>
      <trkpt lat="26.6738956" lon="88.3909777">
      </trkpt>
      <trkpt lat="26.6743075" lon="88.3917006">
      </trkpt>
      <trkpt lat="26.6753398" lon="88.3935011">
      </trkpt>
      <trkpt lat="26.67594" lon="88.3945383">
      </trkpt>
      <trkpt lat="26.6765277" lon="88.3955768">
      </trkpt>
      <trkpt lat="26.6770137" lon="88.3963984">
      </trkpt>
      <trkpt lat="26.677106" lon="88.3965567">
      </trkpt>
      <trkpt lat="26.67742" lon="88.3970824">
      </trkpt>
      <trkpt lat="26.6777129" lon="88.3975983">
      </trkpt>
      <trkpt lat="26.6780356" lon="88.3982037">
      </trkpt>
      <trkpt lat="26.6783124" lon="88.3988233">
      </trkpt>
      <trkpt lat="26.6785462" lon="88.3995376">
      </trkpt>
      <trkpt lat="26.678738" lon="88.4001667">
      </trkpt>
      <trkpt lat="26.678859" lon="88.4007869">
      </trkpt>
      <trkpt lat="26.6789622" lon="88.4014007">
      </trkpt>
      <trkpt lat="26.6789802" lon="88.4015684">
      </trkpt>
      <trkpt lat="26.6790132" lon="88.4021053">
      </trkpt>
      <trkpt lat="26.6790089" lon="88.4027384">
      </trkpt>
      <trkpt lat="26.6789692" lon="88.403421">
      </trkpt>
      <trkpt lat="26.6787813" lon="88.4054415">
      </trkpt>
      <trkpt lat="26.6786747" lon="88.4065034">
      </trkpt>
      <trkpt lat="26.6786483" lon="88.4069167">
      </trkpt>
      <trkpt lat="26.678602" lon="88.4073631">
      </trkpt>
      <trkpt lat="26.6783267" lon="88.4103859">
      </trkpt>
      <trkpt lat="26.6782363" lon="88.4112634">
      </trkpt>
      <trkpt lat="26.6779463" lon="88.4136805">
      </trkpt>
      <trkpt lat="26.6777624" lon="88.4156146">
      </trkpt>
      <trkpt lat="26.6776862" lon="88.4163687">
      </trkpt>
      <trkpt lat="26.677684" lon="88.4165103">
      </trkpt>
      <trkpt lat="26.6776613" lon="88.4170205">
      </trkpt>
      <trkpt lat="26.6776764" lon="88.4176149">
      </trkpt>
      <trkpt lat="26.6777487" lon="88.4180994">
      </trkpt>
      <trkpt lat="26.6778663" lon="88.4186471">
      </trkpt>
      <trkpt lat="26.6781421" lon="88.4194061">
      </trkpt>
      <trkpt lat="26.6783455" lon="88.4198855">
      </trkpt>
      <trkpt lat="26.6785881" lon="88.4203197">
      </trkpt>
      <trkpt lat="26.6788412" lon="88.4207153">
      </trkpt>
      <trkpt lat="26.6791243" lon="88.4210733">
      </trkpt>
      <trkpt lat="26.6794822" lon="88.4215885">
      </trkpt>
      <trkpt lat="26.679683" lon="88.4218945">
      </trkpt>
      <trkpt lat="26.6798341" lon="88.4221512">
      </trkpt>
      <trkpt lat="26.6799628" lon="88.4223917">
      </trkpt>
      <trkpt lat="26.6800785" lon="88.4226418">
      </trkpt>
      <trkpt lat="26.6802684" lon="88.4230877">
      </trkpt>
      <trkpt lat="26.6804267" lon="88.4235801">
      </trkpt>
      <trkpt lat="26.6805425" lon="88.424104">
      </trkpt>
      <trkpt lat="26.680679" lon="88.4251224">
      </trkpt>
      <trkpt lat="26.6807047" lon="88.4253399">
      </trkpt>
      <trkpt lat="26.6807771" lon="88.425824">
      </trkpt>
      <trkpt lat="26.6807956" lon="88.4260408">
      </trkpt>
      <trkpt lat="26.6808919" lon="88.4269126">
      </trkpt>
      <trkpt lat="26.6810208" lon="88.4282171">
      </trkpt>
      <trkpt lat="26.6812327" lon="88.4300275">
      </trkpt>
      <trkpt lat="26.6813563" lon="88.4308541">
      </trkpt>
      <trkpt lat="26.6814999" lon="88.4321249">
      </trkpt>
      <trkpt lat="26.6819611" lon="88.4362164">
      </trkpt>
      <trkpt lat="26.6821768" lon="88.4380452">
      </trkpt>
      <trkpt lat="26.6821781" lon="88.4380595">
      </trkpt>
      <trkpt lat="26.6822241" lon="88.4385611">
      </trkpt>
      <trkpt lat="26.6822764" lon="88.439242">
      </trkpt>
      <trkpt lat="26.6827445" lon="88.4432764">
      </trkpt>
    </trkseg>
  </trk>
</gpx>