<?xml version="1.0" encoding="UTF-8"?>
<gpx xmlns="http://www.topografix.com/GPX/1/1" xmlns:xsi="http://www.w3.org/2001/XMLSchema-instance" xsi:schemaLocation="http://www.topografix.com/GPX/1/1 http://www.topografix.com/GPX/1/1/gpx.xsd" version="1.1" creator="gpx.py -- https://github.com/tkrajina/gpxpy">
  <wpt lat="22.2281498" lon="84.8664496">
    <name>Rourkela Junction</name>
  </wpt>
  <wpt lat="23.348831" lon="85.3257264">
    <name>Ranchi</name>
  </wpt>
  <wpt lat="23.656375" lon="86.0849531">
    <name>Bokaro Steel City</name>
  </wpt>
  <wpt lat="23.8762967" lon="86.1402652">
    <name>Gomoh Junction</name>
  </wpt>
  <wpt lat="24.4336939" lon="85.5305457">
    <name>Koderma Junction</name>
  </wpt>
  <wpt lat="24.8034531" lon="84.9994846">
    <name>Gaya Junction</name>
  </wpt>
  <trk>
    <name>Rourkela - Gaya (Vies regionals)</name>
    <trkseg>
      <trkpt lat="22.2281498" lon="84.8664496">
      </trkpt>
      <trkpt lat="22.2281478" lon="84.8675382">
      </trkpt>
      <trkpt lat="22.2281454" lon="84.8687979">
      </trkpt>
      <trkpt lat="22.2281314" lon="84.8725853">
      </trkpt>
      <trkpt lat="22.2281036" lon="84.8749586">
      </trkpt>
      <trkpt lat="22.2280949" lon="84.8773469">
      </trkpt>
      <trkpt lat="22.228121" lon="84.878483">
      </trkpt>
      <trkpt lat="22.228173" lon="84.879291">
      </trkpt>
      <trkpt lat="22.2282424" lon="84.8802901">
      </trkpt>
      <trkpt lat="22.2283309" lon="84.8810906">
      </trkpt>
      <trkpt lat="22.2284541" lon="84.881908">
      </trkpt>
      <trkpt lat="22.2287576" lon="84.8836678">
      </trkpt>
      <trkpt lat="22.2288979" lon="84.8845291">
      </trkpt>
      <trkpt lat="22.2290978" lon="84.8856839">
      </trkpt>
      <trkpt lat="22.2291774" lon="84.8860694">
      </trkpt>
      <trkpt lat="22.2292722" lon="84.8864824">
      </trkpt>
      <trkpt lat="22.2294089" lon="84.886967">
      </trkpt>
      <trkpt lat="22.2295601" lon="84.8874675">
      </trkpt>
      <trkpt lat="22.2297748" lon="84.8880822">
      </trkpt>
      <trkpt lat="22.2300104" lon="84.8886945">
      </trkpt>
      <trkpt lat="22.2304194" lon="84.8896047">
      </trkpt>
      <trkpt lat="22.2313425" lon="84.89149">
      </trkpt>
      <trkpt lat="22.2324847" lon="84.8938125">
      </trkpt>
      <trkpt lat="22.2329982" lon="84.8948674">
      </trkpt>
      <trkpt lat="22.233451" lon="84.8960192">
      </trkpt>
      <trkpt lat="22.2337136" lon="84.8967627">
      </trkpt>
      <trkpt lat="22.2352629" lon="84.9022092">
      </trkpt>
      <trkpt lat="22.2359932" lon="84.9046825">
      </trkpt>
      <trkpt lat="22.2365425" lon="84.9066833">
      </trkpt>
      <trkpt lat="22.2372494" lon="84.9093786">
      </trkpt>
      <trkpt lat="22.2381473" lon="84.9125597">
      </trkpt>
      <trkpt lat="22.2385481" lon="84.9140144">
      </trkpt>
      <trkpt lat="22.2387581" lon="84.9149649">
      </trkpt>
      <trkpt lat="22.2390327" lon="84.9165624">
      </trkpt>
      <trkpt lat="22.2392656" lon="84.9178856">
      </trkpt>
      <trkpt lat="22.2397306" lon="84.9205757">
      </trkpt>
      <trkpt lat="22.2401974" lon="84.923219">
      </trkpt>
      <trkpt lat="22.24091" lon="84.9272808">
      </trkpt>
      <trkpt lat="22.2412622" lon="84.9292736">
      </trkpt>
      <trkpt lat="22.2414798" lon="84.9305849">
      </trkpt>
      <trkpt lat="22.2416908" lon="84.9319037">
      </trkpt>
      <trkpt lat="22.2418973" lon="84.9331691">
      </trkpt>
      <trkpt lat="22.2420135" lon="84.9340483">
      </trkpt>
      <trkpt lat="22.2420413" lon="84.9344663">
      </trkpt>
      <trkpt lat="22.2420552" lon="84.9352893">
      </trkpt>
      <trkpt lat="22.2420348" lon="84.9366267">
      </trkpt>
      <trkpt lat="22.2419879" lon="84.9392755">
      </trkpt>
      <trkpt lat="22.2419185" lon="84.9418119">
      </trkpt>
      <trkpt lat="22.2418665" lon="84.9444964">
      </trkpt>
      <trkpt lat="22.2417059" lon="84.9512354">
      </trkpt>
      <trkpt lat="22.2416813" lon="84.9519458">
      </trkpt>
      <trkpt lat="22.241633" lon="84.9547409">
      </trkpt>
      <trkpt lat="22.2416017" lon="84.9559196">
      </trkpt>
      <trkpt lat="22.241632" lon="84.9565591">
      </trkpt>
      <trkpt lat="22.2416999" lon="84.9574785">
      </trkpt>
      <trkpt lat="22.2417954" lon="84.9578816">
      </trkpt>
      <trkpt lat="22.2418898" lon="84.9583196">
      </trkpt>
      <trkpt lat="22.2420807" lon="84.9589082">
      </trkpt>
      <trkpt lat="22.2422832" lon="84.9594663">
      </trkpt>
      <trkpt lat="22.2424726" lon="84.9598485">
      </trkpt>
      <trkpt lat="22.2426108" lon="84.9600904">
      </trkpt>
      <trkpt lat="22.2427745" lon="84.9603518">
      </trkpt>
      <trkpt lat="22.2431864" lon="84.9608906">
      </trkpt>
      <trkpt lat="22.2434915" lon="84.9612295">
      </trkpt>
      <trkpt lat="22.2438815" lon="84.9615855">
      </trkpt>
      <trkpt lat="22.2443743" lon="84.9619717">
      </trkpt>
      <trkpt lat="22.2447998" lon="84.9623006">
      </trkpt>
      <trkpt lat="22.2476185" lon="84.9644229">
      </trkpt>
      <trkpt lat="22.248955" lon="84.9654374">
      </trkpt>
      <trkpt lat="22.2501755" lon="84.9662826">
      </trkpt>
      <trkpt lat="22.2508342" lon="84.9666725">
      </trkpt>
      <trkpt lat="22.2512786" lon="84.9669477">
      </trkpt>
      <trkpt lat="22.251466" lon="84.9670762">
      </trkpt>
      <trkpt lat="22.251659" lon="84.9672314">
      </trkpt>
      <trkpt lat="22.2522366" lon="84.9677527">
      </trkpt>
      <trkpt lat="22.2526824" lon="84.9681786">
      </trkpt>
      <trkpt lat="22.2531628" lon="84.9685769">
      </trkpt>
      <trkpt lat="22.2541347" lon="84.9693547">
      </trkpt>
      <trkpt lat="22.2544338" lon="84.9695792">
      </trkpt>
      <trkpt lat="22.2557342" lon="84.970552">
      </trkpt>
      <trkpt lat="22.2594056" lon="84.973321">
      </trkpt>
      <trkpt lat="22.2609211" lon="84.9744675">
      </trkpt>
      <trkpt lat="22.2610639" lon="84.9745615">
      </trkpt>
      <trkpt lat="22.2613617" lon="84.97476">
      </trkpt>
      <trkpt lat="22.2618386" lon="84.9750195">
      </trkpt>
      <trkpt lat="22.2623008" lon="84.9752135">
      </trkpt>
      <trkpt lat="22.2627353" lon="84.9753476">
      </trkpt>
      <trkpt lat="22.2631369" lon="84.9754179">
      </trkpt>
      <trkpt lat="22.2635609" lon="84.9754608">
      </trkpt>
      <trkpt lat="22.2640271" lon="84.9754908">
      </trkpt>
      <trkpt lat="22.2646374" lon="84.9754607">
      </trkpt>
      <trkpt lat="22.2656632" lon="84.9753353">
      </trkpt>
      <trkpt lat="22.2666039" lon="84.975287">
      </trkpt>
      <trkpt lat="22.2671302" lon="84.9752954">
      </trkpt>
      <trkpt lat="22.2687059" lon="84.9751509">
      </trkpt>
      <trkpt lat="22.2692506" lon="84.975105">
      </trkpt>
      <trkpt lat="22.2704239" lon="84.974993">
      </trkpt>
      <trkpt lat="22.2712664" lon="84.9749098">
      </trkpt>
      <trkpt lat="22.272735" lon="84.9746914">
      </trkpt>
      <trkpt lat="22.2739892" lon="84.9744606">
      </trkpt>
      <trkpt lat="22.2764784" lon="84.9738219">
      </trkpt>
      <trkpt lat="22.2790093" lon="84.9731155">
      </trkpt>
      <trkpt lat="22.2813331" lon="84.9724808">
      </trkpt>
      <trkpt lat="22.2823804" lon="84.9722013">
      </trkpt>
      <trkpt lat="22.2840365" lon="84.9717592">
      </trkpt>
      <trkpt lat="22.2868905" lon="84.9709566">
      </trkpt>
      <trkpt lat="22.2900939" lon="84.9700659">
      </trkpt>
      <trkpt lat="22.2904355" lon="84.9699709">
      </trkpt>
      <trkpt lat="22.2907518" lon="84.9698845">
      </trkpt>
      <trkpt lat="22.2941368" lon="84.9689767">
      </trkpt>
      <trkpt lat="22.2965833" lon="84.9683232">
      </trkpt>
      <trkpt lat="22.2987974" lon="84.9676609">
      </trkpt>
      <trkpt lat="22.3009898" lon="84.9670499">
      </trkpt>
      <trkpt lat="22.3053324" lon="84.965894">
      </trkpt>
      <trkpt lat="22.3071173" lon="84.9654072">
      </trkpt>
      <trkpt lat="22.3134143" lon="84.9636627">
      </trkpt>
      <trkpt lat="22.3191027" lon="84.9621379">
      </trkpt>
      <trkpt lat="22.3239435" lon="84.9608053">
      </trkpt>
      <trkpt lat="22.3260706" lon="84.9602413">
      </trkpt>
      <trkpt lat="22.3299895" lon="84.9590994">
      </trkpt>
      <trkpt lat="22.333528" lon="84.9581858">
      </trkpt>
      <trkpt lat="22.3348354" lon="84.9577838">
      </trkpt>
      <trkpt lat="22.3362363" lon="84.9575347">
      </trkpt>
      <trkpt lat="22.3386508" lon="84.9572856">
      </trkpt>
      <trkpt lat="22.3431434" lon="84.9569343">
      </trkpt>
      <trkpt lat="22.3501619" lon="84.9563608">
      </trkpt>
      <trkpt lat="22.3544665" lon="84.9560218">
      </trkpt>
      <trkpt lat="22.3556771" lon="84.9558595">
      </trkpt>
      <trkpt lat="22.3562725" lon="84.955776">
      </trkpt>
      <trkpt lat="22.3568671" lon="84.9556397">
      </trkpt>
      <trkpt lat="22.3572474" lon="84.955548">
      </trkpt>
      <trkpt lat="22.3573764" lon="84.9555078">
      </trkpt>
      <trkpt lat="22.3584775" lon="84.9551718">
      </trkpt>
      <trkpt lat="22.3612693" lon="84.9543933">
      </trkpt>
      <trkpt lat="22.3621523" lon="84.954143">
      </trkpt>
      <trkpt lat="22.3643234" lon="84.9535325">
      </trkpt>
      <trkpt lat="22.3647485" lon="84.9533701">
      </trkpt>
      <trkpt lat="22.3652148" lon="84.9531285">
      </trkpt>
      <trkpt lat="22.3656662" lon="84.9528846">
      </trkpt>
      <trkpt lat="22.3660911" lon="84.9526312">
      </trkpt>
      <trkpt lat="22.367059" lon="84.9518099">
      </trkpt>
      <trkpt lat="22.3690889" lon="84.9501091">
      </trkpt>
      <trkpt lat="22.3711643" lon="84.9483723">
      </trkpt>
      <trkpt lat="22.3719139" lon="84.9478809">
      </trkpt>
      <trkpt lat="22.3724232" lon="84.9475999">
      </trkpt>
      <trkpt lat="22.3730602" lon="84.9473244">
      </trkpt>
      <trkpt lat="22.3737902" lon="84.9471056">
      </trkpt>
      <trkpt lat="22.3745152" lon="84.9469149">
      </trkpt>
      <trkpt lat="22.3768674" lon="84.9462703">
      </trkpt>
      <trkpt lat="22.3770395" lon="84.9462236">
      </trkpt>
      <trkpt lat="22.3791448" lon="84.9456482">
      </trkpt>
      <trkpt lat="22.3803617" lon="84.9453145">
      </trkpt>
      <trkpt lat="22.3827688" lon="84.9446332">
      </trkpt>
      <trkpt lat="22.3836433" lon="84.9443713">
      </trkpt>
      <trkpt lat="22.3842365" lon="84.9441781">
      </trkpt>
      <trkpt lat="22.3847097" lon="84.9440038">
      </trkpt>
      <trkpt lat="22.3851682" lon="84.9437946">
      </trkpt>
      <trkpt lat="22.3854042" lon="84.9436739">
      </trkpt>
      <trkpt lat="22.3855951" lon="84.943572">
      </trkpt>
      <trkpt lat="22.3863519" lon="84.9431663">
      </trkpt>
      <trkpt lat="22.3866922" lon="84.9429628">
      </trkpt>
      <trkpt lat="22.3876637" lon="84.9423424">
      </trkpt>
      <trkpt lat="22.3882268" lon="84.9419595">
      </trkpt>
      <trkpt lat="22.389645" lon="84.9410421">
      </trkpt>
      <trkpt lat="22.3898434" lon="84.9408898">
      </trkpt>
      <trkpt lat="22.3900294" lon="84.9407744">
      </trkpt>
      <trkpt lat="22.3902874" lon="84.9406242">
      </trkpt>
      <trkpt lat="22.3909929" lon="84.940122">
      </trkpt>
      <trkpt lat="22.3910142" lon="84.9401069">
      </trkpt>
      <trkpt lat="22.3921359" lon="84.9393342">
      </trkpt>
      <trkpt lat="22.394192" lon="84.9379594">
      </trkpt>
      <trkpt lat="22.3969699" lon="84.9360846">
      </trkpt>
      <trkpt lat="22.3983783" lon="84.9351556">
      </trkpt>
      <trkpt lat="22.3984411" lon="84.9351135">
      </trkpt>
      <trkpt lat="22.3990995" lon="84.9346524">
      </trkpt>
      <trkpt lat="22.4001412" lon="84.9339588">
      </trkpt>
      <trkpt lat="22.400698" lon="84.9335861">
      </trkpt>
      <trkpt lat="22.40107" lon="84.933334">
      </trkpt>
      <trkpt lat="22.4018107" lon="84.9328321">
      </trkpt>
      <trkpt lat="22.4031552" lon="84.9319088">
      </trkpt>
      <trkpt lat="22.4037419" lon="84.9315043">
      </trkpt>
      <trkpt lat="22.4143715" lon="84.9243468">
      </trkpt>
      <trkpt lat="22.4225473" lon="84.9188468">
      </trkpt>
      <trkpt lat="22.4254855" lon="84.9169057">
      </trkpt>
      <trkpt lat="22.4269059" lon="84.9159646">
      </trkpt>
      <trkpt lat="22.4278525" lon="84.9152875">
      </trkpt>
      <trkpt lat="22.4284815" lon="84.9149367">
      </trkpt>
      <trkpt lat="22.4290679" lon="84.9146687">
      </trkpt>
      <trkpt lat="22.4296114" lon="84.9144913">
      </trkpt>
      <trkpt lat="22.4301779" lon="84.9143869">
      </trkpt>
      <trkpt lat="22.4307479" lon="84.9143616">
      </trkpt>
      <trkpt lat="22.4312185" lon="84.9143764">
      </trkpt>
      <trkpt lat="22.4379043" lon="84.9149983">
      </trkpt>
      <trkpt lat="22.4408636" lon="84.9152624">
      </trkpt>
      <trkpt lat="22.4432882" lon="84.9154719">
      </trkpt>
      <trkpt lat="22.4458283" lon="84.9157024">
      </trkpt>
      <trkpt lat="22.4482794" lon="84.9159106">
      </trkpt>
      <trkpt lat="22.4498923" lon="84.9160527">
      </trkpt>
      <trkpt lat="22.4524317" lon="84.9162947">
      </trkpt>
      <trkpt lat="22.4541947" lon="84.9164509">
      </trkpt>
      <trkpt lat="22.4552023" lon="84.9165655">
      </trkpt>
      <trkpt lat="22.4557881" lon="84.9166157">
      </trkpt>
      <trkpt lat="22.4563628" lon="84.9166561">
      </trkpt>
      <trkpt lat="22.4568021" lon="84.9166933">
      </trkpt>
      <trkpt lat="22.4572961" lon="84.9168115">
      </trkpt>
      <trkpt lat="22.4577022" lon="84.9169477">
      </trkpt>
      <trkpt lat="22.4580347" lon="84.9170839">
      </trkpt>
      <trkpt lat="22.458683" lon="84.917382">
      </trkpt>
      <trkpt lat="22.459367" lon="84.9177469">
      </trkpt>
      <trkpt lat="22.4609082" lon="84.9184895">
      </trkpt>
      <trkpt lat="22.4624827" lon="84.9192759">
      </trkpt>
      <trkpt lat="22.4633711" lon="84.9197325">
      </trkpt>
      <trkpt lat="22.4635142" lon="84.9198036">
      </trkpt>
      <trkpt lat="22.4639813" lon="84.9200357">
      </trkpt>
      <trkpt lat="22.4646565" lon="84.9203851">
      </trkpt>
      <trkpt lat="22.4646976" lon="84.9204095">
      </trkpt>
      <trkpt lat="22.4651321" lon="84.920634">
      </trkpt>
      <trkpt lat="22.4655409" lon="84.9209046">
      </trkpt>
      <trkpt lat="22.4662095" lon="84.9214013">
      </trkpt>
      <trkpt lat="22.4669811" lon="84.9220479">
      </trkpt>
      <trkpt lat="22.4678362" lon="84.9228709">
      </trkpt>
      <trkpt lat="22.4699661" lon="84.9247774">
      </trkpt>
      <trkpt lat="22.4718326" lon="84.9264873">
      </trkpt>
      <trkpt lat="22.4733143" lon="84.9278621">
      </trkpt>
      <trkpt lat="22.474853" lon="84.9292574">
      </trkpt>
      <trkpt lat="22.4752804" lon="84.9297174">
      </trkpt>
      <trkpt lat="22.4757601" lon="84.9303367">
      </trkpt>
      <trkpt lat="22.4762777" lon="84.9311462">
      </trkpt>
      <trkpt lat="22.4765025" lon="84.9315829">
      </trkpt>
      <trkpt lat="22.4771973" lon="84.9329106">
      </trkpt>
      <trkpt lat="22.4779081" lon="84.9342803">
      </trkpt>
      <trkpt lat="22.4784644" lon="84.9350273">
      </trkpt>
      <trkpt lat="22.4790406" lon="84.9356971">
      </trkpt>
      <trkpt lat="22.4796037" lon="84.936205">
      </trkpt>
      <trkpt lat="22.4805579" lon="84.9370422">
      </trkpt>
      <trkpt lat="22.4820548" lon="84.9383208">
      </trkpt>
      <trkpt lat="22.4835934" lon="84.9396751">
      </trkpt>
      <trkpt lat="22.4851154" lon="84.9410242">
      </trkpt>
      <trkpt lat="22.4866242" lon="84.9423723">
      </trkpt>
      <trkpt lat="22.4881695" lon="84.9437404">
      </trkpt>
      <trkpt lat="22.4894986" lon="84.9448728">
      </trkpt>
      <trkpt lat="22.4903417" lon="84.9456912">
      </trkpt>
      <trkpt lat="22.4909755" lon="84.9463941">
      </trkpt>
      <trkpt lat="22.4922936" lon="84.9478526">
      </trkpt>
      <trkpt lat="22.4931389" lon="84.9488174">
      </trkpt>
      <trkpt lat="22.4936914" lon="84.9493347">
      </trkpt>
      <trkpt lat="22.4939845" lon="84.9495345">
      </trkpt>
      <trkpt lat="22.4942778" lon="84.9496944">
      </trkpt>
      <trkpt lat="22.4945793" lon="84.9498376">
      </trkpt>
      <trkpt lat="22.4948705" lon="84.9499551">
      </trkpt>
      <trkpt lat="22.4951864" lon="84.9500254">
      </trkpt>
      <trkpt lat="22.4954979" lon="84.9500858">
      </trkpt>
      <trkpt lat="22.4957613" lon="84.9501005">
      </trkpt>
      <trkpt lat="22.4960228" lon="84.9501004">
      </trkpt>
      <trkpt lat="22.4963986" lon="84.9500546">
      </trkpt>
      <trkpt lat="22.49676" lon="84.9500039">
      </trkpt>
      <trkpt lat="22.4982067" lon="84.9495981">
      </trkpt>
      <trkpt lat="22.4989217" lon="84.9494297">
      </trkpt>
      <trkpt lat="22.4996023" lon="84.9492636">
      </trkpt>
      <trkpt lat="22.5002666" lon="84.9490888">
      </trkpt>
      <trkpt lat="22.5017446" lon="84.948723">
      </trkpt>
      <trkpt lat="22.5032164" lon="84.9482734">
      </trkpt>
      <trkpt lat="22.5044248" lon="84.9479547">
      </trkpt>
      <trkpt lat="22.5074497" lon="84.9471409">
      </trkpt>
      <trkpt lat="22.5092532" lon="84.9466706">
      </trkpt>
      <trkpt lat="22.5098111" lon="84.9465883">
      </trkpt>
      <trkpt lat="22.5103274" lon="84.9466025">
      </trkpt>
      <trkpt lat="22.5108509" lon="84.9466975">
      </trkpt>
      <trkpt lat="22.5113316" lon="84.946889">
      </trkpt>
      <trkpt lat="22.5116272" lon="84.9470779">
      </trkpt>
      <trkpt lat="22.5122717" lon="84.9475237">
      </trkpt>
      <trkpt lat="22.5135004" lon="84.9484932">
      </trkpt>
      <trkpt lat="22.5148463" lon="84.9495494">
      </trkpt>
      <trkpt lat="22.5163371" lon="84.9506467">
      </trkpt>
      <trkpt lat="22.5174528" lon="84.9514716">
      </trkpt>
      <trkpt lat="22.5179758" lon="84.9517177">
      </trkpt>
      <trkpt lat="22.518434" lon="84.9518372">
      </trkpt>
      <trkpt lat="22.5187592" lon="84.951877">
      </trkpt>
      <trkpt lat="22.5190607" lon="84.9518847">
      </trkpt>
      <trkpt lat="22.5194286" lon="84.9518449">
      </trkpt>
      <trkpt lat="22.5199473" lon="84.9517126">
      </trkpt>
      <trkpt lat="22.5202404" lon="84.9515648">
      </trkpt>
      <trkpt lat="22.5204066" lon="84.9514697">
      </trkpt>
      <trkpt lat="22.5207662" lon="84.9512153">
      </trkpt>
      <trkpt lat="22.521057" lon="84.9509725">
      </trkpt>
      <trkpt lat="22.5212694" lon="84.9507078">
      </trkpt>
      <trkpt lat="22.521419" lon="84.950474">
      </trkpt>
      <trkpt lat="22.5215412" lon="84.9502787">
      </trkpt>
      <trkpt lat="22.5217288" lon="84.949942">
      </trkpt>
      <trkpt lat="22.5219602" lon="84.9494628">
      </trkpt>
      <trkpt lat="22.5221359" lon="84.9490863">
      </trkpt>
      <trkpt lat="22.5223851" lon="84.9485403">
      </trkpt>
      <trkpt lat="22.5227866" lon="84.9478597">
      </trkpt>
      <trkpt lat="22.5230954" lon="84.9474727">
      </trkpt>
      <trkpt lat="22.5233707" lon="84.9472165">
      </trkpt>
      <trkpt lat="22.5237869" lon="84.9468858">
      </trkpt>
      <trkpt lat="22.5247336" lon="84.9462244">
      </trkpt>
      <trkpt lat="22.5251431" lon="84.9458537">
      </trkpt>
      <trkpt lat="22.5256601" lon="84.945254">
      </trkpt>
      <trkpt lat="22.5259001" lon="84.9448815">
      </trkpt>
      <trkpt lat="22.5261603" lon="84.9444073">
      </trkpt>
      <trkpt lat="22.526511" lon="84.9435387">
      </trkpt>
      <trkpt lat="22.5266923" lon="84.9429445">
      </trkpt>
      <trkpt lat="22.5268064" lon="84.9423649">
      </trkpt>
      <trkpt lat="22.5268451" lon="84.9419597">
      </trkpt>
      <trkpt lat="22.5268501" lon="84.9415091">
      </trkpt>
      <trkpt lat="22.5268014" lon="84.9408713">
      </trkpt>
      <trkpt lat="22.5267611" lon="84.9402789">
      </trkpt>
      <trkpt lat="22.5265178" lon="84.9390742">
      </trkpt>
      <trkpt lat="22.5263633" lon="84.9381493">
      </trkpt>
      <trkpt lat="22.526313" lon="84.9374806">
      </trkpt>
      <trkpt lat="22.5263113" lon="84.9368846">
      </trkpt>
      <trkpt lat="22.5264137" lon="84.9364522">
      </trkpt>
      <trkpt lat="22.5265312" lon="84.9360161">
      </trkpt>
      <trkpt lat="22.5267024" lon="84.9356581">
      </trkpt>
      <trkpt lat="22.5278207" lon="84.9336627">
      </trkpt>
      <trkpt lat="22.5285233" lon="84.932455">
      </trkpt>
      <trkpt lat="22.5292212" lon="84.931589">
      </trkpt>
      <trkpt lat="22.5295464" lon="84.9313448">
      </trkpt>
      <trkpt lat="22.5300614" lon="84.9310699">
      </trkpt>
      <trkpt lat="22.5306596" lon="84.9308797">
      </trkpt>
      <trkpt lat="22.530999" lon="84.930807">
      </trkpt>
      <trkpt lat="22.5315592" lon="84.9308057">
      </trkpt>
      <trkpt lat="22.5323306" lon="84.9309445">
      </trkpt>
      <trkpt lat="22.5330414" lon="84.9311385">
      </trkpt>
      <trkpt lat="22.5335002" lon="84.9312346">
      </trkpt>
      <trkpt lat="22.5339346" lon="84.9312577">
      </trkpt>
      <trkpt lat="22.5343571" lon="84.9312166">
      </trkpt>
      <trkpt lat="22.534509" lon="84.9311857">
      </trkpt>
      <trkpt lat="22.5350715" lon="84.9309827">
      </trkpt>
      <trkpt lat="22.5353919" lon="84.9308131">
      </trkpt>
      <trkpt lat="22.5357788" lon="84.9305202">
      </trkpt>
      <trkpt lat="22.5361965" lon="84.9300833">
      </trkpt>
      <trkpt lat="22.5365265" lon="84.9296645">
      </trkpt>
      <trkpt lat="22.5366523" lon="84.9294306">
      </trkpt>
      <trkpt lat="22.536835" lon="84.9289963">
      </trkpt>
      <trkpt lat="22.5369489" lon="84.9286083">
      </trkpt>
      <trkpt lat="22.5370012" lon="84.928228">
      </trkpt>
      <trkpt lat="22.5370154" lon="84.9277988">
      </trkpt>
      <trkpt lat="22.5369822" lon="84.927416">
      </trkpt>
      <trkpt lat="22.536911" lon="84.9271204">
      </trkpt>
      <trkpt lat="22.5368065" lon="84.9267632">
      </trkpt>
      <trkpt lat="22.5366143" lon="84.9262313">
      </trkpt>
      <trkpt lat="22.5361657" lon="84.9252343">
      </trkpt>
      <trkpt lat="22.5354987" lon="84.9237515">
      </trkpt>
      <trkpt lat="22.5347511" lon="84.9221275">
      </trkpt>
      <trkpt lat="22.5341055" lon="84.9205882">
      </trkpt>
      <trkpt lat="22.533956" lon="84.9202464">
      </trkpt>
      <trkpt lat="22.533842" lon="84.9198224">
      </trkpt>
      <trkpt lat="22.5337803" lon="84.91955">
      </trkpt>
      <trkpt lat="22.5337708" lon="84.9193265">
      </trkpt>
      <trkpt lat="22.5337495" lon="84.9190027">
      </trkpt>
      <trkpt lat="22.5337874" lon="84.9185633">
      </trkpt>
      <trkpt lat="22.5338919" lon="84.9180159">
      </trkpt>
      <trkpt lat="22.5339726" lon="84.9177641">
      </trkpt>
      <trkpt lat="22.5341957" lon="84.9172578">
      </trkpt>
      <trkpt lat="22.534414" lon="84.9169289">
      </trkpt>
      <trkpt lat="22.5346751" lon="84.9166308">
      </trkpt>
      <trkpt lat="22.535062" lon="84.9162762">
      </trkpt>
      <trkpt lat="22.5352329" lon="84.9161426">
      </trkpt>
      <trkpt lat="22.5362962" lon="84.9156518">
      </trkpt>
      <trkpt lat="22.5378153" lon="84.9151224">
      </trkpt>
      <trkpt lat="22.5386437" lon="84.9148763">
      </trkpt>
      <trkpt lat="22.5394271" lon="84.9147251">
      </trkpt>
      <trkpt lat="22.5399416" lon="84.9146764">
      </trkpt>
      <trkpt lat="22.54045" lon="84.9146889">
      </trkpt>
      <trkpt lat="22.5411591" lon="84.9147819">
      </trkpt>
      <trkpt lat="22.5458371" lon="84.9158671">
      </trkpt>
      <trkpt lat="22.5491527" lon="84.9166287">
      </trkpt>
      <trkpt lat="22.5500382" lon="84.9166059">
      </trkpt>
      <trkpt lat="22.5537069" lon="84.9159895">
      </trkpt>
      <trkpt lat="22.5546767" lon="84.9160351">
      </trkpt>
      <trkpt lat="22.5555201" lon="84.9163776">
      </trkpt>
      <trkpt lat="22.5562159" lon="84.9169027">
      </trkpt>
      <trkpt lat="22.5604114" lon="84.9206924">
      </trkpt>
      <trkpt lat="22.5611493" lon="84.9210349">
      </trkpt>
      <trkpt lat="22.5620981" lon="84.921149">
      </trkpt>
      <trkpt lat="22.5630257" lon="84.9209892">
      </trkpt>
      <trkpt lat="22.5638058" lon="84.9205783">
      </trkpt>
      <trkpt lat="22.5647334" lon="84.9196194">
      </trkpt>
      <trkpt lat="22.5650707" lon="84.9187975">
      </trkpt>
      <trkpt lat="22.5652183" lon="84.9178387">
      </trkpt>
      <trkpt lat="22.565134" lon="84.9170168">
      </trkpt>
      <trkpt lat="22.5647756" lon="84.9158753">
      </trkpt>
      <trkpt lat="22.5633209" lon="84.9120855">
      </trkpt>
      <trkpt lat="22.5627938" lon="84.9111266">
      </trkpt>
      <trkpt lat="22.5605379" lon="84.9083642">
      </trkpt>
      <trkpt lat="22.5600319" lon="84.907314">
      </trkpt>
      <trkpt lat="22.5596946" lon="84.9061497">
      </trkpt>
      <trkpt lat="22.5589567" lon="84.902885">
      </trkpt>
      <trkpt lat="22.5589356" lon="84.9011727">
      </trkpt>
      <trkpt lat="22.5592519" lon="84.8988212">
      </trkpt>
      <trkpt lat="22.5592097" lon="84.8975199">
      </trkpt>
      <trkpt lat="22.5588091" lon="84.896173">
      </trkpt>
      <trkpt lat="22.558029" lon="84.8953054">
      </trkpt>
      <trkpt lat="22.5569749" lon="84.8947575">
      </trkpt>
      <trkpt lat="22.5553303" lon="84.8941411">
      </trkpt>
      <trkpt lat="22.5545924" lon="84.8935475">
      </trkpt>
      <trkpt lat="22.5540864" lon="84.8926571">
      </trkpt>
      <trkpt lat="22.5538123" lon="84.8915156">
      </trkpt>
      <trkpt lat="22.5537912" lon="84.8907166">
      </trkpt>
      <trkpt lat="22.5539388" lon="84.8896436">
      </trkpt>
      <trkpt lat="22.5550773" lon="84.8819042">
      </trkpt>
      <trkpt lat="22.5554568" lon="84.8810823">
      </trkpt>
      <trkpt lat="22.5561526" lon="84.8804202">
      </trkpt>
      <trkpt lat="22.5573755" lon="84.8797581">
      </trkpt>
      <trkpt lat="22.5581134" lon="84.879644">
      </trkpt>
      <trkpt lat="22.5591675" lon="84.8798951">
      </trkpt>
      <trkpt lat="22.5600109" lon="84.880443">
      </trkpt>
      <trkpt lat="22.560559" lon="84.8810138">
      </trkpt>
      <trkpt lat="22.5620688" lon="84.8827563">
      </trkpt>
      <trkpt lat="22.5621613" lon="84.882863">
      </trkpt>
      <trkpt lat="22.5628571" lon="84.8833653">
      </trkpt>
      <trkpt lat="22.5637636" lon="84.8835479">
      </trkpt>
      <trkpt lat="22.5645226" lon="84.8835708">
      </trkpt>
      <trkpt lat="22.5655767" lon="84.883274">
      </trkpt>
      <trkpt lat="22.5706152" lon="84.8816987">
      </trkpt>
      <trkpt lat="22.5716693" lon="84.8810366">
      </trkpt>
      <trkpt lat="22.5722596" lon="84.8801919">
      </trkpt>
      <trkpt lat="22.5725758" lon="84.8790276">
      </trkpt>
      <trkpt lat="22.572639" lon="84.8777947">
      </trkpt>
      <trkpt lat="22.5728288" lon="84.8764934">
      </trkpt>
      <trkpt lat="22.573145" lon="84.8756031">
      </trkpt>
      <trkpt lat="22.5736299" lon="84.8747812">
      </trkpt>
      <trkpt lat="22.5745996" lon="84.8738451">
      </trkpt>
      <trkpt lat="22.5758012" lon="84.8733885">
      </trkpt>
      <trkpt lat="22.576813" lon="84.8732744">
      </trkpt>
      <trkpt lat="22.5782254" lon="84.8733657">
      </trkpt>
      <trkpt lat="22.5810291" lon="84.8737538">
      </trkpt>
      <trkpt lat="22.5879282" lon="84.875111">
      </trkpt>
      <trkpt lat="22.5955889" lon="84.876438">
      </trkpt>
      <trkpt lat="22.5966" lon="84.8766244">
      </trkpt>
      <trkpt lat="22.5988615" lon="84.8770414">
      </trkpt>
      <trkpt lat="22.6026397" lon="84.8777683">
      </trkpt>
      <trkpt lat="22.6067014" lon="84.8786459">
      </trkpt>
      <trkpt lat="22.610838" lon="84.8793301">
      </trkpt>
      <trkpt lat="22.6115447" lon="84.8795578">
      </trkpt>
      <trkpt lat="22.6132699" lon="84.8802442">
      </trkpt>
      <trkpt lat="22.6157441" lon="84.8814273">
      </trkpt>
      <trkpt lat="22.6166076" lon="84.8818114">
      </trkpt>
      <trkpt lat="22.6194645" lon="84.8831998">
      </trkpt>
      <trkpt lat="22.6205637" lon="84.8836655">
      </trkpt>
      <trkpt lat="22.6216322" lon="84.8841752">
      </trkpt>
      <trkpt lat="22.6222577" lon="84.8844761">
      </trkpt>
      <trkpt lat="22.6250126" lon="84.8857583">
      </trkpt>
      <trkpt lat="22.6304986" lon="84.8883102">
      </trkpt>
      <trkpt lat="22.6323938" lon="84.8892226">
      </trkpt>
      <trkpt lat="22.6343368" lon="84.8901282">
      </trkpt>
      <trkpt lat="22.6354481" lon="84.8906207">
      </trkpt>
      <trkpt lat="22.6361377" lon="84.8909429">
      </trkpt>
      <trkpt lat="22.6394811" lon="84.8925252">
      </trkpt>
      <trkpt lat="22.6396013" lon="84.8925821">
      </trkpt>
      <trkpt lat="22.6402712" lon="84.8928992">
      </trkpt>
      <trkpt lat="22.6404519" lon="84.8929882">
      </trkpt>
      <trkpt lat="22.6425041" lon="84.8939297">
      </trkpt>
      <trkpt lat="22.6435968" lon="84.8944414">
      </trkpt>
      <trkpt lat="22.6561825" lon="84.8993562">
      </trkpt>
      <trkpt lat="22.6577612" lon="84.8999627">
      </trkpt>
      <trkpt lat="22.6585278" lon="84.9002634">
      </trkpt>
      <trkpt lat="22.6598619" lon="84.9007868">
      </trkpt>
      <trkpt lat="22.6605298" lon="84.9010454">
      </trkpt>
      <trkpt lat="22.660941" lon="84.9012046">
      </trkpt>
      <trkpt lat="22.6620278" lon="84.9016339">
      </trkpt>
      <trkpt lat="22.6645936" lon="84.9026548">
      </trkpt>
      <trkpt lat="22.6650213" lon="84.9028139">
      </trkpt>
      <trkpt lat="22.665467" lon="84.9029516">
      </trkpt>
      <trkpt lat="22.6660291" lon="84.9031108">
      </trkpt>
      <trkpt lat="22.6685575" lon="84.9037794">
      </trkpt>
      <trkpt lat="22.6692886" lon="84.9039771">
      </trkpt>
      <trkpt lat="22.6710136" lon="84.9044439">
      </trkpt>
      <trkpt lat="22.671176" lon="84.9044861">
      </trkpt>
      <trkpt lat="22.6815551" lon="84.9072651">
      </trkpt>
      <trkpt lat="22.6844048" lon="84.9079727">
      </trkpt>
      <trkpt lat="22.6852895" lon="84.9083151">
      </trkpt>
      <trkpt lat="22.6862163" lon="84.9089544">
      </trkpt>
      <trkpt lat="22.6870589" lon="84.9097306">
      </trkpt>
      <trkpt lat="22.6878382" lon="84.9107808">
      </trkpt>
      <trkpt lat="22.6882174" lon="84.9119679">
      </trkpt>
      <trkpt lat="22.6883859" lon="84.9134519">
      </trkpt>
      <trkpt lat="22.6882806" lon="84.9144336">
      </trkpt>
      <trkpt lat="22.6876324" lon="84.9181567">
      </trkpt>
      <trkpt lat="22.6875232" lon="84.9187911">
      </trkpt>
      <trkpt lat="22.6874861" lon="84.9191719">
      </trkpt>
      <trkpt lat="22.6874555" lon="84.9195206">
      </trkpt>
      <trkpt lat="22.6874984" lon="84.9200115">
      </trkpt>
      <trkpt lat="22.6875719" lon="84.9204809">
      </trkpt>
      <trkpt lat="22.6876989" lon="84.9209368">
      </trkpt>
      <trkpt lat="22.6878152" lon="84.921248">
      </trkpt>
      <trkpt lat="22.6879374" lon="84.9215391">
      </trkpt>
      <trkpt lat="22.6882235" lon="84.9219668">
      </trkpt>
      <trkpt lat="22.6886041" lon="84.9224671">
      </trkpt>
      <trkpt lat="22.6889882" lon="84.9228385">
      </trkpt>
      <trkpt lat="22.6890578" lon="84.922897">
      </trkpt>
      <trkpt lat="22.6894002" lon="84.9231538">
      </trkpt>
      <trkpt lat="22.6931851" lon="84.9254751">
      </trkpt>
      <trkpt lat="22.6969711" lon="84.927865">
      </trkpt>
      <trkpt lat="22.7007521" lon="84.9302816">
      </trkpt>
      <trkpt lat="22.7036843" lon="84.9321082">
      </trkpt>
      <trkpt lat="22.704147" lon="84.9323979">
      </trkpt>
      <trkpt lat="22.704506" lon="84.932672">
      </trkpt>
      <trkpt lat="22.705144" lon="84.9331998">
      </trkpt>
      <trkpt lat="22.7091674" lon="84.9368396">
      </trkpt>
      <trkpt lat="22.711367" lon="84.9388379">
      </trkpt>
      <trkpt lat="22.7131506" lon="84.9404249">
      </trkpt>
      <trkpt lat="22.7136235" lon="84.9407744">
      </trkpt>
      <trkpt lat="22.7141787" lon="84.9410427">
      </trkpt>
      <trkpt lat="22.7151759" lon="84.9413959">
      </trkpt>
      <trkpt lat="22.7158935" lon="84.941546">
      </trkpt>
      <trkpt lat="22.7164393" lon="84.9415636">
      </trkpt>
      <trkpt lat="22.7205337" lon="84.9415094">
      </trkpt>
      <trkpt lat="22.7269896" lon="84.9414416">
      </trkpt>
      <trkpt lat="22.7280425" lon="84.9416699">
      </trkpt>
      <trkpt lat="22.7291164" lon="84.9421036">
      </trkpt>
      <trkpt lat="22.7301482" lon="84.9428342">
      </trkpt>
      <trkpt lat="22.7331383" lon="84.9457108">
      </trkpt>
      <trkpt lat="22.7342964" lon="84.9464185">
      </trkpt>
      <trkpt lat="22.7360862" lon="84.9473317">
      </trkpt>
      <trkpt lat="22.7381331" lon="84.9483302">
      </trkpt>
      <trkpt lat="22.7394491" lon="84.9488935">
      </trkpt>
      <trkpt lat="22.7402193" lon="84.9491432">
      </trkpt>
      <trkpt lat="22.7407355" lon="84.9492502">
      </trkpt>
      <trkpt lat="22.7412684" lon="84.949295">
      </trkpt>
      <trkpt lat="22.7420317" lon="84.9492583">
      </trkpt>
      <trkpt lat="22.7427694" lon="84.9491245">
      </trkpt>
      <trkpt lat="22.7432413" lon="84.9489686">
      </trkpt>
      <trkpt lat="22.743694" lon="84.9487486">
      </trkpt>
      <trkpt lat="22.7441888" lon="84.9484517">
      </trkpt>
      <trkpt lat="22.7447502" lon="84.9480191">
      </trkpt>
      <trkpt lat="22.7452648" lon="84.9475306">
      </trkpt>
      <trkpt lat="22.751132" lon="84.9415684">
      </trkpt>
      <trkpt lat="22.7570837" lon="84.9354951">
      </trkpt>
      <trkpt lat="22.7577782" lon="84.9348468">
      </trkpt>
      <trkpt lat="22.7583471" lon="84.9344283">
      </trkpt>
      <trkpt lat="22.758681" lon="84.9342111">
      </trkpt>
      <trkpt lat="22.7592231" lon="84.9339065">
      </trkpt>
      <trkpt lat="22.7600362" lon="84.9335078">
      </trkpt>
      <trkpt lat="22.7609608" lon="84.9330589">
      </trkpt>
      <trkpt lat="22.7676591" lon="84.9298766">
      </trkpt>
      <trkpt lat="22.7763981" lon="84.9257738">
      </trkpt>
      <trkpt lat="22.7771114" lon="84.9254966">
      </trkpt>
      <trkpt lat="22.7775095" lon="84.9253705">
      </trkpt>
      <trkpt lat="22.7778162" lon="84.9252995">
      </trkpt>
      <trkpt lat="22.7781847" lon="84.9252552">
      </trkpt>
      <trkpt lat="22.7784839" lon="84.9252337">
      </trkpt>
      <trkpt lat="22.7789634" lon="84.9252336">
      </trkpt>
      <trkpt lat="22.7865511" lon="84.9264257">
      </trkpt>
      <trkpt lat="22.7868658" lon="84.9264669">
      </trkpt>
      <trkpt lat="22.7893443" lon="84.926854">
      </trkpt>
      <trkpt lat="22.7941352" lon="84.9276455">
      </trkpt>
      <trkpt lat="22.7946518" lon="84.9277378">
      </trkpt>
      <trkpt lat="22.7997575" lon="84.9286195">
      </trkpt>
      <trkpt lat="22.8057135" lon="84.9295289">
      </trkpt>
      <trkpt lat="22.806441" lon="84.9296755">
      </trkpt>
      <trkpt lat="22.8070743" lon="84.9298623">
      </trkpt>
      <trkpt lat="22.8075017" lon="84.9300376">
      </trkpt>
      <trkpt lat="22.8079023" lon="84.9302441">
      </trkpt>
      <trkpt lat="22.8086385" lon="84.9306717">
      </trkpt>
      <trkpt lat="22.8090965" lon="84.9309683">
      </trkpt>
      <trkpt lat="22.8095835" lon="84.931266">
      </trkpt>
      <trkpt lat="22.8101283" lon="84.9315696">
      </trkpt>
      <trkpt lat="22.8106343" lon="84.9317434">
      </trkpt>
      <trkpt lat="22.8111322" lon="84.9318709">
      </trkpt>
      <trkpt lat="22.8114181" lon="84.9319258">
      </trkpt>
      <trkpt lat="22.8117148" lon="84.9319419">
      </trkpt>
      <trkpt lat="22.8122834" lon="84.9319553">
      </trkpt>
      <trkpt lat="22.8133411" lon="84.9319767">
      </trkpt>
      <trkpt lat="22.8154034" lon="84.9319559">
      </trkpt>
      <trkpt lat="22.8171466" lon="84.9319312">
      </trkpt>
      <trkpt lat="22.8187453" lon="84.9319505">
      </trkpt>
      <trkpt lat="22.8192802" lon="84.9320197">
      </trkpt>
      <trkpt lat="22.8197573" lon="84.9321398">
      </trkpt>
      <trkpt lat="22.8201702" lon="84.9322423">
      </trkpt>
      <trkpt lat="22.8205686" lon="84.9323804">
      </trkpt>
      <trkpt lat="22.8212754" lon="84.9326698">
      </trkpt>
      <trkpt lat="22.8225319" lon="84.933405">
      </trkpt>
      <trkpt lat="22.8253463" lon="84.9352816">
      </trkpt>
      <trkpt lat="22.8297968" lon="84.9381325">
      </trkpt>
      <trkpt lat="22.8342279" lon="84.9410269">
      </trkpt>
      <trkpt lat="22.8405154" lon="84.9451303">
      </trkpt>
      <trkpt lat="22.8436843" lon="84.9471849">
      </trkpt>
      <trkpt lat="22.8441787" lon="84.9475336">
      </trkpt>
      <trkpt lat="22.8452885" lon="84.9481934">
      </trkpt>
      <trkpt lat="22.8460894" lon="84.9485823">
      </trkpt>
      <trkpt lat="22.8465664" lon="84.9487728">
      </trkpt>
      <trkpt lat="22.847025" lon="84.9489122">
      </trkpt>
      <trkpt lat="22.8477455" lon="84.9490571">
      </trkpt>
      <trkpt lat="22.8484005" lon="84.9491349">
      </trkpt>
      <trkpt lat="22.8490983" lon="84.949155">
      </trkpt>
      <trkpt lat="22.8596935" lon="84.9493457">
      </trkpt>
      <trkpt lat="22.8663294" lon="84.9495426">
      </trkpt>
      <trkpt lat="22.8696435" lon="84.9496579">
      </trkpt>
      <trkpt lat="22.8729446" lon="84.9498402">
      </trkpt>
      <trkpt lat="22.8802181" lon="84.9501353">
      </trkpt>
      <trkpt lat="22.8822098" lon="84.9502373">
      </trkpt>
      <trkpt lat="22.8830723" lon="84.950248">
      </trkpt>
      <trkpt lat="22.8839199" lon="84.9502185">
      </trkpt>
      <trkpt lat="22.8876368" lon="84.9500281">
      </trkpt>
      <trkpt lat="22.8884098" lon="84.9499959">
      </trkpt>
      <trkpt lat="22.8891783" lon="84.9500334">
      </trkpt>
      <trkpt lat="22.8899122" lon="84.9501595">
      </trkpt>
      <trkpt lat="22.890606" lon="84.950296">
      </trkpt>
      <trkpt lat="22.8968234" lon="84.9512592">
      </trkpt>
      <trkpt lat="22.8999317" lon="84.951801">
      </trkpt>
      <trkpt lat="22.902987" lon="84.9523148">
      </trkpt>
      <trkpt lat="22.9050681" lon="84.9526809">
      </trkpt>
      <trkpt lat="22.9057333" lon="84.952734">
      </trkpt>
      <trkpt lat="22.9062985" lon="84.952744">
      </trkpt>
      <trkpt lat="22.9067173" lon="84.9527144">
      </trkpt>
      <trkpt lat="22.9081905" lon="84.9525141">
      </trkpt>
      <trkpt lat="22.9120233" lon="84.952037">
      </trkpt>
      <trkpt lat="22.9158967" lon="84.9515536">
      </trkpt>
      <trkpt lat="22.9162581" lon="84.9514942">
      </trkpt>
      <trkpt lat="22.9176988" lon="84.9512574">
      </trkpt>
      <trkpt lat="22.9185616" lon="84.951117">
      </trkpt>
      <trkpt lat="22.9194167" lon="84.9510019">
      </trkpt>
      <trkpt lat="22.9234915" lon="84.9505858">
      </trkpt>
      <trkpt lat="22.9243733" lon="84.9504549">
      </trkpt>
      <trkpt lat="22.9245517" lon="84.9504284">
      </trkpt>
      <trkpt lat="22.9419883" lon="84.9482444">
      </trkpt>
      <trkpt lat="22.9594666" lon="84.9459954">
      </trkpt>
      <trkpt lat="22.9604481" lon="84.9459565">
      </trkpt>
      <trkpt lat="22.9613682" lon="84.9460304">
      </trkpt>
      <trkpt lat="22.9621819" lon="84.9462086">
      </trkpt>
      <trkpt lat="22.9630896" lon="84.9465022">
      </trkpt>
      <trkpt lat="22.9652827" lon="84.9474899">
      </trkpt>
      <trkpt lat="22.9669125" lon="84.9482186">
      </trkpt>
      <trkpt lat="22.979494" lon="84.9537902">
      </trkpt>
      <trkpt lat="22.9846412" lon="84.95638">
      </trkpt>
      <trkpt lat="22.9867481" lon="84.9574057">
      </trkpt>
      <trkpt lat="22.9873459" lon="84.9577872">
      </trkpt>
      <trkpt lat="22.9884967" lon="84.9588387">
      </trkpt>
      <trkpt lat="22.9934645" lon="84.9636252">
      </trkpt>
      <trkpt lat="22.9974142" lon="84.9675748">
      </trkpt>
      <trkpt lat="22.9981168" lon="84.9684203">
      </trkpt>
      <trkpt lat="22.9986157" lon="84.9692039">
      </trkpt>
      <trkpt lat="22.998961" lon="84.9698687">
      </trkpt>
      <trkpt lat="23.0007525" lon="84.9730573">
      </trkpt>
      <trkpt lat="23.0111205" lon="84.9917682">
      </trkpt>
      <trkpt lat="23.0163142" lon="85.0010664">
      </trkpt>
      <trkpt lat="23.0167473" lon="85.0017084">
      </trkpt>
      <trkpt lat="23.0174237" lon="85.0025749">
      </trkpt>
      <trkpt lat="23.0183002" lon="85.0034661">
      </trkpt>
      <trkpt lat="23.0259482" lon="85.0105755">
      </trkpt>
      <trkpt lat="23.0283592" lon="85.0128127">
      </trkpt>
      <trkpt lat="23.033108" lon="85.0173357">
      </trkpt>
      <trkpt lat="23.0395202" lon="85.0233774">
      </trkpt>
      <trkpt lat="23.0443448" lon="85.0279323">
      </trkpt>
      <trkpt lat="23.0493742" lon="85.0327155">
      </trkpt>
      <trkpt lat="23.0517779" lon="85.0349924">
      </trkpt>
      <trkpt lat="23.0536774" lon="85.0367515">
      </trkpt>
      <trkpt lat="23.0552647" lon="85.0382631">
      </trkpt>
      <trkpt lat="23.0568384" lon="85.0397337">
      </trkpt>
      <trkpt lat="23.0596625" lon="85.0424203">
      </trkpt>
      <trkpt lat="23.062506" lon="85.0450716">
      </trkpt>
      <trkpt lat="23.0631137" lon="85.0456272">
      </trkpt>
      <trkpt lat="23.0659593" lon="85.0483509">
      </trkpt>
      <trkpt lat="23.0662813" lon="85.0486697">
      </trkpt>
      <trkpt lat="23.0665638" lon="85.0490206">
      </trkpt>
      <trkpt lat="23.0669155" lon="85.0494622">
      </trkpt>
      <trkpt lat="23.0672448" lon="85.0499454">
      </trkpt>
      <trkpt lat="23.0676126" lon="85.0505536">
      </trkpt>
      <trkpt lat="23.0681193" lon="85.0516814">
      </trkpt>
      <trkpt lat="23.0695804" lon="85.0552786">
      </trkpt>
      <trkpt lat="23.0715224" lon="85.0600195">
      </trkpt>
      <trkpt lat="23.0742926" lon="85.0668207">
      </trkpt>
      <trkpt lat="23.0759151" lon="85.0708499">
      </trkpt>
      <trkpt lat="23.0762599" lon="85.0715429">
      </trkpt>
      <trkpt lat="23.0766542" lon="85.072292">
      </trkpt>
      <trkpt lat="23.0775825" lon="85.073753">
      </trkpt>
      <trkpt lat="23.0793801" lon="85.0764812">
      </trkpt>
      <trkpt lat="23.0814956" lon="85.0797048">
      </trkpt>
      <trkpt lat="23.0828264" lon="85.0817669">
      </trkpt>
      <trkpt lat="23.0840534" lon="85.0836551">
      </trkpt>
      <trkpt lat="23.0877213" lon="85.0892897">
      </trkpt>
      <trkpt lat="23.089485" lon="85.0919845">
      </trkpt>
      <trkpt lat="23.0900413" lon="85.0929564">
      </trkpt>
      <trkpt lat="23.0903887" lon="85.0937791">
      </trkpt>
      <trkpt lat="23.0906648" lon="85.0946997">
      </trkpt>
      <trkpt lat="23.0913503" lon="85.0976164">
      </trkpt>
      <trkpt lat="23.0923087" lon="85.1017402">
      </trkpt>
      <trkpt lat="23.0929756" lon="85.1045423">
      </trkpt>
      <trkpt lat="23.0939868" lon="85.1089393">
      </trkpt>
      <trkpt lat="23.0947823" lon="85.1123504">
      </trkpt>
      <trkpt lat="23.095346" lon="85.1147677">
      </trkpt>
      <trkpt lat="23.0958203" lon="85.1168154">
      </trkpt>
      <trkpt lat="23.0959612" lon="85.1172677">
      </trkpt>
      <trkpt lat="23.0961873" lon="85.1179095">
      </trkpt>
      <trkpt lat="23.0964651" lon="85.1184743">
      </trkpt>
      <trkpt lat="23.0967931" lon="85.118974">
      </trkpt>
      <trkpt lat="23.0972137" lon="85.1194564">
      </trkpt>
      <trkpt lat="23.0974894" lon="85.1197475">
      </trkpt>
      <trkpt lat="23.0977916" lon="85.1200271">
      </trkpt>
      <trkpt lat="23.0980938" lon="85.1202518">
      </trkpt>
      <trkpt lat="23.098424" lon="85.120469">
      </trkpt>
      <trkpt lat="23.1013351" lon="85.1221604">
      </trkpt>
      <trkpt lat="23.1039437" lon="85.123693">
      </trkpt>
      <trkpt lat="23.1083777" lon="85.1263409">
      </trkpt>
      <trkpt lat="23.1121051" lon="85.1285447">
      </trkpt>
      <trkpt lat="23.1153698" lon="85.13048">
      </trkpt>
      <trkpt lat="23.1158663" lon="85.1307338">
      </trkpt>
      <trkpt lat="23.1163602" lon="85.1309559">
      </trkpt>
      <trkpt lat="23.1167494" lon="85.1311254">
      </trkpt>
      <trkpt lat="23.1171638" lon="85.1312435">
      </trkpt>
      <trkpt lat="23.1179133" lon="85.1314758">
      </trkpt>
      <trkpt lat="23.1182682" lon="85.1315899">
      </trkpt>
      <trkpt lat="23.1192014" lon="85.1318899">
      </trkpt>
      <trkpt lat="23.121571" lon="85.1326575">
      </trkpt>
      <trkpt lat="23.1223353" lon="85.1329198">
      </trkpt>
      <trkpt lat="23.1243224" lon="85.1335314">
      </trkpt>
      <trkpt lat="23.1258123" lon="85.1340196">
      </trkpt>
      <trkpt lat="23.1272167" lon="85.1345014">
      </trkpt>
      <trkpt lat="23.1281398" lon="85.1347974">
      </trkpt>
      <trkpt lat="23.128533" lon="85.1349235">
      </trkpt>
      <trkpt lat="23.1293445" lon="85.1352024">
      </trkpt>
      <trkpt lat="23.1301614" lon="85.1354459">
      </trkpt>
      <trkpt lat="23.1339131" lon="85.1366399">
      </trkpt>
      <trkpt lat="23.1347631" lon="85.1370077">
      </trkpt>
      <trkpt lat="23.1356006" lon="85.1375334">
      </trkpt>
      <trkpt lat="23.1362295" lon="85.1380138">
      </trkpt>
      <trkpt lat="23.1367673" lon="85.1384878">
      </trkpt>
      <trkpt lat="23.1386079" lon="85.1401633">
      </trkpt>
      <trkpt lat="23.1423232" lon="85.1436224">
      </trkpt>
      <trkpt lat="23.1480126" lon="85.1488351">
      </trkpt>
      <trkpt lat="23.1505781" lon="85.1512273">
      </trkpt>
      <trkpt lat="23.1568395" lon="85.1570302">
      </trkpt>
      <trkpt lat="23.1630908" lon="85.1627541">
      </trkpt>
      <trkpt lat="23.1632602" lon="85.1629147">
      </trkpt>
      <trkpt lat="23.1700879" lon="85.1692983">
      </trkpt>
      <trkpt lat="23.1731625" lon="85.1720571">
      </trkpt>
      <trkpt lat="23.1771629" lon="85.1757212">
      </trkpt>
      <trkpt lat="23.1797773" lon="85.1781928">
      </trkpt>
      <trkpt lat="23.1811666" lon="85.1794714">
      </trkpt>
      <trkpt lat="23.181809" lon="85.1800221">
      </trkpt>
      <trkpt lat="23.1825722" lon="85.1806037">
      </trkpt>
      <trkpt lat="23.1833353" lon="85.1810387">
      </trkpt>
      <trkpt lat="23.1841341" lon="85.1814142">
      </trkpt>
      <trkpt lat="23.1844364" lon="85.1815509">
      </trkpt>
      <trkpt lat="23.1845026" lon="85.1815808">
      </trkpt>
      <trkpt lat="23.1858597" lon="85.1821944">
      </trkpt>
      <trkpt lat="23.1930956" lon="85.1856486">
      </trkpt>
      <trkpt lat="23.1983195" lon="85.1881425">
      </trkpt>
      <trkpt lat="23.198528" lon="85.188242">
      </trkpt>
      <trkpt lat="23.2182784" lon="85.1976429">
      </trkpt>
      <trkpt lat="23.2186211" lon="85.1977958">
      </trkpt>
      <trkpt lat="23.2192106" lon="85.1980717">
      </trkpt>
      <trkpt lat="23.2238002" lon="85.2002404">
      </trkpt>
      <trkpt lat="23.2258053" lon="85.2012105">
      </trkpt>
      <trkpt lat="23.2262178" lon="85.2014275">
      </trkpt>
      <trkpt lat="23.2268131" lon="85.2017614">
      </trkpt>
      <trkpt lat="23.2271063" lon="85.2019391">
      </trkpt>
      <trkpt lat="23.227465" lon="85.2021932">
      </trkpt>
      <trkpt lat="23.2279148" lon="85.202566">
      </trkpt>
      <trkpt lat="23.2283438" lon="85.2029644">
      </trkpt>
      <trkpt lat="23.2287948" lon="85.2034552">
      </trkpt>
      <trkpt lat="23.2292313" lon="85.2040137">
      </trkpt>
      <trkpt lat="23.2297339" lon="85.2047313">
      </trkpt>
      <trkpt lat="23.2304523" lon="85.205825">
      </trkpt>
      <trkpt lat="23.2341285" lon="85.2112937">
      </trkpt>
      <trkpt lat="23.2433979" lon="85.2251435">
      </trkpt>
      <trkpt lat="23.2436895" lon="85.225603">
      </trkpt>
      <trkpt lat="23.244099" lon="85.2262702">
      </trkpt>
      <trkpt lat="23.2444601" lon="85.2268812">
      </trkpt>
      <trkpt lat="23.2447983" lon="85.2274854">
      </trkpt>
      <trkpt lat="23.2502476" lon="85.2376416">
      </trkpt>
      <trkpt lat="23.255462" lon="85.2473568">
      </trkpt>
      <trkpt lat="23.2558405" lon="85.2480241">
      </trkpt>
      <trkpt lat="23.2562284" lon="85.2486387">
      </trkpt>
      <trkpt lat="23.256639" lon="85.2492472">
      </trkpt>
      <trkpt lat="23.2570173" lon="85.2497408">
      </trkpt>
      <trkpt lat="23.2642913" lon="85.2585521">
      </trkpt>
      <trkpt lat="23.2646476" lon="85.2590481">
      </trkpt>
      <trkpt lat="23.26493" lon="85.2594792">
      </trkpt>
      <trkpt lat="23.2651984" lon="85.2599529">
      </trkpt>
      <trkpt lat="23.2654078" lon="85.2603785">
      </trkpt>
      <trkpt lat="23.2655807" lon="85.2607886">
      </trkpt>
      <trkpt lat="23.2657269" lon="85.2612045">
      </trkpt>
      <trkpt lat="23.2658993" lon="85.2617662">
      </trkpt>
      <trkpt lat="23.2660256" lon="85.2623164">
      </trkpt>
      <trkpt lat="23.2661113" lon="85.2627951">
      </trkpt>
      <trkpt lat="23.2664821" lon="85.2654773">
      </trkpt>
      <trkpt lat="23.2666842" lon="85.2668895">
      </trkpt>
      <trkpt lat="23.2668149" lon="85.2676259">
      </trkpt>
      <trkpt lat="23.267246" lon="85.2707988">
      </trkpt>
      <trkpt lat="23.2676986" lon="85.273973">
      </trkpt>
      <trkpt lat="23.2679795" lon="85.2760348">
      </trkpt>
      <trkpt lat="23.2680756" lon="85.2767274">
      </trkpt>
      <trkpt lat="23.2686616" lon="85.2809536">
      </trkpt>
      <trkpt lat="23.2692878" lon="85.2853726">
      </trkpt>
      <trkpt lat="23.2693478" lon="85.2857964">
      </trkpt>
      <trkpt lat="23.2699447" lon="85.2900384">
      </trkpt>
      <trkpt lat="23.2706989" lon="85.2955929">
      </trkpt>
      <trkpt lat="23.2709276" lon="85.2967002">
      </trkpt>
      <trkpt lat="23.2712272" lon="85.2976271">
      </trkpt>
      <trkpt lat="23.2716057" lon="85.2985369">
      </trkpt>
      <trkpt lat="23.2719762" lon="85.2992236">
      </trkpt>
      <trkpt lat="23.2725676" lon="85.3000905">
      </trkpt>
      <trkpt lat="23.2731668" lon="85.3007514">
      </trkpt>
      <trkpt lat="23.2737976" lon="85.3013093">
      </trkpt>
      <trkpt lat="23.2745861" lon="85.3018586">
      </trkpt>
      <trkpt lat="23.2755559" lon="85.3023993">
      </trkpt>
      <trkpt lat="23.2765099" lon="85.3027341">
      </trkpt>
      <trkpt lat="23.2773141" lon="85.3029143">
      </trkpt>
      <trkpt lat="23.2781972" lon="85.3030259">
      </trkpt>
      <trkpt lat="23.2791512" lon="85.303043">
      </trkpt>
      <trkpt lat="23.2808532" lon="85.3030945">
      </trkpt>
      <trkpt lat="23.281373" lon="85.3031154">
      </trkpt>
      <trkpt lat="23.283933" lon="85.303123">
      </trkpt>
      <trkpt lat="23.2851613" lon="85.3031373">
      </trkpt>
      <trkpt lat="23.2864841" lon="85.3032407">
      </trkpt>
      <trkpt lat="23.28717" lon="85.3033265">
      </trkpt>
      <trkpt lat="23.2878086" lon="85.3034982">
      </trkpt>
      <trkpt lat="23.2883605" lon="85.3037385">
      </trkpt>
      <trkpt lat="23.2889518" lon="85.3040389">
      </trkpt>
      <trkpt lat="23.2915228" lon="85.3057556">
      </trkpt>
      <trkpt lat="23.2928305" lon="85.3066653">
      </trkpt>
      <trkpt lat="23.2952665" lon="85.3083476">
      </trkpt>
      <trkpt lat="23.2961012" lon="85.3087961">
      </trkpt>
      <trkpt lat="23.2966268" lon="85.3090484">
      </trkpt>
      <trkpt lat="23.2969126" lon="85.3091745">
      </trkpt>
      <trkpt lat="23.2971851" lon="85.3092767">
      </trkpt>
      <trkpt lat="23.2976627" lon="85.3094575">
      </trkpt>
      <trkpt lat="23.2981453" lon="85.3096072">
      </trkpt>
      <trkpt lat="23.2985767" lon="85.3097056">
      </trkpt>
      <trkpt lat="23.2990026" lon="85.3097877">
      </trkpt>
      <trkpt lat="23.2994327" lon="85.3098665">
      </trkpt>
      <trkpt lat="23.2998735" lon="85.3099197">
      </trkpt>
      <trkpt lat="23.3003147" lon="85.3099389">
      </trkpt>
      <trkpt lat="23.3007751" lon="85.3099374">
      </trkpt>
      <trkpt lat="23.3012532" lon="85.3099228">
      </trkpt>
      <trkpt lat="23.3017666" lon="85.3098797">
      </trkpt>
      <trkpt lat="23.3023926" lon="85.3097955">
      </trkpt>
      <trkpt lat="23.3027412" lon="85.3097424">
      </trkpt>
      <trkpt lat="23.3040221" lon="85.3094226">
      </trkpt>
      <trkpt lat="23.304207" lon="85.309373">
      </trkpt>
      <trkpt lat="23.3049644" lon="85.3092483">
      </trkpt>
      <trkpt lat="23.3053747" lon="85.3091193">
      </trkpt>
      <trkpt lat="23.305934" lon="85.3090022">
      </trkpt>
      <trkpt lat="23.309385" lon="85.3083634">
      </trkpt>
      <trkpt lat="23.3121892" lon="85.3079">
      </trkpt>
      <trkpt lat="23.3130985" lon="85.3077855">
      </trkpt>
      <trkpt lat="23.314666" lon="85.3075935">
      </trkpt>
      <trkpt lat="23.3148865" lon="85.3075665">
      </trkpt>
      <trkpt lat="23.3156202" lon="85.3074886">
      </trkpt>
      <trkpt lat="23.3163791" lon="85.3073627">
      </trkpt>
      <trkpt lat="23.3169018" lon="85.3072748">
      </trkpt>
      <trkpt lat="23.3171928" lon="85.307223">
      </trkpt>
      <trkpt lat="23.3179013" lon="85.3070992">
      </trkpt>
      <trkpt lat="23.3210623" lon="85.3065928">
      </trkpt>
      <trkpt lat="23.3212785" lon="85.3065572">
      </trkpt>
      <trkpt lat="23.3221653" lon="85.306411">
      </trkpt>
      <trkpt lat="23.323151" lon="85.3062352">
      </trkpt>
      <trkpt lat="23.3240826" lon="85.306048">
      </trkpt>
      <trkpt lat="23.3247883" lon="85.3059286">
      </trkpt>
      <trkpt lat="23.3262144" lon="85.3057059">
      </trkpt>
      <trkpt lat="23.3277217" lon="85.3054511">
      </trkpt>
      <trkpt lat="23.3291453" lon="85.3052017">
      </trkpt>
      <trkpt lat="23.3306748" lon="85.3049495">
      </trkpt>
      <trkpt lat="23.3325244" lon="85.3046384">
      </trkpt>
      <trkpt lat="23.333182" lon="85.304515">
      </trkpt>
      <trkpt lat="23.3351252" lon="85.3041771">
      </trkpt>
      <trkpt lat="23.3374008" lon="85.3037935">
      </trkpt>
      <trkpt lat="23.3379771" lon="85.3037023">
      </trkpt>
      <trkpt lat="23.3383933" lon="85.3036648">
      </trkpt>
      <trkpt lat="23.3387602" lon="85.3036594">
      </trkpt>
      <trkpt lat="23.339142" lon="85.3036916">
      </trkpt>
      <trkpt lat="23.3398143" lon="85.3038042">
      </trkpt>
      <trkpt lat="23.3402526" lon="85.3039464">
      </trkpt>
      <trkpt lat="23.3406836" lon="85.3041342">
      </trkpt>
      <trkpt lat="23.3412372" lon="85.3044198">
      </trkpt>
      <trkpt lat="23.3417253" lon="85.3047779">
      </trkpt>
      <trkpt lat="23.3421169" lon="85.3051293">
      </trkpt>
      <trkpt lat="23.3423494" lon="85.3053644">
      </trkpt>
      <trkpt lat="23.3427287" lon="85.3058204">
      </trkpt>
      <trkpt lat="23.3429577" lon="85.3061584">
      </trkpt>
      <trkpt lat="23.3432237" lon="85.3066036">
      </trkpt>
      <trkpt lat="23.3434576" lon="85.3070623">
      </trkpt>
      <trkpt lat="23.3445803" lon="85.3094709">
      </trkpt>
      <trkpt lat="23.3466336" lon="85.3138757">
      </trkpt>
      <trkpt lat="23.3476219" lon="85.3159833">
      </trkpt>
      <trkpt lat="23.3478657" lon="85.3165331">
      </trkpt>
      <trkpt lat="23.3480726" lon="85.3170991">
      </trkpt>
      <trkpt lat="23.3482351" lon="85.3177321">
      </trkpt>
      <trkpt lat="23.3483385" lon="85.3183383">
      </trkpt>
      <trkpt lat="23.348405" lon="85.3189337">
      </trkpt>
      <trkpt lat="23.3487291" lon="85.3241585">
      </trkpt>
      <trkpt lat="23.3487463" lon="85.3245333">
      </trkpt>
      <trkpt lat="23.348831" lon="85.3257264">
      </trkpt>
      <trkpt lat="23.3489566" lon="85.3280023">
      </trkpt>
      <trkpt lat="23.3489876" lon="85.3284872">
      </trkpt>
      <trkpt lat="23.3489945" lon="85.3287252">
      </trkpt>
      <trkpt lat="23.3489976" lon="85.3288284">
      </trkpt>
      <trkpt lat="23.3492518" lon="85.3361194">
      </trkpt>
      <trkpt lat="23.349346" lon="85.3390745">
      </trkpt>
      <trkpt lat="23.3494126" lon="85.34009">
      </trkpt>
      <trkpt lat="23.3494607" lon="85.3411189">
      </trkpt>
      <trkpt lat="23.349492" lon="85.3419397">
      </trkpt>
      <trkpt lat="23.349535" lon="85.3431739">
      </trkpt>
      <trkpt lat="23.3495498" lon="85.3440599">
      </trkpt>
      <trkpt lat="23.3495524" lon="85.3444177">
      </trkpt>
      <trkpt lat="23.3494613" lon="85.346096">
      </trkpt>
      <trkpt lat="23.34936" lon="85.3481422">
      </trkpt>
      <trkpt lat="23.3492799" lon="85.3491995">
      </trkpt>
      <trkpt lat="23.3492588" lon="85.3502022">
      </trkpt>
      <trkpt lat="23.3492882" lon="85.351235">
      </trkpt>
      <trkpt lat="23.3493559" lon="85.3522077">
      </trkpt>
      <trkpt lat="23.3494398" lon="85.3529097">
      </trkpt>
      <trkpt lat="23.3500585" lon="85.3568122">
      </trkpt>
      <trkpt lat="23.350724" lon="85.3608435">
      </trkpt>
      <trkpt lat="23.3509133" lon="85.3620546">
      </trkpt>
      <trkpt lat="23.351003" lon="85.3628924">
      </trkpt>
      <trkpt lat="23.3510744" lon="85.3637304">
      </trkpt>
      <trkpt lat="23.3511876" lon="85.3664543">
      </trkpt>
      <trkpt lat="23.3512099" lon="85.3669925">
      </trkpt>
      <trkpt lat="23.3512978" lon="85.3688612">
      </trkpt>
      <trkpt lat="23.3513367" lon="85.3696893">
      </trkpt>
      <trkpt lat="23.3513568" lon="85.3702651">
      </trkpt>
      <trkpt lat="23.3513945" lon="85.3713744">
      </trkpt>
      <trkpt lat="23.3513789" lon="85.3718614">
      </trkpt>
      <trkpt lat="23.3513748" lon="85.3726986">
      </trkpt>
      <trkpt lat="23.3515259" lon="85.3760268">
      </trkpt>
      <trkpt lat="23.3516177" lon="85.3784992">
      </trkpt>
      <trkpt lat="23.3517137" lon="85.3806042">
      </trkpt>
      <trkpt lat="23.3517428" lon="85.3811504">
      </trkpt>
      <trkpt lat="23.3517897" lon="85.3818242">
      </trkpt>
      <trkpt lat="23.3518826" lon="85.3828001">
      </trkpt>
      <trkpt lat="23.352" lon="85.3837074">
      </trkpt>
      <trkpt lat="23.352148" lon="85.3846188">
      </trkpt>
      <trkpt lat="23.3522737" lon="85.3853479">
      </trkpt>
      <trkpt lat="23.3524532" lon="85.3867497">
      </trkpt>
      <trkpt lat="23.3525059" lon="85.3872091">
      </trkpt>
      <trkpt lat="23.3530651" lon="85.3919403">
      </trkpt>
      <trkpt lat="23.3531995" lon="85.3928661">
      </trkpt>
      <trkpt lat="23.3533798" lon="85.3938275">
      </trkpt>
      <trkpt lat="23.3535862" lon="85.3948376">
      </trkpt>
      <trkpt lat="23.353827" lon="85.3958617">
      </trkpt>
      <trkpt lat="23.3542417" lon="85.3974292">
      </trkpt>
      <trkpt lat="23.3544075" lon="85.3979417">
      </trkpt>
      <trkpt lat="23.3548213" lon="85.3991651">
      </trkpt>
      <trkpt lat="23.355404" lon="85.4007025">
      </trkpt>
      <trkpt lat="23.357411" lon="85.405492">
      </trkpt>
      <trkpt lat="23.3580821" lon="85.4071321">
      </trkpt>
      <trkpt lat="23.3601253" lon="85.4120669">
      </trkpt>
      <trkpt lat="23.3614201" lon="85.4151645">
      </trkpt>
      <trkpt lat="23.3614486" lon="85.4152317">
      </trkpt>
      <trkpt lat="23.3617746" lon="85.4160458">
      </trkpt>
      <trkpt lat="23.3633102" lon="85.4197382">
      </trkpt>
      <trkpt lat="23.3645265" lon="85.4226628">
      </trkpt>
      <trkpt lat="23.367262" lon="85.4292602">
      </trkpt>
      <trkpt lat="23.3674726" lon="85.4297746">
      </trkpt>
      <trkpt lat="23.3681435" lon="85.4313671">
      </trkpt>
      <trkpt lat="23.3682346" lon="85.4315945">
      </trkpt>
      <trkpt lat="23.3684882" lon="85.4321364">
      </trkpt>
      <trkpt lat="23.3687959" lon="85.4328203">
      </trkpt>
      <trkpt lat="23.3692465" lon="85.4340729">
      </trkpt>
      <trkpt lat="23.3694965" lon="85.4346777">
      </trkpt>
      <trkpt lat="23.3702204" lon="85.4363876">
      </trkpt>
      <trkpt lat="23.3712113" lon="85.4388057">
      </trkpt>
      <trkpt lat="23.3715087" lon="85.4395372">
      </trkpt>
      <trkpt lat="23.371582" lon="85.4397176">
      </trkpt>
      <trkpt lat="23.3720681" lon="85.440855">
      </trkpt>
      <trkpt lat="23.373633" lon="85.4446522">
      </trkpt>
      <trkpt lat="23.3742792" lon="85.4461952">
      </trkpt>
      <trkpt lat="23.3744663" lon="85.4466672">
      </trkpt>
      <trkpt lat="23.3746091" lon="85.4471536">
      </trkpt>
      <trkpt lat="23.3747647" lon="85.4479802">
      </trkpt>
      <trkpt lat="23.3747815" lon="85.4488804">
      </trkpt>
      <trkpt lat="23.3746805" lon="85.4496142">
      </trkpt>
      <trkpt lat="23.3744756" lon="85.4504811">
      </trkpt>
      <trkpt lat="23.3742156" lon="85.451245">
      </trkpt>
      <trkpt lat="23.371332" lon="85.4591929">
      </trkpt>
      <trkpt lat="23.3687073" lon="85.4665089">
      </trkpt>
      <trkpt lat="23.3682469" lon="85.4677212">
      </trkpt>
      <trkpt lat="23.3680327" lon="85.4683435">
      </trkpt>
      <trkpt lat="23.3678564" lon="85.4689476">
      </trkpt>
      <trkpt lat="23.3676693" lon="85.4697195">
      </trkpt>
      <trkpt lat="23.3675846" lon="85.4699957">
      </trkpt>
      <trkpt lat="23.3674664" lon="85.4702961">
      </trkpt>
      <trkpt lat="23.3672371" lon="85.4706859">
      </trkpt>
      <trkpt lat="23.3670374" lon="85.4709471">
      </trkpt>
      <trkpt lat="23.3667253" lon="85.471342">
      </trkpt>
      <trkpt lat="23.3651888" lon="85.4734021">
      </trkpt>
      <trkpt lat="23.3638481" lon="85.4753586">
      </trkpt>
      <trkpt lat="23.3637067" lon="85.4756161">
      </trkpt>
      <trkpt lat="23.363216" lon="85.4766049">
      </trkpt>
      <trkpt lat="23.3626404" lon="85.4782033">
      </trkpt>
      <trkpt lat="23.3624828" lon="85.4787639">
      </trkpt>
      <trkpt lat="23.3623843" lon="85.4793969">
      </trkpt>
      <trkpt lat="23.3622783" lon="85.4799421">
      </trkpt>
      <trkpt lat="23.3621774" lon="85.4803491">
      </trkpt>
      <trkpt lat="23.361992" lon="85.4807825">
      </trkpt>
      <trkpt lat="23.3616382" lon="85.4814085">
      </trkpt>
      <trkpt lat="23.3613637" lon="85.4819523">
      </trkpt>
      <trkpt lat="23.3612171" lon="85.4823527">
      </trkpt>
      <trkpt lat="23.3611433" lon="85.4826611">
      </trkpt>
      <trkpt lat="23.3610957" lon="85.4830075">
      </trkpt>
      <trkpt lat="23.3611113" lon="85.4836267">
      </trkpt>
      <trkpt lat="23.3611499" lon="85.4856786">
      </trkpt>
      <trkpt lat="23.3611704" lon="85.4863894">
      </trkpt>
      <trkpt lat="23.361209" lon="85.4871249">
      </trkpt>
      <trkpt lat="23.3612812" lon="85.4876178">
      </trkpt>
      <trkpt lat="23.3613518" lon="85.4880402">
      </trkpt>
      <trkpt lat="23.3614363" lon="85.4884467">
      </trkpt>
      <trkpt lat="23.3614508" lon="85.4888481">
      </trkpt>
      <trkpt lat="23.3614215" lon="85.4892701">
      </trkpt>
      <trkpt lat="23.3613644" lon="85.4895783">
      </trkpt>
      <trkpt lat="23.3611679" lon="85.4903161">
      </trkpt>
      <trkpt lat="23.3609438" lon="85.4911557">
      </trkpt>
      <trkpt lat="23.3606286" lon="85.4925987">
      </trkpt>
      <trkpt lat="23.3603184" lon="85.4939827">
      </trkpt>
      <trkpt lat="23.3601977" lon="85.4944012">
      </trkpt>
      <trkpt lat="23.359949" lon="85.4950449">
      </trkpt>
      <trkpt lat="23.3598134" lon="85.4954619">
      </trkpt>
      <trkpt lat="23.3597274" lon="85.4959729">
      </trkpt>
      <trkpt lat="23.3596975" lon="85.4964985">
      </trkpt>
      <trkpt lat="23.3598622" lon="85.4980737">
      </trkpt>
      <trkpt lat="23.359932" lon="85.4987043">
      </trkpt>
      <trkpt lat="23.3600623" lon="85.4993042">
      </trkpt>
      <trkpt lat="23.3602261" lon="85.4998888">
      </trkpt>
      <trkpt lat="23.3603319" lon="85.5004174">
      </trkpt>
      <trkpt lat="23.360353" lon="85.5008059">
      </trkpt>
      <trkpt lat="23.3603381" lon="85.5012958">
      </trkpt>
      <trkpt lat="23.3603279" lon="85.5017721">
      </trkpt>
      <trkpt lat="23.3603491" lon="85.5021755">
      </trkpt>
      <trkpt lat="23.3603887" lon="85.5024488">
      </trkpt>
      <trkpt lat="23.3604575" lon="85.5027643">
      </trkpt>
      <trkpt lat="23.3605314" lon="85.5030513">
      </trkpt>
      <trkpt lat="23.360715" lon="85.5037169">
      </trkpt>
      <trkpt lat="23.3617999" lon="85.5074671">
      </trkpt>
      <trkpt lat="23.3622661" lon="85.5090956">
      </trkpt>
      <trkpt lat="23.3627846" lon="85.5108803">
      </trkpt>
      <trkpt lat="23.3628742" lon="85.5112347">
      </trkpt>
      <trkpt lat="23.3629935" lon="85.5118013">
      </trkpt>
      <trkpt lat="23.3630905" lon="85.5124393">
      </trkpt>
      <trkpt lat="23.3632116" lon="85.5134743">
      </trkpt>
      <trkpt lat="23.3632707" lon="85.5144064">
      </trkpt>
      <trkpt lat="23.3633198" lon="85.5155276">
      </trkpt>
      <trkpt lat="23.3633224" lon="85.5164838">
      </trkpt>
      <trkpt lat="23.363331" lon="85.5169961">
      </trkpt>
      <trkpt lat="23.3633648" lon="85.5173799">
      </trkpt>
      <trkpt lat="23.363431" lon="85.5178194">
      </trkpt>
      <trkpt lat="23.3635071" lon="85.5181816">
      </trkpt>
      <trkpt lat="23.3635387" lon="85.5182989">
      </trkpt>
      <trkpt lat="23.3636011" lon="85.5185305">
      </trkpt>
      <trkpt lat="23.3651653" lon="85.5236273">
      </trkpt>
      <trkpt lat="23.365243" lon="85.5240503">
      </trkpt>
      <trkpt lat="23.3652925" lon="85.5244486">
      </trkpt>
      <trkpt lat="23.3653373" lon="85.5252498">
      </trkpt>
      <trkpt lat="23.3653833" lon="85.5264562">
      </trkpt>
      <trkpt lat="23.3654178" lon="85.5276847">
      </trkpt>
      <trkpt lat="23.3654966" lon="85.5300906">
      </trkpt>
      <trkpt lat="23.3656172" lon="85.5324858">
      </trkpt>
      <trkpt lat="23.3658334" lon="85.5348722">
      </trkpt>
      <trkpt lat="23.365861" lon="85.5353652">
      </trkpt>
      <trkpt lat="23.3658605" lon="85.535848">
      </trkpt>
      <trkpt lat="23.3657798" lon="85.5366969">
      </trkpt>
      <trkpt lat="23.365663" lon="85.537581">
      </trkpt>
      <trkpt lat="23.3655668" lon="85.5380997">
      </trkpt>
      <trkpt lat="23.3654313" lon="85.5385912">
      </trkpt>
      <trkpt lat="23.3650522" lon="85.5396755">
      </trkpt>
      <trkpt lat="23.3647711" lon="85.540632">
      </trkpt>
      <trkpt lat="23.3646631" lon="85.5411802">
      </trkpt>
      <trkpt lat="23.364585" lon="85.5417328">
      </trkpt>
      <trkpt lat="23.3644921" lon="85.5428432">
      </trkpt>
      <trkpt lat="23.3644921" lon="85.5437681">
      </trkpt>
      <trkpt lat="23.364578" lon="85.5449856">
      </trkpt>
      <trkpt lat="23.3645673" lon="85.5457699">
      </trkpt>
      <trkpt lat="23.3643524" lon="85.5465777">
      </trkpt>
      <trkpt lat="23.3639332" lon="85.5484391">
      </trkpt>
      <trkpt lat="23.3638795" lon="85.5489308">
      </trkpt>
      <trkpt lat="23.363987" lon="85.5496098">
      </trkpt>
      <trkpt lat="23.3642879" lon="85.5514594">
      </trkpt>
      <trkpt lat="23.3642986" lon="85.552314">
      </trkpt>
      <trkpt lat="23.3640085" lon="85.5558261">
      </trkpt>
      <trkpt lat="23.3637165" lon="85.5608961">
      </trkpt>
      <trkpt lat="23.3633821" lon="85.5640252">
      </trkpt>
      <trkpt lat="23.3631094" lon="85.5663536">
      </trkpt>
      <trkpt lat="23.363118" lon="85.5668877">
      </trkpt>
      <trkpt lat="23.3632577" lon="85.5682707">
      </trkpt>
      <trkpt lat="23.3632635" lon="85.568745">
      </trkpt>
      <trkpt lat="23.3631428" lon="85.5712092">
      </trkpt>
      <trkpt lat="23.363123" lon="85.5718338">
      </trkpt>
      <trkpt lat="23.363118" lon="85.5730891">
      </trkpt>
      <trkpt lat="23.3630885" lon="85.5737328">
      </trkpt>
      <trkpt lat="23.3629799" lon="85.5751395">
      </trkpt>
      <trkpt lat="23.3629358" lon="85.5755541">
      </trkpt>
      <trkpt lat="23.3628767" lon="85.576002">
      </trkpt>
      <trkpt lat="23.3627722" lon="85.5764472">
      </trkpt>
      <trkpt lat="23.3624857" lon="85.5772514">
      </trkpt>
      <trkpt lat="23.3624089" lon="85.5775791">
      </trkpt>
      <trkpt lat="23.3623326" lon="85.5780029">
      </trkpt>
      <trkpt lat="23.3623112" lon="85.5784366">
      </trkpt>
      <trkpt lat="23.3623844" lon="85.5810501">
      </trkpt>
      <trkpt lat="23.3623547" lon="85.5815703">
      </trkpt>
      <trkpt lat="23.3622956" lon="85.5820316">
      </trkpt>
      <trkpt lat="23.3621987" lon="85.5824023">
      </trkpt>
      <trkpt lat="23.3614528" lon="85.5847279">
      </trkpt>
      <trkpt lat="23.3613484" lon="85.5851903">
      </trkpt>
      <trkpt lat="23.3613082" lon="85.5855399">
      </trkpt>
      <trkpt lat="23.3612836" lon="85.5860066">
      </trkpt>
      <trkpt lat="23.3612929" lon="85.5877204">
      </trkpt>
      <trkpt lat="23.361259" lon="85.5881283">
      </trkpt>
      <trkpt lat="23.3611825" lon="85.5885963">
      </trkpt>
      <trkpt lat="23.3607896" lon="85.5900222">
      </trkpt>
      <trkpt lat="23.3607124" lon="85.5904537">
      </trkpt>
      <trkpt lat="23.3606758" lon="85.5908584">
      </trkpt>
      <trkpt lat="23.3606065" lon="85.5934685">
      </trkpt>
      <trkpt lat="23.3605551" lon="85.5941493">
      </trkpt>
      <trkpt lat="23.3603868" lon="85.5952201">
      </trkpt>
      <trkpt lat="23.3602605" lon="85.5960304">
      </trkpt>
      <trkpt lat="23.359522" lon="85.6009118">
      </trkpt>
      <trkpt lat="23.3588294" lon="85.6053932">
      </trkpt>
      <trkpt lat="23.3585997" lon="85.607172">
      </trkpt>
      <trkpt lat="23.3585553" lon="85.6077272">
      </trkpt>
      <trkpt lat="23.3585184" lon="85.608556">
      </trkpt>
      <trkpt lat="23.3585258" lon="85.6093016">
      </trkpt>
      <trkpt lat="23.3585455" lon="85.6099641">
      </trkpt>
      <trkpt lat="23.3585849" lon="85.6104523">
      </trkpt>
      <trkpt lat="23.3586415" lon="85.6110853">
      </trkpt>
      <trkpt lat="23.3591028" lon="85.6150542">
      </trkpt>
      <trkpt lat="23.35923" lon="85.6162673">
      </trkpt>
      <trkpt lat="23.359249" lon="85.6164822">
      </trkpt>
      <trkpt lat="23.3600449" lon="85.6228678">
      </trkpt>
      <trkpt lat="23.3600795" lon="85.6238151">
      </trkpt>
      <trkpt lat="23.360018" lon="85.624771">
      </trkpt>
      <trkpt lat="23.3595454" lon="85.6291362">
      </trkpt>
      <trkpt lat="23.359198" lon="85.6323445">
      </trkpt>
      <trkpt lat="23.3591241" lon="85.6334764">
      </trkpt>
      <trkpt lat="23.3591463" lon="85.6347343">
      </trkpt>
      <trkpt lat="23.3591596" lon="85.635999">
      </trkpt>
      <trkpt lat="23.3591641" lon="85.6363041">
      </trkpt>
      <trkpt lat="23.3592571" lon="85.6388354">
      </trkpt>
      <trkpt lat="23.3594328" lon="85.6462365">
      </trkpt>
      <trkpt lat="23.3592823" lon="85.6476647">
      </trkpt>
      <trkpt lat="23.3590404" lon="85.6497145">
      </trkpt>
      <trkpt lat="23.3590404" lon="85.6503367">
      </trkpt>
      <trkpt lat="23.3591389" lon="85.6510663">
      </trkpt>
      <trkpt lat="23.3595033" lon="85.6520104">
      </trkpt>
      <trkpt lat="23.3604784" lon="85.6545102">
      </trkpt>
      <trkpt lat="23.3607838" lon="85.6554758">
      </trkpt>
      <trkpt lat="23.3609589" lon="85.6563512">
      </trkpt>
      <trkpt lat="23.3609159" lon="85.6572877">
      </trkpt>
      <trkpt lat="23.3607542" lon="85.6585121">
      </trkpt>
      <trkpt lat="23.3605178" lon="85.6592524">
      </trkpt>
      <trkpt lat="23.3602926" lon="85.6597461">
      </trkpt>
      <trkpt lat="23.3594049" lon="85.6611407">
      </trkpt>
      <trkpt lat="23.3590674" lon="85.6620407">
      </trkpt>
      <trkpt lat="23.3589715" lon="85.6625998">
      </trkpt>
      <trkpt lat="23.3589518" lon="85.6633937">
      </trkpt>
      <trkpt lat="23.3591104" lon="85.6670278">
      </trkpt>
      <trkpt lat="23.3593253" lon="85.6709847">
      </trkpt>
      <trkpt lat="23.3591963" lon="85.6722256">
      </trkpt>
      <trkpt lat="23.3589814" lon="85.672928">
      </trkpt>
      <trkpt lat="23.3577132" lon="85.6760654">
      </trkpt>
      <trkpt lat="23.3576487" lon="85.6770956">
      </trkpt>
      <trkpt lat="23.3576702" lon="85.6781258">
      </trkpt>
      <trkpt lat="23.3597993" lon="85.6911151">
      </trkpt>
      <trkpt lat="23.3600537" lon="85.6924739">
      </trkpt>
      <trkpt lat="23.3604266" lon="85.6942358">
      </trkpt>
      <trkpt lat="23.360436" lon="85.6942873">
      </trkpt>
      <trkpt lat="23.3605502" lon="85.6949142">
      </trkpt>
      <trkpt lat="23.361172" lon="85.6970023">
      </trkpt>
      <trkpt lat="23.3616043" lon="85.6983755">
      </trkpt>
      <trkpt lat="23.3617613" lon="85.6991315">
      </trkpt>
      <trkpt lat="23.3618407" lon="85.6996959">
      </trkpt>
      <trkpt lat="23.3618942" lon="85.7002923">
      </trkpt>
      <trkpt lat="23.361895" lon="85.7004268">
      </trkpt>
      <trkpt lat="23.3619092" lon="85.703114">
      </trkpt>
      <trkpt lat="23.361903" lon="85.7041685">
      </trkpt>
      <trkpt lat="23.3618347" lon="85.705169">
      </trkpt>
      <trkpt lat="23.3617391" lon="85.7055983">
      </trkpt>
      <trkpt lat="23.3615288" lon="85.7061345">
      </trkpt>
      <trkpt lat="23.3611926" lon="85.7066476">
      </trkpt>
      <trkpt lat="23.3608118" lon="85.7070784">
      </trkpt>
      <trkpt lat="23.3605498" lon="85.7072934">
      </trkpt>
      <trkpt lat="23.3602125" lon="85.707508">
      </trkpt>
      <trkpt lat="23.3601306" lon="85.7075538">
      </trkpt>
      <trkpt lat="23.3599116" lon="85.7076695">
      </trkpt>
      <trkpt lat="23.3594777" lon="85.7078164">
      </trkpt>
      <trkpt lat="23.3575775" lon="85.7081709">
      </trkpt>
      <trkpt lat="23.357137" lon="85.7083046">
      </trkpt>
      <trkpt lat="23.3567456" lon="85.7084967">
      </trkpt>
      <trkpt lat="23.3565583" lon="85.7085997">
      </trkpt>
      <trkpt lat="23.3563072" lon="85.7087955">
      </trkpt>
      <trkpt lat="23.356047" lon="85.7090267">
      </trkpt>
      <trkpt lat="23.3558291" lon="85.7092614">
      </trkpt>
      <trkpt lat="23.355566" lon="85.709635">
      </trkpt>
      <trkpt lat="23.355362" lon="85.7100159">
      </trkpt>
      <trkpt lat="23.355242" lon="85.7103128">
      </trkpt>
      <trkpt lat="23.3551375" lon="85.7107052">
      </trkpt>
      <trkpt lat="23.3550898" lon="85.7110595">
      </trkpt>
      <trkpt lat="23.3550464" lon="85.7115608">
      </trkpt>
      <trkpt lat="23.355038" lon="85.7122934">
      </trkpt>
      <trkpt lat="23.3550612" lon="85.7129985">
      </trkpt>
      <trkpt lat="23.3551012" lon="85.7134729">
      </trkpt>
      <trkpt lat="23.3558297" lon="85.7194154">
      </trkpt>
      <trkpt lat="23.355872" lon="85.7200695">
      </trkpt>
      <trkpt lat="23.3558495" lon="85.7206278">
      </trkpt>
      <trkpt lat="23.3557482" lon="85.721131">
      </trkpt>
      <trkpt lat="23.3556107" lon="85.7216188">
      </trkpt>
      <trkpt lat="23.3554482" lon="85.7220037">
      </trkpt>
      <trkpt lat="23.3552788" lon="85.7223734">
      </trkpt>
      <trkpt lat="23.3544585" lon="85.724164">
      </trkpt>
      <trkpt lat="23.354211" lon="85.7248924">
      </trkpt>
      <trkpt lat="23.3541117" lon="85.7255592">
      </trkpt>
      <trkpt lat="23.354155" lon="85.7262379">
      </trkpt>
      <trkpt lat="23.354283" lon="85.7267931">
      </trkpt>
      <trkpt lat="23.3545367" lon="85.727402">
      </trkpt>
      <trkpt lat="23.3548642" lon="85.7279062">
      </trkpt>
      <trkpt lat="23.3552212" lon="85.7282844">
      </trkpt>
      <trkpt lat="23.3577378" lon="85.7303551">
      </trkpt>
      <trkpt lat="23.358154" lon="85.7307494">
      </trkpt>
      <trkpt lat="23.3584913" lon="85.7311839">
      </trkpt>
      <trkpt lat="23.3587523" lon="85.7316613">
      </trkpt>
      <trkpt lat="23.3589567" lon="85.7322139">
      </trkpt>
      <trkpt lat="23.3590453" lon="85.7326564">
      </trkpt>
      <trkpt lat="23.3590724" lon="85.7330856">
      </trkpt>
      <trkpt lat="23.3590626" lon="85.7335442">
      </trkpt>
      <trkpt lat="23.3589887" lon="85.7345286">
      </trkpt>
      <trkpt lat="23.3589838" lon="85.7351133">
      </trkpt>
      <trkpt lat="23.3590281" lon="85.7355157">
      </trkpt>
      <trkpt lat="23.3591044" lon="85.7359797">
      </trkpt>
      <trkpt lat="23.3615668" lon="85.7480684">
      </trkpt>
      <trkpt lat="23.3616875" lon="85.7487979">
      </trkpt>
      <trkpt lat="23.3617761" lon="85.7494712">
      </trkpt>
      <trkpt lat="23.3622415" lon="85.7538566">
      </trkpt>
      <trkpt lat="23.3623203" lon="85.7545352">
      </trkpt>
      <trkpt lat="23.3624483" lon="85.7551065">
      </trkpt>
      <trkpt lat="23.3626305" lon="85.7556295">
      </trkpt>
      <trkpt lat="23.3628669" lon="85.7561633">
      </trkpt>
      <trkpt lat="23.3634135" lon="85.7572952">
      </trkpt>
      <trkpt lat="23.3636179" lon="85.7577848">
      </trkpt>
      <trkpt lat="23.3637441" lon="85.7581663">
      </trkpt>
      <trkpt lat="23.3638144" lon="85.7584504">
      </trkpt>
      <trkpt lat="23.3638641" lon="85.7587275">
      </trkpt>
      <trkpt lat="23.3639863" lon="85.7595244">
      </trkpt>
      <trkpt lat="23.3640651" lon="85.7599968">
      </trkpt>
      <trkpt lat="23.3641128" lon="85.7603851">
      </trkpt>
      <trkpt lat="23.3641374" lon="85.7606909">
      </trkpt>
      <trkpt lat="23.3646426" lon="85.76787">
      </trkpt>
      <trkpt lat="23.3646659" lon="85.7681713">
      </trkpt>
      <trkpt lat="23.3647784" lon="85.7693804">
      </trkpt>
      <trkpt lat="23.3647949" lon="85.7698426">
      </trkpt>
      <trkpt lat="23.3647654" lon="85.7703066">
      </trkpt>
      <trkpt lat="23.3646794" lon="85.7707751">
      </trkpt>
      <trkpt lat="23.364554" lon="85.7711872">
      </trkpt>
      <trkpt lat="23.364415" lon="85.7715154">
      </trkpt>
      <trkpt lat="23.3642493" lon="85.7718151">
      </trkpt>
      <trkpt lat="23.3640892" lon="85.7720613">
      </trkpt>
      <trkpt lat="23.3622381" lon="85.7745293">
      </trkpt>
      <trkpt lat="23.3618819" lon="85.7749983">
      </trkpt>
      <trkpt lat="23.3616064" lon="85.7754808">
      </trkpt>
      <trkpt lat="23.3614703" lon="85.7758431">
      </trkpt>
      <trkpt lat="23.3613742" lon="85.7761734">
      </trkpt>
      <trkpt lat="23.3612986" lon="85.7766518">
      </trkpt>
      <trkpt lat="23.3613087" lon="85.7771829">
      </trkpt>
      <trkpt lat="23.3613692" lon="85.7776102">
      </trkpt>
      <trkpt lat="23.3614931" lon="85.7781417">
      </trkpt>
      <trkpt lat="23.3616172" lon="85.7784133">
      </trkpt>
      <trkpt lat="23.3617576" lon="85.7787004">
      </trkpt>
      <trkpt lat="23.3619688" lon="85.7790517">
      </trkpt>
      <trkpt lat="23.3622672" lon="85.779416">
      </trkpt>
      <trkpt lat="23.3625599" lon="85.7797491">
      </trkpt>
      <trkpt lat="23.3643945" lon="85.7815511">
      </trkpt>
      <trkpt lat="23.3647903" lon="85.7819631">
      </trkpt>
      <trkpt lat="23.3650689" lon="85.7823251">
      </trkpt>
      <trkpt lat="23.3652574" lon="85.782608">
      </trkpt>
      <trkpt lat="23.3653903" lon="85.782867">
      </trkpt>
      <trkpt lat="23.3655447" lon="85.7831931">
      </trkpt>
      <trkpt lat="23.3656581" lon="85.7835222">
      </trkpt>
      <trkpt lat="23.365807" lon="85.7840366">
      </trkpt>
      <trkpt lat="23.3658958" lon="85.784576">
      </trkpt>
      <trkpt lat="23.3660244" lon="85.7859422">
      </trkpt>
      <trkpt lat="23.366429" lon="85.7900015">
      </trkpt>
      <trkpt lat="23.3668615" lon="85.7940232">
      </trkpt>
      <trkpt lat="23.3674182" lon="85.7988454">
      </trkpt>
      <trkpt lat="23.367489" lon="85.7995428">
      </trkpt>
      <trkpt lat="23.3675106" lon="85.8000618">
      </trkpt>
      <trkpt lat="23.3675035" lon="85.8005502">
      </trkpt>
      <trkpt lat="23.3674332" lon="85.8011013">
      </trkpt>
      <trkpt lat="23.3673267" lon="85.8016105">
      </trkpt>
      <trkpt lat="23.3671734" lon="85.8021463">
      </trkpt>
      <trkpt lat="23.3669491" lon="85.8026788">
      </trkpt>
      <trkpt lat="23.3666868" lon="85.8031965">
      </trkpt>
      <trkpt lat="23.3662912" lon="85.803794">
      </trkpt>
      <trkpt lat="23.3659209" lon="85.8041798">
      </trkpt>
      <trkpt lat="23.3654021" lon="85.8046472">
      </trkpt>
      <trkpt lat="23.3650801" lon="85.8048947">
      </trkpt>
      <trkpt lat="23.364687" lon="85.8051441">
      </trkpt>
      <trkpt lat="23.3640983" lon="85.8054308">
      </trkpt>
      <trkpt lat="23.3634211" lon="85.8057275">
      </trkpt>
      <trkpt lat="23.3607488" lon="85.8068475">
      </trkpt>
      <trkpt lat="23.3587448" lon="85.8077057">
      </trkpt>
      <trkpt lat="23.3567591" lon="85.808553">
      </trkpt>
      <trkpt lat="23.3563666" lon="85.808737">
      </trkpt>
      <trkpt lat="23.3559793" lon="85.8089381">
      </trkpt>
      <trkpt lat="23.3554817" lon="85.8092505">
      </trkpt>
      <trkpt lat="23.354984" lon="85.8096545">
      </trkpt>
      <trkpt lat="23.3545782" lon="85.8100669">
      </trkpt>
      <trkpt lat="23.3542805" lon="85.8104487">
      </trkpt>
      <trkpt lat="23.3539912" lon="85.8108881">
      </trkpt>
      <trkpt lat="23.3536893" lon="85.8114514">
      </trkpt>
      <trkpt lat="23.3534936" lon="85.8119208">
      </trkpt>
      <trkpt lat="23.3533154" lon="85.8125933">
      </trkpt>
      <trkpt lat="23.3531924" lon="85.8133614">
      </trkpt>
      <trkpt lat="23.3528794" lon="85.8159443">
      </trkpt>
      <trkpt lat="23.3523356" lon="85.8208237">
      </trkpt>
      <trkpt lat="23.3522458" lon="85.8216047">
      </trkpt>
      <trkpt lat="23.3515196" lon="85.8278615">
      </trkpt>
      <trkpt lat="23.3512538" lon="85.830332">
      </trkpt>
      <trkpt lat="23.3510796" lon="85.8317425">
      </trkpt>
      <trkpt lat="23.3510303" lon="85.832156">
      </trkpt>
      <trkpt lat="23.3508996" lon="85.8333717">
      </trkpt>
      <trkpt lat="23.350384" lon="85.8388304">
      </trkpt>
      <trkpt lat="23.3498372" lon="85.8445748">
      </trkpt>
      <trkpt lat="23.3496637" lon="85.8463386">
      </trkpt>
      <trkpt lat="23.3495962" lon="85.8470706">
      </trkpt>
      <trkpt lat="23.3495778" lon="85.8478076">
      </trkpt>
      <trkpt lat="23.3495962" lon="85.848521">
      </trkpt>
      <trkpt lat="23.3496704" lon="85.849231">
      </trkpt>
      <trkpt lat="23.3498635" lon="85.8501538">
      </trkpt>
      <trkpt lat="23.3501361" lon="85.8510483">
      </trkpt>
      <trkpt lat="23.3506985" lon="85.8522765">
      </trkpt>
      <trkpt lat="23.3522986" lon="85.8551907">
      </trkpt>
      <trkpt lat="23.3573119" lon="85.8640393">
      </trkpt>
      <trkpt lat="23.3585734" lon="85.866192">
      </trkpt>
      <trkpt lat="23.3588656" lon="85.8665577">
      </trkpt>
      <trkpt lat="23.3591623" lon="85.8668809">
      </trkpt>
      <trkpt lat="23.3595255" lon="85.8672014">
      </trkpt>
      <trkpt lat="23.3599687" lon="85.8675246">
      </trkpt>
      <trkpt lat="23.3603199" lon="85.867742">
      </trkpt>
      <trkpt lat="23.3610546" lon="85.8680677">
      </trkpt>
      <trkpt lat="23.3618032" lon="85.8682635">
      </trkpt>
      <trkpt lat="23.3624434" lon="85.8683413">
      </trkpt>
      <trkpt lat="23.3632387" lon="85.8683172">
      </trkpt>
      <trkpt lat="23.3672448" lon="85.8679524">
      </trkpt>
      <trkpt lat="23.3680056" lon="85.8678894">
      </trkpt>
      <trkpt lat="23.3701797" lon="85.8676949">
      </trkpt>
      <trkpt lat="23.3715055" lon="85.8675903">
      </trkpt>
      <trkpt lat="23.3719734" lon="85.8675313">
      </trkpt>
      <trkpt lat="23.3721485" lon="85.8675067">
      </trkpt>
      <trkpt lat="23.3726099" lon="85.8674669">
      </trkpt>
      <trkpt lat="23.3727871" lon="85.8674334">
      </trkpt>
      <trkpt lat="23.3732279" lon="85.8673704">
      </trkpt>
      <trkpt lat="23.3736045" lon="85.8673087">
      </trkpt>
      <trkpt lat="23.3747592" lon="85.8671102">
      </trkpt>
      <trkpt lat="23.3749833" lon="85.8670888">
      </trkpt>
      <trkpt lat="23.3752714" lon="85.8670646">
      </trkpt>
      <trkpt lat="23.3779028" lon="85.8668135">
      </trkpt>
      <trkpt lat="23.3802053" lon="85.8666113">
      </trkpt>
      <trkpt lat="23.3804084" lon="85.8666019">
      </trkpt>
      <trkpt lat="23.3806952" lon="85.8666086">
      </trkpt>
      <trkpt lat="23.381323" lon="85.8666462">
      </trkpt>
      <trkpt lat="23.3818733" lon="85.8666663">
      </trkpt>
      <trkpt lat="23.3822584" lon="85.8666315">
      </trkpt>
      <trkpt lat="23.3824346" lon="85.8666328">
      </trkpt>
      <trkpt lat="23.3829284" lon="85.8666252">
      </trkpt>
      <trkpt lat="23.3832067" lon="85.8666109">
      </trkpt>
      <trkpt lat="23.3833246" lon="85.8666261">
      </trkpt>
      <trkpt lat="23.3834058" lon="85.8666319">
      </trkpt>
      <trkpt lat="23.3836483" lon="85.8666493">
      </trkpt>
      <trkpt lat="23.3838716" lon="85.8666901">
      </trkpt>
      <trkpt lat="23.3841033" lon="85.8667634">
      </trkpt>
      <trkpt lat="23.3844018" lon="85.8668999">
      </trkpt>
      <trkpt lat="23.3847651" lon="85.8671695">
      </trkpt>
      <trkpt lat="23.3850606" lon="85.8674809">
      </trkpt>
      <trkpt lat="23.3853372" lon="85.8679151">
      </trkpt>
      <trkpt lat="23.3856498" lon="85.8685473">
      </trkpt>
      <trkpt lat="23.3861488" lon="85.8696148">
      </trkpt>
      <trkpt lat="23.3870271" lon="85.8713603">
      </trkpt>
      <trkpt lat="23.3876727" lon="85.8725934">
      </trkpt>
      <trkpt lat="23.388529" lon="85.8743951">
      </trkpt>
      <trkpt lat="23.3887629" lon="85.8750068">
      </trkpt>
      <trkpt lat="23.3889564" lon="85.8755638">
      </trkpt>
      <trkpt lat="23.3890934" lon="85.8762845">
      </trkpt>
      <trkpt lat="23.3891697" lon="85.8768905">
      </trkpt>
      <trkpt lat="23.3891781" lon="85.8777001">
      </trkpt>
      <trkpt lat="23.3889819" lon="85.8801961">
      </trkpt>
      <trkpt lat="23.3886282" lon="85.8845713">
      </trkpt>
      <trkpt lat="23.3885241" lon="85.8853602">
      </trkpt>
      <trkpt lat="23.3883317" lon="85.8861573">
      </trkpt>
      <trkpt lat="23.3880218" lon="85.8869559">
      </trkpt>
      <trkpt lat="23.387584" lon="85.8877181">
      </trkpt>
      <trkpt lat="23.3873727" lon="85.8880047">
      </trkpt>
      <trkpt lat="23.3870535" lon="85.8883857">
      </trkpt>
      <trkpt lat="23.3866589" lon="85.8887684">
      </trkpt>
      <trkpt lat="23.3838219" lon="85.8912528">
      </trkpt>
      <trkpt lat="23.3831144" lon="85.8918946">
      </trkpt>
      <trkpt lat="23.3827288" lon="85.8922586">
      </trkpt>
      <trkpt lat="23.3821879" lon="85.892876">
      </trkpt>
      <trkpt lat="23.3817337" lon="85.893485">
      </trkpt>
      <trkpt lat="23.3813698" lon="85.8940771">
      </trkpt>
      <trkpt lat="23.3809857" lon="85.8948603">
      </trkpt>
      <trkpt lat="23.3806804" lon="85.895673">
      </trkpt>
      <trkpt lat="23.3798559" lon="85.8982778">
      </trkpt>
      <trkpt lat="23.378721" lon="85.9019928">
      </trkpt>
      <trkpt lat="23.3741641" lon="85.9165817">
      </trkpt>
      <trkpt lat="23.3738507" lon="85.917635">
      </trkpt>
      <trkpt lat="23.3737153" lon="85.9182921">
      </trkpt>
      <trkpt lat="23.3736538" lon="85.9189412">
      </trkpt>
      <trkpt lat="23.3736538" lon="85.9198089">
      </trkpt>
      <trkpt lat="23.3738064" lon="85.9215778">
      </trkpt>
      <trkpt lat="23.3738138" lon="85.9220204">
      </trkpt>
      <trkpt lat="23.3737769" lon="85.9224871">
      </trkpt>
      <trkpt lat="23.3737326" lon="85.9228492">
      </trkpt>
      <trkpt lat="23.3736119" lon="85.9236351">
      </trkpt>
      <trkpt lat="23.3733239" lon="85.925231">
      </trkpt>
      <trkpt lat="23.3731589" lon="85.9261107">
      </trkpt>
      <trkpt lat="23.3725729" lon="85.9282726">
      </trkpt>
      <trkpt lat="23.3723218" lon="85.9293294">
      </trkpt>
      <trkpt lat="23.3721642" lon="85.9300965">
      </trkpt>
      <trkpt lat="23.372046" lon="85.9310836">
      </trkpt>
      <trkpt lat="23.3713419" lon="85.9373546">
      </trkpt>
      <trkpt lat="23.3711104" lon="85.9389907">
      </trkpt>
      <trkpt lat="23.370618" lon="85.9416354">
      </trkpt>
      <trkpt lat="23.3702585" lon="85.9445">
      </trkpt>
      <trkpt lat="23.3696331" lon="85.9502667">
      </trkpt>
      <trkpt lat="23.3687881" lon="85.9575952">
      </trkpt>
      <trkpt lat="23.3679342" lon="85.9651423">
      </trkpt>
      <trkpt lat="23.36788" lon="85.9657484">
      </trkpt>
      <trkpt lat="23.3678701" lon="85.9663573">
      </trkpt>
      <trkpt lat="23.3678997" lon="85.967052">
      </trkpt>
      <trkpt lat="23.3679933" lon="85.967803">
      </trkpt>
      <trkpt lat="23.3681853" lon="85.9686533">
      </trkpt>
      <trkpt lat="23.3683751" lon="85.9693021">
      </trkpt>
      <trkpt lat="23.368689" lon="85.9702577">
      </trkpt>
      <trkpt lat="23.3691429" lon="85.9716592">
      </trkpt>
      <trkpt lat="23.3693047" lon="85.972156">
      </trkpt>
      <trkpt lat="23.3719243" lon="85.9801974">
      </trkpt>
      <trkpt lat="23.3720935" lon="85.9807171">
      </trkpt>
      <trkpt lat="23.3721573" lon="85.9809128">
      </trkpt>
      <trkpt lat="23.3784474" lon="86.0002229">
      </trkpt>
      <trkpt lat="23.3788512" lon="86.0013923">
      </trkpt>
      <trkpt lat="23.3792796" lon="86.0025322">
      </trkpt>
      <trkpt lat="23.3816004" lon="86.0080454">
      </trkpt>
      <trkpt lat="23.3824976" lon="86.0102786">
      </trkpt>
      <trkpt lat="23.3909476" lon="86.0304944">
      </trkpt>
      <trkpt lat="23.402281" lon="86.0577057">
      </trkpt>
      <trkpt lat="23.4060568" lon="86.066772">
      </trkpt>
      <trkpt lat="23.4081221" lon="86.0717413">
      </trkpt>
      <trkpt lat="23.4096165" lon="86.0753172">
      </trkpt>
      <trkpt lat="23.4096795" lon="86.0754678">
      </trkpt>
      <trkpt lat="23.4113124" lon="86.0794106">
      </trkpt>
      <trkpt lat="23.4134328" lon="86.0844945">
      </trkpt>
      <trkpt lat="23.4134615" lon="86.0845686">
      </trkpt>
      <trkpt lat="23.4141307" lon="86.086185">
      </trkpt>
      <trkpt lat="23.4147696" lon="86.0876752">
      </trkpt>
      <trkpt lat="23.4149967" lon="86.088189">
      </trkpt>
      <trkpt lat="23.4152608" lon="86.0886678">
      </trkpt>
      <trkpt lat="23.4156286" lon="86.0891897">
      </trkpt>
      <trkpt lat="23.4160557" lon="86.0896739">
      </trkpt>
      <trkpt lat="23.4163691" lon="86.0899751">
      </trkpt>
      <trkpt lat="23.4168381" lon="86.0903248">
      </trkpt>
      <trkpt lat="23.4172923" lon="86.0905938">
      </trkpt>
      <trkpt lat="23.4179144" lon="86.0908817">
      </trkpt>
      <trkpt lat="23.4185932" lon="86.0911264">
      </trkpt>
      <trkpt lat="23.4199279" lon="86.0914925">
      </trkpt>
      <trkpt lat="23.4265445" lon="86.0933526">
      </trkpt>
      <trkpt lat="23.4297127" lon="86.0942518">
      </trkpt>
      <trkpt lat="23.4302902" lon="86.0943866">
      </trkpt>
      <trkpt lat="23.4307859" lon="86.0944878">
      </trkpt>
      <trkpt lat="23.4313722" lon="86.0945498">
      </trkpt>
      <trkpt lat="23.4319016" lon="86.0945641">
      </trkpt>
      <trkpt lat="23.4323347" lon="86.0945387">
      </trkpt>
      <trkpt lat="23.4329735" lon="86.0944672">
      </trkpt>
      <trkpt lat="23.4334169" lon="86.0943829">
      </trkpt>
      <trkpt lat="23.433974" lon="86.0942669">
      </trkpt>
      <trkpt lat="23.4371327" lon="86.0934403">
      </trkpt>
      <trkpt lat="23.4406321" lon="86.0925179">
      </trkpt>
      <trkpt lat="23.4409188" lon="86.0924392">
      </trkpt>
      <trkpt lat="23.4481517" lon="86.0906068">
      </trkpt>
      <trkpt lat="23.4488447" lon="86.0904382">
      </trkpt>
      <trkpt lat="23.4491891" lon="86.0903572">
      </trkpt>
      <trkpt lat="23.4495174" lon="86.0903033">
      </trkpt>
      <trkpt lat="23.4498129" lon="86.0902606">
      </trkpt>
      <trkpt lat="23.4501623" lon="86.0902244">
      </trkpt>
      <trkpt lat="23.4504595" lon="86.0902016">
      </trkpt>
      <trkpt lat="23.450763" lon="86.0901842">
      </trkpt>
      <trkpt lat="23.452343" lon="86.090146">
      </trkpt>
      <trkpt lat="23.4524881" lon="86.0901438">
      </trkpt>
      <trkpt lat="23.4558445" lon="86.0900929">
      </trkpt>
      <trkpt lat="23.475614" lon="86.0897867">
      </trkpt>
      <trkpt lat="23.4924707" lon="86.0895062">
      </trkpt>
      <trkpt lat="23.4930587" lon="86.089503">
      </trkpt>
      <trkpt lat="23.5037142" lon="86.08935">
      </trkpt>
      <trkpt lat="23.5049146" lon="86.0893311">
      </trkpt>
      <trkpt lat="23.5128037" lon="86.0892071">
      </trkpt>
      <trkpt lat="23.5196758" lon="86.089099">
      </trkpt>
      <trkpt lat="23.5247187" lon="86.0890296">
      </trkpt>
      <trkpt lat="23.5273127" lon="86.0889691">
      </trkpt>
      <trkpt lat="23.5292678" lon="86.0889476">
      </trkpt>
      <trkpt lat="23.5304482" lon="86.088894">
      </trkpt>
      <trkpt lat="23.5325719" lon="86.0886042">
      </trkpt>
      <trkpt lat="23.5408288" lon="86.0869545">
      </trkpt>
      <trkpt lat="23.5416616" lon="86.0868228">
      </trkpt>
      <trkpt lat="23.5423823" lon="86.0867649">
      </trkpt>
      <trkpt lat="23.5429897" lon="86.0867699">
      </trkpt>
      <trkpt lat="23.548912" lon="86.0870389">
      </trkpt>
      <trkpt lat="23.5509906" lon="86.0871206">
      </trkpt>
      <trkpt lat="23.5514269" lon="86.0871407">
      </trkpt>
      <trkpt lat="23.5556258" lon="86.0874316">
      </trkpt>
      <trkpt lat="23.5656847" lon="86.0888334">
      </trkpt>
      <trkpt lat="23.5665268" lon="86.0889289">
      </trkpt>
      <trkpt lat="23.5674532" lon="86.0890091">
      </trkpt>
      <trkpt lat="23.5684061" lon="86.0890408">
      </trkpt>
      <trkpt lat="23.5720433" lon="86.0891209">
      </trkpt>
      <trkpt lat="23.5765366" lon="86.0890648">
      </trkpt>
      <trkpt lat="23.5765647" lon="86.0890649">
      </trkpt>
      <trkpt lat="23.5833831" lon="86.0890854">
      </trkpt>
      <trkpt lat="23.5903261" lon="86.0890863">
      </trkpt>
      <trkpt lat="23.5921845" lon="86.089105">
      </trkpt>
      <trkpt lat="23.5928249" lon="86.0890957">
      </trkpt>
      <trkpt lat="23.5935191" lon="86.0891026">
      </trkpt>
      <trkpt lat="23.5942223" lon="86.0891442">
      </trkpt>
      <trkpt lat="23.59456" lon="86.0891536">
      </trkpt>
      <trkpt lat="23.5954637" lon="86.0891456">
      </trkpt>
      <trkpt lat="23.5958212" lon="86.0891536">
      </trkpt>
      <trkpt lat="23.5966209" lon="86.0892204">
      </trkpt>
      <trkpt lat="23.5969123" lon="86.0892419">
      </trkpt>
      <trkpt lat="23.5971242" lon="86.0892285">
      </trkpt>
      <trkpt lat="23.5975214" lon="86.0892487">
      </trkpt>
      <trkpt lat="23.5987508" lon="86.0892409">
      </trkpt>
      <trkpt lat="23.6011843" lon="86.0893366">
      </trkpt>
      <trkpt lat="23.6015324" lon="86.0893567">
      </trkpt>
      <trkpt lat="23.601893" lon="86.0893572">
      </trkpt>
      <trkpt lat="23.602456" lon="86.0894421">
      </trkpt>
      <trkpt lat="23.6034004" lon="86.0895431">
      </trkpt>
      <trkpt lat="23.6043712" lon="86.0896865">
      </trkpt>
      <trkpt lat="23.6078667" lon="86.090128">
      </trkpt>
      <trkpt lat="23.6110109" lon="86.0905599">
      </trkpt>
      <trkpt lat="23.6149586" lon="86.0910611">
      </trkpt>
      <trkpt lat="23.6167677" lon="86.0913076">
      </trkpt>
      <trkpt lat="23.6183578" lon="86.0915055">
      </trkpt>
      <trkpt lat="23.619089" lon="86.0915551">
      </trkpt>
      <trkpt lat="23.6196501" lon="86.0915519">
      </trkpt>
      <trkpt lat="23.6202386" lon="86.0915113">
      </trkpt>
      <trkpt lat="23.622376" lon="86.091296">
      </trkpt>
      <trkpt lat="23.6248236" lon="86.0910544">
      </trkpt>
      <trkpt lat="23.6253688" lon="86.0910119">
      </trkpt>
      <trkpt lat="23.6269773" lon="86.0908867">
      </trkpt>
      <trkpt lat="23.6274905" lon="86.0908055">
      </trkpt>
      <trkpt lat="23.6284317" lon="86.0906563">
      </trkpt>
      <trkpt lat="23.6296206" lon="86.0904531">
      </trkpt>
      <trkpt lat="23.6343821" lon="86.0897671">
      </trkpt>
      <trkpt lat="23.635203" lon="86.0896665">
      </trkpt>
      <trkpt lat="23.6360007" lon="86.0895731">
      </trkpt>
      <trkpt lat="23.6367492" lon="86.0894961">
      </trkpt>
      <trkpt lat="23.6374131" lon="86.0894436">
      </trkpt>
      <trkpt lat="23.6382566" lon="86.0894143">
      </trkpt>
      <trkpt lat="23.6389745" lon="86.0893399">
      </trkpt>
      <trkpt lat="23.6398984" lon="86.0891979">
      </trkpt>
      <trkpt lat="23.6399109" lon="86.0891965">
      </trkpt>
      <trkpt lat="23.6400629" lon="86.0891788">
      </trkpt>
      <trkpt lat="23.640341" lon="86.0891531">
      </trkpt>
      <trkpt lat="23.6423085" lon="86.0889711">
      </trkpt>
      <trkpt lat="23.6434969" lon="86.0888181">
      </trkpt>
      <trkpt lat="23.6440503" lon="86.0887061">
      </trkpt>
      <trkpt lat="23.6446278" lon="86.0885649">
      </trkpt>
      <trkpt lat="23.6453207" lon="86.0883683">
      </trkpt>
      <trkpt lat="23.6467351" lon="86.0879562">
      </trkpt>
      <trkpt lat="23.6497841" lon="86.0871244">
      </trkpt>
      <trkpt lat="23.6509287" lon="86.0867968">
      </trkpt>
      <trkpt lat="23.651784" lon="86.0865618">
      </trkpt>
      <trkpt lat="23.652321" lon="86.0864111">
      </trkpt>
      <trkpt lat="23.6532937" lon="86.0861319">
      </trkpt>
      <trkpt lat="23.6538497" lon="86.085946">
      </trkpt>
      <trkpt lat="23.65476" lon="86.0855971">
      </trkpt>
      <trkpt lat="23.6556548" lon="86.0852386">
      </trkpt>
      <trkpt lat="23.656375" lon="86.0849531">
      </trkpt>
      <trkpt lat="23.6578661" lon="86.0843326">
      </trkpt>
      <trkpt lat="23.6587238" lon="86.0839839">
      </trkpt>
      <trkpt lat="23.65986" lon="86.0835249">
      </trkpt>
      <trkpt lat="23.6602854" lon="86.0833405">
      </trkpt>
      <trkpt lat="23.6611526" lon="86.083009">
      </trkpt>
      <trkpt lat="23.6617801" lon="86.0827434">
      </trkpt>
      <trkpt lat="23.6619139" lon="86.0826922">
      </trkpt>
      <trkpt lat="23.6628466" lon="86.0823042">
      </trkpt>
      <trkpt lat="23.6638278" lon="86.0819069">
      </trkpt>
      <trkpt lat="23.6645667" lon="86.0816019">
      </trkpt>
      <trkpt lat="23.6902933" lon="86.0711503">
      </trkpt>
      <trkpt lat="23.6924195" lon="86.0702669">
      </trkpt>
      <trkpt lat="23.6948436" lon="86.0692851">
      </trkpt>
      <trkpt lat="23.6967849" lon="86.068496">
      </trkpt>
      <trkpt lat="23.6976132" lon="86.0681552">
      </trkpt>
      <trkpt lat="23.6977656" lon="86.0680931">
      </trkpt>
      <trkpt lat="23.6994685" lon="86.0673991">
      </trkpt>
      <trkpt lat="23.6998033" lon="86.0672648">
      </trkpt>
      <trkpt lat="23.7005988" lon="86.066949">
      </trkpt>
      <trkpt lat="23.7007417" lon="86.0668887">
      </trkpt>
      <trkpt lat="23.7021302" lon="86.0663231">
      </trkpt>
      <trkpt lat="23.7028845" lon="86.066006">
      </trkpt>
      <trkpt lat="23.7039881" lon="86.0655773">
      </trkpt>
      <trkpt lat="23.7046883" lon="86.0653361">
      </trkpt>
      <trkpt lat="23.7054545" lon="86.0651222">
      </trkpt>
      <trkpt lat="23.7060092" lon="86.0649935">
      </trkpt>
      <trkpt lat="23.7065828" lon="86.0648719">
      </trkpt>
      <trkpt lat="23.7073001" lon="86.064757">
      </trkpt>
      <trkpt lat="23.7079165" lon="86.0646984">
      </trkpt>
      <trkpt lat="23.708408" lon="86.0646419">
      </trkpt>
      <trkpt lat="23.7093252" lon="86.0645446">
      </trkpt>
      <trkpt lat="23.7095301" lon="86.0645279">
      </trkpt>
      <trkpt lat="23.7103728" lon="86.0644437">
      </trkpt>
      <trkpt lat="23.7150205" lon="86.0639794">
      </trkpt>
      <trkpt lat="23.7160554" lon="86.0638729">
      </trkpt>
      <trkpt lat="23.7167898" lon="86.0637915">
      </trkpt>
      <trkpt lat="23.7179149" lon="86.0636874">
      </trkpt>
      <trkpt lat="23.7183811" lon="86.0636481">
      </trkpt>
      <trkpt lat="23.7185779" lon="86.0636293">
      </trkpt>
      <trkpt lat="23.7190788" lon="86.0635875">
      </trkpt>
      <trkpt lat="23.7216071" lon="86.0633206">
      </trkpt>
      <trkpt lat="23.7228493" lon="86.0631845">
      </trkpt>
      <trkpt lat="23.7271666" lon="86.0627579">
      </trkpt>
      <trkpt lat="23.7279828" lon="86.0626747">
      </trkpt>
      <trkpt lat="23.72874" lon="86.0625968">
      </trkpt>
      <trkpt lat="23.7292526" lon="86.0625699">
      </trkpt>
      <trkpt lat="23.7297655" lon="86.0625675">
      </trkpt>
      <trkpt lat="23.7301658" lon="86.0626093">
      </trkpt>
      <trkpt lat="23.730553" lon="86.0626962">
      </trkpt>
      <trkpt lat="23.7309897" lon="86.0628057">
      </trkpt>
      <trkpt lat="23.7314295" lon="86.0629704">
      </trkpt>
      <trkpt lat="23.7318317" lon="86.0631659">
      </trkpt>
      <trkpt lat="23.7321968" lon="86.0633817">
      </trkpt>
      <trkpt lat="23.7324657" lon="86.0635645">
      </trkpt>
      <trkpt lat="23.732935" lon="86.0639525">
      </trkpt>
      <trkpt lat="23.7340148" lon="86.0649814">
      </trkpt>
      <trkpt lat="23.7356294" lon="86.0664726">
      </trkpt>
      <trkpt lat="23.7378179" lon="86.0685077">
      </trkpt>
      <trkpt lat="23.7404096" lon="86.0709513">
      </trkpt>
      <trkpt lat="23.741433" lon="86.0719144">
      </trkpt>
      <trkpt lat="23.7443367" lon="86.0746484">
      </trkpt>
      <trkpt lat="23.7461297" lon="86.0763397">
      </trkpt>
      <trkpt lat="23.7486256" lon="86.0786813">
      </trkpt>
      <trkpt lat="23.7506622" lon="86.0805839">
      </trkpt>
      <trkpt lat="23.7510206" lon="86.0809526">
      </trkpt>
      <trkpt lat="23.7513545" lon="86.0814143">
      </trkpt>
      <trkpt lat="23.751618" lon="86.0818071">
      </trkpt>
      <trkpt lat="23.7518634" lon="86.0822653">
      </trkpt>
      <trkpt lat="23.7519746" lon="86.082524">
      </trkpt>
      <trkpt lat="23.7521904" lon="86.0831927">
      </trkpt>
      <trkpt lat="23.7523145" lon="86.0838412">
      </trkpt>
      <trkpt lat="23.7533009" lon="86.0886317">
      </trkpt>
      <trkpt lat="23.7541276" lon="86.092655">
      </trkpt>
      <trkpt lat="23.754351" lon="86.0935634">
      </trkpt>
      <trkpt lat="23.7545106" lon="86.0941981">
      </trkpt>
      <trkpt lat="23.7547675" lon="86.0951218">
      </trkpt>
      <trkpt lat="23.7552748" lon="86.0967574">
      </trkpt>
      <trkpt lat="23.7561103" lon="86.0996338">
      </trkpt>
      <trkpt lat="23.7562024" lon="86.0999443">
      </trkpt>
      <trkpt lat="23.756273" lon="86.1002949">
      </trkpt>
      <trkpt lat="23.7563321" lon="86.1006724">
      </trkpt>
      <trkpt lat="23.7563851" lon="86.1010484">
      </trkpt>
      <trkpt lat="23.7564065" lon="86.1014328">
      </trkpt>
      <trkpt lat="23.7564033" lon="86.1018171">
      </trkpt>
      <trkpt lat="23.7563786" lon="86.10228">
      </trkpt>
      <trkpt lat="23.7563257" lon="86.1027096">
      </trkpt>
      <trkpt lat="23.7562441" lon="86.1032286">
      </trkpt>
      <trkpt lat="23.7560906" lon="86.1038406">
      </trkpt>
      <trkpt lat="23.7558765" lon="86.1045381">
      </trkpt>
      <trkpt lat="23.7556354" lon="86.1052571">
      </trkpt>
      <trkpt lat="23.7554313" lon="86.1058723">
      </trkpt>
      <trkpt lat="23.7553499" lon="86.106129">
      </trkpt>
      <trkpt lat="23.7552676" lon="86.106443">
      </trkpt>
      <trkpt lat="23.7552411" lon="86.106544">
      </trkpt>
      <trkpt lat="23.7551733" lon="86.106958">
      </trkpt>
      <trkpt lat="23.7551498" lon="86.1073401">
      </trkpt>
      <trkpt lat="23.7551429" lon="86.1077085">
      </trkpt>
      <trkpt lat="23.7552554" lon="86.1112931">
      </trkpt>
      <trkpt lat="23.7552794" lon="86.1119691">
      </trkpt>
      <trkpt lat="23.7552846" lon="86.1123219">
      </trkpt>
      <trkpt lat="23.7553003" lon="86.1128944">
      </trkpt>
      <trkpt lat="23.7553227" lon="86.1136685">
      </trkpt>
      <trkpt lat="23.7553635" lon="86.115769">
      </trkpt>
      <trkpt lat="23.7554016" lon="86.1176676">
      </trkpt>
      <trkpt lat="23.7555339" lon="86.1232545">
      </trkpt>
      <trkpt lat="23.7555455" lon="86.1234939">
      </trkpt>
      <trkpt lat="23.7555625" lon="86.1236883">
      </trkpt>
      <trkpt lat="23.7555991" lon="86.1240236">
      </trkpt>
      <trkpt lat="23.7556419" lon="86.1243498">
      </trkpt>
      <trkpt lat="23.7556846" lon="86.124583">
      </trkpt>
      <trkpt lat="23.7557411" lon="86.1248908">
      </trkpt>
      <trkpt lat="23.7558067" lon="86.125168">
      </trkpt>
      <trkpt lat="23.7559117" lon="86.1255405">
      </trkpt>
      <trkpt lat="23.7561203" lon="86.1261743">
      </trkpt>
      <trkpt lat="23.7564658" lon="86.1272468">
      </trkpt>
      <trkpt lat="23.7566819" lon="86.1279542">
      </trkpt>
      <trkpt lat="23.7569314" lon="86.1286946">
      </trkpt>
      <trkpt lat="23.7570711" lon="86.1290899">
      </trkpt>
      <trkpt lat="23.7572957" lon="86.129679">
      </trkpt>
      <trkpt lat="23.7577069" lon="86.1306341">
      </trkpt>
      <trkpt lat="23.7586912" lon="86.1328253">
      </trkpt>
      <trkpt lat="23.7596224" lon="86.1349023">
      </trkpt>
      <trkpt lat="23.7601605" lon="86.1359455">
      </trkpt>
      <trkpt lat="23.7604105" lon="86.1363287">
      </trkpt>
      <trkpt lat="23.7606952" lon="86.136727">
      </trkpt>
      <trkpt lat="23.7609834" lon="86.1370797">
      </trkpt>
      <trkpt lat="23.7612091" lon="86.1373339">
      </trkpt>
      <trkpt lat="23.7614" lon="86.1375274">
      </trkpt>
      <trkpt lat="23.7617646" lon="86.1378764">
      </trkpt>
      <trkpt lat="23.7620041" lon="86.1380698">
      </trkpt>
      <trkpt lat="23.7623617" lon="86.1383392">
      </trkpt>
      <trkpt lat="23.7628269" lon="86.138654">
      </trkpt>
      <trkpt lat="23.7631706" lon="86.1388513">
      </trkpt>
      <trkpt lat="23.7636289" lon="86.1390827">
      </trkpt>
      <trkpt lat="23.76399" lon="86.1392344">
      </trkpt>
      <trkpt lat="23.7644344" lon="86.1393975">
      </trkpt>
      <trkpt lat="23.7648926" lon="86.1395455">
      </trkpt>
      <trkpt lat="23.7652884" lon="86.1396213">
      </trkpt>
      <trkpt lat="23.7657641" lon="86.1397048">
      </trkpt>
      <trkpt lat="23.7659198" lon="86.1397159">
      </trkpt>
      <trkpt lat="23.7662432" lon="86.1397389">
      </trkpt>
      <trkpt lat="23.7669201" lon="86.1397313">
      </trkpt>
      <trkpt lat="23.7674582" lon="86.139701">
      </trkpt>
      <trkpt lat="23.8049477" lon="86.1351121">
      </trkpt>
      <trkpt lat="23.8053274" lon="86.1350655">
      </trkpt>
      <trkpt lat="23.8064492" lon="86.1349183">
      </trkpt>
      <trkpt lat="23.8070974" lon="86.1348358">
      </trkpt>
      <trkpt lat="23.807489" lon="86.1347859">
      </trkpt>
      <trkpt lat="23.8113643" lon="86.1342925">
      </trkpt>
      <trkpt lat="23.8158894" lon="86.1337328">
      </trkpt>
      <trkpt lat="23.8162342" lon="86.1336902">
      </trkpt>
      <trkpt lat="23.8170848" lon="86.133585">
      </trkpt>
      <trkpt lat="23.8222313" lon="86.1329301">
      </trkpt>
      <trkpt lat="23.8256353" lon="86.1325049">
      </trkpt>
      <trkpt lat="23.829092" lon="86.1320922">
      </trkpt>
      <trkpt lat="23.8326021" lon="86.1316258">
      </trkpt>
      <trkpt lat="23.8332213" lon="86.1315485">
      </trkpt>
      <trkpt lat="23.8361482" lon="86.1311824">
      </trkpt>
      <trkpt lat="23.837857" lon="86.130969">
      </trkpt>
      <trkpt lat="23.8385514" lon="86.1308956">
      </trkpt>
      <trkpt lat="23.8389832" lon="86.1308701">
      </trkpt>
      <trkpt lat="23.8393684" lon="86.130902">
      </trkpt>
      <trkpt lat="23.8398411" lon="86.1309402">
      </trkpt>
      <trkpt lat="23.8404217" lon="86.1310423">
      </trkpt>
      <trkpt lat="23.8409673" lon="86.1311763">
      </trkpt>
      <trkpt lat="23.8415333" lon="86.1313454">
      </trkpt>
      <trkpt lat="23.8421431" lon="86.1316293">
      </trkpt>
      <trkpt lat="23.8426041" lon="86.1318749">
      </trkpt>
      <trkpt lat="23.8431351" lon="86.1322066">
      </trkpt>
      <trkpt lat="23.8435231" lon="86.132481">
      </trkpt>
      <trkpt lat="23.8439229" lon="86.1328287">
      </trkpt>
      <trkpt lat="23.8444189" lon="86.1333103">
      </trkpt>
      <trkpt lat="23.8447865" lon="86.1337154">
      </trkpt>
      <trkpt lat="23.8450461" lon="86.1340568">
      </trkpt>
      <trkpt lat="23.8453933" lon="86.1345416">
      </trkpt>
      <trkpt lat="23.8457434" lon="86.1351732">
      </trkpt>
      <trkpt lat="23.8459944" lon="86.1356836">
      </trkpt>
      <trkpt lat="23.8462336" lon="86.1362769">
      </trkpt>
      <trkpt lat="23.8464845" lon="86.1370584">
      </trkpt>
      <trkpt lat="23.8471293" lon="86.139084">
      </trkpt>
      <trkpt lat="23.8479929" lon="86.1412655">
      </trkpt>
      <trkpt lat="23.8483733" lon="86.1421893">
      </trkpt>
      <trkpt lat="23.8505395" lon="86.1476295">
      </trkpt>
      <trkpt lat="23.853489" lon="86.1548643">
      </trkpt>
      <trkpt lat="23.8538911" lon="86.1559017">
      </trkpt>
      <trkpt lat="23.8544447" lon="86.15723">
      </trkpt>
      <trkpt lat="23.855076" lon="86.1588044">
      </trkpt>
      <trkpt lat="23.8553978" lon="86.1595171">
      </trkpt>
      <trkpt lat="23.8556701" lon="86.1600585">
      </trkpt>
      <trkpt lat="23.8560785" lon="86.16069">
      </trkpt>
      <trkpt lat="23.8564127" lon="86.1611141">
      </trkpt>
      <trkpt lat="23.8568872" lon="86.1616735">
      </trkpt>
      <trkpt lat="23.8573039" lon="86.1620569">
      </trkpt>
      <trkpt lat="23.8577701" lon="86.1624449">
      </trkpt>
      <trkpt lat="23.8583601" lon="86.1628825">
      </trkpt>
      <trkpt lat="23.859016" lon="86.1632253">
      </trkpt>
      <trkpt lat="23.8597088" lon="86.1635586">
      </trkpt>
      <trkpt lat="23.8601693" lon="86.1637288">
      </trkpt>
      <trkpt lat="23.8606685" lon="86.1638666">
      </trkpt>
      <trkpt lat="23.8611007" lon="86.1639538">
      </trkpt>
      <trkpt lat="23.8615239" lon="86.1640115">
      </trkpt>
      <trkpt lat="23.8619304" lon="86.1640481">
      </trkpt>
      <trkpt lat="23.8624244" lon="86.1640565">
      </trkpt>
      <trkpt lat="23.8629312" lon="86.1640396">
      </trkpt>
      <trkpt lat="23.8633531" lon="86.1639988">
      </trkpt>
      <trkpt lat="23.8638059" lon="86.1639257">
      </trkpt>
      <trkpt lat="23.8641545" lon="86.1638525">
      </trkpt>
      <trkpt lat="23.8645688" lon="86.16374">
      </trkpt>
      <trkpt lat="23.8649714" lon="86.1635965">
      </trkpt>
      <trkpt lat="23.8653766" lon="86.1634334">
      </trkpt>
      <trkpt lat="23.8657329" lon="86.163266">
      </trkpt>
      <trkpt lat="23.8660892" lon="86.1630789">
      </trkpt>
      <trkpt lat="23.866443" lon="86.1628651">
      </trkpt>
      <trkpt lat="23.8668417" lon="86.162588">
      </trkpt>
      <trkpt lat="23.8672069" lon="86.1623212">
      </trkpt>
      <trkpt lat="23.8674501" lon="86.1621196">
      </trkpt>
      <trkpt lat="23.8677536" lon="86.1618056">
      </trkpt>
      <trkpt lat="23.8679719" lon="86.1615765">
      </trkpt>
      <trkpt lat="23.8682606" lon="86.1612725">
      </trkpt>
      <trkpt lat="23.868575" lon="86.1608892">
      </trkpt>
      <trkpt lat="23.8688849" lon="86.1604625">
      </trkpt>
      <trkpt lat="23.8691388" lon="86.160074">
      </trkpt>
      <trkpt lat="23.8692632" lon="86.1598604">
      </trkpt>
      <trkpt lat="23.869372" lon="86.1596736">
      </trkpt>
      <trkpt lat="23.8695138" lon="86.1593822">
      </trkpt>
      <trkpt lat="23.8697854" lon="86.1587891">
      </trkpt>
      <trkpt lat="23.8699598" lon="86.1582728">
      </trkpt>
      <trkpt lat="23.8702078" lon="86.1574406">
      </trkpt>
      <trkpt lat="23.8704945" lon="86.15657">
      </trkpt>
      <trkpt lat="23.8707071" lon="86.1558888">
      </trkpt>
      <trkpt lat="23.8708467" lon="86.1554327">
      </trkpt>
      <trkpt lat="23.870883" lon="86.1552433">
      </trkpt>
      <trkpt lat="23.8709429" lon="86.15493">
      </trkpt>
      <trkpt lat="23.8710283" lon="86.1544452">
      </trkpt>
      <trkpt lat="23.8711646" lon="86.1539412">
      </trkpt>
      <trkpt lat="23.8712185" lon="86.1537597">
      </trkpt>
      <trkpt lat="23.8713582" lon="86.153296">
      </trkpt>
      <trkpt lat="23.8714934" lon="86.1528575">
      </trkpt>
      <trkpt lat="23.8727682" lon="86.1486679">
      </trkpt>
      <trkpt lat="23.8731598" lon="86.1473701">
      </trkpt>
      <trkpt lat="23.8732549" lon="86.1470524">
      </trkpt>
      <trkpt lat="23.8733123" lon="86.1468399">
      </trkpt>
      <trkpt lat="23.8735073" lon="86.146215">
      </trkpt>
      <trkpt lat="23.8736911" lon="86.1455913">
      </trkpt>
      <trkpt lat="23.8738147" lon="86.1452061">
      </trkpt>
      <trkpt lat="23.873944" lon="86.1448655">
      </trkpt>
      <trkpt lat="23.8741163" lon="86.1443229">
      </trkpt>
      <trkpt lat="23.8742254" lon="86.1440094">
      </trkpt>
      <trkpt lat="23.8743414" lon="86.143753">
      </trkpt>
      <trkpt lat="23.874491" lon="86.1434479">
      </trkpt>
      <trkpt lat="23.8746041" lon="86.1432321">
      </trkpt>
      <trkpt lat="23.8752001" lon="86.142224">
      </trkpt>
      <trkpt lat="23.8754767" lon="86.1416747">
      </trkpt>
      <trkpt lat="23.8757091" lon="86.1412559">
      </trkpt>
      <trkpt lat="23.8760186" lon="86.1407239">
      </trkpt>
      <trkpt lat="23.8762967" lon="86.1402652">
      </trkpt>
      <trkpt lat="23.8763446" lon="86.140276">
      </trkpt>
      <trkpt lat="23.8766536" lon="86.1398277">
      </trkpt>
      <trkpt lat="23.8768583" lon="86.1395346">
      </trkpt>
      <trkpt lat="23.8774439" lon="86.1387689">
      </trkpt>
      <trkpt lat="23.8778955" lon="86.1382452">
      </trkpt>
      <trkpt lat="23.8838182" lon="86.1316781">
      </trkpt>
      <trkpt lat="23.887508" lon="86.12762">
      </trkpt>
      <trkpt lat="23.8886705" lon="86.1262984">
      </trkpt>
      <trkpt lat="23.8890668" lon="86.1258855">
      </trkpt>
      <trkpt lat="23.8894706" lon="86.125485">
      </trkpt>
      <trkpt lat="23.8957477" lon="86.1194765">
      </trkpt>
      <trkpt lat="23.8960409" lon="86.1191877">
      </trkpt>
      <trkpt lat="23.8962568" lon="86.1189795">
      </trkpt>
      <trkpt lat="23.8970322" lon="86.1182528">
      </trkpt>
      <trkpt lat="23.8978033" lon="86.1175213">
      </trkpt>
      <trkpt lat="23.8994241" lon="86.1159586">
      </trkpt>
      <trkpt lat="23.8996391" lon="86.1157513">
      </trkpt>
      <trkpt lat="23.9000318" lon="86.1153571">
      </trkpt>
      <trkpt lat="23.9004105" lon="86.1149632">
      </trkpt>
      <trkpt lat="23.900738" lon="86.1146048">
      </trkpt>
      <trkpt lat="23.9010549" lon="86.1142312">
      </trkpt>
      <trkpt lat="23.9013631" lon="86.1138499">
      </trkpt>
      <trkpt lat="23.9016608" lon="86.1134571">
      </trkpt>
      <trkpt lat="23.9019167" lon="86.1131094">
      </trkpt>
      <trkpt lat="23.9021653" lon="86.1127537">
      </trkpt>
      <trkpt lat="23.9023976" lon="86.1123902">
      </trkpt>
      <trkpt lat="23.9026281" lon="86.1120128">
      </trkpt>
      <trkpt lat="23.9064266" lon="86.1056304">
      </trkpt>
      <trkpt lat="23.9137198" lon="86.0934013">
      </trkpt>
      <trkpt lat="23.91426" lon="86.0925302">
      </trkpt>
      <trkpt lat="23.9148552" lon="86.0916748">
      </trkpt>
      <trkpt lat="23.9152578" lon="86.0911427">
      </trkpt>
      <trkpt lat="23.9156044" lon="86.0907295">
      </trkpt>
      <trkpt lat="23.915959" lon="86.0903337">
      </trkpt>
      <trkpt lat="23.9162409" lon="86.0900275">
      </trkpt>
      <trkpt lat="23.9165307" lon="86.0897344">
      </trkpt>
      <trkpt lat="23.9168272" lon="86.0894522">
      </trkpt>
      <trkpt lat="23.9171277" lon="86.0891808">
      </trkpt>
      <trkpt lat="23.9255146" lon="86.0820849">
      </trkpt>
      <trkpt lat="23.9263426" lon="86.0814112">
      </trkpt>
      <trkpt lat="23.9265084" lon="86.0812742">
      </trkpt>
      <trkpt lat="23.9276294" lon="86.0802818">
      </trkpt>
      <trkpt lat="23.9282114" lon="86.0797964">
      </trkpt>
      <trkpt lat="23.9287537" lon="86.0793417">
      </trkpt>
      <trkpt lat="23.9294145" lon="86.0787892">
      </trkpt>
      <trkpt lat="23.9315651" lon="86.0769665">
      </trkpt>
      <trkpt lat="23.9328391" lon="86.0758947">
      </trkpt>
      <trkpt lat="23.9344532" lon="86.0745485">
      </trkpt>
      <trkpt lat="23.9345537" lon="86.0744629">
      </trkpt>
      <trkpt lat="23.9354906" lon="86.0736544">
      </trkpt>
      <trkpt lat="23.938481" lon="86.0711406">
      </trkpt>
      <trkpt lat="23.940814" lon="86.0691753">
      </trkpt>
      <trkpt lat="23.9414141" lon="86.068673">
      </trkpt>
      <trkpt lat="23.942027" lon="86.068194">
      </trkpt>
      <trkpt lat="23.9425857" lon="86.0677854">
      </trkpt>
      <trkpt lat="23.9432563" lon="86.0673245">
      </trkpt>
      <trkpt lat="23.9438461" lon="86.0669379">
      </trkpt>
      <trkpt lat="23.9592572" lon="86.0572993">
      </trkpt>
      <trkpt lat="23.9598484" lon="86.056921">
      </trkpt>
      <trkpt lat="23.9603319" lon="86.0565816">
      </trkpt>
      <trkpt lat="23.960602" lon="86.0563736">
      </trkpt>
      <trkpt lat="23.9608638" lon="86.0561619">
      </trkpt>
      <trkpt lat="23.9611221" lon="86.0559429">
      </trkpt>
      <trkpt lat="23.9613789" lon="86.0557147">
      </trkpt>
      <trkpt lat="23.9616331" lon="86.0554865">
      </trkpt>
      <trkpt lat="23.9618856" lon="86.0552565">
      </trkpt>
      <trkpt lat="23.9621331" lon="86.0550174">
      </trkpt>
      <trkpt lat="23.9623823" lon="86.0547746">
      </trkpt>
      <trkpt lat="23.9628149" lon="86.0543178">
      </trkpt>
      <trkpt lat="23.9632308" lon="86.0538427">
      </trkpt>
      <trkpt lat="23.9640308" lon="86.0528466">
      </trkpt>
      <trkpt lat="23.9644989" lon="86.0522583">
      </trkpt>
      <trkpt lat="23.9705518" lon="86.0443981">
      </trkpt>
      <trkpt lat="23.9713998" lon="86.043308">
      </trkpt>
      <trkpt lat="23.9716739" lon="86.0429648">
      </trkpt>
      <trkpt lat="23.9719567" lon="86.0426375">
      </trkpt>
      <trkpt lat="23.9722446" lon="86.0423443">
      </trkpt>
      <trkpt lat="23.9725384" lon="86.0420737">
      </trkpt>
      <trkpt lat="23.9729632" lon="86.0417395">
      </trkpt>
      <trkpt lat="23.9733968" lon="86.0414311">
      </trkpt>
      <trkpt lat="23.9737711" lon="86.0411956">
      </trkpt>
      <trkpt lat="23.9741484" lon="86.0409827">
      </trkpt>
      <trkpt lat="23.9745459" lon="86.0407943">
      </trkpt>
      <trkpt lat="23.9749482" lon="86.0406352">
      </trkpt>
      <trkpt lat="23.9753408" lon="86.040504">
      </trkpt>
      <trkpt lat="23.9757334" lon="86.0403942">
      </trkpt>
      <trkpt lat="23.976151" lon="86.0403055">
      </trkpt>
      <trkpt lat="23.9765686" lon="86.0402411">
      </trkpt>
      <trkpt lat="23.976988" lon="86.0401988">
      </trkpt>
      <trkpt lat="23.9774074" lon="86.0401766">
      </trkpt>
      <trkpt lat="23.9782368" lon="86.0401762">
      </trkpt>
      <trkpt lat="23.9800233" lon="86.0402128">
      </trkpt>
      <trkpt lat="23.9804215" lon="86.0402156">
      </trkpt>
      <trkpt lat="23.980832" lon="86.0402034">
      </trkpt>
      <trkpt lat="23.9812426" lon="86.0401743">
      </trkpt>
      <trkpt lat="23.9816474" lon="86.0401282">
      </trkpt>
      <trkpt lat="23.9820521" lon="86.0400695">
      </trkpt>
      <trkpt lat="23.9823679" lon="86.040011">
      </trkpt>
      <trkpt lat="23.982681" lon="86.0399435">
      </trkpt>
      <trkpt lat="23.9830556" lon="86.0398467">
      </trkpt>
      <trkpt lat="23.9834271" lon="86.0397358">
      </trkpt>
      <trkpt lat="23.9836409" lon="86.0396617">
      </trkpt>
      <trkpt lat="23.9838548" lon="86.0395811">
      </trkpt>
      <trkpt lat="23.9840586" lon="86.0395032">
      </trkpt>
      <trkpt lat="23.9842625" lon="86.0394187">
      </trkpt>
      <trkpt lat="23.984667" lon="86.0392361">
      </trkpt>
      <trkpt lat="23.9863399" lon="86.0384526">
      </trkpt>
      <trkpt lat="23.98752" lon="86.0378992">
      </trkpt>
      <trkpt lat="23.9916446" lon="86.03598">
      </trkpt>
      <trkpt lat="23.9936043" lon="86.0350851">
      </trkpt>
      <trkpt lat="24.003921" lon="86.0302664">
      </trkpt>
      <trkpt lat="24.0048769" lon="86.0298265">
      </trkpt>
      <trkpt lat="24.005438" lon="86.029579">
      </trkpt>
      <trkpt lat="24.0060019" lon="86.0293528">
      </trkpt>
      <trkpt lat="24.0064786" lon="86.0291832">
      </trkpt>
      <trkpt lat="24.0069581" lon="86.0290257">
      </trkpt>
      <trkpt lat="24.0074431" lon="86.0288909">
      </trkpt>
      <trkpt lat="24.0079337" lon="86.0287653">
      </trkpt>
      <trkpt lat="24.0084346" lon="86.0286366">
      </trkpt>
      <trkpt lat="24.0146738" lon="86.0270869">
      </trkpt>
      <trkpt lat="24.0148769" lon="86.0270345">
      </trkpt>
      <trkpt lat="24.0154143" lon="86.0268733">
      </trkpt>
      <trkpt lat="24.0164804" lon="86.0266172">
      </trkpt>
      <trkpt lat="24.0174076" lon="86.0263649">
      </trkpt>
      <trkpt lat="24.0180652" lon="86.0262146">
      </trkpt>
      <trkpt lat="24.018872" lon="86.0259975">
      </trkpt>
      <trkpt lat="24.0193635" lon="86.0258453">
      </trkpt>
      <trkpt lat="24.0198923" lon="86.0256468">
      </trkpt>
      <trkpt lat="24.0204262" lon="86.0254408">
      </trkpt>
      <trkpt lat="24.0209754" lon="86.0251847">
      </trkpt>
      <trkpt lat="24.0214957" lon="86.0248767">
      </trkpt>
      <trkpt lat="24.0221313" lon="86.0244685">
      </trkpt>
      <trkpt lat="24.0226567" lon="86.0240584">
      </trkpt>
      <trkpt lat="24.0230126" lon="86.0237671">
      </trkpt>
      <trkpt lat="24.0235261" lon="86.0232623">
      </trkpt>
      <trkpt lat="24.0241532" lon="86.0225962">
      </trkpt>
      <trkpt lat="24.0246074" lon="86.0219801">
      </trkpt>
      <trkpt lat="24.0249413" lon="86.0214717">
      </trkpt>
      <trkpt lat="24.0253193" lon="86.0208686">
      </trkpt>
      <trkpt lat="24.0255531" lon="86.0204307">
      </trkpt>
      <trkpt lat="24.0261514" lon="86.0190409">
      </trkpt>
      <trkpt lat="24.0267226" lon="86.0175397">
      </trkpt>
      <trkpt lat="24.027253" lon="86.0161091">
      </trkpt>
      <trkpt lat="24.0277225" lon="86.0148454">
      </trkpt>
      <trkpt lat="24.0280225" lon="86.0140958">
      </trkpt>
      <trkpt lat="24.0282767" lon="86.0135038">
      </trkpt>
      <trkpt lat="24.028558" lon="86.0129286">
      </trkpt>
      <trkpt lat="24.0289817" lon="86.0121845">
      </trkpt>
      <trkpt lat="24.0295495" lon="86.0113105">
      </trkpt>
      <trkpt lat="24.0301037" lon="86.0105405">
      </trkpt>
      <trkpt lat="24.0306036" lon="86.0099188">
      </trkpt>
      <trkpt lat="24.0309629" lon="86.0095069">
      </trkpt>
      <trkpt lat="24.0315222" lon="86.0089038">
      </trkpt>
      <trkpt lat="24.0322746" lon="86.0081876">
      </trkpt>
      <trkpt lat="24.0330898" lon="86.0075047">
      </trkpt>
      <trkpt lat="24.0338643" lon="86.0068905">
      </trkpt>
      <trkpt lat="24.0349065" lon="86.0060834">
      </trkpt>
      <trkpt lat="24.0356658" lon="86.0054951">
      </trkpt>
      <trkpt lat="24.0367758" lon="86.0046304">
      </trkpt>
      <trkpt lat="24.0378587" lon="86.0037954">
      </trkpt>
      <trkpt lat="24.0392112" lon="86.002752">
      </trkpt>
      <trkpt lat="24.0403224" lon="86.0019022">
      </trkpt>
      <trkpt lat="24.0410639" lon="86.0013184">
      </trkpt>
      <trkpt lat="24.0421072" lon="86.0005316">
      </trkpt>
      <trkpt lat="24.0429734" lon="85.9998382">
      </trkpt>
      <trkpt lat="24.0439921" lon="85.9990532">
      </trkpt>
      <trkpt lat="24.045708" lon="85.9977204">
      </trkpt>
      <trkpt lat="24.0467267" lon="85.9969246">
      </trkpt>
      <trkpt lat="24.0477569" lon="85.9961235">
      </trkpt>
      <trkpt lat="24.0486033" lon="85.9954642">
      </trkpt>
      <trkpt lat="24.0494727" lon="85.994787">
      </trkpt>
      <trkpt lat="24.0503503" lon="85.9940918">
      </trkpt>
      <trkpt lat="24.0512476" lon="85.9933913">
      </trkpt>
      <trkpt lat="24.0521366" lon="85.9926889">
      </trkpt>
      <trkpt lat="24.0530811" lon="85.991944">
      </trkpt>
      <trkpt lat="24.0539915" lon="85.9912327">
      </trkpt>
      <trkpt lat="24.0547706" lon="85.990622">
      </trkpt>
      <trkpt lat="24.0555465" lon="85.990031">
      </trkpt>
      <trkpt lat="24.0564683" lon="85.9893107">
      </trkpt>
      <trkpt lat="24.0572426" lon="85.9886927">
      </trkpt>
      <trkpt lat="24.0579807" lon="85.9881431">
      </trkpt>
      <trkpt lat="24.058581" lon="85.9876994">
      </trkpt>
      <trkpt lat="24.0589041" lon="85.9874694">
      </trkpt>
      <trkpt lat="24.0596406" lon="85.9870347">
      </trkpt>
      <trkpt lat="24.0603083" lon="85.9867555">
      </trkpt>
      <trkpt lat="24.0612418" lon="85.986463">
      </trkpt>
      <trkpt lat="24.0621226" lon="85.9862348">
      </trkpt>
      <trkpt lat="24.0629886" lon="85.9859941">
      </trkpt>
      <trkpt lat="24.063748" lon="85.9857858">
      </trkpt>
      <trkpt lat="24.0642991" lon="85.9856259">
      </trkpt>
      <trkpt lat="24.0647518" lon="85.9854534">
      </trkpt>
      <trkpt lat="24.0653685" lon="85.9851714">
      </trkpt>
      <trkpt lat="24.0657556" lon="85.9849864">
      </trkpt>
      <trkpt lat="24.0663001" lon="85.9846774">
      </trkpt>
      <trkpt lat="24.0670317" lon="85.9841673">
      </trkpt>
      <trkpt lat="24.0678402" lon="85.9835691">
      </trkpt>
      <trkpt lat="24.0687177" lon="85.9829332">
      </trkpt>
      <trkpt lat="24.0696231" lon="85.982256">
      </trkpt>
      <trkpt lat="24.070494" lon="85.9815968">
      </trkpt>
      <trkpt lat="24.0713806" lon="85.980924">
      </trkpt>
      <trkpt lat="24.0723374" lon="85.9802029">
      </trkpt>
      <trkpt lat="24.0733231" lon="85.9794843">
      </trkpt>
      <trkpt lat="24.0742497" lon="85.9787928">
      </trkpt>
      <trkpt lat="24.0750632" lon="85.9781838">
      </trkpt>
      <trkpt lat="24.0757619" lon="85.9776593">
      </trkpt>
      <trkpt lat="24.0761866" lon="85.9773342">
      </trkpt>
      <trkpt lat="24.0767049" lon="85.9768707">
      </trkpt>
      <trkpt lat="24.077292" lon="85.9762887">
      </trkpt>
      <trkpt lat="24.077825" lon="85.97566">
      </trkpt>
      <trkpt lat="24.0781661" lon="85.9752343">
      </trkpt>
      <trkpt lat="24.0786138" lon="85.9745535">
      </trkpt>
      <trkpt lat="24.0793715" lon="85.9732566">
      </trkpt>
      <trkpt lat="24.0799914" lon="85.9721608">
      </trkpt>
      <trkpt lat="24.0807032" lon="85.9708819">
      </trkpt>
      <trkpt lat="24.0815035" lon="85.9694843">
      </trkpt>
      <trkpt lat="24.0822497" lon="85.9681425">
      </trkpt>
      <trkpt lat="24.0828876" lon="85.9669965">
      </trkpt>
      <trkpt lat="24.0836518" lon="85.9656295">
      </trkpt>
      <trkpt lat="24.0843127" lon="85.9644619">
      </trkpt>
      <trkpt lat="24.0850343" lon="85.9631632">
      </trkpt>
      <trkpt lat="24.0854328" lon="85.9624644">
      </trkpt>
      <trkpt lat="24.085746" lon="85.9619525">
      </trkpt>
      <trkpt lat="24.0861117" lon="85.961401">
      </trkpt>
      <trkpt lat="24.0863577" lon="85.9610597">
      </trkpt>
      <trkpt lat="24.0868742" lon="85.9604741">
      </trkpt>
      <trkpt lat="24.0871563" lon="85.9601831">
      </trkpt>
      <trkpt lat="24.0875646" lon="85.9598077">
      </trkpt>
      <trkpt lat="24.0879352" lon="85.95954">
      </trkpt>
      <trkpt lat="24.0884666" lon="85.959179">
      </trkpt>
      <trkpt lat="24.089439" lon="85.9586814">
      </trkpt>
      <trkpt lat="24.0903393" lon="85.9582197">
      </trkpt>
      <trkpt lat="24.0913117" lon="85.9577491">
      </trkpt>
      <trkpt lat="24.0922776" lon="85.9572785">
      </trkpt>
      <trkpt lat="24.09325" lon="85.9568204">
      </trkpt>
      <trkpt lat="24.0943126" lon="85.9562995">
      </trkpt>
      <trkpt lat="24.0952391" lon="85.9558271">
      </trkpt>
      <trkpt lat="24.0958917" lon="85.9555163">
      </trkpt>
      <trkpt lat="24.0967427" lon="85.9551247">
      </trkpt>
      <trkpt lat="24.097151" lon="85.9549792">
      </trkpt>
      <trkpt lat="24.0975987" lon="85.9548319">
      </trkpt>
      <trkpt lat="24.0980349" lon="85.9547439">
      </trkpt>
      <trkpt lat="24.0985169" lon="85.9546774">
      </trkpt>
      <trkpt lat="24.0989154" lon="85.9546487">
      </trkpt>
      <trkpt lat="24.0993745" lon="85.9546379">
      </trkpt>
      <trkpt lat="24.1001321" lon="85.9546774">
      </trkpt>
      <trkpt lat="24.1007798" lon="85.9547655">
      </trkpt>
      <trkpt lat="24.101716" lon="85.9549343">
      </trkpt>
      <trkpt lat="24.1022112" lon="85.9549882">
      </trkpt>
      <trkpt lat="24.1028851" lon="85.9550313">
      </trkpt>
      <trkpt lat="24.1035476" lon="85.9550026">
      </trkpt>
      <trkpt lat="24.1045461" lon="85.9548696">
      </trkpt>
      <trkpt lat="24.1050298" lon="85.9547655">
      </trkpt>
      <trkpt lat="24.1053578" lon="85.9546685">
      </trkpt>
      <trkpt lat="24.1060267" lon="85.9544349">
      </trkpt>
      <trkpt lat="24.1067744" lon="85.9540936">
      </trkpt>
      <trkpt lat="24.1073647" lon="85.9537721">
      </trkpt>
      <trkpt lat="24.108055" lon="85.9533051">
      </trkpt>
      <trkpt lat="24.1089207" lon="85.952574">
      </trkpt>
      <trkpt lat="24.1093503" lon="85.9521249">
      </trkpt>
      <trkpt lat="24.1096405" lon="85.9518016">
      </trkpt>
      <trkpt lat="24.1101127" lon="85.9511854">
      </trkpt>
      <trkpt lat="24.1101907" lon="85.951072">
      </trkpt>
      <trkpt lat="24.1103787" lon="85.9507987">
      </trkpt>
      <trkpt lat="24.1104439" lon="85.950704">
      </trkpt>
      <trkpt lat="24.1107816" lon="85.9500933">
      </trkpt>
      <trkpt lat="24.1110636" lon="85.9495131">
      </trkpt>
      <trkpt lat="24.1113473" lon="85.9487802">
      </trkpt>
      <trkpt lat="24.1116883" lon="85.9475928">
      </trkpt>
      <trkpt lat="24.1120048" lon="85.9462402">
      </trkpt>
      <trkpt lat="24.112313" lon="85.9448714">
      </trkpt>
      <trkpt lat="24.1127065" lon="85.9431739">
      </trkpt>
      <trkpt lat="24.1129229" lon="85.9422219">
      </trkpt>
      <trkpt lat="24.1132459" lon="85.9407777">
      </trkpt>
      <trkpt lat="24.1135443" lon="85.9394664">
      </trkpt>
      <trkpt lat="24.1137427" lon="85.9386994">
      </trkpt>
      <trkpt lat="24.1140575" lon="85.9377042">
      </trkpt>
      <trkpt lat="24.1143428" lon="85.9369156">
      </trkpt>
      <trkpt lat="24.1145969" lon="85.9363157">
      </trkpt>
      <trkpt lat="24.1150035" lon="85.9354301">
      </trkpt>
      <trkpt lat="24.1154937" lon="85.9345391">
      </trkpt>
      <trkpt lat="24.1162003" lon="85.9334326">
      </trkpt>
      <trkpt lat="24.1165824" lon="85.9328836">
      </trkpt>
      <trkpt lat="24.1169184" lon="85.9324033">
      </trkpt>
      <trkpt lat="24.1177333" lon="85.9311962">
      </trkpt>
      <trkpt lat="24.1184579" lon="85.9301562">
      </trkpt>
      <trkpt lat="24.1192449" lon="85.9289329">
      </trkpt>
      <trkpt lat="24.1202204" lon="85.92753">
      </trkpt>
      <trkpt lat="24.1212204" lon="85.9260857">
      </trkpt>
      <trkpt lat="24.1221041" lon="85.9248104">
      </trkpt>
      <trkpt lat="24.1230222" lon="85.9234811">
      </trkpt>
      <trkpt lat="24.1240255" lon="85.9220315">
      </trkpt>
      <trkpt lat="24.1249928" lon="85.9206609">
      </trkpt>
      <trkpt lat="24.1260551" lon="85.9191323">
      </trkpt>
      <trkpt lat="24.127024" lon="85.9177312">
      </trkpt>
      <trkpt lat="24.128006" lon="85.9163372">
      </trkpt>
      <trkpt lat="24.1289847" lon="85.9149146">
      </trkpt>
      <trkpt lat="24.1297797" lon="85.9137434">
      </trkpt>
      <trkpt lat="24.130183" lon="85.9131901">
      </trkpt>
      <trkpt lat="24.1306978" lon="85.9124554">
      </trkpt>
      <trkpt lat="24.1313221" lon="85.9115275">
      </trkpt>
      <trkpt lat="24.131547" lon="85.9111985">
      </trkpt>
      <trkpt lat="24.1317765" lon="85.9108746">
      </trkpt>
      <trkpt lat="24.1322645" lon="85.9101531">
      </trkpt>
      <trkpt lat="24.1325613" lon="85.9097441">
      </trkpt>
      <trkpt lat="24.1328245" lon="85.9094547">
      </trkpt>
      <trkpt lat="24.1332127" lon="85.9090278">
      </trkpt>
      <trkpt lat="24.1334411" lon="85.9087712">
      </trkpt>
      <trkpt lat="24.1336926" lon="85.9085362">
      </trkpt>
      <trkpt lat="24.1341459" lon="85.9081437">
      </trkpt>
      <trkpt lat="24.1345236" lon="85.9078383">
      </trkpt>
      <trkpt lat="24.13516" lon="85.9073671">
      </trkpt>
      <trkpt lat="24.1358195" lon="85.9068438">
      </trkpt>
      <trkpt lat="24.136384" lon="85.9063941">
      </trkpt>
      <trkpt lat="24.1364745" lon="85.9063243">
      </trkpt>
      <trkpt lat="24.1368732" lon="85.9060169">
      </trkpt>
      <trkpt lat="24.1373941" lon="85.9055961">
      </trkpt>
      <trkpt lat="24.1377776" lon="85.9052818">
      </trkpt>
      <trkpt lat="24.1381022" lon="85.9050411">
      </trkpt>
      <trkpt lat="24.1383514" lon="85.9048632">
      </trkpt>
      <trkpt lat="24.139248" lon="85.9041501">
      </trkpt>
      <trkpt lat="24.1402201" lon="85.9034154">
      </trkpt>
      <trkpt lat="24.1409856" lon="85.9028029">
      </trkpt>
      <trkpt lat="24.1417298" lon="85.9022335">
      </trkpt>
      <trkpt lat="24.1418597" lon="85.9021302">
      </trkpt>
      <trkpt lat="24.1425477" lon="85.9015832">
      </trkpt>
      <trkpt lat="24.1433149" lon="85.9009922">
      </trkpt>
      <trkpt lat="24.1444066" lon="85.900139">
      </trkpt>
      <trkpt lat="24.1449819" lon="85.8996917">
      </trkpt>
      <trkpt lat="24.1459424" lon="85.8989552">
      </trkpt>
      <trkpt lat="24.1469767" lon="85.8981433">
      </trkpt>
      <trkpt lat="24.1480061" lon="85.8973421">
      </trkpt>
      <trkpt lat="24.1487552" lon="85.8967601">
      </trkpt>
      <trkpt lat="24.149696" lon="85.8960308">
      </trkpt>
      <trkpt lat="24.1506893" lon="85.8952477">
      </trkpt>
      <trkpt lat="24.1516252" lon="85.8945202">
      </trkpt>
      <trkpt lat="24.1525398" lon="85.8938178">
      </trkpt>
      <trkpt lat="24.1536084" lon="85.8929915">
      </trkpt>
      <trkpt lat="24.1544017" lon="85.8923736">
      </trkpt>
      <trkpt lat="24.154941" lon="85.8919514">
      </trkpt>
      <trkpt lat="24.1553933" lon="85.8916389">
      </trkpt>
      <trkpt lat="24.1558654" lon="85.8913551">
      </trkpt>
      <trkpt lat="24.1563669" lon="85.891118">
      </trkpt>
      <trkpt lat="24.1568537" lon="85.890915">
      </trkpt>
      <trkpt lat="24.1572389" lon="85.8907749">
      </trkpt>
      <trkpt lat="24.157724" lon="85.8906384">
      </trkpt>
      <trkpt lat="24.1582665" lon="85.8905306">
      </trkpt>
      <trkpt lat="24.1586009" lon="85.8904875">
      </trkpt>
      <trkpt lat="24.1590975" lon="85.8904497">
      </trkpt>
      <trkpt lat="24.1597022" lon="85.8904605">
      </trkpt>
      <trkpt lat="24.1600497" lon="85.8904839">
      </trkpt>
      <trkpt lat="24.1605699" lon="85.8905346">
      </trkpt>
      <trkpt lat="24.1629052" lon="85.8909979">
      </trkpt>
      <trkpt lat="24.1637279" lon="85.8911758">
      </trkpt>
      <trkpt lat="24.1645867" lon="85.8913428">
      </trkpt>
      <trkpt lat="24.1651075" lon="85.8914425">
      </trkpt>
      <trkpt lat="24.1670614" lon="85.8918386">
      </trkpt>
      <trkpt lat="24.1676526" lon="85.8919523">
      </trkpt>
      <trkpt lat="24.1686402" lon="85.8921566">
      </trkpt>
      <trkpt lat="24.1690632" lon="85.8922358">
      </trkpt>
      <trkpt lat="24.1695636" lon="85.8923306">
      </trkpt>
      <trkpt lat="24.1701146" lon="85.8924224">
      </trkpt>
      <trkpt lat="24.1705898" lon="85.8924907">
      </trkpt>
      <trkpt lat="24.1711061" lon="85.8925212">
      </trkpt>
      <trkpt lat="24.1714289" lon="85.8925266">
      </trkpt>
      <trkpt lat="24.1720222" lon="85.8925284">
      </trkpt>
      <trkpt lat="24.1727236" lon="85.8924619">
      </trkpt>
      <trkpt lat="24.1732512" lon="85.8923793">
      </trkpt>
      <trkpt lat="24.1737134" lon="85.8922733">
      </trkpt>
      <trkpt lat="24.1740903" lon="85.8921907">
      </trkpt>
      <trkpt lat="24.1746229" lon="85.8920236">
      </trkpt>
      <trkpt lat="24.1752604" lon="85.8917686">
      </trkpt>
      <trkpt lat="24.1755261" lon="85.8916557">
      </trkpt>
      <trkpt lat="24.1759178" lon="85.8914728">
      </trkpt>
      <trkpt lat="24.1762619" lon="85.8912857">
      </trkpt>
      <trkpt lat="24.1765099" lon="85.8911324">
      </trkpt>
      <trkpt lat="24.1769754" lon="85.890859">
      </trkpt>
      <trkpt lat="24.1775901" lon="85.8903995">
      </trkpt>
      <trkpt lat="24.1782089" lon="85.889854">
      </trkpt>
      <trkpt lat="24.1784857" lon="85.8895911">
      </trkpt>
      <trkpt lat="24.1788037" lon="85.8892848">
      </trkpt>
      <trkpt lat="24.1792854" lon="85.888755">
      </trkpt>
      <trkpt lat="24.1796069" lon="85.888342">
      </trkpt>
      <trkpt lat="24.1801916" lon="85.8874832">
      </trkpt>
      <trkpt lat="24.1803214" lon="85.8872658">
      </trkpt>
      <trkpt lat="24.1808644" lon="85.8863562">
      </trkpt>
      <trkpt lat="24.1815976" lon="85.8851282">
      </trkpt>
      <trkpt lat="24.1828807" lon="85.8829583">
      </trkpt>
      <trkpt lat="24.1841785" lon="85.8807543">
      </trkpt>
      <trkpt lat="24.1849585" lon="85.8794649">
      </trkpt>
      <trkpt lat="24.1851174" lon="85.8792023">
      </trkpt>
      <trkpt lat="24.1857385" lon="85.8781245">
      </trkpt>
      <trkpt lat="24.1865349" lon="85.8768006">
      </trkpt>
      <trkpt lat="24.1874131" lon="85.8753079">
      </trkpt>
      <trkpt lat="24.1880424" lon="85.8742678">
      </trkpt>
      <trkpt lat="24.1883701" lon="85.8737128">
      </trkpt>
      <trkpt lat="24.1887732" lon="85.8730374">
      </trkpt>
      <trkpt lat="24.1891402" lon="85.8724086">
      </trkpt>
      <trkpt lat="24.1895712" lon="85.8717081">
      </trkpt>
      <trkpt lat="24.1899693" lon="85.8710201">
      </trkpt>
      <trkpt lat="24.1903626" lon="85.870377">
      </trkpt>
      <trkpt lat="24.1907264" lon="85.8697878">
      </trkpt>
      <trkpt lat="24.1910459" lon="85.8692687">
      </trkpt>
      <trkpt lat="24.1914801" lon="85.8686616">
      </trkpt>
      <trkpt lat="24.1917282" lon="85.8683458">
      </trkpt>
      <trkpt lat="24.19197" lon="85.8680382">
      </trkpt>
      <trkpt lat="24.192457" lon="85.8674669">
      </trkpt>
      <trkpt lat="24.1929246" lon="85.8669173">
      </trkpt>
      <trkpt lat="24.1935417" lon="85.8661915">
      </trkpt>
      <trkpt lat="24.1941512" lon="85.8655089">
      </trkpt>
      <trkpt lat="24.1950065" lon="85.8645479">
      </trkpt>
      <trkpt lat="24.1957848" lon="85.8636659">
      </trkpt>
      <trkpt lat="24.1961613" lon="85.8632207">
      </trkpt>
      <trkpt lat="24.1965778" lon="85.8627282">
      </trkpt>
      <trkpt lat="24.1972791" lon="85.8619235">
      </trkpt>
      <trkpt lat="24.1980869" lon="85.8610092">
      </trkpt>
      <trkpt lat="24.1988586" lon="85.8601254">
      </trkpt>
      <trkpt lat="24.1998417" lon="85.8589829">
      </trkpt>
      <trkpt lat="24.2007608" lon="85.8579339">
      </trkpt>
      <trkpt lat="24.2010164" lon="85.8576493">
      </trkpt>
      <trkpt lat="24.2012884" lon="85.8573465">
      </trkpt>
      <trkpt lat="24.2021289" lon="85.8563747">
      </trkpt>
      <trkpt lat="24.2030005" lon="85.8553616">
      </trkpt>
      <trkpt lat="24.2039066" lon="85.8543108">
      </trkpt>
      <trkpt lat="24.204711" lon="85.8533875">
      </trkpt>
      <trkpt lat="24.2055826" lon="85.8523905">
      </trkpt>
      <trkpt lat="24.2057978" lon="85.8521454">
      </trkpt>
      <trkpt lat="24.2062953" lon="85.8515786">
      </trkpt>
      <trkpt lat="24.2072062" lon="85.8505349">
      </trkpt>
      <trkpt lat="24.2073483" lon="85.8503704">
      </trkpt>
      <trkpt lat="24.2078534" lon="85.8497859">
      </trkpt>
      <trkpt lat="24.2086332" lon="85.848877">
      </trkpt>
      <trkpt lat="24.2093918" lon="85.8480147">
      </trkpt>
      <trkpt lat="24.209862" lon="85.847501">
      </trkpt>
      <trkpt lat="24.2104993" lon="85.846734">
      </trkpt>
      <trkpt lat="24.2108646" lon="85.8463208">
      </trkpt>
      <trkpt lat="24.2115494" lon="85.8455358">
      </trkpt>
      <trkpt lat="24.212439" lon="85.844494">
      </trkpt>
      <trkpt lat="24.2130149" lon="85.8438382">
      </trkpt>
      <trkpt lat="24.2132909" lon="85.843524">
      </trkpt>
      <trkpt lat="24.2140031" lon="85.8427081">
      </trkpt>
      <trkpt lat="24.2143417" lon="85.8423017">
      </trkpt>
      <trkpt lat="24.2150081" lon="85.8415477">
      </trkpt>
      <trkpt lat="24.2153854" lon="85.8410658">
      </trkpt>
      <trkpt lat="24.2160486" lon="85.840342">
      </trkpt>
      <trkpt lat="24.2167103" lon="85.8395996">
      </trkpt>
      <trkpt lat="24.2171248" lon="85.839103">
      </trkpt>
      <trkpt lat="24.217679" lon="85.8384196">
      </trkpt>
      <trkpt lat="24.2180613" lon="85.8378506">
      </trkpt>
      <trkpt lat="24.2182977" lon="85.8375072">
      </trkpt>
      <trkpt lat="24.2187275" lon="85.8367043">
      </trkpt>
      <trkpt lat="24.2192127" lon="85.8356875">
      </trkpt>
      <trkpt lat="24.2195796" lon="85.8348509">
      </trkpt>
      <trkpt lat="24.2199542" lon="85.8340244">
      </trkpt>
      <trkpt lat="24.2203794" lon="85.8330834">
      </trkpt>
      <trkpt lat="24.2207448" lon="85.8322956">
      </trkpt>
      <trkpt lat="24.2211209" lon="85.8315027">
      </trkpt>
      <trkpt lat="24.2215507" lon="85.8305398">
      </trkpt>
      <trkpt lat="24.221956" lon="85.8296443">
      </trkpt>
      <trkpt lat="24.2224718" lon="85.8285484">
      </trkpt>
      <trkpt lat="24.2227696" lon="85.8278784">
      </trkpt>
      <trkpt lat="24.2230813" lon="85.8272034">
      </trkpt>
      <trkpt lat="24.2234236" lon="85.826562">
      </trkpt>
      <trkpt lat="24.2234839" lon="85.8264592">
      </trkpt>
      <trkpt lat="24.223835" lon="85.8258601">
      </trkpt>
      <trkpt lat="24.2243785" lon="85.825047">
      </trkpt>
      <trkpt lat="24.2249572" lon="85.8242744">
      </trkpt>
      <trkpt lat="24.2255359" lon="85.8235993">
      </trkpt>
      <trkpt lat="24.2261577" lon="85.8229176">
      </trkpt>
      <trkpt lat="24.22626" lon="85.8228225">
      </trkpt>
      <trkpt lat="24.2269344" lon="85.8221954">
      </trkpt>
      <trkpt lat="24.2277357" lon="85.8214261">
      </trkpt>
      <trkpt lat="24.2284066" lon="85.82081">
      </trkpt>
      <trkpt lat="24.2287111" lon="85.820541">
      </trkpt>
      <trkpt lat="24.2292125" lon="85.820098">
      </trkpt>
      <trkpt lat="24.2299217" lon="85.819561">
      </trkpt>
      <trkpt lat="24.230591" lon="85.8190863">
      </trkpt>
      <trkpt lat="24.2314045" lon="85.8185892">
      </trkpt>
      <trkpt lat="24.2315304" lon="85.8185123">
      </trkpt>
      <trkpt lat="24.2324438" lon="85.8180645">
      </trkpt>
      <trkpt lat="24.2332389" lon="85.8176807">
      </trkpt>
      <trkpt lat="24.2336504" lon="85.8174674">
      </trkpt>
      <trkpt lat="24.2339665" lon="85.8173036">
      </trkpt>
      <trkpt lat="24.2348384" lon="85.8168676">
      </trkpt>
      <trkpt lat="24.2356458" lon="85.8164468">
      </trkpt>
      <trkpt lat="24.2364379" lon="85.8160529">
      </trkpt>
      <trkpt lat="24.2371271" lon="85.8157213">
      </trkpt>
      <trkpt lat="24.237979" lon="85.8152886">
      </trkpt>
      <trkpt lat="24.238329" lon="85.8151214">
      </trkpt>
      <trkpt lat="24.2389199" lon="85.8148392">
      </trkpt>
      <trkpt lat="24.2399222" lon="85.8143274">
      </trkpt>
      <trkpt lat="24.2408662" lon="85.8138595">
      </trkpt>
      <trkpt lat="24.2419115" lon="85.8133208">
      </trkpt>
      <trkpt lat="24.2422075" lon="85.8131735">
      </trkpt>
      <trkpt lat="24.2426728" lon="85.812942">
      </trkpt>
      <trkpt lat="24.2435262" lon="85.8125111">
      </trkpt>
      <trkpt lat="24.2444364" lon="85.8120566">
      </trkpt>
      <trkpt lat="24.2454141" lon="85.8115718">
      </trkpt>
      <trkpt lat="24.2462383" lon="85.8111711">
      </trkpt>
      <trkpt lat="24.2470687" lon="85.8107453">
      </trkpt>
      <trkpt lat="24.2480264" lon="85.8102689">
      </trkpt>
      <trkpt lat="24.2488936" lon="85.8098362">
      </trkpt>
      <trkpt lat="24.2496979" lon="85.809444">
      </trkpt>
      <trkpt lat="24.2505973" lon="85.8090097">
      </trkpt>
      <trkpt lat="24.2513324" lon="85.8086545">
      </trkpt>
      <trkpt lat="24.2521259" lon="85.808232">
      </trkpt>
      <trkpt lat="24.2527798" lon="85.8079021">
      </trkpt>
      <trkpt lat="24.2535011" lon="85.8075317">
      </trkpt>
      <trkpt lat="24.254135" lon="85.8072018">
      </trkpt>
      <trkpt lat="24.2544146" lon="85.8070243">
      </trkpt>
      <trkpt lat="24.254798" lon="85.806781">
      </trkpt>
      <trkpt lat="24.2553704" lon="85.8063972">
      </trkpt>
      <trkpt lat="24.256167" lon="85.8057794">
      </trkpt>
      <trkpt lat="24.2568146" lon="85.8052525">
      </trkpt>
      <trkpt lat="24.2575145" lon="85.8046667">
      </trkpt>
      <trkpt lat="24.2581053" lon="85.8041734">
      </trkpt>
      <trkpt lat="24.2588727" lon="85.8035489">
      </trkpt>
      <trkpt lat="24.2596232" lon="85.8029261">
      </trkpt>
      <trkpt lat="24.2603967" lon="85.8023066">
      </trkpt>
      <trkpt lat="24.2611057" lon="85.801736">
      </trkpt>
      <trkpt lat="24.2618377" lon="85.8011131">
      </trkpt>
      <trkpt lat="24.2625513" lon="85.8005054">
      </trkpt>
      <trkpt lat="24.2625905" lon="85.8004733">
      </trkpt>
      <trkpt lat="24.2631529" lon="85.8000122">
      </trkpt>
      <trkpt lat="24.2638865" lon="85.7994079">
      </trkpt>
      <trkpt lat="24.2645111" lon="85.7988894">
      </trkpt>
      <trkpt lat="24.2652094" lon="85.7983305">
      </trkpt>
      <trkpt lat="24.2660135" lon="85.797642">
      </trkpt>
      <trkpt lat="24.2668591" lon="85.7969418">
      </trkpt>
      <trkpt lat="24.2675957" lon="85.7963391">
      </trkpt>
      <trkpt lat="24.2684934" lon="85.7956069">
      </trkpt>
      <trkpt lat="24.2692592" lon="85.7949655">
      </trkpt>
      <trkpt lat="24.2700649" lon="85.7942905">
      </trkpt>
      <trkpt lat="24.2709027" lon="85.7936054">
      </trkpt>
      <trkpt lat="24.2717406" lon="85.7929152">
      </trkpt>
      <trkpt lat="24.2724772" lon="85.792321">
      </trkpt>
      <trkpt lat="24.2732184" lon="85.7916964">
      </trkpt>
      <trkpt lat="24.2739273" lon="85.7910955">
      </trkpt>
      <trkpt lat="24.2740392" lon="85.791003">
      </trkpt>
      <trkpt lat="24.2745058" lon="85.7906174">
      </trkpt>
      <trkpt lat="24.2751304" lon="85.790109">
      </trkpt>
      <trkpt lat="24.2758148" lon="85.7895199">
      </trkpt>
      <trkpt lat="24.2764838" lon="85.7889694">
      </trkpt>
      <trkpt lat="24.2771774" lon="85.7884122">
      </trkpt>
      <trkpt lat="24.2777421" lon="85.7879426">
      </trkpt>
      <trkpt lat="24.2785032" lon="85.7873029">
      </trkpt>
      <trkpt lat="24.2790387" lon="85.7868837">
      </trkpt>
      <trkpt lat="24.2795067" lon="85.7864949">
      </trkpt>
      <trkpt lat="24.2802678" lon="85.7858602">
      </trkpt>
      <trkpt lat="24.2808448" lon="85.7853687">
      </trkpt>
      <trkpt lat="24.2814724" lon="85.7848401">
      </trkpt>
      <trkpt lat="24.2820248" lon="85.7843688">
      </trkpt>
      <trkpt lat="24.2826201" lon="85.7837796">
      </trkpt>
      <trkpt lat="24.2831971" lon="85.7831635">
      </trkpt>
      <trkpt lat="24.2837295" lon="85.7825238">
      </trkpt>
      <trkpt lat="24.2842712" lon="85.7818118">
      </trkpt>
      <trkpt lat="24.2849969" lon="85.7806957">
      </trkpt>
      <trkpt lat="24.2858439" lon="85.7793053">
      </trkpt>
      <trkpt lat="24.2865022" lon="85.7782397">
      </trkpt>
      <trkpt lat="24.287073" lon="85.7773324">
      </trkpt>
      <trkpt lat="24.2876146" lon="85.7764806">
      </trkpt>
      <trkpt lat="24.2882467" lon="85.7754655">
      </trkpt>
      <trkpt lat="24.2888697" lon="85.7744572">
      </trkpt>
      <trkpt lat="24.2895479" lon="85.7734169">
      </trkpt>
      <trkpt lat="24.2902951" lon="85.7722284">
      </trkpt>
      <trkpt lat="24.2906664" lon="85.7715534">
      </trkpt>
      <trkpt lat="24.2909901" lon="85.7710046">
      </trkpt>
      <trkpt lat="24.2914336" lon="85.7701832">
      </trkpt>
      <trkpt lat="24.291854" lon="85.7692388">
      </trkpt>
      <trkpt lat="24.2923204" lon="85.7680285">
      </trkpt>
      <trkpt lat="24.2926338" lon="85.7669867">
      </trkpt>
      <trkpt lat="24.2928464" lon="85.7661093">
      </trkpt>
      <trkpt lat="24.293209" lon="85.7643461">
      </trkpt>
      <trkpt lat="24.2935524" lon="85.7627996">
      </trkpt>
      <trkpt lat="24.2941134" lon="85.7605033">
      </trkpt>
      <trkpt lat="24.294376" lon="85.7593326">
      </trkpt>
      <trkpt lat="24.2946437" lon="85.7582428">
      </trkpt>
      <trkpt lat="24.2948885" lon="85.757353">
      </trkpt>
      <trkpt lat="24.2953191" lon="85.7561869">
      </trkpt>
      <trkpt lat="24.2956132" lon="85.7554725">
      </trkpt>
      <trkpt lat="24.2960417" lon="85.7546036">
      </trkpt>
      <trkpt lat="24.2966466" lon="85.7535274">
      </trkpt>
      <trkpt lat="24.2972284" lon="85.7525964">
      </trkpt>
      <trkpt lat="24.2979657" lon="85.7516031">
      </trkpt>
      <trkpt lat="24.2984782" lon="85.7509394">
      </trkpt>
      <trkpt lat="24.2998434" lon="85.749234">
      </trkpt>
      <trkpt lat="24.3008389" lon="85.7480004">
      </trkpt>
      <trkpt lat="24.3022617" lon="85.7461883">
      </trkpt>
      <trkpt lat="24.3027989" lon="85.7455234">
      </trkpt>
      <trkpt lat="24.3036756" lon="85.7444382">
      </trkpt>
      <trkpt lat="24.3048993" lon="85.7428412">
      </trkpt>
      <trkpt lat="24.3054951" lon="85.7420811">
      </trkpt>
      <trkpt lat="24.3059211" lon="85.7415375">
      </trkpt>
      <trkpt lat="24.3068983" lon="85.7402958">
      </trkpt>
      <trkpt lat="24.3078638" lon="85.739092">
      </trkpt>
      <trkpt lat="24.3088586" lon="85.7378449">
      </trkpt>
      <trkpt lat="24.3106407" lon="85.7356303">
      </trkpt>
      <trkpt lat="24.3109952" lon="85.7351932">
      </trkpt>
      <trkpt lat="24.3111907" lon="85.7349522">
      </trkpt>
      <trkpt lat="24.3114687" lon="85.7346038">
      </trkpt>
      <trkpt lat="24.3119758" lon="85.7339714">
      </trkpt>
      <trkpt lat="24.3125817" lon="85.7331843">
      </trkpt>
      <trkpt lat="24.313492" lon="85.7319947">
      </trkpt>
      <trkpt lat="24.3139079" lon="85.7314716">
      </trkpt>
      <trkpt lat="24.3146786" lon="85.7305412">
      </trkpt>
      <trkpt lat="24.3154775" lon="85.7295341">
      </trkpt>
      <trkpt lat="24.3163047" lon="85.7285075">
      </trkpt>
      <trkpt lat="24.3171259" lon="85.7274694">
      </trkpt>
      <trkpt lat="24.3171438" lon="85.727447">
      </trkpt>
      <trkpt lat="24.3178491" lon="85.7265634">
      </trkpt>
      <trkpt lat="24.318599" lon="85.7256117">
      </trkpt>
      <trkpt lat="24.3188875" lon="85.7252582">
      </trkpt>
      <trkpt lat="24.3194395" lon="85.7245492">
      </trkpt>
      <trkpt lat="24.3197588" lon="85.7241806">
      </trkpt>
      <trkpt lat="24.3200513" lon="85.723785">
      </trkpt>
      <trkpt lat="24.320476" lon="85.7231983">
      </trkpt>
      <trkpt lat="24.3207551" lon="85.7227876">
      </trkpt>
      <trkpt lat="24.3208576" lon="85.7226524">
      </trkpt>
      <trkpt lat="24.321168" lon="85.7221635">
      </trkpt>
      <trkpt lat="24.3215059" lon="85.7215273">
      </trkpt>
      <trkpt lat="24.3216329" lon="85.721255">
      </trkpt>
      <trkpt lat="24.3217516" lon="85.721013">
      </trkpt>
      <trkpt lat="24.321837" lon="85.7208386">
      </trkpt>
      <trkpt lat="24.3222208" lon="85.7199718">
      </trkpt>
      <trkpt lat="24.3227376" lon="85.7187512">
      </trkpt>
      <trkpt lat="24.3228869" lon="85.7184278">
      </trkpt>
      <trkpt lat="24.3240267" lon="85.7157578">
      </trkpt>
      <trkpt lat="24.3261395" lon="85.710838">
      </trkpt>
      <trkpt lat="24.3268107" lon="85.7092582">
      </trkpt>
      <trkpt lat="24.3272291" lon="85.7082852">
      </trkpt>
      <trkpt lat="24.3291876" lon="85.7036973">
      </trkpt>
      <trkpt lat="24.3300409" lon="85.7016963">
      </trkpt>
      <trkpt lat="24.3310294" lon="85.6993363">
      </trkpt>
      <trkpt lat="24.3333252" lon="85.6939942">
      </trkpt>
      <trkpt lat="24.3355471" lon="85.6887878">
      </trkpt>
      <trkpt lat="24.3373885" lon="85.684434">
      </trkpt>
      <trkpt lat="24.3375824" lon="85.6840029">
      </trkpt>
      <trkpt lat="24.3377924" lon="85.6835361">
      </trkpt>
      <trkpt lat="24.3382618" lon="85.6824296">
      </trkpt>
      <trkpt lat="24.3383046" lon="85.6823286">
      </trkpt>
      <trkpt lat="24.3386372" lon="85.6815155">
      </trkpt>
      <trkpt lat="24.3389104" lon="85.6808783">
      </trkpt>
      <trkpt lat="24.3392118" lon="85.680189">
      </trkpt>
      <trkpt lat="24.3393425" lon="85.67985">
      </trkpt>
      <trkpt lat="24.3396275" lon="85.6789228">
      </trkpt>
      <trkpt lat="24.3398621" lon="85.6780836">
      </trkpt>
      <trkpt lat="24.3400002" lon="85.6775507">
      </trkpt>
      <trkpt lat="24.3403105" lon="85.6761477">
      </trkpt>
      <trkpt lat="24.3403372" lon="85.6760189">
      </trkpt>
      <trkpt lat="24.340636" lon="85.6746432">
      </trkpt>
      <trkpt lat="24.340692" lon="85.6743339">
      </trkpt>
      <trkpt lat="24.3408787" lon="85.6733464">
      </trkpt>
      <trkpt lat="24.3411354" lon="85.6721902">
      </trkpt>
      <trkpt lat="24.3413809" lon="85.6711073">
      </trkpt>
      <trkpt lat="24.3415765" lon="85.6702448">
      </trkpt>
      <trkpt lat="24.341604" lon="85.6701163">
      </trkpt>
      <trkpt lat="24.3417904" lon="85.6692436">
      </trkpt>
      <trkpt lat="24.3420704" lon="85.6679335">
      </trkpt>
      <trkpt lat="24.3421224" lon="85.6676702">
      </trkpt>
      <trkpt lat="24.3423387" lon="85.6665749">
      </trkpt>
      <trkpt lat="24.3424499" lon="85.6660318">
      </trkpt>
      <trkpt lat="24.3426599" lon="85.6650065">
      </trkpt>
      <trkpt lat="24.3427573" lon="85.6645772">
      </trkpt>
      <trkpt lat="24.3428635" lon="85.664069">
      </trkpt>
      <trkpt lat="24.3430501" lon="85.6631108">
      </trkpt>
      <trkpt lat="24.3432467" lon="85.6621358">
      </trkpt>
      <trkpt lat="24.3434169" lon="85.6612743">
      </trkpt>
      <trkpt lat="24.3435897" lon="85.6605117">
      </trkpt>
      <trkpt lat="24.3438097" lon="85.6594327">
      </trkpt>
      <trkpt lat="24.3440503" lon="85.6582883">
      </trkpt>
      <trkpt lat="24.3442087" lon="85.657571">
      </trkpt>
      <trkpt lat="24.3442291" lon="85.657476">
      </trkpt>
      <trkpt lat="24.3443998" lon="85.6566852">
      </trkpt>
      <trkpt lat="24.3445937" lon="85.6557987">
      </trkpt>
      <trkpt lat="24.3447645" lon="85.654987">
      </trkpt>
      <trkpt lat="24.3449383" lon="85.6542248">
      </trkpt>
      <trkpt lat="24.3449933" lon="85.654008">
      </trkpt>
      <trkpt lat="24.3451372" lon="85.6534393">
      </trkpt>
      <trkpt lat="24.3451762" lon="85.6532852">
      </trkpt>
      <trkpt lat="24.3455726" lon="85.6519578">
      </trkpt>
      <trkpt lat="24.3458151" lon="85.6512828">
      </trkpt>
      <trkpt lat="24.3458795" lon="85.6511034">
      </trkpt>
      <trkpt lat="24.3463815" lon="85.6497179">
      </trkpt>
      <trkpt lat="24.3465946" lon="85.649179">
      </trkpt>
      <trkpt lat="24.3471437" lon="85.6477904">
      </trkpt>
      <trkpt lat="24.3478998" lon="85.6460079">
      </trkpt>
      <trkpt lat="24.348725" lon="85.6439956">
      </trkpt>
      <trkpt lat="24.3494425" lon="85.6421863">
      </trkpt>
      <trkpt lat="24.3495285" lon="85.6419906">
      </trkpt>
      <trkpt lat="24.3502209" lon="85.640319">
      </trkpt>
      <trkpt lat="24.3505163" lon="85.6395679">
      </trkpt>
      <trkpt lat="24.3510034" lon="85.638329">
      </trkpt>
      <trkpt lat="24.3516882" lon="85.63658">
      </trkpt>
      <trkpt lat="24.3519655" lon="85.6359266">
      </trkpt>
      <trkpt lat="24.3522866" lon="85.6351821">
      </trkpt>
      <trkpt lat="24.3529487" lon="85.6335325">
      </trkpt>
      <trkpt lat="24.3531721" lon="85.6329792">
      </trkpt>
      <trkpt lat="24.3539403" lon="85.6310673">
      </trkpt>
      <trkpt lat="24.3546263" lon="85.6293981">
      </trkpt>
      <trkpt lat="24.35467" lon="85.6293028">
      </trkpt>
      <trkpt lat="24.3550275" lon="85.6284224">
      </trkpt>
      <trkpt lat="24.3555475" lon="85.6271418">
      </trkpt>
      <trkpt lat="24.3556883" lon="85.6267937">
      </trkpt>
      <trkpt lat="24.3562085" lon="85.6255145">
      </trkpt>
      <trkpt lat="24.3568453" lon="85.6239511">
      </trkpt>
      <trkpt lat="24.3570846" lon="85.6233723">
      </trkpt>
      <trkpt lat="24.3576352" lon="85.62204">
      </trkpt>
      <trkpt lat="24.3577998" lon="85.6216243">
      </trkpt>
      <trkpt lat="24.3581209" lon="85.620863">
      </trkpt>
      <trkpt lat="24.3585579" lon="85.6197922">
      </trkpt>
      <trkpt lat="24.35907" lon="85.6186343">
      </trkpt>
      <trkpt lat="24.3597224" lon="85.6174229">
      </trkpt>
      <trkpt lat="24.3601431" lon="85.6166622">
      </trkpt>
      <trkpt lat="24.3605678" lon="85.6160598">
      </trkpt>
      <trkpt lat="24.3606175" lon="85.6160139">
      </trkpt>
      <trkpt lat="24.3613615" lon="85.614978">
      </trkpt>
      <trkpt lat="24.3619823" lon="85.6142997">
      </trkpt>
      <trkpt lat="24.3627296" lon="85.613552">
      </trkpt>
      <trkpt lat="24.3642787" lon="85.612189">
      </trkpt>
      <trkpt lat="24.3660692" lon="85.6107125">
      </trkpt>
      <trkpt lat="24.3676614" lon="85.6093874">
      </trkpt>
      <trkpt lat="24.3691444" lon="85.6081411">
      </trkpt>
      <trkpt lat="24.3706394" lon="85.6068504">
      </trkpt>
      <trkpt lat="24.3722022" lon="85.6055414">
      </trkpt>
      <trkpt lat="24.3737454" lon="85.604251">
      </trkpt>
      <trkpt lat="24.3752139" lon="85.6030142">
      </trkpt>
      <trkpt lat="24.3775147" lon="85.6010871">
      </trkpt>
      <trkpt lat="24.378754" lon="85.6000438">
      </trkpt>
      <trkpt lat="24.3797016" lon="85.5992657">
      </trkpt>
      <trkpt lat="24.3803975" lon="85.598687">
      </trkpt>
      <trkpt lat="24.3809892" lon="85.5981866">
      </trkpt>
      <trkpt lat="24.3827988" lon="85.5966557">
      </trkpt>
      <trkpt lat="24.3847692" lon="85.5950062">
      </trkpt>
      <trkpt lat="24.3861602" lon="85.5938075">
      </trkpt>
      <trkpt lat="24.3866773" lon="85.5933704">
      </trkpt>
      <trkpt lat="24.3873913" lon="85.59262">
      </trkpt>
      <trkpt lat="24.3877332" lon="85.5922374">
      </trkpt>
      <trkpt lat="24.3882028" lon="85.5916643">
      </trkpt>
      <trkpt lat="24.3889287" lon="85.5906699">
      </trkpt>
      <trkpt lat="24.3895856" lon="85.5896141">
      </trkpt>
      <trkpt lat="24.3899482" lon="85.5889554">
      </trkpt>
      <trkpt lat="24.3903238" lon="85.5881913">
      </trkpt>
      <trkpt lat="24.3906721" lon="85.5873757">
      </trkpt>
      <trkpt lat="24.3915645" lon="85.5850043">
      </trkpt>
      <trkpt lat="24.3921511" lon="85.5833998">
      </trkpt>
      <trkpt lat="24.3929049" lon="85.5814756">
      </trkpt>
      <trkpt lat="24.3935558" lon="85.579692">
      </trkpt>
      <trkpt lat="24.3942345" lon="85.5779053">
      </trkpt>
      <trkpt lat="24.3948297" lon="85.5762926">
      </trkpt>
      <trkpt lat="24.3955251" lon="85.5744509">
      </trkpt>
      <trkpt lat="24.3958477" lon="85.573611">
      </trkpt>
      <trkpt lat="24.3962205" lon="85.5727253">
      </trkpt>
      <trkpt lat="24.3967211" lon="85.5717266">
      </trkpt>
      <trkpt lat="24.3974527" lon="85.5705141">
      </trkpt>
      <trkpt lat="24.3980312" lon="85.5697016">
      </trkpt>
      <trkpt lat="24.3986153" lon="85.568932">
      </trkpt>
      <trkpt lat="24.3987897" lon="85.5687412">
      </trkpt>
      <trkpt lat="24.3990576" lon="85.568425">
      </trkpt>
      <trkpt lat="24.399472" lon="85.5679638">
      </trkpt>
      <trkpt lat="24.4003815" lon="85.5671147">
      </trkpt>
      <trkpt lat="24.4011158" lon="85.5664794">
      </trkpt>
      <trkpt lat="24.4015164" lon="85.5661801">
      </trkpt>
      <trkpt lat="24.4025566" lon="85.5654838">
      </trkpt>
      <trkpt lat="24.4038221" lon="85.5646927">
      </trkpt>
      <trkpt lat="24.4050987" lon="85.5639017">
      </trkpt>
      <trkpt lat="24.406545" lon="85.5629579">
      </trkpt>
      <trkpt lat="24.4079468" lon="85.5621058">
      </trkpt>
      <trkpt lat="24.4092734" lon="85.5612781">
      </trkpt>
      <trkpt lat="24.4097957" lon="85.5609488">
      </trkpt>
      <trkpt lat="24.4106056" lon="85.5604382">
      </trkpt>
      <trkpt lat="24.4107741" lon="85.5603329">
      </trkpt>
      <trkpt lat="24.4119156" lon="85.5596197">
      </trkpt>
      <trkpt lat="24.41327" lon="85.5587645">
      </trkpt>
      <trkpt lat="24.4143462" lon="85.5581213">
      </trkpt>
      <trkpt lat="24.4149455" lon="85.5577568">
      </trkpt>
      <trkpt lat="24.4158425" lon="85.5571763">
      </trkpt>
      <trkpt lat="24.4170968" lon="85.5564188">
      </trkpt>
      <trkpt lat="24.4182314" lon="85.5556644">
      </trkpt>
      <trkpt lat="24.4187904" lon="85.5552582">
      </trkpt>
      <trkpt lat="24.4195468" lon="85.5545588">
      </trkpt>
      <trkpt lat="24.4201086" lon="85.5540182">
      </trkpt>
      <trkpt lat="24.4207343" lon="85.553389">
      </trkpt>
      <trkpt lat="24.4210903" lon="85.5529737">
      </trkpt>
      <trkpt lat="24.4216585" lon="85.5522589">
      </trkpt>
      <trkpt lat="24.4217188" lon="85.5521765">
      </trkpt>
      <trkpt lat="24.4220914" lon="85.5516573">
      </trkpt>
      <trkpt lat="24.42277" lon="85.5506036">
      </trkpt>
      <trkpt lat="24.4237433" lon="85.5488199">
      </trkpt>
      <trkpt lat="24.4246277" lon="85.5472603">
      </trkpt>
      <trkpt lat="24.4250086" lon="85.5465456">
      </trkpt>
      <trkpt lat="24.4252536" lon="85.5461035">
      </trkpt>
      <trkpt lat="24.4258191" lon="85.5450438">
      </trkpt>
      <trkpt lat="24.4279317" lon="85.5411521">
      </trkpt>
      <trkpt lat="24.4292339" lon="85.5387477">
      </trkpt>
      <trkpt lat="24.4294922" lon="85.5382767">
      </trkpt>
      <trkpt lat="24.4298509" lon="85.5376017">
      </trkpt>
      <trkpt lat="24.4315126" lon="85.5345474">
      </trkpt>
      <trkpt lat="24.4322737" lon="85.533147">
      </trkpt>
      <trkpt lat="24.4325472" lon="85.5326548">
      </trkpt>
      <trkpt lat="24.4336939" lon="85.5305457">
      </trkpt>
      <trkpt lat="24.4345207" lon="85.5289998">
      </trkpt>
      <trkpt lat="24.4365942" lon="85.5251911">
      </trkpt>
      <trkpt lat="24.4373774" lon="85.5237391">
      </trkpt>
      <trkpt lat="24.437771" lon="85.5229891">
      </trkpt>
      <trkpt lat="24.4388244" lon="85.5211016">
      </trkpt>
      <trkpt lat="24.4396471" lon="85.5195434">
      </trkpt>
      <trkpt lat="24.4398826" lon="85.5191217">
      </trkpt>
      <trkpt lat="24.4402782" lon="85.5183945">
      </trkpt>
      <trkpt lat="24.4407914" lon="85.5174464">
      </trkpt>
      <trkpt lat="24.4413242" lon="85.5164832">
      </trkpt>
      <trkpt lat="24.4415621" lon="85.5160837">
      </trkpt>
      <trkpt lat="24.4421834" lon="85.5151421">
      </trkpt>
      <trkpt lat="24.4426887" lon="85.514451">
      </trkpt>
      <trkpt lat="24.4431842" lon="85.5138571">
      </trkpt>
      <trkpt lat="24.4436167" lon="85.5133755">
      </trkpt>
      <trkpt lat="24.4440433" lon="85.5129457">
      </trkpt>
      <trkpt lat="24.4446548" lon="85.5123539">
      </trkpt>
      <trkpt lat="24.4454117" lon="85.5117082">
      </trkpt>
      <trkpt lat="24.4461863" lon="85.5111208">
      </trkpt>
      <trkpt lat="24.4469669" lon="85.5106089">
      </trkpt>
      <trkpt lat="24.4476668" lon="85.5101921">
      </trkpt>
      <trkpt lat="24.448408" lon="85.5098163">
      </trkpt>
      <trkpt lat="24.449098" lon="85.5094773">
      </trkpt>
      <trkpt lat="24.4499532" lon="85.5090799">
      </trkpt>
      <trkpt lat="24.4508556" lon="85.5086501">
      </trkpt>
      <trkpt lat="24.4516636" lon="85.5082679">
      </trkpt>
      <trkpt lat="24.4526505" lon="85.5077819">
      </trkpt>
      <trkpt lat="24.4536591" lon="85.5073025">
      </trkpt>
      <trkpt lat="24.4546086" lon="85.5068533">
      </trkpt>
      <trkpt lat="24.4554854" lon="85.5064322">
      </trkpt>
      <trkpt lat="24.4565234" lon="85.5059268">
      </trkpt>
      <trkpt lat="24.4575417" lon="85.5054473">
      </trkpt>
      <trkpt lat="24.4584106" lon="85.505037">
      </trkpt>
      <trkpt lat="24.4604217" lon="85.5041084">
      </trkpt>
      <trkpt lat="24.4615363" lon="85.5035836">
      </trkpt>
      <trkpt lat="24.4633665" lon="85.5026873">
      </trkpt>
      <trkpt lat="24.4654482" lon="85.5015902">
      </trkpt>
      <trkpt lat="24.4659947" lon="85.5012706">
      </trkpt>
      <trkpt lat="24.4670562" lon="85.5006983">
      </trkpt>
      <trkpt lat="24.4677717" lon="85.5002858">
      </trkpt>
      <trkpt lat="24.4687192" lon="85.499761">
      </trkpt>
      <trkpt lat="24.4697865" lon="85.4991649">
      </trkpt>
      <trkpt lat="24.4706357" lon="85.4986941">
      </trkpt>
      <trkpt lat="24.4713885" lon="85.4982578">
      </trkpt>
      <trkpt lat="24.4719743" lon="85.4978864">
      </trkpt>
      <trkpt lat="24.4724009" lon="85.4975927">
      </trkpt>
      <trkpt lat="24.4727979" lon="85.4972817">
      </trkpt>
      <trkpt lat="24.4731478" lon="85.4969707">
      </trkpt>
      <trkpt lat="24.4734544" lon="85.4966424">
      </trkpt>
      <trkpt lat="24.4738495" lon="85.4961738">
      </trkpt>
      <trkpt lat="24.4741935" lon="85.495703">
      </trkpt>
      <trkpt lat="24.4745847" lon="85.4951285">
      </trkpt>
      <trkpt lat="24.475481" lon="85.4936556">
      </trkpt>
      <trkpt lat="24.476393" lon="85.4921654">
      </trkpt>
      <trkpt lat="24.4773679" lon="85.4905911">
      </trkpt>
      <trkpt lat="24.4780893" lon="85.4893752">
      </trkpt>
      <trkpt lat="24.4789384" lon="85.487993">
      </trkpt>
      <trkpt lat="24.4797639" lon="85.486654">
      </trkpt>
      <trkpt lat="24.4804302" lon="85.4855547">
      </trkpt>
      <trkpt lat="24.4810729" lon="85.4844706">
      </trkpt>
      <trkpt lat="24.4816528" lon="85.4835419">
      </trkpt>
      <trkpt lat="24.482325" lon="85.4825938">
      </trkpt>
      <trkpt lat="24.4826394" lon="85.4821965">
      </trkpt>
      <trkpt lat="24.4831583" lon="85.4815615">
      </trkpt>
      <trkpt lat="24.4837519" lon="85.4809482">
      </trkpt>
      <trkpt lat="24.484257" lon="85.4804471">
      </trkpt>
      <trkpt lat="24.4848211" lon="85.4799439">
      </trkpt>
      <trkpt lat="24.4857881" lon="85.4791557">
      </trkpt>
      <trkpt lat="24.4867924" lon="85.4783436">
      </trkpt>
      <trkpt lat="24.4876906" lon="85.4776072">
      </trkpt>
      <trkpt lat="24.4885908" lon="85.4768059">
      </trkpt>
      <trkpt lat="24.4889966" lon="85.4763987">
      </trkpt>
      <trkpt lat="24.4893904" lon="85.4759779">
      </trkpt>
      <trkpt lat="24.4897161" lon="85.4756264">
      </trkpt>
      <trkpt lat="24.4900459" lon="85.4752227">
      </trkpt>
      <trkpt lat="24.4909543" lon="85.4739801">
      </trkpt>
      <trkpt lat="24.4921008" lon="85.4723302">
      </trkpt>
      <trkpt lat="24.494388" lon="85.4689854">
      </trkpt>
      <trkpt lat="24.4947929" lon="85.4683905">
      </trkpt>
      <trkpt lat="24.4948406" lon="85.4683204">
      </trkpt>
      <trkpt lat="24.4982191" lon="85.4633434">
      </trkpt>
      <trkpt lat="24.4999559" lon="85.4608043">
      </trkpt>
      <trkpt lat="24.5003001" lon="85.4603085">
      </trkpt>
      <trkpt lat="24.5004036" lon="85.4601552">
      </trkpt>
      <trkpt lat="24.501132" lon="85.4590765">
      </trkpt>
      <trkpt lat="24.5018099" lon="85.4581462">
      </trkpt>
      <trkpt lat="24.5029156" lon="85.4565404">
      </trkpt>
      <trkpt lat="24.504799" lon="85.4538259">
      </trkpt>
      <trkpt lat="24.5059218" lon="85.4522013">
      </trkpt>
      <trkpt lat="24.5066417" lon="85.4511023">
      </trkpt>
      <trkpt lat="24.50728" lon="85.4501309">
      </trkpt>
      <trkpt lat="24.5087755" lon="85.4479777">
      </trkpt>
      <trkpt lat="24.5095656" lon="85.4468101">
      </trkpt>
      <trkpt lat="24.5104057" lon="85.4456028">
      </trkpt>
      <trkpt lat="24.5108342" lon="85.4450183">
      </trkpt>
      <trkpt lat="24.5111726" lon="85.4446328">
      </trkpt>
      <trkpt lat="24.5116616" lon="85.4442137">
      </trkpt>
      <trkpt lat="24.5123486" lon="85.4436084">
      </trkpt>
      <trkpt lat="24.5141256" lon="85.4420809">
      </trkpt>
      <trkpt lat="24.5160564" lon="85.4403608">
      </trkpt>
      <trkpt lat="24.5175229" lon="85.4391394">
      </trkpt>
      <trkpt lat="24.5181068" lon="85.4387986">
      </trkpt>
      <trkpt lat="24.5185234" lon="85.4385916">
      </trkpt>
      <trkpt lat="24.5189851" lon="85.4384252">
      </trkpt>
      <trkpt lat="24.5194017" lon="85.4383207">
      </trkpt>
      <trkpt lat="24.5197745" lon="85.4382559">
      </trkpt>
      <trkpt lat="24.5202312" lon="85.4382353">
      </trkpt>
      <trkpt lat="24.5205621" lon="85.4382395">
      </trkpt>
      <trkpt lat="24.5210548" lon="85.438275">
      </trkpt>
      <trkpt lat="24.5217586" lon="85.4384251">
      </trkpt>
      <trkpt lat="24.5234376" lon="85.4388312">
      </trkpt>
      <trkpt lat="24.5242709" lon="85.4390457">
      </trkpt>
      <trkpt lat="24.5248973" lon="85.4392048">
      </trkpt>
      <trkpt lat="24.525291" lon="85.4392582">
      </trkpt>
      <trkpt lat="24.5256714" lon="85.439254">
      </trkpt>
      <trkpt lat="24.5260673" lon="85.4392665">
      </trkpt>
      <trkpt lat="24.5265638" lon="85.439185">
      </trkpt>
      <trkpt lat="24.527102" lon="85.439024">
      </trkpt>
      <trkpt lat="24.527608" lon="85.4388421">
      </trkpt>
      <trkpt lat="24.5281082" lon="85.4385807">
      </trkpt>
      <trkpt lat="24.528559" lon="85.4382839">
      </trkpt>
      <trkpt lat="24.5289964" lon="85.4379222">
      </trkpt>
      <trkpt lat="24.5293007" lon="85.4376107">
      </trkpt>
      <trkpt lat="24.5296811" lon="85.4371758">
      </trkpt>
      <trkpt lat="24.5298923" lon="85.4368873">
      </trkpt>
      <trkpt lat="24.5300806" lon="85.4365758">
      </trkpt>
      <trkpt lat="24.5306264" lon="85.435451">
      </trkpt>
      <trkpt lat="24.531294" lon="85.4339876">
      </trkpt>
      <trkpt lat="24.5319045" lon="85.4326809">
      </trkpt>
      <trkpt lat="24.5331374" lon="85.4299811">
      </trkpt>
      <trkpt lat="24.5334886" lon="85.429208">
      </trkpt>
      <trkpt lat="24.5338357" lon="85.4284455">
      </trkpt>
      <trkpt lat="24.5358065" lon="85.4240179">
      </trkpt>
      <trkpt lat="24.5361366" lon="85.4233211">
      </trkpt>
      <trkpt lat="24.5364346" lon="85.4227333">
      </trkpt>
      <trkpt lat="24.5365726" lon="85.4224462">
      </trkpt>
      <trkpt lat="24.5370094" lon="85.4214573">
      </trkpt>
      <trkpt lat="24.5379427" lon="85.4194032">
      </trkpt>
      <trkpt lat="24.5391534" lon="85.41674">
      </trkpt>
      <trkpt lat="24.5394913" lon="85.4160471">
      </trkpt>
      <trkpt lat="24.5396368" lon="85.4156634">
      </trkpt>
      <trkpt lat="24.5397873" lon="85.415147">
      </trkpt>
      <trkpt lat="24.5398764" lon="85.4147485">
      </trkpt>
      <trkpt lat="24.5399675" lon="85.4141771">
      </trkpt>
      <trkpt lat="24.5400247" lon="85.4136342">
      </trkpt>
      <trkpt lat="24.5400521" lon="85.4131594">
      </trkpt>
      <trkpt lat="24.5400198" lon="85.4128061">
      </trkpt>
      <trkpt lat="24.5399878" lon="85.4125162">
      </trkpt>
      <trkpt lat="24.5399289" lon="85.4121346">
      </trkpt>
      <trkpt lat="24.5398205" lon="85.4117185">
      </trkpt>
      <trkpt lat="24.5397204" lon="85.4113743">
      </trkpt>
      <trkpt lat="24.5395524" lon="85.4109338">
      </trkpt>
      <trkpt lat="24.5393485" lon="85.4105085">
      </trkpt>
      <trkpt lat="24.5389818" lon="85.4098696">
      </trkpt>
      <trkpt lat="24.5382344" lon="85.4086068">
      </trkpt>
      <trkpt lat="24.5377133" lon="85.4077037">
      </trkpt>
      <trkpt lat="24.5374375" lon="85.4072354">
      </trkpt>
      <trkpt lat="24.5371656" lon="85.4066291">
      </trkpt>
      <trkpt lat="24.5369659" lon="85.4061545">
      </trkpt>
      <trkpt lat="24.5367224" lon="85.4054332">
      </trkpt>
      <trkpt lat="24.5365304" lon="85.4047015">
      </trkpt>
      <trkpt lat="24.5362964" lon="85.4038297">
      </trkpt>
      <trkpt lat="24.5361424" lon="85.4032548">
      </trkpt>
      <trkpt lat="24.5360435" lon="85.402937">
      </trkpt>
      <trkpt lat="24.5359027" lon="85.4025293">
      </trkpt>
      <trkpt lat="24.5357259" lon="85.4020526">
      </trkpt>
      <trkpt lat="24.5355452" lon="85.4016891">
      </trkpt>
      <trkpt lat="24.5353569" lon="85.4013307">
      </trkpt>
      <trkpt lat="24.5351434" lon="85.4009834">
      </trkpt>
      <trkpt lat="24.5348258" lon="85.4005168">
      </trkpt>
      <trkpt lat="24.5345652" lon="85.4001518">
      </trkpt>
      <trkpt lat="24.5342381" lon="85.3997609">
      </trkpt>
      <trkpt lat="24.5340669" lon="85.3995623">
      </trkpt>
      <trkpt lat="24.5337268" lon="85.3992359">
      </trkpt>
      <trkpt lat="24.532948" lon="85.3986068">
      </trkpt>
      <trkpt lat="24.5323812" lon="85.3981855">
      </trkpt>
      <trkpt lat="24.5316402" lon="85.3976315">
      </trkpt>
      <trkpt lat="24.5311281" lon="85.3972129">
      </trkpt>
      <trkpt lat="24.5308351" lon="85.3969619">
      </trkpt>
      <trkpt lat="24.5305384" lon="85.3966796">
      </trkpt>
      <trkpt lat="24.5302417" lon="85.3963158">
      </trkpt>
      <trkpt lat="24.5299145" lon="85.3958444">
      </trkpt>
      <trkpt lat="24.5296292" lon="85.3953688">
      </trkpt>
      <trkpt lat="24.5294381" lon="85.3949506">
      </trkpt>
      <trkpt lat="24.5292698" lon="85.3944991">
      </trkpt>
      <trkpt lat="24.5291148" lon="85.3939388">
      </trkpt>
      <trkpt lat="24.5290301" lon="85.3934778">
      </trkpt>
      <trkpt lat="24.5289835" lon="85.3930576">
      </trkpt>
      <trkpt lat="24.5289578" lon="85.3926331">
      </trkpt>
      <trkpt lat="24.5289607" lon="85.392168">
      </trkpt>
      <trkpt lat="24.5290006" lon="85.3917833">
      </trkpt>
      <trkpt lat="24.529052" lon="85.3914352">
      </trkpt>
      <trkpt lat="24.5291395" lon="85.3910181">
      </trkpt>
      <trkpt lat="24.5292583" lon="85.3906136">
      </trkpt>
      <trkpt lat="24.5293696" lon="85.3903062">
      </trkpt>
      <trkpt lat="24.5295085" lon="85.3899487">
      </trkpt>
      <trkpt lat="24.5295863" lon="85.389777">
      </trkpt>
      <trkpt lat="24.5297733" lon="85.3894133">
      </trkpt>
      <trkpt lat="24.5299103" lon="85.3892164">
      </trkpt>
      <trkpt lat="24.530303" lon="85.388668">
      </trkpt>
      <trkpt lat="24.5305856" lon="85.3883445">
      </trkpt>
      <trkpt lat="24.5311451" lon="85.3877339">
      </trkpt>
      <trkpt lat="24.5319022" lon="85.3868676">
      </trkpt>
      <trkpt lat="24.5325518" lon="85.3861255">
      </trkpt>
      <trkpt lat="24.5330064" lon="85.3856332">
      </trkpt>
      <trkpt lat="24.5332444" lon="85.3854396">
      </trkpt>
      <trkpt lat="24.5335752" lon="85.3852089">
      </trkpt>
      <trkpt lat="24.5339384" lon="85.3850064">
      </trkpt>
      <trkpt lat="24.5345745" lon="85.3847359">
      </trkpt>
      <trkpt lat="24.5350613" lon="85.3845866">
      </trkpt>
      <trkpt lat="24.5355051" lon="85.3844639">
      </trkpt>
      <trkpt lat="24.5357929" lon="85.3844092">
      </trkpt>
      <trkpt lat="24.5360024" lon="85.3843809">
      </trkpt>
      <trkpt lat="24.5364595" lon="85.3843462">
      </trkpt>
      <trkpt lat="24.5368537" lon="85.3843608">
      </trkpt>
      <trkpt lat="24.5373636" lon="85.3844699">
      </trkpt>
      <trkpt lat="24.5378053" lon="85.3846344">
      </trkpt>
      <trkpt lat="24.5382055" lon="85.3848267">
      </trkpt>
      <trkpt lat="24.5392154" lon="85.3852804">
      </trkpt>
      <trkpt lat="24.5397574" lon="85.3855187">
      </trkpt>
      <trkpt lat="24.5403527" lon="85.385824">
      </trkpt>
      <trkpt lat="24.5407863" lon="85.3860414">
      </trkpt>
      <trkpt lat="24.5413492" lon="85.3862504">
      </trkpt>
      <trkpt lat="24.5417258" lon="85.3863508">
      </trkpt>
      <trkpt lat="24.5421023" lon="85.3863905">
      </trkpt>
      <trkpt lat="24.5428533" lon="85.3863775">
      </trkpt>
      <trkpt lat="24.5432211" lon="85.3862693">
      </trkpt>
      <trkpt lat="24.5435217" lon="85.3861857">
      </trkpt>
      <trkpt lat="24.544128" lon="85.3858928">
      </trkpt>
      <trkpt lat="24.5446858" lon="85.3855785">
      </trkpt>
      <trkpt lat="24.5453676" lon="85.3850697">
      </trkpt>
      <trkpt lat="24.5460491" lon="85.3844447">
      </trkpt>
      <trkpt lat="24.5463167" lon="85.3839835">
      </trkpt>
      <trkpt lat="24.5465292" lon="85.383543">
      </trkpt>
      <trkpt lat="24.5466583" lon="85.3831778">
      </trkpt>
      <trkpt lat="24.546782" lon="85.3828023">
      </trkpt>
      <trkpt lat="24.5468774" lon="85.3823825">
      </trkpt>
      <trkpt lat="24.5469326" lon="85.3820602">
      </trkpt>
      <trkpt lat="24.5469501" lon="85.3817335">
      </trkpt>
      <trkpt lat="24.5469474" lon="85.3812782">
      </trkpt>
      <trkpt lat="24.5469285" lon="85.3809042">
      </trkpt>
      <trkpt lat="24.546864" lon="85.3804843">
      </trkpt>
      <trkpt lat="24.5468035" lon="85.3802182">
      </trkpt>
      <trkpt lat="24.546591" lon="85.3794184">
      </trkpt>
      <trkpt lat="24.5462979" lon="85.3783023">
      </trkpt>
      <trkpt lat="24.5461419" lon="85.3776977">
      </trkpt>
      <trkpt lat="24.5460249" lon="85.3771049">
      </trkpt>
      <trkpt lat="24.5459657" lon="85.3766259">
      </trkpt>
      <trkpt lat="24.5459523" lon="85.3762726">
      </trkpt>
      <trkpt lat="24.545959" lon="85.3758261">
      </trkpt>
      <trkpt lat="24.5460007" lon="85.375359">
      </trkpt>
      <trkpt lat="24.5460787" lon="85.37488">
      </trkpt>
      <trkpt lat="24.5462118" lon="85.3743508">
      </trkpt>
      <trkpt lat="24.5463987" lon="85.3737446">
      </trkpt>
      <trkpt lat="24.5467255" lon="85.3728192">
      </trkpt>
      <trkpt lat="24.5470792" lon="85.3717726">
      </trkpt>
      <trkpt lat="24.5472486" lon="85.3712167">
      </trkpt>
      <trkpt lat="24.5473723" lon="85.3706476">
      </trkpt>
      <trkpt lat="24.5474301" lon="85.3701375">
      </trkpt>
      <trkpt lat="24.5474503" lon="85.3697961">
      </trkpt>
      <trkpt lat="24.5474503" lon="85.3694442">
      </trkpt>
      <trkpt lat="24.5474274" lon="85.3690258">
      </trkpt>
      <trkpt lat="24.5473642" lon="85.3685557">
      </trkpt>
      <trkpt lat="24.547254" lon="85.3680191">
      </trkpt>
      <trkpt lat="24.5470133" lon="85.3670035">
      </trkpt>
      <trkpt lat="24.5467752" lon="85.3659302">
      </trkpt>
      <trkpt lat="24.546474" lon="85.3645598">
      </trkpt>
      <trkpt lat="24.5462454" lon="85.3635457">
      </trkpt>
      <trkpt lat="24.5460141" lon="85.3625153">
      </trkpt>
      <trkpt lat="24.5457102" lon="85.3611804">
      </trkpt>
      <trkpt lat="24.54553" lon="85.3604028">
      </trkpt>
      <trkpt lat="24.5453969" lon="85.3597982">
      </trkpt>
      <trkpt lat="24.5452947" lon="85.3591226">
      </trkpt>
      <trkpt lat="24.5452261" lon="85.3582297">
      </trkpt>
      <trkpt lat="24.5452033" lon="85.3576369">
      </trkpt>
      <trkpt lat="24.5451481" lon="85.3563212">
      </trkpt>
      <trkpt lat="24.5450876" lon="85.3550335">
      </trkpt>
      <trkpt lat="24.5450392" lon="85.3540682">
      </trkpt>
      <trkpt lat="24.5450096" lon="85.3533867">
      </trkpt>
      <trkpt lat="24.5449827" lon="85.3529107">
      </trkpt>
      <trkpt lat="24.544941" lon="85.3524376">
      </trkpt>
      <trkpt lat="24.5448657" lon="85.3519158">
      </trkpt>
      <trkpt lat="24.5447555" lon="85.3513762">
      </trkpt>
      <trkpt lat="24.5446291" lon="85.3508898">
      </trkpt>
      <trkpt lat="24.5444771" lon="85.3504641">
      </trkpt>
      <trkpt lat="24.5442875" lon="85.3499851">
      </trkpt>
      <trkpt lat="24.5440643" lon="85.3494898">
      </trkpt>
      <trkpt lat="24.5438316" lon="85.349039">
      </trkpt>
      <trkpt lat="24.5435331" lon="85.3485156">
      </trkpt>
      <trkpt lat="24.5431848" lon="85.3479391">
      </trkpt>
      <trkpt lat="24.5425837" lon="85.3470077">
      </trkpt>
      <trkpt lat="24.5419221" lon="85.3459212">
      </trkpt>
      <trkpt lat="24.5414138" lon="85.3450741">
      </trkpt>
      <trkpt lat="24.5411515" lon="85.3445434">
      </trkpt>
      <trkpt lat="24.5408637" lon="85.3438634">
      </trkpt>
      <trkpt lat="24.540498" lon="85.3427043">
      </trkpt>
      <trkpt lat="24.5401887" lon="85.3416488">
      </trkpt>
      <trkpt lat="24.5399211" lon="85.340648">
      </trkpt>
      <trkpt lat="24.5397422" lon="85.3398128">
      </trkpt>
      <trkpt lat="24.5395997" lon="85.3389672">
      </trkpt>
      <trkpt lat="24.5395539" lon="85.3386005">
      </trkpt>
      <trkpt lat="24.5394679" lon="85.3377653">
      </trkpt>
      <trkpt lat="24.5394275" lon="85.3366876">
      </trkpt>
      <trkpt lat="24.5394275" lon="85.336352">
      </trkpt>
      <trkpt lat="24.5394531" lon="85.3352285">
      </trkpt>
      <trkpt lat="24.5395343" lon="85.3339207">
      </trkpt>
      <trkpt lat="24.5396046" lon="85.3328094">
      </trkpt>
      <trkpt lat="24.5396413" lon="85.3323635">
      </trkpt>
      <trkpt lat="24.5396951" lon="85.3316983">
      </trkpt>
      <trkpt lat="24.5397409" lon="85.3310847">
      </trkpt>
      <trkpt lat="24.5398242" lon="85.3305392">
      </trkpt>
      <trkpt lat="24.5399116" lon="85.330149">
      </trkpt>
      <trkpt lat="24.5400663" lon="85.3295251">
      </trkpt>
      <trkpt lat="24.5402142" lon="85.3290609">
      </trkpt>
      <trkpt lat="24.5404711" lon="85.3284622">
      </trkpt>
      <trkpt lat="24.5406392" lon="85.3280867">
      </trkpt>
      <trkpt lat="24.5408395" lon="85.327695">
      </trkpt>
      <trkpt lat="24.5413356" lon="85.3268875">
      </trkpt>
      <trkpt lat="24.5419567" lon="85.3260061">
      </trkpt>
      <trkpt lat="24.5478906" lon="85.3179257">
      </trkpt>
      <trkpt lat="24.5489526" lon="85.3164722">
      </trkpt>
      <trkpt lat="24.5563291" lon="85.3063761">
      </trkpt>
      <trkpt lat="24.5569987" lon="85.3054669">
      </trkpt>
      <trkpt lat="24.5574155" lon="85.3048948">
      </trkpt>
      <trkpt lat="24.5577207" lon="85.3044957">
      </trkpt>
      <trkpt lat="24.5580581" lon="85.3040754">
      </trkpt>
      <trkpt lat="24.5582825" lon="85.3037457">
      </trkpt>
      <trkpt lat="24.5584822" lon="85.3034573">
      </trkpt>
      <trkpt lat="24.5587389" lon="85.303074">
      </trkpt>
      <trkpt lat="24.5590368" lon="85.3025926">
      </trkpt>
      <trkpt lat="24.5593281" lon="85.3021032">
      </trkpt>
      <trkpt lat="24.5597855" lon="85.3013391">
      </trkpt>
      <trkpt lat="24.5615622" lon="85.2983739">
      </trkpt>
      <trkpt lat="24.562154" lon="85.297441">
      </trkpt>
      <trkpt lat="24.563194" lon="85.2957767">
      </trkpt>
      <trkpt lat="24.5639309" lon="85.2946412">
      </trkpt>
      <trkpt lat="24.5643566" lon="85.2939409">
      </trkpt>
      <trkpt lat="24.5644938" lon="85.2937152">
      </trkpt>
      <trkpt lat="24.5650592" lon="85.2927822">
      </trkpt>
      <trkpt lat="24.5661058" lon="85.2910387">
      </trkpt>
      <trkpt lat="24.566729" lon="85.2899167">
      </trkpt>
      <trkpt lat="24.569962" lon="85.2846116">
      </trkpt>
      <trkpt lat="24.5756584" lon="85.2752006">
      </trkpt>
      <trkpt lat="24.5765069" lon="85.2737962">
      </trkpt>
      <trkpt lat="24.5779223" lon="85.2714818">
      </trkpt>
      <trkpt lat="24.5808089" lon="85.2667397">
      </trkpt>
      <trkpt lat="24.5838045" lon="85.2617975">
      </trkpt>
      <trkpt lat="24.5926757" lon="85.2471989">
      </trkpt>
      <trkpt lat="24.5956368" lon="85.2423461">
      </trkpt>
      <trkpt lat="24.5969777" lon="85.2401385">
      </trkpt>
      <trkpt lat="24.5981341" lon="85.2382344">
      </trkpt>
      <trkpt lat="24.5987793" lon="85.2371862">
      </trkpt>
      <trkpt lat="24.5994057" lon="85.2361248">
      </trkpt>
      <trkpt lat="24.5999514" lon="85.2352201">
      </trkpt>
      <trkpt lat="24.6000772" lon="85.2350161">
      </trkpt>
      <trkpt lat="24.6003292" lon="85.2346035">
      </trkpt>
      <trkpt lat="24.6005603" lon="85.2342326">
      </trkpt>
      <trkpt lat="24.6011208" lon="85.2333086">
      </trkpt>
      <trkpt lat="24.601641" lon="85.2324556">
      </trkpt>
      <trkpt lat="24.6021034" lon="85.231678">
      </trkpt>
      <trkpt lat="24.6026908" lon="85.2307201">
      </trkpt>
      <trkpt lat="24.6031492" lon="85.2299651">
      </trkpt>
      <trkpt lat="24.6034021" lon="85.2296258">
      </trkpt>
      <trkpt lat="24.6037928" lon="85.2290853">
      </trkpt>
      <trkpt lat="24.6039022" lon="85.2289421">
      </trkpt>
      <trkpt lat="24.6043501" lon="85.2284253">
      </trkpt>
      <trkpt lat="24.604623" lon="85.2281183">
      </trkpt>
      <trkpt lat="24.6048843" lon="85.2278462">
      </trkpt>
      <trkpt lat="24.6056666" lon="85.2269844">
      </trkpt>
      <trkpt lat="24.6063553" lon="85.2262287">
      </trkpt>
      <trkpt lat="24.6065341" lon="85.2260277">
      </trkpt>
      <trkpt lat="24.6076497" lon="85.2248184">
      </trkpt>
      <trkpt lat="24.6085287" lon="85.223859">
      </trkpt>
      <trkpt lat="24.6102007" lon="85.2220406">
      </trkpt>
      <trkpt lat="24.6118538" lon="85.2202282">
      </trkpt>
      <trkpt lat="24.6135499" lon="85.2183774">
      </trkpt>
      <trkpt lat="24.616048" lon="85.2156263">
      </trkpt>
      <trkpt lat="24.6179258" lon="85.2135649">
      </trkpt>
      <trkpt lat="24.6200192" lon="85.2112749">
      </trkpt>
      <trkpt lat="24.6201995" lon="85.2110779">
      </trkpt>
      <trkpt lat="24.6213776" lon="85.2097848">
      </trkpt>
      <trkpt lat="24.6228011" lon="85.2082377">
      </trkpt>
      <trkpt lat="24.6243529" lon="85.2065223">
      </trkpt>
      <trkpt lat="24.6257926" lon="85.2049721">
      </trkpt>
      <trkpt lat="24.626039" lon="85.2046965">
      </trkpt>
      <trkpt lat="24.6269377" lon="85.2037107">
      </trkpt>
      <trkpt lat="24.6273121" lon="85.2032943">
      </trkpt>
      <trkpt lat="24.6275051" lon="85.2030862">
      </trkpt>
      <trkpt lat="24.6290861" lon="85.2013699">
      </trkpt>
      <trkpt lat="24.6301941" lon="85.2001448">
      </trkpt>
      <trkpt lat="24.6314978" lon="85.1987106">
      </trkpt>
      <trkpt lat="24.6327292" lon="85.1973809">
      </trkpt>
      <trkpt lat="24.6338961" lon="85.1960868">
      </trkpt>
      <trkpt lat="24.6350382" lon="85.1948533">
      </trkpt>
      <trkpt lat="24.6363001" lon="85.1934609">
      </trkpt>
      <trkpt lat="24.6373452" lon="85.1923236">
      </trkpt>
      <trkpt lat="24.6385329" lon="85.1910253">
      </trkpt>
      <trkpt lat="24.6397244" lon="85.1897124">
      </trkpt>
      <trkpt lat="24.6409311" lon="85.1883931">
      </trkpt>
      <trkpt lat="24.6429264" lon="85.1862209">
      </trkpt>
      <trkpt lat="24.6441445" lon="85.184885">
      </trkpt>
      <trkpt lat="24.6453815" lon="85.1835282">
      </trkpt>
      <trkpt lat="24.6456275" lon="85.1832589">
      </trkpt>
      <trkpt lat="24.646495" lon="85.1823093">
      </trkpt>
      <trkpt lat="24.6476693" lon="85.1810445">
      </trkpt>
      <trkpt lat="24.6485293" lon="85.1801004">
      </trkpt>
      <trkpt lat="24.6487809" lon="85.1798277">
      </trkpt>
      <trkpt lat="24.6498184" lon="85.1786758">
      </trkpt>
      <trkpt lat="24.6509243" lon="85.1774527">
      </trkpt>
      <trkpt lat="24.6520834" lon="85.1762213">
      </trkpt>
      <trkpt lat="24.6533641" lon="85.1748227">
      </trkpt>
      <trkpt lat="24.6544965" lon="85.1735641">
      </trkpt>
      <trkpt lat="24.6555491" lon="85.1724226">
      </trkpt>
      <trkpt lat="24.6565163" lon="85.1713668">
      </trkpt>
      <trkpt lat="24.6575029" lon="85.1702655">
      </trkpt>
      <trkpt lat="24.6577019" lon="85.1700434">
      </trkpt>
      <trkpt lat="24.6588552" lon="85.168812">
      </trkpt>
      <trkpt lat="24.6600503" lon="85.1674949">
      </trkpt>
      <trkpt lat="24.6600931" lon="85.1674482">
      </trkpt>
      <trkpt lat="24.6611903" lon="85.166253">
      </trkpt>
      <trkpt lat="24.6631519" lon="85.1640369">
      </trkpt>
      <trkpt lat="24.6632342" lon="85.1639529">
      </trkpt>
      <trkpt lat="24.6650736" lon="85.1620334">
      </trkpt>
      <trkpt lat="24.6659997" lon="85.1609969">
      </trkpt>
      <trkpt lat="24.6664278" lon="85.1605196">
      </trkpt>
      <trkpt lat="24.6679055" lon="85.1588934">
      </trkpt>
      <trkpt lat="24.6693752" lon="85.1572998">
      </trkpt>
      <trkpt lat="24.670724" lon="85.1558097">
      </trkpt>
      <trkpt lat="24.6720351" lon="85.1543609">
      </trkpt>
      <trkpt lat="24.6736122" lon="85.1526549">
      </trkpt>
      <trkpt lat="24.6751248" lon="85.1509992">
      </trkpt>
      <trkpt lat="24.6764977" lon="85.1494943">
      </trkpt>
      <trkpt lat="24.6867441" lon="85.138262">
      </trkpt>
      <trkpt lat="24.6884822" lon="85.1364023">
      </trkpt>
      <trkpt lat="24.6901988" lon="85.1344538">
      </trkpt>
      <trkpt lat="24.6921418" lon="85.132307">
      </trkpt>
      <trkpt lat="24.6925121" lon="85.1318782">
      </trkpt>
      <trkpt lat="24.6933427" lon="85.1309821">
      </trkpt>
      <trkpt lat="24.6946527" lon="85.1295931">
      </trkpt>
      <trkpt lat="24.6972342" lon="85.1267488">
      </trkpt>
      <trkpt lat="24.6989211" lon="85.1248773">
      </trkpt>
      <trkpt lat="24.7003203" lon="85.1233416">
      </trkpt>
      <trkpt lat="24.7016824" lon="85.1218467">
      </trkpt>
      <trkpt lat="24.7040891" lon="85.1192242">
      </trkpt>
      <trkpt lat="24.7302285" lon="85.0905957">
      </trkpt>
      <trkpt lat="24.7310355" lon="85.0897028">
      </trkpt>
      <trkpt lat="24.731625" lon="85.0890523">
      </trkpt>
      <trkpt lat="24.7323944" lon="85.0882185">
      </trkpt>
      <trkpt lat="24.7326955" lon="85.0878875">
      </trkpt>
      <trkpt lat="24.7332121" lon="85.0873197">
      </trkpt>
      <trkpt lat="24.7340271" lon="85.0864475">
      </trkpt>
      <trkpt lat="24.7347844" lon="85.0856137">
      </trkpt>
      <trkpt lat="24.7355833" lon="85.0847593">
      </trkpt>
      <trkpt lat="24.7363701" lon="85.0838811">
      </trkpt>
      <trkpt lat="24.7371596" lon="85.0830296">
      </trkpt>
      <trkpt lat="24.7379652" lon="85.0821249">
      </trkpt>
      <trkpt lat="24.7388043" lon="85.0812039">
      </trkpt>
      <trkpt lat="24.7396139" lon="85.0803125">
      </trkpt>
      <trkpt lat="24.7403712" lon="85.079492">
      </trkpt>
      <trkpt lat="24.7410908" lon="85.0786937">
      </trkpt>
      <trkpt lat="24.7418803" lon="85.0778259">
      </trkpt>
      <trkpt lat="24.7421758" lon="85.0775029">
      </trkpt>
      <trkpt lat="24.742616" lon="85.0770217">
      </trkpt>
      <trkpt lat="24.74329" lon="85.0762964">
      </trkpt>
      <trkpt lat="24.7437723" lon="85.0757654">
      </trkpt>
      <trkpt lat="24.744021" lon="85.0754853">
      </trkpt>
      <trkpt lat="24.7448355" lon="85.0745967">
      </trkpt>
      <trkpt lat="24.7455229" lon="85.0738148">
      </trkpt>
      <trkpt lat="24.7464456" lon="85.072828">
      </trkpt>
      <trkpt lat="24.7472981" lon="85.0719269">
      </trkpt>
      <trkpt lat="24.7482191" lon="85.0709505">
      </trkpt>
      <trkpt lat="24.7493924" lon="85.0697085">
      </trkpt>
      <trkpt lat="24.7494749" lon="85.0696057">
      </trkpt>
      <trkpt lat="24.7513467" lon="85.0675187">
      </trkpt>
      <trkpt lat="24.7521894" lon="85.0666179">
      </trkpt>
      <trkpt lat="24.7531706" lon="85.0656445">
      </trkpt>
      <trkpt lat="24.7540439" lon="85.0648354">
      </trkpt>
      <trkpt lat="24.7548698" lon="85.0640598">
      </trkpt>
      <trkpt lat="24.755745" lon="85.0632235">
      </trkpt>
      <trkpt lat="24.7567075" lon="85.0623517">
      </trkpt>
      <trkpt lat="24.7577669" lon="85.0613649">
      </trkpt>
      <trkpt lat="24.7588301" lon="85.0603802">
      </trkpt>
      <trkpt lat="24.7599521" lon="85.0593098">
      </trkpt>
      <trkpt lat="24.7609393" lon="85.0584422">
      </trkpt>
      <trkpt lat="24.7617936" lon="85.0577878">
      </trkpt>
      <trkpt lat="24.7627314" lon="85.0571543">
      </trkpt>
      <trkpt lat="24.763337" lon="85.0568052">
      </trkpt>
      <trkpt lat="24.764402" lon="85.0562679">
      </trkpt>
      <trkpt lat="24.7651841" lon="85.0559292">
      </trkpt>
      <trkpt lat="24.7660878" lon="85.0556114">
      </trkpt>
      <trkpt lat="24.7669079" lon="85.0553856">
      </trkpt>
      <trkpt lat="24.7674641" lon="85.0552581">
      </trkpt>
      <trkpt lat="24.7680602" lon="85.0551368">
      </trkpt>
      <trkpt lat="24.7685879" lon="85.0550553">
      </trkpt>
      <trkpt lat="24.7692732" lon="85.0549759">
      </trkpt>
      <trkpt lat="24.7698351" lon="85.0549382">
      </trkpt>
      <trkpt lat="24.7701616" lon="85.0549361">
      </trkpt>
      <trkpt lat="24.7728596" lon="85.0549723">
      </trkpt>
      <trkpt lat="24.7773405" lon="85.0550323">
      </trkpt>
      <trkpt lat="24.7973284" lon="85.0553663">
      </trkpt>
      <trkpt lat="24.7975658" lon="85.0553709">
      </trkpt>
      <trkpt lat="24.799616" lon="85.0554104">
      </trkpt>
      <trkpt lat="24.8009478" lon="85.0554428">
      </trkpt>
      <trkpt lat="24.8012348" lon="85.0554241">
      </trkpt>
      <trkpt lat="24.8015333" lon="85.0554026">
      </trkpt>
      <trkpt lat="24.8018021" lon="85.0553665">
      </trkpt>
      <trkpt lat="24.8021216" lon="85.0552988">
      </trkpt>
      <trkpt lat="24.8025182" lon="85.0552045">
      </trkpt>
      <trkpt lat="24.8030382" lon="85.05501">
      </trkpt>
      <trkpt lat="24.8035107" lon="85.0547717">
      </trkpt>
      <trkpt lat="24.8040725" lon="85.0543912">
      </trkpt>
      <trkpt lat="24.8044406" lon="85.0540964">
      </trkpt>
      <trkpt lat="24.8046911" lon="85.0538748">
      </trkpt>
      <trkpt lat="24.8050308" lon="85.0535173">
      </trkpt>
      <trkpt lat="24.8052832" lon="85.0531786">
      </trkpt>
      <trkpt lat="24.8055375" lon="85.0528148">
      </trkpt>
      <trkpt lat="24.8057235" lon="85.0525096">
      </trkpt>
      <trkpt lat="24.8059304" lon="85.0520957">
      </trkpt>
      <trkpt lat="24.8061107" lon="85.0516587">
      </trkpt>
      <trkpt lat="24.8062669" lon="85.051272">
      </trkpt>
      <trkpt lat="24.8063373" lon="85.0510049">
      </trkpt>
      <trkpt lat="24.8064099" lon="85.0507197">
      </trkpt>
      <trkpt lat="24.8064995" lon="85.0502617">
      </trkpt>
      <trkpt lat="24.8065428" lon="85.0498946">
      </trkpt>
      <trkpt lat="24.8065796" lon="85.0494901">
      </trkpt>
      <trkpt lat="24.8066205" lon="85.0485633">
      </trkpt>
      <trkpt lat="24.8066339" lon="85.0483204">
      </trkpt>
      <trkpt lat="24.8066515" lon="85.0478396">
      </trkpt>
      <trkpt lat="24.8067675" lon="85.0450278">
      </trkpt>
      <trkpt lat="24.8070823" lon="85.0385637">
      </trkpt>
      <trkpt lat="24.8070941" lon="85.0383036">
      </trkpt>
      <trkpt lat="24.8074908" lon="85.0297042">
      </trkpt>
      <trkpt lat="24.8075549" lon="85.028474">
      </trkpt>
      <trkpt lat="24.8075876" lon="85.0277816">
      </trkpt>
      <trkpt lat="24.8076152" lon="85.0271902">
      </trkpt>
      <trkpt lat="24.8076588" lon="85.0255481">
      </trkpt>
      <trkpt lat="24.807671" lon="85.0252761">
      </trkpt>
      <trkpt lat="24.8076773" lon="85.0251366">
      </trkpt>
      <trkpt lat="24.8078118" lon="85.0221319">
      </trkpt>
      <trkpt lat="24.8079132" lon="85.0202225">
      </trkpt>
      <trkpt lat="24.8080788" lon="85.0164996">
      </trkpt>
      <trkpt lat="24.8081478" lon="85.0148656">
      </trkpt>
      <trkpt lat="24.8082073" lon="85.0137158">
      </trkpt>
      <trkpt lat="24.8082378" lon="85.0130604">
      </trkpt>
      <trkpt lat="24.8082748" lon="85.0126187">
      </trkpt>
      <trkpt lat="24.8083085" lon="85.0123531">
      </trkpt>
      <trkpt lat="24.8083989" lon="85.0119246">
      </trkpt>
      <trkpt lat="24.8084731" lon="85.0116584">
      </trkpt>
      <trkpt lat="24.8085235" lon="85.0114472">
      </trkpt>
      <trkpt lat="24.8086514" lon="85.0110916">
      </trkpt>
      <trkpt lat="24.8088562" lon="85.0106375">
      </trkpt>
      <trkpt lat="24.8090466" lon="85.0102515">
      </trkpt>
      <trkpt lat="24.8092381" lon="85.0098837">
      </trkpt>
      <trkpt lat="24.8094277" lon="85.0095347">
      </trkpt>
      <trkpt lat="24.8101118" lon="85.0082958">
      </trkpt>
      <trkpt lat="24.8104062" lon="85.0077421">
      </trkpt>
      <trkpt lat="24.8106412" lon="85.0072822">
      </trkpt>
      <trkpt lat="24.8107621" lon="85.0069931">
      </trkpt>
      <trkpt lat="24.8109671" lon="85.0063615">
      </trkpt>
      <trkpt lat="24.8110391" lon="85.0060595">
      </trkpt>
      <trkpt lat="24.8110816" lon="85.0058524">
      </trkpt>
      <trkpt lat="24.8111389" lon="85.0054465">
      </trkpt>
      <trkpt lat="24.8111657" lon="85.0049362">
      </trkpt>
      <trkpt lat="24.8111492" lon="85.0045222">
      </trkpt>
      <trkpt lat="24.8111213" lon="85.004216">
      </trkpt>
      <trkpt lat="24.8110543" lon="85.0038066">
      </trkpt>
      <trkpt lat="24.8109632" lon="85.0034467">
      </trkpt>
      <trkpt lat="24.810836" lon="85.0030673">
      </trkpt>
      <trkpt lat="24.8106849" lon="85.0027133">
      </trkpt>
      <trkpt lat="24.8105313" lon="85.0024304">
      </trkpt>
      <trkpt lat="24.8103407" lon="85.0021011">
      </trkpt>
      <trkpt lat="24.8100807" lon="85.0017357">
      </trkpt>
      <trkpt lat="24.8098667" lon="85.0014739">
      </trkpt>
      <trkpt lat="24.8095792" lon="85.0011724">
      </trkpt>
      <trkpt lat="24.8092555" lon="85.0008797">
      </trkpt>
      <trkpt lat="24.8089853" lon="85.0006609">
      </trkpt>
      <trkpt lat="24.8087041" lon="85.0004826">
      </trkpt>
      <trkpt lat="24.8083425" lon="85.0002841">
      </trkpt>
      <trkpt lat="24.8078134" lon="85.0000831">
      </trkpt>
      <trkpt lat="24.8073938" lon="84.9999579">
      </trkpt>
      <trkpt lat="24.8070648" lon="84.999885">
      </trkpt>
      <trkpt lat="24.8067415" lon="84.9998492">
      </trkpt>
      <trkpt lat="24.8059204" lon="84.999763">
      </trkpt>
      <trkpt lat="24.8057061" lon="84.9997484">
      </trkpt>
      <trkpt lat="24.8034531" lon="84.9994846">
      </trkpt>
    </trkseg>
  </trk>
</gpx>