<?xml version="1.0" encoding="UTF-8"?>
<gpx xmlns="http://www.topografix.com/GPX/1/1" xmlns:xsi="http://www.w3.org/2001/XMLSchema-instance" xsi:schemaLocation="http://www.topografix.com/GPX/1/1 http://www.topografix.com/GPX/1/1/gpx.xsd" version="1.1" creator="gpx.py -- https://github.com/tkrajina/gpxpy">
  <wpt lat="24.5676896" lon="73.6996959">
    <name>Udaipur City</name>
  </wpt>
  <wpt lat="24.3014216" lon="73.7838023">
    <name>Jai Samand Road</name>
  </wpt>
  <wpt lat="23.8640406" lon="73.6985448">
    <name>Dungarpur</name>
  </wpt>
  <wpt lat="23.5938133" lon="72.9623019">
    <name>Himmatnagar Junction</name>
  </wpt>
  <wpt lat="23.0426922" lon="72.6113358">
    <name>Asarva</name>
  </wpt>
  <wpt lat="23.0301516" lon="72.6021921">
    <name>Ahmedabad Junction</name>
  </wpt>
  <trk>
    <name>Udaipur - Ahmedabad (Vies regionals)</name>
    <trkseg>
      <trkpt lat="24.5676896" lon="73.6996959">
      </trkpt>
      <trkpt lat="24.5633204" lon="73.699401">
      </trkpt>
      <trkpt lat="24.5627155" lon="73.6993557">
      </trkpt>
      <trkpt lat="24.5618937" lon="73.6992981">
      </trkpt>
      <trkpt lat="24.5610253" lon="73.6992368">
      </trkpt>
      <trkpt lat="24.5604465" lon="73.6992057">
      </trkpt>
      <trkpt lat="24.5601754" lon="73.6991912">
      </trkpt>
      <trkpt lat="24.5595991" lon="73.6991855">
      </trkpt>
      <trkpt lat="24.5594573" lon="73.6991845">
      </trkpt>
      <trkpt lat="24.5590704" lon="73.6992058">
      </trkpt>
      <trkpt lat="24.5587333" lon="73.6992439">
      </trkpt>
      <trkpt lat="24.5583404" lon="73.6993597">
      </trkpt>
      <trkpt lat="24.5579805" lon="73.6994816">
      </trkpt>
      <trkpt lat="24.5576614" lon="73.6996192">
      </trkpt>
      <trkpt lat="24.5574129" lon="73.6997669">
      </trkpt>
      <trkpt lat="24.5572034" lon="73.6999224">
      </trkpt>
      <trkpt lat="24.5569719" lon="73.7000901">
      </trkpt>
      <trkpt lat="24.5567236" lon="73.7003091">
      </trkpt>
      <trkpt lat="24.5564737" lon="73.7006078">
      </trkpt>
      <trkpt lat="24.5562818" lon="73.7008566">
      </trkpt>
      <trkpt lat="24.5555881" lon="73.7018655">
      </trkpt>
      <trkpt lat="24.5553349" lon="73.7022332">
      </trkpt>
      <trkpt lat="24.5551962" lon="73.7024501">
      </trkpt>
      <trkpt lat="24.5547709" lon="73.7030877">
      </trkpt>
      <trkpt lat="24.554513" lon="73.7035447">
      </trkpt>
      <trkpt lat="24.5544734" lon="73.7036219">
      </trkpt>
      <trkpt lat="24.5544125" lon="73.7037405">
      </trkpt>
      <trkpt lat="24.5543155" lon="73.7039647">
      </trkpt>
      <trkpt lat="24.5542043" lon="73.7042749">
      </trkpt>
      <trkpt lat="24.5541606" lon="73.7044272">
      </trkpt>
      <trkpt lat="24.5541085" lon="73.7046238">
      </trkpt>
      <trkpt lat="24.5540548" lon="73.7049278">
      </trkpt>
      <trkpt lat="24.5540263" lon="73.7051237">
      </trkpt>
      <trkpt lat="24.5540144" lon="73.7052615">
      </trkpt>
      <trkpt lat="24.5540041" lon="73.7054838">
      </trkpt>
      <trkpt lat="24.5540036" lon="73.7057148">
      </trkpt>
      <trkpt lat="24.5540082" lon="73.7059324">
      </trkpt>
      <trkpt lat="24.5540266" lon="73.7061843">
      </trkpt>
      <trkpt lat="24.554053" lon="73.7063976">
      </trkpt>
      <trkpt lat="24.5541545" lon="73.7069213">
      </trkpt>
      <trkpt lat="24.5541914" lon="73.7071061">
      </trkpt>
      <trkpt lat="24.554214" lon="73.7072083">
      </trkpt>
      <trkpt lat="24.554364" lon="73.7079703">
      </trkpt>
      <trkpt lat="24.5545012" lon="73.7086426">
      </trkpt>
      <trkpt lat="24.5546195" lon="73.7092298">
      </trkpt>
      <trkpt lat="24.5549119" lon="73.7107392">
      </trkpt>
      <trkpt lat="24.5552147" lon="73.7121362">
      </trkpt>
      <trkpt lat="24.5554778" lon="73.7134438">
      </trkpt>
      <trkpt lat="24.5558005" lon="73.7150475">
      </trkpt>
      <trkpt lat="24.5564355" lon="73.7181812">
      </trkpt>
      <trkpt lat="24.5565334" lon="73.7186654">
      </trkpt>
      <trkpt lat="24.5565552" lon="73.7187733">
      </trkpt>
      <trkpt lat="24.557022" lon="73.7210336">
      </trkpt>
      <trkpt lat="24.5570763" lon="73.7213259">
      </trkpt>
      <trkpt lat="24.5571136" lon="73.7215226">
      </trkpt>
      <trkpt lat="24.5571735" lon="73.7219002">
      </trkpt>
      <trkpt lat="24.557227" lon="73.7223595">
      </trkpt>
      <trkpt lat="24.5572504" lon="73.7226161">
      </trkpt>
      <trkpt lat="24.5572774" lon="73.7230608">
      </trkpt>
      <trkpt lat="24.5572784" lon="73.723135">
      </trkpt>
      <trkpt lat="24.5573151" lon="73.7238297">
      </trkpt>
      <trkpt lat="24.5574098" lon="73.7257094">
      </trkpt>
      <trkpt lat="24.5574302" lon="73.7262665">
      </trkpt>
      <trkpt lat="24.5574382" lon="73.7265953">
      </trkpt>
      <trkpt lat="24.5574372" lon="73.7270374">
      </trkpt>
      <trkpt lat="24.5574194" lon="73.7273352">
      </trkpt>
      <trkpt lat="24.5573958" lon="73.7275695">
      </trkpt>
      <trkpt lat="24.5573696" lon="73.7277796">
      </trkpt>
      <trkpt lat="24.557326" lon="73.7280393">
      </trkpt>
      <trkpt lat="24.5572766" lon="73.7282888">
      </trkpt>
      <trkpt lat="24.5571939" lon="73.7286265">
      </trkpt>
      <trkpt lat="24.5570385" lon="73.7291682">
      </trkpt>
      <trkpt lat="24.5569962" lon="73.729316">
      </trkpt>
      <trkpt lat="24.5565122" lon="73.7310579">
      </trkpt>
      <trkpt lat="24.5557514" lon="73.7336769">
      </trkpt>
      <trkpt lat="24.5550177" lon="73.7361007">
      </trkpt>
      <trkpt lat="24.5549949" lon="73.7361761">
      </trkpt>
      <trkpt lat="24.5543791" lon="73.7382538">
      </trkpt>
      <trkpt lat="24.5541457" lon="73.7390412">
      </trkpt>
      <trkpt lat="24.5538859" lon="73.7399183">
      </trkpt>
      <trkpt lat="24.5538709" lon="73.7399708">
      </trkpt>
      <trkpt lat="24.5536885" lon="73.740567">
      </trkpt>
      <trkpt lat="24.5532008" lon="73.7422304">
      </trkpt>
      <trkpt lat="24.5530169" lon="73.7428153">
      </trkpt>
      <trkpt lat="24.5529979" lon="73.7428677">
      </trkpt>
      <trkpt lat="24.5528468" lon="73.7432519">
      </trkpt>
      <trkpt lat="24.5525963" lon="73.7437508">
      </trkpt>
      <trkpt lat="24.5523491" lon="73.7441504">
      </trkpt>
      <trkpt lat="24.5520515" lon="73.7445849">
      </trkpt>
      <trkpt lat="24.5516371" lon="73.7451035">
      </trkpt>
      <trkpt lat="24.5516033" lon="73.7451457">
      </trkpt>
      <trkpt lat="24.5512756" lon="73.7455559">
      </trkpt>
      <trkpt lat="24.5492767" lon="73.7480448">
      </trkpt>
      <trkpt lat="24.5467058" lon="73.7511909">
      </trkpt>
      <trkpt lat="24.5459951" lon="73.75206">
      </trkpt>
      <trkpt lat="24.5456829" lon="73.7524549">
      </trkpt>
      <trkpt lat="24.5451694" lon="73.7530388">
      </trkpt>
      <trkpt lat="24.5448276" lon="73.7534098">
      </trkpt>
      <trkpt lat="24.5445437" lon="73.7537116">
      </trkpt>
      <trkpt lat="24.5442403" lon="73.7540125">
      </trkpt>
      <trkpt lat="24.5433598" lon="73.7548867">
      </trkpt>
      <trkpt lat="24.5427707" lon="73.7554776">
      </trkpt>
      <trkpt lat="24.5423218" lon="73.7559189">
      </trkpt>
      <trkpt lat="24.5420041" lon="73.7562362">
      </trkpt>
      <trkpt lat="24.5410207" lon="73.7572322">
      </trkpt>
      <trkpt lat="24.5404722" lon="73.7577782">
      </trkpt>
      <trkpt lat="24.5395143" lon="73.7586928">
      </trkpt>
      <trkpt lat="24.5391174" lon="73.7590959">
      </trkpt>
      <trkpt lat="24.5385886" lon="73.7596512">
      </trkpt>
      <trkpt lat="24.5383534" lon="73.7599233">
      </trkpt>
      <trkpt lat="24.5381444" lon="73.76019">
      </trkpt>
      <trkpt lat="24.5380275" lon="73.7603527">
      </trkpt>
      <trkpt lat="24.5377686" lon="73.7607314">
      </trkpt>
      <trkpt lat="24.5376264" lon="73.7609414">
      </trkpt>
      <trkpt lat="24.5373954" lon="73.7612978">
      </trkpt>
      <trkpt lat="24.5372827" lon="73.7614913">
      </trkpt>
      <trkpt lat="24.537083" lon="73.761853">
      </trkpt>
      <trkpt lat="24.5369676" lon="73.7620766">
      </trkpt>
      <trkpt lat="24.5368485" lon="73.7623246">
      </trkpt>
      <trkpt lat="24.5366805" lon="73.7627052">
      </trkpt>
      <trkpt lat="24.5365364" lon="73.7630587">
      </trkpt>
      <trkpt lat="24.5363508" lon="73.763527">
      </trkpt>
      <trkpt lat="24.5357508" lon="73.765077">
      </trkpt>
      <trkpt lat="24.5353726" lon="73.7659085">
      </trkpt>
      <trkpt lat="24.5352689" lon="73.7661006">
      </trkpt>
      <trkpt lat="24.5350441" lon="73.7665052">
      </trkpt>
      <trkpt lat="24.5347886" lon="73.7668924">
      </trkpt>
      <trkpt lat="24.5346335" lon="73.7671119">
      </trkpt>
      <trkpt lat="24.534504" lon="73.7672827">
      </trkpt>
      <trkpt lat="24.534343" lon="73.7674814">
      </trkpt>
      <trkpt lat="24.534129" lon="73.7677396">
      </trkpt>
      <trkpt lat="24.5339334" lon="73.7679462">
      </trkpt>
      <trkpt lat="24.5337033" lon="73.7681758">
      </trkpt>
      <trkpt lat="24.5333191" lon="73.7685374">
      </trkpt>
      <trkpt lat="24.5327105" lon="73.7690545">
      </trkpt>
      <trkpt lat="24.5323786" lon="73.7693274">
      </trkpt>
      <trkpt lat="24.5321399" lon="73.7695319">
      </trkpt>
      <trkpt lat="24.5316096" lon="73.7700134">
      </trkpt>
      <trkpt lat="24.5315037" lon="73.770111">
      </trkpt>
      <trkpt lat="24.5313696" lon="73.7702334">
      </trkpt>
      <trkpt lat="24.5312201" lon="73.7703596">
      </trkpt>
      <trkpt lat="24.5310424" lon="73.7705079">
      </trkpt>
      <trkpt lat="24.5309151" lon="73.7706098">
      </trkpt>
      <trkpt lat="24.5308021" lon="73.7706924">
      </trkpt>
      <trkpt lat="24.5306876" lon="73.7707682">
      </trkpt>
      <trkpt lat="24.5305891" lon="73.7708368">
      </trkpt>
      <trkpt lat="24.530479" lon="73.7709121">
      </trkpt>
      <trkpt lat="24.5303901" lon="73.77097">
      </trkpt>
      <trkpt lat="24.5302791" lon="73.7710386">
      </trkpt>
      <trkpt lat="24.5301585" lon="73.7711123">
      </trkpt>
      <trkpt lat="24.5300582" lon="73.7711687">
      </trkpt>
      <trkpt lat="24.5299896" lon="73.7712057">
      </trkpt>
      <trkpt lat="24.5298544" lon="73.7712751">
      </trkpt>
      <trkpt lat="24.5297935" lon="73.771303">
      </trkpt>
      <trkpt lat="24.5295487" lon="73.7714168">
      </trkpt>
      <trkpt lat="24.5293013" lon="73.7714945">
      </trkpt>
      <trkpt lat="24.5290268" lon="73.7715652">
      </trkpt>
      <trkpt lat="24.5286843" lon="73.7716082">
      </trkpt>
      <trkpt lat="24.5282695" lon="73.7716283">
      </trkpt>
      <trkpt lat="24.5275106" lon="73.7717047">
      </trkpt>
      <trkpt lat="24.5260574" lon="73.7718143">
      </trkpt>
      <trkpt lat="24.5251461" lon="73.7718523">
      </trkpt>
      <trkpt lat="24.5241651" lon="73.7719265">
      </trkpt>
      <trkpt lat="24.5235685" lon="73.7719676">
      </trkpt>
      <trkpt lat="24.522945" lon="73.7720065">
      </trkpt>
      <trkpt lat="24.5217683" lon="73.7721016">
      </trkpt>
      <trkpt lat="24.5211784" lon="73.7721065">
      </trkpt>
      <trkpt lat="24.5208058" lon="73.7720911">
      </trkpt>
      <trkpt lat="24.5203342" lon="73.7720192">
      </trkpt>
      <trkpt lat="24.5198165" lon="73.7718737">
      </trkpt>
      <trkpt lat="24.5193115" lon="73.7716864">
      </trkpt>
      <trkpt lat="24.5188083" lon="73.7714294">
      </trkpt>
      <trkpt lat="24.5184353" lon="73.7712085">
      </trkpt>
      <trkpt lat="24.5180295" lon="73.7709205">
      </trkpt>
      <trkpt lat="24.5175128" lon="73.7704682">
      </trkpt>
      <trkpt lat="24.5167905" lon="73.7699426">
      </trkpt>
      <trkpt lat="24.5163365" lon="73.7696582">
      </trkpt>
      <trkpt lat="24.5158948" lon="73.7694302">
      </trkpt>
      <trkpt lat="24.5154312" lon="73.7692398">
      </trkpt>
      <trkpt lat="24.5149577" lon="73.7690869">
      </trkpt>
      <trkpt lat="24.5145355" lon="73.768993">
      </trkpt>
      <trkpt lat="24.5141012" lon="73.768934">
      </trkpt>
      <trkpt lat="24.5133641" lon="73.7688696">
      </trkpt>
      <trkpt lat="24.5128151" lon="73.7688348">
      </trkpt>
      <trkpt lat="24.5122977" lon="73.7688133">
      </trkpt>
      <trkpt lat="24.512052" lon="73.7687711">
      </trkpt>
      <trkpt lat="24.5114527" lon="73.7686311">
      </trkpt>
      <trkpt lat="24.511407" lon="73.7686188">
      </trkpt>
      <trkpt lat="24.5113031" lon="73.7685907">
      </trkpt>
      <trkpt lat="24.5111193" lon="73.7685301">
      </trkpt>
      <trkpt lat="24.5109102" lon="73.7684592">
      </trkpt>
      <trkpt lat="24.5107224" lon="73.7683807">
      </trkpt>
      <trkpt lat="24.5104929" lon="73.7682755">
      </trkpt>
      <trkpt lat="24.5102385" lon="73.7681448">
      </trkpt>
      <trkpt lat="24.5100292" lon="73.7680261">
      </trkpt>
      <trkpt lat="24.5097355" lon="73.767843">
      </trkpt>
      <trkpt lat="24.5095331" lon="73.7677041">
      </trkpt>
      <trkpt lat="24.5091114" lon="73.7674032">
      </trkpt>
      <trkpt lat="24.508563" lon="73.7669916">
      </trkpt>
      <trkpt lat="24.5082948" lon="73.7667999">
      </trkpt>
      <trkpt lat="24.5081356" lon="73.766698">
      </trkpt>
      <trkpt lat="24.5079836" lon="73.766613">
      </trkpt>
      <trkpt lat="24.5077494" lon="73.7664859">
      </trkpt>
      <trkpt lat="24.5075602" lon="73.7663946">
      </trkpt>
      <trkpt lat="24.5074087" lon="73.7663329">
      </trkpt>
      <trkpt lat="24.5072827" lon="73.7662861">
      </trkpt>
      <trkpt lat="24.5070391" lon="73.7662059">
      </trkpt>
      <trkpt lat="24.5067775" lon="73.7661286">
      </trkpt>
      <trkpt lat="24.5065609" lon="73.7660766">
      </trkpt>
      <trkpt lat="24.5062998" lon="73.7660325">
      </trkpt>
      <trkpt lat="24.5060786" lon="73.7659978">
      </trkpt>
      <trkpt lat="24.5058975" lon="73.7659808">
      </trkpt>
      <trkpt lat="24.5057299" lon="73.765964">
      </trkpt>
      <trkpt lat="24.505445" lon="73.7659454">
      </trkpt>
      <trkpt lat="24.5045943" lon="73.7659069">
      </trkpt>
      <trkpt lat="24.5041612" lon="73.7659012">
      </trkpt>
      <trkpt lat="24.5039332" lon="73.7658949">
      </trkpt>
      <trkpt lat="24.50375" lon="73.76589">
      </trkpt>
      <trkpt lat="24.5035123" lon="73.7658781">
      </trkpt>
      <trkpt lat="24.503181" lon="73.7658432">
      </trkpt>
      <trkpt lat="24.5027429" lon="73.7657713">
      </trkpt>
      <trkpt lat="24.502704" lon="73.7657649">
      </trkpt>
      <trkpt lat="24.5025282" lon="73.7657288">
      </trkpt>
      <trkpt lat="24.5023523" lon="73.7656805">
      </trkpt>
      <trkpt lat="24.5021814" lon="73.7656261">
      </trkpt>
      <trkpt lat="24.5019326" lon="73.7655222">
      </trkpt>
      <trkpt lat="24.5017766" lon="73.7654509">
      </trkpt>
      <trkpt lat="24.5014084" lon="73.7652704">
      </trkpt>
      <trkpt lat="24.5011915" lon="73.7651524">
      </trkpt>
      <trkpt lat="24.500539" lon="73.7647605">
      </trkpt>
      <trkpt lat="24.5003634" lon="73.7646641">
      </trkpt>
      <trkpt lat="24.5002988" lon="73.7646261">
      </trkpt>
      <trkpt lat="24.4985131" lon="73.7635803">
      </trkpt>
      <trkpt lat="24.4964312" lon="73.7623853">
      </trkpt>
      <trkpt lat="24.4950277" lon="73.7615365">
      </trkpt>
      <trkpt lat="24.4935599" lon="73.7606554">
      </trkpt>
      <trkpt lat="24.4931588" lon="73.7604476">
      </trkpt>
      <trkpt lat="24.4929433" lon="73.7603447">
      </trkpt>
      <trkpt lat="24.4927423" lon="73.7602572">
      </trkpt>
      <trkpt lat="24.4925478" lon="73.7601809">
      </trkpt>
      <trkpt lat="24.4923751" lon="73.7601169">
      </trkpt>
      <trkpt lat="24.4921133" lon="73.7600237">
      </trkpt>
      <trkpt lat="24.491878" lon="73.7599624">
      </trkpt>
      <trkpt lat="24.4915824" lon="73.7599002">
      </trkpt>
      <trkpt lat="24.4913244" lon="73.7598604">
      </trkpt>
      <trkpt lat="24.4910865" lon="73.7598376">
      </trkpt>
      <trkpt lat="24.4907574" lon="73.759824">
      </trkpt>
      <trkpt lat="24.4902721" lon="73.7598294">
      </trkpt>
      <trkpt lat="24.4900028" lon="73.759848">
      </trkpt>
      <trkpt lat="24.4896303" lon="73.7599023">
      </trkpt>
      <trkpt lat="24.4893523" lon="73.7599541">
      </trkpt>
      <trkpt lat="24.4891782" lon="73.7600014">
      </trkpt>
      <trkpt lat="24.4889123" lon="73.7600865">
      </trkpt>
      <trkpt lat="24.4885274" lon="73.7602311">
      </trkpt>
      <trkpt lat="24.4882529" lon="73.7603616">
      </trkpt>
      <trkpt lat="24.4880121" lon="73.7604912">
      </trkpt>
      <trkpt lat="24.4879155" lon="73.7605488">
      </trkpt>
      <trkpt lat="24.4876413" lon="73.760717">
      </trkpt>
      <trkpt lat="24.4873142" lon="73.7609358">
      </trkpt>
      <trkpt lat="24.4870516" lon="73.7611317">
      </trkpt>
      <trkpt lat="24.486831" lon="73.7613159">
      </trkpt>
      <trkpt lat="24.4866321" lon="73.7614959">
      </trkpt>
      <trkpt lat="24.4863908" lon="73.7617466">
      </trkpt>
      <trkpt lat="24.4861305" lon="73.7620821">
      </trkpt>
      <trkpt lat="24.485962" lon="73.762316">
      </trkpt>
      <trkpt lat="24.4857586" lon="73.762648">
      </trkpt>
      <trkpt lat="24.485575" lon="73.7630002">
      </trkpt>
      <trkpt lat="24.4854171" lon="73.7633574">
      </trkpt>
      <trkpt lat="24.4852793" lon="73.7637121">
      </trkpt>
      <trkpt lat="24.4851776" lon="73.7640189">
      </trkpt>
      <trkpt lat="24.4850841" lon="73.7643523">
      </trkpt>
      <trkpt lat="24.4850249" lon="73.7645888">
      </trkpt>
      <trkpt lat="24.4849138" lon="73.7649632">
      </trkpt>
      <trkpt lat="24.4847896" lon="73.765365">
      </trkpt>
      <trkpt lat="24.4846566" lon="73.7657684">
      </trkpt>
      <trkpt lat="24.484361" lon="73.7667228">
      </trkpt>
      <trkpt lat="24.4842803" lon="73.7669408">
      </trkpt>
      <trkpt lat="24.4841678" lon="73.7671968">
      </trkpt>
      <trkpt lat="24.4840531" lon="73.7674093">
      </trkpt>
      <trkpt lat="24.4839196" lon="73.7676245">
      </trkpt>
      <trkpt lat="24.4837267" lon="73.7679205">
      </trkpt>
      <trkpt lat="24.4833377" lon="73.768498">
      </trkpt>
      <trkpt lat="24.4831644" lon="73.7687198">
      </trkpt>
      <trkpt lat="24.4830054" lon="73.7688993">
      </trkpt>
      <trkpt lat="24.4827796" lon="73.7691344">
      </trkpt>
      <trkpt lat="24.4825958" lon="73.7693072">
      </trkpt>
      <trkpt lat="24.482356" lon="73.7695266">
      </trkpt>
      <trkpt lat="24.4821201" lon="73.7696952">
      </trkpt>
      <trkpt lat="24.4819544" lon="73.7697995">
      </trkpt>
      <trkpt lat="24.4817553" lon="73.7698997">
      </trkpt>
      <trkpt lat="24.4815605" lon="73.7699895">
      </trkpt>
      <trkpt lat="24.4812573" lon="73.7701249">
      </trkpt>
      <trkpt lat="24.4810094" lon="73.770255">
      </trkpt>
      <trkpt lat="24.4808203" lon="73.7703623">
      </trkpt>
      <trkpt lat="24.4805702" lon="73.7705169">
      </trkpt>
      <trkpt lat="24.4802787" lon="73.7706732">
      </trkpt>
      <trkpt lat="24.4798425" lon="73.7709028">
      </trkpt>
      <trkpt lat="24.4794336" lon="73.771128">
      </trkpt>
      <trkpt lat="24.4793251" lon="73.7711912">
      </trkpt>
      <trkpt lat="24.4791711" lon="73.7712918">
      </trkpt>
      <trkpt lat="24.4786769" lon="73.7716257">
      </trkpt>
      <trkpt lat="24.4785187" lon="73.7717121">
      </trkpt>
      <trkpt lat="24.478375" lon="73.7717844">
      </trkpt>
      <trkpt lat="24.4782023" lon="73.7718479">
      </trkpt>
      <trkpt lat="24.4779691" lon="73.7719187">
      </trkpt>
      <trkpt lat="24.4777345" lon="73.7719746">
      </trkpt>
      <trkpt lat="24.4774992" lon="73.7720142">
      </trkpt>
      <trkpt lat="24.4769231" lon="73.7721152">
      </trkpt>
      <trkpt lat="24.476365" lon="73.7721832">
      </trkpt>
      <trkpt lat="24.4761419" lon="73.7721974">
      </trkpt>
      <trkpt lat="24.4757395" lon="73.7722205">
      </trkpt>
      <trkpt lat="24.4755199" lon="73.7722475">
      </trkpt>
      <trkpt lat="24.475089" lon="73.7723048">
      </trkpt>
      <trkpt lat="24.47451" lon="73.7723584">
      </trkpt>
      <trkpt lat="24.4737974" lon="73.7724531">
      </trkpt>
      <trkpt lat="24.4736419" lon="73.7724722">
      </trkpt>
      <trkpt lat="24.4734419" lon="73.7724799">
      </trkpt>
      <trkpt lat="24.4726738" lon="73.7724998">
      </trkpt>
      <trkpt lat="24.4722184" lon="73.7725351">
      </trkpt>
      <trkpt lat="24.4717164" lon="73.7725823">
      </trkpt>
      <trkpt lat="24.4710131" lon="73.7726517">
      </trkpt>
      <trkpt lat="24.4707334" lon="73.7726731">
      </trkpt>
      <trkpt lat="24.4701433" lon="73.7727043">
      </trkpt>
      <trkpt lat="24.4698583" lon="73.7727204">
      </trkpt>
      <trkpt lat="24.4697336" lon="73.772732">
      </trkpt>
      <trkpt lat="24.4694251" lon="73.7727764">
      </trkpt>
      <trkpt lat="24.4690461" lon="73.7728391">
      </trkpt>
      <trkpt lat="24.4687453" lon="73.7728785">
      </trkpt>
      <trkpt lat="24.4681802" lon="73.7729419">
      </trkpt>
      <trkpt lat="24.4676289" lon="73.7729975">
      </trkpt>
      <trkpt lat="24.4667981" lon="73.7730697">
      </trkpt>
      <trkpt lat="24.4658323" lon="73.7731504">
      </trkpt>
      <trkpt lat="24.464649" lon="73.7732421">
      </trkpt>
      <trkpt lat="24.4640184" lon="73.7732953">
      </trkpt>
      <trkpt lat="24.4630515" lon="73.7734281">
      </trkpt>
      <trkpt lat="24.4612118" lon="73.7735555">
      </trkpt>
      <trkpt lat="24.4604113" lon="73.7736756">
      </trkpt>
      <trkpt lat="24.4599314" lon="73.7737969">
      </trkpt>
      <trkpt lat="24.4594431" lon="73.7739256">
      </trkpt>
      <trkpt lat="24.4590672" lon="73.7740732">
      </trkpt>
      <trkpt lat="24.4585125" lon="73.7743495">
      </trkpt>
      <trkpt lat="24.4581418" lon="73.7745559">
      </trkpt>
      <trkpt lat="24.4577023" lon="73.7747544">
      </trkpt>
      <trkpt lat="24.457387" lon="73.7748846">
      </trkpt>
      <trkpt lat="24.4572811" lon="73.774925">
      </trkpt>
      <trkpt lat="24.4571022" lon="73.7750034">
      </trkpt>
      <trkpt lat="24.456875" lon="73.7751138">
      </trkpt>
      <trkpt lat="24.4567083" lon="73.7752093">
      </trkpt>
      <trkpt lat="24.4565316" lon="73.7753214">
      </trkpt>
      <trkpt lat="24.4562423" lon="73.7755">
      </trkpt>
      <trkpt lat="24.4559347" lon="73.7757414">
      </trkpt>
      <trkpt lat="24.4555489" lon="73.776066">
      </trkpt>
      <trkpt lat="24.4550703" lon="73.7764764">
      </trkpt>
      <trkpt lat="24.4545942" lon="73.7769243">
      </trkpt>
      <trkpt lat="24.4541889" lon="73.7774071">
      </trkpt>
      <trkpt lat="24.4535639" lon="73.7781098">
      </trkpt>
      <trkpt lat="24.4535203" lon="73.7781629">
      </trkpt>
      <trkpt lat="24.4530926" lon="73.7786838">
      </trkpt>
      <trkpt lat="24.4528363" lon="73.7789762">
      </trkpt>
      <trkpt lat="24.4524774" lon="73.7793115">
      </trkpt>
      <trkpt lat="24.4522283" lon="73.779518">
      </trkpt>
      <trkpt lat="24.451845" lon="73.7797943">
      </trkpt>
      <trkpt lat="24.4514885" lon="73.7800276">
      </trkpt>
      <trkpt lat="24.4510843" lon="73.7802372">
      </trkpt>
      <trkpt lat="24.4503482" lon="73.7805346">
      </trkpt>
      <trkpt lat="24.4500189" lon="73.7806255">
      </trkpt>
      <trkpt lat="24.4495669" lon="73.7806928">
      </trkpt>
      <trkpt lat="24.4490444" lon="73.7807357">
      </trkpt>
      <trkpt lat="24.4482069" lon="73.7808377">
      </trkpt>
      <trkpt lat="24.4464878" lon="73.7810509">
      </trkpt>
      <trkpt lat="24.4455374" lon="73.7811747">
      </trkpt>
      <trkpt lat="24.445185" lon="73.781219">
      </trkpt>
      <trkpt lat="24.4448007" lon="73.7813159">
      </trkpt>
      <trkpt lat="24.4444734" lon="73.7814063">
      </trkpt>
      <trkpt lat="24.4441133" lon="73.7815255">
      </trkpt>
      <trkpt lat="24.4431039" lon="73.7819216">
      </trkpt>
      <trkpt lat="24.4422953" lon="73.7822083">
      </trkpt>
      <trkpt lat="24.4413284" lon="73.7825435">
      </trkpt>
      <trkpt lat="24.440775" lon="73.7827754">
      </trkpt>
      <trkpt lat="24.4400781" lon="73.7830934">
      </trkpt>
      <trkpt lat="24.4393815" lon="73.7834508">
      </trkpt>
      <trkpt lat="24.4386643" lon="73.7838846">
      </trkpt>
      <trkpt lat="24.4377784" lon="73.7845568">
      </trkpt>
      <trkpt lat="24.4370722" lon="73.7852257">
      </trkpt>
      <trkpt lat="24.4367596" lon="73.7855422">
      </trkpt>
      <trkpt lat="24.4364031" lon="73.7859553">
      </trkpt>
      <trkpt lat="24.4361809" lon="73.7862503">
      </trkpt>
      <trkpt lat="24.4355167" lon="73.7872267">
      </trkpt>
      <trkpt lat="24.4347255" lon="73.7884766">
      </trkpt>
      <trkpt lat="24.4338757" lon="73.7899008">
      </trkpt>
      <trkpt lat="24.4320257" lon="73.7929908">
      </trkpt>
      <trkpt lat="24.4315032" lon="73.7936737">
      </trkpt>
      <trkpt lat="24.431416" lon="73.7937787">
      </trkpt>
      <trkpt lat="24.4312895" lon="73.7939321">
      </trkpt>
      <trkpt lat="24.4307645" lon="73.7945759">
      </trkpt>
      <trkpt lat="24.4300709" lon="73.7953457">
      </trkpt>
      <trkpt lat="24.4298019" lon="73.7957016">
      </trkpt>
      <trkpt lat="24.4297553" lon="73.7957633">
      </trkpt>
      <trkpt lat="24.429665" lon="73.795889">
      </trkpt>
      <trkpt lat="24.4293384" lon="73.7963971">
      </trkpt>
      <trkpt lat="24.4291308" lon="73.796778">
      </trkpt>
      <trkpt lat="24.4288988" lon="73.7972581">
      </trkpt>
      <trkpt lat="24.4286521" lon="73.7978938">
      </trkpt>
      <trkpt lat="24.4284251" lon="73.7986502">
      </trkpt>
      <trkpt lat="24.4283149" lon="73.799017">
      </trkpt>
      <trkpt lat="24.4283024" lon="73.7990585">
      </trkpt>
      <trkpt lat="24.4277877" lon="73.8007718">
      </trkpt>
      <trkpt lat="24.4275288" lon="73.8013511">
      </trkpt>
      <trkpt lat="24.4273289" lon="73.8017062">
      </trkpt>
      <trkpt lat="24.4272914" lon="73.8017729">
      </trkpt>
      <trkpt lat="24.4272479" lon="73.8018501">
      </trkpt>
      <trkpt lat="24.4269817" lon="73.8022444">
      </trkpt>
      <trkpt lat="24.426696" lon="73.8026199">
      </trkpt>
      <trkpt lat="24.4263419" lon="73.8029981">
      </trkpt>
      <trkpt lat="24.4258875" lon="73.8034438">
      </trkpt>
      <trkpt lat="24.4258466" lon="73.8034839">
      </trkpt>
      <trkpt lat="24.4256801" lon="73.8036472">
      </trkpt>
      <trkpt lat="24.4249019" lon="73.8043627">
      </trkpt>
      <trkpt lat="24.42167" lon="73.8073057">
      </trkpt>
      <trkpt lat="24.4210643" lon="73.8078528">
      </trkpt>
      <trkpt lat="24.4195013" lon="73.8094622">
      </trkpt>
      <trkpt lat="24.4174742" lon="73.8113129">
      </trkpt>
      <trkpt lat="24.417088" lon="73.8116709">
      </trkpt>
      <trkpt lat="24.4104597" lon="73.8178146">
      </trkpt>
      <trkpt lat="24.4069914" lon="73.8211298">
      </trkpt>
      <trkpt lat="24.4059069" lon="73.8226318">
      </trkpt>
      <trkpt lat="24.4046954" lon="73.8250029">
      </trkpt>
      <trkpt lat="24.4027218" lon="73.8292301">
      </trkpt>
      <trkpt lat="24.4017936" lon="73.8305497">
      </trkpt>
      <trkpt lat="24.4005332" lon="73.8317084">
      </trkpt>
      <trkpt lat="24.3983348" lon="73.8331031">
      </trkpt>
      <trkpt lat="24.396752" lon="73.8338542">
      </trkpt>
      <trkpt lat="24.3962146" lon="73.8340044">
      </trkpt>
      <trkpt lat="24.3955013" lon="73.8341117">
      </trkpt>
      <trkpt lat="24.3949932" lon="73.8341224">
      </trkpt>
      <trkpt lat="24.3941529" lon="73.8340795">
      </trkpt>
      <trkpt lat="24.3929511" lon="73.8337898">
      </trkpt>
      <trkpt lat="24.3919642" lon="73.8331783">
      </trkpt>
      <trkpt lat="24.3905278" lon="73.8318264">
      </trkpt>
      <trkpt lat="24.3895409" lon="73.8302708">
      </trkpt>
      <trkpt lat="24.3889253" lon="73.8286614">
      </trkpt>
      <trkpt lat="24.3886126" lon="73.82658">
      </trkpt>
      <trkpt lat="24.3887103" lon="73.8243055">
      </trkpt>
      <trkpt lat="24.388896" lon="73.8222778">
      </trkpt>
      <trkpt lat="24.3888276" lon="73.8213122">
      </trkpt>
      <trkpt lat="24.388466" lon="73.8202715">
      </trkpt>
      <trkpt lat="24.388212" lon="73.8194668">
      </trkpt>
      <trkpt lat="24.3879775" lon="73.8180077">
      </trkpt>
      <trkpt lat="24.38787" lon="73.8164735">
      </trkpt>
      <trkpt lat="24.3879091" lon="73.8159907">
      </trkpt>
      <trkpt lat="24.3892868" lon="73.8106477">
      </trkpt>
      <trkpt lat="24.3898829" lon="73.807708">
      </trkpt>
      <trkpt lat="24.3900295" lon="73.8069785">
      </trkpt>
      <trkpt lat="24.3900979" lon="73.8063455">
      </trkpt>
      <trkpt lat="24.3901467" lon="73.8054871">
      </trkpt>
      <trkpt lat="24.3900001" lon="73.8039744">
      </trkpt>
      <trkpt lat="24.3895822" lon="73.7962277">
      </trkpt>
      <trkpt lat="24.3895116" lon="73.7949192">
      </trkpt>
      <trkpt lat="24.3894383" lon="73.7943935">
      </trkpt>
      <trkpt lat="24.3892478" lon="73.7936639">
      </trkpt>
      <trkpt lat="24.3886419" lon="73.7924355">
      </trkpt>
      <trkpt lat="24.3876746" lon="73.7914324">
      </trkpt>
      <trkpt lat="24.3868488" lon="73.7909442">
      </trkpt>
      <trkpt lat="24.3858766" lon="73.7906491">
      </trkpt>
      <trkpt lat="24.3845232" lon="73.7905687">
      </trkpt>
      <trkpt lat="24.3840248" lon="73.7905794">
      </trkpt>
      <trkpt lat="24.3831601" lon="73.7906224">
      </trkpt>
      <trkpt lat="24.3823196" lon="73.7905419">
      </trkpt>
      <trkpt lat="24.3815672" lon="73.7904614">
      </trkpt>
      <trkpt lat="24.3809613" lon="73.7902468">
      </trkpt>
      <trkpt lat="24.380243" lon="73.7898499">
      </trkpt>
      <trkpt lat="24.3795981" lon="73.7894314">
      </trkpt>
      <trkpt lat="24.3791193" lon="73.7889915">
      </trkpt>
      <trkpt lat="24.3785574" lon="73.7882888">
      </trkpt>
      <trkpt lat="24.3780737" lon="73.7877095">
      </trkpt>
      <trkpt lat="24.3767348" lon="73.7856549">
      </trkpt>
      <trkpt lat="24.3756574" lon="73.7836647">
      </trkpt>
      <trkpt lat="24.3751102" lon="73.7825221">
      </trkpt>
      <trkpt lat="24.3747364" lon="73.7816584">
      </trkpt>
      <trkpt lat="24.3745751" lon="73.7810898">
      </trkpt>
      <trkpt lat="24.3744652" lon="73.7806016">
      </trkpt>
      <trkpt lat="24.3743577" lon="73.7797165">
      </trkpt>
      <trkpt lat="24.3741525" lon="73.7775117">
      </trkpt>
      <trkpt lat="24.3740034" lon="73.7758541">
      </trkpt>
      <trkpt lat="24.3740303" lon="73.7750789">
      </trkpt>
      <trkpt lat="24.3741036" lon="73.7741213">
      </trkpt>
      <trkpt lat="24.3742111" lon="73.7719515">
      </trkpt>
      <trkpt lat="24.3741818" lon="73.7713346">
      </trkpt>
      <trkpt lat="24.3740938" lon="73.770723">
      </trkpt>
      <trkpt lat="24.3739448" lon="73.7698325">
      </trkpt>
      <trkpt lat="24.37383" lon="73.7690359">
      </trkpt>
      <trkpt lat="24.3736418" lon="73.76755">
      </trkpt>
      <trkpt lat="24.3732949" lon="73.7658387">
      </trkpt>
      <trkpt lat="24.3731019" lon="73.7647632">
      </trkpt>
      <trkpt lat="24.3729822" lon="73.7634087">
      </trkpt>
      <trkpt lat="24.3729993" lon="73.7627032">
      </trkpt>
      <trkpt lat="24.3730066" lon="73.7620354">
      </trkpt>
      <trkpt lat="24.3730848" lon="73.7612092">
      </trkpt>
      <trkpt lat="24.3734195" lon="73.7560997">
      </trkpt>
      <trkpt lat="24.3735295" lon="73.7552011">
      </trkpt>
      <trkpt lat="24.373764" lon="73.7543589">
      </trkpt>
      <trkpt lat="24.3744188" lon="73.7515909">
      </trkpt>
      <trkpt lat="24.3745458" lon="73.7508935">
      </trkpt>
      <trkpt lat="24.3745898" lon="73.7503463">
      </trkpt>
      <trkpt lat="24.374541" lon="73.7496006">
      </trkpt>
      <trkpt lat="24.3745019" lon="73.7491822">
      </trkpt>
      <trkpt lat="24.3743064" lon="73.7483883">
      </trkpt>
      <trkpt lat="24.3741305" lon="73.7477767">
      </trkpt>
      <trkpt lat="24.3739057" lon="73.7472618">
      </trkpt>
      <trkpt lat="24.3731532" lon="73.7460065">
      </trkpt>
      <trkpt lat="24.3724594" lon="73.7452287">
      </trkpt>
      <trkpt lat="24.371443" lon="73.7442845">
      </trkpt>
      <trkpt lat="24.3704022" lon="73.7431365">
      </trkpt>
      <trkpt lat="24.3702018" lon="73.7427449">
      </trkpt>
      <trkpt lat="24.3699136" lon="73.7422621">
      </trkpt>
      <trkpt lat="24.3696643" lon="73.7417257">
      </trkpt>
      <trkpt lat="24.3694786" lon="73.7410927">
      </trkpt>
      <trkpt lat="24.3692441" lon="73.7402022">
      </trkpt>
      <trkpt lat="24.3690291" lon="73.7392527">
      </trkpt>
      <trkpt lat="24.3687652" lon="73.7384695">
      </trkpt>
      <trkpt lat="24.3684427" lon="73.7377989">
      </trkpt>
      <trkpt lat="24.3681154" lon="73.7371874">
      </trkpt>
      <trkpt lat="24.3677146" lon="73.7366563">
      </trkpt>
      <trkpt lat="24.367226" lon="73.7362164">
      </trkpt>
      <trkpt lat="24.3668008" lon="73.7358624">
      </trkpt>
      <trkpt lat="24.3654521" lon="73.7348458">
      </trkpt>
      <trkpt lat="24.365308" lon="73.7346902">
      </trkpt>
      <trkpt lat="24.3651394" lon="73.7344703">
      </trkpt>
      <trkpt lat="24.3649341" lon="73.7341967">
      </trkpt>
      <trkpt lat="24.364702" lon="73.73373">
      </trkpt>
      <trkpt lat="24.3644675" lon="73.733097">
      </trkpt>
      <trkpt lat="24.3642402" lon="73.7324265">
      </trkpt>
      <trkpt lat="24.3640546" lon="73.7320536">
      </trkpt>
      <trkpt lat="24.3637076" lon="73.7316647">
      </trkpt>
      <trkpt lat="24.3634095" lon="73.7313321">
      </trkpt>
      <trkpt lat="24.3630503" lon="73.7310398">
      </trkpt>
      <trkpt lat="24.3625885" lon="73.730793">
      </trkpt>
      <trkpt lat="24.3617969" lon="73.7305784">
      </trkpt>
      <trkpt lat="24.3614866" lon="73.7305623">
      </trkpt>
      <trkpt lat="24.3610248" lon="73.7305784">
      </trkpt>
      <trkpt lat="24.3604579" lon="73.7306642">
      </trkpt>
      <trkpt lat="24.3596247" lon="73.7308252">
      </trkpt>
      <trkpt lat="24.3585667" lon="73.7310398">
      </trkpt>
      <trkpt lat="24.3564798" lon="73.7314628">
      </trkpt>
      <trkpt lat="24.3557689" lon="73.7316862">
      </trkpt>
      <trkpt lat="24.3554342" lon="73.731831">
      </trkpt>
      <trkpt lat="24.3551434" lon="73.7319973">
      </trkpt>
      <trkpt lat="24.3548062" lon="73.7322575">
      </trkpt>
      <trkpt lat="24.3545447" lon="73.7324962">
      </trkpt>
      <trkpt lat="24.354188" lon="73.73292">
      </trkpt>
      <trkpt lat="24.3539705" lon="73.7332231">
      </trkpt>
      <trkpt lat="24.3536553" lon="73.7337086">
      </trkpt>
      <trkpt lat="24.3533914" lon="73.7344998">
      </trkpt>
      <trkpt lat="24.3533083" lon="73.734929">
      </trkpt>
      <trkpt lat="24.353235" lon="73.7354332">
      </trkpt>
      <trkpt lat="24.3532032" lon="73.7363693">
      </trkpt>
      <trkpt lat="24.3531885" lon="73.737579">
      </trkpt>
      <trkpt lat="24.3531837" lon="73.7382469">
      </trkpt>
      <trkpt lat="24.3531055" lon="73.73903">
      </trkpt>
      <trkpt lat="24.3530004" lon="73.7395155">
      </trkpt>
      <trkpt lat="24.3528733" lon="73.739942">
      </trkpt>
      <trkpt lat="24.3526094" lon="73.7404946">
      </trkpt>
      <trkpt lat="24.3522282" lon="73.7410793">
      </trkpt>
      <trkpt lat="24.3518397" lon="73.7415728">
      </trkpt>
      <trkpt lat="24.3514756" lon="73.7418866">
      </trkpt>
      <trkpt lat="24.3510749" lon="73.7421655">
      </trkpt>
      <trkpt lat="24.3505006" lon="73.7424338">
      </trkpt>
      <trkpt lat="24.3501903" lon="73.7425518">
      </trkpt>
      <trkpt lat="24.3496918" lon="73.7426591">
      </trkpt>
      <trkpt lat="24.3493155" lon="73.7426913">
      </trkpt>
      <trkpt lat="24.3487975" lon="73.7426725">
      </trkpt>
      <trkpt lat="24.3450146" lon="73.7421441">
      </trkpt>
      <trkpt lat="24.3438612" lon="73.7420127">
      </trkpt>
      <trkpt lat="24.3431476" lon="73.7418812">
      </trkpt>
      <trkpt lat="24.3421701" lon="73.7416077">
      </trkpt>
      <trkpt lat="24.3417596" lon="73.741436">
      </trkpt>
      <trkpt lat="24.3413759" lon="73.7412">
      </trkpt>
      <trkpt lat="24.340936" lon="73.7409317">
      </trkpt>
      <trkpt lat="24.3403104" lon="73.7404007">
      </trkpt>
      <trkpt lat="24.3394526" lon="73.7395665">
      </trkpt>
      <trkpt lat="24.339003" lon="73.7391561">
      </trkpt>
      <trkpt lat="24.3383871" lon="73.7386009">
      </trkpt>
      <trkpt lat="24.3375195" lon="73.7378043">
      </trkpt>
      <trkpt lat="24.3372116" lon="73.7375602">
      </trkpt>
      <trkpt lat="24.336916" lon="73.7373912">
      </trkpt>
      <trkpt lat="24.3364271" lon="73.7371713">
      </trkpt>
      <trkpt lat="24.3359066" lon="73.7370184">
      </trkpt>
      <trkpt lat="24.3354447" lon="73.7369728">
      </trkpt>
      <trkpt lat="24.3350586" lon="73.7369648">
      </trkpt>
      <trkpt lat="24.3345404" lon="73.7370131">
      </trkpt>
      <trkpt lat="24.3339784" lon="73.7371552">
      </trkpt>
      <trkpt lat="24.33369" lon="73.7372759">
      </trkpt>
      <trkpt lat="24.3333234" lon="73.7374556">
      </trkpt>
      <trkpt lat="24.332815" lon="73.737815">
      </trkpt>
      <trkpt lat="24.3324446" lon="73.7381322">
      </trkpt>
      <trkpt lat="24.330723" lon="73.7399847">
      </trkpt>
      <trkpt lat="24.3280109" lon="73.7428208">
      </trkpt>
      <trkpt lat="24.3265884" lon="73.7443307">
      </trkpt>
      <trkpt lat="24.3252395" lon="73.7457309">
      </trkpt>
      <trkpt lat="24.3239369" lon="73.7471111">
      </trkpt>
      <trkpt lat="24.3232373" lon="73.7478533">
      </trkpt>
      <trkpt lat="24.3225703" lon="73.7484931">
      </trkpt>
      <trkpt lat="24.321192" lon="73.7497855">
      </trkpt>
      <trkpt lat="24.3205343" lon="73.7504382">
      </trkpt>
      <trkpt lat="24.319935" lon="73.7509986">
      </trkpt>
      <trkpt lat="24.3196702" lon="73.7512647">
      </trkpt>
      <trkpt lat="24.31949" lon="73.7514741">
      </trkpt>
      <trkpt lat="24.3193713" lon="73.7516117">
      </trkpt>
      <trkpt lat="24.3192357" lon="73.751822">
      </trkpt>
      <trkpt lat="24.3191371" lon="73.7520369">
      </trkpt>
      <trkpt lat="24.3190761" lon="73.7522052">
      </trkpt>
      <trkpt lat="24.3190255" lon="73.7524068">
      </trkpt>
      <trkpt lat="24.3189726" lon="73.7527605">
      </trkpt>
      <trkpt lat="24.3189771" lon="73.7531119">
      </trkpt>
      <trkpt lat="24.3190287" lon="73.7534455">
      </trkpt>
      <trkpt lat="24.3192143" lon="73.754147">
      </trkpt>
      <trkpt lat="24.3194004" lon="73.7547289">
      </trkpt>
      <trkpt lat="24.3194933" lon="73.7550953">
      </trkpt>
      <trkpt lat="24.3195789" lon="73.7554718">
      </trkpt>
      <trkpt lat="24.3196137" lon="73.755725">
      </trkpt>
      <trkpt lat="24.3196053" lon="73.7560748">
      </trkpt>
      <trkpt lat="24.3195692" lon="73.7563584">
      </trkpt>
      <trkpt lat="24.3194979" lon="73.7566295">
      </trkpt>
      <trkpt lat="24.319363" lon="73.7569683">
      </trkpt>
      <trkpt lat="24.3192164" lon="73.7572785">
      </trkpt>
      <trkpt lat="24.3158062" lon="73.7639123">
      </trkpt>
      <trkpt lat="24.3127813" lon="73.7698267">
      </trkpt>
      <trkpt lat="24.3124801" lon="73.7703172">
      </trkpt>
      <trkpt lat="24.3121746" lon="73.7707855">
      </trkpt>
      <trkpt lat="24.3116576" lon="73.7714302">
      </trkpt>
      <trkpt lat="24.3087955" lon="73.7747267">
      </trkpt>
      <trkpt lat="24.3077749" lon="73.775947">
      </trkpt>
      <trkpt lat="24.3051566" lon="73.7790058">
      </trkpt>
      <trkpt lat="24.3038559" lon="73.780438">
      </trkpt>
      <trkpt lat="24.3025281" lon="73.7820127">
      </trkpt>
      <trkpt lat="24.3021749" lon="73.78245">
      </trkpt>
      <trkpt lat="24.3020036" lon="73.7827601">
      </trkpt>
      <trkpt lat="24.3018202" lon="73.7830689">
      </trkpt>
      <trkpt lat="24.3015809" lon="73.7834386">
      </trkpt>
      <trkpt lat="24.3014216" lon="73.7838023">
      </trkpt>
      <trkpt lat="24.3012983" lon="73.7842471">
      </trkpt>
      <trkpt lat="24.3011327" lon="73.7851859">
      </trkpt>
      <trkpt lat="24.3009705" lon="73.7864048">
      </trkpt>
      <trkpt lat="24.3006563" lon="73.7888294">
      </trkpt>
      <trkpt lat="24.3004733" lon="73.7903353">
      </trkpt>
      <trkpt lat="24.3003344" lon="73.7910215">
      </trkpt>
      <trkpt lat="24.2995929" lon="73.793579">
      </trkpt>
      <trkpt lat="24.2987672" lon="73.7966212">
      </trkpt>
      <trkpt lat="24.2986466" lon="73.7969922">
      </trkpt>
      <trkpt lat="24.2984243" lon="73.7974615">
      </trkpt>
      <trkpt lat="24.2980246" lon="73.7981394">
      </trkpt>
      <trkpt lat="24.2975263" lon="73.7988208">
      </trkpt>
      <trkpt lat="24.2956734" lon="73.8012097">
      </trkpt>
      <trkpt lat="24.2930393" lon="73.8046514">
      </trkpt>
      <trkpt lat="24.2928592" lon="73.8048867">
      </trkpt>
      <trkpt lat="24.2924551" lon="73.8054147">
      </trkpt>
      <trkpt lat="24.2920205" lon="73.8060134">
      </trkpt>
      <trkpt lat="24.2915704" lon="73.8067255">
      </trkpt>
      <trkpt lat="24.2866262" lon="73.8163443">
      </trkpt>
      <trkpt lat="24.2860114" lon="73.8172227">
      </trkpt>
      <trkpt lat="24.2854869" lon="73.8178453">
      </trkpt>
      <trkpt lat="24.2849844" lon="73.8183745">
      </trkpt>
      <trkpt lat="24.2777583" lon="73.82624">
      </trkpt>
      <trkpt lat="24.2747354" lon="73.8294398">
      </trkpt>
      <trkpt lat="24.2694349" lon="73.8341333">
      </trkpt>
      <trkpt lat="24.2633101" lon="73.8395396">
      </trkpt>
      <trkpt lat="24.2631417" lon="73.8396829">
      </trkpt>
      <trkpt lat="24.2546411" lon="73.8472205">
      </trkpt>
      <trkpt lat="24.2526679" lon="73.8486273">
      </trkpt>
      <trkpt lat="24.248886" lon="73.8522266">
      </trkpt>
      <trkpt lat="24.2479017" lon="73.8529081">
      </trkpt>
      <trkpt lat="24.2261038" lon="73.8658876">
      </trkpt>
      <trkpt lat="24.0567421" lon="73.8329829">
      </trkpt>
      <trkpt lat="24.0551114" lon="73.8322363">
      </trkpt>
      <trkpt lat="24.0534811" lon="73.8316389">
      </trkpt>
      <trkpt lat="24.0510842" lon="73.8310562">
      </trkpt>
      <trkpt lat="24.0506901" lon="73.8309384">
      </trkpt>
      <trkpt lat="24.0503253" lon="73.8307863">
      </trkpt>
      <trkpt lat="24.0498601" lon="73.8304539">
      </trkpt>
      <trkpt lat="24.0494027" lon="73.8300829">
      </trkpt>
      <trkpt lat="24.0487777" lon="73.8295369">
      </trkpt>
      <trkpt lat="24.0483551" lon="73.8291382">
      </trkpt>
      <trkpt lat="24.0480967" lon="73.8287846">
      </trkpt>
      <trkpt lat="24.0479139" lon="73.8284043">
      </trkpt>
      <trkpt lat="24.0478553" lon="73.8280036">
      </trkpt>
      <trkpt lat="24.0478416" lon="73.8277625">
      </trkpt>
      <trkpt lat="24.0478803" lon="73.8272921">
      </trkpt>
      <trkpt lat="24.0479799" lon="73.8268139">
      </trkpt>
      <trkpt lat="24.0481" lon="73.8261427">
      </trkpt>
      <trkpt lat="24.0481177" lon="73.8257444">
      </trkpt>
      <trkpt lat="24.0481082" lon="73.8255044">
      </trkpt>
      <trkpt lat="24.0479934" lon="73.8249297">
      </trkpt>
      <trkpt lat="24.0478005" lon="73.8244807">
      </trkpt>
      <trkpt lat="24.0473668" lon="73.823805">
      </trkpt>
      <trkpt lat="24.0467927" lon="73.8230301">
      </trkpt>
      <trkpt lat="24.0456835" lon="73.8214392">
      </trkpt>
      <trkpt lat="24.0454575" lon="73.8211444">
      </trkpt>
      <trkpt lat="24.0452165" lon="73.8208297">
      </trkpt>
      <trkpt lat="24.04502" lon="73.8206124">
      </trkpt>
      <trkpt lat="24.0446883" lon="73.8203283">
      </trkpt>
      <trkpt lat="24.0440019" lon="73.8197805">
      </trkpt>
      <trkpt lat="24.0429492" lon="73.8189849">
      </trkpt>
      <trkpt lat="24.0425841" lon="73.8187047">
      </trkpt>
      <trkpt lat="24.0420976" lon="73.8184181">
      </trkpt>
      <trkpt lat="24.0417522" lon="73.8182671">
      </trkpt>
      <trkpt lat="24.0411707" lon="73.8180158">
      </trkpt>
      <trkpt lat="24.0405877" lon="73.8177368">
      </trkpt>
      <trkpt lat="24.0399613" lon="73.8173987">
      </trkpt>
      <trkpt lat="24.0395557" lon="73.8171549">
      </trkpt>
      <trkpt lat="24.0393115" lon="73.8169777">
      </trkpt>
      <trkpt lat="24.039102" lon="73.8168049">
      </trkpt>
      <trkpt lat="24.0386458" lon="73.8163929">
      </trkpt>
      <trkpt lat="24.0381862" lon="73.8159294">
      </trkpt>
      <trkpt lat="24.0378586" lon="73.8156299">
      </trkpt>
      <trkpt lat="24.037547" lon="73.8153947">
      </trkpt>
      <trkpt lat="24.0370498" lon="73.8150437">
      </trkpt>
      <trkpt lat="24.0356292" lon="73.8141152">
      </trkpt>
      <trkpt lat="24.0354886" lon="73.8140236">
      </trkpt>
      <trkpt lat="24.0341699" lon="73.8131489">
      </trkpt>
      <trkpt lat="24.0311154" lon="73.8112117">
      </trkpt>
      <trkpt lat="24.0306601" lon="73.8110318">
      </trkpt>
      <trkpt lat="24.0301844" lon="73.8108944">
      </trkpt>
      <trkpt lat="24.0292242" lon="73.8106953">
      </trkpt>
      <trkpt lat="24.0281842" lon="73.8105497">
      </trkpt>
      <trkpt lat="24.0277917" lon="73.8104993">
      </trkpt>
      <trkpt lat="24.0265887" lon="73.8103069">
      </trkpt>
      <trkpt lat="24.0262873" lon="73.8102259">
      </trkpt>
      <trkpt lat="24.0259975" lon="73.8101413">
      </trkpt>
      <trkpt lat="24.0257107" lon="73.8100496">
      </trkpt>
      <trkpt lat="24.0254253" lon="73.8099471">
      </trkpt>
      <trkpt lat="24.0249579" lon="73.8096706">
      </trkpt>
      <trkpt lat="24.0244932" lon="73.8093628">
      </trkpt>
      <trkpt lat="24.0240517" lon="73.8089797">
      </trkpt>
      <trkpt lat="24.0236136" lon="73.8085332">
      </trkpt>
      <trkpt lat="24.0231389" lon="73.8079737">
      </trkpt>
      <trkpt lat="24.0228972" lon="73.8075781">
      </trkpt>
      <trkpt lat="24.0227164" lon="73.8073121">
      </trkpt>
      <trkpt lat="24.0224734" lon="73.8068576">
      </trkpt>
      <trkpt lat="24.0223406" lon="73.8065999">
      </trkpt>
      <trkpt lat="24.0221423" lon="73.806095">
      </trkpt>
      <trkpt lat="24.0219869" lon="73.8056393">
      </trkpt>
      <trkpt lat="24.0218741" lon="73.8052319">
      </trkpt>
      <trkpt lat="24.0217857" lon="73.8047561">
      </trkpt>
      <trkpt lat="24.0216999" lon="73.8039879">
      </trkpt>
      <trkpt lat="24.0216238" lon="73.8033781">
      </trkpt>
      <trkpt lat="24.0215428" lon="73.8029221">
      </trkpt>
      <trkpt lat="24.0214452" lon="73.8025222">
      </trkpt>
      <trkpt lat="24.021268" lon="73.801927">
      </trkpt>
      <trkpt lat="24.021021" lon="73.8012603">
      </trkpt>
      <trkpt lat="24.0207967" lon="73.800741">
      </trkpt>
      <trkpt lat="24.0205" lon="73.8000625">
      </trkpt>
      <trkpt lat="24.0202371" lon="73.7993866">
      </trkpt>
      <trkpt lat="24.0201059" lon="73.7990493">
      </trkpt>
      <trkpt lat="24.01995" lon="73.7985358">
      </trkpt>
      <trkpt lat="24.0198543" lon="73.7980802">
      </trkpt>
      <trkpt lat="24.0197808" lon="73.7977621">
      </trkpt>
      <trkpt lat="24.0196439" lon="73.7970257">
      </trkpt>
      <trkpt lat="24.0194312" lon="73.7958407">
      </trkpt>
      <trkpt lat="24.0192358" lon="73.7948501">
      </trkpt>
      <trkpt lat="24.0191045" lon="73.7941985">
      </trkpt>
      <trkpt lat="24.0190151" lon="73.7936757">
      </trkpt>
      <trkpt lat="24.0188951" lon="73.7930337">
      </trkpt>
      <trkpt lat="24.0187248" lon="73.792292">
      </trkpt>
      <trkpt lat="24.0185248" lon="73.7915932">
      </trkpt>
      <trkpt lat="24.0183071" lon="73.7910046">
      </trkpt>
      <trkpt lat="24.0181539" lon="73.7906512">
      </trkpt>
      <trkpt lat="24.0180134" lon="73.7904498">
      </trkpt>
      <trkpt lat="24.0178229" lon="73.7901301">
      </trkpt>
      <trkpt lat="24.0175586" lon="73.7897713">
      </trkpt>
      <trkpt lat="24.0173305" lon="73.7894654">
      </trkpt>
      <trkpt lat="24.0171422" lon="73.7892383">
      </trkpt>
      <trkpt lat="24.0166594" lon="73.7887563">
      </trkpt>
      <trkpt lat="24.016543" lon="73.7886382">
      </trkpt>
      <trkpt lat="24.0160531" lon="73.7881459">
      </trkpt>
      <trkpt lat="24.0155741" lon="73.7876594">
      </trkpt>
      <trkpt lat="24.0151638" lon="73.7872635">
      </trkpt>
      <trkpt lat="24.0148611" lon="73.7868728">
      </trkpt>
      <trkpt lat="24.0145752" lon="73.7864525">
      </trkpt>
      <trkpt lat="24.0142837" lon="73.78582">
      </trkpt>
      <trkpt lat="24.0141282" lon="73.7853876">
      </trkpt>
      <trkpt lat="24.0139137" lon="73.7846569">
      </trkpt>
      <trkpt lat="24.0137631" lon="73.7838541">
      </trkpt>
      <trkpt lat="24.0137022" lon="73.7831587">
      </trkpt>
      <trkpt lat="24.013654" lon="73.7826131">
      </trkpt>
      <trkpt lat="24.0136153" lon="73.7817572">
      </trkpt>
      <trkpt lat="24.0136119" lon="73.7808315">
      </trkpt>
      <trkpt lat="24.0135982" lon="73.7798957">
      </trkpt>
      <trkpt lat="24.0135806" lon="73.7793484">
      </trkpt>
      <trkpt lat="24.0134791" lon="73.7783529">
      </trkpt>
      <trkpt lat="24.0133165" lon="73.777069">
      </trkpt>
      <trkpt lat="24.0132558" lon="73.7764506">
      </trkpt>
      <trkpt lat="24.0131337" lon="73.7754236">
      </trkpt>
      <trkpt lat="24.0130159" lon="73.7746459">
      </trkpt>
      <trkpt lat="24.0128914" lon="73.7739885">
      </trkpt>
      <trkpt lat="24.0126983" lon="73.7732982">
      </trkpt>
      <trkpt lat="24.0125372" lon="73.772822">
      </trkpt>
      <trkpt lat="24.0121981" lon="73.771867">
      </trkpt>
      <trkpt lat="24.0117397" lon="73.7704208">
      </trkpt>
      <trkpt lat="24.0114519" lon="73.7694088">
      </trkpt>
      <trkpt lat="24.0112276" lon="73.7684165">
      </trkpt>
      <trkpt lat="24.0110379" lon="73.767639">
      </trkpt>
      <trkpt lat="24.0108455" lon="73.7666671">
      </trkpt>
      <trkpt lat="24.0104667" lon="73.7648151">
      </trkpt>
      <trkpt lat="24.0102934" lon="73.7636835">
      </trkpt>
      <trkpt lat="24.0102758" lon="73.7632142">
      </trkpt>
      <trkpt lat="24.0102795" lon="73.7627401">
      </trkpt>
      <trkpt lat="24.010313" lon="73.7616701">
      </trkpt>
      <trkpt lat="24.0103503" lon="73.7610532">
      </trkpt>
      <trkpt lat="24.0103752" lon="73.7605027">
      </trkpt>
      <trkpt lat="24.010369" lon="73.7601632">
      </trkpt>
      <trkpt lat="24.0103214" lon="73.7598008">
      </trkpt>
      <trkpt lat="24.0102171" lon="73.7590554">
      </trkpt>
      <trkpt lat="24.0100421" lon="73.7580136">
      </trkpt>
      <trkpt lat="24.0095311" lon="73.7549414">
      </trkpt>
      <trkpt lat="24.0094386" lon="73.7544012">
      </trkpt>
      <trkpt lat="24.0091228" lon="73.7526477">
      </trkpt>
      <trkpt lat="24.0089633" lon="73.75195">
      </trkpt>
      <trkpt lat="24.0088008" lon="73.7512291">
      </trkpt>
      <trkpt lat="24.0085567" lon="73.7507337">
      </trkpt>
      <trkpt lat="24.0081903" lon="73.7500553">
      </trkpt>
      <trkpt lat="24.0076199" lon="73.7492412">
      </trkpt>
      <trkpt lat="24.0070063" lon="73.7486036">
      </trkpt>
      <trkpt lat="24.0064535" lon="73.7481404">
      </trkpt>
      <trkpt lat="24.0060408" lon="73.747938">
      </trkpt>
      <trkpt lat="24.0054981" lon="73.7476264">
      </trkpt>
      <trkpt lat="24.0049979" lon="73.7474955">
      </trkpt>
      <trkpt lat="24.0046197" lon="73.7474022">
      </trkpt>
      <trkpt lat="24.0042566" lon="73.7473571">
      </trkpt>
      <trkpt lat="24.0031782" lon="73.7473286">
      </trkpt>
      <trkpt lat="24.0001678" lon="73.7477502">
      </trkpt>
      <trkpt lat="23.9969247" lon="73.7481196">
      </trkpt>
      <trkpt lat="23.9941384" lon="73.7484371">
      </trkpt>
      <trkpt lat="23.993239" lon="73.7485251">
      </trkpt>
      <trkpt lat="23.9920029" lon="73.7486724">
      </trkpt>
      <trkpt lat="23.9914134" lon="73.7487504">
      </trkpt>
      <trkpt lat="23.9907701" lon="73.7489004">
      </trkpt>
      <trkpt lat="23.9899898" lon="73.7492625">
      </trkpt>
      <trkpt lat="23.9892379" lon="73.7495429">
      </trkpt>
      <trkpt lat="23.9889882" lon="73.7496299">
      </trkpt>
      <trkpt lat="23.9887975" lon="73.7496597">
      </trkpt>
      <trkpt lat="23.9885434" lon="73.7496916">
      </trkpt>
      <trkpt lat="23.9880979" lon="73.7496664">
      </trkpt>
      <trkpt lat="23.9878802" lon="73.7496327">
      </trkpt>
      <trkpt lat="23.9875263" lon="73.749551">
      </trkpt>
      <trkpt lat="23.9871755" lon="73.7493831">
      </trkpt>
      <trkpt lat="23.9867983" lon="73.7491699">
      </trkpt>
      <trkpt lat="23.9863216" lon="73.7487706">
      </trkpt>
      <trkpt lat="23.9853418" lon="73.7479036">
      </trkpt>
      <trkpt lat="23.9840909" lon="73.7467601">
      </trkpt>
      <trkpt lat="23.9834488" lon="73.7461949">
      </trkpt>
      <trkpt lat="23.9828684" lon="73.7458184">
      </trkpt>
      <trkpt lat="23.9811634" lon="73.7450198">
      </trkpt>
      <trkpt lat="23.9802951" lon="73.7446847">
      </trkpt>
      <trkpt lat="23.9794597" lon="73.7444615">
      </trkpt>
      <trkpt lat="23.9775352" lon="73.7439928">
      </trkpt>
      <trkpt lat="23.9770136" lon="73.7438594">
      </trkpt>
      <trkpt lat="23.9765237" lon="73.7437737">
      </trkpt>
      <trkpt lat="23.9760872" lon="73.7437025">
      </trkpt>
      <trkpt lat="23.9756024" lon="73.7436638">
      </trkpt>
      <trkpt lat="23.9744084" lon="73.7436689">
      </trkpt>
      <trkpt lat="23.9731229" lon="73.7436998">
      </trkpt>
      <trkpt lat="23.9706536" lon="73.7437793">
      </trkpt>
      <trkpt lat="23.9687854" lon="73.7437853">
      </trkpt>
      <trkpt lat="23.9682574" lon="73.7437376">
      </trkpt>
      <trkpt lat="23.9674743" lon="73.7435664">
      </trkpt>
      <trkpt lat="23.9672249" lon="73.7434798">
      </trkpt>
      <trkpt lat="23.9667511" lon="73.7432712">
      </trkpt>
      <trkpt lat="23.9659406" lon="73.7428254">
      </trkpt>
      <trkpt lat="23.9650371" lon="73.7423819">
      </trkpt>
      <trkpt lat="23.9646171" lon="73.7422031">
      </trkpt>
      <trkpt lat="23.9641127" lon="73.7420323">
      </trkpt>
      <trkpt lat="23.9637263" lon="73.7419352">
      </trkpt>
      <trkpt lat="23.9631656" lon="73.7418491">
      </trkpt>
      <trkpt lat="23.9623626" lon="73.7419165">
      </trkpt>
      <trkpt lat="23.9599297" lon="73.7423493">
      </trkpt>
      <trkpt lat="23.9585034" lon="73.7425774">
      </trkpt>
      <trkpt lat="23.9578203" lon="73.7426779">
      </trkpt>
      <trkpt lat="23.9573141" lon="73.7427112">
      </trkpt>
      <trkpt lat="23.953005" lon="73.7426189">
      </trkpt>
      <trkpt lat="23.9514136" lon="73.7425939">
      </trkpt>
      <trkpt lat="23.9508761" lon="73.7426349">
      </trkpt>
      <trkpt lat="23.950478" lon="73.7427103">
      </trkpt>
      <trkpt lat="23.9499372" lon="73.7428361">
      </trkpt>
      <trkpt lat="23.9493504" lon="73.7430202">
      </trkpt>
      <trkpt lat="23.9488194" lon="73.7432733">
      </trkpt>
      <trkpt lat="23.9480971" lon="73.7436441">
      </trkpt>
      <trkpt lat="23.947023" lon="73.7444839">
      </trkpt>
      <trkpt lat="23.9461764" lon="73.7451314">
      </trkpt>
      <trkpt lat="23.9444604" lon="73.746388">
      </trkpt>
      <trkpt lat="23.9439853" lon="73.7467199">
      </trkpt>
      <trkpt lat="23.9435907" lon="73.746956">
      </trkpt>
      <trkpt lat="23.943179" lon="73.747207">
      </trkpt>
      <trkpt lat="23.9428876" lon="73.7473362">
      </trkpt>
      <trkpt lat="23.9424078" lon="73.7474996">
      </trkpt>
      <trkpt lat="23.9420348" lon="73.7476094">
      </trkpt>
      <trkpt lat="23.9415287" lon="73.7477043">
      </trkpt>
      <trkpt lat="23.9410412" lon="73.7477553">
      </trkpt>
      <trkpt lat="23.9403752" lon="73.7477453">
      </trkpt>
      <trkpt lat="23.9397763" lon="73.7476748">
      </trkpt>
      <trkpt lat="23.9393645" lon="73.7475836">
      </trkpt>
      <trkpt lat="23.9389512" lon="73.7474359">
      </trkpt>
      <trkpt lat="23.938361" lon="73.747182">
      </trkpt>
      <trkpt lat="23.9378314" lon="73.7469117">
      </trkpt>
      <trkpt lat="23.9352947" lon="73.7451003">
      </trkpt>
      <trkpt lat="23.9347632" lon="73.7446469">
      </trkpt>
      <trkpt lat="23.933188" lon="73.7432098">
      </trkpt>
      <trkpt lat="23.9293863" lon="73.739717">
      </trkpt>
      <trkpt lat="23.9260454" lon="73.7366415">
      </trkpt>
      <trkpt lat="23.9253717" lon="73.7358268">
      </trkpt>
      <trkpt lat="23.9248517" lon="73.7349766">
      </trkpt>
      <trkpt lat="23.9244979" lon="73.7343523">
      </trkpt>
      <trkpt lat="23.9239895" lon="73.7335299">
      </trkpt>
      <trkpt lat="23.9236795" lon="73.7331235">
      </trkpt>
      <trkpt lat="23.9232148" lon="73.732596">
      </trkpt>
      <trkpt lat="23.9224443" lon="73.7319203">
      </trkpt>
      <trkpt lat="23.9215202" lon="73.731186">
      </trkpt>
      <trkpt lat="23.9202229" lon="73.7300621">
      </trkpt>
      <trkpt lat="23.9192969" lon="73.7292119">
      </trkpt>
      <trkpt lat="23.918256" lon="73.7279615">
      </trkpt>
      <trkpt lat="23.9171409" lon="73.7265998">
      </trkpt>
      <trkpt lat="23.9143328" lon="73.7232096">
      </trkpt>
      <trkpt lat="23.9140429" lon="73.7228208">
      </trkpt>
      <trkpt lat="23.9137146" lon="73.7222879">
      </trkpt>
      <trkpt lat="23.9135283" lon="73.7219175">
      </trkpt>
      <trkpt lat="23.9134032" lon="73.7216467">
      </trkpt>
      <trkpt lat="23.913283" lon="73.7213315">
      </trkpt>
      <trkpt lat="23.9131416" lon="73.7208764">
      </trkpt>
      <trkpt lat="23.9130003" lon="73.7203071">
      </trkpt>
      <trkpt lat="23.9128582" lon="73.7196539">
      </trkpt>
      <trkpt lat="23.9126979" lon="73.7190249">
      </trkpt>
      <trkpt lat="23.9125273" lon="73.7184722">
      </trkpt>
      <trkpt lat="23.9123537" lon="73.7180121">
      </trkpt>
      <trkpt lat="23.9120822" lon="73.7174724">
      </trkpt>
      <trkpt lat="23.911768" lon="73.7169486">
      </trkpt>
      <trkpt lat="23.9114243" lon="73.7165034">
      </trkpt>
      <trkpt lat="23.9110186" lon="73.7160374">
      </trkpt>
      <trkpt lat="23.909583" lon="73.7144101">
      </trkpt>
      <trkpt lat="23.9080004" lon="73.7125994">
      </trkpt>
      <trkpt lat="23.9064843" lon="73.7108522">
      </trkpt>
      <trkpt lat="23.9050606" lon="73.7092527">
      </trkpt>
      <trkpt lat="23.9046574" lon="73.7087815">
      </trkpt>
      <trkpt lat="23.9043587" lon="73.708356">
      </trkpt>
      <trkpt lat="23.9042276" lon="73.7081377">
      </trkpt>
      <trkpt lat="23.9040038" lon="73.7077594">
      </trkpt>
      <trkpt lat="23.9034394" lon="73.7064881">
      </trkpt>
      <trkpt lat="23.9032341" lon="73.7060032">
      </trkpt>
      <trkpt lat="23.9029451" lon="73.7054381">
      </trkpt>
      <trkpt lat="23.9026613" lon="73.7049712">
      </trkpt>
      <trkpt lat="23.9025675" lon="73.7048171">
      </trkpt>
      <trkpt lat="23.9024032" lon="73.7045664">
      </trkpt>
      <trkpt lat="23.9020752" lon="73.7041488">
      </trkpt>
      <trkpt lat="23.901749" lon="73.703758">
      </trkpt>
      <trkpt lat="23.9014383" lon="73.7034479">
      </trkpt>
      <trkpt lat="23.9010921" lon="73.7031345">
      </trkpt>
      <trkpt lat="23.898973" lon="73.7016058">
      </trkpt>
      <trkpt lat="23.896468" lon="73.699832">
      </trkpt>
      <trkpt lat="23.8960276" lon="73.6995897">
      </trkpt>
      <trkpt lat="23.8956299" lon="73.6994071">
      </trkpt>
      <trkpt lat="23.8951852" lon="73.6992433">
      </trkpt>
      <trkpt lat="23.8947479" lon="73.699126">
      </trkpt>
      <trkpt lat="23.8941528" lon="73.699035">
      </trkpt>
      <trkpt lat="23.8931238" lon="73.6989693">
      </trkpt>
      <trkpt lat="23.8919353" lon="73.6989444">
      </trkpt>
      <trkpt lat="23.8913974" lon="73.6989123">
      </trkpt>
      <trkpt lat="23.8907346" lon="73.6988271">
      </trkpt>
      <trkpt lat="23.8902357" lon="73.6986877">
      </trkpt>
      <trkpt lat="23.8898813" lon="73.6985574">
      </trkpt>
      <trkpt lat="23.8894387" lon="73.6983685">
      </trkpt>
      <trkpt lat="23.8889303" lon="73.6980352">
      </trkpt>
      <trkpt lat="23.8883896" lon="73.6976518">
      </trkpt>
      <trkpt lat="23.8873715" lon="73.6966412">
      </trkpt>
      <trkpt lat="23.8866401" lon="73.6959055">
      </trkpt>
      <trkpt lat="23.8862445" lon="73.6955968">
      </trkpt>
      <trkpt lat="23.8852632" lon="73.6950095">
      </trkpt>
      <trkpt lat="23.8849822" lon="73.6948504">
      </trkpt>
      <trkpt lat="23.8845448" lon="73.6946964">
      </trkpt>
      <trkpt lat="23.884291" lon="73.6946365">
      </trkpt>
      <trkpt lat="23.8836716" lon="73.6945253">
      </trkpt>
      <trkpt lat="23.8830112" lon="73.6944597">
      </trkpt>
      <trkpt lat="23.8826269" lon="73.6943971">
      </trkpt>
      <trkpt lat="23.8818045" lon="73.6942769">
      </trkpt>
      <trkpt lat="23.8811877" lon="73.6940896">
      </trkpt>
      <trkpt lat="23.879437" lon="73.6932817">
      </trkpt>
      <trkpt lat="23.8783994" lon="73.6929182">
      </trkpt>
      <trkpt lat="23.8774136" lon="73.6926704">
      </trkpt>
      <trkpt lat="23.87632" lon="73.6924376">
      </trkpt>
      <trkpt lat="23.8748139" lon="73.6921431">
      </trkpt>
      <trkpt lat="23.8738045" lon="73.6921375">
      </trkpt>
      <trkpt lat="23.8728909" lon="73.6923137">
      </trkpt>
      <trkpt lat="23.8717875" lon="73.6928077">
      </trkpt>
      <trkpt lat="23.8710422" lon="73.6932623">
      </trkpt>
      <trkpt lat="23.8701997" lon="73.6938778">
      </trkpt>
      <trkpt lat="23.8692627" lon="73.694618">
      </trkpt>
      <trkpt lat="23.8674443" lon="73.6959843">
      </trkpt>
      <trkpt lat="23.8640406" lon="73.6985448">
      </trkpt>
      <trkpt lat="23.8623187" lon="73.699851">
      </trkpt>
      <trkpt lat="23.8605174" lon="73.7011676">
      </trkpt>
      <trkpt lat="23.8595296" lon="73.7018895">
      </trkpt>
      <trkpt lat="23.858523" lon="73.7026451">
      </trkpt>
      <trkpt lat="23.8581412" lon="73.7029195">
      </trkpt>
      <trkpt lat="23.8577782" lon="73.7031287">
      </trkpt>
      <trkpt lat="23.8573694" lon="73.703311">
      </trkpt>
      <trkpt lat="23.8570382" lon="73.7034305">
      </trkpt>
      <trkpt lat="23.8567289" lon="73.7034868">
      </trkpt>
      <trkpt lat="23.8564886" lon="73.7035428">
      </trkpt>
      <trkpt lat="23.8559311" lon="73.7035605">
      </trkpt>
      <trkpt lat="23.8553624" lon="73.7034836">
      </trkpt>
      <trkpt lat="23.854653" lon="73.7033325">
      </trkpt>
      <trkpt lat="23.8539388" lon="73.7030378">
      </trkpt>
      <trkpt lat="23.8537736" lon="73.7029749">
      </trkpt>
      <trkpt lat="23.853482" lon="73.7028639">
      </trkpt>
      <trkpt lat="23.8525752" lon="73.7024823">
      </trkpt>
      <trkpt lat="23.8518968" lon="73.7020795">
      </trkpt>
      <trkpt lat="23.851703" lon="73.7019468">
      </trkpt>
      <trkpt lat="23.8511794" lon="73.7015249">
      </trkpt>
      <trkpt lat="23.85058" lon="73.7008579">
      </trkpt>
      <trkpt lat="23.8497614" lon="73.699788">
      </trkpt>
      <trkpt lat="23.8493125" lon="73.6992019">
      </trkpt>
      <trkpt lat="23.8487434" lon="73.698467">
      </trkpt>
      <trkpt lat="23.8478725" lon="73.6972857">
      </trkpt>
      <trkpt lat="23.8465306" lon="73.6955434">
      </trkpt>
      <trkpt lat="23.8462029" lon="73.6950278">
      </trkpt>
      <trkpt lat="23.8461195" lon="73.6948769">
      </trkpt>
      <trkpt lat="23.8460435" lon="73.6947215">
      </trkpt>
      <trkpt lat="23.845975" lon="73.6945619">
      </trkpt>
      <trkpt lat="23.8459141" lon="73.6943986">
      </trkpt>
      <trkpt lat="23.8458612" lon="73.6942321">
      </trkpt>
      <trkpt lat="23.8458163" lon="73.6940628">
      </trkpt>
      <trkpt lat="23.8457795" lon="73.6938911">
      </trkpt>
      <trkpt lat="23.8457509" lon="73.6937176">
      </trkpt>
      <trkpt lat="23.8457307" lon="73.6935427">
      </trkpt>
      <trkpt lat="23.8457189" lon="73.6933669">
      </trkpt>
      <trkpt lat="23.8457155" lon="73.6931878">
      </trkpt>
      <trkpt lat="23.8457207" lon="73.6930087">
      </trkpt>
      <trkpt lat="23.8457347" lon="73.6928301">
      </trkpt>
      <trkpt lat="23.8457573" lon="73.6926527">
      </trkpt>
      <trkpt lat="23.8457884" lon="73.6924767">
      </trkpt>
      <trkpt lat="23.8458281" lon="73.6923029">
      </trkpt>
      <trkpt lat="23.8458761" lon="73.6921316">
      </trkpt>
      <trkpt lat="23.8459324" lon="73.6919633">
      </trkpt>
      <trkpt lat="23.8459968" lon="73.6917985">
      </trkpt>
      <trkpt lat="23.846069" lon="73.6916377">
      </trkpt>
      <trkpt lat="23.846149" lon="73.6914813">
      </trkpt>
      <trkpt lat="23.8464242" lon="73.6909976">
      </trkpt>
      <trkpt lat="23.847296" lon="73.6895223">
      </trkpt>
      <trkpt lat="23.8475554" lon="73.6889424">
      </trkpt>
      <trkpt lat="23.8479281" lon="73.6878951">
      </trkpt>
      <trkpt lat="23.8482012" lon="73.6870301">
      </trkpt>
      <trkpt lat="23.8484269" lon="73.685984">
      </trkpt>
      <trkpt lat="23.8485516" lon="73.6845977">
      </trkpt>
      <trkpt lat="23.848603" lon="73.683683">
      </trkpt>
      <trkpt lat="23.8485572" lon="73.6828464">
      </trkpt>
      <trkpt lat="23.8472317" lon="73.6758341">
      </trkpt>
      <trkpt lat="23.8459194" lon="73.6692039">
      </trkpt>
      <trkpt lat="23.8456942" lon="73.668051">
      </trkpt>
      <trkpt lat="23.8454352" lon="73.6673127">
      </trkpt>
      <trkpt lat="23.8450689" lon="73.6665927">
      </trkpt>
      <trkpt lat="23.8447261" lon="73.6659844">
      </trkpt>
      <trkpt lat="23.8380155" lon="73.6547541">
      </trkpt>
      <trkpt lat="23.8374968" lon="73.6539256">
      </trkpt>
      <trkpt lat="23.8366407" lon="73.6524166">
      </trkpt>
      <trkpt lat="23.8346152" lon="73.6490479">
      </trkpt>
      <trkpt lat="23.8338682" lon="73.647807">
      </trkpt>
      <trkpt lat="23.8312332" lon="73.6434035">
      </trkpt>
      <trkpt lat="23.8304252" lon="73.642014">
      </trkpt>
      <trkpt lat="23.8298304" lon="73.6410119">
      </trkpt>
      <trkpt lat="23.8297204" lon="73.6406948">
      </trkpt>
      <trkpt lat="23.8295652" lon="73.6401679">
      </trkpt>
      <trkpt lat="23.8294133" lon="73.639614">
      </trkpt>
      <trkpt lat="23.8293152" lon="73.6387604">
      </trkpt>
      <trkpt lat="23.8292546" lon="73.6369499">
      </trkpt>
      <trkpt lat="23.8291802" lon="73.6339492">
      </trkpt>
      <trkpt lat="23.8290776" lon="73.6311713">
      </trkpt>
      <trkpt lat="23.8290735" lon="73.6307117">
      </trkpt>
      <trkpt lat="23.8291027" lon="73.6301613">
      </trkpt>
      <trkpt lat="23.8291647" lon="73.6296058">
      </trkpt>
      <trkpt lat="23.8292256" lon="73.6292674">
      </trkpt>
      <trkpt lat="23.8292955" lon="73.6289066">
      </trkpt>
      <trkpt lat="23.829448" lon="73.6283974">
      </trkpt>
      <trkpt lat="23.829612" lon="73.6278673">
      </trkpt>
      <trkpt lat="23.8297396" lon="73.6274475">
      </trkpt>
      <trkpt lat="23.8298476" lon="73.6270626">
      </trkpt>
      <trkpt lat="23.8299432" lon="73.6267501">
      </trkpt>
      <trkpt lat="23.8300449" lon="73.6263494">
      </trkpt>
      <trkpt lat="23.8301003" lon="73.6260447">
      </trkpt>
      <trkpt lat="23.8301576" lon="73.6257165">
      </trkpt>
      <trkpt lat="23.8301825" lon="73.6254935">
      </trkpt>
      <trkpt lat="23.8301984" lon="73.6252145">
      </trkpt>
      <trkpt lat="23.8301911" lon="73.6247322">
      </trkpt>
      <trkpt lat="23.8301765" lon="73.6244406">
      </trkpt>
      <trkpt lat="23.830135" lon="73.6240175">
      </trkpt>
      <trkpt lat="23.8300573" lon="73.6235864">
      </trkpt>
      <trkpt lat="23.8299674" lon="73.6231717">
      </trkpt>
      <trkpt lat="23.8297592" lon="73.6223151">
      </trkpt>
      <trkpt lat="23.8296837" lon="73.6219889">
      </trkpt>
      <trkpt lat="23.8295912" lon="73.6215895">
      </trkpt>
      <trkpt lat="23.8295044" lon="73.6210461">
      </trkpt>
      <trkpt lat="23.8294624" lon="73.6203397">
      </trkpt>
      <trkpt lat="23.8294942" lon="73.6197737">
      </trkpt>
      <trkpt lat="23.8295936" lon="73.6191178">
      </trkpt>
      <trkpt lat="23.8298303" lon="73.6177389">
      </trkpt>
      <trkpt lat="23.82998" lon="73.6169251">
      </trkpt>
      <trkpt lat="23.8301223" lon="73.6163807">
      </trkpt>
      <trkpt lat="23.8302711" lon="73.6159804">
      </trkpt>
      <trkpt lat="23.8304732" lon="73.615517">
      </trkpt>
      <trkpt lat="23.8308342" lon="73.6147312">
      </trkpt>
      <trkpt lat="23.8312533" lon="73.6138245">
      </trkpt>
      <trkpt lat="23.8315184" lon="73.6131694">
      </trkpt>
      <trkpt lat="23.8317373" lon="73.6125285">
      </trkpt>
      <trkpt lat="23.8318135" lon="73.6120946">
      </trkpt>
      <trkpt lat="23.8318669" lon="73.611549">
      </trkpt>
      <trkpt lat="23.831884" lon="73.6111799">
      </trkpt>
      <trkpt lat="23.8319011" lon="73.6108768">
      </trkpt>
      <trkpt lat="23.8318717" lon="73.6104637">
      </trkpt>
      <trkpt lat="23.8317588" lon="73.6096108">
      </trkpt>
      <trkpt lat="23.8315341" lon="73.6077926">
      </trkpt>
      <trkpt lat="23.8314154" lon="73.6070305">
      </trkpt>
      <trkpt lat="23.8312815" lon="73.6064184">
      </trkpt>
      <trkpt lat="23.8311038" lon="73.6058477">
      </trkpt>
      <trkpt lat="23.8309359" lon="73.6053686">
      </trkpt>
      <trkpt lat="23.8304139" lon="73.6042002">
      </trkpt>
      <trkpt lat="23.8292657" lon="73.6018005">
      </trkpt>
      <trkpt lat="23.8290369" lon="73.6013314">
      </trkpt>
      <trkpt lat="23.8287171" lon="73.6007031">
      </trkpt>
      <trkpt lat="23.8285093" lon="73.6002272">
      </trkpt>
      <trkpt lat="23.8280269" lon="73.5992517">
      </trkpt>
      <trkpt lat="23.8274708" lon="73.5980839">
      </trkpt>
      <trkpt lat="23.8272356" lon="73.5975818">
      </trkpt>
      <trkpt lat="23.826999" lon="73.5970808">
      </trkpt>
      <trkpt lat="23.8266967" lon="73.5964743">
      </trkpt>
      <trkpt lat="23.8264418" lon="73.5959189">
      </trkpt>
      <trkpt lat="23.8257894" lon="73.5945662">
      </trkpt>
      <trkpt lat="23.8255636" lon="73.5941023">
      </trkpt>
      <trkpt lat="23.8252912" lon="73.5935283">
      </trkpt>
      <trkpt lat="23.8250163" lon="73.5929562">
      </trkpt>
      <trkpt lat="23.8247667" lon="73.5924468">
      </trkpt>
      <trkpt lat="23.8246489" lon="73.5922207">
      </trkpt>
      <trkpt lat="23.8245101" lon="73.591967">
      </trkpt>
      <trkpt lat="23.8243274" lon="73.591668">
      </trkpt>
      <trkpt lat="23.8242202" lon="73.5914906">
      </trkpt>
      <trkpt lat="23.8240492" lon="73.5912392">
      </trkpt>
      <trkpt lat="23.8237718" lon="73.5908816">
      </trkpt>
      <trkpt lat="23.823396" lon="73.5904049">
      </trkpt>
      <trkpt lat="23.8229995" lon="73.5900119">
      </trkpt>
      <trkpt lat="23.822596" lon="73.589685">
      </trkpt>
      <trkpt lat="23.8220548" lon="73.5893172">
      </trkpt>
      <trkpt lat="23.8213274" lon="73.5888931">
      </trkpt>
      <trkpt lat="23.8178118" lon="73.5870654">
      </trkpt>
      <trkpt lat="23.814509" lon="73.5852984">
      </trkpt>
      <trkpt lat="23.8111909" lon="73.5835815">
      </trkpt>
      <trkpt lat="23.8102006" lon="73.583078">
      </trkpt>
      <trkpt lat="23.8093195" lon="73.5825419">
      </trkpt>
      <trkpt lat="23.8086429" lon="73.5820034">
      </trkpt>
      <trkpt lat="23.8084392" lon="73.5817871">
      </trkpt>
      <trkpt lat="23.808262" lon="73.5816084">
      </trkpt>
      <trkpt lat="23.8078752" lon="73.5811096">
      </trkpt>
      <trkpt lat="23.8076369" lon="73.5807581">
      </trkpt>
      <trkpt lat="23.8073828" lon="73.5802897">
      </trkpt>
      <trkpt lat="23.8070566" lon="73.5795458">
      </trkpt>
      <trkpt lat="23.8069294" lon="73.5791007">
      </trkpt>
      <trkpt lat="23.8067846" lon="73.5785374">
      </trkpt>
      <trkpt lat="23.8066938" lon="73.5776442">
      </trkpt>
      <trkpt lat="23.8066766" lon="73.5766572">
      </trkpt>
      <trkpt lat="23.8066668" lon="73.5752329">
      </trkpt>
      <trkpt lat="23.8066104" lon="73.5746106">
      </trkpt>
      <trkpt lat="23.8065168" lon="73.5740063">
      </trkpt>
      <trkpt lat="23.8063923" lon="73.5734731">
      </trkpt>
      <trkpt lat="23.8062138" lon="73.5729743">
      </trkpt>
      <trkpt lat="23.8059338" lon="73.5723739">
      </trkpt>
      <trkpt lat="23.8056631" lon="73.5718989">
      </trkpt>
      <trkpt lat="23.8054202" lon="73.5715288">
      </trkpt>
      <trkpt lat="23.8049567" lon="73.5709656">
      </trkpt>
      <trkpt lat="23.8000469" lon="73.5657397">
      </trkpt>
      <trkpt lat="23.7996087" lon="73.5650784">
      </trkpt>
      <trkpt lat="23.799393" lon="73.5646779">
      </trkpt>
      <trkpt lat="23.7991919" lon="73.5642085">
      </trkpt>
      <trkpt lat="23.7989541" lon="73.563576">
      </trkpt>
      <trkpt lat="23.7988371" lon="73.5630929">
      </trkpt>
      <trkpt lat="23.7987107" lon="73.5622403">
      </trkpt>
      <trkpt lat="23.7985905" lon="73.5609502">
      </trkpt>
      <trkpt lat="23.7984185" lon="73.5585274">
      </trkpt>
      <trkpt lat="23.7984006" lon="73.5582426">
      </trkpt>
      <trkpt lat="23.7983211" lon="73.5575916">
      </trkpt>
      <trkpt lat="23.7981282" lon="73.556974">
      </trkpt>
      <trkpt lat="23.7978338" lon="73.5563282">
      </trkpt>
      <trkpt lat="23.7973376" lon="73.5554571">
      </trkpt>
      <trkpt lat="23.791066" lon="73.545035">
      </trkpt>
      <trkpt lat="23.7893978" lon="73.5422627">
      </trkpt>
      <trkpt lat="23.7890993" lon="73.5415837">
      </trkpt>
      <trkpt lat="23.7888148" lon="73.5407367">
      </trkpt>
      <trkpt lat="23.7881696" lon="73.537756">
      </trkpt>
      <trkpt lat="23.7876083" lon="73.5350968">
      </trkpt>
      <trkpt lat="23.7868556" lon="73.5314238">
      </trkpt>
      <trkpt lat="23.786021" lon="73.5275372">
      </trkpt>
      <trkpt lat="23.7858015" lon="73.5269239">
      </trkpt>
      <trkpt lat="23.7853656" lon="73.526194">
      </trkpt>
      <trkpt lat="23.7848684" lon="73.5256368">
      </trkpt>
      <trkpt lat="23.7842723" lon="73.5251806">
      </trkpt>
      <trkpt lat="23.7834488" lon="73.5247761">
      </trkpt>
      <trkpt lat="23.7759218" lon="73.5221227">
      </trkpt>
      <trkpt lat="23.7754597" lon="73.5218978">
      </trkpt>
      <trkpt lat="23.7748439" lon="73.5215633">
      </trkpt>
      <trkpt lat="23.7742633" lon="73.5210614">
      </trkpt>
      <trkpt lat="23.7737033" lon="73.5204495">
      </trkpt>
      <trkpt lat="23.7731467" lon="73.5197968">
      </trkpt>
      <trkpt lat="23.7710514" lon="73.5172167">
      </trkpt>
      <trkpt lat="23.7679568" lon="73.5133946">
      </trkpt>
      <trkpt lat="23.767456" lon="73.5129225">
      </trkpt>
      <trkpt lat="23.7670829" lon="73.5125792">
      </trkpt>
      <trkpt lat="23.7665919" lon="73.5122359">
      </trkpt>
      <trkpt lat="23.7661206" lon="73.5119569">
      </trkpt>
      <trkpt lat="23.7657769" lon="73.5118067">
      </trkpt>
      <trkpt lat="23.7653645" lon="73.5116458">
      </trkpt>
      <trkpt lat="23.7643428" lon="73.5114419">
      </trkpt>
      <trkpt lat="23.7616263" lon="73.5110602">
      </trkpt>
      <trkpt lat="23.7610741" lon="73.510941">
      </trkpt>
      <trkpt lat="23.7606014" lon="73.5107443">
      </trkpt>
      <trkpt lat="23.7601057" lon="73.5104135">
      </trkpt>
      <trkpt lat="23.7596548" lon="73.5101012">
      </trkpt>
      <trkpt lat="23.7592226" lon="73.509779">
      </trkpt>
      <trkpt lat="23.7585352" lon="73.5091191">
      </trkpt>
      <trkpt lat="23.7580726" lon="73.5086455">
      </trkpt>
      <trkpt lat="23.7577005" lon="73.5083232">
      </trkpt>
      <trkpt lat="23.7575248" lon="73.5081373">
      </trkpt>
      <trkpt lat="23.7571545" lon="73.5078082">
      </trkpt>
      <trkpt lat="23.7566371" lon="73.5074678">
      </trkpt>
      <trkpt lat="23.7561639" lon="73.5072033">
      </trkpt>
      <trkpt lat="23.7558151" lon="73.5070351">
      </trkpt>
      <trkpt lat="23.7552466" lon="73.506867">
      </trkpt>
      <trkpt lat="23.7546648" lon="73.5067288">
      </trkpt>
      <trkpt lat="23.7535088" lon="73.5064387">
      </trkpt>
      <trkpt lat="23.7525053" lon="73.5061699">
      </trkpt>
      <trkpt lat="23.751951" lon="73.5060319">
      </trkpt>
      <trkpt lat="23.7513765" lon="73.5058683">
      </trkpt>
      <trkpt lat="23.7508093" lon="73.5056081">
      </trkpt>
      <trkpt lat="23.7503577" lon="73.5053292">
      </trkpt>
      <trkpt lat="23.7499919" lon="73.505069">
      </trkpt>
      <trkpt lat="23.7496622" lon="73.5047675">
      </trkpt>
      <trkpt lat="23.7495842" lon="73.504698">
      </trkpt>
      <trkpt lat="23.7494769" lon="73.504571">
      </trkpt>
      <trkpt lat="23.7493613" lon="73.5044243">
      </trkpt>
      <trkpt lat="23.7490839" lon="73.5040687">
      </trkpt>
      <trkpt lat="23.7488483" lon="73.5036796">
      </trkpt>
      <trkpt lat="23.7486097" lon="73.5031673">
      </trkpt>
      <trkpt lat="23.7484375" lon="73.5026775">
      </trkpt>
      <trkpt lat="23.7481966" lon="73.5017397">
      </trkpt>
      <trkpt lat="23.7478314" lon="73.5002008">
      </trkpt>
      <trkpt lat="23.747597" lon="73.4994299">
      </trkpt>
      <trkpt lat="23.7473984" lon="73.4989662">
      </trkpt>
      <trkpt lat="23.7471452" lon="73.4984726">
      </trkpt>
      <trkpt lat="23.7468861" lon="73.4980464">
      </trkpt>
      <trkpt lat="23.7465209" lon="73.4975699">
      </trkpt>
      <trkpt lat="23.7461936" lon="73.4971887">
      </trkpt>
      <trkpt lat="23.7457868" lon="73.4968176">
      </trkpt>
      <trkpt lat="23.7454295" lon="73.4965107">
      </trkpt>
      <trkpt lat="23.7450963" lon="73.4962234">
      </trkpt>
      <trkpt lat="23.7446034" lon="73.4957969">
      </trkpt>
      <trkpt lat="23.7440063" lon="73.4951958">
      </trkpt>
      <trkpt lat="23.7434662" lon="73.4944341">
      </trkpt>
      <trkpt lat="23.7430497" lon="73.4937018">
      </trkpt>
      <trkpt lat="23.7427626" lon="73.4930074">
      </trkpt>
      <trkpt lat="23.7424142" lon="73.4921393">
      </trkpt>
      <trkpt lat="23.7420837" lon="73.4913097">
      </trkpt>
      <trkpt lat="23.7414653" lon="73.4897692">
      </trkpt>
      <trkpt lat="23.7411499" lon="73.4890893">
      </trkpt>
      <trkpt lat="23.7410288" lon="73.4888221">
      </trkpt>
      <trkpt lat="23.740807" lon="73.4885294">
      </trkpt>
      <trkpt lat="23.7406749" lon="73.4883091">
      </trkpt>
      <trkpt lat="23.740352" lon="73.4879332">
      </trkpt>
      <trkpt lat="23.740146" lon="73.4877033">
      </trkpt>
      <trkpt lat="23.7400087" lon="73.4875722">
      </trkpt>
      <trkpt lat="23.739697" lon="73.4872669">
      </trkpt>
      <trkpt lat="23.7392247" lon="73.4868352">
      </trkpt>
      <trkpt lat="23.7386419" lon="73.4863464">
      </trkpt>
      <trkpt lat="23.7379733" lon="73.4857537">
      </trkpt>
      <trkpt lat="23.7374671" lon="73.4852559">
      </trkpt>
      <trkpt lat="23.7371728" lon="73.4850278">
      </trkpt>
      <trkpt lat="23.7368858" lon="73.4847575">
      </trkpt>
      <trkpt lat="23.736535" lon="73.4843919">
      </trkpt>
      <trkpt lat="23.7361226" lon="73.483945">
      </trkpt>
      <trkpt lat="23.7358396" lon="73.4835489">
      </trkpt>
      <trkpt lat="23.7355394" lon="73.4830058">
      </trkpt>
      <trkpt lat="23.7353418" lon="73.4826174">
      </trkpt>
      <trkpt lat="23.7351504" lon="73.4821161">
      </trkpt>
      <trkpt lat="23.7349395" lon="73.4814485">
      </trkpt>
      <trkpt lat="23.7347956" lon="73.4806099">
      </trkpt>
      <trkpt lat="23.7347713" lon="73.4799972">
      </trkpt>
      <trkpt lat="23.7347736" lon="73.4795657">
      </trkpt>
      <trkpt lat="23.7348168" lon="73.4790092">
      </trkpt>
      <trkpt lat="23.7349415" lon="73.4783354">
      </trkpt>
      <trkpt lat="23.735078" lon="73.4778006">
      </trkpt>
      <trkpt lat="23.7356066" lon="73.4765086">
      </trkpt>
      <trkpt lat="23.736213" lon="73.4753476">
      </trkpt>
      <trkpt lat="23.7367017" lon="73.4741674">
      </trkpt>
      <trkpt lat="23.7370602" lon="73.4730565">
      </trkpt>
      <trkpt lat="23.7374406" lon="73.4715937">
      </trkpt>
      <trkpt lat="23.7376682" lon="73.4705419">
      </trkpt>
      <trkpt lat="23.7378046" lon="73.4700758">
      </trkpt>
      <trkpt lat="23.7378719" lon="73.4698625">
      </trkpt>
      <trkpt lat="23.7380358" lon="73.4695413">
      </trkpt>
      <trkpt lat="23.738205" lon="73.4692265">
      </trkpt>
      <trkpt lat="23.7385681" lon="73.4686906">
      </trkpt>
      <trkpt lat="23.7388872" lon="73.4684005">
      </trkpt>
      <trkpt lat="23.7393277" lon="73.4680496">
      </trkpt>
      <trkpt lat="23.7401755" lon="73.4672467">
      </trkpt>
      <trkpt lat="23.74054" lon="73.4668847">
      </trkpt>
      <trkpt lat="23.7407532" lon="73.4666088">
      </trkpt>
      <trkpt lat="23.7409741" lon="73.466236">
      </trkpt>
      <trkpt lat="23.7411972" lon="73.4657754">
      </trkpt>
      <trkpt lat="23.741394" lon="73.465265">
      </trkpt>
      <trkpt lat="23.7414949" lon="73.464775">
      </trkpt>
      <trkpt lat="23.7415451" lon="73.4641874">
      </trkpt>
      <trkpt lat="23.7415944" lon="73.4633715">
      </trkpt>
      <trkpt lat="23.7416259" lon="73.4621825">
      </trkpt>
      <trkpt lat="23.7416558" lon="73.4614224">
      </trkpt>
      <trkpt lat="23.7417181" lon="73.4600584">
      </trkpt>
      <trkpt lat="23.7417323" lon="73.4592476">
      </trkpt>
      <trkpt lat="23.7416964" lon="73.4586152">
      </trkpt>
      <trkpt lat="23.7416645" lon="73.4581124">
      </trkpt>
      <trkpt lat="23.741586" lon="73.457508">
      </trkpt>
      <trkpt lat="23.7414308" lon="73.4566739">
      </trkpt>
      <trkpt lat="23.7412339" lon="73.455882">
      </trkpt>
      <trkpt lat="23.7407612" lon="73.4545975">
      </trkpt>
      <trkpt lat="23.7403298" lon="73.4536649">
      </trkpt>
      <trkpt lat="23.7398226" lon="73.4527928">
      </trkpt>
      <trkpt lat="23.7391131" lon="73.4518272">
      </trkpt>
      <trkpt lat="23.7382066" lon="73.4505806">
      </trkpt>
      <trkpt lat="23.7378159" lon="73.4500516">
      </trkpt>
      <trkpt lat="23.7374377" lon="73.449492">
      </trkpt>
      <trkpt lat="23.7370983" lon="73.4490608">
      </trkpt>
      <trkpt lat="23.7368309" lon="73.4486798">
      </trkpt>
      <trkpt lat="23.73631" lon="73.4479708">
      </trkpt>
      <trkpt lat="23.7359472" lon="73.4474758">
      </trkpt>
      <trkpt lat="23.7354598" lon="73.4467838">
      </trkpt>
      <trkpt lat="23.7352168" lon="73.4464677">
      </trkpt>
      <trkpt lat="23.7348357" lon="73.445914">
      </trkpt>
      <trkpt lat="23.7347371" lon="73.4457957">
      </trkpt>
      <trkpt lat="23.734534" lon="73.4455311">
      </trkpt>
      <trkpt lat="23.7342495" lon="73.4451489">
      </trkpt>
      <trkpt lat="23.7334985" lon="73.4441001">
      </trkpt>
      <trkpt lat="23.7329307" lon="73.4433281">
      </trkpt>
      <trkpt lat="23.7322042" lon="73.4423584">
      </trkpt>
      <trkpt lat="23.7315572" lon="73.4415398">
      </trkpt>
      <trkpt lat="23.7314221" lon="73.441376">
      </trkpt>
      <trkpt lat="23.7310538" lon="73.4409296">
      </trkpt>
      <trkpt lat="23.7306067" lon="73.4405152">
      </trkpt>
      <trkpt lat="23.7300272" lon="73.4400493">
      </trkpt>
      <trkpt lat="23.7293781" lon="73.439626">
      </trkpt>
      <trkpt lat="23.7284265" lon="73.4389675">
      </trkpt>
      <trkpt lat="23.7234448" lon="73.4356366">
      </trkpt>
      <trkpt lat="23.7225783" lon="73.4350419">
      </trkpt>
      <trkpt lat="23.7219179" lon="73.4344346">
      </trkpt>
      <trkpt lat="23.7213259" lon="73.4337035">
      </trkpt>
      <trkpt lat="23.7208802" lon="73.4329663">
      </trkpt>
      <trkpt lat="23.7203781" lon="73.4318823">
      </trkpt>
      <trkpt lat="23.7198187" lon="73.4308418">
      </trkpt>
      <trkpt lat="23.7194597" lon="73.4303239">
      </trkpt>
      <trkpt lat="23.7190299" lon="73.4298129">
      </trkpt>
      <trkpt lat="23.7155652" lon="73.4268921">
      </trkpt>
      <trkpt lat="23.7148025" lon="73.4263717">
      </trkpt>
      <trkpt lat="23.7141456" lon="73.4260042">
      </trkpt>
      <trkpt lat="23.7136191" lon="73.4257587">
      </trkpt>
      <trkpt lat="23.7101913" lon="73.423929">
      </trkpt>
      <trkpt lat="23.7055478" lon="73.4206009">
      </trkpt>
      <trkpt lat="23.7044798" lon="73.4199018">
      </trkpt>
      <trkpt lat="23.7029936" lon="73.4191579">
      </trkpt>
      <trkpt lat="23.7024091" lon="73.418895">
      </trkpt>
      <trkpt lat="23.7020358" lon="73.4187931">
      </trkpt>
      <trkpt lat="23.7015593" lon="73.4186858">
      </trkpt>
      <trkpt lat="23.701186" lon="73.418659">
      </trkpt>
      <trkpt lat="23.7008127" lon="73.4186697">
      </trkpt>
      <trkpt lat="23.7003559" lon="73.4187502">
      </trkpt>
      <trkpt lat="23.6999235" lon="73.4188593">
      </trkpt>
      <trkpt lat="23.6989938" lon="73.4192464">
      </trkpt>
      <trkpt lat="23.696848" lon="73.4201241">
      </trkpt>
      <trkpt lat="23.6945648" lon="73.4205419">
      </trkpt>
      <trkpt lat="23.6925162" lon="73.420867">
      </trkpt>
      <trkpt lat="23.6879726" lon="73.4217843">
      </trkpt>
      <trkpt lat="23.6875031" lon="73.4217117">
      </trkpt>
      <trkpt lat="23.6868473" lon="73.4216416">
      </trkpt>
      <trkpt lat="23.6859679" lon="73.4214431">
      </trkpt>
      <trkpt lat="23.6851623" lon="73.421191">
      </trkpt>
      <trkpt lat="23.6821508" lon="73.4202897">
      </trkpt>
      <trkpt lat="23.6813795" lon="73.420043">
      </trkpt>
      <trkpt lat="23.6810482" lon="73.4198854">
      </trkpt>
      <trkpt lat="23.6803921" lon="73.4195226">
      </trkpt>
      <trkpt lat="23.6790804" lon="73.4186214">
      </trkpt>
      <trkpt lat="23.677172" lon="73.4172246">
      </trkpt>
      <trkpt lat="23.6738542" lon="73.4153604">
      </trkpt>
      <trkpt lat="23.6676789" lon="73.412094">
      </trkpt>
      <trkpt lat="23.6539807" lon="73.4038399">
      </trkpt>
      <trkpt lat="23.6515949" lon="73.4021617">
      </trkpt>
      <trkpt lat="23.6500255" lon="73.4001568">
      </trkpt>
      <trkpt lat="23.6394385" lon="73.3840417">
      </trkpt>
      <trkpt lat="23.6392899" lon="73.3838284">
      </trkpt>
      <trkpt lat="23.6391491" lon="73.3836089">
      </trkpt>
      <trkpt lat="23.6390163" lon="73.3833835">
      </trkpt>
      <trkpt lat="23.6388919" lon="73.3831525">
      </trkpt>
      <trkpt lat="23.6387759" lon="73.3829163">
      </trkpt>
      <trkpt lat="23.6386686" lon="73.3826753">
      </trkpt>
      <trkpt lat="23.6385701" lon="73.3824299">
      </trkpt>
      <trkpt lat="23.6384805" lon="73.3821804">
      </trkpt>
      <trkpt lat="23.6384001" lon="73.3819272">
      </trkpt>
      <trkpt lat="23.6383289" lon="73.3816707">
      </trkpt>
      <trkpt lat="23.6382671" lon="73.3814114">
      </trkpt>
      <trkpt lat="23.6382147" lon="73.3811496">
      </trkpt>
      <trkpt lat="23.6381719" lon="73.3808858">
      </trkpt>
      <trkpt lat="23.6381414" lon="73.3806458">
      </trkpt>
      <trkpt lat="23.6381188" lon="73.3804048">
      </trkpt>
      <trkpt lat="23.6381042" lon="73.3801631">
      </trkpt>
      <trkpt lat="23.6380974" lon="73.3799209">
      </trkpt>
      <trkpt lat="23.6380987" lon="73.3796787">
      </trkpt>
      <trkpt lat="23.6381078" lon="73.3794366">
      </trkpt>
      <trkpt lat="23.6381249" lon="73.3791951">
      </trkpt>
      <trkpt lat="23.6381499" lon="73.3789544">
      </trkpt>
      <trkpt lat="23.6381827" lon="73.3787148">
      </trkpt>
      <trkpt lat="23.63858" lon="73.3766003">
      </trkpt>
      <trkpt lat="23.6386947" lon="73.375487">
      </trkpt>
      <trkpt lat="23.638868" lon="73.373276">
      </trkpt>
      <trkpt lat="23.6390898" lon="73.3721579">
      </trkpt>
      <trkpt lat="23.6410623" lon="73.3648716">
      </trkpt>
      <trkpt lat="23.6411234" lon="73.3645884">
      </trkpt>
      <trkpt lat="23.6411772" lon="73.3643034">
      </trkpt>
      <trkpt lat="23.6412237" lon="73.3640169">
      </trkpt>
      <trkpt lat="23.6412628" lon="73.363729">
      </trkpt>
      <trkpt lat="23.6412947" lon="73.3634382">
      </trkpt>
      <trkpt lat="23.641319" lon="73.3631464">
      </trkpt>
      <trkpt lat="23.6420373" lon="73.35041">
      </trkpt>
      <trkpt lat="23.6420419" lon="73.3501926">
      </trkpt>
      <trkpt lat="23.6420367" lon="73.3499752">
      </trkpt>
      <trkpt lat="23.6420219" lon="73.3497583">
      </trkpt>
      <trkpt lat="23.6419973" lon="73.3495424">
      </trkpt>
      <trkpt lat="23.6419632" lon="73.3493282">
      </trkpt>
      <trkpt lat="23.6419195" lon="73.349116">
      </trkpt>
      <trkpt lat="23.6418664" lon="73.3489063">
      </trkpt>
      <trkpt lat="23.641804" lon="73.3486998">
      </trkpt>
      <trkpt lat="23.6417325" lon="73.3484968">
      </trkpt>
      <trkpt lat="23.6416552" lon="73.3483055">
      </trkpt>
      <trkpt lat="23.6415698" lon="73.3481183">
      </trkpt>
      <trkpt lat="23.6414765" lon="73.3479357">
      </trkpt>
      <trkpt lat="23.6413754" lon="73.3477581">
      </trkpt>
      <trkpt lat="23.6412668" lon="73.3475859">
      </trkpt>
      <trkpt lat="23.641151" lon="73.3474194">
      </trkpt>
      <trkpt lat="23.6410281" lon="73.347259">
      </trkpt>
      <trkpt lat="23.6408984" lon="73.3471051">
      </trkpt>
      <trkpt lat="23.6407623" lon="73.346958">
      </trkpt>
      <trkpt lat="23.6406201" lon="73.346818">
      </trkpt>
      <trkpt lat="23.6404719" lon="73.3466854">
      </trkpt>
      <trkpt lat="23.6403183" lon="73.3465606">
      </trkpt>
      <trkpt lat="23.6401594" lon="73.3464438">
      </trkpt>
      <trkpt lat="23.6389039" lon="73.3457053">
      </trkpt>
      <trkpt lat="23.638083" lon="73.3452246">
      </trkpt>
      <trkpt lat="23.6377285" lon="73.345017">
      </trkpt>
      <trkpt lat="23.630555" lon="73.3408163">
      </trkpt>
      <trkpt lat="23.6283434" lon="73.3395213">
      </trkpt>
      <trkpt lat="23.6214714" lon="73.3354975">
      </trkpt>
      <trkpt lat="23.6211021" lon="73.3352745">
      </trkpt>
      <trkpt lat="23.6198733" lon="73.3345588">
      </trkpt>
      <trkpt lat="23.6193346" lon="73.3341935">
      </trkpt>
      <trkpt lat="23.6188874" lon="73.33381">
      </trkpt>
      <trkpt lat="23.6187215" lon="73.3336431">
      </trkpt>
      <trkpt lat="23.6185622" lon="73.3334686">
      </trkpt>
      <trkpt lat="23.6184099" lon="73.3332868">
      </trkpt>
      <trkpt lat="23.6182649" lon="73.3330982">
      </trkpt>
      <trkpt lat="23.6181273" lon="73.3329029">
      </trkpt>
      <trkpt lat="23.6179975" lon="73.3327014">
      </trkpt>
      <trkpt lat="23.6178757" lon="73.3324941">
      </trkpt>
      <trkpt lat="23.6177621" lon="73.3322813">
      </trkpt>
      <trkpt lat="23.6176569" lon="73.3320634">
      </trkpt>
      <trkpt lat="23.6175604" lon="73.3318408">
      </trkpt>
      <trkpt lat="23.6174726" lon="73.3316139">
      </trkpt>
      <trkpt lat="23.6173938" lon="73.3313831">
      </trkpt>
      <trkpt lat="23.617324" lon="73.3311489">
      </trkpt>
      <trkpt lat="23.6172635" lon="73.3309116">
      </trkpt>
      <trkpt lat="23.6172152" lon="73.3306866">
      </trkpt>
      <trkpt lat="23.6171752" lon="73.3304596">
      </trkpt>
      <trkpt lat="23.6171435" lon="73.3302311">
      </trkpt>
      <trkpt lat="23.6171202" lon="73.3300013">
      </trkpt>
      <trkpt lat="23.6171054" lon="73.3297707">
      </trkpt>
      <trkpt lat="23.617099" lon="73.3295397">
      </trkpt>
      <trkpt lat="23.6171012" lon="73.3293086">
      </trkpt>
      <trkpt lat="23.6171117" lon="73.3290777">
      </trkpt>
      <trkpt lat="23.6171308" lon="73.3288475">
      </trkpt>
      <trkpt lat="23.6171583" lon="73.3286184">
      </trkpt>
      <trkpt lat="23.6171941" lon="73.3283906">
      </trkpt>
      <trkpt lat="23.6227236" lon="73.3011956">
      </trkpt>
      <trkpt lat="23.6229892" lon="73.2998947">
      </trkpt>
      <trkpt lat="23.6235335" lon="73.2973724">
      </trkpt>
      <trkpt lat="23.6237974" lon="73.2960844">
      </trkpt>
      <trkpt lat="23.6238777" lon="73.2955659">
      </trkpt>
      <trkpt lat="23.6239188" lon="73.2953198">
      </trkpt>
      <trkpt lat="23.6239529" lon="73.2950725">
      </trkpt>
      <trkpt lat="23.62398" lon="73.2948241">
      </trkpt>
      <trkpt lat="23.624" lon="73.2945749">
      </trkpt>
      <trkpt lat="23.6240129" lon="73.2943252">
      </trkpt>
      <trkpt lat="23.6240188" lon="73.2940634">
      </trkpt>
      <trkpt lat="23.6240169" lon="73.2938015">
      </trkpt>
      <trkpt lat="23.6240073" lon="73.2935399">
      </trkpt>
      <trkpt lat="23.6239899" lon="73.2932787">
      </trkpt>
      <trkpt lat="23.6239647" lon="73.2930183">
      </trkpt>
      <trkpt lat="23.6239318" lon="73.2927589">
      </trkpt>
      <trkpt lat="23.6238912" lon="73.2925008">
      </trkpt>
      <trkpt lat="23.6238429" lon="73.2922442">
      </trkpt>
      <trkpt lat="23.6232662" lon="73.2895071">
      </trkpt>
      <trkpt lat="23.6231674" lon="73.2889577">
      </trkpt>
      <trkpt lat="23.6208527" lon="73.2777389">
      </trkpt>
      <trkpt lat="23.6179739" lon="73.2637212">
      </trkpt>
      <trkpt lat="23.6179073" lon="73.2633331">
      </trkpt>
      <trkpt lat="23.6178461" lon="73.262944">
      </trkpt>
      <trkpt lat="23.6177901" lon="73.2625539">
      </trkpt>
      <trkpt lat="23.6177349" lon="73.2621253">
      </trkpt>
      <trkpt lat="23.617686" lon="73.2616958">
      </trkpt>
      <trkpt lat="23.6176436" lon="73.2612654">
      </trkpt>
      <trkpt lat="23.6173981" lon="73.2569578">
      </trkpt>
      <trkpt lat="23.6173794" lon="73.2567193">
      </trkpt>
      <trkpt lat="23.6173543" lon="73.2564815">
      </trkpt>
      <trkpt lat="23.6173226" lon="73.2562447">
      </trkpt>
      <trkpt lat="23.6172846" lon="73.2560089">
      </trkpt>
      <trkpt lat="23.6172402" lon="73.2557745">
      </trkpt>
      <trkpt lat="23.6171869" lon="73.2555308">
      </trkpt>
      <trkpt lat="23.6171267" lon="73.255289">
      </trkpt>
      <trkpt lat="23.6143861" lon="73.2453958">
      </trkpt>
      <trkpt lat="23.613976" lon="73.2439527">
      </trkpt>
      <trkpt lat="23.6129875" lon="73.2411484">
      </trkpt>
      <trkpt lat="23.6126548" lon="73.2400567">
      </trkpt>
      <trkpt lat="23.6102248" lon="73.2313231">
      </trkpt>
      <trkpt lat="23.6075866" lon="73.2220042">
      </trkpt>
      <trkpt lat="23.6023333" lon="73.2032531">
      </trkpt>
      <trkpt lat="23.6010076" lon="73.1985752">
      </trkpt>
      <trkpt lat="23.6008963" lon="73.1981526">
      </trkpt>
      <trkpt lat="23.5995948" lon="73.1934383">
      </trkpt>
      <trkpt lat="23.5993049" lon="73.1924265">
      </trkpt>
      <trkpt lat="23.5985211" lon="73.1896183">
      </trkpt>
      <trkpt lat="23.5979226" lon="73.1875246">
      </trkpt>
      <trkpt lat="23.596773" lon="73.1834412">
      </trkpt>
      <trkpt lat="23.5959079" lon="73.1802784">
      </trkpt>
      <trkpt lat="23.5954417" lon="73.1786443">
      </trkpt>
      <trkpt lat="23.5949916" lon="73.1770019">
      </trkpt>
      <trkpt lat="23.5949109" lon="73.1765916">
      </trkpt>
      <trkpt lat="23.5948565" lon="73.1763242">
      </trkpt>
      <trkpt lat="23.5948228" lon="73.1760748">
      </trkpt>
      <trkpt lat="23.5948133" lon="73.1758646">
      </trkpt>
      <trkpt lat="23.5947996" lon="73.1756297">
      </trkpt>
      <trkpt lat="23.5948025" lon="73.1753948">
      </trkpt>
      <trkpt lat="23.5948133" lon="73.1751081">
      </trkpt>
      <trkpt lat="23.594853" lon="73.1747268">
      </trkpt>
      <trkpt lat="23.5949196" lon="73.1743417">
      </trkpt>
      <trkpt lat="23.5950367" lon="73.1738613">
      </trkpt>
      <trkpt lat="23.595191" lon="73.1733222">
      </trkpt>
      <trkpt lat="23.5962524" lon="73.1698267">
      </trkpt>
      <trkpt lat="23.5967869" lon="73.1681323">
      </trkpt>
      <trkpt lat="23.5973214" lon="73.1663837">
      </trkpt>
      <trkpt lat="23.5978836" lon="73.1645416">
      </trkpt>
      <trkpt lat="23.5984292" lon="73.1627275">
      </trkpt>
      <trkpt lat="23.5989873" lon="73.1608817">
      </trkpt>
      <trkpt lat="23.5991232" lon="73.160364">
      </trkpt>
      <trkpt lat="23.5992054" lon="73.1598778">
      </trkpt>
      <trkpt lat="23.5992434" lon="73.1594366">
      </trkpt>
      <trkpt lat="23.5992689" lon="73.1589728">
      </trkpt>
      <trkpt lat="23.5992536" lon="73.1584555">
      </trkpt>
      <trkpt lat="23.5991804" lon="73.1578299">
      </trkpt>
      <trkpt lat="23.5990237" lon="73.1570482">
      </trkpt>
      <trkpt lat="23.5979404" lon="73.153762">
      </trkpt>
      <trkpt lat="23.5968312" lon="73.1501532">
      </trkpt>
      <trkpt lat="23.5961588" lon="73.1480369">
      </trkpt>
      <trkpt lat="23.5960504" lon="73.1476399">
      </trkpt>
      <trkpt lat="23.5959916" lon="73.1473512">
      </trkpt>
      <trkpt lat="23.595955" lon="73.1470037">
      </trkpt>
      <trkpt lat="23.595926" lon="73.1466799">
      </trkpt>
      <trkpt lat="23.5959217" lon="73.1463562">
      </trkpt>
      <trkpt lat="23.5959319" lon="73.1460129">
      </trkpt>
      <trkpt lat="23.5959586" lon="73.1457237">
      </trkpt>
      <trkpt lat="23.5959994" lon="73.1454721">
      </trkpt>
      <trkpt lat="23.5960752" lon="73.1450619">
      </trkpt>
      <trkpt lat="23.5962143" lon="73.1445433">
      </trkpt>
      <trkpt lat="23.5963382" lon="73.1441664">
      </trkpt>
      <trkpt lat="23.5965366" lon="73.143618">
      </trkpt>
      <trkpt lat="23.6022545" lon="73.1272131">
      </trkpt>
      <trkpt lat="23.6038628" lon="73.1225871">
      </trkpt>
      <trkpt lat="23.6044744" lon="73.1208425">
      </trkpt>
      <trkpt lat="23.6047486" lon="73.1200571">
      </trkpt>
      <trkpt lat="23.6049995" lon="73.1192367">
      </trkpt>
      <trkpt lat="23.6051332" lon="73.1185604">
      </trkpt>
      <trkpt lat="23.6051877" lon="73.1180237">
      </trkpt>
      <trkpt lat="23.6052149" lon="73.1173629">
      </trkpt>
      <trkpt lat="23.6052298" lon="73.11686">
      </trkpt>
      <trkpt lat="23.6052563" lon="73.1159426">
      </trkpt>
      <trkpt lat="23.6052778" lon="73.1155877">
      </trkpt>
      <trkpt lat="23.6053158" lon="73.1152688">
      </trkpt>
      <trkpt lat="23.6055803" lon="73.1137922">
      </trkpt>
      <trkpt lat="23.6056696" lon="73.1132937">
      </trkpt>
      <trkpt lat="23.6068578" lon="73.1077147">
      </trkpt>
      <trkpt lat="23.6074973" lon="73.1046816">
      </trkpt>
      <trkpt lat="23.6115236" lon="73.0854728">
      </trkpt>
      <trkpt lat="23.6134848" lon="73.0761153">
      </trkpt>
      <trkpt lat="23.615471" lon="73.0667334">
      </trkpt>
      <trkpt lat="23.6191222" lon="73.0495105">
      </trkpt>
      <trkpt lat="23.6199286" lon="73.04548">
      </trkpt>
      <trkpt lat="23.622695" lon="73.0321097">
      </trkpt>
      <trkpt lat="23.6230702" lon="73.030447">
      </trkpt>
      <trkpt lat="23.6232095" lon="73.0296242">
      </trkpt>
      <trkpt lat="23.6232449" lon="73.029362">
      </trkpt>
      <trkpt lat="23.6232727" lon="73.0290987">
      </trkpt>
      <trkpt lat="23.623293" lon="73.0288346">
      </trkpt>
      <trkpt lat="23.6233058" lon="73.0285699">
      </trkpt>
      <trkpt lat="23.623311" lon="73.0283049">
      </trkpt>
      <trkpt lat="23.6233086" lon="73.0280399">
      </trkpt>
      <trkpt lat="23.6232986" lon="73.0277751">
      </trkpt>
      <trkpt lat="23.6232811" lon="73.0275107">
      </trkpt>
      <trkpt lat="23.6232555" lon="73.0272426">
      </trkpt>
      <trkpt lat="23.6232222" lon="73.0269756">
      </trkpt>
      <trkpt lat="23.6231811" lon="73.0267098">
      </trkpt>
      <trkpt lat="23.6231323" lon="73.0264456">
      </trkpt>
      <trkpt lat="23.6230758" lon="73.0261832">
      </trkpt>
      <trkpt lat="23.6230118" lon="73.0259228">
      </trkpt>
      <trkpt lat="23.6229402" lon="73.0256649">
      </trkpt>
      <trkpt lat="23.6228612" lon="73.0254095">
      </trkpt>
      <trkpt lat="23.6223617" lon="73.0240342">
      </trkpt>
      <trkpt lat="23.6065795" lon="72.9843837">
      </trkpt>
      <trkpt lat="23.6051332" lon="72.9807744">
      </trkpt>
      <trkpt lat="23.6041448" lon="72.9782858">
      </trkpt>
      <trkpt lat="23.6025197" lon="72.9742462">
      </trkpt>
      <trkpt lat="23.6023889" lon="72.9739029">
      </trkpt>
      <trkpt lat="23.6018823" lon="72.9726523">
      </trkpt>
      <trkpt lat="23.6016362" lon="72.9720279">
      </trkpt>
      <trkpt lat="23.6014442" lon="72.9715751">
      </trkpt>
      <trkpt lat="23.6012521" lon="72.9711488">
      </trkpt>
      <trkpt lat="23.6009323" lon="72.9706475">
      </trkpt>
      <trkpt lat="23.5996372" lon="72.9686703">
      </trkpt>
      <trkpt lat="23.5995579" lon="72.9685459">
      </trkpt>
      <trkpt lat="23.5986831" lon="72.967221">
      </trkpt>
      <trkpt lat="23.598324" lon="72.9666653">
      </trkpt>
      <trkpt lat="23.598187" lon="72.9664667">
      </trkpt>
      <trkpt lat="23.5980556" lon="72.9662944">
      </trkpt>
      <trkpt lat="23.5977065" lon="72.965964">
      </trkpt>
      <trkpt lat="23.5971537" lon="72.9655091">
      </trkpt>
      <trkpt lat="23.5970183" lon="72.965391">
      </trkpt>
      <trkpt lat="23.5956964" lon="72.9641252">
      </trkpt>
      <trkpt lat="23.5956753" lon="72.964105">
      </trkpt>
      <trkpt lat="23.594129" lon="72.9626005">
      </trkpt>
      <trkpt lat="23.5938133" lon="72.9623019">
      </trkpt>
      <trkpt lat="23.5938054" lon="72.9622934">
      </trkpt>
      <trkpt lat="23.5937124" lon="72.9621934">
      </trkpt>
      <trkpt lat="23.5935094" lon="72.9619966">
      </trkpt>
      <trkpt lat="23.593196" lon="72.9616949">
      </trkpt>
      <trkpt lat="23.5865191" lon="72.9552254">
      </trkpt>
      <trkpt lat="23.5863264" lon="72.955045">
      </trkpt>
      <trkpt lat="23.5855767" lon="72.9543698">
      </trkpt>
      <trkpt lat="23.5853016" lon="72.9541671">
      </trkpt>
      <trkpt lat="23.5851148" lon="72.9540365">
      </trkpt>
      <trkpt lat="23.5849233" lon="72.9539144">
      </trkpt>
      <trkpt lat="23.5847873" lon="72.9538346">
      </trkpt>
      <trkpt lat="23.5846493" lon="72.9537592">
      </trkpt>
      <trkpt lat="23.5845093" lon="72.9536881">
      </trkpt>
      <trkpt lat="23.5842769" lon="72.953572">
      </trkpt>
      <trkpt lat="23.5837115" lon="72.953354">
      </trkpt>
      <trkpt lat="23.5830922" lon="72.9532105">
      </trkpt>
      <trkpt lat="23.5825386" lon="72.9531598">
      </trkpt>
      <trkpt lat="23.5820953" lon="72.9531604">
      </trkpt>
      <trkpt lat="23.5817278" lon="72.9531749">
      </trkpt>
      <trkpt lat="23.5812204" lon="72.9532474">
      </trkpt>
      <trkpt lat="23.5805188" lon="72.9533841">
      </trkpt>
      <trkpt lat="23.5750934" lon="72.9546394">
      </trkpt>
      <trkpt lat="23.5741546" lon="72.9548086">
      </trkpt>
      <trkpt lat="23.5730185" lon="72.954839">
      </trkpt>
      <trkpt lat="23.5717487" lon="72.9546445">
      </trkpt>
      <trkpt lat="23.5705512" lon="72.9542982">
      </trkpt>
      <trkpt lat="23.5680984" lon="72.953545">
      </trkpt>
      <trkpt lat="23.5636822" lon="72.9521707">
      </trkpt>
      <trkpt lat="23.5600827" lon="72.9510505">
      </trkpt>
      <trkpt lat="23.5519494" lon="72.9484599">
      </trkpt>
      <trkpt lat="23.550622" lon="72.94784">
      </trkpt>
      <trkpt lat="23.5498728" lon="72.9474129">
      </trkpt>
      <trkpt lat="23.5492424" lon="72.947011">
      </trkpt>
      <trkpt lat="23.5477468" lon="72.9458683">
      </trkpt>
      <trkpt lat="23.5467775" lon="72.9449587">
      </trkpt>
      <trkpt lat="23.5414398" lon="72.939732">
      </trkpt>
      <trkpt lat="23.5353379" lon="72.9337743">
      </trkpt>
      <trkpt lat="23.5231552" lon="72.9218728">
      </trkpt>
      <trkpt lat="23.4987428" lon="72.8981897">
      </trkpt>
      <trkpt lat="23.4981871" lon="72.8977399">
      </trkpt>
      <trkpt lat="23.4977199" lon="72.8974484">
      </trkpt>
      <trkpt lat="23.4969502" lon="72.8970361">
      </trkpt>
      <trkpt lat="23.4961315" lon="72.8967283">
      </trkpt>
      <trkpt lat="23.495543" lon="72.896559">
      </trkpt>
      <trkpt lat="23.4948732" lon="72.8964235">
      </trkpt>
      <trkpt lat="23.4943522" lon="72.8963714">
      </trkpt>
      <trkpt lat="23.4938307" lon="72.8963263">
      </trkpt>
      <trkpt lat="23.4933891" lon="72.8962937">
      </trkpt>
      <trkpt lat="23.4929472" lon="72.8962661">
      </trkpt>
      <trkpt lat="23.4925051" lon="72.8962436">
      </trkpt>
      <trkpt lat="23.4923586" lon="72.8962263">
      </trkpt>
      <trkpt lat="23.4921932" lon="72.8961906">
      </trkpt>
      <trkpt lat="23.4915638" lon="72.8960445">
      </trkpt>
      <trkpt lat="23.4907635" lon="72.8957246">
      </trkpt>
      <trkpt lat="23.4902272" lon="72.8954216">
      </trkpt>
      <trkpt lat="23.4900827" lon="72.8953297">
      </trkpt>
      <trkpt lat="23.4899404" lon="72.8952337">
      </trkpt>
      <trkpt lat="23.4897448" lon="72.8950924">
      </trkpt>
      <trkpt lat="23.489554" lon="72.8949436">
      </trkpt>
      <trkpt lat="23.4893683" lon="72.8947873">
      </trkpt>
      <trkpt lat="23.4891878" lon="72.8946238">
      </trkpt>
      <trkpt lat="23.4890129" lon="72.8944533">
      </trkpt>
      <trkpt lat="23.4888438" lon="72.8942761">
      </trkpt>
      <trkpt lat="23.4886806" lon="72.8940923">
      </trkpt>
      <trkpt lat="23.4885237" lon="72.8939022">
      </trkpt>
      <trkpt lat="23.4883731" lon="72.893706">
      </trkpt>
      <trkpt lat="23.4882291" lon="72.893504">
      </trkpt>
      <trkpt lat="23.488092" lon="72.8932965">
      </trkpt>
      <trkpt lat="23.4879617" lon="72.8930837">
      </trkpt>
      <trkpt lat="23.4876142" lon="72.8925283">
      </trkpt>
      <trkpt lat="23.4874307" lon="72.8922406">
      </trkpt>
      <trkpt lat="23.4868924" lon="72.8913366">
      </trkpt>
      <trkpt lat="23.4820764" lon="72.8834122">
      </trkpt>
      <trkpt lat="23.4811178" lon="72.8818492">
      </trkpt>
      <trkpt lat="23.4809223" lon="72.8815191">
      </trkpt>
      <trkpt lat="23.4807191" lon="72.8811944">
      </trkpt>
      <trkpt lat="23.4805083" lon="72.8808756">
      </trkpt>
      <trkpt lat="23.4802902" lon="72.8805628">
      </trkpt>
      <trkpt lat="23.4800647" lon="72.8802561">
      </trkpt>
      <trkpt lat="23.4798527" lon="72.8799818">
      </trkpt>
      <trkpt lat="23.4796348" lon="72.8797129">
      </trkpt>
      <trkpt lat="23.4794113" lon="72.8794497">
      </trkpt>
      <trkpt lat="23.4791822" lon="72.8791922">
      </trkpt>
      <trkpt lat="23.4789476" lon="72.8789407">
      </trkpt>
      <trkpt lat="23.478479" lon="72.8784742">
      </trkpt>
      <trkpt lat="23.4728877" lon="72.8730588">
      </trkpt>
      <trkpt lat="23.4659712" lon="72.8663627">
      </trkpt>
      <trkpt lat="23.465376" lon="72.8658902">
      </trkpt>
      <trkpt lat="23.4646196" lon="72.8653779">
      </trkpt>
      <trkpt lat="23.4630457" lon="72.8645978">
      </trkpt>
      <trkpt lat="23.4622165" lon="72.8643283">
      </trkpt>
      <trkpt lat="23.4614983" lon="72.8641368">
      </trkpt>
      <trkpt lat="23.4604629" lon="72.8639827">
      </trkpt>
      <trkpt lat="23.4582749" lon="72.8638422">
      </trkpt>
      <trkpt lat="23.4475213" lon="72.8630742">
      </trkpt>
      <trkpt lat="23.4374259" lon="72.8623142">
      </trkpt>
      <trkpt lat="23.4371693" lon="72.8623132">
      </trkpt>
      <trkpt lat="23.4369352" lon="72.8623135">
      </trkpt>
      <trkpt lat="23.4367011" lon="72.862323">
      </trkpt>
      <trkpt lat="23.4364676" lon="72.8623418">
      </trkpt>
      <trkpt lat="23.4362348" lon="72.8623698">
      </trkpt>
      <trkpt lat="23.4360032" lon="72.8624069">
      </trkpt>
      <trkpt lat="23.4357729" lon="72.8624532">
      </trkpt>
      <trkpt lat="23.4355443" lon="72.8625085">
      </trkpt>
      <trkpt lat="23.4353176" lon="72.8625728">
      </trkpt>
      <trkpt lat="23.4350933" lon="72.862646">
      </trkpt>
      <trkpt lat="23.4348572" lon="72.8627336">
      </trkpt>
      <trkpt lat="23.4346245" lon="72.862831">
      </trkpt>
      <trkpt lat="23.4343953" lon="72.8629382">
      </trkpt>
      <trkpt lat="23.4341702" lon="72.8630549">
      </trkpt>
      <trkpt lat="23.4339493" lon="72.863181">
      </trkpt>
      <trkpt lat="23.433733" lon="72.8633162">
      </trkpt>
      <trkpt lat="23.4335217" lon="72.8634605">
      </trkpt>
      <trkpt lat="23.4333156" lon="72.8636135">
      </trkpt>
      <trkpt lat="23.4331151" lon="72.8637751">
      </trkpt>
      <trkpt lat="23.4329204" lon="72.8639449">
      </trkpt>
      <trkpt lat="23.432732" lon="72.8641228">
      </trkpt>
      <trkpt lat="23.4319109" lon="72.8650038">
      </trkpt>
      <trkpt lat="23.4284632" lon="72.8687045">
      </trkpt>
      <trkpt lat="23.4230122" lon="72.8744448">
      </trkpt>
      <trkpt lat="23.4144948" lon="72.8834827">
      </trkpt>
      <trkpt lat="23.3975696" lon="72.9014554">
      </trkpt>
      <trkpt lat="23.3967352" lon="72.9024089">
      </trkpt>
      <trkpt lat="23.3963162" lon="72.9030038">
      </trkpt>
      <trkpt lat="23.3958567" lon="72.9037577">
      </trkpt>
      <trkpt lat="23.3943879" lon="72.9065776">
      </trkpt>
      <trkpt lat="23.3914603" lon="72.9121335">
      </trkpt>
      <trkpt lat="23.3913502" lon="72.9123434">
      </trkpt>
      <trkpt lat="23.3885921" lon="72.9176059">
      </trkpt>
      <trkpt lat="23.3881579" lon="72.9184414">
      </trkpt>
      <trkpt lat="23.384619" lon="72.92523">
      </trkpt>
      <trkpt lat="23.3843057" lon="72.9257983">
      </trkpt>
      <trkpt lat="23.3839272" lon="72.9263696">
      </trkpt>
      <trkpt lat="23.3834623" lon="72.9268761">
      </trkpt>
      <trkpt lat="23.3828104" lon="72.9274719">
      </trkpt>
      <trkpt lat="23.3719358" lon="72.9376033">
      </trkpt>
      <trkpt lat="23.3616751" lon="72.9471775">
      </trkpt>
      <trkpt lat="23.3614982" lon="72.9473426">
      </trkpt>
      <trkpt lat="23.3608133" lon="72.9479259">
      </trkpt>
      <trkpt lat="23.36063" lon="72.948089">
      </trkpt>
      <trkpt lat="23.3604409" lon="72.9482441">
      </trkpt>
      <trkpt lat="23.3602465" lon="72.9483911">
      </trkpt>
      <trkpt lat="23.3600469" lon="72.9485297">
      </trkpt>
      <trkpt lat="23.3598425" lon="72.9486597">
      </trkpt>
      <trkpt lat="23.3596335" lon="72.9487809">
      </trkpt>
      <trkpt lat="23.3594204" lon="72.948893">
      </trkpt>
      <trkpt lat="23.3592034" lon="72.948996">
      </trkpt>
      <trkpt lat="23.3589829" lon="72.9490897">
      </trkpt>
      <trkpt lat="23.3587545" lon="72.9491756">
      </trkpt>
      <trkpt lat="23.3585231" lon="72.9492515">
      </trkpt>
      <trkpt lat="23.3582891" lon="72.9493173">
      </trkpt>
      <trkpt lat="23.3580528" lon="72.9493728">
      </trkpt>
      <trkpt lat="23.3578148" lon="72.949418">
      </trkpt>
      <trkpt lat="23.3575752" lon="72.9494528">
      </trkpt>
      <trkpt lat="23.3573346" lon="72.9494772">
      </trkpt>
      <trkpt lat="23.3570933" lon="72.9494911">
      </trkpt>
      <trkpt lat="23.3568516" lon="72.9494945">
      </trkpt>
      <trkpt lat="23.3566101" lon="72.9494873">
      </trkpt>
      <trkpt lat="23.3558459" lon="72.9493909">
      </trkpt>
      <trkpt lat="23.3556081" lon="72.9493431">
      </trkpt>
      <trkpt lat="23.3541753" lon="72.9489262">
      </trkpt>
      <trkpt lat="23.3536829" lon="72.9487633">
      </trkpt>
      <trkpt lat="23.3454796" lon="72.9460157">
      </trkpt>
      <trkpt lat="23.344648" lon="72.9457372">
      </trkpt>
      <trkpt lat="23.3426734" lon="72.9450758">
      </trkpt>
      <trkpt lat="23.3410424" lon="72.9445471">
      </trkpt>
      <trkpt lat="23.3305494" lon="72.9410244">
      </trkpt>
      <trkpt lat="23.3095928" lon="72.9339768">
      </trkpt>
      <trkpt lat="23.3061626" lon="72.9327976">
      </trkpt>
      <trkpt lat="23.303362" lon="72.9318595">
      </trkpt>
      <trkpt lat="23.2961502" lon="72.9294292">
      </trkpt>
      <trkpt lat="23.294568" lon="72.9288936">
      </trkpt>
      <trkpt lat="23.2937375" lon="72.9286044">
      </trkpt>
      <trkpt lat="23.2930463" lon="72.9282345">
      </trkpt>
      <trkpt lat="23.2925128" lon="72.9279075">
      </trkpt>
      <trkpt lat="23.2800778" lon="72.9186678">
      </trkpt>
      <trkpt lat="23.2742213" lon="72.9143164">
      </trkpt>
      <trkpt lat="23.2672895" lon="72.9091664">
      </trkpt>
      <trkpt lat="23.2636475" lon="72.9064464">
      </trkpt>
      <trkpt lat="23.2513305" lon="72.8969521">
      </trkpt>
      <trkpt lat="23.2511884" lon="72.8968447">
      </trkpt>
      <trkpt lat="23.2507525" lon="72.8965095">
      </trkpt>
      <trkpt lat="23.2453664" lon="72.8924303">
      </trkpt>
      <trkpt lat="23.2335273" lon="72.8833427">
      </trkpt>
      <trkpt lat="23.2326016" lon="72.8826157">
      </trkpt>
      <trkpt lat="23.2319944" lon="72.882068">
      </trkpt>
      <trkpt lat="23.2230183" lon="72.8733153">
      </trkpt>
      <trkpt lat="23.2213806" lon="72.8717427">
      </trkpt>
      <trkpt lat="23.210782" lon="72.8614663">
      </trkpt>
      <trkpt lat="23.2063981" lon="72.857242">
      </trkpt>
      <trkpt lat="23.2020213" lon="72.8530132">
      </trkpt>
      <trkpt lat="23.201908" lon="72.8528945">
      </trkpt>
      <trkpt lat="23.1983332" lon="72.8494319">
      </trkpt>
      <trkpt lat="23.1932724" lon="72.8445794">
      </trkpt>
      <trkpt lat="23.1870658" lon="72.8385909">
      </trkpt>
      <trkpt lat="23.1835278" lon="72.835082">
      </trkpt>
      <trkpt lat="23.1811272" lon="72.8325197">
      </trkpt>
      <trkpt lat="23.1785937" lon="72.8297304">
      </trkpt>
      <trkpt lat="23.176162" lon="72.8270734">
      </trkpt>
      <trkpt lat="23.1754941" lon="72.8261731">
      </trkpt>
      <trkpt lat="23.1753539" lon="72.8259608">
      </trkpt>
      <trkpt lat="23.17522" lon="72.8257439">
      </trkpt>
      <trkpt lat="23.1750923" lon="72.8255224">
      </trkpt>
      <trkpt lat="23.1749712" lon="72.8252967">
      </trkpt>
      <trkpt lat="23.1748566" lon="72.825067">
      </trkpt>
      <trkpt lat="23.1747488" lon="72.8248334">
      </trkpt>
      <trkpt lat="23.1746437" lon="72.8245863">
      </trkpt>
      <trkpt lat="23.1745461" lon="72.8243355">
      </trkpt>
      <trkpt lat="23.1744562" lon="72.8240814">
      </trkpt>
      <trkpt lat="23.1743739" lon="72.8238243">
      </trkpt>
      <trkpt lat="23.1742995" lon="72.8235643">
      </trkpt>
      <trkpt lat="23.174233" lon="72.8233018">
      </trkpt>
      <trkpt lat="23.1741744" lon="72.8230371">
      </trkpt>
      <trkpt lat="23.1741238" lon="72.8227704">
      </trkpt>
      <trkpt lat="23.1740813" lon="72.8225021">
      </trkpt>
      <trkpt lat="23.1739327" lon="72.8205416">
      </trkpt>
      <trkpt lat="23.1738822" lon="72.8197058">
      </trkpt>
      <trkpt lat="23.1736788" lon="72.816181">
      </trkpt>
      <trkpt lat="23.1734497" lon="72.8127322">
      </trkpt>
      <trkpt lat="23.1732984" lon="72.810354">
      </trkpt>
      <trkpt lat="23.1731839" lon="72.8085033">
      </trkpt>
      <trkpt lat="23.1729316" lon="72.8044845">
      </trkpt>
      <trkpt lat="23.1727809" lon="72.8021643">
      </trkpt>
      <trkpt lat="23.1727739" lon="72.8020606">
      </trkpt>
      <trkpt lat="23.1717065" lon="72.7853388">
      </trkpt>
      <trkpt lat="23.1716503" lon="72.7842719">
      </trkpt>
      <trkpt lat="23.1708023" lon="72.7712647">
      </trkpt>
      <trkpt lat="23.169713" lon="72.7539822">
      </trkpt>
      <trkpt lat="23.1696544" lon="72.7530845">
      </trkpt>
      <trkpt lat="23.1695544" lon="72.7514405">
      </trkpt>
      <trkpt lat="23.169543" lon="72.7512352">
      </trkpt>
      <trkpt lat="23.1695247" lon="72.7510304">
      </trkpt>
      <trkpt lat="23.1694997" lon="72.7508264">
      </trkpt>
      <trkpt lat="23.1694678" lon="72.7506236">
      </trkpt>
      <trkpt lat="23.1694449" lon="72.7504993">
      </trkpt>
      <trkpt lat="23.1694193" lon="72.7503755">
      </trkpt>
      <trkpt lat="23.169362" lon="72.7501298">
      </trkpt>
      <trkpt lat="23.1692958" lon="72.7498867">
      </trkpt>
      <trkpt lat="23.1692209" lon="72.7496465">
      </trkpt>
      <trkpt lat="23.1691374" lon="72.7494098">
      </trkpt>
      <trkpt lat="23.1690454" lon="72.7491768">
      </trkpt>
      <trkpt lat="23.1689451" lon="72.7489479">
      </trkpt>
      <trkpt lat="23.1688451" lon="72.74874">
      </trkpt>
      <trkpt lat="23.1686245" lon="72.7483367">
      </trkpt>
      <trkpt lat="23.1686031" lon="72.7483022">
      </trkpt>
      <trkpt lat="23.1685042" lon="72.7481419">
      </trkpt>
      <trkpt lat="23.1683776" lon="72.7479519">
      </trkpt>
      <trkpt lat="23.1682447" lon="72.7477671">
      </trkpt>
      <trkpt lat="23.1681057" lon="72.7475876">
      </trkpt>
      <trkpt lat="23.1672402" lon="72.746621">
      </trkpt>
      <trkpt lat="23.1669671" lon="72.7463175">
      </trkpt>
      <trkpt lat="23.1640166" lon="72.7431493">
      </trkpt>
      <trkpt lat="23.1605174" lon="72.7392934">
      </trkpt>
      <trkpt lat="23.1601865" lon="72.7389375">
      </trkpt>
      <trkpt lat="23.1592773" lon="72.7379497">
      </trkpt>
      <trkpt lat="23.158059" lon="72.7367165">
      </trkpt>
      <trkpt lat="23.1543586" lon="72.7327209">
      </trkpt>
      <trkpt lat="23.1526693" lon="72.7308649">
      </trkpt>
      <trkpt lat="23.1526205" lon="72.7308096">
      </trkpt>
      <trkpt lat="23.1485307" lon="72.726406">
      </trkpt>
      <trkpt lat="23.14345" lon="72.7208614">
      </trkpt>
      <trkpt lat="23.1434145" lon="72.7208241">
      </trkpt>
      <trkpt lat="23.1429667" lon="72.7203549">
      </trkpt>
      <trkpt lat="23.1378602" lon="72.7147845">
      </trkpt>
      <trkpt lat="23.1363644" lon="72.7131578">
      </trkpt>
      <trkpt lat="23.1363208" lon="72.7131104">
      </trkpt>
      <trkpt lat="23.1328957" lon="72.7093858">
      </trkpt>
      <trkpt lat="23.12726" lon="72.7032489">
      </trkpt>
      <trkpt lat="23.1249039" lon="72.7006941">
      </trkpt>
      <trkpt lat="23.1248605" lon="72.7006469">
      </trkpt>
      <trkpt lat="23.1215767" lon="72.6970862">
      </trkpt>
      <trkpt lat="23.1176569" lon="72.6928157">
      </trkpt>
      <trkpt lat="23.1176298" lon="72.6927861">
      </trkpt>
      <trkpt lat="23.1168649" lon="72.6918696">
      </trkpt>
      <trkpt lat="23.1166331" lon="72.6916387">
      </trkpt>
      <trkpt lat="23.1165725" lon="72.6915813">
      </trkpt>
      <trkpt lat="23.1129882" lon="72.6877564">
      </trkpt>
      <trkpt lat="23.112775" lon="72.6875161">
      </trkpt>
      <trkpt lat="23.1101383" lon="72.6846665">
      </trkpt>
      <trkpt lat="23.1096048" lon="72.6840671">
      </trkpt>
      <trkpt lat="23.1071916" lon="72.6814484">
      </trkpt>
      <trkpt lat="23.1067071" lon="72.6809227">
      </trkpt>
      <trkpt lat="23.104478" lon="72.6785039">
      </trkpt>
      <trkpt lat="23.0986775" lon="72.6721347">
      </trkpt>
      <trkpt lat="23.0970332" lon="72.6704615">
      </trkpt>
      <trkpt lat="23.0924066" lon="72.6653975">
      </trkpt>
      <trkpt lat="23.0895505" lon="72.6622288">
      </trkpt>
      <trkpt lat="23.0886708" lon="72.661302">
      </trkpt>
      <trkpt lat="23.0881534" lon="72.6607521">
      </trkpt>
      <trkpt lat="23.0877661" lon="72.660325">
      </trkpt>
      <trkpt lat="23.0841199" lon="72.6563235">
      </trkpt>
      <trkpt lat="23.0817257" lon="72.6537489">
      </trkpt>
      <trkpt lat="23.0807848" lon="72.6527216">
      </trkpt>
      <trkpt lat="23.0759317" lon="72.6474583">
      </trkpt>
      <trkpt lat="23.0722562" lon="72.6435021">
      </trkpt>
      <trkpt lat="23.0715285" lon="72.642662">
      </trkpt>
      <trkpt lat="23.0708431" lon="72.6419043">
      </trkpt>
      <trkpt lat="23.0675481" lon="72.6383601">
      </trkpt>
      <trkpt lat="23.0674254" lon="72.638225">
      </trkpt>
      <trkpt lat="23.0634397" lon="72.6338789">
      </trkpt>
      <trkpt lat="23.0573193" lon="72.627227">
      </trkpt>
      <trkpt lat="23.054958" lon="72.6246349">
      </trkpt>
      <trkpt lat="23.0502973" lon="72.6196803">
      </trkpt>
      <trkpt lat="23.0501377" lon="72.6195057">
      </trkpt>
      <trkpt lat="23.0495574" lon="72.6188758">
      </trkpt>
      <trkpt lat="23.0491969" lon="72.6184823">
      </trkpt>
      <trkpt lat="23.0490057" lon="72.6182596">
      </trkpt>
      <trkpt lat="23.0487447" lon="72.617927">
      </trkpt>
      <trkpt lat="23.0486262" lon="72.6177859">
      </trkpt>
      <trkpt lat="23.0426922" lon="72.6113358">
      </trkpt>
      <trkpt lat="23.0422649" lon="72.6108645">
      </trkpt>
      <trkpt lat="23.0421264" lon="72.6106891">
      </trkpt>
      <trkpt lat="23.0420733" lon="72.6106154">
      </trkpt>
      <trkpt lat="23.0416411" lon="72.6099531">
      </trkpt>
      <trkpt lat="23.0415113" lon="72.6097116">
      </trkpt>
      <trkpt lat="23.0413489" lon="72.6094124">
      </trkpt>
      <trkpt lat="23.0412304" lon="72.6091602">
      </trkpt>
      <trkpt lat="23.0411099" lon="72.6088886">
      </trkpt>
      <trkpt lat="23.0394437" lon="72.6048214">
      </trkpt>
      <trkpt lat="23.0392951" lon="72.6044458">
      </trkpt>
      <trkpt lat="23.0388348" lon="72.6032989">
      </trkpt>
      <trkpt lat="23.0387446" lon="72.6030988">
      </trkpt>
      <trkpt lat="23.0386395" lon="72.6029036">
      </trkpt>
      <trkpt lat="23.0385278" lon="72.6027365">
      </trkpt>
      <trkpt lat="23.038395" lon="72.602568">
      </trkpt>
      <trkpt lat="23.0382605" lon="72.6024165">
      </trkpt>
      <trkpt lat="23.0381444" lon="72.6023016">
      </trkpt>
      <trkpt lat="23.0380302" lon="72.6021862">
      </trkpt>
      <trkpt lat="23.0379098" lon="72.6020786">
      </trkpt>
      <trkpt lat="23.0377834" lon="72.6019793">
      </trkpt>
      <trkpt lat="23.0376517" lon="72.6018886">
      </trkpt>
      <trkpt lat="23.0375151" lon="72.6018069">
      </trkpt>
      <trkpt lat="23.0373742" lon="72.6017345">
      </trkpt>
      <trkpt lat="23.0372294" lon="72.6016717">
      </trkpt>
      <trkpt lat="23.0370813" lon="72.6016186">
      </trkpt>
      <trkpt lat="23.0369327" lon="72.6015761">
      </trkpt>
      <trkpt lat="23.036782" lon="72.6015435">
      </trkpt>
      <trkpt lat="23.0366297" lon="72.6015208">
      </trkpt>
      <trkpt lat="23.0364765" lon="72.6015082">
      </trkpt>
      <trkpt lat="23.0359646" lon="72.6014744">
      </trkpt>
      <trkpt lat="23.0356015" lon="72.6014556">
      </trkpt>
      <trkpt lat="23.0345597" lon="72.6016389">
      </trkpt>
      <trkpt lat="23.0341559" lon="72.6016842">
      </trkpt>
      <trkpt lat="23.0329764" lon="72.6017386">
      </trkpt>
      <trkpt lat="23.0326604" lon="72.6017761">
      </trkpt>
      <trkpt lat="23.0323988" lon="72.6018244">
      </trkpt>
      <trkpt lat="23.0322136" lon="72.6018727">
      </trkpt>
      <trkpt lat="23.0313843" lon="72.6020551">
      </trkpt>
      <trkpt lat="23.0310494" lon="72.6021396">
      </trkpt>
      <trkpt lat="23.0308603" lon="72.6021738">
      </trkpt>
      <trkpt lat="23.0306857" lon="72.6021901">
      </trkpt>
      <trkpt lat="23.0301516" lon="72.6021921">
      </trkpt>
    </trkseg>
  </trk>
</gpx>