<?xml version="1.0" encoding="UTF-8"?>
<gpx xmlns="http://www.topografix.com/GPX/1/1" xmlns:xsi="http://www.w3.org/2001/XMLSchema-instance" xsi:schemaLocation="http://www.topografix.com/GPX/1/1 http://www.topografix.com/GPX/1/1/gpx.xsd" version="1.1" creator="gpx.py -- https://github.com/tkrajina/gpxpy">
  <wpt lat="25.3285936" lon="82.9876051">
    <name>Varanasi Junction</name>
  </wpt>
  <wpt lat="26.8304683" lon="80.9244587">
    <name>Lucknow Charbagh</name>
  </wpt>
  <wpt lat="28.338125" lon="79.4105221">
    <name>Bareilly Junction</name>
  </wpt>
  <wpt lat="28.8311397" lon="78.766245">
    <name>Moradabad Junction</name>
  </wpt>
  <wpt lat="28.6542994" lon="77.4267515">
    <name>Ghaziabad Junction</name>
  </wpt>
  <wpt lat="28.644311" lon="77.2205244">
    <name>New Delhi</name>
  </wpt>
  <trk>
    <name>Varanasi - Delhi (Vies regionals)</name>
    <trkseg>
      <trkpt lat="25.3285936" lon="82.9876051">
      </trkpt>
      <trkpt lat="25.3288496" lon="82.9881632">
      </trkpt>
      <trkpt lat="25.3289321" lon="82.9883587">
      </trkpt>
      <trkpt lat="25.3289786" lon="82.9884803">
      </trkpt>
      <trkpt lat="25.329059" lon="82.9886661">
      </trkpt>
      <trkpt lat="25.3275747" lon="82.9860097">
      </trkpt>
      <trkpt lat="25.3267261" lon="82.9845095">
      </trkpt>
      <trkpt lat="25.3264448" lon="82.9840125">
      </trkpt>
      <trkpt lat="25.3255194" lon="82.9823731">
      </trkpt>
      <trkpt lat="25.3253824" lon="82.9821125">
      </trkpt>
      <trkpt lat="25.3246237" lon="82.9807545">
      </trkpt>
      <trkpt lat="25.3244177" lon="82.9803056">
      </trkpt>
      <trkpt lat="25.3243095" lon="82.9799422">
      </trkpt>
      <trkpt lat="25.324235" lon="82.9796939">
      </trkpt>
      <trkpt lat="25.324139" lon="82.9791698">
      </trkpt>
      <trkpt lat="25.3240965" lon="82.9787698">
      </trkpt>
      <trkpt lat="25.3240865" lon="82.9785019">
      </trkpt>
      <trkpt lat="25.3240799" lon="82.9781093">
      </trkpt>
      <trkpt lat="25.3241015" lon="82.9777764">
      </trkpt>
      <trkpt lat="25.3241443" lon="82.9773166">
      </trkpt>
      <trkpt lat="25.3242179" lon="82.9768317">
      </trkpt>
      <trkpt lat="25.324961" lon="82.9733126">
      </trkpt>
      <trkpt lat="25.3250692" lon="82.972845">
      </trkpt>
      <trkpt lat="25.3252678" lon="82.9721509">
      </trkpt>
      <trkpt lat="25.3253749" lon="82.9718298">
      </trkpt>
      <trkpt lat="25.3254625" lon="82.9716252">
      </trkpt>
      <trkpt lat="25.3256279" lon="82.971244">
      </trkpt>
      <trkpt lat="25.3258006" lon="82.9707684">
      </trkpt>
      <trkpt lat="25.3259285" lon="82.9704734">
      </trkpt>
      <trkpt lat="25.3263043" lon="82.9696598">
      </trkpt>
      <trkpt lat="25.3269321" lon="82.9685486">
      </trkpt>
      <trkpt lat="25.3271353" lon="82.9682307">
      </trkpt>
      <trkpt lat="25.3273988" lon="82.9678228">
      </trkpt>
      <trkpt lat="25.3276104" lon="82.9675068">
      </trkpt>
      <trkpt lat="25.3278227" lon="82.9672323">
      </trkpt>
      <trkpt lat="25.3283809" lon="82.9665775">
      </trkpt>
      <trkpt lat="25.3288444" lon="82.9660771">
      </trkpt>
      <trkpt lat="25.3292744" lon="82.9656363">
      </trkpt>
      <trkpt lat="25.3298465" lon="82.9651242">
      </trkpt>
      <trkpt lat="25.3303025" lon="82.9647453">
      </trkpt>
      <trkpt lat="25.3308153" lon="82.9643785">
      </trkpt>
      <trkpt lat="25.3314929" lon="82.9639">
      </trkpt>
      <trkpt lat="25.332068" lon="82.9635088">
      </trkpt>
      <trkpt lat="25.3328912" lon="82.9629528">
      </trkpt>
      <trkpt lat="25.3350058" lon="82.9615321">
      </trkpt>
      <trkpt lat="25.3355438" lon="82.9611563">
      </trkpt>
      <trkpt lat="25.3371796" lon="82.9600608">
      </trkpt>
      <trkpt lat="25.3381022" lon="82.9594312">
      </trkpt>
      <trkpt lat="25.3387651" lon="82.9589403">
      </trkpt>
      <trkpt lat="25.3405968" lon="82.9577238">
      </trkpt>
      <trkpt lat="25.3427404" lon="82.95626">
      </trkpt>
      <trkpt lat="25.3449333" lon="82.954765">
      </trkpt>
      <trkpt lat="25.3477524" lon="82.9528552">
      </trkpt>
      <trkpt lat="25.3494865" lon="82.9516691">
      </trkpt>
      <trkpt lat="25.3501151" lon="82.9512392">
      </trkpt>
      <trkpt lat="25.3512617" lon="82.950459">
      </trkpt>
      <trkpt lat="25.3554464" lon="82.9475371">
      </trkpt>
      <trkpt lat="25.3586149" lon="82.9454016">
      </trkpt>
      <trkpt lat="25.3589112" lon="82.9451998">
      </trkpt>
      <trkpt lat="25.359133" lon="82.9450487">
      </trkpt>
      <trkpt lat="25.3616525" lon="82.9433857">
      </trkpt>
      <trkpt lat="25.3646887" lon="82.9413137">
      </trkpt>
      <trkpt lat="25.3703717" lon="82.9374275">
      </trkpt>
      <trkpt lat="25.3710361" lon="82.9369926">
      </trkpt>
      <trkpt lat="25.3802311" lon="82.9307364">
      </trkpt>
      <trkpt lat="25.3820693" lon="82.9294901">
      </trkpt>
      <trkpt lat="25.3871047" lon="82.9260725">
      </trkpt>
      <trkpt lat="25.3909642" lon="82.9234529">
      </trkpt>
      <trkpt lat="25.3922947" lon="82.9225437">
      </trkpt>
      <trkpt lat="25.3989805" lon="82.9179688">
      </trkpt>
      <trkpt lat="25.4037229" lon="82.9147552">
      </trkpt>
      <trkpt lat="25.4061992" lon="82.913074">
      </trkpt>
      <trkpt lat="25.4087286" lon="82.9113467">
      </trkpt>
      <trkpt lat="25.4097475" lon="82.9106538">
      </trkpt>
      <trkpt lat="25.4200087" lon="82.9036707">
      </trkpt>
      <trkpt lat="25.4233781" lon="82.9014239">
      </trkpt>
      <trkpt lat="25.4300662" lon="82.8968375">
      </trkpt>
      <trkpt lat="25.4352258" lon="82.8933142">
      </trkpt>
      <trkpt lat="25.4376395" lon="82.8916606">
      </trkpt>
      <trkpt lat="25.4378006" lon="82.8915507">
      </trkpt>
      <trkpt lat="25.4378343" lon="82.8915331">
      </trkpt>
      <trkpt lat="25.4412134" lon="82.8892493">
      </trkpt>
      <trkpt lat="25.4434862" lon="82.8877153">
      </trkpt>
      <trkpt lat="25.4476785" lon="82.8848297">
      </trkpt>
      <trkpt lat="25.4503553" lon="82.8829636">
      </trkpt>
      <trkpt lat="25.4504728" lon="82.8828831">
      </trkpt>
      <trkpt lat="25.4568675" lon="82.8785314">
      </trkpt>
      <trkpt lat="25.4602557" lon="82.8762554">
      </trkpt>
      <trkpt lat="25.4664225" lon="82.8720644">
      </trkpt>
      <trkpt lat="25.4694204" lon="82.8700353">
      </trkpt>
      <trkpt lat="25.4718419" lon="82.868375">
      </trkpt>
      <trkpt lat="25.4779003" lon="82.8642619">
      </trkpt>
      <trkpt lat="25.4816286" lon="82.8617211">
      </trkpt>
      <trkpt lat="25.4936226" lon="82.8535416">
      </trkpt>
      <trkpt lat="25.496656" lon="82.8514583">
      </trkpt>
      <trkpt lat="25.5013154" lon="82.8482764">
      </trkpt>
      <trkpt lat="25.5072921" lon="82.844203">
      </trkpt>
      <trkpt lat="25.5076199" lon="82.8439784">
      </trkpt>
      <trkpt lat="25.5076855" lon="82.8439334">
      </trkpt>
      <trkpt lat="25.5149887" lon="82.8389606">
      </trkpt>
      <trkpt lat="25.5161294" lon="82.8381792">
      </trkpt>
      <trkpt lat="25.5193499" lon="82.835973">
      </trkpt>
      <trkpt lat="25.5286883" lon="82.8295756">
      </trkpt>
      <trkpt lat="25.539761" lon="82.822077">
      </trkpt>
      <trkpt lat="25.5446377" lon="82.8187743">
      </trkpt>
      <trkpt lat="25.5591766" lon="82.8088642">
      </trkpt>
      <trkpt lat="25.5687653" lon="82.8023069">
      </trkpt>
      <trkpt lat="25.5698032" lon="82.8016189">
      </trkpt>
      <trkpt lat="25.5724211" lon="82.7997775">
      </trkpt>
      <trkpt lat="25.5725325" lon="82.7997049">
      </trkpt>
      <trkpt lat="25.5725617" lon="82.7996859">
      </trkpt>
      <trkpt lat="25.5774313" lon="82.7963613">
      </trkpt>
      <trkpt lat="25.5910244" lon="82.7870579">
      </trkpt>
      <trkpt lat="25.6156304" lon="82.7702152">
      </trkpt>
      <trkpt lat="25.6197208" lon="82.7674947">
      </trkpt>
      <trkpt lat="25.6197836" lon="82.7674529">
      </trkpt>
      <trkpt lat="25.6202286" lon="82.7671458">
      </trkpt>
      <trkpt lat="25.622219" lon="82.765806">
      </trkpt>
      <trkpt lat="25.6244294" lon="82.7643013">
      </trkpt>
      <trkpt lat="25.6271646" lon="82.7624535">
      </trkpt>
      <trkpt lat="25.6272279" lon="82.762411">
      </trkpt>
      <trkpt lat="25.6292081" lon="82.7610732">
      </trkpt>
      <trkpt lat="25.6320071" lon="82.759187">
      </trkpt>
      <trkpt lat="25.6357761" lon="82.756539">
      </trkpt>
      <trkpt lat="25.6395617" lon="82.7539735">
      </trkpt>
      <trkpt lat="25.6403185" lon="82.7534437">
      </trkpt>
      <trkpt lat="25.6408711" lon="82.7530628">
      </trkpt>
      <trkpt lat="25.6486703" lon="82.7477413">
      </trkpt>
      <trkpt lat="25.656824" lon="82.742172">
      </trkpt>
      <trkpt lat="25.6685833" lon="82.7341554">
      </trkpt>
      <trkpt lat="25.6755872" lon="82.7293803">
      </trkpt>
      <trkpt lat="25.6764188" lon="82.7288117">
      </trkpt>
      <trkpt lat="25.6773296" lon="82.7282537">
      </trkpt>
      <trkpt lat="25.6780673" lon="82.7278287">
      </trkpt>
      <trkpt lat="25.6788989" lon="82.7274182">
      </trkpt>
      <trkpt lat="25.6798393" lon="82.7270092">
      </trkpt>
      <trkpt lat="25.6806321" lon="82.7267075">
      </trkpt>
      <trkpt lat="25.6813621" lon="82.7264392">
      </trkpt>
      <trkpt lat="25.6823121" lon="82.7261361">
      </trkpt>
      <trkpt lat="25.6863702" lon="82.7249617">
      </trkpt>
      <trkpt lat="25.6864171" lon="82.7249489">
      </trkpt>
      <trkpt lat="25.6959155" lon="82.7221879">
      </trkpt>
      <trkpt lat="25.7005012" lon="82.720862">
      </trkpt>
      <trkpt lat="25.7042352" lon="82.7197818">
      </trkpt>
      <trkpt lat="25.7045353" lon="82.719672">
      </trkpt>
      <trkpt lat="25.7049148" lon="82.7195406">
      </trkpt>
      <trkpt lat="25.7051891" lon="82.7194534">
      </trkpt>
      <trkpt lat="25.706186" lon="82.7191584">
      </trkpt>
      <trkpt lat="25.7144135" lon="82.7167752">
      </trkpt>
      <trkpt lat="25.7145909" lon="82.7167176">
      </trkpt>
      <trkpt lat="25.7153342" lon="82.716499">
      </trkpt>
      <trkpt lat="25.7164302" lon="82.7161801">
      </trkpt>
      <trkpt lat="25.7165788" lon="82.7161369">
      </trkpt>
      <trkpt lat="25.7169437" lon="82.7160001">
      </trkpt>
      <trkpt lat="25.7172506" lon="82.7158552">
      </trkpt>
      <trkpt lat="25.7175671" lon="82.7156675">
      </trkpt>
      <trkpt lat="25.7178088" lon="82.7154985">
      </trkpt>
      <trkpt lat="25.717866" lon="82.715453">
      </trkpt>
      <trkpt lat="25.7179368" lon="82.7153966">
      </trkpt>
      <trkpt lat="25.7182655" lon="82.7150828">
      </trkpt>
      <trkpt lat="25.7186231" lon="82.7146885">
      </trkpt>
      <trkpt lat="25.7191934" lon="82.7139884">
      </trkpt>
      <trkpt lat="25.7195873" lon="82.7134815">
      </trkpt>
      <trkpt lat="25.7198676" lon="82.7130684">
      </trkpt>
      <trkpt lat="25.7200779" lon="82.7127197">
      </trkpt>
      <trkpt lat="25.7203002" lon="82.7122852">
      </trkpt>
      <trkpt lat="25.7204862" lon="82.7118883">
      </trkpt>
      <trkpt lat="25.7206892" lon="82.7113894">
      </trkpt>
      <trkpt lat="25.7208898" lon="82.7107805">
      </trkpt>
      <trkpt lat="25.7210251" lon="82.7102387">
      </trkpt>
      <trkpt lat="25.7213115" lon="82.7088104">
      </trkpt>
      <trkpt lat="25.7221975" lon="82.7042711">
      </trkpt>
      <trkpt lat="25.7233621" lon="82.6986309">
      </trkpt>
      <trkpt lat="25.7240212" lon="82.6950097">
      </trkpt>
      <trkpt lat="25.7245843" lon="82.6925109">
      </trkpt>
      <trkpt lat="25.7250514" lon="82.6901725">
      </trkpt>
      <trkpt lat="25.7251098" lon="82.6898804">
      </trkpt>
      <trkpt lat="25.7254121" lon="82.6883613">
      </trkpt>
      <trkpt lat="25.7257118" lon="82.686804">
      </trkpt>
      <trkpt lat="25.7259956" lon="82.685367">
      </trkpt>
      <trkpt lat="25.7262252" lon="82.6842415">
      </trkpt>
      <trkpt lat="25.7264064" lon="82.6833603">
      </trkpt>
      <trkpt lat="25.7266333" lon="82.682585">
      </trkpt>
      <trkpt lat="25.7269107" lon="82.6817639">
      </trkpt>
      <trkpt lat="25.7271632" lon="82.6810864">
      </trkpt>
      <trkpt lat="25.727286" lon="82.6807934">
      </trkpt>
      <trkpt lat="25.727508" lon="82.6802861">
      </trkpt>
      <trkpt lat="25.7279855" lon="82.6792346">
      </trkpt>
      <trkpt lat="25.7287508" lon="82.6776399">
      </trkpt>
      <trkpt lat="25.7288542" lon="82.6774159">
      </trkpt>
      <trkpt lat="25.72891" lon="82.677295">
      </trkpt>
      <trkpt lat="25.7289483" lon="82.6772119">
      </trkpt>
      <trkpt lat="25.7293405" lon="82.6763623">
      </trkpt>
      <trkpt lat="25.7310209" lon="82.6727791">
      </trkpt>
      <trkpt lat="25.7313512" lon="82.6720912">
      </trkpt>
      <trkpt lat="25.7315564" lon="82.671634">
      </trkpt>
      <trkpt lat="25.7319401" lon="82.6708134">
      </trkpt>
      <trkpt lat="25.7343436" lon="82.6656589">
      </trkpt>
      <trkpt lat="25.7350545" lon="82.6641598">
      </trkpt>
      <trkpt lat="25.735342" lon="82.6635493">
      </trkpt>
      <trkpt lat="25.7363681" lon="82.6613707">
      </trkpt>
      <trkpt lat="25.7371173" lon="82.6597603">
      </trkpt>
      <trkpt lat="25.7375145" lon="82.6589013">
      </trkpt>
      <trkpt lat="25.7380674" lon="82.6577287">
      </trkpt>
      <trkpt lat="25.7392766" lon="82.6551469">
      </trkpt>
      <trkpt lat="25.7403574" lon="82.6528462">
      </trkpt>
      <trkpt lat="25.7407753" lon="82.6519468">
      </trkpt>
      <trkpt lat="25.7408126" lon="82.6518667">
      </trkpt>
      <trkpt lat="25.7414309" lon="82.6505359">
      </trkpt>
      <trkpt lat="25.7428892" lon="82.6474265">
      </trkpt>
      <trkpt lat="25.7441263" lon="82.6447806">
      </trkpt>
      <trkpt lat="25.7454485" lon="82.6419424">
      </trkpt>
      <trkpt lat="25.7467054" lon="82.6392555">
      </trkpt>
      <trkpt lat="25.7486574" lon="82.6350787">
      </trkpt>
      <trkpt lat="25.7505116" lon="82.6311007">
      </trkpt>
      <trkpt lat="25.7510883" lon="82.6298926">
      </trkpt>
      <trkpt lat="25.7517584" lon="82.6284889">
      </trkpt>
      <trkpt lat="25.7529048" lon="82.6260313">
      </trkpt>
      <trkpt lat="25.7539109" lon="82.623863">
      </trkpt>
      <trkpt lat="25.7557755" lon="82.6198533">
      </trkpt>
      <trkpt lat="25.7564753" lon="82.6183621">
      </trkpt>
      <trkpt lat="25.7572196" lon="82.6167758">
      </trkpt>
      <trkpt lat="25.7592169" lon="82.6125397">
      </trkpt>
      <trkpt lat="25.7613813" lon="82.6078671">
      </trkpt>
      <trkpt lat="25.7636196" lon="82.6031124">
      </trkpt>
      <trkpt lat="25.7657049" lon="82.5986441">
      </trkpt>
      <trkpt lat="25.7661687" lon="82.5976503">
      </trkpt>
      <trkpt lat="25.7670357" lon="82.5957924">
      </trkpt>
      <trkpt lat="25.7686384" lon="82.5923409">
      </trkpt>
      <trkpt lat="25.7696759" lon="82.5901199">
      </trkpt>
      <trkpt lat="25.7698241" lon="82.5898026">
      </trkpt>
      <trkpt lat="25.7702471" lon="82.5890335">
      </trkpt>
      <trkpt lat="25.7707533" lon="82.5881915">
      </trkpt>
      <trkpt lat="25.7713166" lon="82.5873811">
      </trkpt>
      <trkpt lat="25.7721209" lon="82.5863565">
      </trkpt>
      <trkpt lat="25.772763" lon="82.5855777">
      </trkpt>
      <trkpt lat="25.7738369" lon="82.5842538">
      </trkpt>
      <trkpt lat="25.7758849" lon="82.5817612">
      </trkpt>
      <trkpt lat="25.7820959" lon="82.5741446">
      </trkpt>
      <trkpt lat="25.7822826" lon="82.573916">
      </trkpt>
      <trkpt lat="25.7826418" lon="82.5734762">
      </trkpt>
      <trkpt lat="25.7833284" lon="82.5726322">
      </trkpt>
      <trkpt lat="25.7860239" lon="82.5693348">
      </trkpt>
      <trkpt lat="25.7885007" lon="82.5663018">
      </trkpt>
      <trkpt lat="25.7887456" lon="82.5660019">
      </trkpt>
      <trkpt lat="25.7894535" lon="82.565135">
      </trkpt>
      <trkpt lat="25.7899061" lon="82.5645812">
      </trkpt>
      <trkpt lat="25.7905171" lon="82.5638335">
      </trkpt>
      <trkpt lat="25.7906561" lon="82.5636631">
      </trkpt>
      <trkpt lat="25.7948809" lon="82.5584845">
      </trkpt>
      <trkpt lat="25.796656" lon="82.5562939">
      </trkpt>
      <trkpt lat="25.7975308" lon="82.5552143">
      </trkpt>
      <trkpt lat="25.7989498" lon="82.553479">
      </trkpt>
      <trkpt lat="25.7996358" lon="82.552644">
      </trkpt>
      <trkpt lat="25.7999214" lon="82.5522944">
      </trkpt>
      <trkpt lat="25.8033752" lon="82.5480673">
      </trkpt>
      <trkpt lat="25.8035262" lon="82.5478825">
      </trkpt>
      <trkpt lat="25.8037813" lon="82.5475718">
      </trkpt>
      <trkpt lat="25.8052693" lon="82.5457597">
      </trkpt>
      <trkpt lat="25.8057066" lon="82.545227">
      </trkpt>
      <trkpt lat="25.8060116" lon="82.5448556">
      </trkpt>
      <trkpt lat="25.8074891" lon="82.5430503">
      </trkpt>
      <trkpt lat="25.807689" lon="82.5428061">
      </trkpt>
      <trkpt lat="25.8085585" lon="82.5417337">
      </trkpt>
      <trkpt lat="25.8095615" lon="82.5405014">
      </trkpt>
      <trkpt lat="25.8108644" lon="82.5389005">
      </trkpt>
      <trkpt lat="25.8111455" lon="82.5385568">
      </trkpt>
      <trkpt lat="25.8124602" lon="82.5369495">
      </trkpt>
      <trkpt lat="25.812867" lon="82.5364521">
      </trkpt>
      <trkpt lat="25.8131785" lon="82.5360713">
      </trkpt>
      <trkpt lat="25.8163564" lon="82.53217">
      </trkpt>
      <trkpt lat="25.8165277" lon="82.5319597">
      </trkpt>
      <trkpt lat="25.8183394" lon="82.5297411">
      </trkpt>
      <trkpt lat="25.818921" lon="82.5290229">
      </trkpt>
      <trkpt lat="25.8198113" lon="82.5279235">
      </trkpt>
      <trkpt lat="25.8207227" lon="82.5267248">
      </trkpt>
      <trkpt lat="25.8224966" lon="82.5242407">
      </trkpt>
      <trkpt lat="25.8236658" lon="82.5226286">
      </trkpt>
      <trkpt lat="25.8246434" lon="82.5212807">
      </trkpt>
      <trkpt lat="25.8267655" lon="82.5183269">
      </trkpt>
      <trkpt lat="25.8283474" lon="82.5161664">
      </trkpt>
      <trkpt lat="25.82861" lon="82.5158077">
      </trkpt>
      <trkpt lat="25.8292743" lon="82.5148855">
      </trkpt>
      <trkpt lat="25.8332741" lon="82.5093329">
      </trkpt>
      <trkpt lat="25.83432" lon="82.5078809">
      </trkpt>
      <trkpt lat="25.8353604" lon="82.5064367">
      </trkpt>
      <trkpt lat="25.8354474" lon="82.5063162">
      </trkpt>
      <trkpt lat="25.8373282" lon="82.5037061">
      </trkpt>
      <trkpt lat="25.8379352" lon="82.5028686">
      </trkpt>
      <trkpt lat="25.83985" lon="82.5002019">
      </trkpt>
      <trkpt lat="25.8406445" lon="82.4990955">
      </trkpt>
      <trkpt lat="25.8436165" lon="82.4950072">
      </trkpt>
      <trkpt lat="25.844026" lon="82.4944408">
      </trkpt>
      <trkpt lat="25.8440946" lon="82.4943538">
      </trkpt>
      <trkpt lat="25.8441193" lon="82.4943177">
      </trkpt>
      <trkpt lat="25.8460831" lon="82.4915736">
      </trkpt>
      <trkpt lat="25.8505739" lon="82.4853532">
      </trkpt>
      <trkpt lat="25.8513976" lon="82.4843073">
      </trkpt>
      <trkpt lat="25.8517857" lon="82.4837591">
      </trkpt>
      <trkpt lat="25.851817" lon="82.4837149">
      </trkpt>
      <trkpt lat="25.8524682" lon="82.482795">
      </trkpt>
      <trkpt lat="25.8533428" lon="82.4814963">
      </trkpt>
      <trkpt lat="25.8551616" lon="82.4790026">
      </trkpt>
      <trkpt lat="25.8556881" lon="82.4782626">
      </trkpt>
      <trkpt lat="25.857436" lon="82.4758509">
      </trkpt>
      <trkpt lat="25.8582793" lon="82.474777">
      </trkpt>
      <trkpt lat="25.8590398" lon="82.4738036">
      </trkpt>
      <trkpt lat="25.8596285" lon="82.4730056">
      </trkpt>
      <trkpt lat="25.8597009" lon="82.4729074">
      </trkpt>
      <trkpt lat="25.8598731" lon="82.472674">
      </trkpt>
      <trkpt lat="25.8605583" lon="82.4716894">
      </trkpt>
      <trkpt lat="25.8610502" lon="82.4709559">
      </trkpt>
      <trkpt lat="25.8615447" lon="82.4701777">
      </trkpt>
      <trkpt lat="25.8617235" lon="82.469885">
      </trkpt>
      <trkpt lat="25.864318" lon="82.4662834">
      </trkpt>
      <trkpt lat="25.8665673" lon="82.4631702">
      </trkpt>
      <trkpt lat="25.8676123" lon="82.4617836">
      </trkpt>
      <trkpt lat="25.8682444" lon="82.4610346">
      </trkpt>
      <trkpt lat="25.8688452" lon="82.4603228">
      </trkpt>
      <trkpt lat="25.8696043" lon="82.4594826">
      </trkpt>
      <trkpt lat="25.8709188" lon="82.4581996">
      </trkpt>
      <trkpt lat="25.8723336" lon="82.4569409">
      </trkpt>
      <trkpt lat="25.8742724" lon="82.4554471">
      </trkpt>
      <trkpt lat="25.8758038" lon="82.4543913">
      </trkpt>
      <trkpt lat="25.8794952" lon="82.4518448">
      </trkpt>
      <trkpt lat="25.8835934" lon="82.4490253">
      </trkpt>
      <trkpt lat="25.8861981" lon="82.4472332">
      </trkpt>
      <trkpt lat="25.8865291" lon="82.4470055">
      </trkpt>
      <trkpt lat="25.887056" lon="82.446643">
      </trkpt>
      <trkpt lat="25.8876675" lon="82.4462103">
      </trkpt>
      <trkpt lat="25.888003" lon="82.4459719">
      </trkpt>
      <trkpt lat="25.8901007" lon="82.4444747">
      </trkpt>
      <trkpt lat="25.8933833" lon="82.4421988">
      </trkpt>
      <trkpt lat="25.8939563" lon="82.4418016">
      </trkpt>
      <trkpt lat="25.8987615" lon="82.4385086">
      </trkpt>
      <trkpt lat="25.902244" lon="82.4360943">
      </trkpt>
      <trkpt lat="25.9053771" lon="82.4339986">
      </trkpt>
      <trkpt lat="25.9101741" lon="82.4306409">
      </trkpt>
      <trkpt lat="25.9113408" lon="82.4298476">
      </trkpt>
      <trkpt lat="25.9123187" lon="82.4291612">
      </trkpt>
      <trkpt lat="25.9123737" lon="82.4291231">
      </trkpt>
      <trkpt lat="25.9145233" lon="82.4276375">
      </trkpt>
      <trkpt lat="25.9168605" lon="82.4260238">
      </trkpt>
      <trkpt lat="25.9197282" lon="82.4240398">
      </trkpt>
      <trkpt lat="25.920196" lon="82.4237161">
      </trkpt>
      <trkpt lat="25.9207458" lon="82.4233357">
      </trkpt>
      <trkpt lat="25.922423" lon="82.422184">
      </trkpt>
      <trkpt lat="25.9249641" lon="82.4204408">
      </trkpt>
      <trkpt lat="25.9268405" lon="82.4191382">
      </trkpt>
      <trkpt lat="25.9283932" lon="82.4180616">
      </trkpt>
      <trkpt lat="25.9296524" lon="82.4172025">
      </trkpt>
      <trkpt lat="25.9321031" lon="82.4155039">
      </trkpt>
      <trkpt lat="25.9322712" lon="82.4153886">
      </trkpt>
      <trkpt lat="25.9334777" lon="82.4145612">
      </trkpt>
      <trkpt lat="25.9358254" lon="82.4129407">
      </trkpt>
      <trkpt lat="25.9370519" lon="82.4120928">
      </trkpt>
      <trkpt lat="25.9393294" lon="82.4105253">
      </trkpt>
      <trkpt lat="25.9419053" lon="82.4087486">
      </trkpt>
      <trkpt lat="25.9441679" lon="82.4071865">
      </trkpt>
      <trkpt lat="25.9443657" lon="82.40705">
      </trkpt>
      <trkpt lat="25.9449096" lon="82.4066749">
      </trkpt>
      <trkpt lat="25.9514563" lon="82.4021599">
      </trkpt>
      <trkpt lat="25.9518705" lon="82.4018743">
      </trkpt>
      <trkpt lat="25.9521936" lon="82.4016514">
      </trkpt>
      <trkpt lat="25.9543551" lon="82.4001567">
      </trkpt>
      <trkpt lat="25.9564621" lon="82.3987002">
      </trkpt>
      <trkpt lat="25.9565349" lon="82.3986499">
      </trkpt>
      <trkpt lat="25.9567833" lon="82.3984782">
      </trkpt>
      <trkpt lat="25.9581982" lon="82.397464">
      </trkpt>
      <trkpt lat="25.9592962" lon="82.3966341">
      </trkpt>
      <trkpt lat="25.9595919" lon="82.3963605">
      </trkpt>
      <trkpt lat="25.9600046" lon="82.3959787">
      </trkpt>
      <trkpt lat="25.9606942" lon="82.395365">
      </trkpt>
      <trkpt lat="25.9620318" lon="82.3940574">
      </trkpt>
      <trkpt lat="25.9640811" lon="82.3919588">
      </trkpt>
      <trkpt lat="25.9655586" lon="82.3904534">
      </trkpt>
      <trkpt lat="25.9663348" lon="82.3896612">
      </trkpt>
      <trkpt lat="25.9682218" lon="82.3877471">
      </trkpt>
      <trkpt lat="25.9690956" lon="82.3868582">
      </trkpt>
      <trkpt lat="25.9699457" lon="82.3859934">
      </trkpt>
      <trkpt lat="25.9721665" lon="82.3837229">
      </trkpt>
      <trkpt lat="25.975195" lon="82.3806243">
      </trkpt>
      <trkpt lat="25.9755544" lon="82.3802601">
      </trkpt>
      <trkpt lat="25.9775731" lon="82.3782143">
      </trkpt>
      <trkpt lat="25.9796003" lon="82.3761477">
      </trkpt>
      <trkpt lat="25.9824799" lon="82.373211">
      </trkpt>
      <trkpt lat="25.983978" lon="82.3716805">
      </trkpt>
      <trkpt lat="25.9852096" lon="82.3704428">
      </trkpt>
      <trkpt lat="25.9864632" lon="82.3691632">
      </trkpt>
      <trkpt lat="25.9879268" lon="82.367671">
      </trkpt>
      <trkpt lat="25.98897" lon="82.3666475">
      </trkpt>
      <trkpt lat="25.9890435" lon="82.3665755">
      </trkpt>
      <trkpt lat="25.9895721" lon="82.3661021">
      </trkpt>
      <trkpt lat="25.9905279" lon="82.3653107">
      </trkpt>
      <trkpt lat="25.9913803" lon="82.3646274">
      </trkpt>
      <trkpt lat="25.9932397" lon="82.3631458">
      </trkpt>
      <trkpt lat="25.9940499" lon="82.3625123">
      </trkpt>
      <trkpt lat="25.9950455" lon="82.3617338">
      </trkpt>
      <trkpt lat="25.9986868" lon="82.3588541">
      </trkpt>
      <trkpt lat="26.0008317" lon="82.3571598">
      </trkpt>
      <trkpt lat="26.000897" lon="82.3571083">
      </trkpt>
      <trkpt lat="26.0021712" lon="82.3561017">
      </trkpt>
      <trkpt lat="26.0103744" lon="82.3496168">
      </trkpt>
      <trkpt lat="26.0119499" lon="82.3483712">
      </trkpt>
      <trkpt lat="26.0129688" lon="82.3475658">
      </trkpt>
      <trkpt lat="26.0189938" lon="82.3428024">
      </trkpt>
      <trkpt lat="26.0247389" lon="82.3382601">
      </trkpt>
      <trkpt lat="26.0349217" lon="82.3302087">
      </trkpt>
      <trkpt lat="26.0354012" lon="82.3298262">
      </trkpt>
      <trkpt lat="26.0385698" lon="82.3272986">
      </trkpt>
      <trkpt lat="26.0386793" lon="82.3272112">
      </trkpt>
      <trkpt lat="26.0389147" lon="82.3270234">
      </trkpt>
      <trkpt lat="26.0416994" lon="82.324802">
      </trkpt>
      <trkpt lat="26.0476259" lon="82.3200739">
      </trkpt>
      <trkpt lat="26.0487064" lon="82.3192209">
      </trkpt>
      <trkpt lat="26.0554329" lon="82.3139103">
      </trkpt>
      <trkpt lat="26.064026" lon="82.3071574">
      </trkpt>
      <trkpt lat="26.0669241" lon="82.3048846">
      </trkpt>
      <trkpt lat="26.0724123" lon="82.3005804">
      </trkpt>
      <trkpt lat="26.0725369" lon="82.3004773">
      </trkpt>
      <trkpt lat="26.0772717" lon="82.2967327">
      </trkpt>
      <trkpt lat="26.0773543" lon="82.2966674">
      </trkpt>
      <trkpt lat="26.0841519" lon="82.2912912">
      </trkpt>
      <trkpt lat="26.0844197" lon="82.2910798">
      </trkpt>
      <trkpt lat="26.0876531" lon="82.2885271">
      </trkpt>
      <trkpt lat="26.0916668" lon="82.2853632">
      </trkpt>
      <trkpt lat="26.0918689" lon="82.2852039">
      </trkpt>
      <trkpt lat="26.0934708" lon="82.2839299">
      </trkpt>
      <trkpt lat="26.0944468" lon="82.2831328">
      </trkpt>
      <trkpt lat="26.0952896" lon="82.2823171">
      </trkpt>
      <trkpt lat="26.0957723" lon="82.2818226">
      </trkpt>
      <trkpt lat="26.0960448" lon="82.2815002">
      </trkpt>
      <trkpt lat="26.096256" lon="82.2812403">
      </trkpt>
      <trkpt lat="26.0965472" lon="82.2808686">
      </trkpt>
      <trkpt lat="26.0969032" lon="82.2803878">
      </trkpt>
      <trkpt lat="26.0971809" lon="82.2799952">
      </trkpt>
      <trkpt lat="26.0973832" lon="82.2796875">
      </trkpt>
      <trkpt lat="26.0975477" lon="82.2794425">
      </trkpt>
      <trkpt lat="26.1040258" lon="82.2695046">
      </trkpt>
      <trkpt lat="26.1063803" lon="82.2659842">
      </trkpt>
      <trkpt lat="26.1111864" lon="82.2585464">
      </trkpt>
      <trkpt lat="26.1112993" lon="82.2583662">
      </trkpt>
      <trkpt lat="26.1145624" lon="82.2533781">
      </trkpt>
      <trkpt lat="26.116167" lon="82.2509253">
      </trkpt>
      <trkpt lat="26.121118" lon="82.2433568">
      </trkpt>
      <trkpt lat="26.123232" lon="82.240125">
      </trkpt>
      <trkpt lat="26.1239605" lon="82.2389739">
      </trkpt>
      <trkpt lat="26.124355" lon="82.2383708">
      </trkpt>
      <trkpt lat="26.127024" lon="82.2342905">
      </trkpt>
      <trkpt lat="26.1287694" lon="82.2316221">
      </trkpt>
      <trkpt lat="26.1318976" lon="82.2268395">
      </trkpt>
      <trkpt lat="26.1396309" lon="82.2149728">
      </trkpt>
      <trkpt lat="26.1408826" lon="82.2130267">
      </trkpt>
      <trkpt lat="26.1460661" lon="82.2050772">
      </trkpt>
      <trkpt lat="26.153142" lon="82.1942622">
      </trkpt>
      <trkpt lat="26.1533189" lon="82.1939897">
      </trkpt>
      <trkpt lat="26.1586148" lon="82.1859865">
      </trkpt>
      <trkpt lat="26.1606992" lon="82.1832018">
      </trkpt>
      <trkpt lat="26.1658699" lon="82.1762936">
      </trkpt>
      <trkpt lat="26.1682418" lon="82.1730598">
      </trkpt>
      <trkpt lat="26.1692304" lon="82.1716944">
      </trkpt>
      <trkpt lat="26.1694965" lon="82.1713318">
      </trkpt>
      <trkpt lat="26.1780453" lon="82.1597867">
      </trkpt>
      <trkpt lat="26.18319" lon="82.1528367">
      </trkpt>
      <trkpt lat="26.1855677" lon="82.1496245">
      </trkpt>
      <trkpt lat="26.1872197" lon="82.1473926">
      </trkpt>
      <trkpt lat="26.1932289" lon="82.1392739">
      </trkpt>
      <trkpt lat="26.2012734" lon="82.1286741">
      </trkpt>
      <trkpt lat="26.2018891" lon="82.1278041">
      </trkpt>
      <trkpt lat="26.2026543" lon="82.1268458">
      </trkpt>
      <trkpt lat="26.2052761" lon="82.1232637">
      </trkpt>
      <trkpt lat="26.208018" lon="82.1195844">
      </trkpt>
      <trkpt lat="26.2083084" lon="82.1191998">
      </trkpt>
      <trkpt lat="26.2089018" lon="82.1183965">
      </trkpt>
      <trkpt lat="26.2092214" lon="82.1179624">
      </trkpt>
      <trkpt lat="26.2096769" lon="82.1173438">
      </trkpt>
      <trkpt lat="26.2099553" lon="82.1169911">
      </trkpt>
      <trkpt lat="26.2111795" lon="82.1154402">
      </trkpt>
      <trkpt lat="26.2131604" lon="82.1130204">
      </trkpt>
      <trkpt lat="26.214246" lon="82.1116942">
      </trkpt>
      <trkpt lat="26.2243125" lon="82.0993426">
      </trkpt>
      <trkpt lat="26.2300125" lon="82.0923802">
      </trkpt>
      <trkpt lat="26.2308688" lon="82.0913364">
      </trkpt>
      <trkpt lat="26.2359377" lon="82.0851501">
      </trkpt>
      <trkpt lat="26.2375514" lon="82.0831806">
      </trkpt>
      <trkpt lat="26.2424982" lon="82.0771308">
      </trkpt>
      <trkpt lat="26.2474862" lon="82.0710301">
      </trkpt>
      <trkpt lat="26.2491992" lon="82.0689326">
      </trkpt>
      <trkpt lat="26.2497597" lon="82.0682589">
      </trkpt>
      <trkpt lat="26.2504308" lon="82.0675986">
      </trkpt>
      <trkpt lat="26.2513187" lon="82.066932">
      </trkpt>
      <trkpt lat="26.2517052" lon="82.0667016">
      </trkpt>
      <trkpt lat="26.2519181" lon="82.0665877">
      </trkpt>
      <trkpt lat="26.2521255" lon="82.0664884">
      </trkpt>
      <trkpt lat="26.2524014" lon="82.0663635">
      </trkpt>
      <trkpt lat="26.2524515" lon="82.0663444">
      </trkpt>
      <trkpt lat="26.2526891" lon="82.0662537">
      </trkpt>
      <trkpt lat="26.2528902" lon="82.0661764">
      </trkpt>
      <trkpt lat="26.2531076" lon="82.0661075">
      </trkpt>
      <trkpt lat="26.2533638" lon="82.0660231">
      </trkpt>
      <trkpt lat="26.2535839" lon="82.065964">
      </trkpt>
      <trkpt lat="26.2538509" lon="82.0659024">
      </trkpt>
      <trkpt lat="26.2543204" lon="82.0658249">
      </trkpt>
      <trkpt lat="26.2546411" lon="82.065779">
      </trkpt>
      <trkpt lat="26.254925" lon="82.0657589">
      </trkpt>
      <trkpt lat="26.2552642" lon="82.0657441">
      </trkpt>
      <trkpt lat="26.2556022" lon="82.0657534">
      </trkpt>
      <trkpt lat="26.2561109" lon="82.065787">
      </trkpt>
      <trkpt lat="26.2564431" lon="82.0658262">
      </trkpt>
      <trkpt lat="26.2577238" lon="82.065964">
      </trkpt>
      <trkpt lat="26.2583839" lon="82.0660347">
      </trkpt>
      <trkpt lat="26.2586481" lon="82.0660457">
      </trkpt>
      <trkpt lat="26.2589722" lon="82.0660593">
      </trkpt>
      <trkpt lat="26.2592596" lon="82.0660821">
      </trkpt>
      <trkpt lat="26.2606128" lon="82.0662266">
      </trkpt>
      <trkpt lat="26.263291" lon="82.0665219">
      </trkpt>
      <trkpt lat="26.2635785" lon="82.0665648">
      </trkpt>
      <trkpt lat="26.2637601" lon="82.0665948">
      </trkpt>
      <trkpt lat="26.2640006" lon="82.0666587">
      </trkpt>
      <trkpt lat="26.264199" lon="82.0667164">
      </trkpt>
      <trkpt lat="26.2643999" lon="82.0667834">
      </trkpt>
      <trkpt lat="26.2646933" lon="82.0669002">
      </trkpt>
      <trkpt lat="26.2649291" lon="82.0670182">
      </trkpt>
      <trkpt lat="26.2651747" lon="82.0671587">
      </trkpt>
      <trkpt lat="26.2654005" lon="82.0672998">
      </trkpt>
      <trkpt lat="26.2656727" lon="82.0674948">
      </trkpt>
      <trkpt lat="26.2667418" lon="82.0683273">
      </trkpt>
      <trkpt lat="26.2676786" lon="82.0690564">
      </trkpt>
      <trkpt lat="26.267988" lon="82.0692572">
      </trkpt>
      <trkpt lat="26.2682019" lon="82.0694008">
      </trkpt>
      <trkpt lat="26.2684112" lon="82.0695053">
      </trkpt>
      <trkpt lat="26.2685795" lon="82.0695804">
      </trkpt>
      <trkpt lat="26.268779" lon="82.0696489">
      </trkpt>
      <trkpt lat="26.2689868" lon="82.069717">
      </trkpt>
      <trkpt lat="26.2691619" lon="82.0697581">
      </trkpt>
      <trkpt lat="26.2693817" lon="82.0698057">
      </trkpt>
      <trkpt lat="26.2695879" lon="82.069834">
      </trkpt>
      <trkpt lat="26.2697488" lon="82.069856">
      </trkpt>
      <trkpt lat="26.2698931" lon="82.0698619">
      </trkpt>
      <trkpt lat="26.2701274" lon="82.0698611">
      </trkpt>
      <trkpt lat="26.2702965" lon="82.0698549">
      </trkpt>
      <trkpt lat="26.2705299" lon="82.0698297">
      </trkpt>
      <trkpt lat="26.2707887" lon="82.0697829">
      </trkpt>
      <trkpt lat="26.2709494" lon="82.0697439">
      </trkpt>
      <trkpt lat="26.2711832" lon="82.069673">
      </trkpt>
      <trkpt lat="26.2713726" lon="82.0696066">
      </trkpt>
      <trkpt lat="26.271574" lon="82.0695174">
      </trkpt>
      <trkpt lat="26.2717489" lon="82.0694276">
      </trkpt>
      <trkpt lat="26.2719408" lon="82.0693243">
      </trkpt>
      <trkpt lat="26.2721171" lon="82.0692059">
      </trkpt>
      <trkpt lat="26.2723697" lon="82.0690208">
      </trkpt>
      <trkpt lat="26.2725433" lon="82.068871">
      </trkpt>
      <trkpt lat="26.2727093" lon="82.0687144">
      </trkpt>
      <trkpt lat="26.2729818" lon="82.0684151">
      </trkpt>
      <trkpt lat="26.2731533" lon="82.0681737">
      </trkpt>
      <trkpt lat="26.2733226" lon="82.0679248">
      </trkpt>
      <trkpt lat="26.2735006" lon="82.0676104">
      </trkpt>
      <trkpt lat="26.2736536" lon="82.0673068">
      </trkpt>
      <trkpt lat="26.27377" lon="82.0669863">
      </trkpt>
      <trkpt lat="26.2738901" lon="82.0665627">
      </trkpt>
      <trkpt lat="26.2739836" lon="82.0661148">
      </trkpt>
      <trkpt lat="26.2740211" lon="82.0656908">
      </trkpt>
      <trkpt lat="26.2740604" lon="82.0653375">
      </trkpt>
      <trkpt lat="26.274079" lon="82.064948">
      </trkpt>
      <trkpt lat="26.2740901" lon="82.0646062">
      </trkpt>
      <trkpt lat="26.2740916" lon="82.0644352">
      </trkpt>
      <trkpt lat="26.274092" lon="82.0643839">
      </trkpt>
      <trkpt lat="26.2740956" lon="82.0642388">
      </trkpt>
      <trkpt lat="26.2740698" lon="82.0637558">
      </trkpt>
      <trkpt lat="26.2740539" lon="82.0634135">
      </trkpt>
      <trkpt lat="26.2740481" lon="82.0632887">
      </trkpt>
      <trkpt lat="26.2739711" lon="82.0628193">
      </trkpt>
      <trkpt lat="26.2738758" lon="82.0623948">
      </trkpt>
      <trkpt lat="26.2737272" lon="82.0618166">
      </trkpt>
      <trkpt lat="26.2735449" lon="82.0611592">
      </trkpt>
      <trkpt lat="26.273241" lon="82.059923">
      </trkpt>
      <trkpt lat="26.2728635" lon="82.0585873">
      </trkpt>
      <trkpt lat="26.2727757" lon="82.0581946">
      </trkpt>
      <trkpt lat="26.2726506" lon="82.0576795">
      </trkpt>
      <trkpt lat="26.2724105" lon="82.0566461">
      </trkpt>
      <trkpt lat="26.2722878" lon="82.0561332">
      </trkpt>
      <trkpt lat="26.2721353" lon="82.0555281">
      </trkpt>
      <trkpt lat="26.2719987" lon="82.0550278">
      </trkpt>
      <trkpt lat="26.2718681" lon="82.0545262">
      </trkpt>
      <trkpt lat="26.2717443" lon="82.0540694">
      </trkpt>
      <trkpt lat="26.2715788" lon="82.0534835">
      </trkpt>
      <trkpt lat="26.2711016" lon="82.0519139">
      </trkpt>
      <trkpt lat="26.2709271" lon="82.0512987">
      </trkpt>
      <trkpt lat="26.2707639" lon="82.050714">
      </trkpt>
      <trkpt lat="26.2699582" lon="82.0477562">
      </trkpt>
      <trkpt lat="26.2692199" lon="82.0449482">
      </trkpt>
      <trkpt lat="26.2692061" lon="82.0448986">
      </trkpt>
      <trkpt lat="26.268425" lon="82.0421036">
      </trkpt>
      <trkpt lat="26.2681622" lon="82.0411071">
      </trkpt>
      <trkpt lat="26.2674378" lon="82.0384129">
      </trkpt>
      <trkpt lat="26.2672908" lon="82.0378838">
      </trkpt>
      <trkpt lat="26.2670696" lon="82.0370509">
      </trkpt>
      <trkpt lat="26.2669312" lon="82.0365534">
      </trkpt>
      <trkpt lat="26.2665265" lon="82.0350871">
      </trkpt>
      <trkpt lat="26.2663935" lon="82.0345613">
      </trkpt>
      <trkpt lat="26.2662269" lon="82.0337682">
      </trkpt>
      <trkpt lat="26.2660942" lon="82.0330944">
      </trkpt>
      <trkpt lat="26.2659964" lon="82.0325132">
      </trkpt>
      <trkpt lat="26.2659019" lon="82.0317491">
      </trkpt>
      <trkpt lat="26.2658388" lon="82.0313729">
      </trkpt>
      <trkpt lat="26.2658244" lon="82.0312665">
      </trkpt>
      <trkpt lat="26.2656859" lon="82.0302795">
      </trkpt>
      <trkpt lat="26.2656012" lon="82.0297559">
      </trkpt>
      <trkpt lat="26.2655549" lon="82.0294559">
      </trkpt>
      <trkpt lat="26.2655319" lon="82.0293353">
      </trkpt>
      <trkpt lat="26.265301" lon="82.027859">
      </trkpt>
      <trkpt lat="26.2651779" lon="82.0271037">
      </trkpt>
      <trkpt lat="26.2651163" lon="82.0267347">
      </trkpt>
      <trkpt lat="26.2649471" lon="82.0254265">
      </trkpt>
      <trkpt lat="26.2648162" lon="82.0245768">
      </trkpt>
      <trkpt lat="26.264747" lon="82.0241305">
      </trkpt>
      <trkpt lat="26.2646546" lon="82.0235382">
      </trkpt>
      <trkpt lat="26.2645853" lon="82.0229975">
      </trkpt>
      <trkpt lat="26.2645454" lon="82.0225308">
      </trkpt>
      <trkpt lat="26.2645224" lon="82.0219729">
      </trkpt>
      <trkpt lat="26.2645267" lon="82.0215157">
      </trkpt>
      <trkpt lat="26.2645228" lon="82.0207005">
      </trkpt>
      <trkpt lat="26.2646075" lon="82.019765">
      </trkpt>
      <trkpt lat="26.2646691" lon="82.0189324">
      </trkpt>
      <trkpt lat="26.2647999" lon="82.017705">
      </trkpt>
      <trkpt lat="26.2649385" lon="82.0166837">
      </trkpt>
      <trkpt lat="26.2649924" lon="82.016306">
      </trkpt>
      <trkpt lat="26.2653332" lon="82.0144738">
      </trkpt>
      <trkpt lat="26.265441" lon="82.0140275">
      </trkpt>
      <trkpt lat="26.2655977" lon="82.0133912">
      </trkpt>
      <trkpt lat="26.2657697" lon="82.0126925">
      </trkpt>
      <trkpt lat="26.2659776" lon="82.0119029">
      </trkpt>
      <trkpt lat="26.2661315" lon="82.0113793">
      </trkpt>
      <trkpt lat="26.2664394" lon="82.0103665">
      </trkpt>
      <trkpt lat="26.2666626" lon="82.0097142">
      </trkpt>
      <trkpt lat="26.2669243" lon="82.0089675">
      </trkpt>
      <trkpt lat="26.2672209" lon="82.0082178">
      </trkpt>
      <trkpt lat="26.2673861" lon="82.0078002">
      </trkpt>
      <trkpt lat="26.2677555" lon="82.0069419">
      </trkpt>
      <trkpt lat="26.267971" lon="82.006487">
      </trkpt>
      <trkpt lat="26.2681308" lon="82.0061553">
      </trkpt>
      <trkpt lat="26.2687253" lon="82.0049249">
      </trkpt>
      <trkpt lat="26.2692102" lon="82.003852">
      </trkpt>
      <trkpt lat="26.2699645" lon="82.0021697">
      </trkpt>
      <trkpt lat="26.2700897" lon="82.0019381">
      </trkpt>
      <trkpt lat="26.2701731" lon="82.0017424">
      </trkpt>
      <trkpt lat="26.2705571" lon="82.0009337">
      </trkpt>
      <trkpt lat="26.2709265" lon="82.0001269">
      </trkpt>
      <trkpt lat="26.2711189" lon="81.9997063">
      </trkpt>
      <trkpt lat="26.2721426" lon="81.997449">
      </trkpt>
      <trkpt lat="26.2725505" lon="81.9965907">
      </trkpt>
      <trkpt lat="26.2729231" lon="81.995823">
      </trkpt>
      <trkpt lat="26.2733288" lon="81.9949015">
      </trkpt>
      <trkpt lat="26.2742893" lon="81.9928352">
      </trkpt>
      <trkpt lat="26.2746945" lon="81.9919562">
      </trkpt>
      <trkpt lat="26.2749261" lon="81.9914419">
      </trkpt>
      <trkpt lat="26.2750569" lon="81.9911501">
      </trkpt>
      <trkpt lat="26.2759514" lon="81.9892146">
      </trkpt>
      <trkpt lat="26.2762554" lon="81.988551">
      </trkpt>
      <trkpt lat="26.2764119" lon="81.9882114">
      </trkpt>
      <trkpt lat="26.2769087" lon="81.9871674">
      </trkpt>
      <trkpt lat="26.2771301" lon="81.9867216">
      </trkpt>
      <trkpt lat="26.2772779" lon="81.986424">
      </trkpt>
      <trkpt lat="26.2773921" lon="81.986194">
      </trkpt>
      <trkpt lat="26.2776826" lon="81.9856704">
      </trkpt>
      <trkpt lat="26.2780824" lon="81.9850604">
      </trkpt>
      <trkpt lat="26.2783263" lon="81.9846618">
      </trkpt>
      <trkpt lat="26.2784664" lon="81.984468">
      </trkpt>
      <trkpt lat="26.2784858" lon="81.9844431">
      </trkpt>
      <trkpt lat="26.2789869" lon="81.9838015">
      </trkpt>
      <trkpt lat="26.27947" lon="81.9831835">
      </trkpt>
      <trkpt lat="26.2798716" lon="81.9826799">
      </trkpt>
      <trkpt lat="26.2800764" lon="81.9824334">
      </trkpt>
      <trkpt lat="26.2802516" lon="81.9821988">
      </trkpt>
      <trkpt lat="26.280554" lon="81.9818062">
      </trkpt>
      <trkpt lat="26.2808671" lon="81.9814233">
      </trkpt>
      <trkpt lat="26.2812169" lon="81.9809683">
      </trkpt>
      <trkpt lat="26.2819222" lon="81.9800802">
      </trkpt>
      <trkpt lat="26.282207" lon="81.979715">
      </trkpt>
      <trkpt lat="26.282396" lon="81.9794747">
      </trkpt>
      <trkpt lat="26.2825593" lon="81.9792688">
      </trkpt>
      <trkpt lat="26.2828527" lon="81.9788989">
      </trkpt>
      <trkpt lat="26.2832024" lon="81.9784535">
      </trkpt>
      <trkpt lat="26.2840797" lon="81.9773463">
      </trkpt>
      <trkpt lat="26.2848747" lon="81.9763323">
      </trkpt>
      <trkpt lat="26.2856234" lon="81.9752886">
      </trkpt>
      <trkpt lat="26.2865699" lon="81.9740698">
      </trkpt>
      <trkpt lat="26.2873856" lon="81.9730656">
      </trkpt>
      <trkpt lat="26.2884322" lon="81.9717695">
      </trkpt>
      <trkpt lat="26.2888605" lon="81.9712782">
      </trkpt>
      <trkpt lat="26.2903267" lon="81.9694049">
      </trkpt>
      <trkpt lat="26.2917874" lon="81.9675381">
      </trkpt>
      <trkpt lat="26.2923106" lon="81.9669201">
      </trkpt>
      <trkpt lat="26.292503" lon="81.9666798">
      </trkpt>
      <trkpt lat="26.2926492" lon="81.9664909">
      </trkpt>
      <trkpt lat="26.29278" lon="81.9663107">
      </trkpt>
      <trkpt lat="26.2928955" lon="81.9661562">
      </trkpt>
      <trkpt lat="26.2930494" lon="81.9659416">
      </trkpt>
      <trkpt lat="26.2932109" lon="81.9657099">
      </trkpt>
      <trkpt lat="26.2933495" lon="81.9654953">
      </trkpt>
      <trkpt lat="26.2935366" lon="81.9652395">
      </trkpt>
      <trkpt lat="26.2937315" lon="81.9649524">
      </trkpt>
      <trkpt lat="26.2939674" lon="81.9645633">
      </trkpt>
      <trkpt lat="26.2941905" lon="81.9641771">
      </trkpt>
      <trkpt lat="26.2944512" lon="81.9637346">
      </trkpt>
      <trkpt lat="26.2947898" lon="81.9630908">
      </trkpt>
      <trkpt lat="26.2948448" lon="81.9630013">
      </trkpt>
      <trkpt lat="26.2952822" lon="81.9621295">
      </trkpt>
      <trkpt lat="26.2954669" lon="81.9617776">
      </trkpt>
      <trkpt lat="26.2956516" lon="81.96146">
      </trkpt>
      <trkpt lat="26.2959594" lon="81.9608506">
      </trkpt>
      <trkpt lat="26.2961902" lon="81.9604301">
      </trkpt>
      <trkpt lat="26.2975984" lon="81.9577607">
      </trkpt>
      <trkpt lat="26.2980139" lon="81.9570054">
      </trkpt>
      <trkpt lat="26.298314" lon="81.9564132">
      </trkpt>
      <trkpt lat="26.2986064" lon="81.9558725">
      </trkpt>
      <trkpt lat="26.2989219" lon="81.9552974">
      </trkpt>
      <trkpt lat="26.2991681" lon="81.9548339">
      </trkpt>
      <trkpt lat="26.2993528" lon="81.9545078">
      </trkpt>
      <trkpt lat="26.2995067" lon="81.9542331">
      </trkpt>
      <trkpt lat="26.2995919" lon="81.9540756">
      </trkpt>
      <trkpt lat="26.2998452" lon="81.9536065">
      </trkpt>
      <trkpt lat="26.3004069" lon="81.9525766">
      </trkpt>
      <trkpt lat="26.3016532" lon="81.9501445">
      </trkpt>
      <trkpt lat="26.3017514" lon="81.9499651">
      </trkpt>
      <trkpt lat="26.3043807" lon="81.9450479">
      </trkpt>
      <trkpt lat="26.3067328" lon="81.9404684">
      </trkpt>
      <trkpt lat="26.3098103" lon="81.9345557">
      </trkpt>
      <trkpt lat="26.3128818" lon="81.9285942">
      </trkpt>
      <trkpt lat="26.3145244" lon="81.9254169">
      </trkpt>
      <trkpt lat="26.3168825" lon="81.9208563">
      </trkpt>
      <trkpt lat="26.3178211" lon="81.9190452">
      </trkpt>
      <trkpt lat="26.3200164" lon="81.9147694">
      </trkpt>
      <trkpt lat="26.3213172" lon="81.9122461">
      </trkpt>
      <trkpt lat="26.3225778" lon="81.9097997">
      </trkpt>
      <trkpt lat="26.325245" lon="81.904637">
      </trkpt>
      <trkpt lat="26.3276326" lon="81.8999885">
      </trkpt>
      <trkpt lat="26.3284957" lon="81.8983072">
      </trkpt>
      <trkpt lat="26.3319973" lon="81.8916649">
      </trkpt>
      <trkpt lat="26.3324379" lon="81.8908396">
      </trkpt>
      <trkpt lat="26.3340954" lon="81.8877241">
      </trkpt>
      <trkpt lat="26.3345584" lon="81.8868689">
      </trkpt>
      <trkpt lat="26.3354402" lon="81.885164">
      </trkpt>
      <trkpt lat="26.3365437" lon="81.8831013">
      </trkpt>
      <trkpt lat="26.3371713" lon="81.8819376">
      </trkpt>
      <trkpt lat="26.3387268" lon="81.8790053">
      </trkpt>
      <trkpt lat="26.3388414" lon="81.8787893">
      </trkpt>
      <trkpt lat="26.3400945" lon="81.8764272">
      </trkpt>
      <trkpt lat="26.3435252" lon="81.8698058">
      </trkpt>
      <trkpt lat="26.3444317" lon="81.8680516">
      </trkpt>
      <trkpt lat="26.3453181" lon="81.8663353">
      </trkpt>
      <trkpt lat="26.3496346" lon="81.8579754">
      </trkpt>
      <trkpt lat="26.350208" lon="81.8568855">
      </trkpt>
      <trkpt lat="26.3533288" lon="81.8509001">
      </trkpt>
      <trkpt lat="26.3541743" lon="81.8492776">
      </trkpt>
      <trkpt lat="26.3553446" lon="81.8471134">
      </trkpt>
      <trkpt lat="26.3570571" lon="81.8439188">
      </trkpt>
      <trkpt lat="26.3595139" lon="81.8393453">
      </trkpt>
      <trkpt lat="26.3604451" lon="81.837639">
      </trkpt>
      <trkpt lat="26.3642285" lon="81.8305876">
      </trkpt>
      <trkpt lat="26.3645497" lon="81.8299959">
      </trkpt>
      <trkpt lat="26.366041" lon="81.827229">
      </trkpt>
      <trkpt lat="26.3664768" lon="81.8264002">
      </trkpt>
      <trkpt lat="26.3674478" lon="81.8245234">
      </trkpt>
      <trkpt lat="26.368564" lon="81.8222138">
      </trkpt>
      <trkpt lat="26.3702758" lon="81.8185694">
      </trkpt>
      <trkpt lat="26.3703198" lon="81.8184753">
      </trkpt>
      <trkpt lat="26.3726911" lon="81.8134435">
      </trkpt>
      <trkpt lat="26.3736144" lon="81.8114958">
      </trkpt>
      <trkpt lat="26.3745025" lon="81.8096419">
      </trkpt>
      <trkpt lat="26.3752155" lon="81.8081366">
      </trkpt>
      <trkpt lat="26.3761591" lon="81.806114">
      </trkpt>
      <trkpt lat="26.3765229" lon="81.8053343">
      </trkpt>
      <trkpt lat="26.3768411" lon="81.8046841">
      </trkpt>
      <trkpt lat="26.3770285" lon="81.8043091">
      </trkpt>
      <trkpt lat="26.3771047" lon="81.8041567">
      </trkpt>
      <trkpt lat="26.3795255" lon="81.7996796">
      </trkpt>
      <trkpt lat="26.3811756" lon="81.7966135">
      </trkpt>
      <trkpt lat="26.3814247" lon="81.7961507">
      </trkpt>
      <trkpt lat="26.3818433" lon="81.7953293">
      </trkpt>
      <trkpt lat="26.3829672" lon="81.7932503">
      </trkpt>
      <trkpt lat="26.383946" lon="81.791422">
      </trkpt>
      <trkpt lat="26.3844025" lon="81.7905694">
      </trkpt>
      <trkpt lat="26.3874797" lon="81.7848217">
      </trkpt>
      <trkpt lat="26.3887936" lon="81.7823674">
      </trkpt>
      <trkpt lat="26.3892567" lon="81.7815024">
      </trkpt>
      <trkpt lat="26.3927024" lon="81.775066">
      </trkpt>
      <trkpt lat="26.3937925" lon="81.7730469">
      </trkpt>
      <trkpt lat="26.3962274" lon="81.7685367">
      </trkpt>
      <trkpt lat="26.3987584" lon="81.7638137">
      </trkpt>
      <trkpt lat="26.3999758" lon="81.7615512">
      </trkpt>
      <trkpt lat="26.4027661" lon="81.7564081">
      </trkpt>
      <trkpt lat="26.4030175" lon="81.7559447">
      </trkpt>
      <trkpt lat="26.4044769" lon="81.7532547">
      </trkpt>
      <trkpt lat="26.4078118" lon="81.74691">
      </trkpt>
      <trkpt lat="26.4079195" lon="81.746705">
      </trkpt>
      <trkpt lat="26.4101263" lon="81.7425979">
      </trkpt>
      <trkpt lat="26.41023" lon="81.7424185">
      </trkpt>
      <trkpt lat="26.4103569" lon="81.7421816">
      </trkpt>
      <trkpt lat="26.4109495" lon="81.7410753">
      </trkpt>
      <trkpt lat="26.4113212" lon="81.740373">
      </trkpt>
      <trkpt lat="26.4134916" lon="81.7362806">
      </trkpt>
      <trkpt lat="26.4186147" lon="81.7268007">
      </trkpt>
      <trkpt lat="26.4208605" lon="81.7225364">
      </trkpt>
      <trkpt lat="26.4213119" lon="81.7216928">
      </trkpt>
      <trkpt lat="26.4228667" lon="81.7187028">
      </trkpt>
      <trkpt lat="26.4236584" lon="81.7172327">
      </trkpt>
      <trkpt lat="26.4241393" lon="81.7163346">
      </trkpt>
      <trkpt lat="26.4277555" lon="81.70967">
      </trkpt>
      <trkpt lat="26.4281836" lon="81.7088513">
      </trkpt>
      <trkpt lat="26.4322903" lon="81.7012026">
      </trkpt>
      <trkpt lat="26.4334966" lon="81.6989561">
      </trkpt>
      <trkpt lat="26.439068" lon="81.6885449">
      </trkpt>
      <trkpt lat="26.4403982" lon="81.6860114">
      </trkpt>
      <trkpt lat="26.4406821" lon="81.6855473">
      </trkpt>
      <trkpt lat="26.4411593" lon="81.6847026">
      </trkpt>
      <trkpt lat="26.4415572" lon="81.6837666">
      </trkpt>
      <trkpt lat="26.4419998" lon="81.6826404">
      </trkpt>
      <trkpt lat="26.4421389" lon="81.6822621">
      </trkpt>
      <trkpt lat="26.4439544" lon="81.6773982">
      </trkpt>
      <trkpt lat="26.4446551" lon="81.675516">
      </trkpt>
      <trkpt lat="26.4452931" lon="81.6738128">
      </trkpt>
      <trkpt lat="26.4462037" lon="81.6713819">
      </trkpt>
      <trkpt lat="26.4474275" lon="81.6679724">
      </trkpt>
      <trkpt lat="26.44851" lon="81.6650826">
      </trkpt>
      <trkpt lat="26.4492124" lon="81.6631331">
      </trkpt>
      <trkpt lat="26.449418" lon="81.662587">
      </trkpt>
      <trkpt lat="26.4511093" lon="81.6580946">
      </trkpt>
      <trkpt lat="26.4519408" lon="81.655886">
      </trkpt>
      <trkpt lat="26.452069" lon="81.6555456">
      </trkpt>
      <trkpt lat="26.4536967" lon="81.651184">
      </trkpt>
      <trkpt lat="26.4548808" lon="81.648011">
      </trkpt>
      <trkpt lat="26.4551609" lon="81.6472638">
      </trkpt>
      <trkpt lat="26.4577467" lon="81.6404324">
      </trkpt>
      <trkpt lat="26.4585085" lon="81.638332">
      </trkpt>
      <trkpt lat="26.4588496" lon="81.6375788">
      </trkpt>
      <trkpt lat="26.4590135" lon="81.6371358">
      </trkpt>
      <trkpt lat="26.4628697" lon="81.6266278">
      </trkpt>
      <trkpt lat="26.46304" lon="81.6261553">
      </trkpt>
      <trkpt lat="26.4646909" lon="81.6230322">
      </trkpt>
      <trkpt lat="26.464912" lon="81.6225948">
      </trkpt>
      <trkpt lat="26.4658363" lon="81.6208151">
      </trkpt>
      <trkpt lat="26.4659146" lon="81.6206643">
      </trkpt>
      <trkpt lat="26.4672703" lon="81.6180538">
      </trkpt>
      <trkpt lat="26.4685467" lon="81.6155774">
      </trkpt>
      <trkpt lat="26.4728852" lon="81.6072384">
      </trkpt>
      <trkpt lat="26.4735225" lon="81.6060134">
      </trkpt>
      <trkpt lat="26.4739385" lon="81.6052138">
      </trkpt>
      <trkpt lat="26.4744947" lon="81.6041447">
      </trkpt>
      <trkpt lat="26.4760314" lon="81.6011909">
      </trkpt>
      <trkpt lat="26.4803492" lon="81.592891">
      </trkpt>
      <trkpt lat="26.4808803" lon="81.5918702">
      </trkpt>
      <trkpt lat="26.4854856" lon="81.5830403">
      </trkpt>
      <trkpt lat="26.4858409" lon="81.5823247">
      </trkpt>
      <trkpt lat="26.4873025" lon="81.5795411">
      </trkpt>
      <trkpt lat="26.4891139" lon="81.5760319">
      </trkpt>
      <trkpt lat="26.4896983" lon="81.5749107">
      </trkpt>
      <trkpt lat="26.4898837" lon="81.5745584">
      </trkpt>
      <trkpt lat="26.4924455" lon="81.5696919">
      </trkpt>
      <trkpt lat="26.4952562" lon="81.564215">
      </trkpt>
      <trkpt lat="26.4956143" lon="81.5635173">
      </trkpt>
      <trkpt lat="26.4991101" lon="81.5568458">
      </trkpt>
      <trkpt lat="26.4992486" lon="81.5566036">
      </trkpt>
      <trkpt lat="26.5011355" lon="81.5529104">
      </trkpt>
      <trkpt lat="26.5028975" lon="81.5494863">
      </trkpt>
      <trkpt lat="26.5035153" lon="81.5483289">
      </trkpt>
      <trkpt lat="26.5039922" lon="81.5475809">
      </trkpt>
      <trkpt lat="26.5096774" lon="81.5384228">
      </trkpt>
      <trkpt lat="26.5146022" lon="81.5304131">
      </trkpt>
      <trkpt lat="26.5154793" lon="81.5289929">
      </trkpt>
      <trkpt lat="26.5157769" lon="81.5284891">
      </trkpt>
      <trkpt lat="26.5209613" lon="81.5200742">
      </trkpt>
      <trkpt lat="26.5282231" lon="81.5083079">
      </trkpt>
      <trkpt lat="26.5289331" lon="81.5071565">
      </trkpt>
      <trkpt lat="26.5310047" lon="81.5037454">
      </trkpt>
      <trkpt lat="26.5329876" lon="81.5004458">
      </trkpt>
      <trkpt lat="26.5331301" lon="81.5002112">
      </trkpt>
      <trkpt lat="26.5363603" lon="81.4950181">
      </trkpt>
      <trkpt lat="26.5369834" lon="81.493978">
      </trkpt>
      <trkpt lat="26.5379673" lon="81.4923758">
      </trkpt>
      <trkpt lat="26.5392113" lon="81.4903679">
      </trkpt>
      <trkpt lat="26.5408051" lon="81.4877959">
      </trkpt>
      <trkpt lat="26.5426299" lon="81.4847557">
      </trkpt>
      <trkpt lat="26.5583328" lon="81.461662">
      </trkpt>
      <trkpt lat="26.5585875" lon="81.4612861">
      </trkpt>
      <trkpt lat="26.5745541" lon="81.4377321">
      </trkpt>
      <trkpt lat="26.5797507" lon="81.4301231">
      </trkpt>
      <trkpt lat="26.5816871" lon="81.4272697">
      </trkpt>
      <trkpt lat="26.5842636" lon="81.4234983">
      </trkpt>
      <trkpt lat="26.5843299" lon="81.4234009">
      </trkpt>
      <trkpt lat="26.5885677" lon="81.4171579">
      </trkpt>
      <trkpt lat="26.5900631" lon="81.4149502">
      </trkpt>
      <trkpt lat="26.5935883" lon="81.4097491">
      </trkpt>
      <trkpt lat="26.5936647" lon="81.4096281">
      </trkpt>
      <trkpt lat="26.5936974" lon="81.409544">
      </trkpt>
      <trkpt lat="26.6013856" lon="81.3982424">
      </trkpt>
      <trkpt lat="26.6076885" lon="81.3889766">
      </trkpt>
      <trkpt lat="26.6082449" lon="81.3881852">
      </trkpt>
      <trkpt lat="26.6094856" lon="81.3862775">
      </trkpt>
      <trkpt lat="26.6132154" lon="81.3789954">
      </trkpt>
      <trkpt lat="26.6148003" lon="81.3758913">
      </trkpt>
      <trkpt lat="26.6180608" lon="81.3693689">
      </trkpt>
      <trkpt lat="26.6182822" lon="81.3689563">
      </trkpt>
      <trkpt lat="26.6190543" lon="81.3674279">
      </trkpt>
      <trkpt lat="26.619346" lon="81.366895">
      </trkpt>
      <trkpt lat="26.6198894" lon="81.3658444">
      </trkpt>
      <trkpt lat="26.6200514" lon="81.3654798">
      </trkpt>
      <trkpt lat="26.6208941" lon="81.3638995">
      </trkpt>
      <trkpt lat="26.623385" lon="81.358961">
      </trkpt>
      <trkpt lat="26.6243664" lon="81.3570151">
      </trkpt>
      <trkpt lat="26.6245684" lon="81.3566271">
      </trkpt>
      <trkpt lat="26.6251406" lon="81.3555118">
      </trkpt>
      <trkpt lat="26.6294062" lon="81.3471007">
      </trkpt>
      <trkpt lat="26.6299373" lon="81.3460654">
      </trkpt>
      <trkpt lat="26.6323875" lon="81.3412889">
      </trkpt>
      <trkpt lat="26.6329431" lon="81.3401898">
      </trkpt>
      <trkpt lat="26.6347547" lon="81.3366059">
      </trkpt>
      <trkpt lat="26.6366836" lon="81.3328308">
      </trkpt>
      <trkpt lat="26.63758" lon="81.331048">
      </trkpt>
      <trkpt lat="26.6400662" lon="81.326172">
      </trkpt>
      <trkpt lat="26.640193" lon="81.3259234">
      </trkpt>
      <trkpt lat="26.6407531" lon="81.3247885">
      </trkpt>
      <trkpt lat="26.6417003" lon="81.3229378">
      </trkpt>
      <trkpt lat="26.6426381" lon="81.3211054">
      </trkpt>
      <trkpt lat="26.6445843" lon="81.317325">
      </trkpt>
      <trkpt lat="26.6451358" lon="81.316225">
      </trkpt>
      <trkpt lat="26.6457705" lon="81.3149957">
      </trkpt>
      <trkpt lat="26.6459231" lon="81.3146986">
      </trkpt>
      <trkpt lat="26.6466161" lon="81.3134721">
      </trkpt>
      <trkpt lat="26.6468544" lon="81.3131072">
      </trkpt>
      <trkpt lat="26.6479507" lon="81.3114033">
      </trkpt>
      <trkpt lat="26.6488841" lon="81.309913">
      </trkpt>
      <trkpt lat="26.6499509" lon="81.3082453">
      </trkpt>
      <trkpt lat="26.6519199" lon="81.305167">
      </trkpt>
      <trkpt lat="26.651951" lon="81.3051195">
      </trkpt>
      <trkpt lat="26.6526337" lon="81.3040786">
      </trkpt>
      <trkpt lat="26.6540594" lon="81.3018535">
      </trkpt>
      <trkpt lat="26.6582935" lon="81.2952449">
      </trkpt>
      <trkpt lat="26.6588494" lon="81.2943773">
      </trkpt>
      <trkpt lat="26.6589661" lon="81.2941952">
      </trkpt>
      <trkpt lat="26.6630387" lon="81.2877953">
      </trkpt>
      <trkpt lat="26.6631938" lon="81.2875524">
      </trkpt>
      <trkpt lat="26.6638228" lon="81.2865881">
      </trkpt>
      <trkpt lat="26.6655081" lon="81.2839623">
      </trkpt>
      <trkpt lat="26.6681406" lon="81.2798841">
      </trkpt>
      <trkpt lat="26.6698889" lon="81.2770967">
      </trkpt>
      <trkpt lat="26.6715907" lon="81.2744456">
      </trkpt>
      <trkpt lat="26.6747381" lon="81.2695177">
      </trkpt>
      <trkpt lat="26.6812144" lon="81.2594383">
      </trkpt>
      <trkpt lat="26.6834384" lon="81.255946">
      </trkpt>
      <trkpt lat="26.6862309" lon="81.2515879">
      </trkpt>
      <trkpt lat="26.6864755" lon="81.2512084">
      </trkpt>
      <trkpt lat="26.6876944" lon="81.2493151">
      </trkpt>
      <trkpt lat="26.6879129" lon="81.2489711">
      </trkpt>
      <trkpt lat="26.6885736" lon="81.2479361">
      </trkpt>
      <trkpt lat="26.6886795" lon="81.2477701">
      </trkpt>
      <trkpt lat="26.6887363" lon="81.2476812">
      </trkpt>
      <trkpt lat="26.6888603" lon="81.2474869">
      </trkpt>
      <trkpt lat="26.6889993" lon="81.2472691">
      </trkpt>
      <trkpt lat="26.6890919" lon="81.2471175">
      </trkpt>
      <trkpt lat="26.6891721" lon="81.2469985">
      </trkpt>
      <trkpt lat="26.689832" lon="81.2459655">
      </trkpt>
      <trkpt lat="26.6899716" lon="81.2457394">
      </trkpt>
      <trkpt lat="26.6932258" lon="81.2406741">
      </trkpt>
      <trkpt lat="26.6944771" lon="81.2387264">
      </trkpt>
      <trkpt lat="26.696507" lon="81.2355536">
      </trkpt>
      <trkpt lat="26.6974261" lon="81.234101">
      </trkpt>
      <trkpt lat="26.6975885" lon="81.2338479">
      </trkpt>
      <trkpt lat="26.6976569" lon="81.2337413">
      </trkpt>
      <trkpt lat="26.7026757" lon="81.2259174">
      </trkpt>
      <trkpt lat="26.7044955" lon="81.2230803">
      </trkpt>
      <trkpt lat="26.704781" lon="81.2226179">
      </trkpt>
      <trkpt lat="26.7068111" lon="81.2194809">
      </trkpt>
      <trkpt lat="26.7084807" lon="81.2169009">
      </trkpt>
      <trkpt lat="26.7112599" lon="81.2125757">
      </trkpt>
      <trkpt lat="26.7124675" lon="81.2106963">
      </trkpt>
      <trkpt lat="26.7140628" lon="81.2081686">
      </trkpt>
      <trkpt lat="26.7152261" lon="81.2063727">
      </trkpt>
      <trkpt lat="26.7156716" lon="81.2056737">
      </trkpt>
      <trkpt lat="26.7174033" lon="81.2029566">
      </trkpt>
      <trkpt lat="26.7185676" lon="81.2009186">
      </trkpt>
      <trkpt lat="26.7205478" lon="81.197385">
      </trkpt>
      <trkpt lat="26.7207392" lon="81.1970435">
      </trkpt>
      <trkpt lat="26.7217001" lon="81.1953811">
      </trkpt>
      <trkpt lat="26.7238741" lon="81.1914951">
      </trkpt>
      <trkpt lat="26.7258886" lon="81.1878657">
      </trkpt>
      <trkpt lat="26.7289426" lon="81.1824494">
      </trkpt>
      <trkpt lat="26.73053" lon="81.1796851">
      </trkpt>
      <trkpt lat="26.7306921" lon="81.1793966">
      </trkpt>
      <trkpt lat="26.730959" lon="81.1789214">
      </trkpt>
      <trkpt lat="26.7317705" lon="81.1773701">
      </trkpt>
      <trkpt lat="26.7341142" lon="81.1732081">
      </trkpt>
      <trkpt lat="26.7354129" lon="81.1708673">
      </trkpt>
      <trkpt lat="26.7381806" lon="81.1659204">
      </trkpt>
      <trkpt lat="26.7399624" lon="81.1627676">
      </trkpt>
      <trkpt lat="26.7415952" lon="81.1598516">
      </trkpt>
      <trkpt lat="26.7441676" lon="81.1552574">
      </trkpt>
      <trkpt lat="26.7458366" lon="81.1522781">
      </trkpt>
      <trkpt lat="26.746036" lon="81.151901">
      </trkpt>
      <trkpt lat="26.748794" lon="81.1470381">
      </trkpt>
      <trkpt lat="26.7494995" lon="81.1457755">
      </trkpt>
      <trkpt lat="26.7525479" lon="81.14032">
      </trkpt>
      <trkpt lat="26.7542527" lon="81.1372093">
      </trkpt>
      <trkpt lat="26.7548048" lon="81.1359215">
      </trkpt>
      <trkpt lat="26.7550661" lon="81.1350996">
      </trkpt>
      <trkpt lat="26.7567363" lon="81.1269352">
      </trkpt>
      <trkpt lat="26.7578484" lon="81.1214837">
      </trkpt>
      <trkpt lat="26.7586043" lon="81.1177861">
      </trkpt>
      <trkpt lat="26.7586304" lon="81.1176598">
      </trkpt>
      <trkpt lat="26.7595919" lon="81.112913">
      </trkpt>
      <trkpt lat="26.7603126" lon="81.1093333">
      </trkpt>
      <trkpt lat="26.7604803" lon="81.1085371">
      </trkpt>
      <trkpt lat="26.7607049" lon="81.1074111">
      </trkpt>
      <trkpt lat="26.7608263" lon="81.1068162">
      </trkpt>
      <trkpt lat="26.7609213" lon="81.1063507">
      </trkpt>
      <trkpt lat="26.7624799" lon="81.0986247">
      </trkpt>
      <trkpt lat="26.7625965" lon="81.0981547">
      </trkpt>
      <trkpt lat="26.7627373" lon="81.09765">
      </trkpt>
      <trkpt lat="26.7629156" lon="81.0970565">
      </trkpt>
      <trkpt lat="26.7630487" lon="81.096648">
      </trkpt>
      <trkpt lat="26.763458" lon="81.095326">
      </trkpt>
      <trkpt lat="26.7644143" lon="81.0922756">
      </trkpt>
      <trkpt lat="26.7655615" lon="81.0885727">
      </trkpt>
      <trkpt lat="26.7660652" lon="81.0869852">
      </trkpt>
      <trkpt lat="26.7667749" lon="81.0846944">
      </trkpt>
      <trkpt lat="26.7671118" lon="81.0836105">
      </trkpt>
      <trkpt lat="26.7671386" lon="81.083522">
      </trkpt>
      <trkpt lat="26.7676278" lon="81.0819454">
      </trkpt>
      <trkpt lat="26.7677345" lon="81.0816204">
      </trkpt>
      <trkpt lat="26.7681517" lon="81.0803502">
      </trkpt>
      <trkpt lat="26.7681626" lon="81.0803137">
      </trkpt>
      <trkpt lat="26.7686218" lon="81.0787718">
      </trkpt>
      <trkpt lat="26.7693999" lon="81.0762936">
      </trkpt>
      <trkpt lat="26.7703325" lon="81.0732945">
      </trkpt>
      <trkpt lat="26.771035" lon="81.0710496">
      </trkpt>
      <trkpt lat="26.7721136" lon="81.06759">
      </trkpt>
      <trkpt lat="26.7723298" lon="81.0669131">
      </trkpt>
      <trkpt lat="26.7725117" lon="81.0663438">
      </trkpt>
      <trkpt lat="26.7725325" lon="81.0662377">
      </trkpt>
      <trkpt lat="26.7725493" lon="81.0661799">
      </trkpt>
      <trkpt lat="26.772633" lon="81.0658912">
      </trkpt>
      <trkpt lat="26.7732024" lon="81.0641172">
      </trkpt>
      <trkpt lat="26.7735127" lon="81.0631859">
      </trkpt>
      <trkpt lat="26.7742641" lon="81.060727">
      </trkpt>
      <trkpt lat="26.7752203" lon="81.057685">
      </trkpt>
      <trkpt lat="26.7755639" lon="81.056577">
      </trkpt>
      <trkpt lat="26.7757895" lon="81.0557878">
      </trkpt>
      <trkpt lat="26.7759436" lon="81.0551167">
      </trkpt>
      <trkpt lat="26.7759597" lon="81.0550425">
      </trkpt>
      <trkpt lat="26.776076" lon="81.0545029">
      </trkpt>
      <trkpt lat="26.7760968" lon="81.0543898">
      </trkpt>
      <trkpt lat="26.7760968" lon="81.0543897">
      </trkpt>
      <trkpt lat="26.7762026" lon="81.0538149">
      </trkpt>
      <trkpt lat="26.7762997" lon="81.0530645">
      </trkpt>
      <trkpt lat="26.7763709" lon="81.0522618">
      </trkpt>
      <trkpt lat="26.7764143" lon="81.0514629">
      </trkpt>
      <trkpt lat="26.7764178" lon="81.0507048">
      </trkpt>
      <trkpt lat="26.7763935" lon="81.0499214">
      </trkpt>
      <trkpt lat="26.7763518" lon="81.0492702">
      </trkpt>
      <trkpt lat="26.776272" lon="81.0484713">
      </trkpt>
      <trkpt lat="26.7762441" lon="81.0482368">
      </trkpt>
      <trkpt lat="26.7761679" lon="81.0477074">
      </trkpt>
      <trkpt lat="26.7760342" lon="81.0470057">
      </trkpt>
      <trkpt lat="26.7758538" lon="81.0461388">
      </trkpt>
      <trkpt lat="26.7756837" lon="81.0453515">
      </trkpt>
      <trkpt lat="26.7753189" lon="81.0437178">
      </trkpt>
      <trkpt lat="26.774997" lon="81.042253">
      </trkpt>
      <trkpt lat="26.7748199" lon="81.0414469">
      </trkpt>
      <trkpt lat="26.7746174" lon="81.0404927">
      </trkpt>
      <trkpt lat="26.7746027" lon="81.0404233">
      </trkpt>
      <trkpt lat="26.7743849" lon="81.0394068">
      </trkpt>
      <trkpt lat="26.7741855" lon="81.0384965">
      </trkpt>
      <trkpt lat="26.7739667" lon="81.0374786">
      </trkpt>
      <trkpt lat="26.773736" lon="81.0364055">
      </trkpt>
      <trkpt lat="26.7736489" lon="81.036">
      </trkpt>
      <trkpt lat="26.7733797" lon="81.0348285">
      </trkpt>
      <trkpt lat="26.7733295" lon="81.0345231">
      </trkpt>
      <trkpt lat="26.7729261" lon="81.0326471">
      </trkpt>
      <trkpt lat="26.7726183" lon="81.0312189">
      </trkpt>
      <trkpt lat="26.7724874" lon="81.0305991">
      </trkpt>
      <trkpt lat="26.7723972" lon="81.030179">
      </trkpt>
      <trkpt lat="26.7721861" lon="81.0290496">
      </trkpt>
      <trkpt lat="26.7719557" lon="81.0279768">
      </trkpt>
      <trkpt lat="26.7702441" lon="81.0201961">
      </trkpt>
      <trkpt lat="26.7699797" lon="81.0189474">
      </trkpt>
      <trkpt lat="26.7698902" lon="81.0185295">
      </trkpt>
      <trkpt lat="26.7696715" lon="81.017525">
      </trkpt>
      <trkpt lat="26.7689234" lon="81.0140488">
      </trkpt>
      <trkpt lat="26.7684427" lon="81.0117959">
      </trkpt>
      <trkpt lat="26.7682153" lon="81.0107249">
      </trkpt>
      <trkpt lat="26.7680314" lon="81.0098851">
      </trkpt>
      <trkpt lat="26.7677835" lon="81.0088958">
      </trkpt>
      <trkpt lat="26.7675528" lon="81.0080577">
      </trkpt>
      <trkpt lat="26.7673883" lon="81.0075478">
      </trkpt>
      <trkpt lat="26.76735" lon="81.0074376">
      </trkpt>
      <trkpt lat="26.7671799" lon="81.0069885">
      </trkpt>
      <trkpt lat="26.7669143" lon="81.0063743">
      </trkpt>
      <trkpt lat="26.7660796" lon="81.0046832">
      </trkpt>
      <trkpt lat="26.7651141" lon="81.002766">
      </trkpt>
      <trkpt lat="26.7644377" lon="81.001474">
      </trkpt>
      <trkpt lat="26.763079" lon="80.9987825">
      </trkpt>
      <trkpt lat="26.7628184" lon="80.9982721">
      </trkpt>
      <trkpt lat="26.7626822" lon="80.9980059">
      </trkpt>
      <trkpt lat="26.7622396" lon="80.9971483">
      </trkpt>
      <trkpt lat="26.7618484" lon="80.9963631">
      </trkpt>
      <trkpt lat="26.7612685" lon="80.9952418">
      </trkpt>
      <trkpt lat="26.7596275" lon="80.9920208">
      </trkpt>
      <trkpt lat="26.7591883" lon="80.9911668">
      </trkpt>
      <trkpt lat="26.7589099" lon="80.9906294">
      </trkpt>
      <trkpt lat="26.7586127" lon="80.9900559">
      </trkpt>
      <trkpt lat="26.7576098" lon="80.98812">
      </trkpt>
      <trkpt lat="26.7571482" lon="80.9872152">
      </trkpt>
      <trkpt lat="26.7569415" lon="80.98681">
      </trkpt>
      <trkpt lat="26.7558398" lon="80.9846746">
      </trkpt>
      <trkpt lat="26.7557358" lon="80.9844731">
      </trkpt>
      <trkpt lat="26.7552958" lon="80.9835813">
      </trkpt>
      <trkpt lat="26.7550537" lon="80.9829842">
      </trkpt>
      <trkpt lat="26.7548472" lon="80.9823097">
      </trkpt>
      <trkpt lat="26.7547378" lon="80.9817362">
      </trkpt>
      <trkpt lat="26.7546771" lon="80.9811395">
      </trkpt>
      <trkpt lat="26.7546788" lon="80.9804533">
      </trkpt>
      <trkpt lat="26.754702" lon="80.9801431">
      </trkpt>
      <trkpt lat="26.75475" lon="80.9797555">
      </trkpt>
      <trkpt lat="26.7548593" lon="80.9792268">
      </trkpt>
      <trkpt lat="26.7548824" lon="80.9791287">
      </trkpt>
      <trkpt lat="26.7550676" lon="80.9785503">
      </trkpt>
      <trkpt lat="26.7553661" lon="80.9778797">
      </trkpt>
      <trkpt lat="26.7557376" lon="80.9772577">
      </trkpt>
      <trkpt lat="26.7560917" lon="80.9767854">
      </trkpt>
      <trkpt lat="26.7564028" lon="80.9764173">
      </trkpt>
      <trkpt lat="26.7569421" lon="80.9759515">
      </trkpt>
      <trkpt lat="26.7576843" lon="80.9754135">
      </trkpt>
      <trkpt lat="26.7579255" lon="80.9752794">
      </trkpt>
      <trkpt lat="26.7582199" lon="80.9751204">
      </trkpt>
      <trkpt lat="26.7584919" lon="80.9750092">
      </trkpt>
      <trkpt lat="26.7587638" lon="80.9749249">
      </trkpt>
      <trkpt lat="26.7589604" lon="80.9748816">
      </trkpt>
      <trkpt lat="26.7600506" lon="80.9747458">
      </trkpt>
      <trkpt lat="26.7605463" lon="80.9746825">
      </trkpt>
      <trkpt lat="26.762464" lon="80.9744311">
      </trkpt>
      <trkpt lat="26.7667712" lon="80.973879">
      </trkpt>
      <trkpt lat="26.7700663" lon="80.9734344">
      </trkpt>
      <trkpt lat="26.7710964" lon="80.973303">
      </trkpt>
      <trkpt lat="26.7717409" lon="80.9732355">
      </trkpt>
      <trkpt lat="26.7725039" lon="80.973208">
      </trkpt>
      <trkpt lat="26.7731492" lon="80.973186">
      </trkpt>
      <trkpt lat="26.7737454" lon="80.9731997">
      </trkpt>
      <trkpt lat="26.7744692" lon="80.9732465">
      </trkpt>
      <trkpt lat="26.7748839" lon="80.9732849">
      </trkpt>
      <trkpt lat="26.7755684" lon="80.9733839">
      </trkpt>
      <trkpt lat="26.7763217" lon="80.9735103">
      </trkpt>
      <trkpt lat="26.7769719" lon="80.973645">
      </trkpt>
      <trkpt lat="26.7777129" lon="80.9738236">
      </trkpt>
      <trkpt lat="26.7783287" lon="80.9739967">
      </trkpt>
      <trkpt lat="26.7789347" lon="80.9741974">
      </trkpt>
      <trkpt lat="26.7805278" lon="80.9747054">
      </trkpt>
      <trkpt lat="26.781699" lon="80.9751453">
      </trkpt>
      <trkpt lat="26.786722" lon="80.9766901">
      </trkpt>
      <trkpt lat="26.7891887" lon="80.9774843">
      </trkpt>
      <trkpt lat="26.7898034" lon="80.9776822">
      </trkpt>
      <trkpt lat="26.7903406" lon="80.9778636">
      </trkpt>
      <trkpt lat="26.7909687" lon="80.9780999">
      </trkpt>
      <trkpt lat="26.7920113" lon="80.9784847">
      </trkpt>
      <trkpt lat="26.7927867" lon="80.978733">
      </trkpt>
      <trkpt lat="26.7931126" lon="80.9788374">
      </trkpt>
      <trkpt lat="26.7944619" lon="80.9792664">
      </trkpt>
      <trkpt lat="26.7950678" lon="80.9794278">
      </trkpt>
      <trkpt lat="26.7964079" lon="80.9797662">
      </trkpt>
      <trkpt lat="26.7970727" lon="80.9799218">
      </trkpt>
      <trkpt lat="26.7979458" lon="80.9800715">
      </trkpt>
      <trkpt lat="26.7984492" lon="80.9801299">
      </trkpt>
      <trkpt lat="26.7990672" lon="80.9801727">
      </trkpt>
      <trkpt lat="26.7997997" lon="80.9801921">
      </trkpt>
      <trkpt lat="26.8003361" lon="80.9801804">
      </trkpt>
      <trkpt lat="26.8008169" lon="80.9801532">
      </trkpt>
      <trkpt lat="26.8015998" lon="80.9800657">
      </trkpt>
      <trkpt lat="26.8024329" lon="80.9799315">
      </trkpt>
      <trkpt lat="26.8031932" lon="80.9797545">
      </trkpt>
      <trkpt lat="26.8038302" lon="80.9795659">
      </trkpt>
      <trkpt lat="26.8041935" lon="80.9794505">
      </trkpt>
      <trkpt lat="26.8064881" lon="80.9786337">
      </trkpt>
      <trkpt lat="26.8101505" lon="80.9773327">
      </trkpt>
      <trkpt lat="26.8158797" lon="80.9752966">
      </trkpt>
      <trkpt lat="26.8184683" lon="80.9743692">
      </trkpt>
      <trkpt lat="26.8224113" lon="80.972969">
      </trkpt>
      <trkpt lat="26.82545" lon="80.9718859">
      </trkpt>
      <trkpt lat="26.8261123" lon="80.971606">
      </trkpt>
      <trkpt lat="26.8276748" lon="80.9710827">
      </trkpt>
      <trkpt lat="26.8281173" lon="80.9708882">
      </trkpt>
      <trkpt lat="26.8285737" lon="80.970649">
      </trkpt>
      <trkpt lat="26.8289138" lon="80.970441">
      </trkpt>
      <trkpt lat="26.8293008" lon="80.9701531">
      </trkpt>
      <trkpt lat="26.8297121" lon="80.9698012">
      </trkpt>
      <trkpt lat="26.8300765" lon="80.9694317">
      </trkpt>
      <trkpt lat="26.8304028" lon="80.9690291">
      </trkpt>
      <trkpt lat="26.8306631" lon="80.9686421">
      </trkpt>
      <trkpt lat="26.8309147" lon="80.9682162">
      </trkpt>
      <trkpt lat="26.831168" lon="80.9676853">
      </trkpt>
      <trkpt lat="26.8313503" lon="80.9671953">
      </trkpt>
      <trkpt lat="26.8314995" lon="80.9667286">
      </trkpt>
      <trkpt lat="26.8316574" lon="80.9660849">
      </trkpt>
      <trkpt lat="26.8317407" lon="80.9654451">
      </trkpt>
      <trkpt lat="26.8317615" lon="80.9647217">
      </trkpt>
      <trkpt lat="26.8317255" lon="80.9639442">
      </trkpt>
      <trkpt lat="26.8316956" lon="80.9632993">
      </trkpt>
      <trkpt lat="26.8316609" lon="80.9625494">
      </trkpt>
      <trkpt lat="26.83165" lon="80.9623273">
      </trkpt>
      <trkpt lat="26.8316124" lon="80.961912">
      </trkpt>
      <trkpt lat="26.8315361" lon="80.9612341">
      </trkpt>
      <trkpt lat="26.8315091" lon="80.9608393">
      </trkpt>
      <trkpt lat="26.8313862" lon="80.9584347">
      </trkpt>
      <trkpt lat="26.8313206" lon="80.9571509">
      </trkpt>
      <trkpt lat="26.8311173" lon="80.9530141">
      </trkpt>
      <trkpt lat="26.8310336" lon="80.9512467">
      </trkpt>
      <trkpt lat="26.8308369" lon="80.9475598">
      </trkpt>
      <trkpt lat="26.8307281" lon="80.9453454">
      </trkpt>
      <trkpt lat="26.8306205" lon="80.9432413">
      </trkpt>
      <trkpt lat="26.830588" lon="80.9426703">
      </trkpt>
      <trkpt lat="26.830536" lon="80.9418168">
      </trkpt>
      <trkpt lat="26.8304806" lon="80.9409069">
      </trkpt>
      <trkpt lat="26.8303336" lon="80.9380125">
      </trkpt>
      <trkpt lat="26.8302265" lon="80.9360124">
      </trkpt>
      <trkpt lat="26.830159" lon="80.9346913">
      </trkpt>
      <trkpt lat="26.8301503" lon="80.9345211">
      </trkpt>
      <trkpt lat="26.8300412" lon="80.9323659">
      </trkpt>
      <trkpt lat="26.8300366" lon="80.9322829">
      </trkpt>
      <trkpt lat="26.8300268" lon="80.9321041">
      </trkpt>
      <trkpt lat="26.8300161" lon="80.9319083">
      </trkpt>
      <trkpt lat="26.8300259" lon="80.9316646">
      </trkpt>
      <trkpt lat="26.8300478" lon="80.9314824">
      </trkpt>
      <trkpt lat="26.8300967" lon="80.931223">
      </trkpt>
      <trkpt lat="26.8301293" lon="80.9310458">
      </trkpt>
      <trkpt lat="26.8301747" lon="80.9308339">
      </trkpt>
      <trkpt lat="26.8301935" lon="80.9307457">
      </trkpt>
      <trkpt lat="26.8304365" lon="80.9296104">
      </trkpt>
      <trkpt lat="26.8305184" lon="80.9292356">
      </trkpt>
      <trkpt lat="26.8305479" lon="80.9290099">
      </trkpt>
      <trkpt lat="26.8305572" lon="80.9288114">
      </trkpt>
      <trkpt lat="26.8305777" lon="80.9283762">
      </trkpt>
      <trkpt lat="26.8305976" lon="80.927766">
      </trkpt>
      <trkpt lat="26.8305954" lon="80.927214">
      </trkpt>
      <trkpt lat="26.8305746" lon="80.9265786">
      </trkpt>
      <trkpt lat="26.8304683" lon="80.9244587">
      </trkpt>
      <trkpt lat="26.8302942" lon="80.9209849">
      </trkpt>
      <trkpt lat="26.8302755" lon="80.9206145">
      </trkpt>
      <trkpt lat="26.8302073" lon="80.9192659">
      </trkpt>
      <trkpt lat="26.8301996" lon="80.919113">
      </trkpt>
      <trkpt lat="26.8301478" lon="80.9181815">
      </trkpt>
      <trkpt lat="26.8300834" lon="80.9170213">
      </trkpt>
      <trkpt lat="26.8299177" lon="80.9138301">
      </trkpt>
      <trkpt lat="26.8298851" lon="80.9134321">
      </trkpt>
      <trkpt lat="26.8298073" lon="80.91293">
      </trkpt>
      <trkpt lat="26.8296993" lon="80.9124855">
      </trkpt>
      <trkpt lat="26.8295789" lon="80.9121466">
      </trkpt>
      <trkpt lat="26.8292325" lon="80.9111649">
      </trkpt>
      <trkpt lat="26.829112" lon="80.9106585">
      </trkpt>
      <trkpt lat="26.8290496" lon="80.9102085">
      </trkpt>
      <trkpt lat="26.8290302" lon="80.909843">
      </trkpt>
      <trkpt lat="26.8290217" lon="80.9096835">
      </trkpt>
      <trkpt lat="26.8288965" lon="80.9073295">
      </trkpt>
      <trkpt lat="26.8287935" lon="80.9054687">
      </trkpt>
      <trkpt lat="26.8287107" lon="80.9047936">
      </trkpt>
      <trkpt lat="26.8286193" lon="80.9041544">
      </trkpt>
      <trkpt lat="26.8285802" lon="80.9037922">
      </trkpt>
      <trkpt lat="26.828539" lon="80.9033899">
      </trkpt>
      <trkpt lat="26.8285095" lon="80.9029078">
      </trkpt>
      <trkpt lat="26.8284612" lon="80.9018594">
      </trkpt>
      <trkpt lat="26.8284385" lon="80.9012779">
      </trkpt>
      <trkpt lat="26.8284353" lon="80.9009528">
      </trkpt>
      <trkpt lat="26.8284323" lon="80.9006657">
      </trkpt>
      <trkpt lat="26.8284489" lon="80.9003589">
      </trkpt>
      <trkpt lat="26.8284594" lon="80.900164">
      </trkpt>
      <trkpt lat="26.8285211" lon="80.8994434">
      </trkpt>
      <trkpt lat="26.8286268" lon="80.8985655">
      </trkpt>
      <trkpt lat="26.82873" lon="80.897947">
      </trkpt>
      <trkpt lat="26.8288684" lon="80.8971994">
      </trkpt>
      <trkpt lat="26.8290315" lon="80.8965559">
      </trkpt>
      <trkpt lat="26.8292817" lon="80.8956521">
      </trkpt>
      <trkpt lat="26.8297612" lon="80.8941022">
      </trkpt>
      <trkpt lat="26.8299379" lon="80.8935289">
      </trkpt>
      <trkpt lat="26.8299701" lon="80.8934268">
      </trkpt>
      <trkpt lat="26.8301791" lon="80.8927671">
      </trkpt>
      <trkpt lat="26.8304348" lon="80.8918842">
      </trkpt>
      <trkpt lat="26.8305715" lon="80.8914378">
      </trkpt>
      <trkpt lat="26.8305908" lon="80.8913749">
      </trkpt>
      <trkpt lat="26.8306734" lon="80.8911051">
      </trkpt>
      <trkpt lat="26.8308961" lon="80.8903775">
      </trkpt>
      <trkpt lat="26.8310671" lon="80.8898192">
      </trkpt>
      <trkpt lat="26.8311044" lon="80.8896973">
      </trkpt>
      <trkpt lat="26.8312482" lon="80.8892266">
      </trkpt>
      <trkpt lat="26.8313539" lon="80.8888806">
      </trkpt>
      <trkpt lat="26.8314549" lon="80.88855">
      </trkpt>
      <trkpt lat="26.8320492" lon="80.8866082">
      </trkpt>
      <trkpt lat="26.8326967" lon="80.8844928">
      </trkpt>
      <trkpt lat="26.8328023" lon="80.8841465">
      </trkpt>
      <trkpt lat="26.8331833" lon="80.8828995">
      </trkpt>
      <trkpt lat="26.8332969" lon="80.8825324">
      </trkpt>
      <trkpt lat="26.8335668" lon="80.8816602">
      </trkpt>
      <trkpt lat="26.8338337" lon="80.8808685">
      </trkpt>
      <trkpt lat="26.8340821" lon="80.8801079">
      </trkpt>
      <trkpt lat="26.8341159" lon="80.8800134">
      </trkpt>
      <trkpt lat="26.8344985" lon="80.8790297">
      </trkpt>
      <trkpt lat="26.8345523" lon="80.8789092">
      </trkpt>
      <trkpt lat="26.8347467" lon="80.8784735">
      </trkpt>
      <trkpt lat="26.834976" lon="80.8779693">
      </trkpt>
      <trkpt lat="26.8352623" lon="80.8774034">
      </trkpt>
      <trkpt lat="26.8355018" lon="80.8769327">
      </trkpt>
      <trkpt lat="26.8358593" lon="80.8763201">
      </trkpt>
      <trkpt lat="26.836137" lon="80.8758553">
      </trkpt>
      <trkpt lat="26.8364626" lon="80.8753503">
      </trkpt>
      <trkpt lat="26.8365992" lon="80.8751503">
      </trkpt>
      <trkpt lat="26.8367085" lon="80.8749969">
      </trkpt>
      <trkpt lat="26.8368479" lon="80.8748014">
      </trkpt>
      <trkpt lat="26.8372745" lon="80.8742028">
      </trkpt>
      <trkpt lat="26.8373849" lon="80.8740434">
      </trkpt>
      <trkpt lat="26.8375201" lon="80.8738612">
      </trkpt>
      <trkpt lat="26.8379539" lon="80.8732764">
      </trkpt>
      <trkpt lat="26.8381454" lon="80.8729832">
      </trkpt>
      <trkpt lat="26.8381927" lon="80.8729107">
      </trkpt>
      <trkpt lat="26.8384332" lon="80.8725064">
      </trkpt>
      <trkpt lat="26.8385301" lon="80.8723524">
      </trkpt>
      <trkpt lat="26.8387584" lon="80.8719894">
      </trkpt>
      <trkpt lat="26.8389541" lon="80.8716999">
      </trkpt>
      <trkpt lat="26.8392958" lon="80.8712289">
      </trkpt>
      <trkpt lat="26.8414971" lon="80.8682121">
      </trkpt>
      <trkpt lat="26.8433265" lon="80.8657088">
      </trkpt>
      <trkpt lat="26.8436741" lon="80.8652834">
      </trkpt>
      <trkpt lat="26.8444355" lon="80.864309">
      </trkpt>
      <trkpt lat="26.8446377" lon="80.8640429">
      </trkpt>
      <trkpt lat="26.8450039" lon="80.8635686">
      </trkpt>
      <trkpt lat="26.845847" lon="80.8624737">
      </trkpt>
      <trkpt lat="26.8465354" lon="80.8615349">
      </trkpt>
      <trkpt lat="26.8488985" lon="80.8583082">
      </trkpt>
      <trkpt lat="26.8492223" lon="80.8578656">
      </trkpt>
      <trkpt lat="26.8501341" lon="80.8566195">
      </trkpt>
      <trkpt lat="26.8516948" lon="80.8544823">
      </trkpt>
      <trkpt lat="26.851793" lon="80.8543478">
      </trkpt>
      <trkpt lat="26.8522528" lon="80.8537181">
      </trkpt>
      <trkpt lat="26.8528656" lon="80.8528753">
      </trkpt>
      <trkpt lat="26.8538929" lon="80.8514613">
      </trkpt>
      <trkpt lat="26.8556831" lon="80.8490222">
      </trkpt>
      <trkpt lat="26.855935" lon="80.848669">
      </trkpt>
      <trkpt lat="26.8569491" lon="80.8472981">
      </trkpt>
      <trkpt lat="26.8581706" lon="80.8456131">
      </trkpt>
      <trkpt lat="26.858755" lon="80.84482">
      </trkpt>
      <trkpt lat="26.8588256" lon="80.8447248">
      </trkpt>
      <trkpt lat="26.8599778" lon="80.8431397">
      </trkpt>
      <trkpt lat="26.8610852" lon="80.8416086">
      </trkpt>
      <trkpt lat="26.8613602" lon="80.8411874">
      </trkpt>
      <trkpt lat="26.8616133" lon="80.8408124">
      </trkpt>
      <trkpt lat="26.8617884" lon="80.8405336">
      </trkpt>
      <trkpt lat="26.861952" lon="80.8402731">
      </trkpt>
      <trkpt lat="26.8620605" lon="80.8401004">
      </trkpt>
      <trkpt lat="26.8625416" lon="80.83926">
      </trkpt>
      <trkpt lat="26.863374" lon="80.837756">
      </trkpt>
      <trkpt lat="26.8645842" lon="80.8355253">
      </trkpt>
      <trkpt lat="26.8657022" lon="80.8334968">
      </trkpt>
      <trkpt lat="26.8668579" lon="80.8313798">
      </trkpt>
      <trkpt lat="26.8679496" lon="80.8294356">
      </trkpt>
      <trkpt lat="26.8680165" lon="80.8293121">
      </trkpt>
      <trkpt lat="26.8689924" lon="80.8275103">
      </trkpt>
      <trkpt lat="26.8697342" lon="80.8261531">
      </trkpt>
      <trkpt lat="26.8699019" lon="80.8258462">
      </trkpt>
      <trkpt lat="26.8709748" lon="80.8238704">
      </trkpt>
      <trkpt lat="26.8719617" lon="80.8220488">
      </trkpt>
      <trkpt lat="26.8730905" lon="80.8200283">
      </trkpt>
      <trkpt lat="26.874248" lon="80.8178818">
      </trkpt>
      <trkpt lat="26.875629" lon="80.8153836">
      </trkpt>
      <trkpt lat="26.8768843" lon="80.8130583">
      </trkpt>
      <trkpt lat="26.8778366" lon="80.8112101">
      </trkpt>
      <trkpt lat="26.8784609" lon="80.8100976">
      </trkpt>
      <trkpt lat="26.8789144" lon="80.8092585">
      </trkpt>
      <trkpt lat="26.8790805" lon="80.8089514">
      </trkpt>
      <trkpt lat="26.8801336" lon="80.8070523">
      </trkpt>
      <trkpt lat="26.8807385" lon="80.8059374">
      </trkpt>
      <trkpt lat="26.8813882" lon="80.8047271">
      </trkpt>
      <trkpt lat="26.8815347" lon="80.8044568">
      </trkpt>
      <trkpt lat="26.8817867" lon="80.8039574">
      </trkpt>
      <trkpt lat="26.8820384" lon="80.8034586">
      </trkpt>
      <trkpt lat="26.8825695" lon="80.8024434">
      </trkpt>
      <trkpt lat="26.883155" lon="80.8013808">
      </trkpt>
      <trkpt lat="26.8838452" lon="80.8000921">
      </trkpt>
      <trkpt lat="26.8849067" lon="80.7981432">
      </trkpt>
      <trkpt lat="26.8852346" lon="80.7975778">
      </trkpt>
      <trkpt lat="26.8855612" lon="80.7970211">
      </trkpt>
      <trkpt lat="26.8859171" lon="80.7964346">
      </trkpt>
      <trkpt lat="26.8863734" lon="80.7956484">
      </trkpt>
      <trkpt lat="26.8867158" lon="80.7950623">
      </trkpt>
      <trkpt lat="26.8870373" lon="80.794502">
      </trkpt>
      <trkpt lat="26.88763" lon="80.793412">
      </trkpt>
      <trkpt lat="26.8881807" lon="80.7924113">
      </trkpt>
      <trkpt lat="26.8885825" lon="80.7916714">
      </trkpt>
      <trkpt lat="26.8890366" lon="80.7908438">
      </trkpt>
      <trkpt lat="26.8895438" lon="80.7899224">
      </trkpt>
      <trkpt lat="26.8904983" lon="80.7881709">
      </trkpt>
      <trkpt lat="26.891956" lon="80.7854993">
      </trkpt>
      <trkpt lat="26.8926512" lon="80.7842348">
      </trkpt>
      <trkpt lat="26.8935663" lon="80.7825606">
      </trkpt>
      <trkpt lat="26.8935985" lon="80.7825007">
      </trkpt>
      <trkpt lat="26.8944309" lon="80.7810145">
      </trkpt>
      <trkpt lat="26.8955816" lon="80.7788905">
      </trkpt>
      <trkpt lat="26.896268" lon="80.7776341">
      </trkpt>
      <trkpt lat="26.8969702" lon="80.7763578">
      </trkpt>
      <trkpt lat="26.8982481" lon="80.7740015">
      </trkpt>
      <trkpt lat="26.8985144" lon="80.7734914">
      </trkpt>
      <trkpt lat="26.899079" lon="80.7723643">
      </trkpt>
      <trkpt lat="26.8996421" lon="80.7712551">
      </trkpt>
      <trkpt lat="26.8999985" lon="80.7706092">
      </trkpt>
      <trkpt lat="26.9003769" lon="80.7699118">
      </trkpt>
      <trkpt lat="26.9011075" lon="80.7686167">
      </trkpt>
      <trkpt lat="26.9017613" lon="80.7675199">
      </trkpt>
      <trkpt lat="26.9023185" lon="80.76656">
      </trkpt>
      <trkpt lat="26.9031458" lon="80.7650558">
      </trkpt>
      <trkpt lat="26.9038686" lon="80.763734">
      </trkpt>
      <trkpt lat="26.904678" lon="80.7622523">
      </trkpt>
      <trkpt lat="26.9055614" lon="80.7606429">
      </trkpt>
      <trkpt lat="26.9070719" lon="80.7578661">
      </trkpt>
      <trkpt lat="26.9078104" lon="80.7565229">
      </trkpt>
      <trkpt lat="26.908235" lon="80.755745">
      </trkpt>
      <trkpt lat="26.9086482" lon="80.7550068">
      </trkpt>
      <trkpt lat="26.9090554" lon="80.754247">
      </trkpt>
      <trkpt lat="26.9094706" lon="80.7534899">
      </trkpt>
      <trkpt lat="26.9104986" lon="80.7516051">
      </trkpt>
      <trkpt lat="26.9121706" lon="80.748544">
      </trkpt>
      <trkpt lat="26.9134922" lon="80.7461202">
      </trkpt>
      <trkpt lat="26.9147957" lon="80.7437208">
      </trkpt>
      <trkpt lat="26.9160186" lon="80.7414971">
      </trkpt>
      <trkpt lat="26.9165651" lon="80.7405196">
      </trkpt>
      <trkpt lat="26.917049" lon="80.7396208">
      </trkpt>
      <trkpt lat="26.9177753" lon="80.7382815">
      </trkpt>
      <trkpt lat="26.9186142" lon="80.7367418">
      </trkpt>
      <trkpt lat="26.9206735" lon="80.7329683">
      </trkpt>
      <trkpt lat="26.9222608" lon="80.7300603">
      </trkpt>
      <trkpt lat="26.9229853" lon="80.7287422">
      </trkpt>
      <trkpt lat="26.9233014" lon="80.7281753">
      </trkpt>
      <trkpt lat="26.9244484" lon="80.7260578">
      </trkpt>
      <trkpt lat="26.925418" lon="80.7242794">
      </trkpt>
      <trkpt lat="26.9275956" lon="80.7202968">
      </trkpt>
      <trkpt lat="26.9280331" lon="80.7194948">
      </trkpt>
      <trkpt lat="26.9283534" lon="80.7189622">
      </trkpt>
      <trkpt lat="26.9324047" lon="80.7123365">
      </trkpt>
      <trkpt lat="26.9329613" lon="80.7114216">
      </trkpt>
      <trkpt lat="26.9336515" lon="80.7103102">
      </trkpt>
      <trkpt lat="26.9357418" lon="80.7068977">
      </trkpt>
      <trkpt lat="26.9370889" lon="80.7046862">
      </trkpt>
      <trkpt lat="26.9384447" lon="80.702472">
      </trkpt>
      <trkpt lat="26.9411615" lon="80.6980488">
      </trkpt>
      <trkpt lat="26.9451404" lon="80.6915433">
      </trkpt>
      <trkpt lat="26.9471003" lon="80.6883604">
      </trkpt>
      <trkpt lat="26.9488911" lon="80.6853989">
      </trkpt>
      <trkpt lat="26.9489804" lon="80.6852513">
      </trkpt>
      <trkpt lat="26.949032" lon="80.6851659">
      </trkpt>
      <trkpt lat="26.9509945" lon="80.6819764">
      </trkpt>
      <trkpt lat="26.9528056" lon="80.6789434">
      </trkpt>
      <trkpt lat="26.9534742" lon="80.6778529">
      </trkpt>
      <trkpt lat="26.9541699" lon="80.6767184">
      </trkpt>
      <trkpt lat="26.9541789" lon="80.6767039">
      </trkpt>
      <trkpt lat="26.9544721" lon="80.6762324">
      </trkpt>
      <trkpt lat="26.9548262" lon="80.6756628">
      </trkpt>
      <trkpt lat="26.955538" lon="80.6745076">
      </trkpt>
      <trkpt lat="26.9555868" lon="80.6744285">
      </trkpt>
      <trkpt lat="26.9556009" lon="80.6744057">
      </trkpt>
      <trkpt lat="26.9563309" lon="80.6732228">
      </trkpt>
      <trkpt lat="26.9575621" lon="80.6711755">
      </trkpt>
      <trkpt lat="26.9608782" lon="80.6657453">
      </trkpt>
      <trkpt lat="26.9617106" lon="80.6644143">
      </trkpt>
      <trkpt lat="26.9621234" lon="80.6637765">
      </trkpt>
      <trkpt lat="26.9625479" lon="80.6631">
      </trkpt>
      <trkpt lat="26.9627283" lon="80.6628125">
      </trkpt>
      <trkpt lat="26.9631083" lon="80.6621922">
      </trkpt>
      <trkpt lat="26.963489" lon="80.6615783">
      </trkpt>
      <trkpt lat="26.9638222" lon="80.660988">
      </trkpt>
      <trkpt lat="26.9641895" lon="80.6603562">
      </trkpt>
      <trkpt lat="26.9645497" lon="80.6596787">
      </trkpt>
      <trkpt lat="26.9648923" lon="80.6589809">
      </trkpt>
      <trkpt lat="26.9652362" lon="80.6582735">
      </trkpt>
      <trkpt lat="26.9655587" lon="80.6575729">
      </trkpt>
      <trkpt lat="26.9657001" lon="80.6572729">
      </trkpt>
      <trkpt lat="26.9664339" lon="80.655716">
      </trkpt>
      <trkpt lat="26.9668978" lon="80.6547394">
      </trkpt>
      <trkpt lat="26.9671035" lon="80.6543127">
      </trkpt>
      <trkpt lat="26.9672947" lon="80.653944">
      </trkpt>
      <trkpt lat="26.9673236" lon="80.6538882">
      </trkpt>
      <trkpt lat="26.9674012" lon="80.6537406">
      </trkpt>
      <trkpt lat="26.9677991" lon="80.6530126">
      </trkpt>
      <trkpt lat="26.9682106" lon="80.6522895">
      </trkpt>
      <trkpt lat="26.9685639" lon="80.6517198">
      </trkpt>
      <trkpt lat="26.9702033" lon="80.6490376">
      </trkpt>
      <trkpt lat="26.9715018" lon="80.6469146">
      </trkpt>
      <trkpt lat="26.9802166" lon="80.6326546">
      </trkpt>
      <trkpt lat="26.9805129" lon="80.6321748">
      </trkpt>
      <trkpt lat="26.9823382" lon="80.6292129">
      </trkpt>
      <trkpt lat="26.9849124" lon="80.6249911">
      </trkpt>
      <trkpt lat="26.9874857" lon="80.6207871">
      </trkpt>
      <trkpt lat="26.9888459" lon="80.6185683">
      </trkpt>
      <trkpt lat="26.9897394" lon="80.6171109">
      </trkpt>
      <trkpt lat="26.9915411" lon="80.6141652">
      </trkpt>
      <trkpt lat="26.9930822" lon="80.611639">
      </trkpt>
      <trkpt lat="26.9931276" lon="80.6115674">
      </trkpt>
      <trkpt lat="26.9935783" lon="80.6108257">
      </trkpt>
      <trkpt lat="26.9957881" lon="80.6072168">
      </trkpt>
      <trkpt lat="26.9960051" lon="80.6068508">
      </trkpt>
      <trkpt lat="26.996279" lon="80.6064084">
      </trkpt>
      <trkpt lat="26.996743" lon="80.605659">
      </trkpt>
      <trkpt lat="26.9977279" lon="80.6040317">
      </trkpt>
      <trkpt lat="26.9993956" lon="80.6013026">
      </trkpt>
      <trkpt lat="27.0004205" lon="80.5996219">
      </trkpt>
      <trkpt lat="27.0009688" lon="80.5987276">
      </trkpt>
      <trkpt lat="27.0015354" lon="80.5977905">
      </trkpt>
      <trkpt lat="27.0024148" lon="80.5962467">
      </trkpt>
      <trkpt lat="27.0029846" lon="80.5952371">
      </trkpt>
      <trkpt lat="27.0035878" lon="80.594244">
      </trkpt>
      <trkpt lat="27.0037195" lon="80.594036">
      </trkpt>
      <trkpt lat="27.003877" lon="80.593778">
      </trkpt>
      <trkpt lat="27.0040356" lon="80.5935084">
      </trkpt>
      <trkpt lat="27.0045242" lon="80.592705">
      </trkpt>
      <trkpt lat="27.0050231" lon="80.5919117">
      </trkpt>
      <trkpt lat="27.0060717" lon="80.5903421">
      </trkpt>
      <trkpt lat="27.0065018" lon="80.5896586">
      </trkpt>
      <trkpt lat="27.0069223" lon="80.5889742">
      </trkpt>
      <trkpt lat="27.0076177" lon="80.5878351">
      </trkpt>
      <trkpt lat="27.0076435" lon="80.587792">
      </trkpt>
      <trkpt lat="27.0084347" lon="80.5864782">
      </trkpt>
      <trkpt lat="27.0092087" lon="80.5852089">
      </trkpt>
      <trkpt lat="27.0100049" lon="80.5839412">
      </trkpt>
      <trkpt lat="27.0124514" lon="80.5799048">
      </trkpt>
      <trkpt lat="27.0149329" lon="80.5758618">
      </trkpt>
      <trkpt lat="27.0157574" lon="80.5744827">
      </trkpt>
      <trkpt lat="27.0165974" lon="80.5731182">
      </trkpt>
      <trkpt lat="27.0171691" lon="80.5722133">
      </trkpt>
      <trkpt lat="27.0177659" lon="80.5713019">
      </trkpt>
      <trkpt lat="27.0181001" lon="80.5708475">
      </trkpt>
      <trkpt lat="27.0184391" lon="80.5703948">
      </trkpt>
      <trkpt lat="27.0189294" lon="80.5697523">
      </trkpt>
      <trkpt lat="27.0194372" lon="80.5691139">
      </trkpt>
      <trkpt lat="27.0204507" lon="80.5678546">
      </trkpt>
      <trkpt lat="27.0222636" lon="80.5656169">
      </trkpt>
      <trkpt lat="27.0239692" lon="80.5634691">
      </trkpt>
      <trkpt lat="27.0274438" lon="80.5591382">
      </trkpt>
      <trkpt lat="27.0343681" lon="80.5505106">
      </trkpt>
      <trkpt lat="27.037176" lon="80.5470062">
      </trkpt>
      <trkpt lat="27.0392102" lon="80.5444738">
      </trkpt>
      <trkpt lat="27.0412649" lon="80.5419063">
      </trkpt>
      <trkpt lat="27.0433158" lon="80.5393515">
      </trkpt>
      <trkpt lat="27.0474103" lon="80.5342553">
      </trkpt>
      <trkpt lat="27.0487887" lon="80.5325274">
      </trkpt>
      <trkpt lat="27.0501718" lon="80.530798">
      </trkpt>
      <trkpt lat="27.0534768" lon="80.5266793">
      </trkpt>
      <trkpt lat="27.0539212" lon="80.5260987">
      </trkpt>
      <trkpt lat="27.0543397" lon="80.5255216">
      </trkpt>
      <trkpt lat="27.055158" lon="80.5243008">
      </trkpt>
      <trkpt lat="27.0564007" lon="80.5222881">
      </trkpt>
      <trkpt lat="27.0572135" lon="80.5209485">
      </trkpt>
      <trkpt lat="27.0572449" lon="80.5208976">
      </trkpt>
      <trkpt lat="27.0575582" lon="80.5203708">
      </trkpt>
      <trkpt lat="27.0600424" lon="80.5162918">
      </trkpt>
      <trkpt lat="27.0622624" lon="80.5126363">
      </trkpt>
      <trkpt lat="27.062478" lon="80.5122814">
      </trkpt>
      <trkpt lat="27.0627349" lon="80.5118704">
      </trkpt>
      <trkpt lat="27.0656338" lon="80.5071237">
      </trkpt>
      <trkpt lat="27.0667958" lon="80.5051689">
      </trkpt>
      <trkpt lat="27.0682243" lon="80.5027855">
      </trkpt>
      <trkpt lat="27.0708387" lon="80.498486">
      </trkpt>
      <trkpt lat="27.0738539" lon="80.4935215">
      </trkpt>
      <trkpt lat="27.0754255" lon="80.4909368">
      </trkpt>
      <trkpt lat="27.0754544" lon="80.4908893">
      </trkpt>
      <trkpt lat="27.0770465" lon="80.4882595">
      </trkpt>
      <trkpt lat="27.0828223" lon="80.4787502">
      </trkpt>
      <trkpt lat="27.0841014" lon="80.4766431">
      </trkpt>
      <trkpt lat="27.0844799" lon="80.4760323">
      </trkpt>
      <trkpt lat="27.0845182" lon="80.4759688">
      </trkpt>
      <trkpt lat="27.0852178" lon="80.4748105">
      </trkpt>
      <trkpt lat="27.0866585" lon="80.4724469">
      </trkpt>
      <trkpt lat="27.0876716" lon="80.4707949">
      </trkpt>
      <trkpt lat="27.0893359" lon="80.4680339">
      </trkpt>
      <trkpt lat="27.0909522" lon="80.4653617">
      </trkpt>
      <trkpt lat="27.0927241" lon="80.4624636">
      </trkpt>
      <trkpt lat="27.0969498" lon="80.4554942">
      </trkpt>
      <trkpt lat="27.0971224" lon="80.4552175">
      </trkpt>
      <trkpt lat="27.1004094" lon="80.4497999">
      </trkpt>
      <trkpt lat="27.1020581" lon="80.4470774">
      </trkpt>
      <trkpt lat="27.1037003" lon="80.4443726">
      </trkpt>
      <trkpt lat="27.1075625" lon="80.4380248">
      </trkpt>
      <trkpt lat="27.1082769" lon="80.4368512">
      </trkpt>
      <trkpt lat="27.111427" lon="80.4316601">
      </trkpt>
      <trkpt lat="27.1125132" lon="80.4298786">
      </trkpt>
      <trkpt lat="27.1125978" lon="80.4297399">
      </trkpt>
      <trkpt lat="27.1142038" lon="80.427084">
      </trkpt>
      <trkpt lat="27.1158123" lon="80.424433">
      </trkpt>
      <trkpt lat="27.1161288" lon="80.4239144">
      </trkpt>
      <trkpt lat="27.1162679" lon="80.4236865">
      </trkpt>
      <trkpt lat="27.1165176" lon="80.4232745">
      </trkpt>
      <trkpt lat="27.1188006" lon="80.4195078">
      </trkpt>
      <trkpt lat="27.1200583" lon="80.4174303">
      </trkpt>
      <trkpt lat="27.1210793" lon="80.4157614">
      </trkpt>
      <trkpt lat="27.1212106" lon="80.4155433">
      </trkpt>
      <trkpt lat="27.1215096" lon="80.4150514">
      </trkpt>
      <trkpt lat="27.121638" lon="80.4148395">
      </trkpt>
      <trkpt lat="27.1217095" lon="80.4147214">
      </trkpt>
      <trkpt lat="27.1220959" lon="80.4140837">
      </trkpt>
      <trkpt lat="27.1232806" lon="80.4121285">
      </trkpt>
      <trkpt lat="27.1256746" lon="80.408206">
      </trkpt>
      <trkpt lat="27.1275085" lon="80.4051655">
      </trkpt>
      <trkpt lat="27.1291911" lon="80.4023929">
      </trkpt>
      <trkpt lat="27.1312152" lon="80.3990283">
      </trkpt>
      <trkpt lat="27.1322429" lon="80.3973553">
      </trkpt>
      <trkpt lat="27.1332594" lon="80.3956675">
      </trkpt>
      <trkpt lat="27.1349939" lon="80.3927942">
      </trkpt>
      <trkpt lat="27.1367377" lon="80.3899222">
      </trkpt>
      <trkpt lat="27.1385557" lon="80.3869282">
      </trkpt>
      <trkpt lat="27.1405245" lon="80.3836678">
      </trkpt>
      <trkpt lat="27.1414386" lon="80.3821659">
      </trkpt>
      <trkpt lat="27.1423583" lon="80.3806469">
      </trkpt>
      <trkpt lat="27.142886" lon="80.3797843">
      </trkpt>
      <trkpt lat="27.1457885" lon="80.3749964">
      </trkpt>
      <trkpt lat="27.1472516" lon="80.3725891">
      </trkpt>
      <trkpt lat="27.1480297" lon="80.3714304">
      </trkpt>
      <trkpt lat="27.1488384" lon="80.370307">
      </trkpt>
      <trkpt lat="27.149309" lon="80.3696964">
      </trkpt>
      <trkpt lat="27.1497827" lon="80.3691063">
      </trkpt>
      <trkpt lat="27.1507753" lon="80.3679984">
      </trkpt>
      <trkpt lat="27.15142" lon="80.3673172">
      </trkpt>
      <trkpt lat="27.1520727" lon="80.3666641">
      </trkpt>
      <trkpt lat="27.1534271" lon="80.3654048">
      </trkpt>
      <trkpt lat="27.156157" lon="80.3628863">
      </trkpt>
      <trkpt lat="27.1578611" lon="80.3613045">
      </trkpt>
      <trkpt lat="27.1615005" lon="80.3579309">
      </trkpt>
      <trkpt lat="27.1620507" lon="80.3574267">
      </trkpt>
      <trkpt lat="27.1624826" lon="80.3570262">
      </trkpt>
      <trkpt lat="27.1634388" lon="80.3561394">
      </trkpt>
      <trkpt lat="27.165059" lon="80.3546366">
      </trkpt>
      <trkpt lat="27.1691362" lon="80.3508673">
      </trkpt>
      <trkpt lat="27.1696262" lon="80.3504147">
      </trkpt>
      <trkpt lat="27.1700442" lon="80.3500189">
      </trkpt>
      <trkpt lat="27.1702708" lon="80.3498121">
      </trkpt>
      <trkpt lat="27.1705784" lon="80.3495379">
      </trkpt>
      <trkpt lat="27.1711782" lon="80.348984">
      </trkpt>
      <trkpt lat="27.1719898" lon="80.3482287">
      </trkpt>
      <trkpt lat="27.1729324" lon="80.3473422">
      </trkpt>
      <trkpt lat="27.1749473" lon="80.3454714">
      </trkpt>
      <trkpt lat="27.1767966" lon="80.3437829">
      </trkpt>
      <trkpt lat="27.1786237" lon="80.3420916">
      </trkpt>
      <trkpt lat="27.1800008" lon="80.3407898">
      </trkpt>
      <trkpt lat="27.1801693" lon="80.3406279">
      </trkpt>
      <trkpt lat="27.1818741" lon="80.3390632">
      </trkpt>
      <trkpt lat="27.1855352" lon="80.3356748">
      </trkpt>
      <trkpt lat="27.1888964" lon="80.3325644">
      </trkpt>
      <trkpt lat="27.192367" lon="80.3293422">
      </trkpt>
      <trkpt lat="27.1924138" lon="80.3293025">
      </trkpt>
      <trkpt lat="27.1952746" lon="80.3266516">
      </trkpt>
      <trkpt lat="27.195837" lon="80.3261261">
      </trkpt>
      <trkpt lat="27.1982898" lon="80.3238604">
      </trkpt>
      <trkpt lat="27.2015136" lon="80.3208702">
      </trkpt>
      <trkpt lat="27.2063037" lon="80.3164336">
      </trkpt>
      <trkpt lat="27.209255" lon="80.3136974">
      </trkpt>
      <trkpt lat="27.2110659" lon="80.3120471">
      </trkpt>
      <trkpt lat="27.2118434" lon="80.3113249">
      </trkpt>
      <trkpt lat="27.2127232" lon="80.3105047">
      </trkpt>
      <trkpt lat="27.2144469" lon="80.3089275">
      </trkpt>
      <trkpt lat="27.2158552" lon="80.3076123">
      </trkpt>
      <trkpt lat="27.2180595" lon="80.305558">
      </trkpt>
      <trkpt lat="27.2195691" lon="80.3041614">
      </trkpt>
      <trkpt lat="27.2229896" lon="80.3009915">
      </trkpt>
      <trkpt lat="27.2236309" lon="80.3003972">
      </trkpt>
      <trkpt lat="27.2240121" lon="80.3000488">
      </trkpt>
      <trkpt lat="27.2246308" lon="80.2994452">
      </trkpt>
      <trkpt lat="27.2253652" lon="80.2987941">
      </trkpt>
      <trkpt lat="27.2296093" lon="80.2948626">
      </trkpt>
      <trkpt lat="27.2301991" lon="80.294313">
      </trkpt>
      <trkpt lat="27.2309432" lon="80.2936286">
      </trkpt>
      <trkpt lat="27.2320517" lon="80.2925843">
      </trkpt>
      <trkpt lat="27.233912" lon="80.2908624">
      </trkpt>
      <trkpt lat="27.2357737" lon="80.2891487">
      </trkpt>
      <trkpt lat="27.2376191" lon="80.2874171">
      </trkpt>
      <trkpt lat="27.2405808" lon="80.2846997">
      </trkpt>
      <trkpt lat="27.2450506" lon="80.2805372">
      </trkpt>
      <trkpt lat="27.2454506" lon="80.2801638">
      </trkpt>
      <trkpt lat="27.2455127" lon="80.2801049">
      </trkpt>
      <trkpt lat="27.2459645" lon="80.2796867">
      </trkpt>
      <trkpt lat="27.2476111" lon="80.2781623">
      </trkpt>
      <trkpt lat="27.2497484" lon="80.2761862">
      </trkpt>
      <trkpt lat="27.2525194" lon="80.2736013">
      </trkpt>
      <trkpt lat="27.2562447" lon="80.2701477">
      </trkpt>
      <trkpt lat="27.257433" lon="80.2690682">
      </trkpt>
      <trkpt lat="27.2577318" lon="80.2687877">
      </trkpt>
      <trkpt lat="27.2613943" lon="80.2653705">
      </trkpt>
      <trkpt lat="27.2645911" lon="80.2624097">
      </trkpt>
      <trkpt lat="27.2656501" lon="80.2614358">
      </trkpt>
      <trkpt lat="27.2674288" lon="80.2597707">
      </trkpt>
      <trkpt lat="27.26921" lon="80.2581257">
      </trkpt>
      <trkpt lat="27.2692671" lon="80.2580726">
      </trkpt>
      <trkpt lat="27.2697141" lon="80.257657">
      </trkpt>
      <trkpt lat="27.2711157" lon="80.256354">
      </trkpt>
      <trkpt lat="27.2724868" lon="80.2550795">
      </trkpt>
      <trkpt lat="27.2736699" lon="80.2539015">
      </trkpt>
      <trkpt lat="27.2749298" lon="80.2525127">
      </trkpt>
      <trkpt lat="27.2763242" lon="80.2509341">
      </trkpt>
      <trkpt lat="27.2767799" lon="80.2504248">
      </trkpt>
      <trkpt lat="27.2769727" lon="80.2502082">
      </trkpt>
      <trkpt lat="27.277334" lon="80.2498024">
      </trkpt>
      <trkpt lat="27.2798868" lon="80.2469353">
      </trkpt>
      <trkpt lat="27.2802325" lon="80.2465343">
      </trkpt>
      <trkpt lat="27.2803249" lon="80.2464272">
      </trkpt>
      <trkpt lat="27.2808837" lon="80.2458166">
      </trkpt>
      <trkpt lat="27.2815166" lon="80.2451849">
      </trkpt>
      <trkpt lat="27.282171" lon="80.2445721">
      </trkpt>
      <trkpt lat="27.2828219" lon="80.243973">
      </trkpt>
      <trkpt lat="27.28355" lon="80.2432806">
      </trkpt>
      <trkpt lat="27.2842851" lon="80.2426034">
      </trkpt>
      <trkpt lat="27.2853192" lon="80.2416522">
      </trkpt>
      <trkpt lat="27.2854234" lon="80.2415549">
      </trkpt>
      <trkpt lat="27.2866314" lon="80.2404284">
      </trkpt>
      <trkpt lat="27.2888946" lon="80.2383369">
      </trkpt>
      <trkpt lat="27.2893105" lon="80.2379525">
      </trkpt>
      <trkpt lat="27.2906924" lon="80.23666">
      </trkpt>
      <trkpt lat="27.2913231" lon="80.2360702">
      </trkpt>
      <trkpt lat="27.2933384" lon="80.2342007">
      </trkpt>
      <trkpt lat="27.2972074" lon="80.230597">
      </trkpt>
      <trkpt lat="27.2981961" lon="80.2297036">
      </trkpt>
      <trkpt lat="27.3012174" lon="80.2268829">
      </trkpt>
      <trkpt lat="27.3037989" lon="80.2244738">
      </trkpt>
      <trkpt lat="27.3047312" lon="80.2235374">
      </trkpt>
      <trkpt lat="27.3056294" lon="80.2225595">
      </trkpt>
      <trkpt lat="27.3060894" lon="80.2220132">
      </trkpt>
      <trkpt lat="27.3063459" lon="80.2217093">
      </trkpt>
      <trkpt lat="27.3069373" lon="80.2209561">
      </trkpt>
      <trkpt lat="27.3074989" lon="80.2201859">
      </trkpt>
      <trkpt lat="27.3078192" lon="80.2197183">
      </trkpt>
      <trkpt lat="27.3081463" lon="80.2192262">
      </trkpt>
      <trkpt lat="27.3088274" lon="80.2180596">
      </trkpt>
      <trkpt lat="27.3089763" lon="80.2178011">
      </trkpt>
      <trkpt lat="27.3091181" lon="80.2175289">
      </trkpt>
      <trkpt lat="27.3092814" lon="80.2172231">
      </trkpt>
      <trkpt lat="27.3094327" lon="80.2169267">
      </trkpt>
      <trkpt lat="27.309637" lon="80.2165583">
      </trkpt>
      <trkpt lat="27.3099188" lon="80.2160297">
      </trkpt>
      <trkpt lat="27.3101406" lon="80.2156133">
      </trkpt>
      <trkpt lat="27.3105028" lon="80.214958">
      </trkpt>
      <trkpt lat="27.310859" lon="80.2143514">
      </trkpt>
      <trkpt lat="27.3112416" lon="80.2137188">
      </trkpt>
      <trkpt lat="27.3116239" lon="80.2130755">
      </trkpt>
      <trkpt lat="27.3120551" lon="80.2123479">
      </trkpt>
      <trkpt lat="27.3124007" lon="80.2117033">
      </trkpt>
      <trkpt lat="27.3124713" lon="80.2115717">
      </trkpt>
      <trkpt lat="27.312892" lon="80.2107979">
      </trkpt>
      <trkpt lat="27.3142342" lon="80.208299">
      </trkpt>
      <trkpt lat="27.3144926" lon="80.2078099">
      </trkpt>
      <trkpt lat="27.3145532" lon="80.2076995">
      </trkpt>
      <trkpt lat="27.3157867" lon="80.2054514">
      </trkpt>
      <trkpt lat="27.3167927" lon="80.2036007">
      </trkpt>
      <trkpt lat="27.3175778" lon="80.2021688">
      </trkpt>
      <trkpt lat="27.3178088" lon="80.2017468">
      </trkpt>
      <trkpt lat="27.3178622" lon="80.2016557">
      </trkpt>
      <trkpt lat="27.3180038" lon="80.2014155">
      </trkpt>
      <trkpt lat="27.318248" lon="80.2010038">
      </trkpt>
      <trkpt lat="27.3185864" lon="80.2004271">
      </trkpt>
      <trkpt lat="27.3188987" lon="80.1999254">
      </trkpt>
      <trkpt lat="27.3192251" lon="80.19942">
      </trkpt>
      <trkpt lat="27.3195957" lon="80.1988553">
      </trkpt>
      <trkpt lat="27.3201103" lon="80.1981798">
      </trkpt>
      <trkpt lat="27.3207249" lon="80.1973816">
      </trkpt>
      <trkpt lat="27.3213429" lon="80.1966289">
      </trkpt>
      <trkpt lat="27.322026" lon="80.1958621">
      </trkpt>
      <trkpt lat="27.3226257" lon="80.1952279">
      </trkpt>
      <trkpt lat="27.3227215" lon="80.1951266">
      </trkpt>
      <trkpt lat="27.3231267" lon="80.1947289">
      </trkpt>
      <trkpt lat="27.3236414" lon="80.1942448">
      </trkpt>
      <trkpt lat="27.3239326" lon="80.193982">
      </trkpt>
      <trkpt lat="27.324303" lon="80.1936478">
      </trkpt>
      <trkpt lat="27.325364" lon="80.1927695">
      </trkpt>
      <trkpt lat="27.3260478" lon="80.1922385">
      </trkpt>
      <trkpt lat="27.3267321" lon="80.1917292">
      </trkpt>
      <trkpt lat="27.3273227" lon="80.1913131">
      </trkpt>
      <trkpt lat="27.3279434" lon="80.1909054">
      </trkpt>
      <trkpt lat="27.3286487" lon="80.1904601">
      </trkpt>
      <trkpt lat="27.3291916" lon="80.1901501">
      </trkpt>
      <trkpt lat="27.3300904" lon="80.1896528">
      </trkpt>
      <trkpt lat="27.3309875" lon="80.1891915">
      </trkpt>
      <trkpt lat="27.3328032" lon="80.1882473">
      </trkpt>
      <trkpt lat="27.3364272" lon="80.1863577">
      </trkpt>
      <trkpt lat="27.3388507" lon="80.1850846">
      </trkpt>
      <trkpt lat="27.340896" lon="80.1840149">
      </trkpt>
      <trkpt lat="27.3433448" lon="80.1827453">
      </trkpt>
      <trkpt lat="27.3433783" lon="80.1827268">
      </trkpt>
      <trkpt lat="27.3454794" lon="80.1816173">
      </trkpt>
      <trkpt lat="27.3476816" lon="80.1804728">
      </trkpt>
      <trkpt lat="27.3488108" lon="80.1798856">
      </trkpt>
      <trkpt lat="27.3525886" lon="80.1779127">
      </trkpt>
      <trkpt lat="27.3528925" lon="80.1777545">
      </trkpt>
      <trkpt lat="27.357986" lon="80.1750888">
      </trkpt>
      <trkpt lat="27.3602364" lon="80.173908">
      </trkpt>
      <trkpt lat="27.3616907" lon="80.1731462">
      </trkpt>
      <trkpt lat="27.3652" lon="80.1713166">
      </trkpt>
      <trkpt lat="27.3667466" lon="80.1704935">
      </trkpt>
      <trkpt lat="27.3670624" lon="80.1703287">
      </trkpt>
      <trkpt lat="27.3676787" lon="80.1699722">
      </trkpt>
      <trkpt lat="27.3682733" lon="80.1696053">
      </trkpt>
      <trkpt lat="27.3691131" lon="80.1690345">
      </trkpt>
      <trkpt lat="27.3694452" lon="80.1688026">
      </trkpt>
      <trkpt lat="27.3712717" lon="80.1675274">
      </trkpt>
      <trkpt lat="27.3744134" lon="80.1653073">
      </trkpt>
      <trkpt lat="27.3784507" lon="80.1624792">
      </trkpt>
      <trkpt lat="27.380432" lon="80.1610843">
      </trkpt>
      <trkpt lat="27.38177" lon="80.160139">
      </trkpt>
      <trkpt lat="27.3818151" lon="80.1601074">
      </trkpt>
      <trkpt lat="27.3823781" lon="80.1597135">
      </trkpt>
      <trkpt lat="27.3847533" lon="80.1580452">
      </trkpt>
      <trkpt lat="27.3885906" lon="80.15535">
      </trkpt>
      <trkpt lat="27.3905269" lon="80.1539899">
      </trkpt>
      <trkpt lat="27.3908" lon="80.1537898">
      </trkpt>
      <trkpt lat="27.393055" lon="80.1522173">
      </trkpt>
      <trkpt lat="27.3953026" lon="80.1506237">
      </trkpt>
      <trkpt lat="27.3954364" lon="80.1505409">
      </trkpt>
      <trkpt lat="27.3960091" lon="80.1501369">
      </trkpt>
      <trkpt lat="27.3962899" lon="80.1499389">
      </trkpt>
      <trkpt lat="27.3966404" lon="80.1496918">
      </trkpt>
      <trkpt lat="27.4018614" lon="80.1460187">
      </trkpt>
      <trkpt lat="27.4025029" lon="80.1455446">
      </trkpt>
      <trkpt lat="27.4042083" lon="80.144341">
      </trkpt>
      <trkpt lat="27.4052647" lon="80.1435986">
      </trkpt>
      <trkpt lat="27.4073864" lon="80.1420998">
      </trkpt>
      <trkpt lat="27.4088477" lon="80.141063">
      </trkpt>
      <trkpt lat="27.413456" lon="80.1378182">
      </trkpt>
      <trkpt lat="27.4144856" lon="80.1370932">
      </trkpt>
      <trkpt lat="27.4167726" lon="80.1354826">
      </trkpt>
      <trkpt lat="27.4168325" lon="80.1354398">
      </trkpt>
      <trkpt lat="27.4197197" lon="80.1333756">
      </trkpt>
      <trkpt lat="27.4340611" lon="80.1232613">
      </trkpt>
      <trkpt lat="27.4368323" lon="80.1213068">
      </trkpt>
      <trkpt lat="27.4422805" lon="80.1182804">
      </trkpt>
      <trkpt lat="27.4516435" lon="80.1130578">
      </trkpt>
      <trkpt lat="27.4521177" lon="80.1127753">
      </trkpt>
      <trkpt lat="27.4526725" lon="80.1124078">
      </trkpt>
      <trkpt lat="27.4534112" lon="80.1118756">
      </trkpt>
      <trkpt lat="27.4542046" lon="80.1112141">
      </trkpt>
      <trkpt lat="27.4567193" lon="80.1089916">
      </trkpt>
      <trkpt lat="27.4609781" lon="80.1051958">
      </trkpt>
      <trkpt lat="27.4645623" lon="80.101994">
      </trkpt>
      <trkpt lat="27.4674311" lon="80.0996847">
      </trkpt>
      <trkpt lat="27.4709104" lon="80.0972254">
      </trkpt>
      <trkpt lat="27.4726181" lon="80.0960333">
      </trkpt>
      <trkpt lat="27.4770216" lon="80.0929357">
      </trkpt>
      <trkpt lat="27.4835155" lon="80.0883384">
      </trkpt>
      <trkpt lat="27.4936902" lon="80.0811173">
      </trkpt>
      <trkpt lat="27.5077142" lon="80.071202">
      </trkpt>
      <trkpt lat="27.5139312" lon="80.0668137">
      </trkpt>
      <trkpt lat="27.5198145" lon="80.0626266">
      </trkpt>
      <trkpt lat="27.5234849" lon="80.0600269">
      </trkpt>
      <trkpt lat="27.527045" lon="80.0575074">
      </trkpt>
      <trkpt lat="27.5291826" lon="80.0559946">
      </trkpt>
      <trkpt lat="27.5327442" lon="80.0534561">
      </trkpt>
      <trkpt lat="27.5341465" lon="80.0524747">
      </trkpt>
      <trkpt lat="27.5343653" lon="80.0523196">
      </trkpt>
      <trkpt lat="27.5345365" lon="80.0521978">
      </trkpt>
      <trkpt lat="27.5382139" lon="80.0495905">
      </trkpt>
      <trkpt lat="27.5407613" lon="80.0477843">
      </trkpt>
      <trkpt lat="27.5423675" lon="80.0466411">
      </trkpt>
      <trkpt lat="27.5444606" lon="80.0451514">
      </trkpt>
      <trkpt lat="27.5523818" lon="80.0395134">
      </trkpt>
      <trkpt lat="27.5567163" lon="80.0364511">
      </trkpt>
      <trkpt lat="27.5621452" lon="80.0325881">
      </trkpt>
      <trkpt lat="27.5652888" lon="80.0303377">
      </trkpt>
      <trkpt lat="27.5689247" lon="80.0277375">
      </trkpt>
      <trkpt lat="27.5713272" lon="80.0260261">
      </trkpt>
      <trkpt lat="27.5721822" lon="80.0254391">
      </trkpt>
      <trkpt lat="27.5730478" lon="80.0248045">
      </trkpt>
      <trkpt lat="27.5731291" lon="80.0247474">
      </trkpt>
      <trkpt lat="27.5749449" lon="80.0234856">
      </trkpt>
      <trkpt lat="27.5767406" lon="80.0221829">
      </trkpt>
      <trkpt lat="27.5782162" lon="80.0211527">
      </trkpt>
      <trkpt lat="27.5811842" lon="80.0190507">
      </trkpt>
      <trkpt lat="27.5812538" lon="80.019001">
      </trkpt>
      <trkpt lat="27.5862571" lon="80.0154271">
      </trkpt>
      <trkpt lat="27.5863437" lon="80.0153654">
      </trkpt>
      <trkpt lat="27.5867349" lon="80.0150834">
      </trkpt>
      <trkpt lat="27.6162534" lon="79.9940308">
      </trkpt>
      <trkpt lat="27.6165815" lon="79.9938006">
      </trkpt>
      <trkpt lat="27.6168492" lon="79.9936069">
      </trkpt>
      <trkpt lat="27.6383776" lon="79.9784427">
      </trkpt>
      <trkpt lat="27.6442342" lon="79.9742076">
      </trkpt>
      <trkpt lat="27.6481276" lon="79.9714588">
      </trkpt>
      <trkpt lat="27.6488594" lon="79.9709449">
      </trkpt>
      <trkpt lat="27.6497711" lon="79.9703803">
      </trkpt>
      <trkpt lat="27.6508112" lon="79.969756">
      </trkpt>
      <trkpt lat="27.6522046" lon="79.9690104">
      </trkpt>
      <trkpt lat="27.6532203" lon="79.9685021">
      </trkpt>
      <trkpt lat="27.6543559" lon="79.9679884">
      </trkpt>
      <trkpt lat="27.6561057" lon="79.9673698">
      </trkpt>
      <trkpt lat="27.6570417" lon="79.9670389">
      </trkpt>
      <trkpt lat="27.6583626" lon="79.9666956">
      </trkpt>
      <trkpt lat="27.6597548" lon="79.9663657">
      </trkpt>
      <trkpt lat="27.6611565" lon="79.9661136">
      </trkpt>
      <trkpt lat="27.662608" lon="79.9659365">
      </trkpt>
      <trkpt lat="27.6913564" lon="79.9644278">
      </trkpt>
      <trkpt lat="27.7079589" lon="79.9635411">
      </trkpt>
      <trkpt lat="27.7159202" lon="79.9631158">
      </trkpt>
      <trkpt lat="27.7282046" lon="79.9624596">
      </trkpt>
      <trkpt lat="27.7282757" lon="79.9624558">
      </trkpt>
      <trkpt lat="27.7296861" lon="79.9623805">
      </trkpt>
      <trkpt lat="27.7321452" lon="79.9622491">
      </trkpt>
      <trkpt lat="27.7323282" lon="79.9622393">
      </trkpt>
      <trkpt lat="27.742407" lon="79.9617008">
      </trkpt>
      <trkpt lat="27.7427143" lon="79.9616844">
      </trkpt>
      <trkpt lat="27.7492036" lon="79.9614115">
      </trkpt>
      <trkpt lat="27.7631116" lon="79.960643">
      </trkpt>
      <trkpt lat="27.7784136" lon="79.9597973">
      </trkpt>
      <trkpt lat="27.7807509" lon="79.9596682">
      </trkpt>
      <trkpt lat="27.797629" lon="79.9588736">
      </trkpt>
      <trkpt lat="27.8042195" lon="79.9585633">
      </trkpt>
      <trkpt lat="27.8157557" lon="79.9579609">
      </trkpt>
      <trkpt lat="27.8272777" lon="79.9573655">
      </trkpt>
      <trkpt lat="27.8397104" lon="79.9567273">
      </trkpt>
      <trkpt lat="27.8398162" lon="79.9567219">
      </trkpt>
      <trkpt lat="27.8406043" lon="79.9566814">
      </trkpt>
      <trkpt lat="27.8422193" lon="79.9565988">
      </trkpt>
      <trkpt lat="27.8456631" lon="79.9563665">
      </trkpt>
      <trkpt lat="27.8512956" lon="79.9561036">
      </trkpt>
      <trkpt lat="27.8544038" lon="79.9559534">
      </trkpt>
      <trkpt lat="27.8552741" lon="79.9559051">
      </trkpt>
      <trkpt lat="27.8562532" lon="79.9558205">
      </trkpt>
      <trkpt lat="27.8575317" lon="79.955661">
      </trkpt>
      <trkpt lat="27.8582613" lon="79.9555433">
      </trkpt>
      <trkpt lat="27.8593885" lon="79.9553257">
      </trkpt>
      <trkpt lat="27.8606856" lon="79.9550119">
      </trkpt>
      <trkpt lat="27.8618671" lon="79.954681">
      </trkpt>
      <trkpt lat="27.8629786" lon="79.9543065">
      </trkpt>
      <trkpt lat="27.8641073" lon="79.953872">
      </trkpt>
      <trkpt lat="27.86533" lon="79.9533481">
      </trkpt>
      <trkpt lat="27.8664485" lon="79.9527894">
      </trkpt>
      <trkpt lat="27.867095" lon="79.9524665">
      </trkpt>
      <trkpt lat="27.8674792" lon="79.95226">
      </trkpt>
      <trkpt lat="27.868121" lon="79.9518414">
      </trkpt>
      <trkpt lat="27.8683553" lon="79.9517155">
      </trkpt>
      <trkpt lat="27.8688225" lon="79.9514537">
      </trkpt>
      <trkpt lat="27.8696914" lon="79.9508893">
      </trkpt>
      <trkpt lat="27.8707013" lon="79.9501832">
      </trkpt>
      <trkpt lat="27.8716239" lon="79.9494705">
      </trkpt>
      <trkpt lat="27.8726505" lon="79.9486256">
      </trkpt>
      <trkpt lat="27.8735926" lon="79.9477795">
      </trkpt>
      <trkpt lat="27.8747344" lon="79.9466471">
      </trkpt>
      <trkpt lat="27.8753105" lon="79.946049">
      </trkpt>
      <trkpt lat="27.8761072" lon="79.9451424">
      </trkpt>
      <trkpt lat="27.8768499" lon="79.9442342">
      </trkpt>
      <trkpt lat="27.8782447" lon="79.9423125">
      </trkpt>
      <trkpt lat="27.878942" lon="79.9412738">
      </trkpt>
      <trkpt lat="27.8792775" lon="79.9407401">
      </trkpt>
      <trkpt lat="27.8793961" lon="79.9405532">
      </trkpt>
      <trkpt lat="27.8799431" lon="79.939685">
      </trkpt>
      <trkpt lat="27.8806356" lon="79.9383965">
      </trkpt>
      <trkpt lat="27.8812969" lon="79.9370506">
      </trkpt>
      <trkpt lat="27.8818918" lon="79.9357185">
      </trkpt>
      <trkpt lat="27.8824925" lon="79.9341859">
      </trkpt>
      <trkpt lat="27.8830564" lon="79.9326433">
      </trkpt>
      <trkpt lat="27.88312" lon="79.9324701">
      </trkpt>
      <trkpt lat="27.8836596" lon="79.9310016">
      </trkpt>
      <trkpt lat="27.8839595" lon="79.9300722">
      </trkpt>
      <trkpt lat="27.8842055" lon="79.929344">
      </trkpt>
      <trkpt lat="27.8846166" lon="79.9282445">
      </trkpt>
      <trkpt lat="27.8853262" lon="79.926356">
      </trkpt>
      <trkpt lat="27.8854121" lon="79.9261159">
      </trkpt>
      <trkpt lat="27.8857914" lon="79.9251232">
      </trkpt>
      <trkpt lat="27.8866004" lon="79.923165">
      </trkpt>
      <trkpt lat="27.8873553" lon="79.9211363">
      </trkpt>
      <trkpt lat="27.8878862" lon="79.9197596">
      </trkpt>
      <trkpt lat="27.8891418" lon="79.9163666">
      </trkpt>
      <trkpt lat="27.8892715" lon="79.9160218">
      </trkpt>
      <trkpt lat="27.8906555" lon="79.9123123">
      </trkpt>
      <trkpt lat="27.8910547" lon="79.9112657">
      </trkpt>
      <trkpt lat="27.891811" lon="79.9092261">
      </trkpt>
      <trkpt lat="27.8922247" lon="79.9079976">
      </trkpt>
      <trkpt lat="27.8923464" lon="79.9076456">
      </trkpt>
      <trkpt lat="27.8924796" lon="79.90726">
      </trkpt>
      <trkpt lat="27.892647" lon="79.9067478">
      </trkpt>
      <trkpt lat="27.8933709" lon="79.9047807">
      </trkpt>
      <trkpt lat="27.8944124" lon="79.9020149">
      </trkpt>
      <trkpt lat="27.8947956" lon="79.9009843">
      </trkpt>
      <trkpt lat="27.8951879" lon="79.8999691">
      </trkpt>
      <trkpt lat="27.895348" lon="79.8995426">
      </trkpt>
      <trkpt lat="27.8955376" lon="79.8991135">
      </trkpt>
      <trkpt lat="27.8958955" lon="79.8982632">
      </trkpt>
      <trkpt lat="27.8960163" lon="79.8979499">
      </trkpt>
      <trkpt lat="27.8961716" lon="79.8975324">
      </trkpt>
      <trkpt lat="27.8963882" lon="79.8969521">
      </trkpt>
      <trkpt lat="27.8967359" lon="79.8960283">
      </trkpt>
      <trkpt lat="27.8972974" lon="79.8945236">
      </trkpt>
      <trkpt lat="27.8973738" lon="79.8943138">
      </trkpt>
      <trkpt lat="27.8988802" lon="79.8902622">
      </trkpt>
      <trkpt lat="27.8998859" lon="79.8875714">
      </trkpt>
      <trkpt lat="27.900528" lon="79.8858424">
      </trkpt>
      <trkpt lat="27.9016197" lon="79.8829023">
      </trkpt>
      <trkpt lat="27.9029845" lon="79.8792456">
      </trkpt>
      <trkpt lat="27.9036839" lon="79.8774096">
      </trkpt>
      <trkpt lat="27.9040632" lon="79.8765246">
      </trkpt>
      <trkpt lat="27.9044568" lon="79.8756474">
      </trkpt>
      <trkpt lat="27.9048046" lon="79.8749243">
      </trkpt>
      <trkpt lat="27.905176" lon="79.8741771">
      </trkpt>
      <trkpt lat="27.9059089" lon="79.8727508">
      </trkpt>
      <trkpt lat="27.9067169" lon="79.8711952">
      </trkpt>
      <trkpt lat="27.9073359" lon="79.869974">
      </trkpt>
      <trkpt lat="27.9088676" lon="79.8670666">
      </trkpt>
      <trkpt lat="27.9094462" lon="79.8659301">
      </trkpt>
      <trkpt lat="27.909541" lon="79.8657495">
      </trkpt>
      <trkpt lat="27.9111071" lon="79.8626984">
      </trkpt>
      <trkpt lat="27.9113696" lon="79.862187">
      </trkpt>
      <trkpt lat="27.9131501" lon="79.8586326">
      </trkpt>
      <trkpt lat="27.9132935" lon="79.8583515">
      </trkpt>
      <trkpt lat="27.9138631" lon="79.8572054">
      </trkpt>
      <trkpt lat="27.9144737" lon="79.8560209">
      </trkpt>
      <trkpt lat="27.9171708" lon="79.8507495">
      </trkpt>
      <trkpt lat="27.9172528" lon="79.850589">
      </trkpt>
      <trkpt lat="27.9190997" lon="79.8469568">
      </trkpt>
      <trkpt lat="27.919963" lon="79.8452739">
      </trkpt>
      <trkpt lat="27.9229927" lon="79.8393089">
      </trkpt>
      <trkpt lat="27.9251893" lon="79.834986">
      </trkpt>
      <trkpt lat="27.9257882" lon="79.8338049">
      </trkpt>
      <trkpt lat="27.9259043" lon="79.8335877">
      </trkpt>
      <trkpt lat="27.9260946" lon="79.8332075">
      </trkpt>
      <trkpt lat="27.9266852" lon="79.8320425">
      </trkpt>
      <trkpt lat="27.9288896" lon="79.8277511">
      </trkpt>
      <trkpt lat="27.9306675" lon="79.8242245">
      </trkpt>
      <trkpt lat="27.9310375" lon="79.823519">
      </trkpt>
      <trkpt lat="27.9312533" lon="79.8231136">
      </trkpt>
      <trkpt lat="27.9314162" lon="79.8227896">
      </trkpt>
      <trkpt lat="27.9315452" lon="79.822537">
      </trkpt>
      <trkpt lat="27.9321254" lon="79.8214014">
      </trkpt>
      <trkpt lat="27.9352916" lon="79.815199">
      </trkpt>
      <trkpt lat="27.9417258" lon="79.8025946">
      </trkpt>
      <trkpt lat="27.9443064" lon="79.797539">
      </trkpt>
      <trkpt lat="27.9459798" lon="79.7942859">
      </trkpt>
      <trkpt lat="27.9459951" lon="79.7942553">
      </trkpt>
      <trkpt lat="27.9460514" lon="79.7941455">
      </trkpt>
      <trkpt lat="27.9538464" lon="79.7789724">
      </trkpt>
      <trkpt lat="27.9599407" lon="79.7669063">
      </trkpt>
      <trkpt lat="27.9633371" lon="79.7604099">
      </trkpt>
      <trkpt lat="27.9633509" lon="79.7603828">
      </trkpt>
      <trkpt lat="27.965382" lon="79.7564352">
      </trkpt>
      <trkpt lat="27.965418" lon="79.7563665">
      </trkpt>
      <trkpt lat="27.9682579" lon="79.7505548">
      </trkpt>
      <trkpt lat="27.9683646" lon="79.7503344">
      </trkpt>
      <trkpt lat="27.9711297" lon="79.744875">
      </trkpt>
      <trkpt lat="27.971391" lon="79.7443591">
      </trkpt>
      <trkpt lat="27.9751952" lon="79.7369081">
      </trkpt>
      <trkpt lat="27.9781412" lon="79.7311536">
      </trkpt>
      <trkpt lat="27.9792851" lon="79.7290411">
      </trkpt>
      <trkpt lat="27.9806837" lon="79.7268433">
      </trkpt>
      <trkpt lat="27.9831978" lon="79.7236428">
      </trkpt>
      <trkpt lat="27.9859895" lon="79.7207933">
      </trkpt>
      <trkpt lat="28.00537" lon="79.7033635">
      </trkpt>
      <trkpt lat="28.014371" lon="79.6953107">
      </trkpt>
      <trkpt lat="28.0349243" lon="79.6767966">
      </trkpt>
      <trkpt lat="28.0426011" lon="79.6699135">
      </trkpt>
      <trkpt lat="28.0426723" lon="79.6698525">
      </trkpt>
      <trkpt lat="28.044631" lon="79.6679502">
      </trkpt>
      <trkpt lat="28.0485048" lon="79.6646072">
      </trkpt>
      <trkpt lat="28.0499676" lon="79.6631592">
      </trkpt>
      <trkpt lat="28.0536437" lon="79.6588706">
      </trkpt>
      <trkpt lat="28.0543501" lon="79.6579496">
      </trkpt>
      <trkpt lat="28.0550512" lon="79.6570297">
      </trkpt>
      <trkpt lat="28.0552002" lon="79.6568404">
      </trkpt>
      <trkpt lat="28.0553116" lon="79.6566866">
      </trkpt>
      <trkpt lat="28.0557758" lon="79.6560677">
      </trkpt>
      <trkpt lat="28.0573268" lon="79.6540671">
      </trkpt>
      <trkpt lat="28.0582912" lon="79.6528115">
      </trkpt>
      <trkpt lat="28.0590942" lon="79.6517487">
      </trkpt>
      <trkpt lat="28.0601045" lon="79.6504473">
      </trkpt>
      <trkpt lat="28.0609954" lon="79.6492964">
      </trkpt>
      <trkpt lat="28.0618773" lon="79.6481263">
      </trkpt>
      <trkpt lat="28.0621394" lon="79.6478096">
      </trkpt>
      <trkpt lat="28.0624096" lon="79.6474511">
      </trkpt>
      <trkpt lat="28.0626835" lon="79.6470923">
      </trkpt>
      <trkpt lat="28.0632345" lon="79.6463755">
      </trkpt>
      <trkpt lat="28.063742" lon="79.645688">
      </trkpt>
      <trkpt lat="28.0643952" lon="79.6448475">
      </trkpt>
      <trkpt lat="28.0648994" lon="79.644194">
      </trkpt>
      <trkpt lat="28.0650257" lon="79.6440194">
      </trkpt>
      <trkpt lat="28.065425" lon="79.6434982">
      </trkpt>
      <trkpt lat="28.0658169" lon="79.6429744">
      </trkpt>
      <trkpt lat="28.0682154" lon="79.6398589">
      </trkpt>
      <trkpt lat="28.0693816" lon="79.6383098">
      </trkpt>
      <trkpt lat="28.0701073" lon="79.6373899">
      </trkpt>
      <trkpt lat="28.0709454" lon="79.6362882">
      </trkpt>
      <trkpt lat="28.0714824" lon="79.6355874">
      </trkpt>
      <trkpt lat="28.0720325" lon="79.6349103">
      </trkpt>
      <trkpt lat="28.0731431" lon="79.6336162">
      </trkpt>
      <trkpt lat="28.0736557" lon="79.6330205">
      </trkpt>
      <trkpt lat="28.0740986" lon="79.6325339">
      </trkpt>
      <trkpt lat="28.0750892" lon="79.6315388">
      </trkpt>
      <trkpt lat="28.0764202" lon="79.6304123">
      </trkpt>
      <trkpt lat="28.0771774" lon="79.629834">
      </trkpt>
      <trkpt lat="28.0777206" lon="79.6294166">
      </trkpt>
      <trkpt lat="28.078279" lon="79.6290055">
      </trkpt>
      <trkpt lat="28.0810619" lon="79.6269492">
      </trkpt>
      <trkpt lat="28.0824753" lon="79.6258918">
      </trkpt>
      <trkpt lat="28.0838934" lon="79.6248387">
      </trkpt>
      <trkpt lat="28.0855338" lon="79.6236104">
      </trkpt>
      <trkpt lat="28.0882752" lon="79.6215822">
      </trkpt>
      <trkpt lat="28.0920956" lon="79.6187256">
      </trkpt>
      <trkpt lat="28.0959216" lon="79.6158789">
      </trkpt>
      <trkpt lat="28.0974937" lon="79.6146877">
      </trkpt>
      <trkpt lat="28.099264" lon="79.6133841">
      </trkpt>
      <trkpt lat="28.0996777" lon="79.6130759">
      </trkpt>
      <trkpt lat="28.100887" lon="79.612175">
      </trkpt>
      <trkpt lat="28.1025064" lon="79.6109712">
      </trkpt>
      <trkpt lat="28.1026095" lon="79.6108923">
      </trkpt>
      <trkpt lat="28.1037494" lon="79.6100432">
      </trkpt>
      <trkpt lat="28.1051633" lon="79.6089983">
      </trkpt>
      <trkpt lat="28.1077932" lon="79.6070406">
      </trkpt>
      <trkpt lat="28.1099177" lon="79.60544">
      </trkpt>
      <trkpt lat="28.1120493" lon="79.6038675">
      </trkpt>
      <trkpt lat="28.1163018" lon="79.6006997">
      </trkpt>
      <trkpt lat="28.1171088" lon="79.6000988">
      </trkpt>
      <trkpt lat="28.1172115" lon="79.6000139">
      </trkpt>
      <trkpt lat="28.118615" lon="79.5989571">
      </trkpt>
      <trkpt lat="28.1216994" lon="79.5966574">
      </trkpt>
      <trkpt lat="28.1217702" lon="79.5966002">
      </trkpt>
      <trkpt lat="28.1246623" lon="79.5944546">
      </trkpt>
      <trkpt lat="28.1259555" lon="79.593485">
      </trkpt>
      <trkpt lat="28.1260649" lon="79.5934048">
      </trkpt>
      <trkpt lat="28.1277634" lon="79.5921383">
      </trkpt>
      <trkpt lat="28.1294481" lon="79.5908672">
      </trkpt>
      <trkpt lat="28.131284" lon="79.5895041">
      </trkpt>
      <trkpt lat="28.1320558" lon="79.5889311">
      </trkpt>
      <trkpt lat="28.134118" lon="79.5873999">
      </trkpt>
      <trkpt lat="28.1358094" lon="79.586144">
      </trkpt>
      <trkpt lat="28.1383059" lon="79.5842719">
      </trkpt>
      <trkpt lat="28.1389966" lon="79.583754">
      </trkpt>
      <trkpt lat="28.1401268" lon="79.5829006">
      </trkpt>
      <trkpt lat="28.1402634" lon="79.5828039">
      </trkpt>
      <trkpt lat="28.1407509" lon="79.5824392">
      </trkpt>
      <trkpt lat="28.1417046" lon="79.5817256">
      </trkpt>
      <trkpt lat="28.1446424" lon="79.5795424">
      </trkpt>
      <trkpt lat="28.1461422" lon="79.5784177">
      </trkpt>
      <trkpt lat="28.1493385" lon="79.5760282">
      </trkpt>
      <trkpt lat="28.150851" lon="79.5748974">
      </trkpt>
      <trkpt lat="28.1542899" lon="79.5723078">
      </trkpt>
      <trkpt lat="28.1614447" lon="79.5670025">
      </trkpt>
      <trkpt lat="28.1664801" lon="79.5632199">
      </trkpt>
      <trkpt lat="28.1673744" lon="79.5625521">
      </trkpt>
      <trkpt lat="28.1720119" lon="79.5590892">
      </trkpt>
      <trkpt lat="28.1765849" lon="79.5556638">
      </trkpt>
      <trkpt lat="28.1792467" lon="79.5536732">
      </trkpt>
      <trkpt lat="28.179384" lon="79.5535742">
      </trkpt>
      <trkpt lat="28.1824542" lon="79.5512745">
      </trkpt>
      <trkpt lat="28.1835716" lon="79.550394">
      </trkpt>
      <trkpt lat="28.1847217" lon="79.5495375">
      </trkpt>
      <trkpt lat="28.1862863" lon="79.548361">
      </trkpt>
      <trkpt lat="28.1885068" lon="79.546695">
      </trkpt>
      <trkpt lat="28.192221" lon="79.5439207">
      </trkpt>
      <trkpt lat="28.1950486" lon="79.5418003">
      </trkpt>
      <trkpt lat="28.1951851" lon="79.541698">
      </trkpt>
      <trkpt lat="28.1957887" lon="79.5412454">
      </trkpt>
      <trkpt lat="28.1959541" lon="79.5411259">
      </trkpt>
      <trkpt lat="28.1961128" lon="79.5410023">
      </trkpt>
      <trkpt lat="28.2016488" lon="79.5368721">
      </trkpt>
      <trkpt lat="28.2025683" lon="79.5361694">
      </trkpt>
      <trkpt lat="28.2028383" lon="79.5359495">
      </trkpt>
      <trkpt lat="28.2036026" lon="79.5352774">
      </trkpt>
      <trkpt lat="28.2043929" lon="79.5345622">
      </trkpt>
      <trkpt lat="28.2065768" lon="79.5323869">
      </trkpt>
      <trkpt lat="28.2095642" lon="79.5293909">
      </trkpt>
      <trkpt lat="28.2105389" lon="79.528433">
      </trkpt>
      <trkpt lat="28.2115932" lon="79.5274127">
      </trkpt>
      <trkpt lat="28.2128871" lon="79.5261055">
      </trkpt>
      <trkpt lat="28.2142109" lon="79.5247805">
      </trkpt>
      <trkpt lat="28.2142489" lon="79.5247426">
      </trkpt>
      <trkpt lat="28.2162762" lon="79.5227075">
      </trkpt>
      <trkpt lat="28.2188524" lon="79.5201203">
      </trkpt>
      <trkpt lat="28.221842" lon="79.5170916">
      </trkpt>
      <trkpt lat="28.2220791" lon="79.5168546">
      </trkpt>
      <trkpt lat="28.2233809" lon="79.5155611">
      </trkpt>
      <trkpt lat="28.227144" lon="79.5116243">
      </trkpt>
      <trkpt lat="28.2273589" lon="79.5113975">
      </trkpt>
      <trkpt lat="28.2286536" lon="79.5101104">
      </trkpt>
      <trkpt lat="28.2291659" lon="79.5096152">
      </trkpt>
      <trkpt lat="28.2301412" lon="79.5086959">
      </trkpt>
      <trkpt lat="28.2310965" lon="79.5077793">
      </trkpt>
      <trkpt lat="28.2327823" lon="79.5061063">
      </trkpt>
      <trkpt lat="28.2334632" lon="79.5054171">
      </trkpt>
      <trkpt lat="28.2349292" lon="79.5039548">
      </trkpt>
      <trkpt lat="28.2374136" lon="79.5014445">
      </trkpt>
      <trkpt lat="28.2391251" lon="79.4997273">
      </trkpt>
      <trkpt lat="28.2415787" lon="79.49725">
      </trkpt>
      <trkpt lat="28.2443205" lon="79.4944993">
      </trkpt>
      <trkpt lat="28.2469834" lon="79.4917983">
      </trkpt>
      <trkpt lat="28.2497406" lon="79.4890401">
      </trkpt>
      <trkpt lat="28.2523386" lon="79.4864411">
      </trkpt>
      <trkpt lat="28.2550452" lon="79.4836948">
      </trkpt>
      <trkpt lat="28.2552579" lon="79.4834808">
      </trkpt>
      <trkpt lat="28.2577205" lon="79.4810165">
      </trkpt>
      <trkpt lat="28.2604116" lon="79.478304">
      </trkpt>
      <trkpt lat="28.2611528" lon="79.4775575">
      </trkpt>
      <trkpt lat="28.2656849" lon="79.4729877">
      </trkpt>
      <trkpt lat="28.2665601" lon="79.4721375">
      </trkpt>
      <trkpt lat="28.2674091" lon="79.4712553">
      </trkpt>
      <trkpt lat="28.2690739" lon="79.4696012">
      </trkpt>
      <trkpt lat="28.2715177" lon="79.4671247">
      </trkpt>
      <trkpt lat="28.2735255" lon="79.4650932">
      </trkpt>
      <trkpt lat="28.275221" lon="79.4633993">
      </trkpt>
      <trkpt lat="28.2761822" lon="79.4624309">
      </trkpt>
      <trkpt lat="28.2781257" lon="79.4604674">
      </trkpt>
      <trkpt lat="28.2781751" lon="79.4604176">
      </trkpt>
      <trkpt lat="28.2803483" lon="79.4582291">
      </trkpt>
      <trkpt lat="28.2841107" lon="79.454447">
      </trkpt>
      <trkpt lat="28.2844955" lon="79.4540575">
      </trkpt>
      <trkpt lat="28.2861953" lon="79.4523366">
      </trkpt>
      <trkpt lat="28.2870807" lon="79.4514424">
      </trkpt>
      <trkpt lat="28.2874593" lon="79.4510607">
      </trkpt>
      <trkpt lat="28.2892215" lon="79.4492714">
      </trkpt>
      <trkpt lat="28.2892955" lon="79.4491993">
      </trkpt>
      <trkpt lat="28.2900734" lon="79.4484303">
      </trkpt>
      <trkpt lat="28.2934867" lon="79.4449773">
      </trkpt>
      <trkpt lat="28.2945176" lon="79.4438996">
      </trkpt>
      <trkpt lat="28.2959597" lon="79.442363">
      </trkpt>
      <trkpt lat="28.2963439" lon="79.4419434">
      </trkpt>
      <trkpt lat="28.2971217" lon="79.4411747">
      </trkpt>
      <trkpt lat="28.2976966" lon="79.4405899">
      </trkpt>
      <trkpt lat="28.29893" lon="79.4393403">
      </trkpt>
      <trkpt lat="28.3002218" lon="79.4381011">
      </trkpt>
      <trkpt lat="28.3003797" lon="79.4379414">
      </trkpt>
      <trkpt lat="28.3021736" lon="79.4362035">
      </trkpt>
      <trkpt lat="28.3029932" lon="79.435398">
      </trkpt>
      <trkpt lat="28.3037919" lon="79.4346432">
      </trkpt>
      <trkpt lat="28.3042066" lon="79.4342414">
      </trkpt>
      <trkpt lat="28.3054134" lon="79.4330048">
      </trkpt>
      <trkpt lat="28.305932" lon="79.4324903">
      </trkpt>
      <trkpt lat="28.3064019" lon="79.4320169">
      </trkpt>
      <trkpt lat="28.3069711" lon="79.4314469">
      </trkpt>
      <trkpt lat="28.307356" lon="79.4310634">
      </trkpt>
      <trkpt lat="28.308153" lon="79.430248">
      </trkpt>
      <trkpt lat="28.3109063" lon="79.4274892">
      </trkpt>
      <trkpt lat="28.3115003" lon="79.4268899">
      </trkpt>
      <trkpt lat="28.3117883" lon="79.4265963">
      </trkpt>
      <trkpt lat="28.3120407" lon="79.4263613">
      </trkpt>
      <trkpt lat="28.3130924" lon="79.4252875">
      </trkpt>
      <trkpt lat="28.3137211" lon="79.4246489">
      </trkpt>
      <trkpt lat="28.3147247" lon="79.4235988">
      </trkpt>
      <trkpt lat="28.3163059" lon="79.422006">
      </trkpt>
      <trkpt lat="28.3166964" lon="79.421609">
      </trkpt>
      <trkpt lat="28.3167445" lon="79.4215601">
      </trkpt>
      <trkpt lat="28.3177719" lon="79.420478">
      </trkpt>
      <trkpt lat="28.3188245" lon="79.4194245">
      </trkpt>
      <trkpt lat="28.3199529" lon="79.4182803">
      </trkpt>
      <trkpt lat="28.3219332" lon="79.4162752">
      </trkpt>
      <trkpt lat="28.3223089" lon="79.4159095">
      </trkpt>
      <trkpt lat="28.3229818" lon="79.415233">
      </trkpt>
      <trkpt lat="28.3233654" lon="79.4148655">
      </trkpt>
      <trkpt lat="28.3238967" lon="79.4144243">
      </trkpt>
      <trkpt lat="28.3244458" lon="79.4140063">
      </trkpt>
      <trkpt lat="28.3249889" lon="79.4136141">
      </trkpt>
      <trkpt lat="28.3255996" lon="79.4132275">
      </trkpt>
      <trkpt lat="28.3261892" lon="79.4128958">
      </trkpt>
      <trkpt lat="28.3268329" lon="79.4125642">
      </trkpt>
      <trkpt lat="28.32694" lon="79.412514">
      </trkpt>
      <trkpt lat="28.3277326" lon="79.4121945">
      </trkpt>
      <trkpt lat="28.3290295" lon="79.4117346">
      </trkpt>
      <trkpt lat="28.3293129" lon="79.4116576">
      </trkpt>
      <trkpt lat="28.3295918" lon="79.411603">
      </trkpt>
      <trkpt lat="28.3303364" lon="79.4115007">
      </trkpt>
      <trkpt lat="28.3312867" lon="79.411384">
      </trkpt>
      <trkpt lat="28.3318693" lon="79.4113281">
      </trkpt>
      <trkpt lat="28.3325383" lon="79.4112502">
      </trkpt>
      <trkpt lat="28.3330332" lon="79.41119">
      </trkpt>
      <trkpt lat="28.338125" lon="79.4105221">
      </trkpt>
      <trkpt lat="28.340167" lon="79.4102542">
      </trkpt>
      <trkpt lat="28.3412395" lon="79.4100795">
      </trkpt>
      <trkpt lat="28.3419218" lon="79.4099923">
      </trkpt>
      <trkpt lat="28.3448208" lon="79.409622">
      </trkpt>
      <trkpt lat="28.3474264" lon="79.4092881">
      </trkpt>
      <trkpt lat="28.3483834" lon="79.4091413">
      </trkpt>
      <trkpt lat="28.348727" lon="79.4090702">
      </trkpt>
      <trkpt lat="28.3490631" lon="79.4089867">
      </trkpt>
      <trkpt lat="28.3493967" lon="79.4088557">
      </trkpt>
      <trkpt lat="28.3497366" lon="79.4087107">
      </trkpt>
      <trkpt lat="28.3502344" lon="79.4084318">
      </trkpt>
      <trkpt lat="28.3504558" lon="79.4082888">
      </trkpt>
      <trkpt lat="28.3506754" lon="79.4081429">
      </trkpt>
      <trkpt lat="28.3507483" lon="79.4080945">
      </trkpt>
      <trkpt lat="28.3511856" lon="79.4077527">
      </trkpt>
      <trkpt lat="28.3514088" lon="79.4075521">
      </trkpt>
      <trkpt lat="28.3516056" lon="79.4073458">
      </trkpt>
      <trkpt lat="28.3518218" lon="79.4071015">
      </trkpt>
      <trkpt lat="28.3520426" lon="79.4068347">
      </trkpt>
      <trkpt lat="28.352342" lon="79.4064218">
      </trkpt>
      <trkpt lat="28.353182" lon="79.4050905">
      </trkpt>
      <trkpt lat="28.3534963" lon="79.4045811">
      </trkpt>
      <trkpt lat="28.3542287" lon="79.4033942">
      </trkpt>
      <trkpt lat="28.3548734" lon="79.4025204">
      </trkpt>
      <trkpt lat="28.355513" lon="79.4017061">
      </trkpt>
      <trkpt lat="28.3567856" lon="79.4003956">
      </trkpt>
      <trkpt lat="28.3575761" lon="79.3997285">
      </trkpt>
      <trkpt lat="28.3585021" lon="79.3990597">
      </trkpt>
      <trkpt lat="28.3592377" lon="79.3986028">
      </trkpt>
      <trkpt lat="28.3600463" lon="79.3981584">
      </trkpt>
      <trkpt lat="28.3607566" lon="79.3978591">
      </trkpt>
      <trkpt lat="28.3614451" lon="79.397583">
      </trkpt>
      <trkpt lat="28.3615277" lon="79.3975522">
      </trkpt>
      <trkpt lat="28.3619691" lon="79.397406">
      </trkpt>
      <trkpt lat="28.3644063" lon="79.3966874">
      </trkpt>
      <trkpt lat="28.3644769" lon="79.3966688">
      </trkpt>
      <trkpt lat="28.3649708" lon="79.3965207">
      </trkpt>
      <trkpt lat="28.3654647" lon="79.3963725">
      </trkpt>
      <trkpt lat="28.3664411" lon="79.3960692">
      </trkpt>
      <trkpt lat="28.3669986" lon="79.3958919">
      </trkpt>
      <trkpt lat="28.3676063" lon="79.3957109">
      </trkpt>
      <trkpt lat="28.3683108" lon="79.3954857">
      </trkpt>
      <trkpt lat="28.3689474" lon="79.3952889">
      </trkpt>
      <trkpt lat="28.3693963" lon="79.3951173">
      </trkpt>
      <trkpt lat="28.3698124" lon="79.3949189">
      </trkpt>
      <trkpt lat="28.370205" lon="79.3946857">
      </trkpt>
      <trkpt lat="28.3705991" lon="79.3944405">
      </trkpt>
      <trkpt lat="28.3709984" lon="79.3941464">
      </trkpt>
      <trkpt lat="28.371462" lon="79.3937101">
      </trkpt>
      <trkpt lat="28.3717684" lon="79.3934156">
      </trkpt>
      <trkpt lat="28.3720967" lon="79.393034">
      </trkpt>
      <trkpt lat="28.3724448" lon="79.392593">
      </trkpt>
      <trkpt lat="28.3727875" lon="79.3921209">
      </trkpt>
      <trkpt lat="28.3734805" lon="79.3911438">
      </trkpt>
      <trkpt lat="28.3738821" lon="79.390574">
      </trkpt>
      <trkpt lat="28.3743804" lon="79.3898671">
      </trkpt>
      <trkpt lat="28.3762378" lon="79.3872772">
      </trkpt>
      <trkpt lat="28.3769625" lon="79.3862883">
      </trkpt>
      <trkpt lat="28.3771526" lon="79.3860306">
      </trkpt>
      <trkpt lat="28.3773927" lon="79.3857522">
      </trkpt>
      <trkpt lat="28.377747" lon="79.3853643">
      </trkpt>
      <trkpt lat="28.3780111" lon="79.3851063">
      </trkpt>
      <trkpt lat="28.3783468" lon="79.3848095">
      </trkpt>
      <trkpt lat="28.3786502" lon="79.3845666">
      </trkpt>
      <trkpt lat="28.3802836" lon="79.3833911">
      </trkpt>
      <trkpt lat="28.3811298" lon="79.382774">
      </trkpt>
      <trkpt lat="28.381931" lon="79.3822132">
      </trkpt>
      <trkpt lat="28.3842576" lon="79.3805351">
      </trkpt>
      <trkpt lat="28.3894609" lon="79.3767915">
      </trkpt>
      <trkpt lat="28.3900381" lon="79.3763762">
      </trkpt>
      <trkpt lat="28.3901856" lon="79.3762635">
      </trkpt>
      <trkpt lat="28.3906434" lon="79.375939">
      </trkpt>
      <trkpt lat="28.3914131" lon="79.3753709">
      </trkpt>
      <trkpt lat="28.3932136" lon="79.3740853">
      </trkpt>
      <trkpt lat="28.3962601" lon="79.3718986">
      </trkpt>
      <trkpt lat="28.399594" lon="79.3694769">
      </trkpt>
      <trkpt lat="28.4023505" lon="79.3675078">
      </trkpt>
      <trkpt lat="28.4061506" lon="79.3647243">
      </trkpt>
      <trkpt lat="28.4101492" lon="79.3618776">
      </trkpt>
      <trkpt lat="28.4111118" lon="79.3611869">
      </trkpt>
      <trkpt lat="28.4119327" lon="79.3605995">
      </trkpt>
      <trkpt lat="28.4128009" lon="79.3599692">
      </trkpt>
      <trkpt lat="28.4136266" lon="79.3593697">
      </trkpt>
      <trkpt lat="28.4144133" lon="79.3588065">
      </trkpt>
      <trkpt lat="28.4152437" lon="79.358207">
      </trkpt>
      <trkpt lat="28.416126" lon="79.3575686">
      </trkpt>
      <trkpt lat="28.4170154" lon="79.3569276">
      </trkpt>
      <trkpt lat="28.4178587" lon="79.3563174">
      </trkpt>
      <trkpt lat="28.4186938" lon="79.3557112">
      </trkpt>
      <trkpt lat="28.4195218" lon="79.3551117">
      </trkpt>
      <trkpt lat="28.4202047" lon="79.3545793">
      </trkpt>
      <trkpt lat="28.4210539" lon="79.3539946">
      </trkpt>
      <trkpt lat="28.4217935" lon="79.353485">
      </trkpt>
      <trkpt lat="28.4225696" lon="79.3529257">
      </trkpt>
      <trkpt lat="28.4232878" lon="79.3524094">
      </trkpt>
      <trkpt lat="28.4240698" lon="79.3518502">
      </trkpt>
      <trkpt lat="28.4247822" lon="79.351307">
      </trkpt>
      <trkpt lat="28.4253707" lon="79.3508068">
      </trkpt>
      <trkpt lat="28.4260217" lon="79.350163">
      </trkpt>
      <trkpt lat="28.42651" lon="79.3496695">
      </trkpt>
      <trkpt lat="28.4276989" lon="79.3485162">
      </trkpt>
      <trkpt lat="28.4289325" lon="79.3472931">
      </trkpt>
      <trkpt lat="28.4294809" lon="79.3467513">
      </trkpt>
      <trkpt lat="28.4300871" lon="79.3461451">
      </trkpt>
      <trkpt lat="28.4306331" lon="79.3455926">
      </trkpt>
      <trkpt lat="28.4312995" lon="79.3449609">
      </trkpt>
      <trkpt lat="28.4319186" lon="79.344348">
      </trkpt>
      <trkpt lat="28.4326133" lon="79.3436721">
      </trkpt>
      <trkpt lat="28.4332572" lon="79.3430337">
      </trkpt>
      <trkpt lat="28.4338822" lon="79.3424208">
      </trkpt>
      <trkpt lat="28.4345238" lon="79.3417959">
      </trkpt>
      <trkpt lat="28.4351264" lon="79.3411937">
      </trkpt>
      <trkpt lat="28.4357267" lon="79.340613">
      </trkpt>
      <trkpt lat="28.441861" lon="79.3350139">
      </trkpt>
      <trkpt lat="28.4494138" lon="79.3269941">
      </trkpt>
      <trkpt lat="28.4638004" lon="79.3128789">
      </trkpt>
      <trkpt lat="28.4656879" lon="79.3110437">
      </trkpt>
      <trkpt lat="28.4702458" lon="79.3065464">
      </trkpt>
      <trkpt lat="28.4722444" lon="79.3045764">
      </trkpt>
      <trkpt lat="28.4725654" lon="79.30426">
      </trkpt>
      <trkpt lat="28.4946402" lon="79.2826026">
      </trkpt>
      <trkpt lat="28.5021236" lon="79.2751862">
      </trkpt>
      <trkpt lat="28.5036803" lon="79.2736435">
      </trkpt>
      <trkpt lat="28.5088924" lon="79.2685072">
      </trkpt>
      <trkpt lat="28.5093002" lon="79.2681049">
      </trkpt>
      <trkpt lat="28.5149174" lon="79.2625059">
      </trkpt>
      <trkpt lat="28.5160656" lon="79.2614356">
      </trkpt>
      <trkpt lat="28.5163908" lon="79.2610896">
      </trkpt>
      <trkpt lat="28.5166297" lon="79.2608222">
      </trkpt>
      <trkpt lat="28.5168201" lon="79.2606862">
      </trkpt>
      <trkpt lat="28.5169848" lon="79.2604914">
      </trkpt>
      <trkpt lat="28.5173277" lon="79.2600489">
      </trkpt>
      <trkpt lat="28.5176942" lon="79.25955">
      </trkpt>
      <trkpt lat="28.5178898" lon="79.259263">
      </trkpt>
      <trkpt lat="28.5182068" lon="79.2587762">
      </trkpt>
      <trkpt lat="28.5189291" lon="79.2575678">
      </trkpt>
      <trkpt lat="28.5195371" lon="79.2565767">
      </trkpt>
      <trkpt lat="28.5200014" lon="79.2558123">
      </trkpt>
      <trkpt lat="28.5206248" lon="79.2548601">
      </trkpt>
      <trkpt lat="28.5212564" lon="79.2539375">
      </trkpt>
      <trkpt lat="28.5217489" lon="79.2532079">
      </trkpt>
      <trkpt lat="28.5221543" lon="79.2525709">
      </trkpt>
      <trkpt lat="28.522721" lon="79.2516388">
      </trkpt>
      <trkpt lat="28.5237379" lon="79.249945">
      </trkpt>
      <trkpt lat="28.5247631" lon="79.2482042">
      </trkpt>
      <trkpt lat="28.5255419" lon="79.2467384">
      </trkpt>
      <trkpt lat="28.5260132" lon="79.245872">
      </trkpt>
      <trkpt lat="28.5265435" lon="79.2449775">
      </trkpt>
      <trkpt lat="28.5272281" lon="79.2438363">
      </trkpt>
      <trkpt lat="28.5449515" lon="79.2144331">
      </trkpt>
      <trkpt lat="28.5500371" lon="79.2060109">
      </trkpt>
      <trkpt lat="28.5514366" lon="79.2037412">
      </trkpt>
      <trkpt lat="28.5520774" lon="79.2026764">
      </trkpt>
      <trkpt lat="28.5523307" lon="79.2022574">
      </trkpt>
      <trkpt lat="28.5528266" lon="79.2014372">
      </trkpt>
      <trkpt lat="28.5536135" lon="79.200131">
      </trkpt>
      <trkpt lat="28.5542214" lon="79.1991198">
      </trkpt>
      <trkpt lat="28.5549282" lon="79.197945">
      </trkpt>
      <trkpt lat="28.5558328" lon="79.1964483">
      </trkpt>
      <trkpt lat="28.5566056" lon="79.1951716">
      </trkpt>
      <trkpt lat="28.5576163" lon="79.1934925">
      </trkpt>
      <trkpt lat="28.5583466" lon="79.1922936">
      </trkpt>
      <trkpt lat="28.5590251" lon="79.1911992">
      </trkpt>
      <trkpt lat="28.5596894" lon="79.1902578">
      </trkpt>
      <trkpt lat="28.560382" lon="79.1893861">
      </trkpt>
      <trkpt lat="28.561216" lon="79.1884929">
      </trkpt>
      <trkpt lat="28.5621112" lon="79.1876587">
      </trkpt>
      <trkpt lat="28.5630818" lon="79.1868728">
      </trkpt>
      <trkpt lat="28.5637673" lon="79.18639">
      </trkpt>
      <trkpt lat="28.5642558" lon="79.1860884">
      </trkpt>
      <trkpt lat="28.5645188" lon="79.185926">
      </trkpt>
      <trkpt lat="28.56507" lon="79.1856283">
      </trkpt>
      <trkpt lat="28.5655906" lon="79.1853681">
      </trkpt>
      <trkpt lat="28.5667002" lon="79.1848531">
      </trkpt>
      <trkpt lat="28.5677414" lon="79.1843757">
      </trkpt>
      <trkpt lat="28.5687072" lon="79.1839412">
      </trkpt>
      <trkpt lat="28.5699604" lon="79.1833726">
      </trkpt>
      <trkpt lat="28.5713125" lon="79.1827637">
      </trkpt>
      <trkpt lat="28.572502" lon="79.1822246">
      </trkpt>
      <trkpt lat="28.5738235" lon="79.1816318">
      </trkpt>
      <trkpt lat="28.5749588" lon="79.1811222">
      </trkpt>
      <trkpt lat="28.5765653" lon="79.1803873">
      </trkpt>
      <trkpt lat="28.5770505" lon="79.180178">
      </trkpt>
      <trkpt lat="28.5781505" lon="79.1796765">
      </trkpt>
      <trkpt lat="28.5794837" lon="79.1790864">
      </trkpt>
      <trkpt lat="28.5809935" lon="79.1783944">
      </trkpt>
      <trkpt lat="28.5822936" lon="79.1778097">
      </trkpt>
      <trkpt lat="28.5830497" lon="79.1774636">
      </trkpt>
      <trkpt lat="28.5833463" lon="79.1773287">
      </trkpt>
      <trkpt lat="28.5839282" lon="79.177064">
      </trkpt>
      <trkpt lat="28.5852707" lon="79.1764659">
      </trkpt>
      <trkpt lat="28.5867521" lon="79.1757953">
      </trkpt>
      <trkpt lat="28.5875506" lon="79.1754413">
      </trkpt>
      <trkpt lat="28.5889825" lon="79.1748109">
      </trkpt>
      <trkpt lat="28.5896726" lon="79.1744837">
      </trkpt>
      <trkpt lat="28.5898139" lon="79.1744167">
      </trkpt>
      <trkpt lat="28.5909279" lon="79.1739258">
      </trkpt>
      <trkpt lat="28.5924281" lon="79.1732553">
      </trkpt>
      <trkpt lat="28.5950022" lon="79.1720831">
      </trkpt>
      <trkpt lat="28.5989209" lon="79.1703236">
      </trkpt>
      <trkpt lat="28.6014619" lon="79.1691676">
      </trkpt>
      <trkpt lat="28.6032092" lon="79.1683817">
      </trkpt>
      <trkpt lat="28.6050648" lon="79.1675422">
      </trkpt>
      <trkpt lat="28.60721" lon="79.16659">
      </trkpt>
      <trkpt lat="28.6089738" lon="79.1657826">
      </trkpt>
      <trkpt lat="28.6099912" lon="79.1653297">
      </trkpt>
      <trkpt lat="28.6103112" lon="79.1651872">
      </trkpt>
      <trkpt lat="28.6111872" lon="79.1647848">
      </trkpt>
      <trkpt lat="28.6128378" lon="79.1640472">
      </trkpt>
      <trkpt lat="28.6141305" lon="79.1634625">
      </trkpt>
      <trkpt lat="28.6155009" lon="79.162851">
      </trkpt>
      <trkpt lat="28.6164736" lon="79.1624018">
      </trkpt>
      <trkpt lat="28.6169878" lon="79.1621643">
      </trkpt>
      <trkpt lat="28.6183617" lon="79.1615474">
      </trkpt>
      <trkpt lat="28.6196425" lon="79.1609734">
      </trkpt>
      <trkpt lat="28.6207185" lon="79.1604906">
      </trkpt>
      <trkpt lat="28.6218204" lon="79.1599917">
      </trkpt>
      <trkpt lat="28.6230588" lon="79.1594365">
      </trkpt>
      <trkpt lat="28.6241395" lon="79.1589591">
      </trkpt>
      <trkpt lat="28.6257499" lon="79.1582376">
      </trkpt>
      <trkpt lat="28.6268847" lon="79.1577145">
      </trkpt>
      <trkpt lat="28.6279441" lon="79.1571513">
      </trkpt>
      <trkpt lat="28.6288599" lon="79.1565612">
      </trkpt>
      <trkpt lat="28.6295497" lon="79.1560677">
      </trkpt>
      <trkpt lat="28.6299957" lon="79.1557236">
      </trkpt>
      <trkpt lat="28.6366835" lon="79.1499248">
      </trkpt>
      <trkpt lat="28.6834301" lon="79.1079938">
      </trkpt>
      <trkpt lat="28.6920523" lon="79.1002578">
      </trkpt>
      <trkpt lat="28.6923457" lon="79.1000042">
      </trkpt>
      <trkpt lat="28.6996986" lon="79.0933948">
      </trkpt>
      <trkpt lat="28.7081823" lon="79.0857684">
      </trkpt>
      <trkpt lat="28.7242167" lon="79.0714319">
      </trkpt>
      <trkpt lat="28.7264203" lon="79.069734">
      </trkpt>
      <trkpt lat="28.7276469" lon="79.0688894">
      </trkpt>
      <trkpt lat="28.7284209" lon="79.0683068">
      </trkpt>
      <trkpt lat="28.7321926" lon="79.0655984">
      </trkpt>
      <trkpt lat="28.7347565" lon="79.0637479">
      </trkpt>
      <trkpt lat="28.7373665" lon="79.062007">
      </trkpt>
      <trkpt lat="28.7434172" lon="79.0573934">
      </trkpt>
      <trkpt lat="28.7482064" lon="79.053965">
      </trkpt>
      <trkpt lat="28.755415" lon="79.0487597">
      </trkpt>
      <trkpt lat="28.7591375" lon="79.0460645">
      </trkpt>
      <trkpt lat="28.7603456" lon="79.0451894">
      </trkpt>
      <trkpt lat="28.7627991" lon="79.0434122">
      </trkpt>
      <trkpt lat="28.7642353" lon="79.0423354">
      </trkpt>
      <trkpt lat="28.7652084" lon="79.0416586">
      </trkpt>
      <trkpt lat="28.7653828" lon="79.0415373">
      </trkpt>
      <trkpt lat="28.765456" lon="79.0414864">
      </trkpt>
      <trkpt lat="28.7668416" lon="79.0404711">
      </trkpt>
      <trkpt lat="28.7676027" lon="79.039861">
      </trkpt>
      <trkpt lat="28.7683986" lon="79.0391407">
      </trkpt>
      <trkpt lat="28.769188" lon="79.0383421">
      </trkpt>
      <trkpt lat="28.7696717" lon="79.0377796">
      </trkpt>
      <trkpt lat="28.7701953" lon="79.0371029">
      </trkpt>
      <trkpt lat="28.7707189" lon="79.0363335">
      </trkpt>
      <trkpt lat="28.771117" lon="79.0357036">
      </trkpt>
      <trkpt lat="28.7725455" lon="79.0333265">
      </trkpt>
      <trkpt lat="28.7753051" lon="79.0287904">
      </trkpt>
      <trkpt lat="28.775716" lon="79.0281051">
      </trkpt>
      <trkpt lat="28.7760786" lon="79.0274714">
      </trkpt>
      <trkpt lat="28.7764401" lon="79.0268523">
      </trkpt>
      <trkpt lat="28.7765859" lon="79.0265963">
      </trkpt>
      <trkpt lat="28.776924" lon="79.0260371">
      </trkpt>
      <trkpt lat="28.7785856" lon="79.0232903">
      </trkpt>
      <trkpt lat="28.7793183" lon="79.0220803">
      </trkpt>
      <trkpt lat="28.7799549" lon="79.0210227">
      </trkpt>
      <trkpt lat="28.7805326" lon="79.0201166">
      </trkpt>
      <trkpt lat="28.7807894" lon="79.0197158">
      </trkpt>
      <trkpt lat="28.7816274" lon="79.0184274">
      </trkpt>
      <trkpt lat="28.7821021" lon="79.0177239">
      </trkpt>
      <trkpt lat="28.7824351" lon="79.0172365">
      </trkpt>
      <trkpt lat="28.7827784" lon="79.0168262">
      </trkpt>
      <trkpt lat="28.7831145" lon="79.0164292">
      </trkpt>
      <trkpt lat="28.7834648" lon="79.0160007">
      </trkpt>
      <trkpt lat="28.7840713" lon="79.0151739">
      </trkpt>
      <trkpt lat="28.784586" lon="79.0143962">
      </trkpt>
      <trkpt lat="28.7851456" lon="79.0133581">
      </trkpt>
      <trkpt lat="28.7855811" lon="79.0125168">
      </trkpt>
      <trkpt lat="28.7860002" lon="79.011527">
      </trkpt>
      <trkpt lat="28.7865143" lon="79.0099147">
      </trkpt>
      <trkpt lat="28.7866889" lon="79.0092404">
      </trkpt>
      <trkpt lat="28.7870079" lon="79.0075578">
      </trkpt>
      <trkpt lat="28.7901054" lon="78.9888225">
      </trkpt>
      <trkpt lat="28.7906701" lon="78.9854065">
      </trkpt>
      <trkpt lat="28.7914399" lon="78.9807503">
      </trkpt>
      <trkpt lat="28.7916" lon="78.9797354">
      </trkpt>
      <trkpt lat="28.7920599" lon="78.9769443">
      </trkpt>
      <trkpt lat="28.792758" lon="78.9727722">
      </trkpt>
      <trkpt lat="28.7950231" lon="78.9591197">
      </trkpt>
      <trkpt lat="28.7961015" lon="78.9522782">
      </trkpt>
      <trkpt lat="28.7961306" lon="78.9520936">
      </trkpt>
      <trkpt lat="28.7963989" lon="78.950604">
      </trkpt>
      <trkpt lat="28.7967429" lon="78.9491167">
      </trkpt>
      <trkpt lat="28.797733" lon="78.9461704">
      </trkpt>
      <trkpt lat="28.7984468" lon="78.9442137">
      </trkpt>
      <trkpt lat="28.8013148" lon="78.9360233">
      </trkpt>
      <trkpt lat="28.8076132" lon="78.9178128">
      </trkpt>
      <trkpt lat="28.8144618" lon="78.8980103">
      </trkpt>
      <trkpt lat="28.8147677" lon="78.8971257">
      </trkpt>
      <trkpt lat="28.8179899" lon="78.8878083">
      </trkpt>
      <trkpt lat="28.8196434" lon="78.881779">
      </trkpt>
      <trkpt lat="28.8203582" lon="78.8791727">
      </trkpt>
      <trkpt lat="28.8208418" lon="78.8774097">
      </trkpt>
      <trkpt lat="28.8229296" lon="78.8697965">
      </trkpt>
      <trkpt lat="28.8239206" lon="78.8661855">
      </trkpt>
      <trkpt lat="28.8280503" lon="78.8511242">
      </trkpt>
      <trkpt lat="28.8350009" lon="78.8257773">
      </trkpt>
      <trkpt lat="28.8352638" lon="78.8247639">
      </trkpt>
      <trkpt lat="28.8355504" lon="78.8233638">
      </trkpt>
      <trkpt lat="28.8357098" lon="78.8222511">
      </trkpt>
      <trkpt lat="28.8357901" lon="78.8212743">
      </trkpt>
      <trkpt lat="28.8358262" lon="78.8205555">
      </trkpt>
      <trkpt lat="28.8358726" lon="78.8179527">
      </trkpt>
      <trkpt lat="28.8358803" lon="78.8174975">
      </trkpt>
      <trkpt lat="28.8358643" lon="78.8170117">
      </trkpt>
      <trkpt lat="28.8358161" lon="78.8165822">
      </trkpt>
      <trkpt lat="28.8357619" lon="78.8161942">
      </trkpt>
      <trkpt lat="28.8356703" lon="78.8157785">
      </trkpt>
      <trkpt lat="28.8355805" lon="78.8154321">
      </trkpt>
      <trkpt lat="28.8353754" lon="78.8147846">
      </trkpt>
      <trkpt lat="28.8352141" lon="78.8143209">
      </trkpt>
      <trkpt lat="28.8350551" lon="78.8137914">
      </trkpt>
      <trkpt lat="28.8348902" lon="78.8133216">
      </trkpt>
      <trkpt lat="28.8347974" lon="78.8130816">
      </trkpt>
      <trkpt lat="28.8345883" lon="78.8125974">
      </trkpt>
      <trkpt lat="28.8343698" lon="78.8121696">
      </trkpt>
      <trkpt lat="28.8339927" lon="78.8114671">
      </trkpt>
      <trkpt lat="28.8310604" lon="78.8062394">
      </trkpt>
      <trkpt lat="28.8308326" lon="78.8058334">
      </trkpt>
      <trkpt lat="28.8303696" lon="78.804992">
      </trkpt>
      <trkpt lat="28.8293635" lon="78.8031638">
      </trkpt>
      <trkpt lat="28.8261832" lon="78.7973793">
      </trkpt>
      <trkpt lat="28.8256233" lon="78.7964406">
      </trkpt>
      <trkpt lat="28.8240996" lon="78.7936357">
      </trkpt>
      <trkpt lat="28.8236629" lon="78.7928228">
      </trkpt>
      <trkpt lat="28.8215037" lon="78.7888996">
      </trkpt>
      <trkpt lat="28.821004" lon="78.7879936">
      </trkpt>
      <trkpt lat="28.8205366" lon="78.7869527">
      </trkpt>
      <trkpt lat="28.8202043" lon="78.7859442">
      </trkpt>
      <trkpt lat="28.819935" lon="78.7848682">
      </trkpt>
      <trkpt lat="28.8197703" lon="78.7838922">
      </trkpt>
      <trkpt lat="28.8197078" lon="78.7828379">
      </trkpt>
      <trkpt lat="28.819708" lon="78.7820168">
      </trkpt>
      <trkpt lat="28.8197685" lon="78.7811273">
      </trkpt>
      <trkpt lat="28.8198708" lon="78.780416">
      </trkpt>
      <trkpt lat="28.8199876" lon="78.7798128">
      </trkpt>
      <trkpt lat="28.8201239" lon="78.7792173">
      </trkpt>
      <trkpt lat="28.8202767" lon="78.7786648">
      </trkpt>
      <trkpt lat="28.8204092" lon="78.7782148">
      </trkpt>
      <trkpt lat="28.8205999" lon="78.7776813">
      </trkpt>
      <trkpt lat="28.8208219" lon="78.7771547">
      </trkpt>
      <trkpt lat="28.8210664" lon="78.7766518">
      </trkpt>
      <trkpt lat="28.8213436" lon="78.7761486">
      </trkpt>
      <trkpt lat="28.8215567" lon="78.7757941">
      </trkpt>
      <trkpt lat="28.8220439" lon="78.775107">
      </trkpt>
      <trkpt lat="28.8225053" lon="78.7746005">
      </trkpt>
      <trkpt lat="28.8229682" lon="78.7741124">
      </trkpt>
      <trkpt lat="28.8241267" lon="78.7730127">
      </trkpt>
      <trkpt lat="28.8257599" lon="78.7714463">
      </trkpt>
      <trkpt lat="28.8263215" lon="78.7709071">
      </trkpt>
      <trkpt lat="28.8290849" lon="78.7682222">
      </trkpt>
      <trkpt lat="28.8311397" lon="78.766245">
      </trkpt>
      <trkpt lat="28.8313178" lon="78.7654171">
      </trkpt>
      <trkpt lat="28.8325741" lon="78.7641949">
      </trkpt>
      <trkpt lat="28.8328044" lon="78.763975">
      </trkpt>
      <trkpt lat="28.833131" lon="78.7636719">
      </trkpt>
      <trkpt lat="28.8338993" lon="78.7629772">
      </trkpt>
      <trkpt lat="28.8347053" lon="78.7622463">
      </trkpt>
      <trkpt lat="28.8349825" lon="78.762013">
      </trkpt>
      <trkpt lat="28.8353373" lon="78.761734">
      </trkpt>
      <trkpt lat="28.8358965" lon="78.7612351">
      </trkpt>
      <trkpt lat="28.8364017" lon="78.760814">
      </trkpt>
      <trkpt lat="28.8368058" lon="78.7605297">
      </trkpt>
      <trkpt lat="28.8371418" lon="78.7602481">
      </trkpt>
      <trkpt lat="28.8374725" lon="78.7599415">
      </trkpt>
      <trkpt lat="28.8418509" lon="78.7557543">
      </trkpt>
      <trkpt lat="28.8428113" lon="78.7548395">
      </trkpt>
      <trkpt lat="28.8431746" lon="78.7544934">
      </trkpt>
      <trkpt lat="28.8435022" lon="78.754164">
      </trkpt>
      <trkpt lat="28.8460941" lon="78.7516856">
      </trkpt>
      <trkpt lat="28.847204" lon="78.750633">
      </trkpt>
      <trkpt lat="28.8480549" lon="78.7498614">
      </trkpt>
      <trkpt lat="28.8534329" lon="78.7447264">
      </trkpt>
      <trkpt lat="28.8575712" lon="78.7407832">
      </trkpt>
      <trkpt lat="28.8590676" lon="78.7393168">
      </trkpt>
      <trkpt lat="28.8590912" lon="78.7392906">
      </trkpt>
      <trkpt lat="28.8603385" lon="78.7379059">
      </trkpt>
      <trkpt lat="28.8614684" lon="78.7365326">
      </trkpt>
      <trkpt lat="28.8626237" lon="78.7348971">
      </trkpt>
      <trkpt lat="28.8632696" lon="78.7339133">
      </trkpt>
      <trkpt lat="28.8639153" lon="78.7328147">
      </trkpt>
      <trkpt lat="28.8640999" lon="78.7325006">
      </trkpt>
      <trkpt lat="28.8656008" lon="78.7296947">
      </trkpt>
      <trkpt lat="28.8661851" lon="78.7281893">
      </trkpt>
      <trkpt lat="28.8671476" lon="78.7257093">
      </trkpt>
      <trkpt lat="28.8684456" lon="78.7215098">
      </trkpt>
      <trkpt lat="28.868666" lon="78.7207563">
      </trkpt>
      <trkpt lat="28.8705622" lon="78.7143651">
      </trkpt>
      <trkpt lat="28.8707986" lon="78.7135481">
      </trkpt>
      <trkpt lat="28.8708997" lon="78.7132021">
      </trkpt>
      <trkpt lat="28.8733431" lon="78.7051497">
      </trkpt>
      <trkpt lat="28.8746196" lon="78.7008776">
      </trkpt>
      <trkpt lat="28.8752425" lon="78.6981778">
      </trkpt>
      <trkpt lat="28.8756554" lon="78.6958064">
      </trkpt>
      <trkpt lat="28.8758622" lon="78.6941093">
      </trkpt>
      <trkpt lat="28.8758985" lon="78.6937693">
      </trkpt>
      <trkpt lat="28.8761062" lon="78.6916245">
      </trkpt>
      <trkpt lat="28.8763648" lon="78.6867094">
      </trkpt>
      <trkpt lat="28.8764449" lon="78.6851877">
      </trkpt>
      <trkpt lat="28.8770603" lon="78.6726074">
      </trkpt>
      <trkpt lat="28.8775502" lon="78.6690374">
      </trkpt>
      <trkpt lat="28.8775808" lon="78.66888">
      </trkpt>
      <trkpt lat="28.8785805" lon="78.6637372">
      </trkpt>
      <trkpt lat="28.8804063" lon="78.6541216">
      </trkpt>
      <trkpt lat="28.8805362" lon="78.6531213">
      </trkpt>
      <trkpt lat="28.8806267" lon="78.6521188">
      </trkpt>
      <trkpt lat="28.8807359" lon="78.6509058">
      </trkpt>
      <trkpt lat="28.8808063" lon="78.6496961">
      </trkpt>
      <trkpt lat="28.8807986" lon="78.6482181">
      </trkpt>
      <trkpt lat="28.8807958" lon="78.647689">
      </trkpt>
      <trkpt lat="28.8807937" lon="78.6472763">
      </trkpt>
      <trkpt lat="28.8807359" lon="78.6456201">
      </trkpt>
      <trkpt lat="28.8806925" lon="78.6449037">
      </trkpt>
      <trkpt lat="28.8806566" lon="78.6443236">
      </trkpt>
      <trkpt lat="28.8805247" lon="78.6433291">
      </trkpt>
      <trkpt lat="28.8805153" lon="78.6432415">
      </trkpt>
      <trkpt lat="28.8802614" lon="78.6413518">
      </trkpt>
      <trkpt lat="28.8800853" lon="78.6403137">
      </trkpt>
      <trkpt lat="28.8798565" lon="78.639335">
      </trkpt>
      <trkpt lat="28.8795116" lon="78.6379651">
      </trkpt>
      <trkpt lat="28.8777636" lon="78.6328783">
      </trkpt>
      <trkpt lat="28.877379" lon="78.6317209">
      </trkpt>
      <trkpt lat="28.8769281" lon="78.630194">
      </trkpt>
      <trkpt lat="28.8753845" lon="78.6249669">
      </trkpt>
      <trkpt lat="28.8748376" lon="78.6220447">
      </trkpt>
      <trkpt lat="28.8745929" lon="78.6201972">
      </trkpt>
      <trkpt lat="28.8745336" lon="78.6196347">
      </trkpt>
      <trkpt lat="28.8744759" lon="78.6189294">
      </trkpt>
      <trkpt lat="28.8742924" lon="78.6153464">
      </trkpt>
      <trkpt lat="28.8740625" lon="78.6098181">
      </trkpt>
      <trkpt lat="28.8740155" lon="78.6086829">
      </trkpt>
      <trkpt lat="28.8738729" lon="78.6051367">
      </trkpt>
      <trkpt lat="28.873806" lon="78.6038002">
      </trkpt>
      <trkpt lat="28.8737743" lon="78.6033268">
      </trkpt>
      <trkpt lat="28.8737434" lon="78.6029034">
      </trkpt>
      <trkpt lat="28.8737193" lon="78.6026436">
      </trkpt>
      <trkpt lat="28.8736915" lon="78.6023785">
      </trkpt>
      <trkpt lat="28.873633" lon="78.6018214">
      </trkpt>
      <trkpt lat="28.8735823" lon="78.6012714">
      </trkpt>
      <trkpt lat="28.8735391" lon="78.6005374">
      </trkpt>
      <trkpt lat="28.873511" lon="78.5997451">
      </trkpt>
      <trkpt lat="28.8735072" lon="78.5988775">
      </trkpt>
      <trkpt lat="28.8734453" lon="78.5971935">
      </trkpt>
      <trkpt lat="28.8734694" lon="78.5962517">
      </trkpt>
      <trkpt lat="28.8735469" lon="78.5952512">
      </trkpt>
      <trkpt lat="28.8736197" lon="78.5945592">
      </trkpt>
      <trkpt lat="28.8737247" lon="78.593862">
      </trkpt>
      <trkpt lat="28.873803" lon="78.5933593">
      </trkpt>
      <trkpt lat="28.8743013" lon="78.5910193">
      </trkpt>
      <trkpt lat="28.8743375" lon="78.5908464">
      </trkpt>
      <trkpt lat="28.8751539" lon="78.5868562">
      </trkpt>
      <trkpt lat="28.8760771" lon="78.5824339">
      </trkpt>
      <trkpt lat="28.8767048" lon="78.5794734">
      </trkpt>
      <trkpt lat="28.8785701" lon="78.5703961">
      </trkpt>
      <trkpt lat="28.878985" lon="78.5684022">
      </trkpt>
      <trkpt lat="28.8792309" lon="78.5672678">
      </trkpt>
      <trkpt lat="28.8811708" lon="78.557898">
      </trkpt>
      <trkpt lat="28.8813977" lon="78.5567317">
      </trkpt>
      <trkpt lat="28.8814843" lon="78.5562868">
      </trkpt>
      <trkpt lat="28.8817976" lon="78.5545327">
      </trkpt>
      <trkpt lat="28.8818808" lon="78.5540441">
      </trkpt>
      <trkpt lat="28.8823958" lon="78.551182">
      </trkpt>
      <trkpt lat="28.8825353" lon="78.5503628">
      </trkpt>
      <trkpt lat="28.883759" lon="78.5432613">
      </trkpt>
      <trkpt lat="28.8850913" lon="78.5355174">
      </trkpt>
      <trkpt lat="28.8865946" lon="78.5269185">
      </trkpt>
      <trkpt lat="28.8882329" lon="78.5176556">
      </trkpt>
      <trkpt lat="28.890028" lon="78.507248">
      </trkpt>
      <trkpt lat="28.8919162" lon="78.4964525">
      </trkpt>
      <trkpt lat="28.8919882" lon="78.4960215">
      </trkpt>
      <trkpt lat="28.8926195" lon="78.4923535">
      </trkpt>
      <trkpt lat="28.8930156" lon="78.4881967">
      </trkpt>
      <trkpt lat="28.8930464" lon="78.4866878">
      </trkpt>
      <trkpt lat="28.8930433" lon="78.4857306">
      </trkpt>
      <trkpt lat="28.8930039" lon="78.484391">
      </trkpt>
      <trkpt lat="28.8929157" lon="78.4832017">
      </trkpt>
      <trkpt lat="28.8928728" lon="78.4826226">
      </trkpt>
      <trkpt lat="28.89278" lon="78.4813712">
      </trkpt>
      <trkpt lat="28.892772" lon="78.4811957">
      </trkpt>
      <trkpt lat="28.8927429" lon="78.480302">
      </trkpt>
      <trkpt lat="28.8925337" lon="78.4778804">
      </trkpt>
      <trkpt lat="28.8918478" lon="78.4681513">
      </trkpt>
      <trkpt lat="28.8918122" lon="78.4676625">
      </trkpt>
      <trkpt lat="28.8917406" lon="78.4666814">
      </trkpt>
      <trkpt lat="28.8916657" lon="78.4656549">
      </trkpt>
      <trkpt lat="28.8915112" lon="78.4631922">
      </trkpt>
      <trkpt lat="28.8913792" lon="78.4613958">
      </trkpt>
      <trkpt lat="28.8910966" lon="78.4574313">
      </trkpt>
      <trkpt lat="28.8910029" lon="78.4561633">
      </trkpt>
      <trkpt lat="28.8908464" lon="78.4546736">
      </trkpt>
      <trkpt lat="28.8907373" lon="78.4535971">
      </trkpt>
      <trkpt lat="28.8906106" lon="78.4519348">
      </trkpt>
      <trkpt lat="28.8903957" lon="78.4489739">
      </trkpt>
      <trkpt lat="28.8901914" lon="78.447274">
      </trkpt>
      <trkpt lat="28.889866" lon="78.4454534">
      </trkpt>
      <trkpt lat="28.8896896" lon="78.4445754">
      </trkpt>
      <trkpt lat="28.889204" lon="78.4425409">
      </trkpt>
      <trkpt lat="28.8891717" lon="78.442412">
      </trkpt>
      <trkpt lat="28.8880924" lon="78.4385816">
      </trkpt>
      <trkpt lat="28.8871295" lon="78.4352183">
      </trkpt>
      <trkpt lat="28.8815682" lon="78.4158336">
      </trkpt>
      <trkpt lat="28.8796617" lon="78.4093319">
      </trkpt>
      <trkpt lat="28.8791955" lon="78.4075945">
      </trkpt>
      <trkpt lat="28.8786823" lon="78.4056901">
      </trkpt>
      <trkpt lat="28.8781997" lon="78.4036879">
      </trkpt>
      <trkpt lat="28.8780271" lon="78.4030119">
      </trkpt>
      <trkpt lat="28.8778603" lon="78.4022703">
      </trkpt>
      <trkpt lat="28.8777405" lon="78.4017272">
      </trkpt>
      <trkpt lat="28.877636" lon="78.4012175">
      </trkpt>
      <trkpt lat="28.8773654" lon="78.3999171">
      </trkpt>
      <trkpt lat="28.8759308" lon="78.3940078">
      </trkpt>
      <trkpt lat="28.8742937" lon="78.38808">
      </trkpt>
      <trkpt lat="28.8736454" lon="78.3860435">
      </trkpt>
      <trkpt lat="28.8705466" lon="78.3758055">
      </trkpt>
      <trkpt lat="28.8665474" lon="78.3632374">
      </trkpt>
      <trkpt lat="28.8649608" lon="78.3581717">
      </trkpt>
      <trkpt lat="28.8636448" lon="78.3539701">
      </trkpt>
      <trkpt lat="28.8610946" lon="78.3458505">
      </trkpt>
      <trkpt lat="28.8609907" lon="78.3455309">
      </trkpt>
      <trkpt lat="28.8600194" lon="78.3427213">
      </trkpt>
      <trkpt lat="28.8598244" lon="78.3421379">
      </trkpt>
      <trkpt lat="28.8590539" lon="78.339579">
      </trkpt>
      <trkpt lat="28.8586976" lon="78.3382474">
      </trkpt>
      <trkpt lat="28.8583388" lon="78.3367263">
      </trkpt>
      <trkpt lat="28.8579517" lon="78.3351777">
      </trkpt>
      <trkpt lat="28.8565398" lon="78.329931">
      </trkpt>
      <trkpt lat="28.8549628" lon="78.3241456">
      </trkpt>
      <trkpt lat="28.8547992" lon="78.3235454">
      </trkpt>
      <trkpt lat="28.8545209" lon="78.3225245">
      </trkpt>
      <trkpt lat="28.8533696" lon="78.3182786">
      </trkpt>
      <trkpt lat="28.8524553" lon="78.3149071">
      </trkpt>
      <trkpt lat="28.8523044" lon="78.3143504">
      </trkpt>
      <trkpt lat="28.8514533" lon="78.3112118">
      </trkpt>
      <trkpt lat="28.8511633" lon="78.3101675">
      </trkpt>
      <trkpt lat="28.849233" lon="78.3030297">
      </trkpt>
      <trkpt lat="28.8476111" lon="78.2970782">
      </trkpt>
      <trkpt lat="28.8469489" lon="78.2946319">
      </trkpt>
      <trkpt lat="28.8447939" lon="78.2866376">
      </trkpt>
      <trkpt lat="28.8443451" lon="78.2849903">
      </trkpt>
      <trkpt lat="28.8443102" lon="78.2848624">
      </trkpt>
      <trkpt lat="28.8442151" lon="78.2845134">
      </trkpt>
      <trkpt lat="28.8441239" lon="78.2841787">
      </trkpt>
      <trkpt lat="28.843944" lon="78.2835185">
      </trkpt>
      <trkpt lat="28.8438746" lon="78.2832635">
      </trkpt>
      <trkpt lat="28.8436719" lon="78.2825548">
      </trkpt>
      <trkpt lat="28.8436206" lon="78.2823692">
      </trkpt>
      <trkpt lat="28.8431436" lon="78.2806158">
      </trkpt>
      <trkpt lat="28.8379508" lon="78.2615725">
      </trkpt>
      <trkpt lat="28.8375213" lon="78.2600023">
      </trkpt>
      <trkpt lat="28.8369557" lon="78.2578758">
      </trkpt>
      <trkpt lat="28.8366734" lon="78.2568846">
      </trkpt>
      <trkpt lat="28.836614" lon="78.2566552">
      </trkpt>
      <trkpt lat="28.8365238" lon="78.2563267">
      </trkpt>
      <trkpt lat="28.835742" lon="78.2534619">
      </trkpt>
      <trkpt lat="28.8333966" lon="78.244867">
      </trkpt>
      <trkpt lat="28.8332849" lon="78.244459">
      </trkpt>
      <trkpt lat="28.8332679" lon="78.2443938">
      </trkpt>
      <trkpt lat="28.8325794" lon="78.2418403">
      </trkpt>
      <trkpt lat="28.8324856" lon="78.2414751">
      </trkpt>
      <trkpt lat="28.8322475" lon="78.2406055">
      </trkpt>
      <trkpt lat="28.831394" lon="78.2374982">
      </trkpt>
      <trkpt lat="28.8305573" lon="78.234432">
      </trkpt>
      <trkpt lat="28.8267761" lon="78.220532">
      </trkpt>
      <trkpt lat="28.826573" lon="78.2198426">
      </trkpt>
      <trkpt lat="28.8263275" lon="78.2190486">
      </trkpt>
      <trkpt lat="28.8259161" lon="78.217717">
      </trkpt>
      <trkpt lat="28.825568" lon="78.2164984">
      </trkpt>
      <trkpt lat="28.8248527" lon="78.2138878">
      </trkpt>
      <trkpt lat="28.8245129" lon="78.2128105">
      </trkpt>
      <trkpt lat="28.8240468" lon="78.2115635">
      </trkpt>
      <trkpt lat="28.8238897" lon="78.2111623">
      </trkpt>
      <trkpt lat="28.8237061" lon="78.2107242">
      </trkpt>
      <trkpt lat="28.8232417" lon="78.2097275">
      </trkpt>
      <trkpt lat="28.8227324" lon="78.2087024">
      </trkpt>
      <trkpt lat="28.8225538" lon="78.20838">
      </trkpt>
      <trkpt lat="28.8216282" lon="78.2068115">
      </trkpt>
      <trkpt lat="28.8211854" lon="78.2061458">
      </trkpt>
      <trkpt lat="28.8207326" lon="78.2055133">
      </trkpt>
      <trkpt lat="28.8203944" lon="78.2050534">
      </trkpt>
      <trkpt lat="28.8181703" lon="78.2021601">
      </trkpt>
      <trkpt lat="28.8169268" lon="78.2005447">
      </trkpt>
      <trkpt lat="28.7995384" lon="78.1777592">
      </trkpt>
      <trkpt lat="28.796964" lon="78.1744039">
      </trkpt>
      <trkpt lat="28.7957144" lon="78.1728876">
      </trkpt>
      <trkpt lat="28.7939463" lon="78.171266">
      </trkpt>
      <trkpt lat="28.7921957" lon="78.1700084">
      </trkpt>
      <trkpt lat="28.7885653" lon="78.1681352">
      </trkpt>
      <trkpt lat="28.7809663" lon="78.1641147">
      </trkpt>
      <trkpt lat="28.7786788" lon="78.1628362">
      </trkpt>
      <trkpt lat="28.7775362" lon="78.1620047">
      </trkpt>
      <trkpt lat="28.7764617" lon="78.1610675">
      </trkpt>
      <trkpt lat="28.7747386" lon="78.1591187">
      </trkpt>
      <trkpt lat="28.7731379" lon="78.1569829">
      </trkpt>
      <trkpt lat="28.7710348" lon="78.1542221">
      </trkpt>
      <trkpt lat="28.7693134" lon="78.1520308">
      </trkpt>
      <trkpt lat="28.7675069" lon="78.1499911">
      </trkpt>
      <trkpt lat="28.7670068" lon="78.1493909">
      </trkpt>
      <trkpt lat="28.7657046" lon="78.1477851">
      </trkpt>
      <trkpt lat="28.7614603" lon="78.1422848">
      </trkpt>
      <trkpt lat="28.7610813" lon="78.1418148">
      </trkpt>
      <trkpt lat="28.7606635" lon="78.1412593">
      </trkpt>
      <trkpt lat="28.760309" lon="78.1407185">
      </trkpt>
      <trkpt lat="28.759941" lon="78.1400659">
      </trkpt>
      <trkpt lat="28.7596517" lon="78.1394476">
      </trkpt>
      <trkpt lat="28.7593807" lon="78.1386512">
      </trkpt>
      <trkpt lat="28.7592061" lon="78.1379492">
      </trkpt>
      <trkpt lat="28.7591371" lon="78.1375687">
      </trkpt>
      <trkpt lat="28.7590718" lon="78.1369139">
      </trkpt>
      <trkpt lat="28.7590537" lon="78.1363373">
      </trkpt>
      <trkpt lat="28.7590938" lon="78.1356584">
      </trkpt>
      <trkpt lat="28.7591694" lon="78.135057">
      </trkpt>
      <trkpt lat="28.7592726" lon="78.1345452">
      </trkpt>
      <trkpt lat="28.7594036" lon="78.1340354">
      </trkpt>
      <trkpt lat="28.7597114" lon="78.1331499">
      </trkpt>
      <trkpt lat="28.7601539" lon="78.131902">
      </trkpt>
      <trkpt lat="28.7703146" lon="78.1046404">
      </trkpt>
      <trkpt lat="28.7766163" lon="78.0876064">
      </trkpt>
      <trkpt lat="28.7770615" lon="78.0863084">
      </trkpt>
      <trkpt lat="28.7795834" lon="78.0794566">
      </trkpt>
      <trkpt lat="28.780668" lon="78.0765098">
      </trkpt>
      <trkpt lat="28.7840227" lon="78.0675277">
      </trkpt>
      <trkpt lat="28.7844586" lon="78.0663398">
      </trkpt>
      <trkpt lat="28.7849317" lon="78.064878">
      </trkpt>
      <trkpt lat="28.7851268" lon="78.0642503">
      </trkpt>
      <trkpt lat="28.7852702" lon="78.0636254">
      </trkpt>
      <trkpt lat="28.7853936" lon="78.0628904">
      </trkpt>
      <trkpt lat="28.7854371" lon="78.062464">
      </trkpt>
      <trkpt lat="28.7854677" lon="78.0619758">
      </trkpt>
      <trkpt lat="28.7854771" lon="78.0612114">
      </trkpt>
      <trkpt lat="28.7853901" lon="78.0602378">
      </trkpt>
      <trkpt lat="28.7853078" lon="78.0597845">
      </trkpt>
      <trkpt lat="28.7851527" lon="78.0590817">
      </trkpt>
      <trkpt lat="28.7847624" lon="78.0576226">
      </trkpt>
      <trkpt lat="28.7847377" lon="78.0575304">
      </trkpt>
      <trkpt lat="28.7843733" lon="78.0561718">
      </trkpt>
      <trkpt lat="28.7842265" lon="78.0556244">
      </trkpt>
      <trkpt lat="28.7839426" lon="78.0545498">
      </trkpt>
      <trkpt lat="28.7839044" lon="78.0544053">
      </trkpt>
      <trkpt lat="28.7825428" lon="78.0493868">
      </trkpt>
      <trkpt lat="28.7807722" lon="78.0427117">
      </trkpt>
      <trkpt lat="28.7803055" lon="78.0408456">
      </trkpt>
      <trkpt lat="28.7740185" lon="78.0174117">
      </trkpt>
      <trkpt lat="28.7712812" lon="78.0071761">
      </trkpt>
      <trkpt lat="28.769068" lon="77.998925">
      </trkpt>
      <trkpt lat="28.7689042" lon="77.9982851">
      </trkpt>
      <trkpt lat="28.7674703" lon="77.9929511">
      </trkpt>
      <trkpt lat="28.7670877" lon="77.9915276">
      </trkpt>
      <trkpt lat="28.7670178" lon="77.9912604">
      </trkpt>
      <trkpt lat="28.7669086" lon="77.9908361">
      </trkpt>
      <trkpt lat="28.766844" lon="77.9905949">
      </trkpt>
      <trkpt lat="28.7651622" lon="77.9843087">
      </trkpt>
      <trkpt lat="28.764125" lon="77.9804463">
      </trkpt>
      <trkpt lat="28.7640599" lon="77.9802036">
      </trkpt>
      <trkpt lat="28.7640299" lon="77.9800714">
      </trkpt>
      <trkpt lat="28.7637677" lon="77.9791035">
      </trkpt>
      <trkpt lat="28.763357" lon="77.9775621">
      </trkpt>
      <trkpt lat="28.7595261" lon="77.9622935">
      </trkpt>
      <trkpt lat="28.7570783" lon="77.9520857">
      </trkpt>
      <trkpt lat="28.7565422" lon="77.94994">
      </trkpt>
      <trkpt lat="28.7550371" lon="77.9437866">
      </trkpt>
      <trkpt lat="28.7542519" lon="77.9408902">
      </trkpt>
      <trkpt lat="28.7513271" lon="77.9300393">
      </trkpt>
      <trkpt lat="28.748294" lon="77.918816">
      </trkpt>
      <trkpt lat="28.7477133" lon="77.9165637">
      </trkpt>
      <trkpt lat="28.7474841" lon="77.9156291">
      </trkpt>
      <trkpt lat="28.7467935" lon="77.9129253">
      </trkpt>
      <trkpt lat="28.7466329" lon="77.911976">
      </trkpt>
      <trkpt lat="28.7464189" lon="77.9106992">
      </trkpt>
      <trkpt lat="28.7462185" lon="77.9085773">
      </trkpt>
      <trkpt lat="28.7460626" lon="77.9064801">
      </trkpt>
      <trkpt lat="28.7460355" lon="77.904337">
      </trkpt>
      <trkpt lat="28.7461664" lon="77.9000699">
      </trkpt>
      <trkpt lat="28.7463754" lon="77.8936935">
      </trkpt>
      <trkpt lat="28.746503" lon="77.890157">
      </trkpt>
      <trkpt lat="28.7465235" lon="77.8895594">
      </trkpt>
      <trkpt lat="28.7466223" lon="77.885516">
      </trkpt>
      <trkpt lat="28.746784" lon="77.8799643">
      </trkpt>
      <trkpt lat="28.7470879" lon="77.8703043">
      </trkpt>
      <trkpt lat="28.7475348" lon="77.8570336">
      </trkpt>
      <trkpt lat="28.7477769" lon="77.8490245">
      </trkpt>
      <trkpt lat="28.7477863" lon="77.8485046">
      </trkpt>
      <trkpt lat="28.7478034" lon="77.8481307">
      </trkpt>
      <trkpt lat="28.7478381" lon="77.8471819">
      </trkpt>
      <trkpt lat="28.7478322" lon="77.8466977">
      </trkpt>
      <trkpt lat="28.7477946" lon="77.8459722">
      </trkpt>
      <trkpt lat="28.7477335" lon="77.8452426">
      </trkpt>
      <trkpt lat="28.7476724" lon="77.8446301">
      </trkpt>
      <trkpt lat="28.7468658" lon="77.8396949">
      </trkpt>
      <trkpt lat="28.7466907" lon="77.838589">
      </trkpt>
      <trkpt lat="28.7462513" lon="77.8358139">
      </trkpt>
      <trkpt lat="28.7461688" lon="77.8352719">
      </trkpt>
      <trkpt lat="28.7460282" lon="77.8343387">
      </trkpt>
      <trkpt lat="28.7459427" lon="77.8336367">
      </trkpt>
      <trkpt lat="28.7458721" lon="77.8326041">
      </trkpt>
      <trkpt lat="28.7458979" lon="77.8318544">
      </trkpt>
      <trkpt lat="28.746065" lon="77.8306648">
      </trkpt>
      <trkpt lat="28.7462246" lon="77.8299387">
      </trkpt>
      <trkpt lat="28.746384" lon="77.8291533">
      </trkpt>
      <trkpt lat="28.7468098" lon="77.8271836">
      </trkpt>
      <trkpt lat="28.7471787" lon="77.8252682">
      </trkpt>
      <trkpt lat="28.7473368" lon="77.8240611">
      </trkpt>
      <trkpt lat="28.7473789" lon="77.8237397">
      </trkpt>
      <trkpt lat="28.7475788" lon="77.8218541">
      </trkpt>
      <trkpt lat="28.747666" lon="77.8199348">
      </trkpt>
      <trkpt lat="28.7476729" lon="77.8181526">
      </trkpt>
      <trkpt lat="28.747513" lon="77.8152451">
      </trkpt>
      <trkpt lat="28.7473078" lon="77.8133668">
      </trkpt>
      <trkpt lat="28.7470756" lon="77.8118318">
      </trkpt>
      <trkpt lat="28.746264" lon="77.80796">
      </trkpt>
      <trkpt lat="28.7443131" lon="77.7998056">
      </trkpt>
      <trkpt lat="28.7429418" lon="77.7940553">
      </trkpt>
      <trkpt lat="28.7428599" lon="77.793557">
      </trkpt>
      <trkpt lat="28.7415626" lon="77.7881367">
      </trkpt>
      <trkpt lat="28.7413242" lon="77.7871406">
      </trkpt>
      <trkpt lat="28.7412878" lon="77.7869883">
      </trkpt>
      <trkpt lat="28.7410666" lon="77.7860643">
      </trkpt>
      <trkpt lat="28.7410423" lon="77.7859594">
      </trkpt>
      <trkpt lat="28.7407031" lon="77.784545">
      </trkpt>
      <trkpt lat="28.7385304" lon="77.7753656">
      </trkpt>
      <trkpt lat="28.7384664" lon="77.7750958">
      </trkpt>
      <trkpt lat="28.7376248" lon="77.77155">
      </trkpt>
      <trkpt lat="28.7375865" lon="77.7713885">
      </trkpt>
      <trkpt lat="28.7362527" lon="77.7657572">
      </trkpt>
      <trkpt lat="28.7358019" lon="77.7639176">
      </trkpt>
      <trkpt lat="28.7349893" lon="77.7605094">
      </trkpt>
      <trkpt lat="28.7349109" lon="77.7601804">
      </trkpt>
      <trkpt lat="28.7314277" lon="77.7479912">
      </trkpt>
      <trkpt lat="28.7313123" lon="77.7475981">
      </trkpt>
      <trkpt lat="28.7292937" lon="77.7406084">
      </trkpt>
      <trkpt lat="28.7279192" lon="77.7358194">
      </trkpt>
      <trkpt lat="28.7255041" lon="77.727408">
      </trkpt>
      <trkpt lat="28.7218323" lon="77.7146126">
      </trkpt>
      <trkpt lat="28.7210733" lon="77.7120101">
      </trkpt>
      <trkpt lat="28.7209567" lon="77.7116023">
      </trkpt>
      <trkpt lat="28.7205776" lon="77.7102682">
      </trkpt>
      <trkpt lat="28.7202913" lon="77.7090166">
      </trkpt>
      <trkpt lat="28.7200786" lon="77.7079821">
      </trkpt>
      <trkpt lat="28.7190218" lon="77.7024739">
      </trkpt>
      <trkpt lat="28.7185597" lon="77.7000208">
      </trkpt>
      <trkpt lat="28.7179292" lon="77.6966827">
      </trkpt>
      <trkpt lat="28.717842" lon="77.6962198">
      </trkpt>
      <trkpt lat="28.7162895" lon="77.6885146">
      </trkpt>
      <trkpt lat="28.7136474" lon="77.6747453">
      </trkpt>
      <trkpt lat="28.7133381" lon="77.6731362">
      </trkpt>
      <trkpt lat="28.7124217" lon="77.6683861">
      </trkpt>
      <trkpt lat="28.7116508" lon="77.6643262">
      </trkpt>
      <trkpt lat="28.7116153" lon="77.6641544">
      </trkpt>
      <trkpt lat="28.7114383" lon="77.6632958">
      </trkpt>
      <trkpt lat="28.711236" lon="77.6622584">
      </trkpt>
      <trkpt lat="28.7110829" lon="77.6614732">
      </trkpt>
      <trkpt lat="28.7097726" lon="77.6547534">
      </trkpt>
      <trkpt lat="28.7087747" lon="77.64955">
      </trkpt>
      <trkpt lat="28.708737" lon="77.6492801">
      </trkpt>
      <trkpt lat="28.7071496" lon="77.6413135">
      </trkpt>
      <trkpt lat="28.7068414" lon="77.6396257">
      </trkpt>
      <trkpt lat="28.7065168" lon="77.6376731">
      </trkpt>
      <trkpt lat="28.7060727" lon="77.6337992">
      </trkpt>
      <trkpt lat="28.7045635" lon="77.6198576">
      </trkpt>
      <trkpt lat="28.7044008" lon="77.6183722">
      </trkpt>
      <trkpt lat="28.704356" lon="77.6182878">
      </trkpt>
      <trkpt lat="28.7032455" lon="77.6080436">
      </trkpt>
      <trkpt lat="28.7032323" lon="77.6079152">
      </trkpt>
      <trkpt lat="28.7028911" lon="77.6048429">
      </trkpt>
      <trkpt lat="28.7028685" lon="77.6046198">
      </trkpt>
      <trkpt lat="28.7023717" lon="77.6001222">
      </trkpt>
      <trkpt lat="28.7018909" lon="77.5956281">
      </trkpt>
      <trkpt lat="28.7017628" lon="77.5944347">
      </trkpt>
      <trkpt lat="28.7004902" lon="77.5822662">
      </trkpt>
      <trkpt lat="28.7004676" lon="77.5820579">
      </trkpt>
      <trkpt lat="28.6985314" lon="77.5643125">
      </trkpt>
      <trkpt lat="28.6982946" lon="77.5620683">
      </trkpt>
      <trkpt lat="28.6981731" lon="77.5611079">
      </trkpt>
      <trkpt lat="28.6980675" lon="77.5604274">
      </trkpt>
      <trkpt lat="28.6979367" lon="77.5597268">
      </trkpt>
      <trkpt lat="28.6978348" lon="77.5592653">
      </trkpt>
      <trkpt lat="28.6976955" lon="77.5586982">
      </trkpt>
      <trkpt lat="28.6975085" lon="77.558029">
      </trkpt>
      <trkpt lat="28.6973661" lon="77.5575948">
      </trkpt>
      <trkpt lat="28.6971601" lon="77.5570123">
      </trkpt>
      <trkpt lat="28.6968838" lon="77.5562882">
      </trkpt>
      <trkpt lat="28.6966203" lon="77.555623">
      </trkpt>
      <trkpt lat="28.6960578" lon="77.5541878">
      </trkpt>
      <trkpt lat="28.6958002" lon="77.5535155">
      </trkpt>
      <trkpt lat="28.6953044" lon="77.5523194">
      </trkpt>
      <trkpt lat="28.6950316" lon="77.5515753">
      </trkpt>
      <trkpt lat="28.6948804" lon="77.5510901">
      </trkpt>
      <trkpt lat="28.6948274" lon="77.5509184">
      </trkpt>
      <trkpt lat="28.6946905" lon="77.550408">
      </trkpt>
      <trkpt lat="28.6945108" lon="77.5495684">
      </trkpt>
      <trkpt lat="28.6943472" lon="77.5488419">
      </trkpt>
      <trkpt lat="28.6942264" lon="77.5483181">
      </trkpt>
      <trkpt lat="28.6941146" lon="77.5477722">
      </trkpt>
      <trkpt lat="28.6940005" lon="77.5471473">
      </trkpt>
      <trkpt lat="28.6928064" lon="77.5403109">
      </trkpt>
      <trkpt lat="28.6925637" lon="77.5389083">
      </trkpt>
      <trkpt lat="28.6925449" lon="77.5387896">
      </trkpt>
      <trkpt lat="28.6923456" lon="77.5376613">
      </trkpt>
      <trkpt lat="28.6918461" lon="77.5347973">
      </trkpt>
      <trkpt lat="28.6901197" lon="77.5250311">
      </trkpt>
      <trkpt lat="28.6901054" lon="77.5249354">
      </trkpt>
      <trkpt lat="28.6898466" lon="77.5234778">
      </trkpt>
      <trkpt lat="28.6896614" lon="77.5224118">
      </trkpt>
      <trkpt lat="28.6896131" lon="77.5221514">
      </trkpt>
      <trkpt lat="28.6895408" lon="77.5218232">
      </trkpt>
      <trkpt lat="28.6894218" lon="77.5213189">
      </trkpt>
      <trkpt lat="28.6893264" lon="77.5209359">
      </trkpt>
      <trkpt lat="28.6891959" lon="77.5204808">
      </trkpt>
      <trkpt lat="28.6890577" lon="77.5200317">
      </trkpt>
      <trkpt lat="28.6888724" lon="77.5194964">
      </trkpt>
      <trkpt lat="28.6886547" lon="77.5189358">
      </trkpt>
      <trkpt lat="28.6884387" lon="77.5184143">
      </trkpt>
      <trkpt lat="28.6854779" lon="77.511532">
      </trkpt>
      <trkpt lat="28.6847817" lon="77.5098793">
      </trkpt>
      <trkpt lat="28.6845588" lon="77.5093925">
      </trkpt>
      <trkpt lat="28.68273" lon="77.5058278">
      </trkpt>
      <trkpt lat="28.6783954" lon="77.497427">
      </trkpt>
      <trkpt lat="28.6760793" lon="77.492981">
      </trkpt>
      <trkpt lat="28.6667529" lon="77.474642">
      </trkpt>
      <trkpt lat="28.6649926" lon="77.4712857">
      </trkpt>
      <trkpt lat="28.6642018" lon="77.4697944">
      </trkpt>
      <trkpt lat="28.6633357" lon="77.4683353">
      </trkpt>
      <trkpt lat="28.6624319" lon="77.4671337">
      </trkpt>
      <trkpt lat="28.6611907" lon="77.4655687">
      </trkpt>
      <trkpt lat="28.6606416" lon="77.4648783">
      </trkpt>
      <trkpt lat="28.6572164" lon="77.46075">
      </trkpt>
      <trkpt lat="28.6525077" lon="77.4550677">
      </trkpt>
      <trkpt lat="28.6523354" lon="77.4548632">
      </trkpt>
      <trkpt lat="28.6486817" lon="77.450445">
      </trkpt>
      <trkpt lat="28.6458712" lon="77.4470815">
      </trkpt>
      <trkpt lat="28.6454922" lon="77.4465906">
      </trkpt>
      <trkpt lat="28.6451062" lon="77.4460917">
      </trkpt>
      <trkpt lat="28.644706" lon="77.4454668">
      </trkpt>
      <trkpt lat="28.644493" lon="77.4450618">
      </trkpt>
      <trkpt lat="28.6443088" lon="77.444644">
      </trkpt>
      <trkpt lat="28.6441505" lon="77.4441928">
      </trkpt>
      <trkpt lat="28.6440617" lon="77.4438648">
      </trkpt>
      <trkpt lat="28.6439833" lon="77.4434954">
      </trkpt>
      <trkpt lat="28.6439251" lon="77.4431191">
      </trkpt>
      <trkpt lat="28.643881" lon="77.4427149">
      </trkpt>
      <trkpt lat="28.643858" lon="77.4422997">
      </trkpt>
      <trkpt lat="28.6438663" lon="77.4418384">
      </trkpt>
      <trkpt lat="28.6439045" lon="77.4409928">
      </trkpt>
      <trkpt lat="28.6439539" lon="77.4405758">
      </trkpt>
      <trkpt lat="28.6439922" lon="77.4403672">
      </trkpt>
      <trkpt lat="28.6440421" lon="77.4401789">
      </trkpt>
      <trkpt lat="28.6441134" lon="77.4399716">
      </trkpt>
      <trkpt lat="28.6442058" lon="77.4397523">
      </trkpt>
      <trkpt lat="28.6442994" lon="77.4395706">
      </trkpt>
      <trkpt lat="28.6444041" lon="77.4393976">
      </trkpt>
      <trkpt lat="28.6445995" lon="77.4391201">
      </trkpt>
      <trkpt lat="28.6446783" lon="77.4390262">
      </trkpt>
      <trkpt lat="28.6450875" lon="77.4385073">
      </trkpt>
      <trkpt lat="28.6453887" lon="77.4381224">
      </trkpt>
      <trkpt lat="28.6461432" lon="77.4371759">
      </trkpt>
      <trkpt lat="28.6499661" lon="77.4322737">
      </trkpt>
      <trkpt lat="28.6501864" lon="77.4319921">
      </trkpt>
      <trkpt lat="28.6503676" lon="77.4317764">
      </trkpt>
      <trkpt lat="28.6512645" lon="77.4306039">
      </trkpt>
      <trkpt lat="28.6512731" lon="77.430593">
      </trkpt>
      <trkpt lat="28.6542994" lon="77.4267515">
      </trkpt>
      <trkpt lat="28.6542667" lon="77.4267188">
      </trkpt>
      <trkpt lat="28.6552636" lon="77.4254707">
      </trkpt>
      <trkpt lat="28.6560684" lon="77.4244429">
      </trkpt>
      <trkpt lat="28.6563895" lon="77.4240323">
      </trkpt>
      <trkpt lat="28.6566074" lon="77.4237535">
      </trkpt>
      <trkpt lat="28.6570229" lon="77.4232399">
      </trkpt>
      <trkpt lat="28.6577572" lon="77.4223038">
      </trkpt>
      <trkpt lat="28.6581244" lon="77.4218371">
      </trkpt>
      <trkpt lat="28.6586022" lon="77.4212175">
      </trkpt>
      <trkpt lat="28.6591356" lon="77.420543">
      </trkpt>
      <trkpt lat="28.6596213" lon="77.4198456">
      </trkpt>
      <trkpt lat="28.6599718" lon="77.4193585">
      </trkpt>
      <trkpt lat="28.6602214" lon="77.4189551">
      </trkpt>
      <trkpt lat="28.6607416" lon="77.4180968">
      </trkpt>
      <trkpt lat="28.6610104" lon="77.4176274">
      </trkpt>
      <trkpt lat="28.6610256" lon="77.4176008">
      </trkpt>
      <trkpt lat="28.6613107" lon="77.417063">
      </trkpt>
      <trkpt lat="28.6617654" lon="77.4161334">
      </trkpt>
      <trkpt lat="28.6622196" lon="77.4151128">
      </trkpt>
      <trkpt lat="28.6626174" lon="77.4140668">
      </trkpt>
      <trkpt lat="28.6629939" lon="77.4129885">
      </trkpt>
      <trkpt lat="28.6632622" lon="77.4120766">
      </trkpt>
      <trkpt lat="28.6635282" lon="77.4111311">
      </trkpt>
      <trkpt lat="28.6647685" lon="77.4065526">
      </trkpt>
      <trkpt lat="28.6651026" lon="77.4053376">
      </trkpt>
      <trkpt lat="28.6658525" lon="77.4024581">
      </trkpt>
      <trkpt lat="28.6662103" lon="77.4011063">
      </trkpt>
      <trkpt lat="28.6667003" lon="77.3993346">
      </trkpt>
      <trkpt lat="28.6672698" lon="77.3972203">
      </trkpt>
      <trkpt lat="28.6675356" lon="77.3962182">
      </trkpt>
      <trkpt lat="28.6680238" lon="77.3943597">
      </trkpt>
      <trkpt lat="28.6683126" lon="77.3931878">
      </trkpt>
      <trkpt lat="28.6686779" lon="77.3917084">
      </trkpt>
      <trkpt lat="28.6694688" lon="77.3886973">
      </trkpt>
      <trkpt lat="28.6699309" lon="77.3869366">
      </trkpt>
      <trkpt lat="28.6708744" lon="77.383387">
      </trkpt>
      <trkpt lat="28.6714018" lon="77.3813845">
      </trkpt>
      <trkpt lat="28.671946" lon="77.3794057">
      </trkpt>
      <trkpt lat="28.6722018" lon="77.3784761">
      </trkpt>
      <trkpt lat="28.6725161" lon="77.3771512">
      </trkpt>
      <trkpt lat="28.672726" lon="77.3762088">
      </trkpt>
      <trkpt lat="28.6729958" lon="77.374803">
      </trkpt>
      <trkpt lat="28.6731318" lon="77.3740243">
      </trkpt>
      <trkpt lat="28.6732346" lon="77.3733195">
      </trkpt>
      <trkpt lat="28.6735251" lon="77.3713832">
      </trkpt>
      <trkpt lat="28.6735868" lon="77.3708405">
      </trkpt>
      <trkpt lat="28.6736095" lon="77.3706954">
      </trkpt>
      <trkpt lat="28.6736713" lon="77.3701919">
      </trkpt>
      <trkpt lat="28.6737064" lon="77.3698449">
      </trkpt>
      <trkpt lat="28.6737736" lon="77.3690487">
      </trkpt>
      <trkpt lat="28.673848" lon="77.3681453">
      </trkpt>
      <trkpt lat="28.6739232" lon="77.3670718">
      </trkpt>
      <trkpt lat="28.6740004" lon="77.3650494">
      </trkpt>
      <trkpt lat="28.6739668" lon="77.361877">
      </trkpt>
      <trkpt lat="28.6739588" lon="77.3612487">
      </trkpt>
      <trkpt lat="28.6739343" lon="77.3596665">
      </trkpt>
      <trkpt lat="28.6739133" lon="77.3583214">
      </trkpt>
      <trkpt lat="28.6738923" lon="77.3570741">
      </trkpt>
      <trkpt lat="28.6738827" lon="77.3567206">
      </trkpt>
      <trkpt lat="28.6738596" lon="77.356369">
      </trkpt>
      <trkpt lat="28.6738135" lon="77.356008">
      </trkpt>
      <trkpt lat="28.6734899" lon="77.3542341">
      </trkpt>
      <trkpt lat="28.6728374" lon="77.3507543">
      </trkpt>
      <trkpt lat="28.6725033" lon="77.3489337">
      </trkpt>
      <trkpt lat="28.6721598" lon="77.3471488">
      </trkpt>
      <trkpt lat="28.6718499" lon="77.3454423">
      </trkpt>
      <trkpt lat="28.6718102" lon="77.3452117">
      </trkpt>
      <trkpt lat="28.6717581" lon="77.3448451">
      </trkpt>
      <trkpt lat="28.6717366" lon="77.3445529">
      </trkpt>
      <trkpt lat="28.6717242" lon="77.3440644">
      </trkpt>
      <trkpt lat="28.6717511" lon="77.3435857">
      </trkpt>
      <trkpt lat="28.671811" lon="77.3431522">
      </trkpt>
      <trkpt lat="28.6719097" lon="77.3426764">
      </trkpt>
      <trkpt lat="28.671941" lon="77.3425542">
      </trkpt>
      <trkpt lat="28.6719997" lon="77.342325">
      </trkpt>
      <trkpt lat="28.672133" lon="77.3419432">
      </trkpt>
      <trkpt lat="28.6722874" lon="77.3415722">
      </trkpt>
      <trkpt lat="28.6724367" lon="77.3412204">
      </trkpt>
      <trkpt lat="28.6724683" lon="77.3411458">
      </trkpt>
      <trkpt lat="28.6726489" lon="77.3407581">
      </trkpt>
      <trkpt lat="28.6729478" lon="77.3401258">
      </trkpt>
      <trkpt lat="28.6731108" lon="77.3397386">
      </trkpt>
      <trkpt lat="28.6732297" lon="77.3393889">
      </trkpt>
      <trkpt lat="28.6733225" lon="77.3391192">
      </trkpt>
      <trkpt lat="28.673429" lon="77.3387076">
      </trkpt>
      <trkpt lat="28.6735071" lon="77.3382791">
      </trkpt>
      <trkpt lat="28.6735478" lon="77.3379346">
      </trkpt>
      <trkpt lat="28.6735705" lon="77.3374726">
      </trkpt>
      <trkpt lat="28.6735728" lon="77.3369396">
      </trkpt>
      <trkpt lat="28.6735685" lon="77.3366538">
      </trkpt>
      <trkpt lat="28.6735648" lon="77.3364102">
      </trkpt>
      <trkpt lat="28.6735626" lon="77.3362604">
      </trkpt>
      <trkpt lat="28.6735468" lon="77.3352095">
      </trkpt>
      <trkpt lat="28.6735448" lon="77.3349583">
      </trkpt>
      <trkpt lat="28.6735309" lon="77.3332437">
      </trkpt>
      <trkpt lat="28.6734969" lon="77.3315944">
      </trkpt>
      <trkpt lat="28.6734663" lon="77.3296174">
      </trkpt>
      <trkpt lat="28.6734392" lon="77.3276069">
      </trkpt>
      <trkpt lat="28.6734052" lon="77.3255653">
      </trkpt>
      <trkpt lat="28.6734131" lon="77.3248814">
      </trkpt>
      <trkpt lat="28.6734278" lon="77.3240387">
      </trkpt>
      <trkpt lat="28.6734055" lon="77.32267">
      </trkpt>
      <trkpt lat="28.6734072" lon="77.3224158">
      </trkpt>
      <trkpt lat="28.6733749" lon="77.3208922">
      </trkpt>
      <trkpt lat="28.6733196" lon="77.3174802">
      </trkpt>
      <trkpt lat="28.6733115" lon="77.3156063">
      </trkpt>
      <trkpt lat="28.6732881" lon="77.3128568">
      </trkpt>
      <trkpt lat="28.6732825" lon="77.3125459">
      </trkpt>
      <trkpt lat="28.6732134" lon="77.3087088">
      </trkpt>
      <trkpt lat="28.6731383" lon="77.3045309">
      </trkpt>
      <trkpt lat="28.6731317" lon="77.3040857">
      </trkpt>
      <trkpt lat="28.6731265" lon="77.3036406">
      </trkpt>
      <trkpt lat="28.6729874" lon="77.2949602">
      </trkpt>
      <trkpt lat="28.6729485" lon="77.292457">
      </trkpt>
      <trkpt lat="28.6728892" lon="77.2886407">
      </trkpt>
      <trkpt lat="28.6728895" lon="77.2884778">
      </trkpt>
      <trkpt lat="28.6728335" lon="77.2872842">
      </trkpt>
      <trkpt lat="28.6727456" lon="77.2859918">
      </trkpt>
      <trkpt lat="28.6726076" lon="77.2848675">
      </trkpt>
      <trkpt lat="28.6724317" lon="77.283705">
      </trkpt>
      <trkpt lat="28.6719269" lon="77.2807354">
      </trkpt>
      <trkpt lat="28.6718219" lon="77.2801174">
      </trkpt>
      <trkpt lat="28.6708765" lon="77.2746284">
      </trkpt>
      <trkpt lat="28.6704257" lon="77.2720218">
      </trkpt>
      <trkpt lat="28.6701364" lon="77.2702788">
      </trkpt>
      <trkpt lat="28.6700309" lon="77.2696993">
      </trkpt>
      <trkpt lat="28.6693568" lon="77.2656586">
      </trkpt>
      <trkpt lat="28.6691058" lon="77.2642815">
      </trkpt>
      <trkpt lat="28.6689105" lon="77.2632033">
      </trkpt>
      <trkpt lat="28.6685947" lon="77.2618525">
      </trkpt>
      <trkpt lat="28.6683086" lon="77.2608241">
      </trkpt>
      <trkpt lat="28.6678844" lon="77.2594643">
      </trkpt>
      <trkpt lat="28.6674278" lon="77.2581875">
      </trkpt>
      <trkpt lat="28.6670147" lon="77.2571613">
      </trkpt>
      <trkpt lat="28.6664715" lon="77.2558163">
      </trkpt>
      <trkpt lat="28.6658241" lon="77.2541396">
      </trkpt>
      <trkpt lat="28.6657148" lon="77.253868">
      </trkpt>
      <trkpt lat="28.6653461" lon="77.2529557">
      </trkpt>
      <trkpt lat="28.6653" lon="77.2528412">
      </trkpt>
      <trkpt lat="28.6652003" lon="77.2526045">
      </trkpt>
      <trkpt lat="28.6648528" lon="77.2517369">
      </trkpt>
      <trkpt lat="28.6635365" lon="77.2486264">
      </trkpt>
      <trkpt lat="28.662" lon="77.2448031">
      </trkpt>
      <trkpt lat="28.6619009" lon="77.2445656">
      </trkpt>
      <trkpt lat="28.6617642" lon="77.2442379">
      </trkpt>
      <trkpt lat="28.6616461" lon="77.2439546">
      </trkpt>
      <trkpt lat="28.6615976" lon="77.2438383">
      </trkpt>
      <trkpt lat="28.6613285" lon="77.2431931">
      </trkpt>
      <trkpt lat="28.6609155" lon="77.2421692">
      </trkpt>
      <trkpt lat="28.6607807" lon="77.2417629">
      </trkpt>
      <trkpt lat="28.6607003" lon="77.2414433">
      </trkpt>
      <trkpt lat="28.6606053" lon="77.2409343">
      </trkpt>
      <trkpt lat="28.6605665" lon="77.2404814">
      </trkpt>
      <trkpt lat="28.6605684" lon="77.2403621">
      </trkpt>
      <trkpt lat="28.6605714" lon="77.2401787">
      </trkpt>
      <trkpt lat="28.6605801" lon="77.2396463">
      </trkpt>
      <trkpt lat="28.6606263" lon="77.2388917">
      </trkpt>
      <trkpt lat="28.6606527" lon="77.238472">
      </trkpt>
      <trkpt lat="28.6606746" lon="77.2380285">
      </trkpt>
      <trkpt lat="28.6606933" lon="77.2375796">
      </trkpt>
      <trkpt lat="28.660738" lon="77.2366012">
      </trkpt>
      <trkpt lat="28.6607574" lon="77.236255">
      </trkpt>
      <trkpt lat="28.6607844" lon="77.2357735">
      </trkpt>
      <trkpt lat="28.66081" lon="77.2356218">
      </trkpt>
      <trkpt lat="28.6608467" lon="77.2354136">
      </trkpt>
      <trkpt lat="28.660883" lon="77.2351198">
      </trkpt>
      <trkpt lat="28.6609487" lon="77.2347124">
      </trkpt>
      <trkpt lat="28.6610002" lon="77.2343476">
      </trkpt>
      <trkpt lat="28.6610138" lon="77.234242">
      </trkpt>
      <trkpt lat="28.6610179" lon="77.2341877">
      </trkpt>
      <trkpt lat="28.6610476" lon="77.2338588">
      </trkpt>
      <trkpt lat="28.6611003" lon="77.2328145">
      </trkpt>
      <trkpt lat="28.6611598" lon="77.2324396">
      </trkpt>
      <trkpt lat="28.6611826" lon="77.2323166">
      </trkpt>
      <trkpt lat="28.6612947" lon="77.2316419">
      </trkpt>
      <trkpt lat="28.6613067" lon="77.2315301">
      </trkpt>
      <trkpt lat="28.6613233" lon="77.2312175">
      </trkpt>
      <trkpt lat="28.6613513" lon="77.2306553">
      </trkpt>
      <trkpt lat="28.6614305" lon="77.2290838">
      </trkpt>
      <trkpt lat="28.6615776" lon="77.2260331">
      </trkpt>
      <trkpt lat="28.661658" lon="77.2243655">
      </trkpt>
      <trkpt lat="28.6616733" lon="77.22403">
      </trkpt>
      <trkpt lat="28.6616798" lon="77.2239422">
      </trkpt>
      <trkpt lat="28.6617299" lon="77.2235614">
      </trkpt>
      <trkpt lat="28.6617563" lon="77.2232308">
      </trkpt>
      <trkpt lat="28.6617849" lon="77.2230433">
      </trkpt>
      <trkpt lat="28.6618547" lon="77.222788">
      </trkpt>
      <trkpt lat="28.661929" lon="77.2225948">
      </trkpt>
      <trkpt lat="28.6620531" lon="77.2222648">
      </trkpt>
      <trkpt lat="28.6620988" lon="77.2221603">
      </trkpt>
      <trkpt lat="28.6621666" lon="77.2220086">
      </trkpt>
      <trkpt lat="28.6622317" lon="77.2218487">
      </trkpt>
      <trkpt lat="28.662343" lon="77.2215553">
      </trkpt>
      <trkpt lat="28.6624375" lon="77.2210778">
      </trkpt>
      <trkpt lat="28.6624902" lon="77.2208928">
      </trkpt>
      <trkpt lat="28.6626403" lon="77.2203357">
      </trkpt>
      <trkpt lat="28.6626785" lon="77.2201268">
      </trkpt>
      <trkpt lat="28.662699" lon="77.2199253">
      </trkpt>
      <trkpt lat="28.6626963" lon="77.2197935">
      </trkpt>
      <trkpt lat="28.6626705" lon="77.2194846">
      </trkpt>
      <trkpt lat="28.6626394" lon="77.2191865">
      </trkpt>
      <trkpt lat="28.662588" lon="77.218938">
      </trkpt>
      <trkpt lat="28.6624933" lon="77.2186489">
      </trkpt>
      <trkpt lat="28.6623769" lon="77.2183701">
      </trkpt>
      <trkpt lat="28.6622098" lon="77.2180027">
      </trkpt>
      <trkpt lat="28.6620713" lon="77.2177985">
      </trkpt>
      <trkpt lat="28.6618948" lon="77.217599">
      </trkpt>
      <trkpt lat="28.6617419" lon="77.2174381">
      </trkpt>
      <trkpt lat="28.6614806" lon="77.2172208">
      </trkpt>
      <trkpt lat="28.6612947" lon="77.2171001">
      </trkpt>
      <trkpt lat="28.6609652" lon="77.216958">
      </trkpt>
      <trkpt lat="28.6607698" lon="77.2168963">
      </trkpt>
      <trkpt lat="28.6606051" lon="77.2168614">
      </trkpt>
      <trkpt lat="28.6603533" lon="77.2168265">
      </trkpt>
      <trkpt lat="28.6601061" lon="77.2168185">
      </trkpt>
      <trkpt lat="28.6596449" lon="77.2168708">
      </trkpt>
      <trkpt lat="28.659346" lon="77.2169164">
      </trkpt>
      <trkpt lat="28.6590458" lon="77.2169888">
      </trkpt>
      <trkpt lat="28.6581456" lon="77.2172477">
      </trkpt>
      <trkpt lat="28.6578141" lon="77.2173336">
      </trkpt>
      <trkpt lat="28.6576381" lon="77.2173832">
      </trkpt>
      <trkpt lat="28.6572706" lon="77.2174862">
      </trkpt>
      <trkpt lat="28.6571374" lon="77.2175219">
      </trkpt>
      <trkpt lat="28.6570043" lon="77.2175561">
      </trkpt>
      <trkpt lat="28.6568601" lon="77.2175898">
      </trkpt>
      <trkpt lat="28.6567102" lon="77.2176234">
      </trkpt>
      <trkpt lat="28.6561455" lon="77.2177453">
      </trkpt>
      <trkpt lat="28.6553186" lon="77.2179322">
      </trkpt>
      <trkpt lat="28.6553001" lon="77.2179374">
      </trkpt>
      <trkpt lat="28.6549393" lon="77.2180385">
      </trkpt>
      <trkpt lat="28.6545508" lon="77.2181367">
      </trkpt>
      <trkpt lat="28.6544322" lon="77.2181608">
      </trkpt>
      <trkpt lat="28.6543137" lon="77.2181788">
      </trkpt>
      <trkpt lat="28.6541974" lon="77.2181932">
      </trkpt>
      <trkpt lat="28.6539529" lon="77.2182187">
      </trkpt>
      <trkpt lat="28.6539191" lon="77.2182222">
      </trkpt>
      <trkpt lat="28.653372" lon="77.2182248">
      </trkpt>
      <trkpt lat="28.6531395" lon="77.2182403">
      </trkpt>
      <trkpt lat="28.6529242" lon="77.2182617">
      </trkpt>
      <trkpt lat="28.6528174" lon="77.2182738">
      </trkpt>
      <trkpt lat="28.6527097" lon="77.2182893">
      </trkpt>
      <trkpt lat="28.6525535" lon="77.2183153">
      </trkpt>
      <trkpt lat="28.6522604" lon="77.2183667">
      </trkpt>
      <trkpt lat="28.6520669" lon="77.2184202">
      </trkpt>
      <trkpt lat="28.65188" lon="77.2184751">
      </trkpt>
      <trkpt lat="28.6516282" lon="77.2185552">
      </trkpt>
      <trkpt lat="28.6512943" lon="77.2186872">
      </trkpt>
      <trkpt lat="28.6510543" lon="77.2187944">
      </trkpt>
      <trkpt lat="28.6505542" lon="77.218968">
      </trkpt>
      <trkpt lat="28.6461629" lon="77.2199218">
      </trkpt>
      <trkpt lat="28.6459597" lon="77.2199702">
      </trkpt>
      <trkpt lat="28.6459284" lon="77.2199777">
      </trkpt>
      <trkpt lat="28.6452307" lon="77.2201977">
      </trkpt>
      <trkpt lat="28.6449592" lon="77.2202887">
      </trkpt>
      <trkpt lat="28.6448586" lon="77.2203227">
      </trkpt>
      <trkpt lat="28.6445211" lon="77.2204393">
      </trkpt>
      <trkpt lat="28.644311" lon="77.2205244">
      </trkpt>
    </trkseg>
  </trk>
</gpx>